WORDCOUNTS,WEIGHT
the,344
of,245
to,169
in,130
a,123
i,113
was,103
and,92
that,90
had,86
s,81
his,59
as,52
it,51
by,47
hubert,45
this,44
he,41
which,41
for,39
with,39
is,34
barthes,33
at,32
but,31
not,30
what,30
from,27
on,27
or,26
me,26
first,25
one,25
my,23
an,23
art,23
seminar,19
be,19
have,18
into,17
how,16
been,16
could,15
time,15
if,14
all,14
were,14
would,14
its,13
own,13
about,13
we,13
bauhaus,13
course,13
journal,12
work,12
when,12
two,12
so,12
then,12
text,12
without,11
their,11
most,11
brecht,11
only,11
more,11
after,11
any,11
they,10
year,10
during,10
oxford,10
us,10
new,10
never,10
can,10
did,10
way,9
than,9
no,9
several,9
history,8
other,8
called,8
tough,8
these,8
published,8
love,8
also,8
book,8
model,8
session,8
language,8
years,8
there,7
has,7
such,7
some,7
point,7
against,7
even,7
order,7
read,7
same,7
saussure,7
ever,7
our,7
question,7
mode,7
you,7
du,6
roland,6
say,6
find,6
just,6
followed,6
back,6
out,6
because,6
well,6
pedagogy,6
up,6
bois,6
under,6
russian,6
put,6
many,6
fact,6
learn,6
paris,6
where,6
perhaps,6
essay,6
him,6
today,6
who,6
semiology,6
each,6
them,6
while,6
given,6
upon,6
between,6
much,6
now,5
before,5
being,5
discipline,5
signs,5
system,5
very,5
pleynet,5
semiological,5
structuralist,5
whose,5
main,5
notion,5
architecture,5
short,5
issues,5
like,5
structuralism,5
particularly,5
theory,5
always,5
remember,5
instead,5
am,5
immediately,5
later,4
title,4
test,4
long,4
every,4
desire,4
able,4
last,4
account,4
learned,4
since,4
de,4
old,4
perspective,4
left,4
student,4
rather,4
earlier,4
wanted,4
university,4
pedagogical,4
found,4
knowledge,4
painting,4
le,4
discourse,4
whatever,4
thought,4
exactly,4
end,4
discussed,4
less,4
books,4
made,4
formalist,4
use,4
autobiographical,4
ideas,4
theoretical,4
class,4
become,4
effect,4
la,4
often,4
intellectual,4
thicket,4
par,4
best,4
derrida,4
inquiry,4
historical,4
beginning,4
particular,4
both,4
multiple,4
through,4
writing,4
models,4
early,4
little,4
recent,4
final,3
proposed,3
go,3
does,3
digressions,3
common,3
generous,3
trans,3
told,3
myth,3
english,3
something,3
else,3
might,3
editions,3
producing,3
mind,3
reading,3
issue,3
right,3
felt,3
possible,3
asides,3
swimming,3
topic,3
kind,3
rhythm,3
shall,3
german,3
myself,3
knew,3
feel,3
iconology,3
artistic,3
pau,3
stroke,3
her,3
pointing,3
sentence,3
cannot,3
toulouse,3
memory,3
directly,3
brought,3
apparent,3
approach,3
field,3
plunged,3
realised,3
led,3
second,3
various,3
cloud,3
make,3
strategic,3
once,3
message,3
teaching,3
friedrich,3
similarly,3
appeared,3
took,3
free,3
another,3
nothing,3
students,3
finally,3
started,3
written,3
phagocytosis,3
ago,3
attended,3
she,3
koerner,3
slow,3
school,3
series,3
struck,3
mythologies,3
over,3
literary,3
are,3
down,3
nuage,3
according,3
thirty,3
dream,3
became,3
come,3
devoted,3
speak,3
enterprise,3
pool,3
texts,3
should,3
freud,2
formulated,2
done,2
flow,2
photographic,2
concern,2
resulted,2
introduction,2
alluded,2
group,2
becoming,2
essays,2
word,2
authority,2
completely,2
motive,2
western,2
necessarily,2
perceptive,2
came,2
either,2
certainly,2
originally,2
address,2
seems,2
available,2
governed,2
great,2
peinture,2
narrative,2
link,2
concepts,2
context,2
case,2
modernist,2
attacked,2
key,2
bertolt,2
capacity,2
motion,2
activity,2
axioms,2
conception,2
scandal,2
himself,2
analyse,2
central,2
thus,2
throughout,2
kicked,2
however,2
immediate,2
nazi,2
moment,2
grouped,2
expected,2
turn,2
david,2
contrary,2
young,2
spite,2
critique,2
traditions,2
occasion,2
general,2
marx,2
posited,2
goering,2
l,2
presentation,2
process,2
enseignement,2
heard,2
importance,2
certain,2
generally,2
form,2
rules,2
instantly,2
moves,2
needless,2
linked,2
gradually,2
too,2
four,2
show,2
linguistics,2
romanesque,2
wondering,2
signification,2
important,2
strategy,2
hours,2
exhibition,2
begun,2
speeches,2
mapping,2
constantly,2
term,2
materiality,2
though,2
photography,2
diatribe,2
kristeva,2
method,2
information,2
briefly,2
technical,2
failure,2
shape,2
correctly,2
start,2
reader,2
london,2
purpose,2
competing,2
example,2
got,2
whole,2
editorial,2
winter,2
et,2
personal,2
gently,2
good,2
working,2
unexpected,2
cope,2
quite,2
patiently,2
specificity,2
summons,2
suddenly,2
albers,2
seed,2
notes,2
structured,2
moved,2
situation,2
saw,2
taken,2
indeed,2
return,2
still,2
furiously,2
movement,2
formalists,2
abrupt,2
peirce,2
structural,2
label,2
criticism,2
reference,2
makes,2
caspar,2
grist,2
already,2
roadblocks,2
french,2
again,2
others,2
longer,2
idea,2
tafuri,2
everything,2
venture,2
man,2
enough,2
do,2
present,2
relevant,2
material,2
mill,2
day,2
remained,2
violent,2
understanding,2
hess,2
diverse,2
instructor,2
writings,2
including,2
lecture,2
questions,2
stance,2
discovered,2
publication,2
logic,2
times,2
period,2
shortly,2
anyone,2
exchange,2
spent,2
discarded,2
panofsky,2
article,2
relation,2
insignificant,2
attention,2
heap,2
figure,2
five,2
venturi,2
ideology,2
modernism,2
visual,2
seuil,2
length,2
corbusier,2
phrase,2
adventure,2
fall,2
united,2
interview,2
face,2
joseph,2
immensely,2
practice,2
contradiction,2
known,2
here,2
vorkurs,2
roman,2
interested,2
macula,2
half,2
ideological,2
perfectly,2
far,2
benefit,2
catalogue,2
jakobson,2
jean,2
ones,2
references,2
almost,2
apparatus,2
despite,2
press,2
role,2
subject,2
refutation,2
formation,2
shown,2
argument,2
difference,2
jacques,2
write,2
although,2
d,2
damisch,2
states,2
writer,2
off,2
shift,2
offered,2
potential,2
russia,2
marxist,2
zen,2
abandoned,2
digest,2
famous,2
built,2
vividly,2
major,2
retrospect,2
difficult,1
trick,1
supremely,1
syntax,1
tedium,1
smoke,1
recesses,1
struggle,1
boijmans,1
meaning,1
productions,1
hesitation,1
immune,1
fled,1
commitment,1
endeavour,1
grappled,1
truth,1
represent,1
engendered,1
extreme,1
hogarth,1
college,1
perfection,1
bushes,1
e,1
dissolution,1
tracked,1
noticing,1
abolition,1
succession,1
revulsion,1
notably,1
sphere,1
grotesque,1
berlin,1
sorbonne,1
linguistic,1
swallow,1
connect,1
minutes,1
large,1
conducted,1
obsolete,1
yourself,1
narcisse,1
insertion,1
traumdeutung,1
oratory,1
columns,1
referring,1
true,1
nikolai,1
strictly,1
sensed,1
easily,1
weaned,1
tabula,1
conscious,1
skyline,1
censure,1
transparency,1
former,1
teased,1
acceptance,1
theatre,1
frege,1
protection,1
devices,1
geometric,1
character,1
organic,1
harsh,1
laid,1
debacle,1
maybe,1
eager,1
facets,1
practices,1
root,1
efficacy,1
experience,1
highlighted,1
peintes,1
anything,1
cast,1
aside,1
bringing,1
sources,1
invention,1
utopia,1
paragon,1
production,1
interests,1
steady,1
proud,1
exotic,1
rested,1
symmetrical,1
rapid,1
attempt,1
encouraged,1
suis,1
beautiful,1
navigating,1
gainsborough,1
nature,1
sustainable,1
experiments,1
icons,1
immense,1
packed,1
advantage,1
differences,1
gradual,1
critic,1
sprawling,1
disgust,1
oxartj,1
inherent,1
scheme,1
onto,1
room,1
castrating,1
religion,1
scratching,1
resulting,1
take,1
swim,1
debt,1
wollheim,1
review,1
evolving,1
help,1
state,1
greatly,1
raised,1
regression,1
those,1
pratique,1
current,1
opposite,1
ours,1
everyone,1
checked,1
stopped,1
hic,1
british,1
fortune,1
dissemination,1
indebtedness,1
albeit,1
advice,1
masked,1
saying,1
twist,1
design,1
struggling,1
vol,1
italian,1
opened,1
marked,1
delivers,1
lavers,1
condition,1
paucity,1
slight,1
october,1
richard,1
thirdly,1
rid,1
emile,1
apart,1
taking,1
desired,1
paving,1
eliminating,1
dynamic,1
anticipated,1
marcelin,1
representing,1
gooey,1
engage,1
urging,1
anagrams,1
acknowledgement,1
collection,1
pursuing,1
signal,1
voracious,1
human,1
della,1
homage,1
excursus,1
organised,1
childlike,1
subsume,1
per,1
ruptures,1
plato,1
branching,1
historically,1
expect,1
proceeded,1
curated,1
facts,1
apprenticeship,1
development,1
inevitable,1
digestion,1
patient,1
professor,1
initial,1
creatively,1
semiologist,1
prague,1
paradoxically,1
interest,1
lectures,1
asceticism,1
capillarity,1
ease,1
janet,1
visuality,1
labyrinth,1
walter,1
theorized,1
meyer,1
farewell,1
insult,1
echo,1
forced,1
taste,1
guided,1
phenomenology,1
remembering,1
sanders,1
clay,1
blame,1
curiously,1
refer,1
pierre,1
tartu,1
speed,1
oedipal,1
response,1
machines,1
mauss,1
digested,1
gauge,1
fourier,1
brace,1
recognised,1
compared,1
continuous,1
effective,1
twice,1
publications,1
slogans,1
drawn,1
obscure,1
elated,1
slightest,1
look,1
tentatively,1
implanted,1
propositions,1
digression,1
generation,1
phagocytis,1
dust,1
master,1
parlance,1
celebrating,1
grasp,1
newer,1
fascist,1
van,1
failed,1
distanciation,1
via,1
simultaneously,1
erotic,1
ingest,1
york,1
essential,1
denivele,1
identification,1
exact,1
etudes,1
statements,1
sets,1
sessions,1
wanting,1
aimed,1
ploughed,1
soviet,1
sentences,1
across,1
developed,1
watch,1
aggressive,1
sort,1
godsend,1
en,1
landscape,1
annette,1
fair,1
capture,1
pinpoint,1
parents,1
dealt,1
abstraction,1
lasted,1
cesare,1
eight,1
b,1
se,1
derived,1
direct,1
strange,1
trotskyism,1
hearing,1
benjamin,1
pages,1
proletkult,1
pp,1
danger,1
awareness,1
imperialist,1
front,1
guides,1
sade,1
means,1
understand,1
category,1
utterly,1
forget,1
les,1
entry,1
benefits,1
image,1
languages,1
neutral,1
venom,1
slowly,1
bit,1
greenberg,1
endeavoured,1
gravedigger,1
days,1
objectivity,1
biographeme,1
excitement,1
fore,1
reviewed,1
ville,1
advancing,1
wagnerian,1
fashioned,1
commented,1
recovered,1
powerful,1
lifelong,1
christmas,1
puts,1
hit,1
je,1
m,1
throwing,1
trained,1
admiration,1
cut,1
advocated,1
perceive,1
thinks,1
talking,1
opening,1
formidable,1
rub,1
reprinted,1
myselfa,1
participants,1
priori,1
arrival,1
allow,1
encoding,1
conservative,1
das,1
logocentric,1
p,1
attack,1
significations,1
lived,1
conspicuous,1
deal,1
starobinsky,1
shared,1
curiosity,1
rudolf,1
relate,1
emerge,1
herman,1
polemics,1
appetite,1
big,1
inanity,1
circulation,1
academic,1
pure,1
furthermore,1
informed,1
cultural,1
let,1
sociological,1
studying,1
lethal,1
afforded,1
pairis,1
teacher,1
viewed,1
recently,1
cohabitation,1
otherwise,1
energy,1
vivid,1
placed,1
ignorance,1
dialectic,1
your,1
interpellation,1
wide,1
clone,1
package,1
logocentrism,1
possibility,1
impression,1
evacuate,1
none,1
having,1
julia,1
line,1
used,1
conjured,1
aborting,1
josef,1
carries,1
framed,1
heart,1
concept,1
part,1
multilayered,1
explains,1
clearer,1
tarabukin,1
reminded,1
staunchly,1
loss,1
gave,1
fit,1
discussions,1
place,1
shoots,1
nunc,1
literally,1
people,1
relevance,1
concentrate,1
transmitting,1
survey,1
device,1
call,1
forces,1
weekly,1
away,1
reflect,1
surrounding,1
corollary,1
haven,1
couple,1
seminars,1
stanford,1
week,1
horizon,1
jugement,1
feast,1
presentations,1
encapsulates,1
towards,1
announcement,1
launching,1
monocular,1
analysed,1
detailed,1
calmly,1
couche,1
change,1
social,1
benveniste,1
legacy,1
least,1
punctuated,1
sense,1
cruel,1
aroused,1
things,1
subjective,1
ossification,1
racine,1
rushed,1
exclude,1
midst,1
functionalism,1
event,1
around,1
inversions,1
dwell,1
summon,1
autonomy,1
soil,1
ignore,1
wider,1
pare,1
exactitude,1
presence,1
peak,1
choosing,1
blunt,1
transparently,1
humbled,1
illusions,1
methodological,1
miracles,1
occasions,1
optical,1
fully,1
condemned,1
necessity,1
aggressively,1
jumps,1
alluding,1
resistance,1
using,1
peculiar,1
gesamtkunswerk,1
preliminary,1
heyday,1
dictated,1
paladin,1
spare,1
mess,1
chronological,1
phrased,1
will,1
happen,1
quoting,1
transform,1
fly,1
forever,1
reduced,1
bonne,1
senil,1
digressive,1
baccalaureat,1
scientific,1
staatlisches,1
lukacs,1
wrote,1
realise,1
secondly,1
reminiscences,1
brief,1
exception,1
breath,1
object,1
souvenir,1
surprise,1
interrelations,1
jaune,1
percolating,1
spot,1
spectacular,1
lissitzky,1
single,1
repression,1
simultaneous,1
turmoil,1
vignettes,1
antiquarian,1
museum,1
sparkling,1
lloyd,1
husserl,1
happened,1
soon,1
continuity,1
dialectically,1
paradoxes,1
combat,1
challenged,1
loosening,1
disastrous,1
quarrel,1
rasa,1
acting,1
actualise,1
knocked,1
outlined,1
switch,1
robust,1
estrangement,1
contempt,1
prematurely,1
aristotle,1
sorry,1
noted,1
learns,1
speaking,1
functioned,1
independent,1
flee,1
blass,1
fix,1
volume,1
programmatic,1
starting,1
introits,1
recall,1
hautes,1
heritage,1
technique,1
request,1
journey,1
mark,1
gridlock,1
death,1
academy,1
conceived,1
amour,1
obstinate,1
experienced,1
complementary,1
efforts,1
expose,1
lack,1
admit,1
theorie,1
fundamental,1
occurrence,1
endless,1
fearing,1
brunelleschi,1
fredric,1
intended,1
medium,1
inevitably,1
scribble,1
ripa,1
steered,1
break,1
warning,1
ignoramuses,1
towering,1
deconstructive,1
fashion,1
serious,1
rhetoric,1
forms,1
genealogy,1
readers,1
hand,1
coupoles,1
covered,1
longtemps,1
trotsky,1
karl,1
dcharpe,1
answer,1
tell,1
choice,1
coincided,1
necessary,1
spoke,1
blind,1
rebound,1
real,1
hurricane,1
assault,1
compelled,1
distance,1
going,1
encountered,1
bibliographic,1
cadmium,1
purged,1
interpreting,1
apt,1
greatest,1
jameson,1
vast,1
discussion,1
father,1
survive,1
intent,1
background,1
discovery,1
doomed,1
convocation,1
marginality,1
alas,1
utters,1
varennes,1
previously,1
looking,1
finding,1
interrelation,1
shamed,1
salvo,1
wonder,1
top,1
heath,1
skeptical,1
succumbed,1
assumption,1
origin,1
flashed,1
net,1
audit,1
scheduled,1
canon,1
friction,1
examination,1
sonic,1
fantastic,1
chosen,1
full,1
interrogative,1
connected,1
california,1
dating,1
beuningen,1
open,1
rewind,1
meanings,1
three,1
assignment,1
anniversary,1
allowed,1
summer,1
plant,1
analysing,1
high,1
socratic,1
played,1
collected,1
paths,1
devise,1
filled,1
probable,1
unheard,1
losing,1
prolonged,1
mourning,1
sartre,1
latter,1
interrupting,1
strangely,1
margin,1
labour,1
systems,1
trying,1
study,1
schapiro,1
reads,1
editors,1
sight,1
overcome,1
nobody,1
structure,1
enemies,1
mellifluous,1
kill,1
probably,1
story,1
erudition,1
institution,1
destruction,1
relative,1
biographism,1
division,1
overlooked,1
offspring,1
reluctant,1
implicitly,1
loyola,1
ascertained,1
fifty,1
discussing,1
monstrous,1
imply,1
circle,1
musing,1
peers,1
window,1
fairly,1
continued,1
science,1
movements,1
assert,1
ecole,1
usually,1
plays,1
prose,1
hill,1
begin,1
attitude,1
attacking,1
becomes,1
contrast,1
lost,1
directions,1
un,1
seen,1
transformed,1
strongly,1
yale,1
began,1
worse,1
enfance,1
contribution,1
pens,1
suppression,1
life,1
why,1
cathartic,1
examine,1
auditors,1
analysis,1
fateful,1
surprising,1
table,1
endure,1
forgotten,1
commemoration,1
fields,1
itself,1
ontological,1
arts,1
semiotique,1
chiding,1
forest,1
articulations,1
mouthpiece,1
stephen,1
claims,1
circumscribed,1
esperanto,1
nonstop,1
anthropological,1
dissection,1
preamble,1
liked,1
constant,1
growing,1
preface,1
elaborate,1
rebelled,1
exemplified,1
soak,1
complexity,1
mentioned,1
changing,1
biography,1
demonstrate,1
adhesive,1
invoked,1
symbolic,1
theme,1
marcel,1
francesca,1
objects,1
constructed,1
phagocyting,1
rotterdam,1
glimpse,1
doi,1
listeners,1
clement,1
know,1
dimension,1
branches,1
rue,1
control,1
sure,1
country,1
wittgenstein,1
paper,1
cultures,1
rented,1
faulty,1
worth,1
expanding,1
confident,1
exploration,1
seem,1
leaders,1
specificities,1
universal,1
unsettling,1
eventually,1
partakes,1
deconstruction,1
clearly,1
researches,1
convey,1
associations,1
past,1
frantic,1
metaphysics,1
works,1
cassirer,1
caricature,1
parme,1
better,1
places,1
portions,1
following,1
game,1
addressee,1
scholarly,1
ingenuous,1
catastrophic,1
answered,1
combined,1
resented,1
terms,1
offering,1
independently,1
proven,1
hoped,1
conclusion,1
erupted,1
condemn,1
leaving,1
simulacrum,1
deceivably,1
succumb,1
fascination,1
getting,1
manfredo,1
thdorie,1
vehicle,1
brilliant,1
pursued,1
oppositions,1
explored,1
quarters,1
huge,1
piero,1
resolutely,1
realising,1
ideal,1
firework,1
heure,1
universe,1
des,1
soit,1
characterises,1
translated,1
seductive,1
wandering,1
amazed,1
navigate,1
gargantuan,1
bought,1
presented,1
trees,1
son,1
code,1
met,1
contemporaneity,1
excursion,1
elucidate,1
brechtian,1
seamless,1
easy,1
turns,1
tried,1
lies,1
assumptions,1
receptors,1
went,1
territory,1
measure,1
motherly,1
lesson,1
inventions,1
startled,1
phenomenon,1
weaning,1
grammatology,1
snow,1
aspect,1
coming,1
think,1
store,1
sparked,1
prepared,1
mentor,1
buying,1
counterproof,1
proustian,1
producer,1
until,1
youth,1
francastel,1
unable,1
disposal,1
wang,1
initiated,1
similarity,1
correge,1
numerous,1
defence,1
seduce,1
charge,1
aware,1
joined,1
cezanne,1
shorthand,1
sur,1
product,1
opticality,1
regular,1
france,1
playing,1
defined,1
philosophy,1
thicken,1
numbs,1
fen,1
repeat,1
definitive,1
stray,1
postscript,1
fresque,1
summary,1
traveling,1
specific,1
charles,1
curl,1
spectator,1
deciding,1
invited,1
spilled,1
kunstwissenshaft,1
themselves,1
charged,1
drunk,1
reached,1
debate,1
element,1
tactic,1
re,1
focus,1
among,1
technological,1
resist,1
asked,1
doing,1
attendance,1
termed,1
close,1
draft,1
philately,1
increase,1
proust,1
phagocyter,1
