WORDCOUNTS,WEIGHT
the,577
of,429
and,279
to,229
in,216
a,155
that,148
is,143
s,142
for,132
as,129
antony,118
his,113
love,101
dryden,96
all,92
with,73
but,70
not,66
he,62
cleopatra,61
this,58
tragedy,55
an,53
which,52
it,50
by,50
have,50
ventidius,44
or,43
their,42
play,41
p,39
i,38
from,38
are,38
fate,36
one,35
hegel,35
d,35
be,34
has,32
who,32
they,27
when,27
roman,27
on,26
what,26
was,25
moral,25
him,25
we,24
both,24
my,23
tragic,23
drama,22
miner,22
own,22
action,21
its,20
no,19
her,19
octavia,19
if,18
critics,18
will,18
death,18
argues,18
characters,18
character,17
nature,17
other,17
m,17
life,17
must,17
passion,16
n,16
most,16
dramatic,16
only,16
v,16
preface,16
at,15
himself,15
had,15
alexas,15
says,15
rymer,15
been,15
audience,15
our,15
act,14
critical,14
more,14
solomon,14
man,14
were,13
suicide,13
individual,13
gods,13
harry,13
see,13
like,13
analysis,13
world,13
into,12
human,12
than,12
too,12
because,12
sense,12
may,12
yet,12
toward,12
another,12
so,12
me,12
itself,12
each,12
egyptian,12
does,11
plot,11
well,11
therefore,11
pp,11
then,11
any,11
while,11
should,11
those,10
king,10
romantic,10
just,10
heav,10
criticism,10
caesar,10
johnson,10
them,10
you,10
between,10
before,9
conflict,9
such,9
since,9
even,9
rather,9
work,9
these,9
two,9
external,9
dollabella,9
would,9
last,9
aims,9
virtue,9
now,8
truth,8
english,8
first,8
there,8
reading,8
opposed,8
reason,8
tragedies,8
public,8
us,8
new,8
honor,8
individuals,8
sees,8
justice,8
lovers,8
she,8
works,8
whether,8
circumstances,8
die,8
false,8
although,8
specific,8
way,7
heroic,7
true,7
every,7
seems,7
did,7
prior,7
thus,7
inner,7
divine,7
egypt,7
earlier,7
pity,7
out,7
weitz,7
kaufmann,7
make,7
makes,7
many,7
do,7
made,7
upon,7
plays,7
suggests,7
ultimately,7
morning,7
c,7
emerson,6
davis,6
fortune,6
central,6
against,6
self,6
honour,6
without,6
thou,6
aspects,6
whole,6
evening,6
wife,6
rome,6
single,6
same,6
ed,6
aristotle,6
fact,6
shows,6
john,6
contends,6
force,6
different,6
theory,6
art,6
describes,6
pathos,6
finally,6
course,6
approach,6
actions,6
themselves,6
resolves,6
common,5
essays,5
being,5
catharsis,5
ii,5
might,5
attractive,5
great,5
state,5
case,5
some,5
implies,5
point,5
ethical,5
illustrates,5
york,5
leave,5
age,5
four,5
defeat,5
conflicts,5
poetry,5
fisher,5
xvii,5
opposition,5
concept,5
leads,5
part,5
working,5
allegiance,5
hegelian,5
things,5
order,5
contrast,5
destiny,5
necessity,5
interpretation,5
reconciliation,5
also,5
time,5
end,5
answer,5
private,5
judge,5
use,5
paradigm,5
theories,5
significance,5
tis,5
good,5
after,5
become,5
suggest,5
recall,5
vision,5
lost,5
seen,5
satisfying,5
know,5
best,5
historical,5
knows,5
heads,5
shakespeare,5
through,5
question,5
suicides,5
much,5
final,4
o,4
e,4
relativism,4
intentions,4
arguing,4
long,4
attempt,4
j,4
providence,4
take,4
mind,4
identifies,4
dignity,4
lover,4
virtues,4
inevitable,4
realization,4
concrete,4
response,4
find,4
shall,4
hero,4
whose,4
earl,4
lives,4
consider,4
bruce,4
perspective,4
stoic,4
octavius,4
destructive,4
view,4
critic,4
passionate,4
though,4
cannot,4
tension,4
almost,4
genuine,4
responsibility,4
brave,4
emphasizes,4
sufficient,4
compromise,4
notes,4
still,4
above,4
about,4
coherence,4
beaurline,4
neither,4
passions,4
psyche,4
resemblance,4
others,4
classical,4
took,4
model,4
day,4
honorable,4
modem,4
can,4
mars,4
ancients,4
chance,4
deaths,4
recognize,4
dead,4
totality,4
waith,4
set,4
over,4
control,4
very,4
terms,4
particular,4
given,4
think,4
contrasts,4
conditions,4
instead,4
definitive,4
news,4
struggle,3
dies,3
conflicting,3
willed,3
history,3
feels,3
thematic,3
projections,3
said,3
either,3
certainly,3
attempts,3
restoration,3
words,3
tradition,3
venus,3
side,3
right,3
felt,3
read,3
powers,3
vital,3
immoral,3
harmony,3
antigone,3
selves,3
development,3
recurs,3
regarded,3
kind,3
nor,3
complains,3
deeds,3
displays,3
wholeness,3
drives,3
destroys,3
apparently,3
master,3
interesting,3
essential,3
arising,3
affective,3
represented,3
certain,3
moves,3
disequilibrium,3
reality,3
beyond,3
your,3
asks,3
important,3
fates,3
based,3
complications,3
could,3
hands,3
compassion,3
martial,3
let,3
nothing,3
absolute,3
having,3
r,3
correctly,3
literature,3
characterization,3
arms,3
kindly,3
away,3
dramatick,3
t,3
dy,3
specifically,3
several,3
impossible,3
onesidedness,3
using,3
appropriate,3
am,3
questioning,3
triumph,3
eternal,3
led,3
matter,3
absence,3
separation,3
synthesis,3
fruit,3
brings,3
reinert,3
movement,3
similarly,3
once,3
reference,3
rules,3
thought,3
challenged,3
hadst,3
ev,3
french,3
again,3
rejects,3
speaks,3
longer,3
lack,3
conduct,3
abstract,3
lacks,3
inevitably,3
arthur,3
dramas,3
lov,3
necessary,3
blind,3
perhaps,3
greatest,3
divided,3
admits,3
moody,3
herself,3
transcendent,3
oppose,3
aesthetics,3
ideas,3
three,3
defense,3
function,3
pathetic,3
lie,3
herculean,3
claim,3
ruin,3
parallel,3
narrow,3
attention,3
decision,3
separate,3
lo,3
urges,3
becomes,3
sides,3
why,3
objectifications,3
victorious,3
impulse,3
contradiction,3
continues,3
theme,3
claims,3
charles,3
eugenius,3
outcome,3
fault,3
believe,3
iii,3
emerges,3
merely,3
suffering,3
according,3
wit,3
writes,3
extent,3
intends,3
tempting,3
despite,3
lesson,3
laments,3
mutual,3
samuel,3
willing,3
limitations,3
th,3
among,3
done,2
doubts,2
protests,2
adopt,2
till,2
judging,2
accords,2
ultimate,2
contradicts,2
affirmatively,2
catastrophe,2
approaches,2
satisfied,2
englewood,2
properties,2
experience,2
tracy,2
derives,2
exclusive,2
obey,2
give,2
spencer,2
rational,2
definition,2
unjust,2
knowing,2
copy,2
together,2
display,2
emotion,2
achievement,2
rule,2
generalizations,2
characterizing,2
poesy,2
real,2
glory,2
opposite,2
within,2
resemblances,2
existence,2
lest,2
tie,2
autonomous,2
key,2
iv,2
firm,2
possible,2
condition,2
move,2
say,2
regards,2
consequent,2
far,2
laws,2
epicurean,2
dishonor,2
collection,2
realizing,2
shou,2
mistake,2
objective,2
personalities,2
moment,2
allegiances,2
turn,2
unity,2
plausibility,2
elements,2
profound,2
slave,2
holds,2
wholly,2
decorums,2
truly,2
look,2
vice,2
weakness,2
creon,2
identification,2
dilemma,2
l,2
essence,2
mean,2
proportion,2
ns,2
inconsistent,2
parts,2
revelation,2
danger,2
productive,2
reinforce,2
consistency,2
antagonism,2
soul,2
bad,2
university,2
objects,2
retained,2
clearly,2
contemporaries,2
thee,2
characterizations,2
show,2
unjustly,2
care,2
appear,2
conquest,2
moving,2
result,2
whom,2
calm,2
term,2
further,2
left,2
equally,2
equal,2
intolerable,2
wherein,2
grounds,2
gildon,2
however,2
spiritual,2
providential,2
harmonized,2
scene,2
criteria,2
poesie,2
commitments,2
significantly,2
london,2
purpose,2
got,2
loss,2
strips,2
fail,2
during,2
concentrate,2
believes,2
systematic,2
participate,2
shakespearean,2
alan,2
rendered,2
subtle,2
elects,2
wholesale,2
least,2
describing,2
hard,2
idiom,2
cruel,2
stage,2
augustan,2
involved,2
family,2
multiple,2
malicious,2
suddenly,2
posed,2
proper,2
alienated,2
finds,2
inevitability,2
advocate,2
various,2
noble,2
short,2
wrote,2
innocence,2
object,2
judgment,2
malice,2
simultaneously,2
put,2
positive,2
omnipotence,2
assuring,2
accident,2
under,2
disastrous,2
consonance,2
baxter,2
light,2
complete,2
culture,2
already,2
friend,2
published,2
tries,2
resistance,2
power,2
metaphysical,2
punish,2
observance,2
consideration,2
creative,2
agree,2
attempting,2
choice,2
reasoning,2
larger,2
personality,2
forms,2
never,2
ages,2
enough,2
hand,2
consciously,2
ground,2
execution,2
sensual,2
shown,2
discord,2
intelligently,2
confrontation,2
euripides,2
practice,2
recognizes,2
gives,2
reconciled,2
presentation,2
interpreting,2
original,2
ingenious,2
vast,2
millenarian,2
coherent,2
sophocles,2
helps,2
identity,2
concern,2
empirical,2
significant,2
questions,2
full,2
imagery,2
rejected,2
open,2
clear,2
language,2
times,2
serapion,2
serves,2
illicit,2
intrinsic,2
alive,2
artificial,2
faith,2
valued,2
queen,2
eyes,2
insists,2
relation,2
accordingly,2
confusing,2
contending,2
versus,2
cliffs,2
embodied,2
division,2
increasing,2
provide,2
consent,2
fully,2
fear,2
hathaway,2
attitude,2
objectifies,2
means,2
determined,2
circumstance,2
try,2
satisfaction,2
kill,2
lear,2
wou,2
sympathy,2
eugene,2
poets,2
issue,2
punished,2
kirsch,2
comes,2
conclusion,2
simply,2
ever,2
drew,2
alternative,2
ry,2
worth,2
gone,2
excellency,2
bowers,2
universal,2
absolutism,2
hazelton,2
picks,2
ruine,2
better,2
killed,2
pendular,2
cause,2
resolute,2
problem,2
characterizes,2
appetite,2
early,2
observations,2
agreed,2
psychology,2
freedom,2
thereby,2
press,2
innocent,2
externalizes,2
transition,2
rationale,2
substance,2
tender,2
come,2
tell,2
models,2
argument,2
difference,2
generate,2
camps,2
opens,2
accept,2
aware,2
mode,2
crisis,2
here,2
need,2
evidence,2
aristotelian,2
defiance,2
voluntary,2
philosophy,2
canons,2
distinctions,2
rejection,2
tastes,2
irrelevant,2
virtus,2
dark,2
traditional,2
strong,2
seek,2
ends,2
vulgar,2
close,2
otto,2
cordelia,2
frequent,1
difficult,1
scepter,1
bernard,1
go,1
ending,1
waited,1
sins,1
plainness,1
juster,1
concerned,1
inaccurate,1
serpent,1
unlawful,1
meaning,1
responds,1
cl,1
blasts,1
devious,1
dictate,1
imprecations,1
suggested,1
created,1
wonder,1
grievous,1
extreme,1
soars,1
legitimate,1
revolutionary,1
trans,1
determine,1
worthy,1
pierce,1
announced,1
totally,1
stands,1
starts,1
utility,1
manuscript,1
sympathetic,1
lvi,1
church,1
group,1
juxtaposition,1
needed,1
partially,1
unsatisfactory,1
hate,1
systematically,1
drastically,1
tend,1
mended,1
word,1
live,1
authority,1
motivation,1
prince,1
ways,1
rewards,1
h,1
rounded,1
aimong,1
criticizes,1
apologia,1
fletcher,1
contend,1
pessimism,1
country,1
conscious,1
proclaims,1
former,1
contention,1
tied,1
hours,1
overlook,1
justified,1
western,1
organic,1
originality,1
dayes,1
unlike,1
title,1
occurred,1
knox,1
em,1
observing,1
criticizing,1
fulfillment,1
examin,1
apprehensive,1
source,1
princeton,1
chief,1
chid,1
themes,1
chooses,1
uprising,1
cast,1
undermine,1
cries,1
wrong,1
disagreement,1
alluding,1
faithfulness,1
victim,1
greatness,1
guises,1
denigrate,1
originally,1
likewise,1
chaos,1
neander,1
military,1
feeling,1
absurd,1
heavens,1
england,1
bloomington,1
hatred,1
dramatically,1
affirmed,1
divinity,1
delineation,1
incorrect,1
reach,1
principles,1
modems,1
affinities,1
fulfills,1
agon,1
leading,1
paramount,1
reasserted,1
suggesting,1
accompanied,1
legitimatize,1
reasons,1
confusion,1
haughty,1
theatrically,1
analyses,1
rich,1
producing,1
follows,1
studied,1
inherent,1
anticipatory,1
able,1
incident,1
farther,1
closer,1
plead,1
exalted,1
juxtapositions,1
loves,1
alignment,1
help,1
achieved,1
foolish,1
focus,1
improved,1
loose,1
consist,1
alert,1
forgiving,1
greatly,1
precisely,1
sacred,1
concepts,1
indulgence,1
sympathizes,1
embody,1
ours,1
somewhat,1
ambiguous,1
intelligence,1
reattuning,1
schilling,1
designs,1
ad,1
less,1
subsides,1
riticism,1
nearer,1
evaluation,1
accuracy,1
protagonists,1
plain,1
clarence,1
eastern,1
unaware,1
motion,1
primary,1
mass,1
saying,1
draw,1
discuss,1
addresses,1
twist,1
design,1
egyptians,1
account,1
howard,1
recommended,1
politics,1
compelling,1
concentrating,1
disjunctive,1
paucity,1
denominator,1
waiving,1
restraints,1
reaction,1
conspired,1
fluctuation,1
exaggerate,1
obvious,1
rid,1
fine,1
apart,1
grieve,1
lyric,1
pairs,1
sent,1
climax,1
relate,1
dynamic,1
establishes,1
anticipated,1
keeps,1
promises,1
conceives,1
reward,1
dorax,1
apologies,1
brilliantly,1
pursuing,1
harold,1
facets,1
framework,1
guilty,1
exposed,1
exist,1
learned,1
repeatedly,1
closes,1
perpetuating,1
poignancy,1
divorced,1
throughout,1
plato,1
relationships,1
historically,1
soar,1
dying,1
dynamics,1
quality,1
understand,1
alternately,1
due,1
analyzing,1
realized,1
curse,1
assumes,1
prefaces,1
g,1
philosophical,1
succor,1
agent,1
scarce,1
remorse,1
interest,1
lectures,1
agreeing,1
characteristic,1
madness,1
ability,1
brother,1
dismisses,1
consolation,1
justifications,1
vacillates,1
participating,1
hideously,1
cf,1
insofar,1
sample,1
century,1
beloved,1
taste,1
maladies,1
pessimistic,1
old,1
places,1
transcends,1
frustrating,1
inclinations,1
concerning,1
fond,1
back,1
merest,1
difficulty,1
curses,1
served,1
kills,1
kinship,1
mistress,1
facet,1
dares,1
men,1
ira,1
constructs,1
dear,1
operative,1
sun,1
simplistic,1
cosmic,1
terror,1
occasion,1
understood,1
doubleness,1
ipse,1
unravelling,1
restricting,1
influence,1
acknowledge,1
infinite,1
monk,1
bothered,1
unfortunate,1
virtuous,1
error,1
feign,1
mingled,1
convention,1
confusions,1
aim,1
awkward,1
abiding,1
civilization,1
hamlet,1
poor,1
inadequacies,1
recognized,1
simplified,1
adequate,1
rejectable,1
polarization,1
hopes,1
heroes,1
glimmer,1
synthesizing,1
subjected,1
destroy,1
everett,1
faults,1
debated,1
heedless,1
illustration,1
auspices,1
sort,1
stripped,1
appreciation,1
explicit,1
exhausted,1
plunges,1
defuse,1
exceswhile,1
oppress,1
salute,1
unintentionally,1
aesthetically,1
didactic,1
progresses,1
ce,1
realizes,1
suffer,1
goes,1
survives,1
opportunity,1
comply,1
deprived,1
aligns,1
similar,1
chambers,1
humanity,1
masque,1
sacrificed,1
plots,1
special,1
study,1
envision,1
inseparably,1
manipulative,1
blurs,1
oversimplified,1
lay,1
appropriateness,1
devoid,1
conceming,1
feel,1
antithesis,1
supposed,1
presuppositions,1
segment,1
pleasures,1
pernicious,1
empires,1
affect,1
distributive,1
wanted,1
tensions,1
possibly,1
dichotomy,1
nobler,1
fast,1
doctrinaire,1
established,1
familiar,1
bit,1
seeing,1
vindicated,1
edition,1
imitation,1
impact,1
objectivity,1
fairness,1
desirability,1
vitality,1
w,1
retrospective,1
acceptance,1
pedagogical,1
acknowledges,1
commented,1
exploited,1
gloucester,1
piety,1
pains,1
defines,1
notions,1
obstacles,1
resistent,1
random,1
impotence,1
permanent,1
plight,1
index,1
odd,1
respected,1
microcosm,1
personified,1
counsel,1
perceive,1
thinks,1
union,1
whereas,1
descriptive,1
presents,1
opening,1
sive,1
closely,1
root,1
pledges,1
came,1
path,1
concentration,1
alienation,1
langauge,1
discount,1
embittered,1
heavenly,1
found,1
conservative,1
evinces,1
superfluous,1
speeches,1
called,1
critically,1
perennially,1
sights,1
inappropriate,1
resembles,1
centers,1
crowd,1
scenes,1
betwixt,1
criticisms,1
events,1
primacy,1
radical,1
carolina,1
realize,1
noting,1
adolescence,1
valor,1
misdeeds,1
malevolent,1
initial,1
interpretations,1
instruct,1
representative,1
respects,1
punishment,1
late,1
accurately,1
sword,1
knit,1
bleaker,1
antagonists,1
momris,1
vile,1
cultural,1
durham,1
brilliant,1
sentimental,1
lessing,1
careless,1
conductnot,1
viewed,1
persons,1
torn,1
meet,1
distorts,1
oscillates,1
eternally,1
energy,1
troops,1
safe,1
justifies,1
sport,1
wellspring,1
saving,1
ring,1
taught,1
wide,1
negotiated,1
enslavement,1
unresolvable,1
symbolically,1
possibility,1
eliminate,1
distinguishes,1
intrest,1
directly,1
keeping,1
participation,1
sphere,1
rectitude,1
dilemmas,1
inadequate,1
minute,1
unworthy,1
romans,1
chang,1
pr,1
paraphrase,1
sanction,1
maxmillian,1
responding,1
pitiless,1
concludes,1
strict,1
carry,1
preferred,1
deservedly,1
detestation,1
prest,1
favourable,1
differ,1
explains,1
calls,1
recommends,1
neoclassicism,1
imagistic,1
caught,1
description,1
englishmen,1
intentionally,1
desert,1
year,1
designate,1
sorrow,1
describe,1
universe,1
consistently,1
place,1
deformities,1
issues,1
literally,1
accomplishment,1
relevance,1
actually,1
sentimentalist,1
censures,1
runs,1
astutely,1
winter,1
chica,1
unreasonable,1
terminology,1
forces,1
personal,1
justification,1
reflect,1
jealousy,1
cancelled,1
sensibility,1
showing,1
excellencies,1
approbation,1
doubtful,1
class,1
diverted,1
hidden,1
encounters,1
secc,1
bypasses,1
delay,1
citing,1
wittily,1
psychodrama,1
tone,1
social,1
creating,1
peopled,1
start,1
painting,1
successful,1
fulfilled,1
voiced,1
diminish,1
cold,1
aroused,1
cious,1
desig,1
transgressions,1
storm,1
next,1
applicability,1
warrant,1
stimulated,1
reaches,1
phrase,1
quite,1
ward,1
allowances,1
heart,1
acted,1
arbitrary,1
sake,1
reader,1
lye,1
incarnation,1
portraying,1
leaves,1
dissolves,1
consensus,1
driving,1
few,1
feelings,1
debatable,1
executed,1
brought,1
misread,1
presence,1
shadows,1
blunt,1
essentially,1
supplantable,1
telling,1
potent,1
altogether,1
xxvii,1
always,1
condemned,1
generally,1
up,1
st,1
complicates,1
concurred,1
results,1
citations,1
tempts,1
neoclassical,1
protagonist,1
value,1
humanistic,1
rest,1
casts,1
avoid,1
endorses,1
prais,1
precepts,1
span,1
analytic,1
f,1
submissive,1
referent,1
second,1
situation,1
inharmonious,1
contrivance,1
demand,1
forever,1
reduced,1
flouted,1
spelled,1
letters,1
inadequacy,1
identified,1
concessions,1
distorted,1
indeed,1
lag,1
service,1
spousals,1
limited,1
manipulate,1
return,1
unconsciously,1
forbidden,1
capsulization,1
prove,1
whatever,1
weary,1
indicates,1
indecorous,1
manifest,1
indignation,1
perennial,1
employs,1
nonnecessary,1
religious,1
direction,1
cooler,1
selection,1
fighting,1
legality,1
convictions,1
guide,1
violate,1
oxford,1
prepare,1
gave,1
lp,1
sympathies,1
victor,1
inwardly,1
represents,1
recommendation,1
attain,1
fierceness,1
counterparts,1
later,1
continuity,1
ning,1
repair,1
restores,1
god,1
exposes,1
combat,1
ne,1
sky,1
watson,1
lord,1
choices,1
friendship,1
lament,1
joins,1
acknowledging,1
imitating,1
odds,1
provocative,1
supernatural,1
emotional,1
begins,1
celebrates,1
heuristically,1
picture,1
volume,1
persuade,1
comfortable,1
untrue,1
confound,1
stimulate,1
unintentional,1
shuffles,1
ask,1
absolve,1
motifs,1
towards,1
undeceived,1
complementary,1
dently,1
emotions,1
usefulness,1
lawful,1
idea,1
valid,1
treatment,1
benevolent,1
jottings,1
fearing,1
welcomes,1
enlarging,1
appeared,1
ought,1
rugged,1
developed,1
dissension,1
grave,1
feigning,1
break,1
decreases,1
how,1
reaffirmed,1
omitted,1
reacts,1
foe,1
remain,1
villains,1
resolved,1
golden,1
dull,1
joys,1
observes,1
advocacy,1
serious,1
audiences,1
anne,1
honouring,1
sebastian,1
rhetoric,1
pq,1
granada,1
braver,1
patterns,1
fits,1
fame,1
present,1
marlaue,1
increases,1
ridicules,1
manner,1
innovative,1
secular,1
intensity,1
sister,1
empire,1
receives,1
establish,1
atharry,1
unclear,1
renaissance,1
annotations,1
sorry,1
waugh,1
moralisms,1
perceives,1
invitation,1
belief,1
children,1
appetites,1
shifts,1
intercessor,1
inauthentic,1
laudable,1
remov,1
civilized,1
lecture,1
fundamentally,1
credit,1
liv,1
understanding,1
machination,1
simple,1
mythic,1
survive,1
intent,1
effectiveness,1
treated,1
subjectivity,1
ills,1
discovery,1
reversed,1
beaumont,1
unquestionably,1
bear,1
renders,1
active,1
slaves,1
heroine,1
confus,1
reunion,1
incompatibility,1
including,1
passes,1
sensibilities,1
holt,1
manifestations,1
inmost,1
warrior,1
worship,1
medium,1
theological,1
oscillation,1
waste,1
forgot,1
largely,1
virtually,1
navy,1
assume,1
causes,1
morality,1
pleasure,1
insure,1
minion,1
actual,1
hoc,1
hour,1
revivals,1
stay,1
specifies,1
trust,1
aesthetic,1
envious,1
chosen,1
vices,1
nevertheless,1
epic,1
vii,1
attraction,1
auburn,1
discovered,1
tolerable,1
uncontrollable,1
comprehensive,1
talk,1
sensitivity,1
agreement,1
points,1
victory,1
essay,1
faces,1
interpret,1
august,1
deals,1
held,1
compatriots,1
allowed,1
torch,1
period,1
strange,1
mount,1
atone,1
variance,1
crafted,1
int,1
filled,1
accurate,1
probable,1
renewal,1
poetic,1
black,1
provides,1
martin,1
thomas,1
adequately,1
morals,1
repeated,1
quick,1
finite,1
witness,1
especially,1
behind,1
include,1
somehow,1
serpentine,1
trying,1
fied,1
diminishes,1
fredson,1
overcome,1
narrates,1
examine,1
effect,1
sig,1
enjoyed,1
mr,1
venditius,1
improbable,1
probably,1
story,1
contracts,1
attracted,1
below,1
morris,1
reserved,1
saw,1
haven,1
tendency,1
destruction,1
seduction,1
frivolities,1
universality,1
greek,1
pleas,1
complimented,1
exalts,1
anatomy,1
fails,1
hindered,1
indication,1
aspirations,1
lyrical,1
autumn,1
flesh,1
imply,1
dual,1
harshly,1
violation,1
parlyes,1
perspectives,1
irregular,1
tentative,1
independent,1
continued,1
george,1
sometimes,1
figure,1
crucial,1
usually,1
lots,1
criminal,1
suggestive,1
prose,1
implores,1
ironically,1
novak,1
favour,1
leslie,1
male,1
accepted,1
utq,1
admired,1
bears,1
distorting,1
bumbling,1
determination,1
philosopher,1
dixit,1
untragic,1
length,1
distort,1
poetics,1
intend,1
strive,1
often,1
responsible,1
sharp,1
actualization,1
fall,1
damns,1
reminisces,1
ignorantly,1
disagrees,1
censured,1
disavowals,1
beauties,1
chafing,1
prologue,1
preserv,1
schlegal,1
sound,1
legitimately,1
pmla,1
dorset,1
increased,1
deserv,1
schlegel,1
echoes,1
disturb,1
stimulates,1
barbeau,1
neglected,1
socratic,1
optimisim,1
believed,1
complexity,1
mentioned,1
humane,1
pointless,1
worse,1
founded,1
staunch,1
etherial,1
igo,1
demonstrate,1
outdid,1
speculating,1
implied,1
precise,1
satisfactory,1
friends,1
physical,1
mortal,1
personificaton,1
mourn,1
endeavors,1
symbol,1
sciences,1
useful,1
offers,1
impertinence,1
mirrors,1
quickly,1
dualism,1
berkeley,1
enters,1
natural,1
mutually,1
intellectual,1
stem,1
principle,1
sure,1
readily,1
metaphorically,1
chapman,1
perceptive,1
reversal,1
lying,1
december,1
ythee,1
seem,1
down,1
printed,1
externalization,1
argue,1
nights,1
current,1
vicious,1
report,1
speech,1
exceptional,1
observe,1
particularly,1
er,1
solved,1
linked,1
embodiment,1
defected,1
reflected,1
happiness,1
past,1
masterpiece,1
punishes,1
evident,1
person,1
parody,1
ingenuous,1
enforces,1
numbers,1
catastrophic,1
carefully,1
combined,1
unique,1
form,1
making,1
imposed,1
metaphor,1
attitudes,1
treachery,1
errour,1
adaptation,1
forc,1
prudence,1
linger,1
foundations,1
complain,1
precursor,1
night,1
elect,1
birthday,1
rationality,1
property,1
excel,1
don,1
mov,1
presides,1
predisposes,1
disassociating,1
categories,1
thematically,1
panegyric,1
popular,1
seductive,1
romantically,1
radically,1
intention,1
recognizing,1
satisfactorially,1
careful,1
entrance,1
code,1
altered,1
overseeing,1
conclude,1
alternatives,1
role,1
epitome,1
duty,1
monarchs,1
convinced,1
giving,1
subject,1
elizabethan,1
tried,1
lies,1
step,1
rash,1
conventional,1
impulses,1
obtain,1
demanding,1
arguments,1
discussion,1
freer,1
fleeting,1
bradley,1
mention,1
allows,1
writing,1
gain,1
aspect,1
faculty,1
despised,1
grandeur,1
terminal,1
protesting,1
luxurious,1
proceeds,1
accrues,1
moderate,1
vivifies,1
outrageous,1
instructive,1
enervation,1
touch,1
years,1
discourages,1
solely,1
cambridge,1
similarity,1
finding,1
nile,1
counsels,1
twentieth,1
strikingly,1
unsworn,1
motives,1
dangerous,1
parallels,1
pleasing,1
judges,1
destinies,1
define,1
crimes,1
lured,1
constructed,1
opinions,1
ll,1
product,1
charmion,1
lviii,1
integration,1
affirmation,1
irreconcilable,1
centrality,1
settling,1
prosperity,1
seeks,1
attempted,1
off,1
objections,1
climactic,1
stray,1
comparison,1
respective,1
moved,1
morally,1
romantick,1
supported,1
drift,1
searching,1
portents,1
admitting,1
workings,1
ambitiously,1
certainty,1
reserv,1
representatives,1
sayes,1
ensued,1
justify,1
succeeded,1
chicago,1
veterens,1
obligation,1
contrasting,1
agrees,1
bounds,1
recoup,1
substantial,1
predictable,1
element,1
entire,1
reconcihng,1
little,1
reconciling,1
re,1
wond,1
souls,1
images,1
immediately,1
north,1
famous,1
nonsufficient,1
exclaims,1
yes,1
unrepresentative,1
roles,1
gulph,1
jealous,1
glorious,1
mistaken,1
major,1
perception,1
eagerly,1
