WORDCOUNTS,WEIGHT
the,244
of,132
to,95
and,74
is,57
in,57
s,53
that,51
a,45
her,32
lover,31
by,25
he,22
for,20
rhetoric,20
not,19
false,19
with,18
as,16
roman,16
love,15
seeming,15
jean,14
she,14
his,14
rose,14
we,14
de,14
on,14
la,14
reason,13
has,13
an,13
who,12
are,12
it,11
does,10
but,10
character,10
those,10
this,10
le,10
appeal,9
e,9
sophistry,9
from,9
nature,9
arguments,9
be,9
emotions,8
fact,8
can,8
when,8
their,7
ne,7
two,7
duenna,7
all,7
sophistic,7
which,7
franchise,6
en,6
speakers,6
one,6
into,6
par,6
friend,6
p,6
ethos,6
thus,6
so,6
poem,6
no,5
indeed,5
pp,5
god,5
was,5
or,5
these,5
appeals,5
show,5
aristotle,5
french,5
uses,5
there,5
que,5
because,5
work,5
tongue,5
even,5
through,5
il,5
should,5
at,4
been,4
make,4
non,4
they,4
se,4
dahlberg,4
fair,4
evil,4
senz,4
n,4
words,4
w,4
qu,4
first,4
more,4
m,4
know,4
faulty,4
preaching,4
very,4
audience,4
i,4
further,4
truth,4
case,4
welcome,4
pas,4
knowledge,4
use,4
gain,4
review,4
have,4
fallacy,4
good,4
would,4
provides,4
attention,4
fleming,3
lovers,3
sophist,3
generalization,3
taken,3
medieval,3
ce,3
rejection,3
discourse,3
had,3
genius,3
cause,3
us,3
sive,3
being,3
suggested,3
over,3
contention,3
benevolence,3
only,3
persuasion,3
our,3
les,3
speeches,3
attack,3
emotion,3
classical,3
venus,3
man,3
where,3
what,3
however,3
dialectic,3
while,3
doctrine,3
another,3
account,3
reader,3
g,3
li,3
human,3
such,3
professor,3
since,3
conditions,3
language,3
causal,3
wish,3
d,3
jr,3
him,3
je,3
up,3
away,3
about,3
embraces,3
frequent,2
speech,2
sa,2
optics,2
christian,2
high,2
sword,2
wisdom,2
way,2
if,2
meaning,2
l,2
groups,2
types,2
pity,2
commitment,2
learning,2
fear,2
sort,2
deadly,2
lines,2
trans,2
process,2
now,2
convince,2
caplan,2
itself,2
tel,2
avez,2
discover,2
religious,2
sequitur,2
oratory,2
hope,2
commits,2
see,2
authority,2
respect,2
means,2
deus,2
win,2
sound,2
favor,2
praise,2
neither,2
then,2
any,2
before,2
section,2
just,2
ed,2
princeton,2
natural,2
too,2
most,2
emotional,2
te,2
euvre,2
romance,2
present,2
give,2
sophists,2
qui,2
vous,2
j,2
lead,2
authorities,2
could,2
suitable,2
rhetors,2
out,2
tu,2
hearers,2
immune,2
doubt,2
take,2
decline,2
shield,2
pour,2
veaut,2
overcome,2
dominion,2
fait,2
paris,2
though,2
them,2
hardihood,2
ad,2
mode,2
references,2
issue,2
origin,2
series,2
undercuts,2
confession,2
memory,2
draw,2
well,2
tant,2
standard,2
reliability,2
literature,2
discussion,2
certain,2
object,2
robertson,2
psychomachia,2
made,2
point,2
example,2
desirable,2
role,2
its,2
humbert,2
results,2
pathos,2
sequiturs,2
aims,2
conflict,2
et,2
tuve,2
students,2
used,2
trusted,2
three,2
following,2
aware,2
agreement,2
pluck,2
logic,2
ability,2
although,2
immediately,2
upon,2
things,2
reliable,2
stages,2
allusions,2
speak,2
latter,2
sufficient,2
charles,2
willfulness,2
certainly,2
rosemond,2
hominem,2
sophistical,2
structure,2
speaker,2
gunn,2
si,2
characters,2
sin,2
much,2
confesses,2
ends,2
structured,2
evidence,2
chien,1
perfect,1
sufficiently,1
fails,1
proposed,1
exhibiting,1
hindered,1
insufficient,1
longinus,1
enough,1
admire,1
deservie,1
f,1
winds,1
teach,1
girl,1
therefore,1
poor,1
bon,1
complaint,1
tasks,1
qis,1
unscrupulous,1
second,1
semblant,1
dazes,1
advocated,1
essential,1
rhetor,1
precepts,1
heightened,1
without,1
various,1
tes,1
meets,1
exact,1
science,1
detect,1
sophisma,1
camp,1
elenchis,1
action,1
direct,1
foreign,1
aimed,1
concern,1
whisper,1
imagery,1
husband,1
predestination,1
permits,1
abhorrence,1
either,1
how,1
created,1
ready,1
ecoles,1
unmoved,1
craftily,1
secondly,1
play,1
warrant,1
sermon,1
conclusion,1
others,1
digressions,1
order,1
recognizes,1
dumb,1
lies,1
imploration,1
attacking,1
opposed,1
brings,1
mean,1
enseignement,1
loverunderstands,1
success,1
april,1
diane,1
prove,1
deceit,1
seen,1
servir,1
goes,1
painful,1
harry,1
quenoissance,1
debilitating,1
illogical,1
pervasiveness,1
rescue,1
understand,1
eight,1
quanqu,1
importance,1
b,1
inadequate,1
group,1
modes,1
canlon,1
terms,1
adamant,1
comets,1
allegory,1
sophisms,1
makes,1
special,1
fittingly,1
sairement,1
study,1
mais,1
specious,1
confidence,1
danger,1
remarks,1
competence,1
alhazon,1
designed,1
fall,1
throng,1
feel,1
word,1
represented,1
simulacion,1
demonterrai,1
denunciation,1
holmes,1
kissed,1
true,1
sets,1
ways,1
fray,1
creatures,1
reinterpretation,1
tigner,1
completely,1
shall,1
vow,1
concerning,1
tower,1
susceptibility,1
studies,1
mirror,1
empedocles,1
nor,1
dominican,1
modern,1
serve,1
soon,1
figuratively,1
plus,1
forest,1
continuity,1
under,1
former,1
university,1
winning,1
coterie,1
tremblay,1
folly,1
stephen,1
disastrous,1
pardone,1
prises,1
lieement,1
beau,1
hands,1
puis,1
neglected,1
found,1
contained,1
necessary,1
home,1
falls,1
ruses,1
thinking,1
latin,1
wins,1
rejecting,1
delight,1
edition,1
xile,1
appear,1
monde,1
crevez,1
plaisant,1
tactics,1
same,1
teaching,1
shifting,1
convinced,1
maturity,1
ou,1
preface,1
gradually,1
acquainted,1
declares,1
hayward,1
contest,1
xxviii,1
albumazor,1
eager,1
profiting,1
mort,1
entente,1
du,1
brandishes,1
rome,1
advancing,1
wve,1
tricks,1
es,1
leads,1
armed,1
forge,1
cet,1
commonly,1
trace,1
struck,1
steel,1
syllogisms,1
enumerates,1
consistent,1
continues,1
cupid,1
fickle,1
clasps,1
comes,1
impresses,1
t,1
inconsistencies,1
recognizable,1
weeping,1
picture,1
interrupts,1
defeat,1
butturff,1
fortune,1
chose,1
ignore,1
failing,1
lightly,1
perjury,1
submit,1
mendiance,1
comprehend,1
rather,1
scipio,1
members,1
md,1
requires,1
onques,1
povres,1
terminology,1
concur,1
name,1
also,1
rendered,1
loses,1
pervasive,1
set,1
christ,1
lubbock,1
argumentative,1
mon,1
technique,1
stun,1
princenton,1
important,1
debating,1
vols,1
abyss,1
hourt,1
ancient,1
possesses,1
enters,1
commit,1
ears,1
rejects,1
trying,1
perceive,1
permanently,1
iconography,1
trop,1
rational,1
image,1
ourselves,1
countervailing,1
freely,1
successively,1
readily,1
presents,1
duplicity,1
vows,1
paper,1
efforts,1
macrobius,1
definition,1
different,1
equivocation,1
best,1
shows,1
subject,1
applause,1
eloquence,1
least,1
areas,1
mercy,1
toll,1
diverse,1
abilities,1
sei,1
avec,1
euvres,1
inner,1
genuine,1
fist,1
assertion,1
wrong,1
xlv,1
misinterpretation,1
entered,1
printed,1
called,1
reasons,1
eauz,1
surprised,1
cogency,1
murphy,1
visiting,1
redefines,1
plays,1
followers,1
allegorically,1
creiie,1
narrative,1
reasoning,1
follows,1
particularly,1
arabian,1
forum,1
distract,1
denver,1
expresses,1
obviously,1
thanks,1
john,1
comande,1
goods,1
personality,1
ff,1
quenoistras,1
contemporary,1
devez,1
refutationsto,1
endeavor,1
rapaise,1
edward,1
include,1
impending,1
subsequent,1
indulge,1
past,1
cueuers,1
instruct,1
feature,1
serious,1
quoted,1
chaille,1
vive,1
works,1
faithful,1
forms,1
admirers,1
places,1
ages,1
conclusions,1
bien,1
statement,1
billings,1
satf,1
do,1
v,1
equally,1
irony,1
gifts,1
lord,1
ironically,1
regard,1
discuss,1
covered,1
operating,1
solely,1
sincerity,1
chief,1
apostrophes,1
fable,1
applaud,1
preu,1
absolution,1
stock,1
validity,1
preudon,1
depicts,1
el,1
establish,1
orthodoxy,1
recently,1
railing,1
renaissance,1
sentence,1
asservie,1
quant,1
cannot,1
ernest,1
sarmon,1
employs,1
chuer,1
acknowledged,1
est,1
savras,1
confines,1
placed,1
ravages,1
supplication,1
suspicions,1
middle,1
mediaeval,1
entent,1
protagonists,1
produce,1
renunciation,1
ait,1
dwelling,1
dramatize,1
theory,1
required,1
urges,1
evokes,1
books,1
debate,1
ignoring,1
sell,1
prendre,1
prayer,1
revived,1
succumb,1
modify,1
gives,1
advice,1
bubbling,1
festu,1
wood,1
free,1
integrity,1
world,1
saying,1
realize,1
tantost,1
divide,1
effect,1
undermined,1
desires,1
garments,1
pardons,1
unmasks,1
will,1
nichols,1
conflictus,1
vol,1
cajolery,1
low,1
chiere,1
imprisoned,1
suggests,1
some,1
triviality,1
emphasis,1
mente,1
r,1
logical,1
threat,1
reveals,1
urban,1
ses,1
romans,1
lui,1
shame,1
drive,1
reinterpreting,1
douglas,1
conference,1
seductive,1
both,1
treated,1
langlois,1
functions,1
phenomena,1
pronouncements,1
last,1
continence,1
disagree,1
presented,1
rhetorical,1
writers,1
obvious,1
must,1
cult,1
heart,1
clear,1
un,1
sides,1
estranged,1
altered,1
significantly,1
brought,1
malicious,1
likely,1
attainment,1
removed,1
except,1
origen,1
begs,1
far,1
virtues,1
translation,1
despite,1
philology,1
indicating,1
conception,1
content,1
irrelevancy,1
fos,1
arms,1
beloved,1
herself,1
promises,1
himself,1
techniques,1
fu,1
cursing,1
undermining,1
charity,1
westminster,1
moral,1
ainz,1
barons,1
introduction,1
probably,1
precipitated,1
syllogism,1
treatise,1
q,1
fit,1
batallion,1
obtain,1
discussions,1
during,1
place,1
handbooks,1
advises,1
personae,1
clarke,1
pursuing,1
startling,1
entendre,1
admits,1
vocabulary,1
beaus,1
allows,1
exposed,1
ethopoiia,1
lii,1
survey,1
pleasure,1
learned,1
abuse,1
catches,1
sophisticis,1
lingering,1
mains,1
sachiez,1
device,1
historical,1
stay,1
time,1
mesaise,1
were,1
mole,1
realization,1
full,1
vende,1
member,1
faille,1
california,1
consequencesdraws,1
devoted,1
tell,1
involves,1
flatter,1
described,1
conducive,1
parjure,1
youth,1
explained,1
aus,1
argument,1
alan,1
years,1
desclot,1
known,1
metre,1
ethical,1
points,1
own,1
radically,1
gorgias,1
placing,1
finding,1
quest,1
against,1
certes,1
vergil,1
persuading,1
launching,1
amis,1
exerted,1
donc,1
seduce,1
doint,1
arranged,1
clue,1
proofs,1
kentucky,1
adulacion,1
naked,1
sp,1
held,1
offer,1
personifications,1
arouse,1
adopted,1
instead,1
keep,1
esteem,1
renounced,1
pleasing,1
sense,1
bone,1
describing,1
recognizing,1
fordham,1
belongs,1
glibly,1
inherent,1
provided,1
fausse,1
passee,1
staying,1
vueil,1
lviii,1
neat,1
already,1
effects,1
worldly,1
regarder,1
crafty,1
ai,1
clothes,1
anyone,1
tries,1
fond,1
unity,1
bombarded,1
posterity,1
exclude,1
meismes,1
swaggers,1
lance,1
discoveredwe,1
remains,1
association,1
demontrable,1
instruction,1
outreement,1
men,1
renouncing,1
reflectors,1
streak,1
displays,1
limitations,1
several,1
eclipses,1
amusement,1
plato,1
sweethearts,1
replacing,1
state,1
accomplished,1
sinners,1
revealing,1
ear,1
shaft,1
gent,1
pare,1
mental,1
enfer,1
disaster,1
ceaselessly,1
liee,1
devices,1
meun,1
recalls,1
veie,1
convey,1
c,1
declare,1
prompted,1
texas,1
contact,1
weapons,1
lament,1
abounds,1
overcomes,1
standpoints,1
chaucer,1
mistress,1
appointed,1
properly,1
find,1
always,1
learn,1
sidcle,1
weight,1
vis,1
paramour,1
reproduction,1
london,1
drawn,1
working,1
entire,1
slightly,1
covenants,1
spain,1
sly,1
traditional,1
testified,1
wife,1
focus,1
proper,1
using,1
streams,1
manifests,1
among,1
overthrow,1
than,1
y,1
seiist,1
here,1
traditions,1
mouths,1
explanations,1
appropriate,1
fallacies,1
discovering,1
value,1
occasion,1
augustine,1
virtue,1
wanting,1
delivered,1
meeting,1
finds,1
doing,1
prerequisites,1
douter,1
pupils,1
moved,1
contradictions,1
jealous,1
rest,1
ton,1
hardihoodare,1
rit,1
cites,1
truce,1
dictum,1
poorly,1
death,1
devicerescues,1
moreover,1
stands,1
poverty,1
says,1
allegorical,1
