WORDCOUNTS,WEIGHT
the,364
and,266
of,260
in,186
to,154
a,143
s,89
is,86
that,80
as,75
love,69
erdrich,62
storytelling,61
her,58
with,54
tales,45
this,41
it,40
american,40
for,39
burning,39
she,37
jack,36
native,36
not,36
all,34
or,34
who,34
which,33
eleanor,33
an,31
but,30
by,27
we,27
stories,26
are,26
i,25
from,25
has,24
women,23
other,23
have,23
they,20
one,20
indian,20
healing,20
like,20
european,20
their,19
new,19
louise,18
both,18
western,17
through,17
be,17
car,16
when,16
order,16
you,16
does,15
narrative,15
his,15
about,15
ed,15
can,15
on,15
was,14
story,14
contemporary,14
into,14
each,14
multiple,14
world,14
together,13
york,13
had,13
literature,13
its,13
decameron,13
narrators,13
at,12
no,12
june,12
he,12
also,12
power,12
boccaccio,12
novel,12
traditions,11
however,11
therefore,11
only,11
use,11
them,11
although,11
leopolda,10
t,10
u,10
p,10
man,10
after,10
life,10
roberta,10
rosenberg,10
way,9
within,9
magic,9
between,9
will,9
yet,9
oral,9
many,9
tradition,9
canterbury,9
hogan,9
understand,9
wives,9
what,9
silko,9
traditional,9
there,8
found,8
out,8
tale,8
people,8
notes,8
communal,8
do,8
see,8
so,8
chavkin,8
mother,8
thus,7
heptameron,7
medicine,7
own,7
cold,7
telling,7
wife,7
cycle,7
allen,7
these,7
fact,7
time,7
tell,7
literatures,7
lost,7
storytellers,7
woman,7
different,7
instead,7
create,7
texts,7
if,6
medieval,6
before,6
something,6
first,6
nature,6
words,6
book,6
harmony,6
chaucer,6
process,6
ceremony,6
important,6
imaginative,6
my,6
reader,6
personal,6
night,6
ceremonial,6
cloves,6
where,6
another,6
would,6
gunn,6
been,6
sacred,6
form,6
while,6
characters,6
momaday,6
argues,6
web,6
need,6
chippewa,6
experience,5
chaos,5
ruppert,5
seems,5
context,5
since,5
author,5
than,5
influence,5
critics,5
landscape,5
talk,5
literary,5
four,5
n,5
view,5
could,5
balance,5
well,5
used,5
place,5
up,5
pilgrims,5
return,5
narratives,5
death,5
john,5
marlis,5
never,5
renaissance,5
upon,5
modem,5
means,5
often,5
then,5
know,5
particularly,5
beginning,5
whether,5
paula,5
difference,5
final,4
child,4
himself,4
truth,4
alone,4
heal,4
center,4
complex,4
alive,4
salvation,4
cycles,4
human,4
warm,4
differences,4
takes,4
marmon,4
some,4
barry,4
century,4
kind,4
back,4
even,4
without,4
act,4
makes,4
awake,4
consciousness,4
frozen,4
albuquerque,4
ojibwa,4
us,4
opening,4
lived,4
schlick,4
cultural,4
work,4
whole,4
during,4
novels,4
candice,4
dark,4
things,4
characterizes,4
describes,4
may,4
same,4
put,4
rainwater,4
husband,4
interview,4
necessary,4
understanding,4
true,4
herself,4
described,4
similar,4
authors,4
language,4
him,4
mexico,4
provides,4
faith,4
become,4
me,4
begin,4
leslie,4
becomes,4
owens,4
fall,4
worlds,4
ve,4
text,4
argue,4
past,4
allan,4
theory,4
voice,4
anna,4
suggests,4
scott,4
our,4
come,4
off,4
themselves,4
ambivalence,3
ready,3
mystical,3
represent,3
tuscaloosa,3
fiction,3
essays,3
ways,3
studies,3
remedy,3
anything,3
sources,3
creation,3
ourselves,3
knowing,3
reading,3
felt,3
contradictory,3
powers,3
narrator,3
married,3
such,3
de,3
g,3
find,3
alabama,3
how,3
soul,3
air,3
defines,3
asks,3
destructive,3
dot,3
hands,3
qtd,3
cannot,3
writers,3
got,3
jealousy,3
snowstorm,3
earth,3
sense,3
moder,3
am,3
ironical,3
appreciate,3
murderous,3
once,3
sex,3
god,3
home,3
two,3
balancing,3
more,3
toward,3
others,3
gualteri,3
speaks,3
lives,3
camivalesque,3
psychic,3
blind,3
session,3
intent,3
made,3
postmoder,3
louis,3
listener,3
nothing,3
stay,3
were,3
sees,3
versions,3
peter,3
times,3
james,3
anger,3
perspectives,3
wisdom,3
chance,3
linda,3
lawrence,3
itself,3
heater,3
freeze,3
singular,3
conclusion,3
version,3
must,3
theme,3
symbol,3
just,3
works,3
always,3
don,3
art,3
met,3
die,3
twentieth,3
frame,3
d,3
needs,3
puts,3
navarre,3
much,3
now,2
gerald,2
accomplish,2
dies,2
created,2
headlines,2
dangers,2
everyone,2
extreme,2
introduction,2
mouth,2
mystically,2
everybody,2
likewise,2
told,2
myth,2
properly,2
word,2
live,2
uniquely,2
h,2
trapeze,2
position,2
reconnect,2
history,2
maybe,2
chooses,2
passion,2
long,2
blended,2
voices,2
exclusive,2
feeling,2
wholeness,2
broadly,2
emotion,2
rich,2
religion,2
take,2
loves,2
help,2
mind,2
written,2
influences,2
those,2
robert,2
east,2
task,2
vol,2
possible,2
move,2
obvious,2
community,2
say,2
compares,2
explorer,2
et,2
oblivion,2
conflict,2
review,2
relationships,2
unsuccessful,2
barton,2
downes,2
divine,2
thing,2
old,2
keep,2
young,2
unsuccessfully,2
pueblo,2
sun,2
sister,2
regain,2
failed,2
americans,2
rather,2
vizenor,2
english,2
adds,2
morrison,2
homogenize,2
sort,2
narrativity,2
morace,2
direct,2
overlooked,2
postmodern,2
forget,2
weaves,2
yellow,2
spirit,2
harmonizing,2
most,2
isolation,2
uses,2
alienation,2
undiscoverable,2
critic,2
resembles,2
scenes,2
shared,2
pain,2
poetry,2
fisher,2
doesn,2
turell,2
prayer,2
theseus,2
creates,2
scene,2
because,2
listening,2
rainy,2
framed,2
toothache,2
heart,2
r,2
part,2
apparent,2
literally,2
collective,2
actually,2
believes,2
lips,2
change,2
discourse,2
quite,2
around,2
heat,2
several,2
differing,2
tracks,2
disconnected,2
explains,2
displaced,2
rest,2
seemed,2
silberman,2
happen,2
timeless,2
second,2
action,2
synthesis,2
says,2
initially,2
single,2
competition,2
loaded,2
criticism,2
message,2
inspiration,2
combat,2
revitalizing,2
sandpainting,2
panfilo,2
complete,2
culture,2
al,2
begins,2
mla,2
isolated,2
social,2
transformative,2
fire,2
name,2
french,2
christ,2
agree,2
ought,2
really,2
larger,2
hear,2
beidler,2
childress,2
patterns,2
ages,2
present,2
less,2
number,2
group,2
mythic,2
admits,2
background,2
melus,2
previously,2
looking,2
identity,2
heath,2
significant,2
scalding,2
blindfold,2
ethnic,2
toes,2
students,2
anthology,2
significance,2
historic,2
reality,2
health,2
essay,2
individual,2
blend,2
mountain,2
imagination,2
state,2
structure,2
confusing,2
save,2
confesses,2
quarterly,2
suggest,2
dawn,2
penguin,2
tentative,2
invokes,2
vision,2
pampinea,2
prose,2
raymond,2
dislocated,2
seen,2
bears,2
force,2
transformation,2
roemer,2
paradoxical,2
try,2
inspired,2
responsible,2
analysis,2
norton,2
achieve,2
susan,2
comic,2
redemptive,2
talking,2
inclusivity,2
loving,2
set,2
shares,2
cultures,2
flew,2
seem,2
down,2
faulkner,2
half,2
universal,2
reminiscent,2
thy,2
purdy,2
terms,2
particular,2
problem,2
waters,2
chaotic,2
contain,2
aren,2
universe,2
remember,2
balances,2
disparate,2
despite,2
sitting,2
snow,2
think,2
until,2
survival,2
catherine,2
finally,2
crisis,2
brain,2
seeks,2
centripetal,2
potential,2
actions,2
early,2
views,2
develop,2
divergent,2
re,2
images,2
prison,2
carver,2
north,2
building,2
conversations,2
daughter,2
witless,2
difficult,1
trick,1
ending,1
margins,1
undergraduate,1
frail,1
possessed,1
mute,1
done,1
companionship,1
prefer,1
common,1
conflicting,1
later,1
religions,1
rev,1
meaning,1
warming,1
freezing,1
asleep,1
trans,1
red,1
fragmented,1
blends,1
disregard,1
forcing,1
church,1
police,1
achievements,1
hate,1
approved,1
kinds,1
catastrophe,1
unavailing,1
postmodernist,1
sets,1
cynical,1
criticizes,1
completely,1
implanted,1
convict,1
sublime,1
modern,1
kiowa,1
scarred,1
sweeter,1
realities,1
conclusive,1
hair,1
acceptance,1
necessarily,1
ardor,1
abusive,1
harsh,1
presents,1
unlike,1
invent,1
lavonne,1
physicians,1
perceptive,1
tells,1
melt,1
husbands,1
reinscribing,1
societal,1
faithless,1
laura,1
journeys,1
being,1
said,1
painful,1
came,1
warns,1
sit,1
else,1
lexington,1
hence,1
embraced,1
jackson,1
rinehart,1
coletti,1
originally,1
ii,1
implications,1
attempts,1
restoration,1
ceremonially,1
humans,1
unrealistically,1
multivolume,1
nancy,1
worked,1
absurd,1
rational,1
destablizing,1
advanced,1
j,1
grandfather,1
hatred,1
definition,1
dramatically,1
replaces,1
mauser,1
spider,1
peck,1
broken,1
suggesting,1
desire,1
great,1
reconnecting,1
simple,1
momentum,1
therein,1
timing,1
analyses,1
follows,1
able,1
transforms,1
reveal,1
loud,1
concludes,1
mississippi,1
palamon,1
disconnects,1
real,1
jumped,1
alert,1
concepts,1
raised,1
opposite,1
tortures,1
ours,1
somewhat,1
replies,1
intelligence,1
hoy,1
hostility,1
confused,1
worldwide,1
sugary,1
similarities,1
dilettante,1
speech,1
exhale,1
case,1
afterword,1
depending,1
swells,1
modernist,1
missouri,1
advice,1
primary,1
sought,1
conditioned,1
right,1
account,1
restoring,1
logical,1
condition,1
reaching,1
vaguely,1
mutual,1
vital,1
fractures,1
arcite,1
apart,1
griselda,1
peggy,1
point,1
ingenious,1
resources,1
cited,1
interviews,1
melting,1
safely,1
fragment,1
sand,1
illustrating,1
behavior,1
mainstream,1
optimism,1
exist,1
repeatedly,1
victim,1
maynard,1
central,1
goal,1
andy,1
accessible,1
torturous,1
angles,1
historically,1
dying,1
aborted,1
blast,1
marguerite,1
patient,1
illustrates,1
safety,1
against,1
bruhac,1
paradoxically,1
killers,1
brotherly,1
moment,1
adopted,1
hostages,1
mcwilliam,1
facet,1
bums,1
application,1
conducted,1
destabilized,1
pluck,1
smiling,1
dozing,1
restore,1
loser,1
forced,1
bus,1
misconception,1
saved,1
potion,1
teller,1
unhappiness,1
complains,1
blame,1
blizzard,1
perspective,1
visions,1
body,1
response,1
columbia,1
holds,1
radio,1
granddaughters,1
enlightened,1
thin,1
compare,1
feyl,1
died,1
momentary,1
cautions,1
obscure,1
student,1
beat,1
communication,1
look,1
preserving,1
constructs,1
fool,1
roaring,1
oklahoma,1
unenlightened,1
simplistic,1
terror,1
protects,1
destabilize,1
jones,1
sisterhood,1
generation,1
talent,1
sisters,1
undone,1
striped,1
cites,1
slumped,1
react,1
grasp,1
perfect,1
employ,1
divergence,1
steps,1
interesting,1
uncharacteristic,1
shake,1
fixes,1
dangerously,1
whose,1
essential,1
brokenness,1
resists,1
statements,1
bring,1
sessions,1
l,1
portrayed,1
main,1
absent,1
superficial,1
centered,1
developed,1
lusts,1
gerry,1
remain,1
edward,1
basic,1
misinterprets,1
tsaile,1
rapids,1
levels,1
notion,1
mean,1
decentering,1
sad,1
realizes,1
goes,1
paz,1
rescue,1
heard,1
stops,1
flexible,1
connected,1
strands,1
exorcised,1
importance,1
b,1
certain,1
matures,1
derived,1
oflife,1
possess,1
study,1
lay,1
cases,1
feel,1
dismiss,1
space,1
mediate,1
moreover,1
supposed,1
az,1
maitino,1
addressing,1
unconventional,1
ordeal,1
antagonism,1
reason,1
tooth,1
distinct,1
clerk,1
operates,1
wanted,1
counterparts,1
university,1
recaptured,1
revising,1
physically,1
disrupts,1
organized,1
disappointment,1
hoops,1
linked,1
recombination,1
harmonizes,1
driven,1
recentered,1
thee,1
argued,1
too,1
xi,1
atomization,1
rescued,1
orientation,1
acknowledges,1
ask,1
wire,1
atomizing,1
overrated,1
warmed,1
random,1
requires,1
instance,1
thieves,1
acrobatic,1
guidance,1
dominant,1
unfailing,1
m,1
david,1
guilt,1
provisional,1
strategy,1
boethian,1
reintroduce,1
cut,1
nia,1
foretold,1
methodology,1
nebraska,1
artistic,1
epilogue,1
contention,1
originality,1
raw,1
closely,1
immutable,1
remembered,1
geoffrey,1
polyvocal,1
brutalizing,1
achronological,1
called,1
joy,1
amity,1
attack,1
speaker,1
effort,1
unconcerned,1
pass,1
compassion,1
dispute,1
vortex,1
dislocation,1
eliot,1
misdeeds,1
illness,1
shoes,1
spinning,1
passionate,1
remedies,1
modemday,1
pure,1
rousing,1
furthermore,1
traits,1
though,1
pitch,1
aspects,1
persons,1
suffered,1
excellent,1
ford,1
blossoms,1
spiritual,1
your,1
absolute,1
explain,1
reinvest,1
possibility,1
memory,1
overlapping,1
failure,1
gained,1
none,1
network,1
basis,1
future,1
degrees,1
inconstancy,1
sadism,1
conjured,1
schuster,1
ideal,1
stiff,1
mininarratives,1
pighead,1
brought,1
intertextualities,1
purpose,1
rebalance,1
example,1
knowledge,1
calls,1
disconnection,1
symbolism,1
indigenous,1
anew,1
knight,1
fence,1
eurocentric,1
year,1
roll,1
bible,1
describe,1
consistently,1
older,1
harmonize,1
concentrate,1
seated,1
sieve,1
tumultuous,1
music,1
away,1
incantation,1
tabloid,1
flatter,1
rage,1
dakota,1
won,1
miss,1
asphyxiated,1
universally,1
sink,1
heuristic,1
approach,1
inwardspiraling,1
eccentric,1
insignificant,1
compost,1
good,1
tough,1
construct,1
brush,1
drums,1
painting,1
scorch,1
working,1
below,1
useful,1
distances,1
tom,1
shaping,1
hiding,1
coupled,1
poet,1
next,1
uncontrolled,1
catholic,1
grisildis,1
ennobling,1
melted,1
involved,1
family,1
dwell,1
spiritually,1
mandeville,1
ignore,1
few,1
altered,1
feelings,1
significantly,1
temporary,1
psychological,1
mi,1
manchester,1
beck,1
ericson,1
suddenly,1
enquirer,1
herb,1
tennyson,1
sluts,1
former,1
patience,1
purification,1
using,1
peculiar,1
participates,1
beauty,1
newly,1
alienated,1
paul,1
propriety,1
evoked,1
multiplying,1
rebalanced,1
critical,1
refocuses,1
transform,1
situation,1
exterior,1
contest,1
contingent,1
imagery,1
wrote,1
turns,1
gathering,1
manipulate,1
deadly,1
wait,1
unconscious,1
forward,1
nearly,1
awakens,1
giovanni,1
ruoff,1
breath,1
fixture,1
whatever,1
july,1
still,1
above,1
plagues,1
surviving,1
house,1
comments,1
depressed,1
blending,1
recreating,1
seemingly,1
suppose,1
religious,1
sec,1
positive,1
mediator,1
guide,1
spoken,1
donne,1
communities,1
widows,1
bulletins,1
floods,1
interpretation,1
intuitively,1
recounts,1
educates,1
represents,1
atomize,1
read,1
paradox,1
happened,1
builds,1
thought,1
evil,1
continuity,1
under,1
windows,1
palaces,1
thesis,1
dominates,1
ancient,1
quarrel,1
emotions,1
delight,1
arcs,1
shutting,1
teaching,1
warmth,1
popularized,1
window,1
contempt,1
psyche,1
gay,1
animus,1
bar,1
stars,1
foucault,1
gospels,1
flee,1
gotten,1
masterpieces,1
lee,1
volume,1
unsung,1
writing,1
lauter,1
leader,1
revitalized,1
skill,1
seduced,1
preenlightenment,1
technique,1
journey,1
mark,1
individualization,1
undetermined,1
fragmentation,1
usurpers,1
pointed,1
europe,1
drink,1
similarly,1
harmonious,1
nutcase,1
water,1
release,1
longer,1
admit,1
decentered,1
overwhelming,1
moribund,1
walked,1
creative,1
happily,1
dysfunctional,1
blames,1
angry,1
break,1
isolate,1
disoriented,1
circling,1
somewhere,1
faults,1
end,1
disconnecting,1
cheerful,1
everything,1
false,1
doubt,1
contends,1
claimed,1
pattern,1
treasured,1
jump,1
discussed,1
serious,1
forms,1
readers,1
enough,1
consciously,1
ironically,1
bruchac,1
threads,1
innovative,1
continuing,1
competitors,1
newport,1
accepted,1
hated,1
michael,1
immature,1
forth,1
dance,1
funeral,1
practice,1
maturity,1
perhaps,1
syncretic,1
belief,1
exceeds,1
books,1
octavio,1
gives,1
counterpart,1
elaine,1
remarkably,1
realize,1
enmity,1
runaway,1
wrapped,1
fight,1
sir,1
original,1
simon,1
credit,1
crystals,1
collecting,1
lap,1
reinfusing,1
casual,1
discussion,1
father,1
disease,1
survive,1
skepticism,1
muttered,1
crossing,1
catholicism,1
unknowing,1
including,1
holt,1
chickasaw,1
recover,1
wonder,1
forgot,1
food,1
diva,1
engenders,1
prominently,1
pleasure,1
net,1
catalyst,1
exhibited,1
kingdom,1
hour,1
canon,1
icy,1
ameliorate,1
contentment,1
trust,1
voiceless,1
ceremonies,1
hardened,1
complicated,1
jahner,1
involves,1
rejected,1
navajo,1
clear,1
discovered,1
margaret,1
three,1
visualization,1
liquor,1
logic,1
interpret,1
multivocal,1
held,1
eve,1
christopher,1
allowed,1
general,1
function,1
stresses,1
easter,1
homogenized,1
counted,1
filled,1
longings,1
catgut,1
conversation,1
poetic,1
black,1
martin,1
least,1
men,1
artificial,1
firefighters,1
especially,1
queen,1
flame,1
promote,1
accusing,1
cathartic,1
sharings,1
parallel,1
feet,1
insists,1
interpretations,1
remembers,1
wreck,1
unites,1
suicidal,1
probably,1
purging,1
slightly,1
differ,1
shaggy,1
equivalent,1
pipe,1
cruel,1
authorship,1
commence,1
thunder,1
relative,1
tougher,1
professional,1
recurring,1
synoptic,1
hope,1
centre,1
restores,1
separate,1
shocked,1
ranging,1
discussing,1
christian,1
signs,1
relationship,1
informs,1
singer,1
lovers,1
today,1
ballantine,1
mysteriously,1
lot,1
continued,1
mixture,1
science,1
mediation,1
kenneth,1
crucial,1
fear,1
spouse,1
inside,1
parent,1
urges,1
dorris,1
male,1
rushed,1
concluding,1
relations,1
landmarks,1
effectively,1
visual,1
importantly,1
tarp,1
sequences,1
stage,1
linking,1
minimalist,1
why,1
kill,1
blood,1
united,1
dead,1
insanities,1
harshly,1
education,1
centuries,1
exists,1
get,1
figured,1
problematic,1
hearer,1
joseph,1
meant,1
ash,1
hearts,1
torment,1
acquired,1
ccp,1
heavy,1
any,1
constant,1
terrible,1
trying,1
hanging,1
comes,1
series,1
redemption,1
changing,1
grand,1
ever,1
reconnects,1
continues,1
forgetting,1
known,1
physical,1
ll,1
echoes,1
charles,1
regress,1
listeners,1
eerdmans,1
alternative,1
bath,1
quickly,1
highly,1
unavailable,1
intellectual,1
chewing,1
sure,1
deconstructed,1
metaphorically,1
paper,1
disinterested,1
welch,1
setting,1
believe,1
epistemological,1
post,1
denver,1
plague,1
perfectly,1
far,1
benefit,1
freak,1
profitless,1
trailing,1
movie,1
living,1
codes,1
absolutely,1
survivors,1
believed,1
outlook,1
william,1
didn,1
breach,1
storyteller,1
redeem,1
catastrophic,1
unfulfilled,1
answered,1
transmitted,1
unique,1
ma,1
flames,1
metaphor,1
orally,1
signature,1
writes,1
loved,1
gutter,1
woodward,1
listen,1
injunction,1
shakespeare,1
westerners,1
soothe,1
cloth,1
influenced,1
reintegrative,1
library,1
middle,1
bingo,1
boston,1
intention,1
occasionally,1
ordinations,1
code,1
ancestral,1
conclude,1
content,1
pat,1
happy,1
predecessors,1
subject,1
lies,1
assumptions,1
happens,1
pervades,1
target,1
contribute,1
overtakes,1
healed,1
bridges,1
indians,1
vocal,1
comprehend,1
goals,1
wayfarers,1
hoop,1
leap,1
contrasts,1
analogy,1
named,1
villains,1
understandings,1
murdering,1
ultimately,1
spring,1
defends,1
argument,1
birth,1
kid,1
continual,1
righteousness,1
deals,1
paradigm,1
numerous,1
write,1
recovering,1
accept,1
trauma,1
aware,1
motives,1
wish,1
sat,1
parallels,1
insight,1
vibrate,1
enlightenment,1
destinies,1
evidence,1
unified,1
cautionary,1
writer,1
glass,1
lincoln,1
defined,1
derive,1
attempted,1
philosophy,1
counseling,1
mack,1
walking,1
remains,1
francisco,1
association,1
comical,1
magical,1
morning,1
enclosed,1
tellers,1
west,1
sisterly,1
refreshed,1
drifts,1
mystery,1
partial,1
norman,1
hymn,1
ownership,1
entire,1
given,1
interaction,1
winston,1
focus,1
immediately,1
conventions,1
seek,1
recent,1
turs,1
tired,1
cross,1
should,1
showed,1
jealous,1
major,1
deeper,1
harmful,1
