WORDCOUNTS,WEIGHT
the,723
of,531
and,487
in,404
to,344
a,267
that,219
ellis,183
was,172
s,136
sexual,131
as,129
he,128
by,105
on,104
for,96
this,96
ofthe,81
his,79
it,77
were,76
pain,74
be,72
with,68
not,66
her,65
she,57
is,56
from,54
an,52
which,52
masochism,49
had,48
sadism,47
love,45
work,44
or,44
also,43
medical,42
at,40
more,40
about,39
these,39
their,37
did,36
between,36
such,35
english,34
women,34
who,34
sexuality,33
other,31
see,31
sex,30
algolagnia,29
than,29
how,29
could,29
london,29
havelock,29
one,28
crozier,28
case,28
but,28
are,28
they,27
some,27
perversion,27
aspects,26
have,26
history,25
kiernan,25
science,24
two,23
new,23
ivan,23
ideas,22
cases,22
many,22
would,22
studies,21
being,21
all,21
sexology,21
while,21
sadistic,20
rather,20
knowledge,20
jules,20
desire,19
female,19
so,19
him,19
them,19
florrie,19
i,18
clevenger,18
impulse,18
although,18
sexological,17
its,17
when,17
wrote,17
same,17
only,17
upon,17
considered,17
both,17
philosophy,17
first,16
there,16
has,16
ed,16
made,16
pleasure,16
boudoir,16
life,16
much,16
de,15
medicine,15
feminine,15
psychological,15
field,15
fere,15
psychology,15
freud,14
way,14
later,14
trans,14
normal,14
journal,14
active,14
r,14
own,14
order,14
girl,14
thought,14
time,14
man,14
claims,14
specific,14
into,13
cited,13
may,13
found,13
well,13
passive,13
will,13
social,13
idea,13
number,13
often,13
can,13
we,13
been,13
person,13
d,13
behavior,12
even,12
animals,12
psychoanalytic,12
desires,12
people,12
scientific,12
noted,12
discourses,12
discussion,12
especially,12
stekel,12
then,12
must,12
different,12
ofa,12
american,11
evolution,11
masochistic,11
mental,11
point,11
no,11
involved,11
men,11
significant,11
moral,11
individual,11
general,11
earlier,11
behaviors,11
algophilia,11
if,10
might,10
thus,10
cultural,10
erotic,10
p,10
basis,10
society,10
hunger,10
woman,10
manifestations,10
james,10
acton,10
blood,10
physical,10
continental,10
what,10
writing,10
should,10
england,9
psychoanalysis,9
masturbation,9
interest,9
gendered,9
important,9
suggested,9
used,9
during,9
others,9
forms,9
herself,9
male,9
natural,9
historical,9
works,9
subject,9
homosexuality,9
orgasm,9
essays,8
murder,8
practices,8
himself,8
since,8
adopted,8
study,8
sade,8
edition,8
world,8
related,8
treated,8
husband,8
moyer,8
types,8
acquired,8
drew,8
interested,8
became,8
chicago,8
among,8
done,7
ways,7
sexologists,7
algophily,7
position,7
sources,7
address,7
individuals,7
able,7
con,7
very,7
review,7
nor,7
york,7
basic,7
legal,7
linked,7
show,7
however,7
part,7
example,7
issues,7
up,7
model,7
where,7
less,7
horney,7
writings,7
use,7
algophilic,7
discussed,7
like,7
become,7
relation,7
masculine,7
attention,7
relationship,7
referred,7
text,7
paper,7
believed,7
form,7
theory,7
phenomenon,7
evidence,7
early,7
child,6
before,6
j,6
great,6
greatly,6
concepts,6
primitive,6
political,6
relations,6
inversion,6
though,6
philadelphia,6
ofhis,6
process,6
after,6
derived,6
consider,6
stefanowsky,6
argued,6
age,6
most,6
result,6
my,6
out,6
because,6
writers,6
discussions,6
et,6
showing,6
published,6
atavistic,6
research,6
indeed,6
albert,6
included,6
book,6
eonism,6
treatment,6
john,6
end,6
do,6
psychic,6
years,6
extended,6
nevertheless,6
theoretical,6
attraction,6
passivism,6
enjoyed,6
paris,6
browne,6
analysis,6
any,6
following,6
making,6
almost,6
phenomena,6
through,6
aspect,6
cambridge,6
strong,6
e,5
true,5
reprinted,5
t,5
nature,5
inflict,5
origin,5
last,5
reading,5
issue,5
dr,5
hall,5
condition,5
conception,5
moll,5
copulation,5
elements,5
late,5
times,5
subjects,5
find,5
ment,5
tumescence,5
without,5
masoch,5
von,5
old,5
bloch,5
intercourse,5
victorian,5
whipped,5
expressed,5
came,5
whom,5
histories,5
noting,5
further,5
stock,5
reviews,5
naturalism,5
literature,5
fit,5
lancet,5
nacht,5
nymphomania,5
responsibility,5
family,5
several,5
feelings,5
und,5
coitus,5
second,5
various,5
still,5
comments,5
biological,5
under,5
culture,5
illustrated,5
members,5
law,5
never,5
state,5
material,5
another,5
father,5
considering,5
including,5
numerous,5
real,5
write,5
theories,5
doctors,5
essay,5
sexualis,5
european,5
note,5
understand,5
satisfaction,5
construction,5
psychiatrist,5
marquis,5
addressed,5
shaw,5
practice,5
congenital,5
inquiry,5
animal,5
william,5
particular,5
problem,5
likes,5
murders,5
sadist,5
mas,5
cruelty,5
question,5
until,5
barnes,5
instinct,5
charles,5
sigmund,4
neurologist,4
affected,4
extreme,4
submission,4
associated,4
prostitutes,4
buttocks,4
eaten,4
carpenter,4
authority,4
psychiatry,4
hysterical,4
stressed,4
long,4
sadger,4
europe,4
whipping,4
mind,4
written,4
emphasized,4
those,4
tortures,4
within,4
venereal,4
context,4
politics,4
central,4
development,4
due,4
against,4
psychoanalysts,4
dis,4
cal,4
consequently,4
perversions,4
phases,4
wounds,4
essential,4
developed,4
addressing,4
lesley,4
means,4
spitzka,4
university,4
proposed,4
beyond,4
acceptable,4
called,4
international,4
radical,4
excite,4
captured,4
term,4
ofsexuality,4
modesty,4
dog,4
gender,4
ten,4
personal,4
employed,4
good,4
sense,4
involve,4
quite,4
acts,4
degeneration,4
make,4
frank,4
read,4
insanity,4
complete,4
rape,4
emotional,4
maintained,4
precocious,4
french,4
appeared,4
practitioners,4
arthur,4
took,4
secular,4
sister,4
degree,4
disease,4
manifestation,4
exhibited,4
described,4
dominated,4
arousal,4
lasserre,4
problems,4
article,4
sadomasochism,4
professional,4
la,4
separate,4
george,4
usually,4
primarily,4
abnormal,4
force,4
existed,4
ing,4
mother,4
instances,4
itself,4
ochism,4
symbolic,4
patients,4
over,4
each,4
connection,4
far,4
living,4
whether,4
statement,4
extent,4
dark,4
girls,4
agreed,4
introduced,4
role,4
re,4
touch,4
difference,4
texts,4
kuhn,4
cussion,3
struggle,3
common,3
concerned,3
tion,3
dissolution,3
passing,3
complex,3
whip,3
kinds,3
satisfied,3
motive,3
character,3
husbands,3
nineteenth,3
arguing,3
prac,3
cutting,3
experience,3
predominantly,3
painful,3
else,3
expertise,3
originally,3
feeling,3
bloodlust,3
definition,3
together,3
differences,3
masochist,3
homosexual,3
goldhammer,3
religion,3
spanking,3
committed,3
british,3
primary,3
psycho,3
right,3
felt,3
logical,3
activity,3
shared,3
slight,3
bisexual,3
desired,3
say,3
lydston,3
married,3
experiences,3
component,3
pursuit,3
relatively,3
century,3
mixed,3
distinct,3
back,3
marriage,3
response,3
young,3
psychiatrists,3
secularism,3
higher,3
whose,3
act,3
rado,3
get,3
ex,3
importance,3
contributions,3
factors,3
tactile,3
frequently,3
observations,3
origins,3
fiir,3
always,3
instance,3
m,3
view,3
penetration,3
sight,3
orgasms,3
topics,3
nottingham,3
public,3
briefly,3
specifically,3
having,3
line,3
whole,3
sexually,3
gave,3
status,3
weeks,3
either,3
below,3
psychiatric,3
provided,3
jeffrey,3
f,3
therefore,3
variety,3
cannibalism,3
play,3
july,3
above,3
domination,3
religious,3
violence,3
morbid,3
neither,3
al,3
heterosexual,3
friend,3
predisposition,3
penis,3
foucault,3
picture,3
alienist,3
etiology,3
power,3
emotions,3
fact,3
consideration,3
courtship,3
everything,3
rhetoric,3
v,3
accepted,3
eds,3
thighs,3
original,3
survive,3
newyork,3
organisms,3
europeans,3
necrophilism,3
entirely,3
expression,3
biology,3
questions,3
engaged,3
continue,3
clear,3
three,3
talk,3
publication,3
sadique,3
played,3
constructing,3
effect,3
raised,3
differ,3
parameters,3
attracted,3
tendency,3
relative,3
iwan,3
consists,3
somewhat,3
suggestion,3
sometimes,3
congenitally,3
strongly,3
discourse,3
methods,3
breasts,3
sheila,3
fields,3
clinical,3
detail,3
multiple,3
canguilhem,3
certain,3
thinking,3
series,3
ism,3
medi,3
sciences,3
set,3
partner,3
tendencies,3
key,3
provoke,3
childbirth,3
davidson,3
merely,3
investigation,3
beaten,3
produce,3
influenced,3
incorporated,3
des,3
careful,3
pervert,3
given,3
press,3
lesbianism,3
ac,3
die,3
sion,3
conventional,3
analysts,3
adopting,3
shown,3
argument,3
conditions,3
sought,3
deleuze,3
wish,3
detumescence,3
specialists,3
defined,3
derive,3
news,3
meaning,3
themselves,3
c,3
views,3
predisposed,3
fellowship,3
observed,3
deutsch,3
archives,2
interests,2
mania,2
anthropophagy,2
animale,2
prurient,2
market,2
cells,2
introduction,2
denied,2
referring,2
asserted,2
easily,2
modern,2
favor,2
january,2
former,2
tween,2
unlike,2
habits,2
physicians,2
du,2
said,2
digby,2
gilles,2
exaggerated,2
attempts,2
taken,2
anomalies,2
dreams,2
liberty,2
words,2
bites,2
shaped,2
attractive,2
sadists,2
thank,2
imaginary,2
revisions,2
studied,2
venus,2
court,2
take,2
ancestry,2
robert,2
papers,2
side,2
forthcoming,2
roy,2
recorded,2
translations,2
mass,2
me,2
america,2
biting,2
jack,2
vol,2
porter,2
prior,2
possible,2
sexo,2
sexuelle,2
vital,2
barry,2
taking,2
genetic,2
along,2
furs,2
spanked,2
empha,2
letter,2
symonds,2
authors,2
human,2
associations,2
beating,2
erection,2
explained,2
peculiarities,2
facts,2
patient,2
psy,2
g,2
doctor,2
rework,2
oflove,2
jahrbuch,2
reproduced,2
topic,2
moment,2
sized,2
bloody,2
claye,2
ally,2
canine,2
georges,2
revised,2
beat,2
occasion,2
lesser,2
regis,2
added,2
coldness,2
purely,2
across,2
edward,2
masochists,2
conflation,2
capture,2
notion,2
proportion,2
connected,2
idiosyncratic,2
terms,2
tribadism,2
selected,2
lay,2
masochismus,2
psychosexual,2
lives,2
changes,2
gener,2
perpetuation,2
wanted,2
emergence,2
spontaneously,2
attain,2
impact,2
dominate,2
traces,2
corpses,2
urologic,2
reviewed,2
commented,2
n,2
followed,2
generally,2
fre,2
inflicting,2
pierre,2
feeble,2
dominant,2
lust,2
appear,2
greater,2
hours,2
based,2
method,2
viewpoint,2
rationalist,2
hands,2
typical,2
patrick,2
deal,2
constantly,2
interpretations,2
attained,2
inter,2
algo,2
traced,2
informed,2
infliction,2
fusion,2
posited,2
cuts,2
children,2
treat,2
produced,2
meet,2
suffered,2
exhaustion,2
appearing,2
circumstances,2
sodomite,2
professionals,2
masculinity,2
information,2
wills,2
ther,2
journals,2
psychoanalytische,2
intense,2
ideal,2
preferred,2
nine,2
claim,2
concept,2
prominent,2
stances,2
purpose,2
apparendy,2
quently,2
geddes,2
data,2
flagellation,2
intermediate,2
editorial,2
excitation,2
actually,2
forces,2
away,2
drysdale,2
towards,2
manipulation,2
preceded,2
remember,2
autosuggestion,2
suggest,2
box,2
le,2
cen,2
normality,2
explored,2
small,2
influence,2
starting,2
brides,2
presence,2
australian,2
boundaries,2
ent,2
degradation,2
fully,2
struck,2
perverse,2
inneite,2
paid,2
inverted,2
whippings,2
am,2
venereology,2
cite,2
critical,2
syphilitic,2
noteworthy,2
eulenburg,2
implications,2
absence,2
contact,2
implicitly,2
vaginal,2
letters,2
genitals,2
comparative,2
appreciate,2
nietzsche,2
initially,2
modes,2
reception,2
chap,2
oxford,2
wishes,2
experienced,2
ancient,2
prisoners,2
wished,2
universality,2
symptom,2
ofsex,2
already,2
tropes,2
childhood,2
toward,2
again,2
nympho,2
efforts,2
lack,2
stories,2
fundamental,2
head,2
torture,2
sadismus,2
enable,2
reacted,2
contemporary,2
eclosion,2
anne,2
receiving,2
reproductive,2
enough,2
hand,2
drinking,2
physiological,2
manner,2
derivation,2
purposes,2
existing,2
relevant,2
poles,2
perhaps,2
books,2
style,2
gently,2
remarkably,2
remained,2
garnier,2
imagine,2
fellatio,2
preferring,2
krafftebing,2
depended,2
unfortunately,2
emphasize,2
factor,2
morality,2
overcoming,2
bed,2
inflicted,2
story,2
vidal,2
low,2
significance,2
dominating,2
tury,2
points,2
bestiality,2
soldiers,2
stimulation,2
isador,2
imagination,2
brought,2
eyes,2
lesbian,2
evolutionary,2
exaggeration,2
awakening,2
epistemology,2
pro,2
seeking,2
slightly,2
saw,2
haven,2
quarterly,2
strachey,2
perverted,2
secularist,2
concluded,2
species,2
reluctant,2
increasing,2
things,2
accepting,2
relying,2
christian,2
amoebae,2
belonged,2
continued,2
attributes,2
crucial,2
naturally,2
origine,2
whitechapel,2
claimed,2
urolagnia,2
archaeology,2
urges,2
success,2
seen,2
michel,2
contribution,2
degenerative,2
try,2
injury,2
wilhelm,2
owed,2
ward,2
dead,2
respect,2
humiliation,2
examine,2
articles,2
pleasurable,2
gathered,2
sound,2
cunnilingus,2
assistant,2
contained,2
authorities,2
sexes,2
ripper,2
reasoning,2
conclusion,2
ethnological,2
demonstrate,2
simply,2
extensive,2
ever,2
bonaparte,2
symbol,2
tice,2
favorably,2
intellectual,2
proof,2
control,2
sure,2
cultures,2
spontaneous,2
expanding,2
best,2
prominence,2
argue,2
regard,2
hinton,2
audience,2
examining,2
section,2
tracts,2
enlarged,2
pathological,2
places,2
indulged,2
draw,2
according,2
discuss,2
enjoyment,2
combined,2
criminelle,2
physiology,2
appreciated,2
cause,2
tinuum,2
necrophilia,2
violent,2
maintain,2
textbook,2
excitement,2
quired,2
therapy,2
consisting,2
gratification,2
appetite,2
emphasis,2
freedom,2
drawers,2
radically,2
endocrinology,2
heredity,2
biologically,2
reported,2
prevalent,2
procure,2
tried,2
respectable,2
step,2
illustrate,2
huxley,2
using,2
gain,2
masturbated,2
tions,2
conn,2
resist,2
motives,2
harm,2
sandor,2
instead,2
include,2
opposite,2
bland,2
states,2
involving,2
you,2
doubtless,2
moved,2
inclination,2
offered,2
algolagnic,2
valuable,2
russia,2
justify,2
element,2
little,2
develop,2
focus,2
meeting,2
asked,2
showed,2
sa,1
nicholas,1
desirable,1
frequent,1
miller,1
entities,1
excretion,1
now,1
volved,1
stimuli,1
produces,1
o,1
owes,1
rearticulations,1
lation,1
stu,1
edge,1
ethics,1
centralen,1
medieval,1
answers,1
implying,1
develops,1
recalls,1
groups,1
freudians,1
revue,1
preference,1
stood,1
forschung,1
ments,1
created,1
commitment,1
psychogenetique,1
go,1
represent,1
does,1
career,1
everyone,1
necrophiliac,1
meibom,1
insufficiently,1
struggled,1
footnote,1
determine,1
happen,1
advocated,1
succession,1
teich,1
berlin,1
outweighed,1
glimpses,1
church,1
dulls,1
visible,1
stripped,1
group,1
tlie,1
large,1
ludicrous,1
louisville,1
discover,1
led,1
partially,1
sexualities,1
bruises,1
elaborated,1
cas,1
mostly,1
fa,1
precede,1
word,1
alienists,1
isting,1
tors,1
specialist,1
h,1
materialistic,1
completely,1
forme,1
discussants,1
demeaning,1
respectability,1
nl,1
bondage,1
country,1
park,1
conscious,1
pornography,1
considerations,1
weaker,1
surreptitious,1
laboratory,1
gluteal,1
periods,1
flogged,1
rapist,1
necessarily,1
title,1
stan,1
invent,1
replicate,1
knox,1
holding,1
bled,1
feels,1
contented,1
exceptions,1
unite,1
something,1
induced,1
acquainted,1
relativism,1
leipzig,1
eager,1
princeton,1
chief,1
routinely,1
annals,1
precursors,1
lal,1
interestingly,1
pathia,1
contexts,1
etration,1
baker,1
laura,1
spit,1
arms,1
indifference,1
round,1
attribute,1
eugenically,1
eigh,1
www,1
australia,1
undermine,1
sexualenipfindung,1
brigands,1
variants,1
cunnilinctus,1
dworkin,1
disbelief,1
torical,1
beautifully,1
ingestive,1
jackson,1
served,1
importing,1
rich,1
alienistand,1
regulating,1
pervasive,1
derives,1
setting,1
gained,1
nietzschean,1
voluptuous,1
verwenthug,1
give,1
chaos,1
derselben,1
culturally,1
logics,1
sub,1
humans,1
agenda,1
artificially,1
emerged,1
diseases,1
seems,1
hour,1
hatred,1
tear,1
confirmed,1
incorporating,1
possibilities,1
cial,1
quid,1
scientists,1
tradition,1
crops,1
leaders,1
divorce,1
friction,1
secondary,1
devel,1
fetichism,1
suggesting,1
know,1
display,1
insensible,1
detumescent,1
richards,1
grounding,1
garded,1
disgust,1
producing,1
habitually,1
governess,1
aorgasmia,1
incident,1
transferred,1
link,1
continen,1
skirts,1
psyche,1
tx,1
humiliations,1
faked,1
nonanalyst,1
loves,1
subsequent,1
gert,1
melding,1
achieved,1
feature,1
interlinked,1
embrace,1
harmondsworth,1
traditionally,1
devised,1
ofour,1
priest,1
alert,1
respond,1
precisely,1
pects,1
doc,1
indulgence,1
principal,1
deriving,1
classified,1
nal,1
activi,1
alike,1
discrete,1
ary,1
temptation,1
behind,1
ofmodesty,1
psychopathis,1
analytic,1
threshold,1
forums,1
legend,1
similarities,1
ad,1
depends,1
system,1
growing,1
partners,1
delights,1
takes,1
habitual,1
slowing,1
uva,1
alfred,1
adrian,1
promulgated,1
fernando,1
catching,1
necessar,1
thirteen,1
historians,1
formulation,1
captures,1
advisedly,1
advice,1
continuum,1
notoriety,1
pub,1
firm,1
incorporate,1
cated,1
march,1
addresses,1
disseminated,1
chapter,1
indirectly,1
fetishism,1
therapeutic,1
ofbedlam,1
opened,1
capable,1
constraints,1
pre,1
concentrating,1
ar,1
facilitating,1
drive,1
afterward,1
lies,1
dimitry,1
lication,1
reaction,1
powers,1
functions,1
october,1
preprint,1
move,1
richard,1
dinner,1
eating,1
ubermensch,1
den,1
mastery,1
community,1
vanity,1
variations,1
except,1
enema,1
fld,1
sent,1
relate,1
ectodermal,1
apply,1
anticipated,1
alienating,1
constrained,1
milder,1
sullivan,1
spurred,1
recep,1
suspecting,1
sweet,1
miriam,1
sign,1
separating,1
harold,1
controlled,1
sulloway,1
exposed,1
karen,1
learned,1
conflict,1
possessing,1
pen,1
andrew,1
phase,1
includes,1
virginity,1
selves,1
struation,1
professionalism,1
gieryn,1
histori,1
relationships,1
tractus,1
profession,1
veracity,1
accuracy,1
famously,1
inborn,1
inevitable,1
rowbotham,1
torturer,1
premises,1
cognizant,1
utilized,1
thompson,1
vanthropolojjie,1
savages,1
doan,1
domain,1
lady,1
criminality,1
regarded,1
ability,1
contributors,1
viewing,1
brother,1
offenses,1
enjoying,1
occurs,1
afford,1
walter,1
maintaining,1
heightened,1
exist,1
conducted,1
tacit,1
dozen,1
speculated,1
insisted,1
emerges,1
satisfactions,1
vanthropologie,1
employing,1
mild,1
expected,1
dence,1
kind,1
taste,1
exponent,1
big,1
thing,1
abstractions,1
popularization,1
adjustment,1
fights,1
self,1
underlying,1
slapped,1
legally,1
preconception,1
perspective,1
inclinations,1
refer,1
concerning,1
fond,1
carrington,1
profound,1
differently,1
body,1
ithaca,1
noyes,1
http,1
six,1
masochisme,1
gal,1
dean,1
mddchenstecher,1
spiritualism,1
suitable,1
honour,1
left,1
scott,1
twice,1
single,1
drives,1
destroys,1
compare,1
profit,1
sci,1
momentary,1
previ,1
equally,1
dares,1
climaxed,1
student,1
urolagniac,1
slightest,1
bottles,1
ness,1
servations,1
marital,1
boom,1
colleague,1
apparently,1
bedouin,1
medicalisation,1
deeply,1
simplistic,1
repudiated,1
founder,1
pronounced,1
reformers,1
sodomy,1
unpaginated,1
monk,1
master,1
impulsive,1
lels,1
sensations,1
leopold,1
atavism,1
incentive,1
jean,1
wiesbaden,1
justine,1
rights,1
paullinus,1
genital,1
opposed,1
deviation,1
devips,1
online,1
overestimated,1
interesting,1
library,1
humiliate,1
reconstructed,1
aborigines,1
gosse,1
manipulated,1
urged,1
kissing,1
americans,1
wrestled,1
neces,1
cially,1
german,1
rousseau,1
statements,1
reservations,1
cutaneous,1
l,1
growth,1
struction,1
superficial,1
nist,1
stop,1
remain,1
influential,1
en,1
djegeneracy,1
brella,1
enon,1
fair,1
eskimos,1
coloring,1
mean,1
knew,1
stranger,1
approaches,1
conceptions,1
sarily,1
killing,1
examined,1
morphinism,1
substantiate,1
neighborhood,1
reworked,1
preparatory,1
anyone,1
cesare,1
turn,1
grew,1
frighten,1
sophisti,1
leave,1
oflife,1
ongoing,1
ciated,1
witness,1
lacking,1
echoed,1
white,1
rules,1
masturbator,1
feel,1
savoy,1
dismiss,1
gl,1
ofserenity,1
extremes,1
risks,1
kneeling,1
pleasures,1
suffice,1
terested,1
eighteen,1
genius,1
developments,1
source,1
suffices,1
tensions,1
tailored,1
carve,1
nightgown,1
organization,1
paral,1
hermaphroditic,1
benefits,1
image,1
specialization,1
wearing,1
combative,1
quote,1
repeated,1
louise,1
emission,1
intertwined,1
cannibalistic,1
clergy,1
parks,1
vivid,1
sum,1
elsewhere,1
driven,1
libido,1
days,1
spirit,1
bordeaux,1
articulated,1
contemporaries,1
cutaneousreview,1
severe,1
w,1
presumptions,1
situations,1
boyishness,1
ideals,1
rehearse,1
trace,1
esting,1
makari,1
confuse,1
emeritus,1
surface,1
readings,1
shed,1
unsuitable,1
contraception,1
spiritual,1
consequence,1
forensics,1
filtered,1
ful,1
boundary,1
impotence,1
permanent,1
solve,1
strenuously,1
odd,1
lagnia,1
david,1
etude,1
opinion,1
mon,1
adapted,1
strengthen,1
cut,1
consecrated,1
renegade,1
hot,1
paragraph,1
reflections,1
streak,1
fetischomasochism,1
thinks,1
talking,1
opening,1
lombroso,1
closely,1
carving,1
jurisprudence,1
sociological,1
undpsychopathologische,1
censorship,1
exhibition,1
chris,1
allow,1
bearing,1
excitations,1
associa,1
uncovering,1
declined,1
societies,1
tural,1
train,1
entered,1
osculated,1
nonmedical,1
search,1
fullest,1
strength,1
andrea,1
mur,1
vagina,1
pulse,1
amsterdam,1
carol,1
effort,1
viduals,1
seven,1
conspicuous,1
changed,1
scotland,1
format,1
scenes,1
veneria,1
gendering,1
austin,1
caressed,1
tute,1
requirements,1
disorders,1
parisian,1
demonstrating,1
hospitals,1
illness,1
feasibility,1
artistically,1
base,1
rationality,1
im,1
lent,1
punishment,1
evaluate,1
symptoms,1
lead,1
brothels,1
companion,1
stabbed,1
copulating,1
impression,1
ger,1
outset,1
fancies,1
furthermore,1
mascu,1
ceases,1
let,1
healthy,1
wreck,1
pursued,1
mzy,1
bore,1
province,1
sharpened,1
duced,1
afforded,1
cutthroat,1
appears,1
viewed,1
recently,1
revive,1
younger,1
scale,1
otherwise,1
discus,1
tal,1
placed,1
dictums,1
contesting,1
tension,1
colored,1
absolute,1
explain,1
admissions,1
required,1
abasements,1
exploration,1
femi,1
opposition,1
negotiated,1
creates,1
cognition,1
cornucopia,1
balance,1
xhie,1
marie,1
affair,1
criteria,1
receive,1
improve,1
torn,1
shape,1
abuse,1
oped,1
psychopathia,1
nourishment,1
spheres,1
genre,1
degrees,1
relief,1
y,1
stimulated,1
sexologie,1
anecdotes,1
scope,1
emphasiz,1
trial,1
received,1
narratives,1
sug,1
carry,1
ensue,1
toasting,1
clean,1
imagined,1
reader,1
future,1
spinster,1
greece,1
significantly,1
stake,1
heavily,1
advancement,1
fortify,1
hereditary,1
devising,1
cording,1
autoerotic,1
culprits,1
writhings,1
gratifications,1
sydney,1
hypnotism,1
thoughts,1
excessive,1
crowding,1
criticized,1
algophiuacs,1
got,1
lovely,1
precipitated,1
describe,1
consistently,1
older,1
place,1
demonstrates,1
flight,1
fetichisme,1
collective,1
inspire,1
johann,1
seated,1
enveloped,1
runs,1
binding,1
culine,1
citement,1
lieved,1
believes,1
remaining,1
functionellen,1
func,1
sutton,1
endorsed,1
reconstructing,1
harmless,1
appetites,1
fought,1
won,1
interpreted,1
ter,1
caresses,1
maneuvers,1
psychopathologische,1
connections,1
trends,1
markedly,1
healing,1
hyperesthesia,1
understandingly,1
errors,1
regions,1
near,1
citing,1
flagellomania,1
precultural,1
subtle,1
lunacy,1
tone,1
psychologically,1
whilst,1
mordlust,1
construct,1
closing,1
indi,1
siisses,1
caused,1
describing,1
respon,1
useful,1
peterson,1
binet,1
fork,1
aroused,1
lingis,1
stage,1
humiliated,1
alcoholic,1
glove,1
relating,1
warrant,1
preserved,1
clothes,1
precedents,1
vampirism,1
repetition,1
throwback,1
dangerous,1
primeval,1
hervey,1
emerging,1
shobal,1
evelleen,1
calling,1
cellular,1
awakened,1
characteristics,1
sufficient,1
imagines,1
hypnotherapist,1
june,1
pregnant,1
accomplished,1
ists,1
ship,1
bridge,1
horrible,1
mal,1
nineteenthand,1
temporary,1
evolutionys,1
forschungs,1
manchester,1
cto,1
vacuum,1
essentially,1
prompted,1
ancestors,1
texas,1
portions,1
specialisms,1
mixing,1
preceding,1
secretions,1
managed,1
couple,1
tightening,1
st,1
helene,1
sies,1
necessity,1
progressed,1
grosskurth,1
results,1
proper,1
hurley,1
komplex,1
organs,1
production,1
peculiar,1
roots,1
notes,1
amorously,1
slept,1
diminished,1
appropriate,1
value,1
newly,1
socialism,1
skill,1
parenthetically,1
inform,1
coincidences,1
actions,1
activities,1
illegal,1
lems,1
naturalistic,1
kontrdre,1
mechanism,1
seemed,1
golagnia,1
strangers,1
contacted,1
circum,1
ofmartyrs,1
wide,1
hair,1
institut,1
esp,1
liberation,1
transcended,1
submissive,1
lar,1
responsi,1
emotivity,1
confided,1
neurotic,1
algophiliacs,1
gan,1
istic,1
temperament,1
hegemony,1
onset,1
matter,1
biologist,1
summarize,1
functioning,1
employ,1
ensues,1
economic,1
separation,1
spectacle,1
problematizes,1
slugs,1
happy,1
melbourne,1
betrothed,1
vols,1
techniques,1
manipulate,1
dressed,1
unconscious,1
brief,1
forward,1
nearly,1
mingling,1
brings,1
prevailing,1
object,1
april,1
prove,1
whatever,1
uber,1
polemical,1
reputations,1
hypnotist,1
expanded,1
surprise,1
sponsored,1
manifest,1
boy,1
interrelations,1
movement,1
dignify,1
clinique,1
direction,1
zeal,1
selection,1
erotogenic,1
positive,1
structural,1
voyeurism,1
crabs,1
undergo,1
invaded,1
biopsychical,1
accompaniments,1
relied,1
muscles,1
lifting,1
reference,1
haemothymia,1
archiv,1
opportunities,1
rubric,1
interrelationship,1
switching,1
erethism,1
soon,1
hese,1
chology,1
caveat,1
fifth,1
ofman,1
supplementary,1
combat,1
challenged,1
ele,1
favorable,1
tific,1
thesis,1
contemplation,1
acting,1
fringes,1
home,1
policies,1
mildly,1
property,1
illuse,1
light,1
rightly,1
fanta,1
coital,1
ideology,1
convincingly,1
every,1
experimental,1
popularized,1
naval,1
um,1
indian,1
reprint,1
nineteenthcentury,1
wissenschaftsgeschichte,1
sexu,1
pscw,1
ferent,1
coveny,1
suck,1
rome,1
assimilating,1
revenge,1
fawcett,1
phyllis,1
avoided,1
unproblematicauy,1
longer,1
volume,1
street,1
fan,1
stemmed,1
oral,1
embody,1
name,1
conscript,1
autoerotism,1
scatological,1
impediment,1
paul,1
attacks,1
multiplying,1
entific,1
gewisse,1
technique,1
stronger,1
strike,1
desmond,1
stating,1
possession,1
conceived,1
forrester,1
varies,1
lucy,1
amour,1
homo,1
aout,1
sucking,1
water,1
predicaments,1
signified,1
corporal,1
shows,1
traceable,1
twenty,1
turner,1
ofmale,1
foodstuffs,1
marvellous,1
adding,1
pressure,1
untainted,1
gested,1
hekma,1
agree,1
intended,1
vision,1
boots,1
als,1
manifested,1
practical,1
classical,1
named,1
anal,1
harmonised,1
faults,1
omitted,1
doubt,1
variation,1
identical,1
predominant,1
jump,1
habit,1
external,1
vail,1
bility,1
wounding,1
evoke,1
insane,1
everyday,1
remarkable,1
threads,1
ruitenbeek,1
considers,1
reversion,1
sires,1
competitors,1
fantasies,1
contracted,1
answer,1
strategies,1
cesses,1
castration,1
emotion,1
colony,1
magnus,1
tyndall,1
bid,1
envied,1
groneman,1
benn,1
belief,1
assault,1
dism,1
cul,1
distance,1
coined,1
chaddock,1
going,1
spike,1
realize,1
thoroughly,1
break,1
submit,1
fight,1
reorganize,1
fundamentally,1
becomes,1
analyzed,1
interrelated,1
microscopic,1
understanding,1
exhibit,1
anus,1
lap,1
situated,1
sepa,1
dissimilar,1
fetish,1
hear,1
bartholomew,1
crudely,1
examples,1
birth,1
rendered,1
discovery,1
chiefly,1
effaced,1
accompanying,1
espe,1
pathology,1
impart,1
rapidity,1
trajectory,1
parents,1
conceivable,1
enhanced,1
distinctly,1
enormous,1
bitings,1
procedure,1
ity,1
looking,1
childish,1
worship,1
wellcome,1
wound,1
crease,1
intelligent,1
food,1
attaining,1
affection,1
inventions,1
watching,1
attracting,1
exciting,1
jerome,1
engaging,1
processes,1
trend,1
titutes,1
actual,1
freudian,1
philia,1
eden,1
sible,1
nervensystems,1
diagnosed,1
addicted,1
trust,1
hereaf,1
excretory,1
full,1
heinrich,1
previous,1
usuflagrorum,1
relegated,1
ob,1
eight,1
dismissed,1
students,1
involves,1
underwent,1
caroline,1
vii,1
excused,1
ties,1
trade,1
exertion,1
bleed,1
mercier,1
midto,1
confu,1
margaret,1
provoked,1
excited,1
tional,1
emphasizing,1
op,1
genitalia,1
obtaining,1
geschlectstriebs,1
disappointed,1
brink,1
excites,1
stimu,1
steeplechase,1
held,1
resultant,1
keep,1
nervenkrankheiten,1
allowed,1
someone,1
started,1
change,1
receipt,1
period,1
trampled,1
vita,1
function,1
remark,1
eines,1
high,1
collected,1
distinction,1
exerting,1
linking,1
obtained,1
strove,1
addi,1
practiced,1
antimoralist,1
accurate,1
fancy,1
offense,1
believing,1
standard,1
klosowski,1
julie,1
lose,1
thomas,1
displaying,1
least,1
latter,1
spent,1
reputable,1
special,1
somehow,1
flame,1
edmund,1
trying,1
k,1
normally,1
assures,1
insists,1
alphonso,1
surgeon,1
vampyrism,1
sexed,1
klismaphiliac,1
respectively,1
consciously,1
gence,1
ungratified,1
displayed,1
nei,1
expectations,1
scissors,1
coulanges,1
victim,1
structure,1
enemies,1
perverts,1
wahrscheinlich,1
femininity,1
congres,1
probably,1
harley,1
psychical,1
dominance,1
ate,1
equivalent,1
looked,1
cruel,1
treme,1
invented,1
corners,1
amateur,1
seduction,1
tumescent,1
reformist,1
quarter,1
embodied,1
propose,1
regimes,1
anthropophagie,1
tence,1
specialties,1
permit,1
widely,1
feebly,1
overlooked,1
sented,1
examines,1
anatomy,1
performing,1
satyriasis,1
heiress,1
ofpsychoanalysis,1
dogs,1
homosexuals,1
space,1
suffering,1
ofhilary,1
dawn,1
discussing,1
signs,1
esteemed,1
piggybacking,1
aid,1
ert,1
mitigate,1
violation,1
prosecutor,1
pat,1
eulenberg,1
reviewer,1
cahiersdu,1
quo,1
secularists,1
neighbour,1
five,1
foreign,1
anatomical,1
willingly,1
criminal,1
consent,1
plays,1
philosophique,1
suspected,1
fear,1
scratched,1
reasonable,1
begin,1
finitism,1
rais,1
bare,1
nexus,1
trait,1
rob,1
lecturer,1
army,1
concluding,1
un,1
insti,1
began,1
render,1
overlap,1
importantly,1
interplay,1
transformation,1
furnish,1
recognize,1
ennobling,1
indicate,1
rectal,1
flagellated,1
portunities,1
standpoint,1
fusing,1
why,1
responsible,1
dans,1
encapsulated,1
cease,1
polymorphous,1
united,1
hope,1
surprising,1
endure,1
ms,1
think,1
centuries,1
coram,1
legitimately,1
dent,1
abdication,1
publica,1
unusual,1
involuntary,1
grounded,1
degenerationszeichens,1
floor,1
repulsion,1
regularly,1
earliest,1
cam,1
madel,1
boolos,1
door,1
matters,1
extensions,1
therapeutique,1
anthropological,1
suggestions,1
schrencknotzing,1
practised,1
exercised,1
ily,1
flagging,1
fifteen,1
liked,1
constant,1
precedence,1
historian,1
singular,1
complexity,1
mentioned,1
changing,1
twentiethcentury,1
effects,1
spermatorrhea,1
throw,1
sadomasochistic,1
dearth,1
complexes,1
mackenzie,1
premise,1
rearticulated,1
heterodox,1
too,1
extension,1
known,1
comes,1
zoophilia,1
occurrences,1
generic,1
plea,1
liter,1
prob,1
gradations,1
pt,1
simi,1
wider,1
concerns,1
viction,1
der,1
particulars,1
highly,1
scien,1
darwinian,1
defining,1
berkeley,1
rated,1
dimension,1
tenu,1
gue,1
historique,1
cox,1
anthropology,1
henry,1
libidinous,1
anthropo,1
worth,1
novel,1
billet,1
coupling,1
reconfigurations,1
seriously,1
seem,1
board,1
ravetz,1
capital,1
fabian,1
unknown,1
transvestism,1
mutilating,1
sensational,1
half,1
desecrating,1
reminiscent,1
rarely,1
feed,1
speculations,1
foundation,1
hospital,1
brothers,1
hinted,1
job,1
endodermal,1
exhibits,1
pretation,1
perfectly,1
disciple,1
appreciative,1
ous,1
pretended,1
ueber,1
spasms,1
narcissism,1
frenzied,1
distinctive,1
emo,1
past,1
climate,1
admixture,1
richardson,1
passage,1
recorder,1
suddenly,1
masters,1
absolutely,1
advances,1
turned,1
hint,1
beginning,1
waller,1
tices,1
game,1
wit,1
delaporte,1
motherhood,1
frigidity,1
notable,1
proceedings,1
transmitted,1
month,1
circles,1
unique,1
phenom,1
adults,1
expres,1
accounts,1
perpetrating,1
want,1
clothing,1
sociology,1
pertinent,1
stigmatizing,1
males,1
noticeable,1
add,1
austrian,1
hoped,1
edinburgh,1
exploit,1
pros,1
unnecessary,1
angela,1
loved,1
dream,1
immersed,1
probenacht,1
delicious,1
engagements,1
precursor,1
studying,1
secure,1
gardens,1
imperial,1
obscene,1
proposing,1
anna,1
knife,1
praying,1
bacteria,1
categories,1
fourteen,1
unnoticed,1
glish,1
agreeable,1
conference,1
fustel,1
researchers,1
waist,1
overweight,1
presented,1
occasionally,1
son,1
mikulas,1
evi,1
trivial,1
commissioner,1
altered,1
dard,1
four,1
thereby,1
excesses,1
ofhatred,1
courses,1
docu,1
november,1
beloved,1
variability,1
giving,1
disciplines,1
foxe,1
returning,1
regulated,1
went,1
happens,1
com,1
impulses,1
jour,1
putnam,1
tissues,1
obtain,1
eldest,1
arguments,1
indebted,1
secured,1
jaroslaw,1
smacked,1
isolated,1
jeffreys,1
aims,1
representation,1
au,1
faculty,1
morganatic,1
addington,1
reintroduced,1
sexist,1
our,1
subsumed,1
lustful,1
antique,1
examinations,1
unconditionally,1
superseded,1
ones,1
tasies,1
sanctioned,1
sickness,1
smack,1
demarcation,1
urethral,1
francois,1
ugly,1
models,1
spring,1
negative,1
fetishes,1
background,1
thomson,1
editor,1
aufaitwith,1
biennial,1
reveals,1
generate,1
deformed,1
encouragement,1
intensified,1
proteins,1
finding,1
twentieth,1
abused,1
institutional,1
exerted,1
chemical,1
medecine,1
finally,1
discursive,1
accept,1
imperative,1
hurt,1
mode,1
sufferings,1
emer,1
documentation,1
course,1
grandmother,1
mobilizing,1
lively,1
eater,1
enabling,1
sur,1
product,1
smaller,1
build,1
glass,1
thoughtful,1
politicians,1
conquered,1
symbolizes,1
shameful,1
gynecological,1
colleagues,1
attempted,1
off,1
programme,1
pigeons,1
enlisting,1
area,1
repeat,1
association,1
impacted,1
increased,1
repulsive,1
masturbate,1
needs,1
morally,1
mobilized,1
observation,1
west,1
apart,1
charlotte,1
heterosexuality,1
restless,1
distinctions,1
withdrew,1
teenth,1
insis,1
conflated,1
geons,1
choanalytic,1
bottoms,1
supply,1
hirschfeld,1
negotiate,1
pleased,1
partial,1
mantises,1
bounds,1
ality,1
caress,1
occur,1
grab,1
abroad,1
caressing,1
entire,1
persuaded,1
psychiatrie,1
adantic,1
traditional,1
scull,1
infantilism,1
seek,1
ends,1
asso,1
establishment,1
deeper,1
here,1
dif,1
famous,1
clerics,1
arnold,1
doing,1
mock,1
built,1
fur,1
close,1
climax,1
evidently,1
undisclosed,1
symbolism,1
elucidation,1
tube,1
proclivity,1
jects,1
medica,1
