WORDCOUNTS,WEIGHT
the,517
of,359
in,233
to,219
and,207
a,176
is,153
that,125
andromeda,101
as,93
but,72
for,70
by,68
not,67
love,66
euripides,66
it,61
he,59
on,58
this,57
with,57
s,55
perseus,49
was,47
her,47
his,46
aristophanes,45
an,42
have,41
which,39
we,37
tragedy,33
be,33
has,32
fr,31
first,29
euripidean,28
at,27
play,27
if,26
or,26
see,26
all,25
plays,25
from,25
its,24
comedy,23
are,23
what,23
may,22
only,22
i,21
other,20
helen,20
cf,19
been,19
also,18
new,18
she,18
comic,18
e,17
romantic,17
scene,17
about,17
so,17
does,16
one,16
had,16
their,16
lines,16
marriage,15
eros,15
these,15
more,15
passion,14
thesm,14
some,14
who,14
whether,14
way,13
no,13
story,13
do,13
like,13
would,13
after,13
any,13
both,13
than,12
most,12
however,12
part,12
sophocles,12
him,12
can,12
note,12
scythian,12
parody,12
desire,11
lysistrata,11
genre,11
says,11
nothing,11
while,11
suggests,11
true,10
old,10
even,10
ei,10
classical,10
john,10
father,10
me,10
when,10
then,10
dionysus,10
over,10
ar,10
between,10
they,9
women,9
could,9
sexual,9
how,9
will,9
gibert,9
us,9
many,9
another,9
theme,9
them,9
now,8
just,8
ways,8
studies,8
say,8
hero,8
further,8
probably,8
thesmophoriazusae,8
aristophanic,8
v,8
use,8
very,8
illinois,8
here,8
tragic,8
lucian,8
word,7
into,7
before,7
being,7
tradition,7
antigone,7
such,7
longing,7
erotic,7
plot,7
produced,7
own,7
wife,7
kinsman,7
girl,7
second,7
two,7
volume,7
idea,7
scholars,7
where,7
played,7
henderson,7
greek,7
generic,7
did,7
ion,7
finally,7
remains,7
much,7
later,6
likely,6
eur,6
said,6
anything,6
there,6
point,6
elements,6
without,6
escape,6
show,6
recently,6
example,6
though,6
suggest,6
stage,6
several,6
chorus,6
up,6
line,6
make,6
reception,6
spoken,6
same,6
again,6
fact,6
choice,6
made,6
expression,6
three,6
especially,6
parthenos,6
frogs,6
version,6
must,6
frr,6
particular,6
little,6
need,6
pity,5
words,5
last,5
ttiv,5
along,5
interest,5
study,5
literary,5
too,5
lust,5
character,5
out,5
cannot,5
zeitlin,5
well,5
taaffe,5
work,5
received,5
related,5
sense,5
indeed,5
happy,5
brings,5
menander,5
thesis,5
falls,5
ev,5
man,5
fragments,5
abderites,5
perhaps,5
discussion,5
herself,5
debt,5
were,5
versions,5
papyrus,5
seen,5
unusual,5
audience,5
form,5
monster,5
through,5
role,5
territory,5
writing,5
our,5
question,5
argument,5
course,5
kai,5
recent,5
sympathetic,4
athenian,4
arcesilaus,4
something,4
t,4
long,4
taken,4
might,4
michelini,4
beautiful,4
joke,4
scholia,4
together,4
take,4
possible,4
far,4
above,4
himself,4
exposed,4
thus,4
development,4
g,4
menelaus,4
turn,4
mastronarde,4
kinds,4
young,4
heracles,4
language,4
shall,4
looy,4
van,4
whose,4
earlier,4
direct,4
gratitude,4
fantasy,4
means,4
haemon,4
wanted,4
maiden,4
tragedies,4
my,4
found,4
called,4
p,4
scenes,4
possibility,4
because,4
appears,4
theseus,4
place,4
falling,4
good,4
poet,4
atmosphere,4
rau,4
notice,4
noble,4
action,4
return,4
punish,4
legend,4
makes,4
time,4
end,4
serious,4
men,4
hand,4
less,4
walcot,4
gives,4
original,4
certain,4
disease,4
examples,4
including,4
illusion,4
jouan,4
sight,4
save,4
vision,4
contribution,4
often,4
fall,4
itself,4
earliest,4
detail,4
comes,4
struck,4
know,4
each,4
rivalry,4
bowie,4
parodies,4
recognition,4
subject,4
touch,4
you,4
debate,4
given,4
among,4
should,4
difficult,3
go,3
ending,3
heroic,3
lys,3
saved,3
obscene,3
aeschylus,3
certainly,3
archer,3
j,3
survey,3
date,3
those,3
satire,3
reading,3
motivated,3
depends,3
av,3
x,3
cited,3
scyrians,3
fragment,3
succeed,3
mistake,3
review,3
announce,3
crantor,3
punishment,3
unwilling,3
punishes,3
melanippe,3
back,3
attests,3
left,3
details,3
influence,3
impossible,3
knew,3
parts,3
webster,3
sommerstein,3
presumably,3
w,3
xi,3
follow,3
adulterous,3
important,3
view,3
union,3
uses,3
whom,3
arrival,3
events,3
record,3
soph,3
source,3
cepheus,3
r,3
purpose,3
loss,3
whole,3
tale,3
contains,3
unmarried,3
below,3
meleager,3
finds,3
appeal,3
brief,3
still,3
echo,3
yet,3
sex,3
borrowed,3
under,3
ancient,3
choices,3
lament,3
business,3
death,3
husband,3
doubt,3
manner,3
innovative,3
laertius,3
exotic,3
woman,3
extended,3
lost,3
significant,3
distortion,3
reality,3
feature,3
standard,3
provides,3
insists,3
relation,3
effect,3
looks,3
attention,3
fails,3
xa,3
relationship,3
declaration,3
crucial,3
next,3
success,3
why,3
construction,3
eiq,3
diogenes,3
constant,3
mentioned,3
set,3
extant,3
sure,3
boundaries,3
making,3
oenomaus,3
voice,3
almost,3
emphasis,3
middle,3
condition,3
representation,3
background,3
donald,3
include,3
although,3
humor,3
defiance,3
needs,3
suggested,3
element,3
characters,3
lingered,3
famous,3
doing,3
occur,3
bce,3
bride,2
argos,2
common,2
stylistic,2
ant,2
appear,2
linguistic,2
group,2
told,2
center,2
epcoq,2
sets,2
strictly,2
easily,2
justified,2
fixed,2
history,2
title,2
occurred,2
feels,2
savior,2
katsouris,2
leads,2
chooses,2
medea,2
else,2
seidensticker,2
hence,2
connection,2
derives,2
attempt,2
improvised,2
flury,2
seems,2
editions,2
affinities,2
belong,2
pressed,2
narrative,2
follows,2
siaxegeiq,2
endings,2
mind,2
state,2
raised,2
adventures,2
issue,2
tie,2
oxy,2
u,2
iv,2
hall,2
addresses,2
account,2
west,2
lyric,2
case,2
learned,2
victim,2
throughout,2
lover,2
dependence,2
surely,2
immediate,2
since,2
against,2
monody,2
winged,2
author,2
characteristic,2
moment,2
brother,2
desmotis,2
expected,2
ai,2
refuses,2
nor,2
suddenness,2
concerning,2
response,2
slave,2
hippodamia,2
look,2
sister,2
general,2
savage,2
join,2
promised,2
loraux,2
features,2
interesting,2
essential,2
constellations,2
rather,2
ml,2
ov,2
wifely,2
stranger,2
parents,2
rescue,2
ex,2
importance,2
b,2
gesture,2
variant,2
space,2
cause,2
image,2
bit,2
clearly,2
air,2
traces,2
gradually,2
argued,2
phaedra,2
rescued,2
four,2
hecuba,2
commonly,2
beyond,2
requires,2
intermediary,2
plight,2
thinks,2
greater,2
opening,2
expressed,2
came,2
acceptable,2
allow,2
bearing,2
route,2
appearance,2
late,2
influenced,2
directly,2
qualification,2
relief,2
used,2
heart,2
future,2
explains,2
literature,2
winter,2
et,2
couple,2
minds,2
approach,2
earth,2
least,2
successful,2
level,2
bremer,2
claim,2
around,2
family,2
small,2
calling,2
highly,2
machina,2
ta,2
describes,2
beauty,2
grateful,2
trimeter,2
avoid,2
therefore,2
verb,2
power,2
various,2
genitals,2
drama,2
arnott,2
female,2
object,2
reconstruction,2
surviving,2
surveyed,2
va,2
direction,2
positive,2
once,2
ethically,2
coherence,2
fragmentary,2
interpretation,2
added,2
devotion,2
paradox,2
silliness,2
soon,2
included,2
rightly,2
tetralogy,2
al,2
already,2
unusually,2
begins,2
speaking,2
chose,2
suit,2
challenge,2
others,2
towards,2
speaks,2
treatment,2
fundamental,2
striking,2
anapaestic,2
appeared,2
agamemnon,2
pattern,2
remark,2
honor,2
present,2
purposes,2
fantasies,2
tell,2
necessary,2
collard,2
style,2
explicitly,2
free,2
degree,2
genres,2
heroine,2
desperate,2
looking,2
judge,2
attributed,2
affection,2
largely,2
questions,2
eue,2
full,2
described,2
konstan,2
princess,2
clear,2
adding,2
frustrated,2
aeolus,2
victory,2
essay,2
lonely,2
atalanta,2
individual,2
allowed,2
characterized,2
belongs,2
high,2
serves,2
antiquity,2
ended,2
latter,2
exchange,2
never,2
sentiment,2
reads,2
editors,2
overcome,2
values,2
accordingly,2
femininity,2
implication,2
statue,2
colchian,2
offspring,2
motif,2
stands,2
things,2
lovers,2
trespass,2
suggestive,2
pe,2
male,2
rohde,2
translation,2
festival,2
began,2
theonoe,2
relevant,2
barbarian,2
wives,2
mother,2
catasterism,2
ie,2
addressed,2
claims,2
satyrus,2
reciprocal,2
seriously,2
impulse,2
series,2
conclusion,2
principals,2
medusa,2
simply,2
ever,2
continues,2
known,2
favors,2
quotes,2
glimpse,2
athena,2
feelings,2
outcome,2
dimension,2
epcoxa,2
emendation,2
innovations,2
seem,2
down,2
scenario,2
eventually,2
obviously,2
speculation,2
passage,2
emerges,2
merely,2
hose,2
n,2
exposing,2
answered,2
reign,2
terms,2
worthwhile,2
mere,2
writes,2
loved,2
noticed,2
scenarios,2
targets,2
presented,2
antiope,2
went,2
arguments,2
isolated,2
remarks,2
until,2
argues,2
yap,2
accept,2
register,2
contributed,2
creations,2
realism,2
green,2
plentiful,2
philosophy,2
sexuality,2
objections,2
comedies,2
speak,2
servant,2
specific,2
thing,2
best,2
passages,2
hades,2
themselves,2
poets,2
slang,2
mismatch,2
focus,2
immediately,2
strong,2
meeting,2
asked,2
daughter,2
conception,2
hypothesis,2
heavily,1
riepaeax,1
final,1
kveiv,1
resolve,1
defeats,1
confessor,1
piv,1
riko,1
iikpo,1
allegedly,1
rate,1
o,1
done,1
struggle,1
foreshadowing,1
child,1
obligations,1
hallmarks,1
fathers,1
punch,1
fertile,1
concerned,1
opinion,1
meaning,1
commentary,1
xeipaq,1
moorton,1
defy,1
scholar,1
commitment,1
unpleasant,1
innovator,1
truth,1
ävripuxa,1
pale,1
rnv,1
everyone,1
affected,1
deduced,1
achilles,1
tou,1
determine,1
intriguing,1
teld,1
cfjv,1
alone,1
adoption,1
fiercely,1
mar,1
satyrs,1
cresphontes,1
contradicts,1
distributed,1
glimpses,1
passing,1
obtains,1
beneath,1
joyful,1
cnpa,1
hyp,1
needed,1
leucadia,1
infiltrating,1
goff,1
judged,1
myth,1
properly,1
stone,1
formed,1
dictys,1
iphigenia,1
sons,1
h,1
item,1
approaches,1
sudden,1
outstretched,1
bondage,1
modern,1
candidate,1
favor,1
fidelity,1
considerations,1
macareus,1
immoderate,1
motive,1
trilogy,1
necessarily,1
ardor,1
presents,1
pose,1
knox,1
proponents,1
tells,1
avow,1
tiva,1
biographical,1
mpsiav,1
arrived,1
thematic,1
chiseled,1
shouting,1
strikes,1
lte,1
contexts,1
turning,1
liebe,1
lynceus,1
test,1
experience,1
nero,1
round,1
member,1
epox,1
sources,1
modest,1
titles,1
every,1
rivals,1
inexperienced,1
prj,1
peleus,1
exaggerated,1
quoting,1
ii,1
repertoire,1
implications,1
give,1
attempts,1
restoration,1
oittteipaq,1
proverbially,1
concentrated,1
address,1
rapid,1
develops,1
demonstrable,1
ourselves,1
reenacting,1
nature,1
memorial,1
unlike,1
resemblance,1
reach,1
shaped,1
leading,1
trimeters,1
artificiality,1
advantage,1
broken,1
great,1
reasons,1
wrote,1
thank,1
differences,1
epam,1
polynices,1
potentially,1
sarcastically,1
parodied,1
producing,1
phallos,1
prize,1
trustworthy,1
studied,1
accommodated,1
mills,1
incident,1
proves,1
closer,1
stheneboea,1
fieoav,1
theoclymenus,1
previous,1
migne,1
gorgon,1
introduces,1
damage,1
fresh,1
foolish,1
stupid,1
fullest,1
principal,1
invalid,1
somewhat,1
apyot,1
surveys,1
recreate,1
byzantium,1
context,1
äya,1
similarities,1
oiav,1
side,1
proceed,1
dancing,1
sophisticated,1
pamphile,1
froma,1
attraction,1
king,1
task,1
motion,1
amplified,1
aütfjq,1
discuss,1
hippolytus,1
porter,1
wonders,1
opened,1
felt,1
capable,1
politics,1
securely,1
eüpucisrn,1
facilitating,1
characterize,1
slight,1
mutual,1
terminus,1
bibliography,1
xapiv,1
richard,1
aijxfj,1
lysimachus,1
obvious,1
deceit,1
facilitate,1
apart,1
restless,1
combination,1
except,1
regards,1
artful,1
ignores,1
exchanges,1
sent,1
misunderstands,1
realistic,1
literal,1
apply,1
enter,1
aiamri,1
awaits,1
minimum,1
darted,1
identifies,1
safely,1
urging,1
benefit,1
toi,1
emphasizing,1
electra,1
tyro,1
write,1
owaaipi,1
scaliger,1
chapters,1
etwas,1
xfj,1
married,1
responded,1
expect,1
explained,1
kannicht,1
suitor,1
reject,1
points,1
pursue,1
patient,1
coda,1
due,1
priaiv,1
xqj,1
curse,1
punchline,1
unpublished,1
silent,1
offended,1
heroines,1
recurs,1
madness,1
dozen,1
relations,1
predicament,1
occurs,1
highlighting,1
indulges,1
relatively,1
cassiepeia,1
threatens,1
dionysii,1
topic,1
century,1
affairs,1
patristic,1
cases,1
economical,1
distinct,1
symptoms,1
reluctance,1
mistakes,1
times,1
perspective,1
okeyca,1
depend,1
refer,1
banff,1
convincing,1
amount,1
body,1
simplest,1
holds,1
etcugeto,1
recalls,1
uneasiness,1
dearly,1
dates,1
justina,1
third,1
athenians,1
thin,1
compare,1
overwhelmed,1
helpful,1
scenic,1
õe,1
spite,1
corrected,1
unspoken,1
tentatively,1
looms,1
demonstrably,1
ven,1
iev,1
hardly,1
cites,1
glad,1
react,1
grasp,1
higher,1
themes,1
beispiele,1
gaining,1
dial,1
alleged,1
jtpanov,1
trickery,1
cjukov,1
akoxov,1
economy,1
act,1
unfulfilled,1
tt,1
links,1
bring,1
l,1
performance,1
ostensibly,1
absent,1
impetus,1
developed,1
remain,1
soaov,1
basic,1
en,1
fupavve,1
conflation,1
afterwards,1
kind,1
culminating,1
preparing,1
annoyed,1
untimely,1
neglected,1
mean,1
pinpoint,1
avspopfisat,1
rcaxpi,1
represented,1
maximus,1
signaled,1
goes,1
survives,1
fever,1
granted,1
aikri,1
probability,1
heard,1
associate,1
conscr,1
similar,1
poi,1
ah,1
ongoing,1
pages,1
witness,1
lacking,1
xfji,1
lay,1
trachinian,1
rata,1
discoveries,1
list,1
subtlest,1
moves,1
presuppositions,1
support,1
parthenoi,1
pcov,1
understand,1
gallant,1
acquisition,1
day,1
affect,1
speculative,1
devotes,1
hypermestra,1
greeks,1
university,1
possibly,1
objects,1
triumphant,1
entry,1
suspense,1
imagination,1
established,1
prophesied,1
scale,1
familiar,1
repeated,1
dated,1
wins,1
axoix,1
quoted,1
edition,1
alcestis,1
impact,1
placed,1
eiicd,1
kaüxov,1
inextricable,1
fxex,1
frequently,1
reviewed,1
fare,1
situations,1
companions,1
ipivw,1
initiative,1
experienced,1
heading,1
recovered,1
additional,1
oi,1
depart,1
surface,1
wondering,1
defeat,1
followed,1
notions,1
dramatized,1
polydectes,1
asks,1
acogeiaa,1
rudens,1
theory,1
handley,1
antecedents,1
aaxpou,1
drawing,1
oblique,1
rcpocwoaov,1
paragraph,1
assessments,1
relapsed,1
originality,1
enchanted,1
ordinarily,1
standards,1
gregory,1
result,1
feel,1
closely,1
narration,1
treating,1
remembered,1
based,1
lead,1
cxrtopoq,1
mainspring,1
glanzendsten,1
entered,1
hands,1
strength,1
voaruiata,1
awakening,1
cronniveiv,1
deal,1
eubulus,1
canace,1
xauxriq,1
austin,1
protesilaus,1
schol,1
dispute,1
mythical,1
eu,1
insisting,1
amusing,1
cratinus,1
husbands,1
emotionally,1
featured,1
representative,1
none,1
lent,1
term,1
fathered,1
äacrr,1
companion,1
fourth,1
equally,1
avsponisotv,1
furthermore,1
onto,1
informed,1
itaxiv,1
pretentious,1
silence,1
professes,1
circular,1
aspects,1
indirect,1
singing,1
attracts,1
meet,1
hexei,1
distorts,1
acquaintance,1
publications,1
grounds,1
handled,1
singly,1
areth,1
anecdote,1
assigning,1
hath,1
find,1
trend,1
exploration,1
heeds,1
wide,1
public,1
gods,1
vo,1
wants,1
conceit,1
inconstant,1
overlapping,1
feminine,1
keeping,1
having,1
enaxa,1
basis,1
eyeful,1
crane,1
correctly,1
revealed,1
tight,1
laodamia,1
xr,1
writers,1
epitrepontes,1
avsponesav,1
betrayed,1
reader,1
krumeich,1
prominent,1
brought,1
stake,1
characterization,1
crude,1
ot,1
dover,1
esp,1
confined,1
tzer,1
lays,1
evadne,1
eva,1
bite,1
texture,1
theognis,1
consistently,1
discussions,1
horn,1
inherited,1
issues,1
broad,1
flight,1
relevance,1
densely,1
avowedly,1
lingering,1
prisoner,1
call,1
consistent,1
personal,1
delphi,1
cat,1
reconstructing,1
topicality,1
dcppcp,1
count,1
presumption,1
alexandrian,1
eccentric,1
cools,1
generically,1
depicting,1
wittily,1
tone,1
papyrological,1
bond,1
anger,1
cold,1
sympathy,1
wildly,1
lee,1
seized,1
involve,1
satyric,1
transgressions,1
amav,1
delirium,1
tatixa,1
precedents,1
phrase,1
quite,1
prologue,1
event,1
specifically,1
troubles,1
heat,1
openly,1
finovtpsouv,1
specificity,1
components,1
bridge,1
zr,1
disaster,1
elude,1
invoke,1
civic,1
dramatic,1
choosing,1
goddess,1
clytemnestra,1
suddenly,1
usual,1
hist,1
methodological,1
engages,1
kt,1
lenaea,1
icetxai,1
xeipõi,1
always,1
customary,1
prerogatives,1
generally,1
reuniting,1
majority,1
pays,1
discusses,1
resistance,1
examines,1
acoaai,1
city,1
marry,1
enormously,1
appropriate,1
eupmisou,1
pot,1
inform,1
waiting,1
settle,1
rest,1
miserable,1
questioning,1
seemed,1
jeffrey,1
teorikev,1
oükop,1
survived,1
barbara,1
mimetic,1
ievr,1
siaxunaiveogai,1
delve,1
led,1
reperformance,1
suspects,1
situation,1
critics,1
stronger,1
tread,1
onset,1
jiatpoqof,1
matter,1
detected,1
bringing,1
fortunately,1
guarded,1
carried,1
identified,1
short,1
repulsed,1
expflv,1
labors,1
depth,1
ia,1
caught,1
tried,1
funny,1
exception,1
returning,1
etc,1
eüpuusou,1
convince,1
currency,1
öpcoiõ,1
comments,1
precedes,1
epomiccoi,1
unprecedented,1
initially,1
spot,1
settings,1
pi,1
winging,1
hold,1
decisions,1
structural,1
year,1
wv,1
single,1
corpus,1
ribaldry,1
iexei,1
criticism,1
widows,1
usages,1
elaboration,1
victor,1
od,1
fair,1
cppovriaaaa,1
analogies,1
suited,1
represents,1
thought,1
undergirds,1
xp,1
expounded,1
god,1
reconciliation,1
vav,1
participants,1
crfl,1
positively,1
complete,1
nan,1
performed,1
topical,1
antics,1
partly,1
acknowledging,1
evyeveq,1
provocative,1
faint,1
overpowering,1
areopagitae,1
noted,1
assimilated,1
traverses,1
emended,1
published,1
sketch,1
considers,1
eupijc,1
fill,1
testimony,1
imonvrina,1
tries,1
leader,1
name,1
sketchy,1
unmistakably,1
book,1
request,1
mentions,1
sandbach,1
admirable,1
paean,1
academy,1
marriages,1
deserves,1
rejects,1
ask,1
motifs,1
rock,1
bordering,1
naive,1
longer,1
ndxpat,1
oiyccg,1
sing,1
stories,1
overwhelming,1
sarcasm,1
occurrence,1
xlv,1
plan,1
tasycov,1
match,1
frost,1
inevitably,1
children,1
practical,1
susceptible,1
kpävxcop,1
debates,1
olivieri,1
irr,1
matthiessen,1
seldom,1
itapgev,1
aeschylean,1
tfji,1
rhetoric,1
genealogy,1
behind,1
conspicuously,1
stuff,1
acquiesces,1
xq,1
exo,1
ground,1
danaid,1
intervene,1
eratosthenes,1
continuing,1
eiv,1
competitors,1
equate,1
inroads,1
äxoxov,1
existing,1
pg,1
toioutoct,1
receives,1
xwv,1
unclear,1
shown,1
polis,1
forth,1
dance,1
bubel,1
material,1
gender,1
ao,1
dvgpawtoicn,1
showing,1
dramatize,1
sung,1
controversy,1
ethiopia,1
dionysia,1
antiphanes,1
compete,1
encountered,1
differentiation,1
obsession,1
distortions,1
jtepipputov,1
nicole,1
reminds,1
notion,1
eunapius,1
fight,1
nexus,1
deianira,1
illicit,1
acknowledgment,1
private,1
lasting,1
greatest,1
lauren,1
hypsipyle,1
casual,1
accuses,1
supplies,1
vou,1
thucydides,1
discovery,1
hyg,1
renders,1
menandrean,1
tcpastt,1
accius,1
opera,1
trajectory,1
ppovrioaaa,1
asico,1
ridiculous,1
unattached,1
kvctto,1
passes,1
owe,1
birds,1
expand,1
angus,1
porson,1
entirely,1
bears,1
waste,1
clouded,1
complement,1
unfortunately,1
sidestep,1
collocations,1
katasiktiq,1
saying,1
segal,1
divergences,1
assume,1
risk,1
exopsva,1
sequence,1
ecjxiv,1
pleasure,1
epax,1
maintains,1
premiere,1
engaged,1
stay,1
sees,1
enlighten,1
strikingly,1
ratified,1
xoö,1
epic,1
aaipax,1
vii,1
maid,1
charge,1
radt,1
rejected,1
ties,1
xuxiv,1
passim,1
open,1
prjaiv,1
quotation,1
transformation,1
moral,1
compressed,1
reward,1
evyevei,1
authors,1
oc,1
talk,1
aeaioasai,1
rutaanatcov,1
reputation,1
peter,1
zacharia,1
impregnated,1
held,1
ayou,1
christopher,1
keep,1
koprig,1
flood,1
period,1
cassandra,1
sandals,1
summer,1
dimeter,1
eines,1
pathetic,1
stages,1
lie,1
vulgate,1
kept,1
puncturing,1
keen,1
misunderstanding,1
ep,1
different,1
atixo,1
ap,1
gets,1
favored,1
valued,1
special,1
labels,1
pleasing,1
silly,1
mocks,1
eyes,1
parallel,1
adduce,1
become,1
emphasized,1
exactly,1
catast,1
fab,1
scholion,1
danae,1
facts,1
organizers,1
masculine,1
heighten,1
klimek,1
seeking,1
romantik,1
thesmophoria,1
guess,1
begs,1
cruel,1
jjetv,1
authorship,1
invented,1
saw,1
avxov,1
tendency,1
relative,1
caution,1
ago,1
theatrical,1
competed,1
tauris,1
widely,1
reluctant,1
pev,1
seductiveness,1
diseased,1
manipulates,1
tragicomedies,1
coniecerat,1
voatijiorta,1
trgf,1
toivdv,1
consists,1
asking,1
indication,1
suggestion,1
imply,1
aijiovog,1
aid,1
violation,1
invokes,1
pcflv,1
stars,1
meets,1
continued,1
loveliness,1
recall,1
bold,1
sometimes,1
foil,1
usually,1
five,1
poseidon,1
ideology,1
bound,1
claimed,1
hill,1
philostr,1
begin,1
phaethon,1
category,1
hel,1
ordinary,1
primarily,1
sway,1
hipp,1
becomes,1
bonds,1
ea,1
nvav,1
transgress,1
pleading,1
legends,1
effectively,1
credited,1
await,1
excited,1
reservations,1
try,1
observation,1
epcotikõx,1
detects,1
owed,1
spajiaxi,1
poetics,1
responsible,1
cease,1
paternal,1
spies,1
existed,1
hope,1
dead,1
supporting,1
griffith,1
muted,1
uncertain,1
ilepoetoi,1
get,1
face,1
served,1
figured,1
nowhere,1
vehemence,1
attachment,1
regularly,1
stratagem,1
victorious,1
easterling,1
matters,1
recognizably,1
rabble,1
ifiepo,1
pitiable,1
complacent,1
hasten,1
nikpov,1
ärcacriv,1
aruto,1
latest,1
rarely,1
thinking,1
takes,1
judgments,1
tov,1
following,1
bacch,1
plautus,1
axyei,1
vno,1
analogues,1
naxpac,1
iep,1
athens,1
oxyrhynchus,1
jtogoq,1
demonstrate,1
exodos,1
uttepsaveiv,1
satisfying,1
reinforced,1
implied,1
exposition,1
scrutiny,1
recognizable,1
satisfactory,1
treats,1
friends,1
consensus,1
avspojjisat,1
regress,1
cooled,1
text,1
cov,1
useful,1
offers,1
drew,1
alternative,1
der,1
colorado,1
seaford,1
quickly,1
ran,1
evokes,1
iikpõv,1
intellectual,1
partner,1
refused,1
control,1
introducing,1
country,1
readily,1
sapsaitxeiv,1
shares,1
öpa,1
dx,1
worth,1
share,1
novel,1
expanding,1
roman,1
setting,1
historians,1
gamely,1
flowing,1
nevertheless,1
unknown,1
formulation,1
xmvcov,1
attending,1
cuvei,1
regard,1
domestic,1
speech,1
iole,1
battezzato,1
eiari,1
plague,1
perfectly,1
collision,1
ir,1
precedent,1
happiness,1
distinctive,1
ambivalent,1
accepts,1
burying,1
enlarged,1
alluded,1
type,1
girls,1
caricature,1
better,1
icucgov,1
concrete,1
rejection,1
subordinate,1
obliquely,1
sie,1
defend,1
knows,1
captive,1
gomme,1
game,1
according,1
outlines,1
defending,1
yeypa,1
carefully,1
unique,1
implicit,1
prefers,1
gecuq,1
selected,1
laying,1
namely,1
references,1
simplex,1
pact,1
supports,1
tailored,1
rags,1
add,1
proven,1
forcefully,1
adrados,1
escapist,1
ripe,1
ceased,1
ravage,1
allude,1
myrtilus,1
divinely,1
representations,1
produce,1
huge,1
ttaxa,1
witnessing,1
episode,1
crudest,1
lesky,1
maass,1
avsponesai,1
wehrli,1
hurst,1
conference,1
nva,1
remember,1
apparatus,1
boldly,1
son,1
incorporating,1
entrance,1
vepo,1
napoxiagodvew,1
tcatvetai,1
rpv,1
decisive,1
sea,1
corinthian,1
preferable,1
confirm,1
disappointments,1
became,1
sexually,1
duty,1
unaffected,1
giving,1
die,1
contradiction,1
durable,1
plans,1
traditional,1
lies,1
egyptian,1
aesch,1
adapted,1
cb,1
target,1
xei,1
reconstruct,1
preposterous,1
proper,1
indebted,1
pathos,1
memories,1
breakthrough,1
phoenix,1
mention,1
finales,1
aims,1
au,1
deflects,1
aspect,1
think,1
daring,1
cruelty,1
prepared,1
incidentals,1
augcupexcx,1
eric,1
ethnocentric,1
afflicted,1
superseded,1
aicpvriq,1
devoted,1
ultimately,1
underworld,1
instructive,1
lists,1
kernel,1
notes,1
justifiably,1
petersen,1
axx,1
persuasiveness,1
xou,1
fulfillment,1
interrogative,1
defender,1
motives,1
andromedal,1
crisis,1
wish,1
xõ,1
instead,1
lively,1
typically,1
integrated,1
land,1
d,1
building,1
rival,1
hunter,1
casaubon,1
evidence,1
äyou,1
product,1
clearest,1
incidents,1
involving,1
col,1
eüpitusou,1
effects,1
disguise,1
hes,1
presenting,1
kassel,1
brunt,1
nepcreax,1
affliction,1
typical,1
offered,1
sieyvco,1
ritterlicher,1
potential,1
tragedian,1
assumed,1
preserves,1
resolves,1
c,1
eus,1
terminology,1
enjoy,1
nepaecoi,1
sigmatism,1
jason,1
devouring,1
dark,1
texts,1
composing,1
maximum,1
kara,1
exclusively,1
within,1
recur,1
interaction,1
abandoned,1
kypris,1
objected,1
ends,1
observed,1
deidamia,1
resembled,1
broader,1
successive,1
gkeivod,1
close,1
exhorts,1
perception,1
ue,1
