WORDCOUNTS,WEIGHT
the,47
of,44
and,34
in,23
is,21
a,18
to,17
that,12
with,11
for,11
it,9
as,9
this,9
be,9
not,7
but,7
s,7
are,7
will,6
by,6
use,6
his,5
church,5
organists,5
music,5
at,4
he,4
without,4
was,4
shaw,4
from,4
two,4
book,4
many,4
tunes,4
my,4
i,4
which,4
you,4
on,4
oxford,3
who,3
one,3
all,3
most,3
rawsthorne,3
sure,3
churches,3
hundred,3
there,3
what,3
cathedrals,3
has,3
watkins,3
some,3
new,3
even,3
west,3
collection,3
varied,3
such,3
certain,3
noel,3
an,3
congregations,3
organist,3
hymn,3
than,3
should,3
may,2
verses,2
if,2
service,2
they,2
spot,2
settings,2
harmonies,2
about,2
surprising,2
accompaniments,2
understand,2
university,2
royal,2
any,2
mann,2
mentioned,2
only,2
t,2
every,2
more,2
also,2
sing,2
treatment,2
wide,2
john,2
invocation,2
last,2
do,2
raised,2
present,2
didn,2
kevin,2
dr,2
your,2
isbn,2
prayer,2
because,2
welcome,2
goodman,2
work,2
popular,2
restrained,2
including,2
appointed,2
congregation,2
own,2
since,2
holy,2
have,2
chapel,2
mayhew,2
discernment,1
nicholas,1
erik,1
parish,1
offertory,1
hymns,1
musically,1
interesting,1
led,1
colour,1
mostly,1
colin,1
o,1
fleet,1
done,1
piano,1
me,1
swinging,1
camidge,1
publishing,1
bride,1
no,1
reviewer,1
various,1
wisdom,1
common,1
replied,1
way,1
shedding,1
hon,1
concerned,1
paul,1
been,1
wellwritten,1
guests,1
short,1
generations,1
trebles,1
result,1
concern,1
guildford,1
caught,1
somebody,1
foreword,1
college,1
abbot,1
thrown,1
records,1
armagh,1
e,1
riddled,1
army,1
collections,1
opportunity,1
succession,1
guinness,1
make,1
heard,1
stops,1
experiences,1
ah,1
told,1
becoming,1
large,1
percussion,1
easily,1
anywhere,1
why,1
es,1
morsels,1
methods,1
tape,1
corpus,1
hope,1
hull,1
word,1
songs,1
disciples,1
xxx,1
table,1
sticking,1
yet,1
ways,1
h,1
strictly,1
fascinating,1
get,1
approaches,1
basil,1
recognise,1
represents,1
studies,1
biddings,1
modern,1
yore,1
praise,1
under,1
spirit,1
needless,1
detail,1
ramsey,1
undertaken,1
committee,1
familiar,1
occurred,1
light,1
before,1
specification,1
perplex,1
days,1
cocker,1
teaching,1
something,1
matter,1
acquainted,1
desirability,1
source,1
excellence,1
operation,1
these,1
umbrella,1
must,1
themes,1
test,1
instructed,1
mention,1
ever,1
wince,1
being,1
speaking,1
first,1
beside,1
published,1
boring,1
love,1
volume,1
quotes,1
declared,1
exist,1
street,1
yorkshire,1
provide,1
certainly,1
production,1
skill,1
finger,1
interests,1
zest,1
cover,1
give,1
bright,1
mentions,1
winkling,1
might,1
admiration,1
deserves,1
beautiful,1
colleges,1
syndrome,1
england,1
j,1
gentle,1
seems,1
nature,1
treasurer,1
happening,1
choir,1
connection,1
idea,1
other,1
overwhelming,1
best,1
could,1
down,1
appeared,1
romp,1
attempting,1
shred,1
pretty,1
inevitably,1
iii,1
concurrently,1
out,1
crowd,1
windsor,1
chants,1
reveal,1
far,1
cautious,1
everything,1
doubt,1
bound,1
dull,1
unaccountable,1
weldon,1
alarming,1
feasibility,1
descants,1
habit,1
enlarged,1
kyrie,1
sermons,1
never,1
places,1
academic,1
readers,1
written,1
fits,1
learn,1
born,1
bbc,1
though,1
monk,1
wales,1
let,1
regular,1
reading,1
where,1
war,1
keys,1
fisher,1
singing,1
them,1
terms,1
vestry,1
michael,1
less,1
see,1
interview,1
british,1
meet,1
trinity,1
necessary,1
otherwise,1
westminster,1
material,1
cairo,1
however,1
eye,1
grimace,1
perhaps,1
fulsome,1
required,1
bow,1
stylistically,1
extent,1
king,1
task,1
temptations,1
advice,1
severest,1
beverley,1
going,1
foundations,1
criteria,1
briefly,1
day,1
biographies,1
amongst,1
labours,1
degree,1
well,1
strings,1
minster,1
huge,1
having,1
addenda,1
suggests,1
melody,1
casual,1
used,1
anecdotes,1
temperley,1
sensitive,1
both,1
revelations,1
cambridge,1
made,1
presented,1
carries,1
trivial,1
taking,1
say,1
nastier,1
very,1
introduced,1
enormous,1
sent,1
advocating,1
easy,1
endlessly,1
hosanna,1
penetrating,1
its,1
tune,1
encouraged,1
bite,1
song,1
collegiate,1
went,1
expression,1
repertory,1
place,1
sign,1
reynolds,1
framework,1
dublin,1
pretend,1
pleasure,1
tasty,1
actually,1
mawby,1
human,1
earn,1
childhood,1
ein,1
eleison,1
cathedral,1
accessible,1
come,1
personal,1
full,1
review,1
leigh,1
riding,1
advantages,1
routley,1
afresh,1
students,1
years,1
editor,1
withstand,1
quality,1
countless,1
professor,1
past,1
illinois,1
choral,1
charge,1
accounted,1
brass,1
peter,1
invocations,1
leave,1
course,1
practicalities,1
ist,1
lively,1
started,1
price,1
like,1
would,1
range,1
harmonic,1
useful,1
nurtured,1
him,1
things,1
high,1
winner,1
expected,1
congregational,1
taste,1
off,1
anyone,1
organ,1
moods,1
cassette,1
cases,1
ros,1
expressing,1
event,1
fine,1
brickhill,1
bedtime,1
devotees,1
lastverse,1
offered,1
pearl,1
faintly,1
labour,1
facility,1
notorious,1
manchester,1
c,1
applying,1
latest,1
libraries,1
succeeded,1
entsprungen,1
reached,1
can,1
died,1
january,1
disrupting,1
norman,1
dark,1
up,1
through,1
probably,1
accompaniment,1
st,1
little,1
instruments,1
extemporised,1
cassettes,1
need,1
we,1
disruptions,1
engagement,1
traced,1
example,1
evidence,1
provided,1
meeting,1
asked,1
shall,1
am,1
according,1
gordon,1
enjoy,1
society,1
