WORDCOUNTS,WEIGHT
the,5
a,4
to,3
my,2
me,2
like,2
you,2
it,2
i,2
as,2
one,2
of,2
love,2
that,2
martha,1
how,1
ambiguous,1
settled,1
what,1
across,1
silence,1
from,1
wrung,1
desire,1
would,1
below,1
no,1
hardest,1
touch,1
painful,1
an,1
cool,1
finger,1
poor,1
loves,1
by,1
because,1
screams,1
kitchen,1
on,1
water,1
realm,1
spared,1
little,1
sparrow,1
consoles,1
roof,1
voice,1
have,1
poem,1
alone,1
steam,1
seems,1
too,1
joy,1
hope,1
is,1
forehead,1
blessing,1
turns,1
remind,1
am,1
renounce,1
window,1
possible,1
invisible,1
else,1
shrills,1
and,1
which,1
into,1
infant,1
handwiped,1
teakettle,1
elizabeth,1
discarded,1
enchanted,1
had,1
jaybird,1
up,1
small,1
smile,1
for,1
