WORDCOUNTS,WEIGHT
the,379
of,196
in,138
a,124
to,123
and,99
s,59
that,56
painting,55
vien,50
is,44
was,41
by,41
it,40
with,40
as,39
at,36
on,35
his,33
du,30
her,28
cupid,28
for,27
he,27
an,26
de,24
be,23
love,21
had,20
seller,20
barry,20
no,20
this,20
la,20
from,20
des,20
which,19
l,18
art,17
d,17
brissac,17
woman,16
she,16
work,14
le,14
two,14
paintings,14
one,13
composition,13
slavery,13
madame,13
more,13
fleeing,13
diderot,13
are,13
its,12
et,12
ancient,12
but,12
also,12
time,12
style,12
ibid,12
has,11
salon,11
only,11
gaehtgens,11
painter,11
so,11
figure,11
were,10
been,10
who,10
have,10
they,9
into,9
i,9
right,9
these,9
picture,9
sketch,9
paris,9
see,9
oil,9
now,8
after,8
french,8
new,8
another,8
un,8
not,8
works,8
princeton,7
there,7
x,7
pendant,7
their,7
produced,7
les,7
m,7
drawing,7
scene,7
pavilion,7
fragonard,7
classical,7
simple,7
earlier,7
we,7
greek,7
antiquity,7
lugand,7
subject,7
louveciennes,7
between,7
e,6
drawings,6
duc,6
before,6
colors,6
anacreontic,6
anacreon,6
century,6
fig,6
critics,6
toulouse,6
second,6
museum,6
exhibited,6
can,6
must,6
cm,6
sur,6
c,6
first,5
t,5
those,5
est,5
young,5
left,5
than,5
ce,5
university,5
could,5
scenes,5
poetry,5
companion,5
genre,5
even,5
louvre,5
may,5
artist,5
cage,5
other,5
eighteenth,5
clear,5
figures,5
version,5
them,5
au,5
piece,5
stands,4
replaced,4
modern,4
attempt,4
all,4
great,4
take,4
vol,4
some,4
possible,4
collection,4
taste,4
holds,4
third,4
en,4
represented,4
study,4
contemporaries,4
most,4
qui,4
found,4
appears,4
hung,4
middle,4
finished,4
il,4
poet,4
small,4
highly,4
musee,4
when,4
cycle,4
matter,4
same,4
sont,4
boucher,4
amour,4
distance,4
louis,4
compositions,4
table,4
life,4
different,4
wall,4
bastille,4
translated,4
commissioned,4
much,4
gr,3
women,3
long,3
seems,3
nature,3
fresco,3
flowers,3
fully,3
aesthetic,3
help,3
fait,3
precisely,3
putto,3
king,3
chateau,3
lover,3
review,3
interest,3
details,3
rather,3
patron,3
how,3
landscape,3
anacr,3
similar,3
b,3
gesture,3
nos,3
praise,3
just,3
w,3
painted,3
view,3
appear,3
greater,3
whom,3
foreground,3
however,3
r,3
already,3
que,3
admired,3
example,3
seated,3
contrast,3
around,3
several,3
herculaneum,3
fluted,3
dressed,3
paint,3
depicted,3
makes,3
or,3
marchande,3
volume,3
amours,3
death,3
fontainebleau,3
fact,3
wreath,3
appeared,3
forms,3
behind,3
canvas,3
background,3
made,3
xv,3
revised,3
would,3
period,3
him,3
epoch,3
thomas,3
white,3
present,3
seen,3
inspired,3
often,3
dans,3
ing,3
itself,3
unusual,3
considered,3
detail,3
cupids,3
here,3
paper,3
catalogue,3
whether,3
terms,3
caylus,3
almost,3
too,3
die,3
accorded,3
enthusiasm,3
years,3
although,3
writer,3
engraving,3
tableaux,3
formes,3
grace,3
sallon,3
horror,2
prisonnier,2
heroic,2
if,2
later,2
indicated,2
tion,2
praised,2
truth,2
revolutionary,2
extends,2
center,2
columns,2
likely,2
expos,2
duke,2
title,2
contorni,2
every,2
fund,2
might,2
sub,2
beautiful,2
desire,2
imaginary,2
follows,2
able,2
onto,2
loves,2
transposition,2
date,2
peut,2
robert,2
within,2
con,2
kunstgeschichte,2
cabinet,2
opened,2
ings,2
far,2
holder,2
incense,2
cette,2
pen,2
deux,2
surely,2
peintre,2
such,2
beaut,2
couleurs,2
tableau,2
forgotten,2
mistress,2
ledoux,2
tout,2
apparently,2
ercolano,2
virtual,2
comme,2
watch,2
gown,2
certain,2
entre,2
mus,2
antiche,2
rit,2
space,2
front,2
kneeling,2
wash,2
understand,2
escape,2
dated,2
presumably,2
clearly,2
n,2
gazing,2
age,2
augustins,2
important,2
peintures,2
matching,2
ou,2
closely,2
came,2
based,2
color,2
out,2
melancholy,2
pitture,2
understood,2
reviews,2
cannot,2
surrounded,2
required,2
ces,2
because,2
well,2
animated,2
again,2
ode,2
used,2
drawn,2
fashionably,2
greece,2
licatesse,2
year,2
gave,2
place,2
flight,2
away,2
employed,2
cat,2
sculpture,2
odes,2
change,2
sense,2
toilette,2
owned,2
quite,2
specifically,2
executed,2
dramatic,2
progress,2
rococo,2
und,2
cardboard,2
notes,2
beauty,2
provided,2
se,2
therefore,2
led,2
arrangement,2
minor,2
easy,2
short,2
wrote,2
revival,2
overall,2
wings,2
innocence,2
gift,2
pictorial,2
movement,2
para,2
criticism,2
reference,2
read,2
thought,2
god,2
inspiration,2
exposes,2
ne,2
us,2
light,2
denis,2
dire,2
decoration,2
motifs,2
addition,2
many,2
artists,2
viii,2
end,2
encaustic,2
invien,2
hand,2
roi,2
plate,2
v,2
celebrated,2
homer,2
royal,2
perhaps,2
mieux,2
counterpart,2
number,2
original,2
private,2
newyork,2
reversed,2
upon,2
formal,2
virtually,2
franklin,2
like,2
class,2
portici,2
es,2
especially,2
beziers,2
biebel,2
attendant,2
structure,2
statue,2
saw,2
entitled,2
belle,2
indication,2
suggestion,2
escaping,2
verses,2
today,2
ontique,2
delicacy,2
amusement,2
esclavage,2
comte,2
une,2
respect,2
meant,2
sketches,2
following,2
symbolic,2
known,2
althoughvien,2
temple,2
rosenblum,2
der,2
milieu,2
know,2
did,2
unknown,2
very,2
historical,2
pictures,2
pour,2
better,2
reclines,2
jean,2
what,2
troupe,2
form,2
particular,2
while,2
cloth,2
caract,2
felt,2
both,2
presented,2
poems,2
met,2
confirm,2
merchant,2
fragonards,2
antique,2
wears,2
france,2
viewers,2
relationship,2
create,2
among,2
elegance,2
hector,1
proba,1
ille,1
o,1
done,1
dubarry,1
edge,1
way,1
generated,1
productions,1
mis,1
f,1
scholar,1
created,1
ready,1
encyclop,1
accords,1
determine,1
trojan,1
red,1
alciato,1
ois,1
mar,1
passing,1
lovoe,1
mounted,1
diverge,1
designed,1
bouquet,1
alive,1
philippe,1
ways,1
h,1
completely,1
sensed,1
conjectures,1
fra,1
puret,1
athenian,1
former,1
attest,1
outward,1
cycles,1
history,1
presents,1
unlike,1
detrimental,1
cit,1
gracieuses,1
petite,1
source,1
strikes,1
attrister,1
materials,1
hoping,1
madrigaux,1
experience,1
hercu,1
round,1
being,1
sance,1
else,1
conforms,1
please,1
posed,1
pinceau,1
pervasive,1
give,1
feeling,1
viewer,1
lamenting,1
advanced,1
quitter,1
departure,1
liberty,1
cheur,1
containing,1
zeitschrift,1
resemblance,1
tient,1
principles,1
book,1
tradition,1
avec,1
ble,1
reasons,1
differences,1
timoleon,1
narrative,1
napoleon,1
service,1
thanks,1
exuberant,1
exalted,1
court,1
styles,1
niche,1
achieved,1
fresh,1
patterned,1
last,1
faithful,1
state,1
zu,1
emphasized,1
chardin,1
deriving,1
political,1
opposite,1
embody,1
somewhat,1
usingvien,1
hostility,1
allegories,1
designs,1
embouch,1
side,1
injected,1
brief,1
attacked,1
key,1
cela,1
captures,1
thrown,1
sought,1
jeunesse,1
advisory,1
draw,1
design,1
reminder,1
figs,1
zur,1
welcome,1
chest,1
determined,1
marked,1
lifetime,1
prospect,1
ered,1
fad,1
burning,1
characterize,1
tubieres,1
vaguely,1
sale,1
afterward,1
elegandy,1
pronouncements,1
shawl,1
obvious,1
petersburg,1
diss,1
apart,1
point,1
say,1
lyric,1
nder,1
realistic,1
along,1
interior,1
unostenta,1
himself,1
identifies,1
letter,1
fragment,1
moralizing,1
furnishings,1
singled,1
learned,1
bergers,1
regarding,1
central,1
slavoery,1
thus,1
phase,1
dehghted,1
uncom,1
klassi,1
author,1
copenhagen,1
ethical,1
quality,1
since,1
arrested,1
bailey,1
against,1
pursuit,1
erable,1
reflection,1
characteristic,1
reproduced,1
draped,1
elles,1
excavations,1
watteau,1
settings,1
participating,1
codified,1
dont,1
expected,1
forced,1
hat,1
finesse,1
turn,1
urspr,1
nor,1
david,1
bien,1
back,1
subjects,1
raisonn,1
architect,1
pedestal,1
response,1
served,1
poem,1
dearly,1
apr,1
compared,1
characterized,1
fowler,1
helpful,1
undertaking,1
propagated,1
baroque,1
blue,1
souvent,1
pletely,1
look,1
spite,1
critique,1
gaze,1
tones,1
guard,1
ton,1
pensees,1
ment,1
promenade,1
moreover,1
demned,1
unlikely,1
loyal,1
colin,1
wishes,1
recognized,1
deviations,1
essential,1
german,1
agitation,1
hopes,1
without,1
dictionnaire,1
exact,1
masterpieces,1
subjected,1
developed,1
remain,1
smoking,1
explicit,1
ciennes,1
levels,1
enon,1
breast,1
presentation,1
notion,1
arts,1
arm,1
phrases,1
reworked,1
collec,1
frolic,1
leave,1
balanced,1
special,1
liber,1
autant,1
offering,1
standard,1
kirby,1
bildkunst,1
tious,1
means,1
reason,1
changes,1
conformed,1
remarquer,1
acquisition,1
willibald,1
beitr,1
monumental,1
artiste,1
greeks,1
niennes,1
possibly,1
signed,1
neo,1
moehring,1
retained,1
revolutionaries,1
yellow,1
bit,1
reformer,1
russell,1
artificial,1
thirty,1
k,1
differs,1
vitality,1
frequently,1
witnessing,1
ville,1
orientation,1
graces,1
couleur,1
ngliche,1
additional,1
desperation,1
pilasters,1
follow,1
splendor,1
beyond,1
followed,1
defines,1
notions,1
imprisonment,1
fixed,1
blatant,1
odd,1
nolli,1
hit,1
care,1
escapes,1
mon,1
decades,1
admiration,1
reflections,1
trop,1
friends,1
amourfuyant,1
whereas,1
painters,1
explanatory,1
expressed,1
arrived,1
lead,1
exhibition,1
wilder,1
maintenant,1
hands,1
graciousness,1
hav,1
costumed,1
planche,1
changed,1
rebirth,1
events,1
relate,1
endeavor,1
vigorous,1
faite,1
featured,1
representative,1
paraphrased,1
execute,1
late,1
coin,1
further,1
voit,1
ann,1
cultural,1
let,1
engraved,1
omitting,1
war,1
sentimental,1
studying,1
renais,1
kunst,1
ingeniousness,1
symbols,1
revive,1
ath,1
purchased,1
decorators,1
wealth,1
placed,1
explain,1
translatedfrom,1
public,1
depictions,1
marie,1
impression,1
discours,1
shape,1
watershed,1
apelle,1
directly,1
aging,1
unequal,1
relief,1
closed,1
voil,1
roique,1
gibbons,1
received,1
archaeologist,1
lunges,1
nine,1
concept,1
prompted,1
illustrated,1
part,1
competing,1
reserve,1
knowledge,1
superficiality,1
related,1
thoughts,1
description,1
ziers,1
lectured,1
loss,1
literature,1
grav,1
q,1
describe,1
fit,1
older,1
discussions,1
during,1
trumpet,1
expansive,1
literally,1
jo,1
prisoner,1
transported,1
grec,1
personal,1
mated,1
reflect,1
elegant,1
complemented,1
couple,1
gracious,1
freshness,1
lips,1
weeks,1
byvien,1
delay,1
good,1
responses,1
solution,1
least,1
brush,1
salons,1
nmany,1
idiom,1
things,1
next,1
rutgers,1
midst,1
atmosphere,1
event,1
family,1
characteristics,1
prick,1
concerns,1
greuze,1
temporary,1
essentially,1
distinguished,1
latest,1
sculptures,1
impossible,1
core,1
dedicated,1
verite,1
characterizes,1
mythological,1
up,1
sculptors,1
st,1
claude,1
goat,1
productivity,1
world,1
ornamented,1
nol,1
notice,1
filles,1
negligence,1
provenance,1
appropriate,1
confidant,1
newly,1
preliminary,1
troisi,1
maidens,1
classicism,1
longue,1
ses,1
seemed,1
avoid,1
content,1
erence,1
liebesg,1
lection,1
survived,1
cite,1
phrased,1
will,1
trouvent,1
critical,1
longing,1
noteworthy,1
sicilies,1
comprendre,1
repertoire,1
avoir,1
observations,1
rome,1
architecture,1
noble,1
dieux,1
requirement,1
strictures,1
identified,1
indeed,1
neoclassicism,1
sans,1
drama,1
ancien,1
serene,1
successes,1
scion,1
return,1
eminent,1
lamentation,1
dessin,1
object,1
still,1
reconstruction,1
expanded,1
indicates,1
charm,1
choix,1
numer,1
atop,1
spot,1
sensation,1
unfamiliar,1
direction,1
bucolic,1
commandant,1
siciles,1
single,1
menander,1
poraries,1
about,1
once,1
twists,1
thrusting,1
oxford,1
diff,1
lugm,1
yet,1
selling,1
bukdahl,1
felton,1
serve,1
soon,1
under,1
favorable,1
imitate,1
home,1
planned,1
scaffold,1
culture,1
asvien,1
grecs,1
purity,1
tter,1
ed,1
floor,1
jeunes,1
appeals,1
emblematum,1
cheerful,1
visitors,1
coeur,1
noted,1
gracieux,1
rise,1
fickle,1
published,1
chose,1
alteration,1
gravures,1
trouv,1
critiques,1
tait,1
untrue,1
technique,1
strike,1
sauerl,1
mark,1
toward,1
others,1
academy,1
artistic,1
put,1
ein,1
added,1
kneels,1
tovenus,1
attrib,1
decor,1
longer,1
revitalized,1
idea,1
presque,1
pursuers,1
dieu,1
wedded,1
match,1
choice,1
striving,1
warning,1
legs,1
shoulder,1
contemporary,1
doubt,1
considerable,1
man,1
luminary,1
discussed,1
habit,1
anne,1
honor,1
adh,1
lanum,1
took,1
fits,1
abhors,1
stockman,1
crowns,1
where,1
reihenfolge,1
execution,1
ch,1
advisers,1
flesh,1
horace,1
council,1
peinture,1
practice,1
decorations,1
simplicity,1
frequency,1
sell,1
cul,1
lauded,1
chair,1
descrip,1
day,1
custody,1
mccormick,1
remained,1
sir,1
local,1
von,1
ject,1
mood,1
discussion,1
intimate,1
examples,1
treated,1
genres,1
quintessential,1
ic,1
limitations,1
servant,1
comniissioned,1
previously,1
marqu,1
jouer,1
herself,1
use,1
affection,1
unfortunately,1
largely,1
gance,1
francis,1
versailles,1
guidance,1
nude,1
extraordinarily,1
pleasure,1
real,1
canon,1
nothing,1
lightness,1
full,1
louve,1
nevertheless,1
dating,1
bedroom,1
students,1
described,1
anthology,1
rejected,1
futile,1
significance,1
three,1
moral,1
ressuscit,1
nalvete,1
offiering,1
express,1
safety,1
faces,1
fahrbuch,1
interpret,1
individual,1
times,1
architectural,1
tendre,1
exquisite,1
sabine,1
features,1
ge,1
lie,1
pompeii,1
filled,1
probable,1
chilly,1
renewal,1
enriched,1
mourning,1
pupil,1
andromache,1
hangs,1
duane,1
morals,1
imagination,1
repeated,1
madrigals,1
ture,1
lifts,1
astonish,1
floral,1
elaborate,1
parallel,1
normally,1
tiers,1
pro,1
displayed,1
accusations,1
do,1
january,1
progres,1
comfortably,1
violet,1
astonishing,1
haven,1
amateur,1
cologne,1
joint,1
governor,1
embodied,1
wille,1
pupils,1
sole,1
apelles,1
ber,1
widely,1
voici,1
contributes,1
nuit,1
speculate,1
gantes,1
esteemed,1
me,1
flower,1
belonged,1
transformations,1
note,1
decadent,1
chaise,1
courtes,1
suggestive,1
employment,1
celebration,1
inside,1
defined,1
becomes,1
referred,1
dimensions,1
lost,1
collections,1
tive,1
returned,1
iconographic,1
pens,1
rances,1
why,1
chairs,1
cnll,1
indecent,1
nchner,1
trompette,1
less,1
surprising,1
anthologie,1
antiquities,1
harshly,1
endure,1
instances,1
consid,1
guillotine,1
volage,1
freeing,1
radiance,1
res,1
hearts,1
faut,1
acquired,1
undertook,1
persecution,1
curious,1
then,1
flies,1
any,1
girls,1
suite,1
naples,1
series,1
wer,1
accordance,1
radiant,1
grand,1
monsieur,1
simply,1
struck,1
ever,1
fran,1
qu,1
mistresses,1
beitrag,1
regime,1
sthetik,1
sciences,1
lou,1
set,1
entretien,1
woodcarvers,1
lynne,1
natural,1
over,1
tat,1
each,1
sure,1
seznec,1
gazette,1
halt,1
hips,1
niederdeutsche,1
connection,1
setting,1
best,1
aimable,1
ph,1
expense,1
emergence,1
reclining,1
universal,1
tenderness,1
vase,1
particularly,1
homme,1
hermitage,1
basket,1
linked,1
storming,1
perfectly,1
ous,1
reflected,1
chairman,1
differed,1
noblewoman,1
masterpiece,1
abhorre,1
originality,1
merely,1
turned,1
believed,1
beginning,1
zistischer,1
born,1
scholarly,1
defending,1
purchase,1
explanations,1
commis,1
communicate,1
phenom,1
making,1
references,1
ref,1
alciati,1
garment,1
emblems,1
hoped,1
preoccupation,1
eroticism,1
unrest,1
novelty,1
prepare,1
condemned,1
gestures,1
produce,1
tant,1
ideal,1
freedom,1
soit,1
posi,1
gratitude,1
radically,1
waist,1
intention,1
trees,1
preserved,1
andrea,1
mollesse,1
amiable,1
attached,1
through,1
decisive,1
introduced,1
city,1
despite,1
frescoes,1
became,1
beloved,1
giving,1
transition,1
explication,1
went,1
com,1
extended,1
encyclopedie,1
arguments,1
divided,1
pavihon,1
tall,1
comprehend,1
kauft,1
attendre,1
hercule,1
sadden,1
our,1
luxurious,1
devient,1
architrave,1
simplicit,1
bildenden,1
shown,1
until,1
gligence,1
youth,1
ani,1
sait,1
naif,1
difference,1
libert,1
vann,1
opens,1
jacques,1
national,1
strikingly,1
aristocratic,1
jamais,1
sioned,1
completed,1
attraits,1
extensive,1
joined,1
vieillissant,1
include,1
green,1
evidence,1
unified,1
states,1
helplessly,1
attempted,1
off,1
presenting,1
speak,1
magical,1
resprirent,1
anonymous,1
utes,1
glycere,1
certainty,1
hom,1
exh,1
softness,1
client,1
frick,1
tastes,1
expressiveness,1
era,1
early,1
comtesse,1
entire,1
little,1
abandoned,1
re,1
admirateur,1
discov,1
immediately,1
glance,1
diverges,1
charms,1
famous,1
should,1
col,1
ca,1
hans,1
portrait,1
draft,1
serenity,1
plaisir,1
contem,1
jects,1
wreaths,1
