WORDCOUNTS,WEIGHT
the,1051
of,729
to,379
in,355
and,326
that,306
a,295
s,278
is,241
david,214
as,201
his,177
i,150
for,117
with,110
this,103
by,103
it,102
steerforth,99
novel,90
narrative,89
dickens,89
which,88
desire,84
an,79
be,76
at,68
he,65
copperfield,64
my,62
him,59
was,54
has,53
from,48
on,47
or,45
between,41
had,40
homoerotic,39
you,38
than,37
have,37
not,37
one,36
forster,36
agnes,36
been,33
autobiographical,32
what,32
object,31
heterosexual,31
will,30
but,30
her,30
such,29
more,29
so,29
butler,28
erotic,27
yet,27
uriah,27
are,27
himself,26
me,26
male,26
who,26
reader,25
secret,25
very,25
if,24
sexual,24
out,24
course,24
into,23
all,23
no,23
gender,23
other,22
hero,22
scene,22
identification,21
secrets,21
most,21
own,21
itself,20
rather,19
murdstone,19
its,19
friend,18
would,18
past,18
suggests,18
narrator,17
discipline,17
lejeune,17
their,17
could,17
however,17
loss,17
when,17
buckton,17
only,17
new,17
life,17
even,16
having,16
heart,16
these,16
love,16
any,16
oliver,16
miller,15
first,15
dora,15
were,15
masculine,15
little,15
heep,15
should,15
being,14
might,14
can,14
because,14
never,14
where,14
less,14
father,14
made,14
like,14
must,14
passage,14
account,13
part,13
once,13
autobiography,13
relation,13
we,13
then,13
terms,13
fiction,12
said,12
important,12
through,12
fact,12
identity,12
intimacy,12
relationship,12
figure,12
here,12
form,12
press,12
role,12
later,11
child,11
words,11
moreover,11
context,11
some,11
oedipal,11
space,11
whom,11
though,11
work,11
also,11
man,11
em,11
ever,11
much,11
representation,11
writing,11
there,10
within,10
univ,10
fragment,10
sister,10
poovey,10
indeed,10
effect,10
mother,10
know,10
them,10
before,9
something,9
reading,9
felt,9
melancholic,9
men,9
literary,9
actually,9
project,9
am,9
about,9
us,9
friendship,9
two,9
lack,9
great,9
fictional,9
perhaps,9
argue,9
pact,9
while,9
subject,9
characters,9
ly,8
blacking,8
those,8
language,8
represented,8
idealized,8
undisciplined,8
public,8
failure,8
lost,8
already,8
example,8
social,8
thought,8
name,8
childhood,8
desires,8
argues,8
another,8
story,8
crucial,8
text,8
agony,8
over,8
both,8
think,8
early,8
romance,7
t,7
attempts,7
boyhood,7
mind,7
precisely,7
mr,7
central,7
author,7
interest,7
look,7
shall,7
york,7
act,7
victorian,7
personal,7
novels,7
status,7
order,7
critical,7
girl,7
power,7
make,7
disciplinary,7
time,7
original,7
clear,7
function,7
serves,7
after,7
face,7
school,7
prohibited,7
preface,7
ll,7
different,7
turned,7
up,7
thereby,7
writer,7
specific,7
strong,7
now,6
handsome,6
english,6
women,6
seems,6
nature,6
subsequent,6
written,6
welsh,6
say,6
labor,6
thus,6
young,6
apparently,6
acknowledge,6
whose,6
how,6
explicit,6
romantic,6
objects,6
instance,6
sadoff,6
cannot,6
memory,6
well,6
claim,6
long,6
always,6
protagonist,6
therefore,6
curtain,6
makes,6
read,6
same,6
ed,6
stories,6
choice,6
inevitably,6
john,6
do,6
see,6
woman,6
violent,6
intimate,6
significant,6
significance,6
moral,6
reward,6
essay,6
least,6
become,6
figures,6
she,6
seen,6
insistence,6
offers,6
content,6
ultimately,6
ending,5
way,5
they,5
use,5
position,5
warehouse,5
displacement,5
onto,5
melancholia,5
somewhat,5
case,5
primary,5
activity,5
collins,5
shame,5
chapters,5
component,5
kind,5
self,5
dear,5
hardly,5
critics,5
elopement,5
process,5
image,5
threat,5
union,5
plot,5
determines,5
ambiguity,5
companion,5
equally,5
london,5
purpose,5
away,5
following,5
good,5
sense,5
suggest,5
contrast,5
engenders,5
disturbing,5
towards,5
disclosure,5
neither,5
home,5
without,5
law,5
ask,5
many,5
end,5
authorial,5
private,5
upon,5
shameful,5
pleasure,5
full,5
described,5
open,5
three,5
express,5
points,5
latter,5
scheherazade,5
fails,5
becomes,5
success,5
estella,5
why,5
often,5
repulsion,5
alone,5
eventually,5
scarcely,5
rival,5
physical,5
control,5
seem,5
did,5
nights,5
audience,5
emerges,5
voice,5
emphasis,5
question,5
until,5
guest,5
d,5
states,5
seeks,5
corkscrew,5
charles,5
dynamic,4
does,4
produces,4
companionship,4
closure,4
formed,4
motive,4
painful,4
production,4
resemblance,4
suggesting,4
homosexual,4
achievement,4
raised,4
access,4
key,4
arabian,4
determined,4
against,4
novelistic,4
characteristic,4
occurs,4
turn,4
nor,4
old,4
recollection,4
phantasmatic,4
refer,4
back,4
body,4
influence,4
myself,4
arm,4
revelation,4
preservation,4
means,4
clearly,4
warren,4
too,4
cost,4
strategy,4
admiration,4
friends,4
whereas,4
character,4
scenes,4
tells,4
melancholy,4
passionate,4
recently,4
genre,4
revealed,4
literature,4
calls,4
favourite,4
confession,4
attributed,4
successful,4
wrong,4
dangerous,4
night,4
family,4
few,4
revealing,4
secrecy,4
describes,4
notes,4
nonetheless,4
dispositions,4
female,4
still,4
experiences,4
initially,4
light,4
narratives,4
gay,4
invokes,4
pip,4
conceal,4
again,4
added,4
desiring,4
striking,4
wine,4
model,4
tell,4
explicitly,4
day,4
trajectory,4
affection,4
nothing,4
attraction,4
low,4
logic,4
worldly,4
class,4
betsey,4
note,4
gilmour,4
expectations,4
figured,4
forget,4
each,4
lying,4
scenario,4
merely,4
grinby,4
chicago,4
whether,4
want,4
house,4
statement,4
writes,4
extent,4
fascination,4
produce,4
turns,4
rigid,4
years,4
reveals,4
sexuality,4
speak,4
immediately,4
close,4
freud,3
resolve,3
frequent,3
go,3
spengemann,3
grotesque,3
mouth,3
philippe,3
ostensibly,3
fletcher,3
easily,3
subjection,3
source,3
chief,3
anything,3
else,3
every,3
letters,3
dreams,3
company,3
together,3
link,3
take,3
feature,3
unconscious,3
concealed,3
rake,3
resemblances,3
opened,3
politics,3
desired,3
confidences,3
westburg,3
unhappy,3
symonds,3
behavior,3
conflict,3
fixation,3
phase,3
relationships,3
development,3
becoming,3
moment,3
gendered,3
poker,3
eroticized,3
century,3
find,3
imaginary,3
gaze,3
libidinal,3
essential,3
links,3
sort,3
knew,3
earlier,3
lay,3
moves,3
characterizes,3
fantasy,3
escape,3
acquisition,3
elsewhere,3
traces,3
mary,3
acknowledges,3
additional,3
confessional,3
dominant,3
suggested,3
somatic,3
closely,3
acceptable,3
appearance,3
shared,3
rooms,3
further,3
cultural,3
buried,3
produced,3
undermined,3
feminine,3
required,3
possibility,3
figurative,3
intense,3
ideal,3
concept,3
brought,3
knowledge,3
thoughts,3
whole,3
during,3
place,3
keep,3
call,3
either,3
tone,3
renounced,3
wished,3
next,3
theater,3
quite,3
usual,3
boundaries,3
telling,3
wife,3
world,3
emily,3
displaced,3
parenthetically,3
rest,3
may,3
cathexis,3
drama,3
langbauer,3
attempt,3
criticism,3
violence,3
represents,3
sex,3
under,3
god,3
symptom,3
begins,3
increasingly,3
monitor,3
death,3
homophobic,3
secretive,3
sleep,3
manifested,3
resolved,3
forms,3
hand,3
posits,3
strategies,3
judith,3
practice,3
feminization,3
subjectivity,3
prohibition,3
attainment,3
admiring,3
elegy,3
expression,3
waking,3
legs,3
unacknowledged,3
admission,3
held,3
individual,3
haunted,3
fancy,3
provides,3
inscribed,3
sentiment,3
guilt,3
eyes,3
tendency,3
taking,3
behind,3
brown,3
suggestion,3
penguin,3
fully,3
trotwood,3
inside,3
primarily,3
bonds,3
soul,3
timid,3
paradoxical,3
construction,3
analysis,3
fall,3
attachment,3
earliest,3
homoeroticism,3
defining,3
believe,3
disillusionment,3
down,3
half,3
salem,3
attractions,3
going,3
person,3
believed,3
woodman,3
according,3
making,3
references,3
particular,3
loved,3
boys,3
almost,3
scenarios,3
presented,3
despite,3
became,3
bourgeois,3
went,3
infatuation,3
re,3
divided,3
aspect,3
musselwhite,3
come,3
formation,3
cambridge,3
functions,3
write,3
mode,3
offer,3
instead,3
define,3
remains,3
folly,3
passages,3
point,3
exclusively,3
recent,3
famous,3
termed,3
horror,2
anticipates,2
done,2
fallible,2
represent,2
distress,2
extend,2
asleep,2
wound,2
happier,2
police,2
told,2
needed,2
star,2
true,2
additionally,2
murdstones,2
modern,2
trace,2
enticing,2
history,2
ostensible,2
biographical,2
nineteenth,2
strikes,2
chooses,2
cutting,2
warns,2
hence,2
embraced,2
registered,2
creation,2
view,2
culturally,2
vols,2
disturbance,2
orphan,2
expectation,2
expiate,2
definition,2
hinting,2
secondary,2
assertion,2
display,2
thank,2
producing,2
complicity,2
proves,2
closer,2
reveal,2
concludes,2
room,2
real,2
loves,2
transposition,2
help,2
achieved,2
harmondsworth,2
political,2
committed,2
system,2
takes,2
recorded,2
recuperated,2
inverts,2
draw,2
prior,2
possible,2
implies,2
reaction,2
heterosexuality,2
combination,2
privileged,2
far,2
ignores,2
cited,2
letter,2
vaughan,2
learned,2
victim,2
punishing,2
goal,2
constitutive,2
de,2
accuracy,2
mine,2
virtues,2
inevitable,2
run,2
since,2
due,2
health,2
hierarchy,2
prefaces,2
recurs,2
ability,2
prohibitions,2
remembrances,2
relations,2
laurie,2
convention,2
forced,2
cases,2
times,2
fond,2
kinds,2
subjects,2
marriage,2
fate,2
autobiographically,2
left,2
trusting,2
spite,2
constructs,2
marital,2
deeply,2
adult,2
invites,2
came,2
addington,2
master,2
traumatic,2
kept,2
longing,2
lesser,2
poor,2
depiction,2
youthful,2
bring,2
portrayed,2
inwardness,2
developed,2
adds,2
interpretation,2
aggressive,2
selfdiscipline,2
afterwards,2
patronage,2
poses,2
persistent,2
connected,2
importance,2
gesture,2
certain,2
pages,2
danger,2
awareness,2
intensity,2
mortal,2
uncanny,2
thomas,2
suppression,2
remarks,2
menial,2
bad,2
affect,2
university,2
established,2
section,2
edition,2
seducing,2
argued,2
shadowy,2
powerful,2
surface,2
isolation,2
consequence,2
your,2
m,2
stands,2
fates,2
result,2
narration,2
asserts,2
withheld,2
inherent,2
traditionally,2
banishes,2
narrated,2
effort,2
resembles,2
deal,2
pass,2
constantly,2
late,2
eliminates,2
embarrassing,2
pointing,2
sentence,2
suffered,2
younger,2
excluded,2
tension,2
daisy,2
axe,2
maudlin,2
eager,2
wants,2
aspects,2
directly,2
keeping,2
participation,2
basis,2
future,2
stilted,2
description,2
got,2
describe,2
consistently,2
records,2
insinuating,2
disciplined,2
believes,2
miss,2
memoirs,2
mick,2
trees,2
lunacy,2
change,2
creating,2
professional,2
running,2
construct,2
level,2
useful,2
tom,2
stage,2
tested,2
transgressions,2
destiny,2
phrase,2
dwell,2
sufficient,2
narrating,2
wickfield,2
impossible,2
philip,2
disavowal,2
barely,2
peculiarly,2
results,2
correspondence,2
evoked,2
incumbent,2
legible,2
yarmouth,2
subsequently,2
appeal,2
replacing,2
saw,2
various,2
attributable,2
enacts,2
obstinately,2
happy,2
resisted,2
techniques,2
trials,2
acknowledged,2
establishes,2
manifest,2
precedes,2
robin,2
oxford,2
untold,2
reference,2
examined,2
veiled,2
exposure,2
j,2
complete,2
culture,2
choices,2
dropped,2
generally,2
darkened,2
reiterates,2
dreaming,2
emotional,2
e,2
chastened,2
misery,2
faster,2
disposition,2
fire,2
challenge,2
request,2
others,2
emotions,2
longer,2
idea,2
head,2
regret,2
lives,2
instability,2
attempting,2
lacks,2
pretty,2
associates,2
fallen,2
doubt,2
serious,2
took,2
everyday,2
present,2
psychic,2
creature,2
establish,2
uttered,2
deep,2
books,2
routledge,2
free,2
reminds,2
hughes,2
interpreting,2
breakdown,2
bond,2
greatest,2
discussion,2
inviting,2
examples,2
discovery,2
range,2
formal,2
misgivings,2
oral,2
illusion,2
largely,2
emphasize,2
renunciation,2
bed,2
rhetorically,2
freudian,2
nightmare,2
bedroom,2
involves,2
directed,2
maurice,2
disguised,2
clue,2
general,2
revised,2
fellow,2
rewarded,2
mask,2
played,2
shortly,2
proximity,2
conversation,2
black,2
mourning,2
exchange,2
anybody,2
strangely,2
comparing,2
labour,2
qualities,2
parallel,2
allusion,2
transcendence,2
trouble,2
unruly,2
structure,2
claiming,2
displacements,2
attracted,2
haven,2
seduction,2
responsibility,2
recurring,2
implicitly,2
enough,2
things,2
humiliating,2
indication,2
informs,2
emulation,2
complexion,2
enquiry,2
usually,2
delighted,2
fear,2
vague,2
parent,2
wearied,2
annie,2
force,2
effectively,2
anxiety,2
anxious,2
discourse,2
remembrance,2
intend,2
achieve,2
markham,2
entertainment,2
humiliation,2
get,2
problematic,2
addressed,2
hearts,2
dissipation,2
punished,2
growing,2
series,2
version,2
sympathy,2
incorporated,2
founded,2
demonstrate,2
firstperson,2
constituted,2
invoked,2
known,2
sedgwick,2
claims,2
glimpse,2
appealing,2
excess,2
natural,2
disclosures,2
sure,2
concession,2
substitute,2
pretext,2
best,2
alexander,2
tenderness,2
unsettling,2
rivalry,2
ideological,2
particularly,2
enemy,2
moonlight,2
imprudence,2
proved,2
consciousness,2
dislodge,2
subordinate,2
reproach,2
knows,2
william,2
game,2
unique,2
protective,2
theory,2
grief,2
sleeping,2
require,2
visible,2
don,2
transgression,2
feminized,2
finished,2
martha,2
bildungsroman,2
radically,2
bodies,2
inimical,2
introduced,2
renounce,2
lies,2
investment,2
struck,2
conventional,2
lesson,2
using,2
homosexuality,2
manifests,2
prolong,2
argument,2
difference,2
observed,2
grant,2
finally,2
kipling,2
hurt,2
sat,2
register,2
bedtime,2
grown,2
typically,2
need,2
evidence,2
guiding,2
product,2
regular,2
punitive,2
off,2
extremely,2
stark,2
dramatization,2
morning,2
observation,2
posture,2
narrational,2
continually,2
given,2
abandoned,2
gulf,2
focus,2
conventions,2
resist,2
fictions,2
tiresome,2
previously,2
representational,2
jealous,2
policing,2
bespeaks,2
objectifying,1
final,1
dignifies,1
impossibility,1
assaulting,1
vilified,1
lust,1
currently,1
apply,1
recollect,1
struggle,1
refutes,1
deny,1
page,1
obligations,1
prefer,1
reprised,1
convergence,1
invalidated,1
common,1
imagining,1
reintroduces,1
ambivalence,1
protests,1
juvenile,1
develops,1
locates,1
kristina,1
demonizing,1
corporeality,1
endearing,1
prize,1
pity,1
repay,1
attains,1
imminence,1
truth,1
dangers,1
extreme,1
berkeley,1
interventions,1
episodes,1
schism,1
legitimate,1
thrown,1
arrive,1
imitates,1
resisting,1
despairing,1
portrayals,1
diane,1
reincarnations,1
decipher,1
wearying,1
eliminated,1
ultimate,1
fragmented,1
kalb,1
introduction,1
constitution,1
manuscript,1
passing,1
expect,1
sympathetic,1
forcing,1
articulating,1
creakle,1
center,1
juxtaposition,1
discover,1
complex,1
summarizing,1
disclose,1
integrity,1
denied,1
utterance,1
drastically,1
agency,1
myth,1
elaborated,1
essays,1
wistful,1
word,1
referring,1
remind,1
second,1
cherished,1
interrupt,1
transcribed,1
confines,1
host,1
constitutes,1
strictly,1
walker,1
sudden,1
johns,1
studies,1
favor,1
conscious,1
enticed,1
boyish,1
install,1
considerations,1
spirit,1
conclusive,1
spotlighting,1
unavoidably,1
fixed,1
overwhelm,1
harsh,1
presents,1
unlike,1
laid,1
occurred,1
total,1
holding,1
observing,1
cornell,1
assisted,1
smile,1
connotations,1
arguing,1
revision,1
hypothetically,1
subtly,1
verdict,1
yoking,1
terrifying,1
dexterity,1
contexts,1
leads,1
brutal,1
collaborative,1
owed,1
revelations,1
wince,1
lower,1
round,1
disgraced,1
urgency,1
keystone,1
interweaving,1
destabilizing,1
sublimated,1
modest,1
specifically,1
winning,1
regulating,1
pervasive,1
ii,1
individualist,1
reticence,1
steady,1
give,1
taken,1
motivations,1
feeling,1
address,1
interjection,1
austere,1
refusal,1
retheguidingstarofmyexistence,1
actual,1
articulate,1
england,1
selfishly,1
official,1
fantasizing,1
frangois,1
friendly,1
nonincestuous,1
possibilities,1
lanky,1
height,1
leading,1
spectacle,1
sultana,1
belong,1
broadly,1
broken,1
lessen,1
accompanied,1
featuring,1
sentimentality,1
reasons,1
feminism,1
confusion,1
wielding,1
potentially,1
squareness,1
blind,1
rich,1
carrying,1
follows,1
fireplace,1
found,1
preoccupied,1
able,1
roused,1
scheme,1
composition,1
subdued,1
procedure,1
commitment,1
resulting,1
concealment,1
antipathy,1
avers,1
phobia,1
emblem,1
machismo,1
strength,1
persistence,1
last,1
ambition,1
godmother,1
meantime,1
date,1
replicated,1
affair,1
emphasized,1
shepherd,1
dispositional,1
prohibiting,1
childish,1
bombastic,1
opposite,1
lodgings,1
surely,1
hallam,1
ambiguous,1
frisson,1
construe,1
hostility,1
hostile,1
guards,1
employs,1
issue,1
teasing,1
inseparable,1
existence,1
lens,1
epstein,1
dr,1
murdstonewhose,1
iii,1
presentiment,1
behavioral,1
phallic,1
formulation,1
beard,1
advice,1
effaces,1
trans,1
iv,1
saying,1
killed,1
rests,1
wrongly,1
motivating,1
originates,1
addresses,1
twist,1
receptivity,1
losses,1
samesex,1
stepped,1
chapter,1
triangle,1
restoring,1
red,1
replacement,1
installment,1
capable,1
compensatory,1
bloom,1
eroticizing,1
erased,1
contractual,1
powers,1
conspired,1
october,1
intriguingly,1
insight,1
dinner,1
obvious,1
quotation,1
deceit,1
mastery,1
barry,1
matriarch,1
mental,1
drunk,1
biblical,1
establishment,1
conception,1
desirable,1
scandal,1
representing,1
promises,1
demanded,1
marginalized,1
unfolds,1
contrasts,1
masks,1
sign,1
harold,1
consolidates,1
ambitions,1
encroachments,1
framework,1
disavow,1
succeed,1
repeatedly,1
pen,1
includes,1
singularity,1
micawber,1
throughout,1
publication,1
fascinated,1
married,1
affiliation,1
reclaim,1
veracity,1
dotted,1
severe,1
utopian,1
conceals,1
quality,1
alternately,1
gettingup,1
pursuit,1
presage,1
usefully,1
paradoxically,1
strucoliver,1
bodily,1
mastered,1
forgotten,1
faces,1
copperfieldboth,1
presumptious,1
relinquished,1
honest,1
tumbled,1
mauriac,1
difficulty,1
composure,1
suitably,1
coexistence,1
dozing,1
living,1
pay,1
seeming,1
dick,1
barrier,1
mild,1
expected,1
tennyson,1
deprivation,1
strategic,1
beloved,1
resting,1
precludes,1
defense,1
wander,1
saved,1
elements,1
pretensions,1
reluctance,1
curiously,1
rejecting,1
evident,1
displays,1
softened,1
arguably,1
portray,1
intercourse,1
uniformly,1
profound,1
approval,1
highest,1
ithaca,1
response,1
columbia,1
completing,1
anathematized,1
six,1
extraordinary,1
served,1
allowing,1
lineage,1
dearly,1
compared,1
applying,1
site,1
monopolization,1
mistress,1
metaphorizing,1
disguises,1
hybrid,1
crushing,1
y,1
consequently,1
sin,1
beat,1
unresolved,1
prime,1
vice,1
omits,1
reunited,1
details,1
helping,1
psychoanalysis,1
professionally,1
wounded,1
weakness,1
subversion,1
elope,1
quiet,1
sensations,1
cites,1
realization,1
encomiums,1
higher,1
threatens,1
contiguity,1
homely,1
rooted,1
interesting,1
rudyard,1
weapon,1
displease,1
disposed,1
recognized,1
recovers,1
adequate,1
leary,1
heaven,1
consoled,1
genuinely,1
eyebrows,1
finish,1
dehumanize,1
hopes,1
costs,1
heroes,1
resists,1
forbids,1
statements,1
subjected,1
negatively,1
impetus,1
untainted,1
compatible,1
novelists,1
nonsense,1
agonizing,1
unit,1
fantasies,1
antagonistic,1
gestures,1
desolately,1
sharp,1
phantasmic,1
notion,1
untimely,1
mean,1
utterances,1
parents,1
requisite,1
goes,1
idealize,1
spirits,1
granted,1
risk,1
coffee,1
developments,1
keen,1
chelsea,1
leave,1
sacrificed,1
direct,1
hearing,1
pasche,1
special,1
matched,1
k,1
gratefully,1
bosom,1
echoed,1
white,1
repeats,1
furtively,1
govern,1
feel,1
redundancy,1
augmented,1
overlooked,1
dismiss,1
biographer,1
reappears,1
actions,1
replete,1
reason,1
posthumous,1
involvement,1
understand,1
category,1
subordinated,1
cemented,1
clerk,1
alienate,1
ensure,1
adopt,1
wanted,1
fondly,1
tensions,1
consider,1
imagination,1
encourages,1
familiar,1
nose,1
organized,1
emergence,1
consolidate,1
wouldn,1
vindicated,1
endeavoured,1
liberal,1
director,1
just,1
unimportant,1
air,1
imitation,1
distressing,1
articulated,1
resolute,1
sheer,1
allude,1
weak,1
shore,1
exemplify,1
incorrectly,1
frozen,1
orientation,1
four,1
show,1
seamless,1
attitudes,1
micawbers,1
heading,1
recovered,1
eroticism,1
readings,1
beyond,1
compellingly,1
followed,1
impresses,1
rogues,1
coincidental,1
enamored,1
dramatized,1
discomfort,1
comprising,1
filtered,1
requires,1
exploitation,1
sultan,1
willing,1
undress,1
crucially,1
care,1
helped,1
hetero,1
contrary,1
gesturing,1
opinion,1
normality,1
preference,1
drawing,1
truer,1
eludes,1
hot,1
paragraph,1
constructive,1
proposed,1
redeeming,1
lunatic,1
opening,1
yielding,1
uses,1
remembered,1
incomplete,1
based,1
abandoning,1
harbor,1
romances,1
conflates,1
critic,1
heavenly,1
transient,1
method,1
protector,1
begun,1
hands,1
search,1
joy,1
henceforth,1
treatments,1
taboo,1
conventionally,1
underneath,1
changed,1
demands,1
prepare,1
destined,1
rebirth,1
caressed,1
events,1
aptly,1
sending,1
centrally,1
oh,1
drawbacks,1
strident,1
captured,1
effusively,1
burst,1
featured,1
negation,1
calder,1
arrogance,1
disruptive,1
secretly,1
hurrah,1
mealy,1
punishment,1
installation,1
infatuated,1
pure,1
syncretism,1
occupation,1
peeping,1
let,1
brilliant,1
shake,1
seizing,1
sentimental,1
professes,1
stoppages,1
indirect,1
treat,1
dismissal,1
sharpened,1
thematic,1
appears,1
default,1
viewed,1
cohabitation,1
devoid,1
voyeur,1
fulfill,1
intertwined,1
otherwise,1
placed,1
avoid,1
spiritual,1
unravel,1
refuge,1
andre,1
taught,1
availability,1
bow,1
industrious,1
creates,1
hopkins,1
depictions,1
expressions,1
impression,1
randolph,1
befalling,1
receive,1
retroactive,1
reacting,1
coyly,1
identifications,1
crushed,1
julia,1
restrain,1
relief,1
lugubriously,1
closed,1
liable,1
effeminate,1
expansion,1
dog,1
scope,1
autofictions,1
received,1
draconian,1
strict,1
homonymic,1
terrors,1
hints,1
repetition,1
r,1
episode,1
prominent,1
disproving,1
affectional,1
horse,1
occluded,1
uncover,1
explains,1
fundamentally,1
denial,1
apparent,1
clearer,1
negative,1
coded,1
confirms,1
mitigated,1
compulsive,1
reminded,1
reminiscence,1
northern,1
authenticity,1
arrives,1
realm,1
designate,1
sorrow,1
outpouring,1
surrogate,1
literally,1
inspire,1
constitute,1
contains,1
accidental,1
people,1
accomplishment,1
unmistakable,1
underscored,1
theorizes,1
speaking,1
infantile,1
forces,1
reenacts,1
matrimonial,1
publish,1
jealousy,1
kosofsky,1
systematic,1
participate,1
placate,1
monopoly,1
won,1
burden,1
horizon,1
guessing,1
irreparably,1
strongest,1
markedly,1
passion,1
characterize,1
pollution,1
rewritten,1
persona,1
citing,1
lifted,1
unaccountably,1
offences,1
caused,1
schoolboy,1
fulfilled,1
working,1
field,1
tacitly,1
ego,1
embodied,1
aroused,1
honey,1
holes,1
psychologized,1
box,1
persecuting,1
yawning,1
discredit,1
emphasizes,1
emerging,1
involved,1
fast,1
around,1
renouncing,1
several,1
autonomy,1
dispelling,1
consensus,1
highly,1
components,1
starting,1
prompted,1
sodomitical,1
acts,1
presence,1
dramatic,1
disgusted,1
shadows,1
choosing,1
distinguished,1
elide,1
deviant,1
portions,1
urgently,1
illusions,1
degradation,1
wisely,1
occasions,1
discreetly,1
mournful,1
teasingly,1
rendition,1
necessity,1
education,1
grosskurth,1
paid,1
games,1
inverted,1
transmuted,1
commodifies,1
peculiar,1
reciprocated,1
inebriated,1
structured,1
diminished,1
performing,1
confidant,1
value,1
crime,1
projectto,1
grateful,1
finds,1
umbleness,1
regressive,1
settle,1
questioning,1
climaxing,1
small,1
rang,1
society,1
tyrannically,1
wielder,1
flourished,1
eternal,1
f,1
portion,1
battle,1
enforced,1
tasks,1
highlights,1
led,1
referent,1
noteworthy,1
likely,1
arrangement,1
untellable,1
forever,1
implications,1
hegemony,1
renders,1
partings,1
clara,1
rivalries,1
noble,1
bringing,1
tively,1
primitive,1
inadequacy,1
beastliness,1
feminize,1
action,1
used,1
indicative,1
giving,1
distorted,1
wrote,1
arouses,1
surprisingly,1
alliance,1
play,1
whim,1
return,1
wait,1
ahistorical,1
classic,1
brief,1
unstable,1
gaping,1
unconsciously,1
meaner,1
upward,1
disinclination,1
etc,1
oppressed,1
prove,1
dread,1
intervention,1
indicates,1
interactions,1
boy,1
collapsed,1
bleak,1
christian,1
echo,1
repulsiveness,1
put,1
religious,1
direction,1
sexually,1
spectacular,1
powerfully,1
inconvenient,1
matches,1
undergo,1
comforting,1
dickensian,1
depicted,1
simultaneous,1
gave,1
appreciative,1
externalized,1
refusing,1
wake,1
security,1
repressive,1
devotion,1
renaming,1
serve,1
hegemonic,1
evil,1
capitulates,1
challenged,1
termination,1
perceived,1
unwin,1
dictates,1
enshrined,1
constant,1
acting,1
assimilation,1
enigmatic,1
stole,1
appear,1
wallis,1
demonstrates,1
covertly,1
lament,1
lifetime,1
contempt,1
insights,1
touching,1
learns,1
fugitive,1
phyllis,1
displaces,1
double,1
persuasive,1
angel,1
consoling,1
fantasized,1
stepfather,1
resolution,1
theorist,1
resistance,1
successfully,1
french,1
resuming,1
seduced,1
book,1
comparison,1
confided,1
stated,1
factory,1
strike,1
mark,1
workmates,1
paean,1
stating,1
pointed,1
deserves,1
similarly,1
obstinate,1
partner,1
addition,1
mimic,1
gentle,1
complementary,1
dearest,1
efforts,1
stringent,1
gravely,1
discussed,1
coincidence,1
treatment,1
preserve,1
subgenre,1
bulwer,1
manliness,1
recurrent,1
clarendon,1
workingclass,1
minnesota,1
creative,1
proposal,1
uneasy,1
afraid,1
smart,1
husband,1
exclusion,1
audacious,1
regulation,1
demonstrations,1
striving,1
children,1
suppressed,1
beg,1
incorporation,1
scrooge,1
surfaces,1
demonstrating,1
forsaking,1
gurglings,1
state,1
granting,1
everything,1
concocting,1
arthur,1
bound,1
wonderingly,1
unsurprisingly,1
considerable,1
clearing,1
flighty,1
bell,1
inquired,1
angels,1
devil,1
payment,1
ought,1
readers,1
outside,1
stuff,1
evoke,1
ground,1
phantasms,1
unheeded,1
straub,1
deceptive,1
exercised,1
novelist,1
flattered,1
eliciting,1
relevant,1
queer,1
verbatim,1
interview,1
surveillance,1
castration,1
necessary,1
conviction,1
maturity,1
focusing,1
disgust,1
simile,1
normative,1
recognizes,1
dispel,1
assault,1
conquer,1
learnt,1
gives,1
insecure,1
figuring,1
complicated,1
gladly,1
encountered,1
revises,1
linked,1
incestuous,1
identifiable,1
convenient,1
remained,1
shaved,1
charted,1
grounds,1
simon,1
demonstrated,1
forest,1
acknowledgment,1
originary,1
displace,1
exploring,1
warning,1
casual,1
kathleen,1
extended,1
reparative,1
supplies,1
neatly,1
atlantic,1
murdering,1
considering,1
birth,1
unwelcome,1
reversed,1
incidents,1
limitations,1
impart,1
marginality,1
wickfields,1
transgressive,1
arose,1
desperate,1
looking,1
sufficiently,1
disavowed,1
nickname,1
angus,1
listener,1
imbued,1
poignant,1
entirely,1
evacuates,1
confidence,1
characteristically,1
equanimity,1
station,1
francis,1
began,1
approach,1
worse,1
affects,1
vocabulary,1
stalky,1
harvard,1
catalyst,1
institutional,1
idealization,1
launching,1
hour,1
heavilyheavily,1
invectives,1
stay,1
misplaced,1
instrument,1
chosen,1
raising,1
relaxes,1
california,1
polarity,1
seduce,1
vii,1
pattern,1
displacing,1
rejected,1
ties,1
installed,1
exertion,1
substitutes,1
engender,1
individualized,1
reality,1
adding,1
authors,1
stress,1
favorite,1
excrescences,1
agreement,1
sustain,1
lady,1
co,1
dramatizes,1
encrypts,1
eve,1
disappoint,1
pride,1
storytelling,1
blend,1
someone,1
period,1
impelled,1
attribution,1
escaped,1
internalization,1
distinction,1
credit,1
irreplaceable,1
obtained,1
lie,1
reinstate,1
filled,1
probable,1
anyone,1
viscerally,1
offense,1
tales,1
activates,1
lose,1
intertextuality,1
coerced,1
narcissistic,1
grainger,1
repeated,1
ture,1
faith,1
valued,1
lively,1
witness,1
especially,1
problems,1
spenlow,1
conspicuously,1
serialization,1
enacted,1
mocks,1
imaginative,1
easy,1
autobiographer,1
confinement,1
hastily,1
healthy,1
overcome,1
respectively,1
wise,1
improbability,1
nobody,1
impermissibly,1
examine,1
scapegoats,1
guiltily,1
prefatory,1
improbable,1
decisively,1
probably,1
wish,1
looks,1
norton,1
authenticated,1
looked,1
copyright,1
acceded,1
burgis,1
distempered,1
throat,1
occupied,1
endears,1
clinched,1
redirected,1
accounts,1
theatrical,1
productive,1
propose,1
hope,1
irresponsible,1
pupils,1
dilke,1
gide,1
convincingly,1
recuperate,1
applies,1
species,1
justice,1
reluctant,1
decision,1
hunt,1
clearest,1
obsession,1
culmination,1
disciplining,1
route,1
ghosts,1
illusory,1
subjugate,1
stems,1
chances,1
today,1
initials,1
ing,1
wisdom,1
excepted,1
sealed,1
assiduously,1
recall,1
assert,1
recreate,1
blount,1
lytton,1
elh,1
reenactment,1
unworthiness,1
plays,1
claimed,1
abject,1
aunt,1
begin,1
exacerbated,1
lines,1
dislocated,1
insufficient,1
dumb,1
empire,1
substitution,1
nemesis,1
mood,1
directing,1
selfrevelations,1
fielding,1
strongly,1
yale,1
bears,1
landmarks,1
returned,1
render,1
circumstance,1
katherine,1
proposition,1
threaten,1
importantly,1
dent,1
transformation,1
length,1
consolidation,1
utterly,1
insistently,1
reactivates,1
neighbourhood,1
strive,1
exclude,1
paternal,1
travelled,1
blood,1
rewrites,1
united,1
commits,1
implacable,1
dead,1
table,1
endure,1
mysteriously,1
delineates,1
disavowals,1
muted,1
months,1
instances,1
strategically,1
adjuring,1
subtext,1
memorialized,1
occupies,1
tantamount,1
comic,1
considered,1
door,1
detail,1
dismissing,1
unrecoverable,1
sections,1
acquired,1
doubly,1
proof,1
recurrence,1
publicly,1
share,1
contained,1
resonates,1
sexes,1
heavy,1
liked,1
thinking,1
associated,1
beast,1
singular,1
material,1
impersonating,1
toast,1
broke,1
methuen,1
comes,1
conclusion,1
accomplishes,1
homosocial,1
complexity,1
muffles,1
conjunction,1
minneapolis,1
elided,1
extending,1
manual,1
simply,1
matters,1
malingering,1
reinforced,1
continues,1
symbolic,1
protagonists,1
nina,1
recognizable,1
satisfactory,1
alludes,1
imprecation,1
membership,1
disapproval,1
intensely,1
wicked,1
interludes,1
alternative,1
ternan,1
cover,1
downfall,1
priceless,1
divert,1
drowned,1
respecting,1
identified,1
bottle,1
schooldays,1
scrupulously,1
illuminated,1
burdened,1
autofiction,1
interiority,1
sentimentalized,1
interrupted,1
paper,1
reciprocal,1
inclined,1
bless,1
confident,1
seriously,1
connection,1
noisy,1
interested,1
respects,1
ebenezer,1
orchestrator,1
comfort,1
encomium,1
sensational,1
reclining,1
current,1
regard,1
returns,1
evacuated,1
moments,1
observe,1
signifies,1
reproduces,1
modality,1
expresses,1
obviously,1
infer,1
cautious,1
anguished,1
encouraging,1
snatched,1
narcissism,1
childlike,1
sum,1
happiness,1
closest,1
invocation,1
rehearses,1
better,1
respect,1
places,1
hint,1
clarity,1
aspiring,1
indulged,1
hyman,1
didn,1
born,1
ruse,1
delineated,1
seducer,1
fuller,1
answered,1
strained,1
affirm,1
carefully,1
impulse,1
remorse,1
furnishes,1
cause,1
add,1
nascent,1
opportunistic,1
interpreter,1
sexualized,1
warn,1
consolations,1
sunk,1
distancing,1
leaving,1
problem,1
unwise,1
listen,1
partial,1
projective,1
awoke,1
unfavorable,1
sir,1
midvictorian,1
harrow,1
expressly,1
projection,1
dark,1
representations,1
insistent,1
textual,1
information,1
uneven,1
pariahs,1
missed,1
suspicion,1
quixotic,1
storey,1
categories,1
universe,1
art,1
fourteen,1
anxieties,1
unreasonable,1
bedside,1
objectchoices,1
wandering,1
biography,1
remember,1
intention,1
imparted,1
son,1
villainous,1
apt,1
ruled,1
attachments,1
exercising,1
compelling,1
favoritism,1
decisive,1
beach,1
drowning,1
alternatives,1
similitude,1
jumps,1
fortuitously,1
suppressions,1
withdrawal,1
suggestively,1
returning,1
explication,1
impulses,1
cultivated,1
recounts,1
fissure,1
motherly,1
tender,1
demanding,1
complementarity,1
solitary,1
salvaged,1
officially,1
lodger,1
fleeting,1
mention,1
allows,1
commented,1
coming,1
categorization,1
ellen,1
internalized,1
tions,1
referential,1
reducible,1
our,1
psychobiography,1
prepared,1
courtship,1
chaste,1
spells,1
superseded,1
anxiously,1
sanctioned,1
tantalizing,1
sealing,1
obliged,1
underworld,1
theme,1
touch,1
unable,1
friendships,1
editor,1
transoliver,1
formality,1
similarity,1
finding,1
contract,1
genders,1
illinois,1
abused,1
paradigm,1
fourteenth,1
vance,1
florida,1
frame,1
immaturity,1
trauma,1
unbridgeable,1
crisis,1
protesting,1
parallels,1
corrective,1
afflictions,1
although,1
underwrites,1
idealizing,1
humor,1
headmaster,1
haste,1
regime,1
unified,1
cautionary,1
graham,1
glass,1
trumbach,1
values,1
attributes,1
centrality,1
effects,1
harbored,1
disrupt,1
attempted,1
voluntary,1
tableaux,1
association,1
shift,1
confess,1
magical,1
thousand,1
potential,1
dexterously,1
besides,1
thing,1
invited,1
penetrated,1
removing,1
actress,1
authentic,1
fellows,1
deployment,1
protested,1
rejection,1
tillotson,1
opaque,1
avowed,1
potatoes,1
trevor,1
create,1
norman,1
paralyzing,1
texts,1
views,1
sinews,1
substantial,1
predictable,1
element,1
sapphists,1
provocativeness,1
traditional,1
rechannelling,1
token,1
duration,1
startled,1
eliminating,1
matriarchal,1
mature,1
among,1
seek,1
facile,1
worshipping,1
bisexuality,1
ineluctably,1
leaden,1
mistaken,1
fortuitous,1
vividly,1
serenity,1
admired,1
occur,1
costly,1
mimics,1
welded,1
