WORDCOUNTS,WEIGHT
the,297
of,220
and,112
in,106
a,88
to,87
his,66
that,46
raphael,40
her,37
he,36
was,35
for,35
it,34
as,33
s,31
have,31
with,30
this,28
by,26
love,26
is,25
not,24
from,20
at,19
i,19
their,17
or,17
great,17
which,17
an,16
margarita,16
man,15
who,15
one,15
we,15
been,14
e,14
so,14
all,13
t,12
life,11
woman,11
art,11
work,11
such,11
no,10
had,10
but,10
has,10
him,10
be,10
than,10
beautiful,9
are,9
r,9
upon,9
thus,9
on,9
she,8
if,8
most,8
more,8
artists,8
could,8
very,8
perhaps,8
lover,8
painting,8
beauty,8
master,8
artist,7
h,7
n,7
only,7
picture,7
many,7
what,7
would,7
mind,7
even,7
girl,6
o,6
these,6
women,6
first,6
time,6
day,6
its,6
affairs,6
marriage,6
young,6
little,6
should,6
la,6
portrait,6
f,5
stuart,5
ing,5
before,5
death,5
other,5
cardinal,5
out,5
see,5
mistress,5
loved,5
some,5
himself,5
however,5
good,5
d,5
like,5
much,5
may,4
critics,4
you,4
indeed,4
rather,4
they,4
madonna,4
beauties,4
family,4
same,4
baker,4
said,4
known,4
donna,4
seems,4
nature,4
fact,4
whom,4
did,4
found,4
were,4
doubt,4
last,4
men,4
marie,4
well,4
greatest,4
must,4
frescoes,4
maria,4
charm,4
made,4
g,4
never,4
least,4
times,4
evelyn,4
eyes,4
da,4
can,4
when,4
look,4
re,4
wife,4
world,4
daughter,4
enough,3
age,3
san,3
true,3
tion,3
sisto,3
knew,3
b,3
inspired,3
face,3
unusual,3
me,3
modern,3
us,3
into,3
fornarina,3
completion,3
ducats,3
rome,3
being,3
palace,3
painted,3
refuge,3
also,3
m,3
give,3
might,3
tribute,3
history,3
each,3
valata,3
theme,3
real,3
there,3
masterpiece,3
works,3
masters,3
honor,3
forms,3
heart,3
those,3
where,3
them,3
appears,3
less,3
con,3
gives,3
vatican,3
ter,3
italian,3
refinement,3
say,3
through,3
three,3
subject,3
pitti,3
affection,3
gave,3
place,3
refers,3
ever,3
di,3
inspire,3
human,3
come,3
won,3
uffizi,3
own,3
against,3
charms,3
divine,3
old,3
late,3
few,3
state,3
highly,3
ideal,3
find,3
looks,3
y,3
immortalized,3
letter,3
am,3
will,2
child,2
beloved,2
l,2
placentia,2
short,2
chigi,2
either,2
represent,2
na,2
gallery,2
herself,2
our,2
make,2
garden,2
titled,2
ex,2
church,2
told,2
delicacy,2
sought,2
about,2
ma,2
wives,2
mother,2
courage,2
devotion,2
genius,2
require,2
spirit,2
god,2
ideals,2
proof,2
home,2
ambitious,2
any,2
just,2
thousand,2
smile,2
francesco,2
vasari,2
too,2
w,2
deep,2
enamorata,2
nobility,2
beyond,2
every,2
sweethearts,2
requires,2
certainly,2
name,2
here,2
bright,2
projected,2
opinion,2
mis,2
admiration,2
view,2
over,2
engaged,2
friends,2
saint,2
tions,2
idea,2
beheld,2
seem,2
solation,2
villa,2
critic,2
wall,2
solace,2
regard,2
gods,2
happy,2
producing,2
gal,2
uncle,2
theology,2
chosen,2
infer,2
end,2
della,2
take,2
happiness,2
pictures,2
achieved,2
simple,2
though,2
according,2
appropriate,2
whether,2
form,2
renaissance,2
pope,2
proven,2
year,2
recognized,2
triumph,2
died,2
while,2
sienna,2
fore,2
personification,2
enthusiasm,2
widow,2
generally,2
act,2
popular,2
received,2
portraits,2
indis,2
virgin,2
given,2
beneath,2
lovely,2
expression,2
learned,2
niece,2
subtlety,2
relates,2
loves,2
throughout,2
personal,2
full,2
away,2
de,2
grace,2
nevertheless,2
lips,2
does,2
creator,2
lady,2
barberini,2
course,2
pride,2
en,2
completed,2
features,2
high,2
after,2
poetic,2
latter,2
ture,2
bibiena,2
tress,2
feet,2
observe,2
c,2
exactly,2
sentiments,2
blood,2
galleries,2
dear,2
lery,2
famous,2
society,2
cosmopolitan,1
perfect,1
model,1
tourists,1
ise,1
entitled,1
sidered,1
ments,1
peo,1
fifty,1
therefore,1
oxford,1
now,1
suggestion,1
nagged,1
der,1
third,1
favoring,1
traste,1
lo,1
monks,1
possessed,1
verses,1
moreover,1
betrays,1
mlargarita,1
whose,1
adorable,1
stronger,1
lovers,1
supposed,1
since,1
viting,1
abode,1
matter,1
kissed,1
element,1
heads,1
without,1
curves,1
difficult,1
way,1
continued,1
urbino,1
car,1
ledger,1
sets,1
faith,1
lesser,1
excepting,1
entry,1
charmed,1
generations,1
adds,1
naturally,1
dred,1
how,1
london,1
claimed,1
cspecially,1
worldly,1
april,1
wonder,1
ra,1
possession,1
notice,1
truth,1
pale,1
pe,1
play,1
observes,1
career,1
everyone,1
ant,1
classic,1
attitude,1
anniversary,1
drawing,1
bare,1
circu,1
perfection,1
female,1
pilgrimages,1
presentation,1
worthy,1
wearied,1
lated,1
red,1
giovanni,1
song,1
success,1
innocently,1
bv,1
fea,1
un,1
seen,1
adopted,1
truer,1
admired,1
still,1
above,1
opportunity,1
arm,1
fered,1
fever,1
thw,1
force,1
collec,1
sis,1
plainly,1
saints,1
keep,1
per,1
experiences,1
acquiesce,1
se,1
certain,1
lovingly,1
cotemporaries,1
anvers,1
degree,1
fornirini,1
direct,1
christian,1
induce,1
bibi,1
admira,1
jesus,1
handsome,1
deepest,1
thrust,1
skeptical,1
fornarinaa,1
pontiff,1
ories,1
satisfaction,1
spared,1
lk,1
cloister,1
lay,1
advised,1
feel,1
united,1
sunshine,1
besought,1
tures,1
live,1
peas,1
alive,1
kings,1
incarnations,1
grea,1
inspirational,1
temperament,1
dwells,1
prince,1
princes,1
altar,1
indispensable,1
months,1
humiliation,1
enl,1
rejoicing,1
asa,1
soul,1
push,1
prof,1
inconsistent,1
sonnets,1
unquestioning,1
represents,1
studies,1
pervading,1
noth,1
commenting,1
win,1
association,1
finer,1
orkings,1
silliness,1
congregation,1
surmise,1
better,1
want,1
buried,1
meant,1
self,1
alized,1
issue,1
yourself,1
voung,1
consider,1
ceremony,1
possibly,1
backs,1
nobler,1
claims,1
eyed,1
pantheon,1
established,1
cance,1
character,1
nose,1
presents,1
benefactor,1
organized,1
cess,1
falls,1
sant,1
heavy,1
serious,1
abuses,1
thinking,1
latin,1
light,1
under,1
complete,1
husbands,1
requested,1
metropolis,1
feels,1
days,1
believed,1
sor,1
unwed,1
unconvention,1
ro,1
bride,1
tomb,1
chloice,1
dication,1
elaborate,1
series,1
source,1
climbing,1
agostino,1
artis,1
already,1
biography,1
four,1
bracelet,1
corner,1
worth,1
significant,1
adjoining,1
struck,1
womian,1
concerned,1
round,1
vienna,1
andl,1
oi,1
vate,1
direction,1
passion,1
justify,1
mistresses,1
concerning,1
twent,1
sketch,1
bow,1
declining,1
physical,1
masterpieces,1
idealized,1
excel,1
spiritual,1
barberim,1
cultured,1
li,1
repentent,1
pdretty,1
portray,1
sided,1
popes,1
fre,1
segnatura,1
compensation,1
calcu,1
sebastian,1
left,1
writes,1
pedantic,1
gained,1
participated,1
daugh,1
mo,1
decoration,1
vouth,1
taken,1
bethrothed,1
think,1
passed,1
concentrated,1
toward,1
thank,1
others,1
possesses,1
europe,1
verse,1
vine,1
ear,1
undy,1
evely,1
meantime,1
spectator,1
tured,1
ly,1
hours,1
gentle,1
emotions,1
standards,1
leaving,1
tear,1
words,1
containing,1
anything,1
resemblance,1
madnnadi,1
falling,1
roman,1
introduce,1
consideration,1
stories,1
testimonies,1
available,1
higher,1
cour,1
stall,1
tem,1
down,1
future,1
designed,1
broken,1
best,1
stanza,1
contentment,1
warm,1
blance,1
creative,1
exquisitive,1
houses,1
hands,1
feared,1
goddesses,1
dites,1
p,1
fortunes,1
ambitions,1
hiai,1
unobtrusive,1
suc,1
pulse,1
holding,1
disquieting,1
origin,1
lacks,1
pretty,1
arisen,1
augustus,1
wrho,1
demands,1
distract,1
bitterness,1
ar,1
divizio,1
venus,1
destined,1
census,1
dispute,1
written,1
bind,1
dinal,1
snatched,1
immortal,1
emo,1
reproduction,1
ve,1
delays,1
dull,1
warmly,1
seldom,1
tactful,1
almost,1
muntz,1
enlarge,1
attained,1
rural,1
fragments,1
another,1
bility,1
affluence,1
simnple,1
ruler,1
ambition,1
faithful,1
person,1
ages,1
outside,1
arranged,1
share,1
further,1
italia,1
bakeress,1
stand,1
inspira,1
do,1
ners,1
v,1
primitive,1
fame,1
bg,1
frankness,1
barbarini,1
gifts,1
traced,1
pri,1
serene,1
hall,1
studio,1
alike,1
technical,1
somewhat,1
tears,1
ity,1
manded,1
enjoyment,1
purity,1
chapel,1
fuller,1
within,1
tor,1
flnding,1
ness,1
tist,1
constancy,1
florence,1
income,1
viewed,1
ad,1
celebrated,1
paint,1
cannot,1
making,1
desires,1
sedia,1
foremost,1
faded,1
madonnas,1
particular,1
side,1
idol,1
ascendency,1
necessary,1
vivid,1
material,1
placed,1
por,1
humanitv,1
inseparable,1
conceptiori,1
insofar,1
parted,1
your,1
santi,1
morgari,1
absolute,1
remarked,1
theory,1
grief,1
required,1
cernable,1
gallerv,1
signifi,1
dying,1
miration,1
actively,1
notes,1
historians,1
cynically,1
elec,1
money,1
answer,1
wept,1
fable,1
galery,1
u,1
chair,1
impression,1
angry,1
memory,1
receive,1
right,1
dower,1
incongtruous,1
feminine,1
excellence,1
having,1
retain,1
christianity,1
lost,1
chapter,1
mythology,1
ena,1
original,1
stood,1
episode,1
image,1
development,1
felt,1
trait,1
basis,1
relatives,1
spot,1
graceful,1
whiteness,1
urban,1
qf,1
infant,1
rina,1
condition,1
haps,1
middle,1
lence,1
bedside,1
agreeable,1
quality,1
antonio,1
sworn,1
birth,1
sculpture,1
alliance,1
magnificent,1
hedark,1
events,1
hun,1
remember,1
insight,1
paintings,1
forna,1
clew,1
dresden,1
renders,1
bath,1
preserved,1
ions,1
clear,1
cure,1
mtiargarita,1
amiability,1
aphro,1
fair,1
drous,1
ill,1
brought,1
adoring,1
point,1
barefooted,1
nobling,1
reflecting,1
pensable,1
x,1
far,1
sort,1
throne,1
july,1
sent,1
unkind,1
pre,1
pays,1
ders,1
quently,1
tine,1
longer,1
role,1
easy,1
convinced,1
ac,1
room,1
turns,1
bachelor,1
plans,1
resem,1
lies,1
bathing,1
returning,1
ple,1
cupid,1
got,1
todary,1
benedictines,1
enduring,1
dignity,1
heautiful,1
shrink,1
sweet,1
biena,1
complement,1
purchased,1
wlith,1
freedom,1
duchy,1
untrammeled,1
fail,1
wonderful,1
harmony,1
advises,1
pa,1
univers,1
spired,1
apartments,1
ideas,1
formerly,1
winning,1
moments,1
bits,1
ove,1
perllaps,1
acquiesced,1
rare,1
story,1
gard,1
aind,1
friday,1
tiquity,1
prom,1
inclined,1
wishled,1
unites,1
narina,1
scribbled,1
jealousy,1
lieart,1
sacrament,1
announce,1
knowin,1
moved,1
beating,1
uintil,1
soft,1
canvas,1
achieving,1
expect,1
obliged,1
satsisto,1
joys,1
betrothal,1
sugges,1
virtues,1
doubtful,1
cul,1
continual,1
both,1
miss,1
compositions,1
slighting,1
encouragement,1
peramental,1
covet,1
discovered,1
sufficed,1
holy,1
farnesian,1
iinter,1
copies,1
fine,1
impersonations,1
lustrous,1
mem,1
arrange,1
express,1
offended,1
fers,1
near,1
costumes,1
feature,1
nephew,1
fountain,1
charming,1
choice,1
inscription,1
peter,1
smiles,1
forsaking,1
rehearses,1
painter,1
lighted,1
apollonia,1
representing,1
dark,1
allure,1
atugust,1
esteem,1
canvases,1
consolation,1
shine,1
sense,1
motherhood,1
tact,1
centiousness,1
humor,1
nmiantic,1
price,1
salary,1
passionate,1
period,1
regardless,1
fidelity,1
dishonored,1
reverent,1
barbara,1
holv,1
mas,1
type,1
things,1
wished,1
flower,1
preliminary,1
undying,1
sixtus,1
loving,1
bachelors,1
regular,1
celibacy,1
uni,1
christ,1
dry,1
lowly,1
hat,1
order,1
taste,1
seeks,1
dis,1
pensability,1
thare,1
turn,1
ennobling,1
fancy,1
black,1
standard,1
orating,1
aspire,1
abundant,1
expressing,1
inasmuch,1
inferthat,1
sake,1
desperate,1
nor,1
orig,1
held,1
brilliant,1
imagination,1
inal,1
admirers,1
vere,1
recollection,1
bier,1
seek,1
greek,1
ied,1
lively,1
offered,1
especially,1
immnortalized,1
remarking,1
ists,1
shines,1
endowed,1
date,1
realists,1
qualities,1
taking,1
between,1
serving,1
ceptance,1
comfort,1
six,1
attending,1
presence,1
peace,1
gracefully,1
feelings,1
mystery,1
postponed,1
sight,1
irksomeness,1
wiser,1
pontiffs,1
artistwas,1
mairie,1
ally,1
celebrations,1
dowry,1
clasped,1
wom,1
succeeded,1
twice,1
tastes,1
fash,1
telling,1
despair,1
except,1
enlightened,1
th,1
unto,1
undertaking,1
create,1
early,1
former,1
withal,1
femininity,1
up,1
ality,1
drawn,1
saxony,1
st,1
ponents,1
student,1
atfd,1
italy,1
biographer,1
delightful,1
patrons,1
createed,1
details,1
correspondence,1
del,1
occupied,1
marry,1
lhave,1
florins,1
value,1
undimmed,1
gold,1
building,1
disturb,1
finds,1
generation,1
td,1
passive,1
attention,1
sculptured,1
glad,1
luti,1
settle,1
quiet,1
filledl,1
vividly,1
passavant,1
brow,1
indict,1
ment,1
sculptor,1
truly,1
reluctant,1
piombo,1
deeper,1
increase,1
gifted,1
bespeaks,1
richly,1
formed,1
let,1
phael,1
associations,1
