WORDCOUNTS,WEIGHT
the,520
of,279
and,242
in,165
a,132
to,128
s,80
lawrence,76
is,76
as,72
visual,49
on,48
with,47
her,40
it,38
that,37
by,37
art,37
gudrun,35
he,34
but,33
like,33
gerald,31
for,29
which,29
was,29
novel,28
at,27
this,27
rhyme,27
women,26
his,26
from,26
insinuation,25
image,23
ursula,23
she,23
they,22
birkin,22
more,22
statue,21
be,21
one,20
love,20
pictorial,19
not,19
images,19
reader,18
or,18
an,18
i,17
when,17
these,17
mare,16
between,16
scene,15
its,15
will,15
we,15
paintings,15
their,14
what,14
both,14
p,13
painting,13
two,13
loerke,13
d,13
into,12
out,12
about,12
also,12
would,12
can,12
horse,12
mud,12
h,11
has,11
such,11
had,11
only,11
meaning,10
first,10
verbal,10
could,10
see,10
futurists,10
often,10
have,10
words,9
some,9
back,9
than,9
process,9
awareness,9
tableau,9
literature,9
pp,9
towards,9
new,9
contemporary,9
so,9
are,9
them,9
african,9
characters,9
just,8
there,8
mind,8
object,8
example,8
comments,8
other,8
power,8
conversation,8
vision,8
itself,8
must,8
over,8
pictures,8
through,8
if,7
introduction,7
relationships,7
sense,7
girl,7
visionary,7
made,7
use,7
processes,7
were,7
been,7
crossing,6
long,6
all,6
halliday,6
sexual,6
human,6
elements,6
york,6
whose,6
no,6
rather,6
after,6
objects,6
consciousness,6
most,6
remembered,6
called,6
let,6
because,6
issues,6
several,6
highly,6
action,6
make,6
yet,6
us,6
culture,6
striking,6
woman,6
earlier,6
life,6
very,6
passage,6
tableaux,6
does,5
red,5
said,5
nature,5
young,5
explore,5
even,5
may,5
without,5
certain,5
white,5
nor,5
character,5
uses,5
came,5
found,5
scenes,5
directly,5
well,5
call,5
domination,5
railway,5
reference,5
minette,5
begins,5
picture,5
water,5
artists,5
essay,5
legs,5
man,5
stallion,5
upon,5
willey,5
modem,5
alldritt,5
male,5
then,5
locomotive,5
known,5
know,5
unknown,5
rose,5
little,5
press,5
subject,5
come,5
meyers,5
go,4
alive,4
modern,4
experience,4
round,4
pink,4
colors,4
univ,4
chapter,4
dissolution,4
machine,4
look,4
sisters,4
literary,4
body,4
viking,4
term,4
though,4
vivid,4
however,4
having,4
work,4
knowledge,4
used,4
away,4
dwell,4
up,4
ed,4
bloomsbury,4
many,4
idea,4
do,4
gives,4
another,4
discussion,4
significant,4
significance,4
moral,4
gate,4
period,4
recall,4
phrase,4
face,4
arts,4
detail,4
here,4
each,4
down,4
making,4
attitudes,4
early,4
spring,4
themselves,4
much,4
statuette,3
himself,3
ready,3
buttocks,3
true,3
history,3
before,3
practices,3
picturesque,3
t,3
seems,3
book,3
differences,3
take,3
real,3
those,3
bird,3
discuss,3
point,3
letter,3
against,3
relatively,3
occurs,3
kind,3
thing,3
how,3
knew,3
phrases,3
similar,3
butterflies,3
gertler,3
marinetti,3
lives,3
yellow,3
air,3
insinuate,3
too,3
important,3
paragraph,3
color,3
dwelling,3
explain,3
meditation,3
wants,3
memory,3
concept,3
novels,3
rendered,3
minds,3
fulfilled,3
dangerous,3
heat,3
small,3
hermione,3
letters,3
short,3
horses,3
artist,3
cultivate,3
examined,3
makes,3
neither,3
contemplation,3
same,3
rabbit,3
psyche,3
moments,3
volume,3
mark,3
death,3
abstract,3
time,3
really,3
forms,3
men,3
readers,3
own,3
described,3
statues,3
provides,3
muddy,3
suggest,3
sometimes,3
becomes,3
spun,3
girls,3
protuberant,3
bronze,3
did,3
iron,3
noise,3
spatial,3
fascination,3
information,3
almost,3
presented,3
sitting,3
rigid,3
phenomenon,3
cruelty,3
soft,3
reveals,3
drift,3
mystery,3
immediately,3
perception,3
difficult,2
now,2
page,2
way,2
succulent,2
later,2
corruption,2
stood,2
till,2
forcing,2
complex,2
pictorially,2
ways,2
hair,2
title,2
refers,2
something,2
descriptions,2
terrifying,2
being,2
member,2
implications,2
quivering,2
chaos,2
taken,2
might,2
allow,2
laughter,2
knowing,2
great,2
pressed,2
narrative,2
help,2
nonverbal,2
state,2
stupid,2
raised,2
behind,2
flaxen,2
case,2
nearer,2
issue,2
forward,2
felt,2
compelling,2
shame,2
reaction,2
obvious,2
mental,2
shut,2
includes,2
lover,2
fun,2
immediate,2
since,2
mores,2
interest,2
characteristic,2
century,2
hat,2
distinct,2
old,2
races,2
compared,2
critique,2
details,2
apparently,2
terror,2
acknowledge,2
mechanism,2
essential,2
reflects,2
purely,2
absent,2
edward,2
sort,2
explicit,2
mean,2
goes,2
connected,2
importance,2
special,2
moreover,2
moves,2
means,2
soul,2
clearly,2
edition,2
articulated,2
inhuman,2
beyond,2
destructive,2
view,2
thrust,2
alienation,2
train,2
hands,2
combinations,2
softly,2
further,2
cultural,2
pitch,2
significantly,2
london,2
description,2
beetle,2
describe,2
during,2
faint,2
knees,2
forces,2
personal,2
elegant,2
participate,2
couple,2
hidden,2
level,2
things,2
imposition,2
emphasizes,2
revealing,2
manchester,2
essentially,2
always,2
slim,2
proper,2
describes,2
using,2
appropriate,2
disturbing,2
seemed,2
appeal,2
critical,2
second,2
situation,2
critics,2
unconscious,2
released,2
wind,2
movement,2
sensation,2
single,2
swerved,2
read,2
thought,2
futurist,2
subsuming,2
rode,2
railroad,2
silk,2
friend,2
factory,2
pathetically,2
again,2
others,2
approaching,2
pointed,2
motifs,2
flat,2
tiny,2
recoiled,2
speaks,2
fact,2
frost,2
flowed,2
hand,2
present,2
available,2
model,2
where,2
creature,2
glistening,2
thousands,2
including,2
delicate,2
looking,2
end,2
herself,2
expand,2
approach,2
sequence,2
ideas,2
questions,2
maintains,2
full,2
sees,2
involves,2
attraction,2
tail,2
function,2
strange,2
him,2
high,2
sketching,2
laugh,2
black,2
imagination,2
especially,2
written,2
eyes,2
references,2
awful,2
looks,2
looked,2
figures,2
carried,2
slender,2
me,2
declaration,2
flower,2
note,2
movements,2
usually,2
piece,2
fear,2
vague,2
inside,2
translation,2
began,2
recognize,2
length,2
why,2
rider,2
sound,2
heavy,2
any,2
coat,2
following,2
simply,2
merrild,2
precise,2
crab,2
frieze,2
physical,2
text,2
bright,2
quickly,2
natural,2
cultures,2
different,2
believe,2
best,2
particularly,2
skirmish,2
childishly,2
impact,2
implicit,2
gradually,2
ones,2
want,2
writes,2
phenomena,2
emphasis,2
neck,2
naked,2
role,2
rendering,2
tender,2
clothing,2
sank,2
ultimately,2
until,2
symbolic,2
north,2
years,2
similarity,2
wish,2
wears,2
include,2
although,2
green,2
clues,2
distinctions,2
clarify,2
reached,2
contrasting,2
given,2
traditional,2
should,2
close,2
occur,2
glances,1
waited,1
breadalby,1
done,1
child,1
deny,1
limits,1
evaluations,1
common,1
mervyn,1
allotropic,1
privately,1
arctic,1
freezing,1
created,1
pale,1
everyone,1
tantalized,1
extreme,1
winifred,1
college,1
fiction,1
arrive,1
worthy,1
presses,1
trotted,1
hats,1
crepe,1
buzzi,1
totally,1
lapsed,1
passing,1
large,1
franz,1
fate,1
effective,1
essays,1
sideways,1
formed,1
usefully,1
physic,1
sinister,1
easily,1
studies,1
conscious,1
sickle,1
blows,1
comparisons,1
western,1
brim,1
fietion,1
locale,1
organic,1
presents,1
occurred,1
ambitious,1
oates,1
finely,1
smile,1
nineteenth,1
eye,1
source,1
strikes,1
turning,1
leads,1
wince,1
sewer,1
explaining,1
natures,1
every,1
certainly,1
creation,1
connection,1
distinguishing,1
unifies,1
interests,1
rinehart,1
setting,1
quoting,1
wizard,1
feeling,1
vols,1
viewer,1
ears,1
darkness,1
develops,1
xxi,1
advanced,1
england,1
bloomington,1
declares,1
dangling,1
affinities,1
tradition,1
leading,1
explores,1
broadly,1
together,1
generalize,1
subsume,1
desire,1
simple,1
spokesman,1
indeed,1
hide,1
rich,1
homosexual,1
confront,1
aesthetic,1
incident,1
resonate,1
hundred,1
reveal,1
procedure,1
wore,1
alignment,1
patterned,1
last,1
keith,1
bismarck,1
current,1
torgovnick,1
reading,1
pertains,1
papers,1
similarities,1
weighing,1
system,1
nowhere,1
side,1
dancing,1
supplication,1
modernist,1
stretched,1
pulled,1
motion,1
propensity,1
design,1
jack,1
shoal,1
account,1
indirectly,1
announced,1
italian,1
marc,1
politics,1
flatten,1
powers,1
mutual,1
flamboyant,1
holiness,1
vital,1
withholds,1
alone,1
fine,1
estranged,1
interdisciplinary,1
say,1
reflecting,1
cited,1
bottom,1
compares,1
swomen,1
representing,1
enter,1
narrator,1
frenzy,1
unwholesome,1
analyse,1
penetrate,1
exposed,1
labor,1
tribute,1
repeatedly,1
central,1
phase,1
chapters,1
column,1
ice,1
fascinated,1
roger,1
waded,1
quality,1
visualized,1
alternately,1
objective,1
overlooks,1
presage,1
assumes,1
doctor,1
ability,1
moment,1
dismisses,1
raises,1
gilman,1
friedman,1
forced,1
exercise,1
achievements,1
progressive,1
viewing,1
halo,1
guitar,1
illuminates,1
demons,1
displays,1
depend,1
refer,1
concerning,1
intercourse,1
contrary,1
encompass,1
differently,1
boccioni,1
highest,1
response,1
africans,1
recalls,1
applying,1
third,1
despair,1
animal,1
truly,1
mechanical,1
find,1
helpful,1
arab,1
dizziness,1
crystallizes,1
skirmishes,1
motorman,1
fool,1
sister,1
occasion,1
general,1
hardly,1
arises,1
enrich,1
talent,1
shall,1
react,1
grasp,1
themes,1
articulates,1
interesting,1
colour,1
wishes,1
recognized,1
russian,1
identification,1
predicted,1
act,1
statements,1
destroy,1
moony,1
developed,1
landscape,1
junction,1
flanks,1
programmed,1
parents,1
brutalized,1
arm,1
abstraction,1
titled,1
persistent,1
turn,1
quieter,1
b,1
direct,1
parts,1
pages,1
leaves,1
distant,1
diminishes,1
feel,1
productive,1
clarification,1
extremes,1
absorbed,1
divided,1
guides,1
shell,1
unconventional,1
meet,1
flirtation,1
paragraphs,1
coiled,1
freeze,1
praise,1
females,1
university,1
maiden,1
pastime,1
wheeling,1
message,1
encourages,1
suggestiveness,1
neutral,1
peasants,1
slowly,1
presumably,1
wealth,1
days,1
completion,1
perspective,1
discard,1
vitality,1
frequently,1
watery,1
coldly,1
show,1
waffles,1
commented,1
stewart,1
ugly,1
powerful,1
statement,1
generally,1
modeled,1
definite,1
cultured,1
painted,1
terminology,1
instance,1
soffici,1
imminent,1
dominant,1
m,1
suggested,1
rainbow,1
admiration,1
drawing,1
spilka,1
hot,1
perceive,1
friends,1
greater,1
painters,1
yielding,1
troubling,1
closely,1
based,1
encourage,1
introduce,1
walk,1
critic,1
moon,1
fry,1
tumbling,1
carol,1
molecules,1
changed,1
demands,1
arched,1
near,1
noting,1
shoes,1
flying,1
emotionally,1
burst,1
equivalents,1
passionate,1
secretly,1
artand,1
afternoon,1
antagonists,1
chinese,1
stock,1
lessing,1
indirect,1
perdition,1
appears,1
moore,1
produced,1
fulfill,1
analogous,1
safe,1
ford,1
spiritual,1
perform,1
quoits,1
granite,1
opposition,1
creates,1
chuffed,1
influenced,1
wills,1
rumbling,1
chaotic,1
suspended,1
crushed,1
future,1
line,1
salon,1
dog,1
intense,1
sculpture,1
sadism,1
blue,1
start,1
stiff,1
writers,1
favorites,1
framed,1
repetition,1
heart,1
garnett,1
brought,1
differ,1
characterization,1
rat,1
discusses,1
apparent,1
calls,1
comment,1
gender,1
astonishing,1
dozens,1
whole,1
gave,1
older,1
corrupt,1
place,1
subtly,1
records,1
relevance,1
seated,1
actually,1
rows,1
williams,1
colleague,1
binding,1
sculptural,1
popular,1
focuses,1
bud,1
reiterate,1
riding,1
resort,1
tears,1
verbs,1
alan,1
enhances,1
chill,1
sensuous,1
markedly,1
sink,1
misguided,1
situational,1
smiles,1
concentrates,1
good,1
waist,1
whilst,1
least,1
below,1
ego,1
wildly,1
unexpected,1
hiding,1
straight,1
protest,1
poet,1
next,1
grass,1
crich,1
order,1
contrast,1
whirlwind,1
wrestling,1
sharp,1
quite,1
explicitly,1
explored,1
weighty,1
separately,1
few,1
astounding,1
bridge,1
horrible,1
cool,1
elaborates,1
presence,1
convey,1
philip,1
insinuates,1
tracks,1
evanston,1
cattle,1
pays,1
lacuna,1
waterthe,1
notes,1
diminished,1
preliminary,1
macdonald,1
actions,1
massive,1
garrett,1
jeffrey,1
womanhood,1
units,1
chriches,1
saluted,1
resides,1
attempts,1
variety,1
contact,1
innocent,1
scientific,1
wrote,1
gradual,1
dangled,1
positions,1
techniques,1
deadly,1
return,1
wait,1
passively,1
brief,1
indication,1
female,1
mandrake,1
reduce,1
suggestion,1
still,1
establishes,1
harry,1
says,1
folded,1
initially,1
collapsed,1
paint,1
undergo,1
oxford,1
trimming,1
criticism,1
aesthetician,1
security,1
mindless,1
sounds,1
seeing,1
rebounded,1
orange,1
perceived,1
home,1
conveying,1
complete,1
cried,1
abandon,1
cottages,1
foetus,1
frightened,1
wisconsin,1
joyce,1
goodness,1
visualize,1
assimilated,1
sketch,1
double,1
persuasive,1
balancing,1
science,1
attacks,1
decoration,1
fell,1
parenthetical,1
festering,1
obstinate,1
rocking,1
decorative,1
emotions,1
shows,1
lack,1
divorce,1
regents,1
stories,1
treatment,1
head,1
stimulus,1
fascinates,1
prepared,1
beliefs,1
match,1
lindsay,1
essence,1
leash,1
boots,1
inevitably,1
wellpublicized,1
banks,1
hear,1
anal,1
beloved,1
greiffenhagen,1
reacts,1
descended,1
scrap,1
considerable,1
fashion,1
rhythmically,1
communicates,1
snail,1
favorite,1
worn,1
reasons,1
outside,1
consciously,1
utterly,1
remarkable,1
centre,1
mistreatment,1
covered,1
road,1
ininnuation,1
seventeenth,1
sensual,1
hated,1
less,1
bolt,1
material,1
focusing,1
uneasily,1
turgid,1
verbalizing,1
dramatize,1
belief,1
defends,1
fleshy,1
exceeds,1
books,1
distance,1
senses,1
reflected,1
going,1
day,1
convenient,1
staring,1
colliery,1
degree,1
remained,1
larger,1
compose,1
vast,1
intimate,1
indiana,1
inviting,1
examples,1
background,1
howl,1
reversed,1
range,1
helps,1
locate,1
flaw,1
contemplate,1
deliberately,1
mechanization,1
previously,1
holt,1
formalist,1
encouraged,1
wound,1
poignant,1
stockings,1
entirely,1
characteristically,1
largely,1
wonderful,1
strangled,1
dress,1
morality,1
nude,1
kestner,1
fixedly,1
rare,1
continue,1
examination,1
stay,1
trip,1
finally,1
low,1
meanings,1
clear,1
three,1
millais,1
communicated,1
peripheral,1
ah,1
dominated,1
clue,1
magnetically,1
held,1
hoarsely,1
physics,1
summer,1
features,1
played,1
collected,1
distinction,1
stresses,1
shortly,1
latter,1
helpfully,1
repeated,1
remember,1
article,1
silly,1
study,1
methods,1
alpine,1
arise,1
feet,1
reads,1
become,1
relation,1
rides,1
declare,1
exactly,1
deliberate,1
structure,1
magnetism,1
artisans,1
probably,1
purging,1
translate,1
painter,1
cruel,1
saw,1
haven,1
destruction,1
connections,1
cooly,1
caution,1
ago,1
recurring,1
dresses,1
peering,1
hedge,1
isn,1
increasing,1
panting,1
tempo,1
depth,1
youfool,1
yields,1
marianna,1
penguin,1
diagrams,1
stared,1
fairly,1
provide,1
figure,1
hill,1
bolter,1
begin,1
rpt,1
lines,1
attitude,1
urges,1
shyest,1
modernism,1
slow,1
independence,1
watching,1
who,1
lost,1
sensitive,1
directions,1
posthumous,1
seen,1
strongly,1
yale,1
understand,1
importantly,1
covering,1
dynamism,1
insistently,1
poetics,1
idyll,1
combines,1
encapsulated,1
dead,1
composed,1
education,1
creatures,1
get,1
joseph,1
rises,1
partners,1
stable,1
school,1
dislikes,1
correlative,1
curious,1
exercised,1
flies,1
associated,1
terrible,1
impulse,1
preface,1
comes,1
series,1
biography,1
graveyard,1
struck,1
wear,1
steel,1
scarcely,1
continues,1
loins,1
satisfactory,1
oozy,1
temporal,1
willingness,1
ilona,1
disapproval,1
aural,1
intensely,1
gravelly,1
offers,1
willful,1
enters,1
obscene,1
principle,1
control,1
tendencies,1
illuminate,1
readily,1
transcriptions,1
worth,1
assumed,1
save,1
interested,1
board,1
buddhist,1
style,1
printed,1
argue,1
half,1
reminiscent,1
embankments,1
brangwen,1
drifted,1
inquiry,1
eventually,1
linked,1
speculation,1
expressionists,1
cultivation,1
wood,1
happiness,1
breughel,1
quoted,1
works,1
person,1
insistent,1
beginning,1
drop,1
lashed,1
wit,1
n,1
economy,1
thoroughly,1
perceiving,1
progresses,1
reactions,1
form,1
involvement,1
dislike,1
domesticate,1
mere,1
grief,1
agrees,1
leaving,1
likes,1
limbs,1
repetitive,1
linger,1
periphery,1
bitterly,1
brilliant,1
produce,1
sash,1
apartment,1
don,1
suggests,1
finished,1
stoning,1
translated,1
radically,1
magnificent,1
bodies,1
northwestern,1
preachy,1
spiritualized,1
city,1
despite,1
unspiritual,1
content,1
became,1
antagonism,1
easy,1
turns,1
explication,1
congenial,1
went,1
measure,1
obtain,1
sentimentalities,1
gloss,1
phoenix,1
mention,1
exploit,1
snow,1
definitions,1
goals,1
remarks,1
lunging,1
shores,1
question,1
annihilation,1
argument,1
fetishes,1
negro,1
gotterdammerung,1
balla,1
horsemanship,1
accept,1
hurt,1
sat,1
register,1
snowy,1
prolonged,1
instead,1
typically,1
define,1
levy,1
states,1
you,1
effects,1
derive,1
off,1
climactic,1
morning,1
comparison,1
needs,1
offered,1
passages,1
intimates,1
rejection,1
charged,1
bell,1
collars,1
sits,1
regards,1
pleased,1
partial,1
create,1
dark,1
entire,1
develop,1
winston,1
among,1
drew,1
reproductions,1
tired,1
beings,1
cross,1
broader,1
built,1
frankly,1
tragic,1
vividly,1
major,1
deeper,1
elegance,1
