WORDCOUNTS,WEIGHT
the,600
to,293
of,283
and,278
s,249
in,244
a,151
is,121
that,118
as,109
for,96
his,82
love,72
with,60
their,53
by,51
be,51
it,48
men,48
play,47
not,47
women,45
reckoning,43
berowne,42
king,40
princess,38
i,37
at,36
but,36
are,36
they,35
armado,35
her,35
labor,34
he,34
from,33
she,32
on,32
lost,31
costard,28
rosaline,28
has,27
this,27
lords,27
when,27
or,27
will,26
have,26
all,25
such,25
more,25
shakespeare,25
so,24
first,23
one,22
than,22
what,22
which,22
ladies,21
them,21
don,21
between,21
about,20
him,19
you,19
marriage,17
was,17
time,17
own,16
may,16
who,16
boyet,16
other,15
both,15
words,14
judgment,14
do,14
an,14
wit,14
much,14
my,13
your,13
also,13
like,13
can,13
courtship,13
some,12
example,12
death,12
many,12
see,12
been,12
does,11
if,11
being,11
its,11
another,11
father,11
would,11
we,11
although,11
themselves,11
characters,11
even,10
cynthia,10
because,10
longaville,10
two,10
only,10
lewis,10
labour,10
know,10
speech,10
before,9
those,9
how,9
just,9
scene,9
having,9
second,9
same,9
ed,9
three,9
way,8
word,8
taken,8
last,8
language,8
references,8
sense,8
value,8
upon,8
were,8
after,8
worthies,8
dumaine,8
then,8
whether,8
while,8
navarre,8
truth,7
england,7
broken,7
verbal,7
henry,7
shame,7
himself,7
no,7
rather,7
means,7
katherine,7
most,7
out,7
cannot,7
however,7
well,7
nine,7
knowledge,7
up,7
still,7
make,7
lord,7
these,7
new,7
day,7
jacquenetta,7
jaquenetta,7
plays,7
ing,7
early,7
oath,7
press,7
point,7
final,6
modern,6
seem,6
every,6
course,6
right,6
cressy,6
thus,6
term,6
critics,6
without,6
english,6
reason,6
university,6
too,6
position,6
appear,6
shall,6
sport,6
refers,6
there,6
especially,6
corum,6
me,6
conclusion,6
each,6
writes,6
world,6
our,6
re,6
among,6
letter,5
studies,5
into,5
meaning,5
seems,5
comedy,5
senses,5
within,5
moth,5
g,5
tokens,5
turn,5
nor,5
though,5
catastrophe,5
oxford,5
earlier,5
read,5
smell,5
speeches,5
line,5
year,5
away,5
letters,5
indeed,5
prove,5
says,5
once,5
under,5
power,5
toward,5
fact,5
man,5
wounding,5
oaths,5
maria,5
aquitaine,5
queen,5
becomes,5
seen,5
instances,5
any,5
over,5
worth,5
regard,5
come,5
should,5
wooing,4
now,4
behavior,4
mortality,4
either,4
reveal,4
e,4
far,4
since,4
author,4
nuptial,4
rowne,4
ado,4
whose,4
performance,4
players,4
heard,4
praise,4
sick,4
edition,4
had,4
gowing,4
called,4
effort,4
appears,4
heart,4
fail,4
long,4
mathematical,4
count,4
night,4
jest,4
fair,4
culture,4
proposal,4
claudio,4
end,4
serious,4
shown,4
renaissance,4
less,4
perhaps,4
free,4
sir,4
examples,4
nothing,4
full,4
dull,4
students,4
clear,4
moral,4
lie,4
never,4
political,4
attention,4
relationship,4
often,4
proof,4
here,4
tongue,4
believe,4
counting,4
particularly,4
very,4
audience,4
making,4
muscovites,4
through,4
news,4
cook,4
mock,4
o,3
common,3
courtly,3
later,3
tion,3
view,3
likewise,3
becoming,3
large,3
complex,3
authority,3
woudhuysen,3
earnest,3
please,3
court,3
subsequent,3
mocks,3
precisely,3
replete,3
proposals,3
case,3
lest,3
politics,3
richard,3
obvious,3
taking,3
speechless,3
sign,3
repeatedly,3
accountable,3
against,3
honest,3
learning,3
young,3
damsel,3
york,3
understands,3
smidt,3
act,3
nathaniel,3
process,3
talk,3
moreover,3
proclaimed,3
escape,3
cess,3
sum,3
asks,3
mocking,3
asserts,3
could,3
initial,3
punishment,3
absolute,3
failure,3
part,3
purpose,3
people,3
falling,3
predicts,3
apparently,3
madam,3
minds,3
good,3
least,3
order,3
quite,3
claims,3
ingram,3
telling,3
describes,3
avoid,3
sans,3
object,3
parker,3
cleopatra,3
yet,3
makes,3
soon,3
light,3
already,3
prin,3
social,3
temporarily,3
again,3
others,3
put,3
match,3
hand,3
v,3
marrying,3
royal,3
woman,3
made,3
patricia,3
reality,3
wits,3
high,3
fancy,3
class,3
epistemology,3
looks,3
gifts,3
quarterly,3
recurring,3
visit,3
suggest,3
negotiations,3
today,3
ironically,3
face,3
life,3
lear,3
kings,3
rationalize,3
comic,3
meant,3
comes,3
ever,3
did,3
down,3
turned,3
game,3
form,3
want,3
cause,3
character,3
mere,3
problem,3
popular,3
met,3
turns,3
subject,3
think,3
false,3
question,3
intent,3
until,3
birth,3
reveals,3
write,3
parallels,3
instead,3
france,3
specific,3
given,3
montrose,3
meeting,3
resolve,2
along,2
limits,2
protests,2
perjured,2
implying,2
commitment,2
dangers,2
implies,2
speare,2
comically,2
essays,2
referring,2
true,2
sets,2
prince,2
h,2
sudden,2
unfair,2
proclaims,2
flouts,2
comparisons,2
fixed,2
history,2
harsh,2
paper,2
tells,2
smile,2
othello,2
prays,2
proclamation,2
experience,2
pitiful,2
lower,2
said,2
gap,2
lightly,2
specifically,2
might,2
address,2
yours,2
attempt,2
j,2
vows,2
apologize,2
cally,2
suggesting,2
together,2
simple,2
portrayal,2
take,2
nagler,2
stopped,2
context,2
ad,2
con,2
proceed,2
pained,2
plain,2
money,2
capacity,2
iv,2
wench,2
account,2
welcome,2
delivers,2
say,2
cited,2
negotiation,2
enter,2
sweet,2
throughout,2
selves,2
married,2
surely,2
erthrown,2
leonato,2
run,2
pursuit,2
de,2
hunt,2
wormwood,2
occurs,2
century,2
midsummer,2
integrity,2
self,2
rejecting,2
praises,2
back,2
affectation,2
twice,2
packet,2
sword,2
mirrored,2
fool,2
occasion,2
cites,2
failed,2
henri,2
hero,2
shake,2
reflects,2
paternity,2
reversals,2
determining,2
b,2
hearing,2
losing,2
muscovite,2
adept,2
feel,2
ganging,2
thought,2
settled,2
win,2
romantic,2
bad,2
latter,2
possibly,2
plough,2
established,2
repeated,2
latin,2
traces,2
thee,2
presumed,2
age,2
show,2
origins,2
beyond,2
defeat,2
imprisonment,2
instance,2
penance,2
grief,2
opinion,2
pity,2
keen,2
conflicts,2
friends,2
union,2
based,2
lead,2
sooner,2
appearance,2
reck,2
changed,2
noting,2
insulted,2
marguerite,2
base,2
execute,2
late,2
woo,2
wise,2
equally,2
refusals,2
understood,2
let,2
recently,2
sentence,2
promise,2
woodbridge,2
flaws,2
possibility,2
verbally,2
none,2
invisible,2
accounting,2
effeminate,2
literature,2
received,2
london,2
explains,2
calls,2
description,2
whole,2
noted,2
moments,2
williams,2
marcade,2
includ,2
gracious,2
shortcomings,2
protestations,2
reputation,2
messenger,2
voluble,2
closing,2
tudor,2
working,2
responsibility,2
things,2
involve,2
dictionary,2
humiliated,2
glove,2
next,2
contrast,2
discourse,2
feelings,2
acts,2
facility,2
bookkeeping,2
suddenly,2
texas,2
dowry,2
fully,2
barely,2
progress,2
st,2
using,2
estates,2
marry,2
parenthetically,2
actions,2
society,2
spare,2
battle,2
critical,2
therefore,2
matter,2
nonetheless,2
action,2
short,2
drama,2
nearly,2
gift,2
convince,2
whatever,2
comments,2
standing,2
criticism,2
refusing,2
sex,2
neither,2
salient,2
keeping,2
quotations,2
enforce,2
revenge,2
baby,2
double,2
french,2
scatological,2
challenge,2
efforts,2
idea,2
pledge,2
remuneration,2
torture,2
merriment,2
engages,2
larger,2
antonio,2
reckoned,2
pattern,2
observes,2
where,2
relevant,2
agincourt,2
breath,2
forth,2
ahead,2
maturity,2
mercy,2
reflected,2
going,2
custody,2
antony,2
original,2
credit,2
apt,2
casual,2
discussion,2
skepticism,2
virgin,2
flaw,2
including,2
apology,2
herself,2
mirth,2
use,2
affection,2
real,2
stay,2
described,2
finally,2
hurt,2
anxiety,2
disguised,2
soldiers,2
lady,2
keep,2
disaster,2
pride,2
am,2
distinction,2
accurate,2
conversation,2
martin,2
incapable,2
insists,2
become,2
plans,2
pro,2
exactly,2
rhetorical,2
story,2
theatrical,2
entitled,2
accepting,2
lovers,2
complexion,2
suggestive,2
fear,2
urges,2
londr,2
payment,2
responsible,2
entertainment,2
humiliation,2
unequivo,2
resemble,2
paying,2
matters,2
shirt,2
dodge,2
seriously,2
reckon,2
series,2
several,2
circumstances,2
ve,2
ll,2
text,2
set,2
couples,2
quickly,2
ship,2
suitors,2
different,2
straightforward,2
erickson,2
domestic,2
eventually,2
ar,2
twelfth,2
historical,2
valois,2
living,2
clarity,2
according,2
defending,2
purchase,2
notable,2
ferring,2
terms,2
dream,2
marriages,2
tempest,2
nj,2
son,2
despite,2
prospect,2
elizabethan,2
intended,2
transition,2
conventional,2
preposterous,2
writing,2
coming,2
cruelty,2
eric,2
pray,2
mockery,2
ultimately,2
contract,2
aware,2
need,2
opinions,2
benedick,2
settling,2
seeks,2
off,2
shift,2
speak,2
inclination,2
rest,2
holofernes,2
prospects,2
rejection,2
create,2
matrimony,2
token,2
roles,2
close,2
impotent,2
glances,1
courtliness,1
maligns,1
difficult,1
trick,1
playfully,1
decaying,1
hector,1
incited,1
go,1
ending,1
incisively,1
soliloquy,1
tavern,1
jury,1
currently,1
manque,1
compares,1
done,1
countryside,1
owes,1
page,1
bride,1
savors,1
brooch,1
edge,1
stuart,1
pur,1
car,1
inaccurate,1
indicated,1
develops,1
responds,1
privately,1
groups,1
identity,1
created,1
ready,1
abusing,1
represent,1
fakery,1
credibility,1
extreme,1
counsel,1
enjoins,1
college,1
interlude,1
determine,1
portrayals,1
ultimate,1
introduction,1
mar,1
disparaging,1
evans,1
per,1
expect,1
incomprehensible,1
suitor,1
beus,1
hearings,1
felicia,1
told,1
needed,1
operator,1
perceive,1
withdealt,1
fittingly,1
wooers,1
agency,1
ample,1
elaborated,1
identify,1
designed,1
lewiston,1
spruce,1
schools,1
cravings,1
ways,1
completely,1
quadruple,1
masquerade,1
conscious,1
ring,1
notwithstanding,1
figuratively,1
unnamed,1
foreshadows,1
prodding,1
spirit,1
unadul,1
clandestine,1
motive,1
backs,1
justified,1
throwing,1
necessarily,1
advises,1
title,1
occurred,1
observing,1
gusto,1
arrived,1
enumeration,1
entertaining,1
something,1
connotations,1
numeri,1
acquainted,1
eye,1
alleged,1
evasion,1
eager,1
princeton,1
endow,1
laura,1
arms,1
myriad,1
accumulation,1
painful,1
consistent,1
burnett,1
cast,1
ideas,1
discretion,1
humble,1
guerdon,1
collusion,1
hence,1
winning,1
wenches,1
handkerchief,1
preceding,1
testimonial,1
disagreement,1
alluding,1
bedecking,1
production,1
quoting,1
ii,1
shallow,1
constable,1
give,1
attempts,1
abound,1
rush,1
ears,1
sub,1
refusal,1
script,1
flattery,1
thwart,1
ourselves,1
caricatures,1
retreat,1
joke,1
maturation,1
departure,1
laughter,1
dramatically,1
mellis,1
handling,1
unkinder,1
saves,1
reach,1
spolsky,1
attractive,1
flowers,1
stringent,1
twenty,1
foiled,1
manliness,1
twelvemonth,1
quali,1
insults,1
desire,1
poverty,1
indulge,1
criticize,1
confusion,1
naissance,1
haughty,1
converse,1
wither,1
tactic,1
emotion,1
rich,1
browbeating,1
normative,1
berman,1
frus,1
admittedly,1
consign,1
aloud,1
proves,1
ences,1
atlantic,1
justifi,1
hundred,1
onto,1
concludes,1
launched,1
delusion,1
hunting,1
religion,1
fumerton,1
begun,1
kingdom,1
debt,1
loves,1
distracted,1
differential,1
impo,1
embrace,1
foolish,1
taunt,1
breathe,1
loose,1
written,1
soberly,1
stand,1
dismissed,1
judging,1
bombastic,1
deriving,1
corroborate,1
satire,1
blakemore,1
reading,1
signs,1
deserve,1
rg,1
contents,1
similarities,1
depends,1
derision,1
appreciate,1
helplessness,1
delights,1
conversing,1
globe,1
nar,1
generosity,1
teasing,1
dancing,1
sophisticated,1
mortal,1
downhill,1
garnished,1
inadequate,1
lieve,1
courtesy,1
owing,1
assertions,1
historians,1
task,1
unaware,1
nose,1
amends,1
hackneyed,1
sought,1
masked,1
firm,1
sexual,1
cated,1
bloated,1
addresses,1
apprenticeship,1
ridicule,1
chapter,1
wonders,1
soldier,1
possible,1
obfuscate,1
delivering,1
ered,1
condition,1
pleasant,1
braggart,1
powers,1
intriguingly,1
ings,1
baf,1
doth,1
projecting,1
barry,1
apart,1
fication,1
desired,1
smooth,1
headed,1
scorn,1
uses,1
guised,1
hiems,1
cialities,1
sent,1
painfully,1
riad,1
carolina,1
mat,1
ritual,1
remu,1
beneath,1
confessions,1
plenty,1
urging,1
temology,1
gart,1
usurping,1
ous,1
evaluating,1
shut,1
faustus,1
portunity,1
exposed,1
karen,1
plainly,1
human,1
berownel,1
mistake,1
pen,1
includes,1
lover,1
denying,1
review,1
ronald,1
announce,1
unconformities,1
connect,1
doctor,1
eventual,1
mine,1
reject,1
lining,1
impels,1
objective,1
cooperate,1
ultimatum,1
hierarchy,1
stakes,1
trated,1
bodily,1
divine,1
interest,1
ajnother,1
entendres,1
precipitates,1
ability,1
ow,1
decided,1
riage,1
marshals,1
afford,1
price,1
ravish,1
writ,1
emerges,1
pay,1
insult,1
forced,1
dis,1
kersey,1
cerns,1
prophecy,1
satirize,1
mixed,1
elements,1
pretensions,1
old,1
blame,1
deeds,1
mistakes,1
david,1
document,1
betters,1
trally,1
refer,1
amount,1
subjects,1
unhesitatingly,1
playworld,1
justi,1
difficulty,1
judg,1
judas,1
ally,1
arranged,1
left,1
hurtful,1
mistress,1
marlowe,1
spin,1
compare,1
bombast,1
skew,1
withal,1
testimony,1
drawn,1
obscure,1
vouchsafe,1
look,1
skirmishes,1
details,1
dismissal,1
crack,1
hasty,1
simplistic,1
sister,1
truck,1
general,1
bills,1
pretension,1
delivered,1
hardly,1
invites,1
sition,1
nuanced,1
matri,1
fierce,1
salve,1
ton,1
satis,1
error,1
quaint,1
conjure,1
grasp,1
battles,1
madi,1
site,1
steps,1
rein,1
opposed,1
humiliate,1
profoundly,1
philadelphia,1
seizes,1
cheat,1
trickery,1
ably,1
ruddy,1
exact,1
links,1
kehler,1
ater,1
declaring,1
stitutions,1
spill,1
remain,1
edward,1
jests,1
joan,1
rangements,1
spares,1
appreciation,1
realistically,1
bawdy,1
myself,1
notion,1
pause,1
mean,1
zenelophon,1
conceptions,1
signaled,1
requisite,1
outward,1
stench,1
granted,1
risk,1
associate,1
persistent,1
disguises,1
similar,1
humanity,1
sophisti,1
leave,1
merrier,1
direct,1
balanced,1
parts,1
brag,1
special,1
tiations,1
salutary,1
forswear,1
strate,1
consequences,1
risks,1
pleasures,1
fantasy,1
dorothea,1
fervently,1
leaking,1
disabused,1
ravished,1
proving,1
slipperiness,1
marks,1
begets,1
tensions,1
consider,1
maiden,1
flexibility,1
entry,1
pastime,1
encourages,1
rated,1
sim,1
cad,1
literary,1
prepares,1
grounds,1
why,1
reprimand,1
clearly,1
shin,1
threatening,1
days,1
former,1
numbers,1
receiving,1
invariably,1
gradually,1
argued,1
fore,1
frequently,1
fare,1
palgrave,1
upper,1
shrinking,1
mask,1
situations,1
four,1
companions,1
acceptance,1
conqueror,1
riverside,1
bridges,1
additional,1
confuse,1
ver,1
stripping,1
calculations,1
mechanicals,1
unsuitable,1
depart,1
avert,1
consequence,1
prentice,1
coriolanus,1
adjectives,1
tiveness,1
answers,1
shifted,1
owning,1
prowess,1
escapes,1
important,1
provisional,1
reay,1
undermines,1
duel,1
drawing,1
chasing,1
eludes,1
numerical,1
righting,1
fluid,1
redeeming,1
retrieve,1
presents,1
opening,1
worries,1
moving,1
advance,1
lieu,1
wayward,1
urgency,1
acceptable,1
whom,1
identifying,1
seeds,1
shrews,1
exhibition,1
abandoning,1
formulations,1
macca,1
fortunes,1
conflict,1
moon,1
demise,1
extraordinary,1
plot,1
houghton,1
ril,1
chopped,1
conventionally,1
subscribe,1
demands,1
cilious,1
nings,1
events,1
relate,1
dispute,1
delib,1
accompany,1
poetry,1
respects,1
unthinkable,1
acquiring,1
wed,1
further,1
infected,1
weed,1
entertainer,1
pure,1
ann,1
causes,1
equal,1
flir,1
posited,1
applauds,1
repair,1
affirms,1
war,1
eventuality,1
cism,1
mediated,1
abounds,1
viewed,1
symbols,1
onstrate,1
qtd,1
heartedness,1
genders,1
incompetent,1
meet,1
younger,1
enraptured,1
otherwise,1
join,1
explored,1
saving,1
explain,1
hath,1
taught,1
repute,1
wide,1
erate,1
method,1
triumph,1
matrimo,1
near,1
berates,1
wills,1
kristian,1
conceit,1
quillets,1
kathryn,1
torn,1
shape,1
abuse,1
glossed,1
gained,1
directly,1
pedro,1
r,1
degrees,1
compassing,1
decides,1
playwright,1
alisander,1
strict,1
carries,1
ens,1
embarrass,1
future,1
concept,1
noes,1
significantly,1
leads,1
apparent,1
inferiors,1
actors,1
nation,1
test,1
aged,1
gender,1
criticized,1
ten,1
loss,1
gies,1
consistently,1
exhange,1
during,1
place,1
obscured,1
demonstrates,1
subtly,1
contains,1
lysander,1
fruitful,1
tative,1
bits,1
astutely,1
binding,1
et,1
call,1
sokol,1
matrimonial,1
justification,1
reflect,1
cry,1
ocular,1
anything,1
believes,1
project,1
shakespearean,1
won,1
ter,1
week,1
cop,1
cattiness,1
relative,1
thither,1
deter,1
manipulation,1
t,1
exaggerates,1
massacre,1
suzanne,1
monetary,1
substituting,1
change,1
responses,1
clings,1
fleetingly,1
wounded,1
diversion,1
commons,1
tolerant,1
esteem,1
start,1
fied,1
hard,1
questionable,1
embodied,1
revolution,1
reliable,1
impossibly,1
jailer,1
prevalence,1
protest,1
beggar,1
cope,1
nial,1
cen,1
wrong,1
sharp,1
hole,1
event,1
sake,1
fast,1
around,1
small,1
sketchily,1
sidelines,1
underscore,1
awakened,1
interrupts,1
few,1
maneuvering,1
issuing,1
prominent,1
injunc,1
pits,1
masking,1
grow,1
folk,1
presuming,1
observe,1
breathes,1
notorious,1
prefigures,1
shadows,1
choosing,1
decline,1
narrative,1
boundaries,1
unreliability,1
swear,1
altogether,1
dem,1
wisely,1
occasions,1
sublimate,1
crux,1
underway,1
inability,1
ment,1
nouns,1
dim,1
posed,1
eyes,1
results,1
threes,1
ellen,1
appropriate,1
criti,1
displaced,1
censor,1
hypocrisy,1
chev,1
buffoon,1
subtract,1
champion,1
content,1
pockmarked,1
curriculum,1
inspection,1
multiplying,1
domesticity,1
south,1
effeminacy,1
tasks,1
led,1
sons,1
situation,1
poignantly,1
ironies,1
spenser,1
glittering,1
comment,1
saw,1
absence,1
antiquated,1
various,1
mysterious,1
noble,1
scientific,1
squared,1
economic,1
logically,1
ans,1
happy,1
permits,1
fairleigh,1
comparative,1
favours,1
ought,1
gents,1
manipulate,1
dressed,1
return,1
unconscious,1
retort,1
forward,1
edges,1
possesses,1
female,1
disillusioning,1
assurance,1
flair,1
song,1
poor,1
assure,1
impersonators,1
above,1
circumspection,1
catastro,1
arden,1
woods,1
charm,1
deals,1
infatuation,1
wyle,1
collapsed,1
scoff,1
malice,1
seemingly,1
echo,1
hold,1
permeate,1
tends,1
direction,1
belabor,1
single,1
fighting,1
purposefully,1
eral,1
anticipates,1
competition,1
bridged,1
neration,1
stinking,1
switching,1
rules,1
silliness,1
shoot,1
serve,1
perplexity,1
evil,1
message,1
seeing,1
god,1
times,1
us,1
fitteth,1
clarified,1
elizabeth,1
indefensible,1
mellen,1
earned,1
eliza,1
watson,1
abandon,1
choices,1
performed,1
disjuncture,1
thrice,1
deliver,1
performers,1
switch,1
al,1
ornamental,1
tumbles,1
prece,1
tricks,1
provocative,1
paraphrases,1
garland,1
increasingly,1
speaking,1
proach,1
rise,1
wears,1
surrey,1
avoided,1
mocked,1
fix,1
subjective,1
peti,1
tries,1
comprehend,1
miringly,1
nouncement,1
sided,1
name,1
admit,1
skill,1
pledged,1
suit,1
saturate,1
mighty,1
mark,1
isolates,1
mocker,1
fin,1
approaching,1
stricken,1
mifflin,1
varies,1
usually,1
engaged,1
intellect,1
addition,1
towards,1
overthrown,1
evalua,1
water,1
speaks,1
delves,1
turnabout,1
shows,1
demetrius,1
factual,1
cies,1
limit,1
aldershot,1
conduct,1
head,1
regret,1
lives,1
ambassadors,1
clarendon,1
unprepared,1
potentially,1
pressure,1
bestows,1
documents,1
mistreatment,1
reform,1
superiors,1
sung,1
educated,1
governed,1
associates,1
proceeds,1
john,1
goodwill,1
distrust,1
doubt,1
considerable,1
pennsylvania,1
fashion,1
convert,1
rebuke,1
devil,1
enact,1
disconcertingly,1
interrupting,1
entertainers,1
ages,1
therewithal,1
evoke,1
sixteenthand,1
scorns,1
everyday,1
tales,1
remarkable,1
begin,1
disassociated,1
truthfully,1
crowns,1
manner,1
petrarchan,1
retorts,1
validity,1
poses,1
vulnerable,1
groan,1
michael,1
answer,1
tell,1
reminders,1
ished,1
individu,1
practice,1
tation,1
turnaround,1
remarked,1
controversy,1
sell,1
gives,1
confront,1
figuring,1
verbs,1
divulges,1
eminently,1
nelson,1
remove,1
unanimously,1
simon,1
demonstrated,1
status,1
crown,1
austerity,1
marriageable,1
classes,1
meaningful,1
beshrew,1
encounter,1
universally,1
survive,1
success,1
feathering,1
explanation,1
legs,1
bear,1
renders,1
dictynna,1
helps,1
sides,1
pertain,1
vexed,1
fictional,1
razor,1
dissolve,1
frailties,1
deserts,1
surmount,1
noblemen,1
warrior,1
usurped,1
ruthless,1
shamed,1
louis,1
endeavour,1
nego,1
significant,1
food,1
fudged,1
tabulating,1
overtones,1
virtually,1
tenacious,1
rudely,1
gument,1
engaging,1
vocabulary,1
feste,1
aside,1
fernes,1
numbered,1
actual,1
hour,1
canon,1
continue,1
ibid,1
trust,1
perfidy,1
unwanted,1
sound,1
rubs,1
involves,1
attraction,1
displacing,1
shrewd,1
catch,1
passim,1
bethans,1
accompts,1
meanings,1
reassessing,1
switched,1
royalty,1
unable,1
directed,1
reward,1
se,1
op,1
express,1
obtaining,1
maligned,1
craftiness,1
points,1
clue,1
cantly,1
essay,1
peter,1
objection,1
reroute,1
held,1
anachronistic,1
gestures,1
individual,1
gate,1
defensive,1
spo,1
someone,1
gelded,1
inessential,1
characterized,1
revised,1
ny,1
function,1
gates,1
acquiescence,1
deflecting,1
inadequacies,1
features,1
curve,1
ephemerality,1
implicates,1
salvageable,1
worldly,1
counted,1
devise,1
anyone,1
nouement,1
claim,1
thomas,1
thornton,1
ap,1
exchange,1
spent,1
embrac,1
gets,1
feigning,1
pageant,1
carlson,1
witness,1
readers,1
dispatching,1
behind,1
laying,1
article,1
commentators,1
mining,1
parallel,1
ribbon,1
computed,1
viewpoint,1
reads,1
ornaments,1
malleability,1
tactics,1
smacks,1
tapster,1
deleting,1
effect,1
teach,1
torians,1
masculine,1
assigning,1
dealing,1
hedges,1
unlearned,1
confusing,1
concepts,1
extravagance,1
toyed,1
implication,1
begs,1
ye,1
figures,1
confesses,1
tendency,1
wretches,1
awareness,1
greek,1
falter,1
widely,1
brown,1
applies,1
ridicules,1
decision,1
performing,1
girlish,1
separate,1
contributes,1
anxious,1
suspects,1
hapless,1
beggary,1
sigh,1
enough,1
suffering,1
ascertained,1
comical,1
miscarrying,1
suggestion,1
groaning,1
infighting,1
grammar,1
else,1
abstractly,1
provide,1
science,1
faith,1
sometimes,1
stream,1
crucial,1
foil,1
linda,1
five,1
anatomical,1
willingly,1
fools,1
consent,1
banter,1
practical,1
delighted,1
prose,1
foster,1
henriad,1
confederacy,1
vague,1
coy,1
lines,1
deaths,1
signifi,1
sympathy,1
substitution,1
mirroring,1
transformed,1
indiscriminate,1
bears,1
force,1
began,1
worse,1
multivalent,1
embodying,1
understand,1
proposition,1
deflected,1
sures,1
recognize,1
try,1
utterly,1
amusement,1
insecurity,1
accusation,1
embarrassment,1
kill,1
proffering,1
underscores,1
inferior,1
fying,1
toxic,1
enforced,1
provisionally,1
get,1
competi,1
obstacle,1
dent,1
nowhere,1
phe,1
ash,1
dickinson,1
judith,1
clude,1
appar,1
quantitative,1
school,1
border,1
abandonment,1
necessary,1
exercised,1
sexes,1
heavy,1
gravewards,1
thinking,1
takes,1
associated,1
judgments,1
girls,1
ovid,1
rea,1
broke,1
ornate,1
sorting,1
arrest,1
mentioned,1
version,1
comparison,1
enviable,1
grand,1
throw,1
forget,1
epis,1
contradiction,1
devout,1
accounts,1
duress,1
speculating,1
peel,1
theme,1
implied,1
authenticity,1
florid,1
physical,1
hearts,1
proposes,1
trapped,1
june,1
rocky,1
compensation,1
offers,1
pregnancy,1
affords,1
poorest,1
cousin,1
feelingly,1
evade,1
objectively,1
imposing,1
enters,1
pales,1
danielle,1
hesitates,1
sure,1
fault,1
perceptive,1
racy,1
vaguer,1
stretched,1
inclined,1
save,1
interested,1
longa,1
circumvented,1
gossett,1
superfi,1
salaciously,1
diverting,1
breaking,1
epitomized,1
argue,1
universal,1
ding,1
exploiting,1
amor,1
linked,1
shifts,1
enforcing,1
surdity,1
proved,1
convey,1
cohere,1
dundas,1
lampooning,1
ambivalent,1
tex,1
disputes,1
proposed,1
passage,1
assessment,1
smelling,1
historian,1
davidson,1
curricular,1
merely,1
better,1
evident,1
hasler,1
dismissing,1
beginning,1
cal,1
defend,1
befitting,1
william,1
antic,1
shreds,1
sue,1
heads,1
flavored,1
consorting,1
conspire,1
carefully,1
wholeheartedly,1
combined,1
circles,1
progresses,1
reconcile,1
hardison,1
jennalie,1
involvement,1
dislike,1
parodies,1
comeuppance,1
quote,1
mony,1
add,1
wriggling,1
passed,1
holo,1
pep,1
prudence,1
getting,1
truant,1
annual,1
outlandish,1
property,1
information,1
almost,1
views,1
suggests,1
pollution,1
ideal,1
threat,1
tongues,1
distasteful,1
tenden,1
middle,1
finished,1
noticeably,1
rises,1
boston,1
hal,1
naked,1
entirety,1
level,1
poems,1
ownership,1
must,1
preserved,1
trivial,1
entrance,1
recognition,1
multiple,1
ill,1
disparate,1
little,1
terated,1
exercising,1
hen,1
resentful,1
prevalent,1
role,1
duty,1
easy,1
ken,1
inaugurated,1
giving,1
buy,1
rendering,1
puzzled,1
endures,1
gang,1
duction,1
acute,1
target,1
beatrice,1
surro,1
superior,1
duped,1
fleeting,1
mention,1
wiving,1
gain,1
expositor,1
varied,1
tions,1
scholastics,1
connotes,1
robertson,1
score,1
perforce,1
years,1
editor,1
injured,1
difference,1
notes,1
bartholomew,1
cambridge,1
observed,1
vulgar,1
rationalization,1
replace,1
misrepresents,1
recovering,1
ently,1
charge,1
evasions,1
accept,1
levin,1
hetua,1
brain,1
roam,1
oning,1
include,1
disagree,1
materializes,1
humor,1
d,1
deliberating,1
predicted,1
funniest,1
evidence,1
irrefutable,1
plified,1
gen,1
willingness,1
alludes,1
playing,1
hypocrisies,1
sexuality,1
measured,1
comedies,1
belittling,1
showed,1
needs,1
deer,1
thousand,1
pretentiousness,1
unmonitored,1
admitting,1
humours,1
oft,1
tradi,1
substitute,1
distinctions,1
posture,1
forsworn,1
carole,1
justify,1
nastier,1
obligation,1
contrasting,1
irrelevant,1
dark,1
fling,1
puts,1
element,1
shuts,1
appealing,1
focus,1
immediately,1
row,1
brave,1
aborted,1
mature,1
prison,1
ends,1
grace,1
ab,1
proclivity,1
north,1
recent,1
resist,1
behaves,1
famous,1
speci,1
beings,1
odiferous,1
statement,1
broader,1
bran,1
doing,1
subordinates,1
daughter,1
super,1
perception,1
discern,1
shirtless,1
indeterminacy,1
mimics,1
refuting,1
