WORDCOUNTS,WEIGHT
the,74
of,46
and,33
a,31
golf,25
to,23
in,22
for,22
course,21
how,17
are,17
many,16
holes,16
week,13
each,12
you,12
your,11
has,11
will,10
play,9
math,9
all,9
landscaped,9
what,9
he,8
if,8
is,8
or,7
area,7
have,6
need,6
greens,6
on,6
nctm,6
with,5
total,5
www,5
ft,5
areas,5
plants,5
mathematics,5
org,5
gallons,4
percentage,4
about,4
section,4
by,4
that,4
flags,4
shots,4
trees,4
plant,4
hole,4
at,3
it,3
minutes,3
water,3
graphs,3
pumped,3
complete,3
must,3
round,3
rounds,3
every,3
more,3
partner,3
rims,3
other,3
children,3
diameter,3
california,3
pump,3
axis,3
draw,3
day,3
grades,3
red,3
some,3
courses,3
station,3
superintendent,3
graph,3
temperature,3
grant,3
green,3
saturday,3
patterns,3
blue,3
white,3
no,2
lot,2
represent,2
square,2
ce,2
make,2
one,2
creek,2
use,2
as,2
label,2
not,2
education,2
sets,2
thursday,2
us,2
sections,2
into,2
share,2
then,2
thinking,2
director,2
teaching,2
from,2
first,2
know,2
hours,2
paper,2
sizes,2
offi,2
could,2
typical,2
acreage,2
come,2
out,2
camsp,2
take,2
there,2
february,2
heads,2
month,2
circles,2
them,2
scale,2
explain,2
placercoe,2
number,2
wants,2
line,2
turkey,2
county,2
beck,2
kristen,2
monday,2
acres,2
friday,2
lilienthal,2
students,2
project,2
placer,2
fi,2
this,2
allowed,2
club,2
an,2
high,2
played,2
piece,2
wednesday,2
ca,2
long,2
be,2
poulsen,2
parking,2
pipe,2
using,2
tuesday,2
sprinkler,2
tournaments,1
model,1
may,1
rights,1
does,1
online,1
clubcorp,1
footage,1
without,1
she,1
shortest,1
science,1
usually,1
been,1
main,1
golfers,1
grass,1
fractions,1
acre,1
radius,1
bushes,1
process,1
brings,1
get,1
who,1
submission,1
active,1
collections,1
detailed,1
goes,1
distributed,1
flag,1
per,1
experiences,1
certain,1
rocklin,1
their,1
life,1
why,1
adapted,1
k,1
columns,1
essentials,1
live,1
edited,1
types,1
permission,1
sleeves,1
solutions,1
partnership,1
rigorous,1
regularly,1
seeing,1
cpoulsen,1
consider,1
objects,1
tcmdepartments,1
familiar,1
seventhand,1
title,1
teaches,1
intervals,1
any,1
following,1
colored,1
excitement,1
kimberly,1
fore,1
decide,1
too,1
fescue,1
these,1
four,1
different,1
show,1
department,1
being,1
known,1
love,1
inc,1
chose,1
name,1
classroom,1
photos,1
m,1
mark,1
others,1
numerical,1
put,1
flat,1
projects,1
had,1
words,1
averages,1
par,1
location,1
flowers,1
did,1
down,1
departments,1
graphing,1
creative,1
copied,1
half,1
short,1
called,1
teachers,1
format,1
generalizations,1
room,1
noting,1
pipes,1
electronically,1
pattern,1
success,1
places,1
academic,1
readers,1
written,1
fun,1
do,1
reserved,1
though,1
game,1
equal,1
nal,1
let,1
combined,1
rose,1
sq,1
list,1
see,1
making,1
council,1
takes,1
material,1
record,1
add,1
sport,1
problem,1
guidelines,1
near,1
information,1
local,1
nd,1
miniature,1
relatives,1
future,1
watched,1
used,1
minute,1
decides,1
size,1
discussion,1
christine,1
even,1
start,1
values,1
coach,1
irrigated,1
apart,1
altogether,1
buy,1
subject,1
happens,1
whole,1
measure,1
ball,1
place,1
divided,1
families,1
com,1
runs,1
think,1
hour,1
mathematical,1
throughout,1
which,1
publication,1
previous,1
klilienthal,1
pumps,1
score,1
auburn,1
tiles,1
average,1
clubs,1
tables,1
national,1
regions,1
finally,1
maintenance,1
watered,1
least,1
instead,1
include,1
describing,1
d,1
spread,1
geometry,1
next,1
television,1
playing,1
night,1
instruction,1
family,1
coordinator,1
exchange,1
tcm,1
balls,1
problems,1
potential,1
replace,1
http,1
feet,1
irrigate,1
editors,1
research,1
themselves,1
circumference,1
respectively,1
left,1
find,1
create,1
when,1
up,1
entire,1
participant,1
copyright,1
proper,1
than,1
connections,1
beauty,1
should,1
rates,1
