WORDCOUNTS,WEIGHT
the,185
of,128
and,112
to,90
a,79
love,74
that,72
is,71
in,65
for,56
it,46
not,40
be,40
we,39
learning,30
will,28
or,28
he,27
as,27
are,27
this,26
an,25
by,24
with,21
on,21
relationship,20
teacher,20
from,18
children,18
have,18
when,18
child,16
process,16
i,16
them,16
they,15
exploration,14
person,14
which,14
his,13
others,13
can,13
need,13
him,12
base,11
do,11
often,10
our,10
many,10
facts,10
such,10
atmosphere,10
if,9
does,9
about,9
education,9
only,9
conditional,9
because,9
new,9
true,9
so,9
decisions,9
mother,8
yet,8
into,8
must,8
curiosity,8
however,8
has,8
one,8
more,8
student,8
should,8
at,7
conditioning,7
motivation,7
means,7
sex,7
school,7
york,7
but,7
loving,7
all,7
s,7
able,7
learn,7
individual,7
its,7
people,7
things,7
needs,7
young,7
unconditional,7
implies,6
make,6
their,6
word,6
volume,6
warm,6
there,6
what,6
used,6
through,6
himself,6
use,6
self,6
you,5
parent,5
too,5
these,5
monkeys,5
approval,5
give,5
might,5
believe,5
secure,5
human,5
interest,5
honest,5
between,5
substitute,5
like,5
explore,5
would,5
even,5
enough,4
rights,4
accepting,4
now,4
no,4
without,4
she,4
operations,4
faith,4
wrote,4
fear,4
soon,4
consider,4
words,4
educational,4
baby,4
beyond,4
acquired,4
allow,4
seems,4
did,4
could,4
primary,4
free,4
conditionality,4
some,4
who,4
possible,4
say,4
knowledge,4
extrinsic,4
actually,4
seek,4
own,4
points,4
good,4
d,4
provides,4
nor,4
response,4
world,4
than,4
acquisition,4
therefore,3
imply,3
today,3
act,3
indicated,3
indeed,3
permits,3
international,3
indicates,3
security,3
thinking,3
same,3
teaching,3
being,3
wire,3
provide,3
whereas,3
greater,3
grow,3
definition,3
fact,3
creative,3
murphy,3
p,3
teachers,3
time,3
xxii,3
expressions,3
those,3
energy,3
sexual,3
march,3
information,3
fears,3
don,3
exploring,3
work,3
cares,3
press,3
affection,3
surrogate,3
force,3
issues,3
said,3
freedom,3
individuals,3
express,3
relationships,3
university,3
development,3
three,3
against,3
september,3
t,3
course,3
learner,3
harper,3
decide,3
searching,3
feelings,3
study,3
become,3
seeking,3
reared,3
meaningful,3
stifled,3
october,3
may,2
go,2
front,2
wishes,2
science,2
distorted,2
superficial,2
how,2
foster,2
successes,2
return,2
arrive,2
primarily,2
becomes,2
alone,2
parents,2
c,2
philosophy,2
importance,2
recognize,2
american,2
integrity,2
why,2
positive,2
something,2
rogers,2
factors,2
library,2
ways,2
making,2
dislike,2
association,2
old,2
latter,2
former,2
considered,2
psychoanalytic,2
stifling,2
basis,2
us,2
was,2
necessary,2
interpersonal,2
clearly,2
constant,2
before,2
complete,2
just,2
feels,2
warmth,2
also,2
most,2
two,2
zimmerman,2
had,2
innate,2
indicate,2
wrong,2
long,2
empathie,2
willing,2
aspect,2
interests,2
set,2
ii,2
perceived,2
important,2
think,2
toward,2
appear,2
available,2
humans,2
similarly,2
put,2
each,2
yielding,2
result,2
washington,2
based,2
stifle,2
other,2
seem,2
deprivation,2
maslow,2
search,2
chardin,2
right,2
brothers,2
personality,2
real,2
yearbook,2
man,2
accepts,2
terry,2
men,2
evident,2
further,2
acquire,2
expressed,2
aspects,2
imposing,2
appears,2
adults,2
form,2
cannot,2
want,2
takes,2
mere,2
guidance,2
belief,2
therapy,2
creates,2
while,2
gorham,2
wants,2
realize,2
cloth,2
retain,2
another,2
psychology,2
felt,2
capable,2
future,2
activity,2
infant,2
condition,2
solid,2
restrictions,2
abnormal,2
move,2
r,2
concept,2
formal,2
brought,2
anticipated,2
permissive,2
prevented,2
needed,2
factor,2
doubt,2
controlled,2
allows,2
actual,2
examination,2
were,2
southworth,2
spitz,2
inner,2
difference,2
open,2
my,2
reward,2
stress,2
de,2
receiver,2
ability,2
relations,2
instead,2
levy,2
copies,2
order,2
imposition,2
after,2
thing,2
pupil,2
disapproval,2
never,2
times,2
especially,2
harlow,2
relation,2
themselves,2
hospitalism,2
protect,2
ungratified,2
journal,2
deeply,2
educators,2
beings,2
evidence,2
basically,2
doing,2
major,2
freud,1
alike,1
book,1
humiliating,1
depth,1
asking,1
approximated,1
recognized,1
power,1
reference,1
born,1
psychopathic,1
understands,1
essential,1
m,1
note,1
protecting,1
way,1
ambivalence,1
opening,1
primarch,1
bring,1
control,1
identified,1
usually,1
growth,1
been,1
wanting,1
paralyzed,1
subdivides,1
hide,1
stresses,1
overprotective,1
created,1
remain,1
bound,1
disapprove,1
both,1
truth,1
breadth,1
basic,1
everyone,1
inclusive,1
attitude,1
foregoing,1
fewer,1
college,1
preparing,1
accented,1
cared,1
limitless,1
lost,1
completely,1
injure,1
path,1
psychiatry,1
still,1
establishes,1
opportunity,1
deprived,1
says,1
ofthe,1
toddling,1
proposition,1
experiences,1
b,1
talk,1
group,1
becoming,1
guise,1
weighing,1
replaced,1
hitherto,1
handsome,1
deepest,1
shun,1
orthopsychiatry,1
volumes,1
therapists,1
life,1
makes,1
leaves,1
satisfaction,1
ample,1
fed,1
ritualistic,1
releases,1
tend,1
rules,1
whole,1
philosophies,1
once,1
conditionally,1
supposed,1
rewards,1
types,1
h,1
tactile,1
support,1
instances,1
reason,1
instinctual,1
orphanages,1
face,1
experienced,1
read,1
empathy,1
rebel,1
win,1
thought,1
freely,1
bad,1
expects,1
stand,1
freeing,1
marks,1
around,1
tensions,1
doubts,1
berating,1
acceptance,1
ne,1
servitude,1
index,1
physically,1
defense,1
assimilation,1
fearful,1
rarely,1
then,1
proceed,1
under,1
following,1
air,1
orders,1
fulfillment,1
every,1
arguing,1
ed,1
conclusion,1
behaving,1
fsycnoanalytic,1
exploratory,1
al,1
threat,1
prevent,1
cubicles,1
materials,1
protectiveness,1
founded,1
inhuman,1
show,1
test,1
experience,1
included,1
extensive,1
operate,1
potential,1
forgetting,1
implied,1
bros,1
follow,1
stars,1
orange,1
smiles,1
satisfactory,1
present,1
physical,1
chose,1
please,1
titles,1
lead,1
discipline,1
carl,1
logos,1
oral,1
overprotect,1
infringe,1
disagreement,1
schooling,1
internal,1
viewed,1
care,1
equation,1
exists,1
warmer,1
teilhard,1
know,1
religions,1
crippled,1
total,1
attempt,1
view,1
hot,1
perceive,1
naeyc,1
xxi,1
action,1
addition,1
sure,1
active,1
nature,1
release,1
experiments,1
limited,1
standards,1
joins,1
spontaneous,1
diety,1
expanding,1
hedged,1
consideration,1
preserve,1
fundamental,1
head,1
unknown,1
areas,1
impinges,1
alphabetical,1
six,1
call,1
accompanied,1
desire,1
argue,1
retaught,1
afraid,1
innately,1
developed,1
attack,1
report,1
withdrawal,1
choice,1
blind,1
enable,1
really,1
angry,1
softness,1
arriving,1
co,1
patterns,1
accompanying,1
recoil,1
energies,1
onto,1
far,1
primacy,1
intrinsically,1
religion,1
distrust,1
ordered,1
surrogates,1
number,1
endeavor,1
venture,1
emerge,1
fashion,1
stamped,1
past,1
closest,1
automobiles,1
utilized,1
indulged,1
failures,1
external,1
living,1
last,1
forms,1
state,1
rebellious,1
attach,1
respond,1
cling,1
universal,1
prime,1
physiological,1
robert,1
knows,1
understood,1
play,1
psychologically,1
discuss,1
realities,1
manner,1
somewhat,1
n,1
depression,1
road,1
intelligence,1
unfulfilled,1
within,1
convenient,1
developing,1
perceiving,1
existing,1
accepted,1
receives,1
receptive,1
expecrobert,1
terms,1
persons,1
less,1
perceiver,1
system,1
mary,1
fulfill,1
references,1
suffered,1
abraham,1
forth,1
particular,1
immemorial,1
side,1
cover,1
imposed,1
allowance,1
material,1
courage,1
maturity,1
concourse,1
perceives,1
required,1
facilities,1
books,1
find,1
method,1
rationality,1
money,1
misunderstood,1
insecure,1
her,1
sought,1
going,1
healthy,1
great,1
early,1
degree,1
well,1
trammeled,1
explored,1
gratification,1
chapter,1
voice,1
instructional,1
xx,1
probing,1
displace,1
distinguish,1
apt,1
w,1
understanding,1
rare,1
unselfish,1
aptly,1
anxieties,1
drive,1
punishments,1
establishing,1
facial,1
made,1
uniting,1
upon,1
presented,1
vital,1
endpapers,1
forced,1
maximally,1
clear,1
atoms,1
unless,1
fosters,1
thereby,1
met,1
attached,1
point,1
part,1
supervision,1
processes,1
example,1
bombards,1
hunger,1
providing,1
prevalent,1
related,1
herself,1
done,1
giving,1
thoughts,1
die,1
contradiction,1
subject,1
irrational,1
impose,1
loves,1
withhold,1
identifies,1
rather,1
loss,1
expression,1
realm,1
describe,1
yearold,1
attect,1
bumping,1
inhibitions,1
gardner,1
proper,1
behavior,1
interestingly,1
phenomenon,1
facilitating,1
keep,1
placing,1
exist,1
learned,1
insure,1
childhood,1
buckram,1
claiming,1
tentatively,1
maintains,1
animals,1
binding,1
hungry,1
aids,1
stay,1
national,1
check,1
full,1
rene,1
gold,1
review,1
parasitic,1
office,1
ultimately,1
shown,1
tell,1
students,1
unable,1
distortion,1
dynamics,1
received,1
craving,1
affectional,1
professor,1
challenging,1
discovered,1
constantly,1
anaciitic,1
reality,1
weeks,1
tolerance,1
authors,1
tired,1
monkey,1
f,1
integral,1
author,1
earth,1
safety,1
hurt,1
discovering,1
recipient,1
prevents,1
tone,1
forgotten,1
actively,1
known,1
although,1
newly,1
someone,1
correct,1
adult,1
proceeding,1
approves,1
publications,1
marked,1
working,1
shipped,1
regardless,1
ascd,1
effectively,1
overt,1
emerges,1
ease,1
realization,1
type,1
features,1
delivery,1
postpaid,1
schools,1
expected,1
obtained,1
praising,1
defined,1
attempted,1
cope,1
unity,1
preservation,1
repressiveness,1
black,1
definitive,1
putting,1
pages,1
perspective,1
zeal,1
plato,1
offered,1
driving,1
few,1
problems,1
causing,1
hardcover,1
article,1
guilt,1
satisfy,1
categorizes,1
pursue,1
tation,1
dionysian,1
peace,1
fortuitous,1
trusts,1
allowing,1
evoke,1
clergyman,1
libraries,1
exactly,1
digging,1
maine,1
dark,1
barely,1
drawn,1
st,1
gospel,1
greece,1
develop,1
look,1
looked,1
focus,1
selfishness,1
much,1
strong,1
mature,1
apparently,1
responsibility,1
substituted,1
traits,1
questions,1
though,1
passive,1
influence,1
termed,1
waiting,1
utmost,1
babies,1
lucretius,1
casts,1
decision,1
decisionmaking,1
alarm,1
fostered,1
curriculum,1
fourth,1
operating,1
courageous,1
