WORDCOUNTS,WEIGHT
the,248
of,198
to,178
and,156
a,125
is,96
in,90
for,76
that,75
i,69
are,62
as,61
or,54
s,53
we,47
be,47
it,41
on,37
moral,36
not,36
her,36
my,33
this,33
what,33
at,31
disabled,31
she,31
do,30
with,29
have,29
who,28
child,26
when,25
their,23
they,22
will,22
can,22
life,22
much,22
if,21
one,21
has,20
by,20
esther,20
our,20
about,19
from,19
those,18
how,18
needs,18
care,17
there,16
so,16
some,15
than,14
need,14
other,13
people,13
society,13
god,13
but,13
more,13
children,13
questions,13
you,13
all,12
like,12
spiritual,12
us,12
think,12
would,12
own,11
also,11
many,11
disabilities,11
them,11
disability,11
take,10
gottlieb,10
no,10
without,10
parents,10
special,10
well,10
these,10
only,10
which,10
give,9
say,9
even,9
just,9
problems,9
had,9
could,9
because,9
family,9
social,9
love,9
an,9
often,9
worth,9
given,9
help,8
roger,8
infinite,8
rather,8
too,8
cannot,8
however,8
emotional,8
where,8
perhaps,8
caretakers,8
problem,8
here,8
should,8
does,7
women,7
might,7
such,7
nor,7
may,7
rights,7
hypatia,7
most,7
out,7
issues,7
least,7
dependent,7
community,7
others,7
time,7
another,7
know,7
each,7
question,7
ethics,6
acceptance,6
into,6
first,6
tradition,6
political,6
normal,6
resources,6
ethical,6
soul,6
instance,6
work,6
year,6
collective,6
someone,6
religious,6
see,6
caring,6
times,6
good,6
why,6
get,6
ve,6
simply,6
very,6
person,6
physical,6
little,6
way,5
environmental,5
modern,5
t,5
long,5
point,5
labor,5
dependence,5
ability,5
kind,5
find,5
his,5
myself,5
thing,5
feel,5
friends,5
based,5
part,5
kittay,5
place,5
personal,5
sense,5
up,5
world,5
equality,5
make,5
really,5
new,5
great,5
never,5
enough,5
then,5
job,5
happiness,5
theory,5
require,5
writing,5
develop,5
now,4
deserve,4
something,4
rational,4
extreme,4
taking,4
human,4
turn,4
back,4
subjects,4
similar,4
university,4
intellectually,4
always,4
m,4
dependency,4
hours,4
called,4
equally,4
let,4
fulfillment,4
actually,4
rage,4
hard,4
wife,4
value,4
situation,4
play,4
put,4
once,4
serious,4
secular,4
less,4
necessary,4
meetings,4
week,4
full,4
virtues,4
justice,4
been,4
lives,4
appointments,4
any,4
different,4
believe,4
living,4
therapy,4
while,4
both,4
pain,4
triage,4
offer,4
typically,4
socially,4
philosophy,4
between,4
marxist,4
re,4
daughter,4
obligations,3
submission,3
told,3
said,3
seems,3
able,3
mind,3
wheelchair,3
case,3
takes,3
arise,3
autonomous,3
money,3
capable,3
mutuality,3
medical,3
doctor,3
extraordinary,3
ruddick,3
drained,3
mean,3
talk,3
support,3
changes,3
consider,3
was,3
answers,3
important,3
view,3
effort,3
deal,3
emotionally,3
further,3
though,3
energy,3
safe,3
participation,3
maclntyre,3
start,3
whole,3
anger,3
around,3
multiple,3
feelings,3
am,3
seemed,3
eva,3
still,3
communities,3
thought,3
under,3
two,3
responsibilities,3
fact,3
treatment,3
choice,3
john,3
model,3
free,3
father,3
range,3
budget,3
morality,3
processes,3
were,3
become,3
empathic,3
assigned,3
extra,3
hope,3
school,3
seriously,3
thinking,3
constant,3
must,3
control,3
sure,3
connection,3
half,3
feminist,3
according,3
day,3
making,3
anna,3
come,3
models,3
institutional,3
write,3
virtue,3
effects,3
speak,3
caretaker,3
traditional,3
among,3
asked,3
democracy,2
go,2
done,2
personally,2
names,2
created,2
affected,2
legitimate,2
needed,2
spine,2
essays,2
live,2
history,2
experience,2
every,2
certainly,2
taken,2
military,2
degree,2
unjust,2
comparatively,2
reach,2
disproportionate,2
potentially,2
arises,2
confront,2
real,2
trouble,2
respond,2
relationships,2
issue,2
right,2
politics,2
enter,2
framework,2
central,2
thus,2
married,2
severe,2
hierarchy,2
relations,2
afford,2
realization,2
affairs,2
exercise,2
cases,2
old,2
sibling,2
keep,2
perspective,2
amount,2
ear,2
response,2
young,2
truly,2
look,2
traditions,2
healers,2
rooted,2
york,2
whose,2
act,2
developed,2
hers,2
suffer,2
risk,2
after,2
direct,2
animals,2
consequences,2
space,2
supplements,2
physically,2
basketball,2
bit,2
workplace,2
clearly,2
surgery,2
four,2
requires,2
solve,2
harder,2
six,2
resembles,2
lived,2
respects,2
equal,2
persons,2
acquaintance,2
having,2
caregiver,2
responding,2
vote,2
concept,2
psychological,2
example,2
curriculum,2
calls,2
fail,2
alasdair,2
workload,2
status,2
hidden,2
pollution,2
presented,2
responsibility,2
things,2
next,2
several,2
autonomy,2
driving,2
few,2
choose,2
resistance,2
massive,2
activities,2
avoid,2
therefore,2
he,2
second,2
limited,2
cared,2
housework,2
christ,2
comforting,2
yet,2
opportunities,2
makes,2
devotion,2
sounds,2
neither,2
classroom,2
bind,2
choices,2
already,2
department,2
commodified,2
spend,2
similarly,2
ask,2
lack,2
leading,2
idea,2
limit,2
endless,2
abstract,2
pretty,2
somewhere,2
end,2
simple,2
learn,2
equitable,2
answer,2
presuppose,2
desires,2
extended,2
asthma,2
pleasure,2
students,2
express,2
health,2
individual,2
tubes,2
allowed,2
function,2
filled,2
standard,2
thomas,2
witness,2
cs,2
teach,2
greek,2
entitled,2
circle,2
me,2
provide,2
sometimes,2
five,2
begin,2
anxiety,2
try,2
cognitive,2
lama,2
education,2
beauties,2
face,2
results,2
matters,2
kempis,2
fifteen,2
sister,2
comes,2
version,2
wider,2
natural,2
dalai,2
setting,2
allocated,2
historical,2
places,2
born,2
scoliosis,2
whether,2
want,2
cause,2
particular,2
extent,2
healthy,2
property,2
emphasis,2
art,2
middle,2
gratitude,2
level,2
met,2
disappointments,2
press,2
subject,2
commodities,2
demanding,2
mention,2
false,2
years,2
mutual,2
finding,2
made,2
finally,2
instead,2
define,2
off,2
morally,2
themselves,2
beings,2
doing,2
delayed,2
close,2
frequent,1
difficult,1
knee,1
struggle,1
deny,1
medications,1
edge,1
conflicting,1
stuart,1
destroying,1
medieval,1
proud,1
religions,1
meaning,1
spirituality,1
counselor,1
commitment,1
compensate,1
truth,1
peaceful,1
everyone,1
widening,1
arrive,1
happen,1
worthy,1
measures,1
holocaust,1
considerably,1
totally,1
kierkegaard,1
brilliantly,1
sphere,1
connecticut,1
quandary,1
per,1
expect,1
sympathetic,1
disconnect,1
center,1
large,1
measurable,1
developmentally,1
nested,1
achievements,1
jews,1
fate,1
word,1
remind,1
schools,1
authority,1
constitutes,1
true,1
ways,1
equalizing,1
colds,1
criticizes,1
pressing,1
checking,1
favor,1
satisfied,1
position,1
justified,1
western,1
fixed,1
committee,1
accomplish,1
throwing,1
necessarily,1
before,1
feels,1
inadequacyespecially,1
instructing,1
track,1
hoping,1
leads,1
negative,1
appealed,1
round,1
being,1
romance,1
anything,1
cast,1
else,1
philosophers,1
failing,1
spiritually,1
handle,1
culturally,1
feeling,1
talmud,1
possesses,1
bonding,1
ourselves,1
advanced,1
england,1
nature,1
crippling,1
seizures,1
damaged,1
canon,1
pregnancy,1
company,1
paraplegia,1
knowing,1
continue,1
twenty,1
assess,1
assuaged,1
governed,1
remark,1
reasons,1
confusion,1
thank,1
confirming,1
wither,1
emotion,1
normative,1
hundred,1
court,1
room,1
loves,1
nevertheless,1
damage,1
folks,1
infinitely,1
state,1
priest,1
siblingswhen,1
greatly,1
immanuel,1
gifts,1
heating,1
somewhat,1
committed,1
educate,1
within,1
rethinking,1
fulfilling,1
depends,1
courage,1
side,1
suspect,1
plain,1
key,1
task,1
capacity,1
primary,1
u,1
firm,1
draw,1
addresses,1
gratification,1
account,1
vol,1
wonders,1
felt,1
condition,1
harmondworth,1
reaching,1
drive,1
renowned,1
alter,1
move,1
richard,1
fine,1
west,1
disadvantage,1
except,1
conception,1
laws,1
genetic,1
prevented,1
slack,1
liberated,1
expecting,1
exist,1
mistake,1
goal,1
judaism,1
lifeproblems,1
collapse,1
fun,1
inclusively,1
disorder,1
mine,1
difficulties,1
development,1
quality,1
countless,1
since,1
sustain,1
software,1
plato,1
instruct,1
bodily,1
mastered,1
interest,1
retarded,1
deliberation,1
moment,1
rework,1
envy,1
bone,1
participating,1
democratically,1
writ,1
caretaking,1
insofar,1
flinching,1
unhealthy,1
treasure,1
mild,1
privilege,1
digestive,1
funds,1
comforted,1
decisions,1
concrete,1
riverhead,1
marriage,1
body,1
blend,1
serving,1
modernity,1
honesty,1
holds,1
abortion,1
craniosacral,1
outweigh,1
forbid,1
left,1
single,1
frailty,1
despair,1
publications,1
explore,1
y,1
remarkably,1
practically,1
aide,1
arjuna,1
deeply,1
correctness,1
varsity,1
marx,1
enrich,1
virtuous,1
contracting,1
poverty,1
crossroads,1
failed,1
donate,1
behave,1
poor,1
hero,1
profoundly,1
philadelphia,1
forbidding,1
expected,1
frustration,1
dilemma,1
camp,1
links,1
bring,1
redress,1
arising,1
across,1
centered,1
allergic,1
presupposed,1
undeserved,1
breast,1
scream,1
calculation,1
communism,1
requisite,1
goes,1
determining,1
supplement,1
connected,1
hearing,1
therapists,1
possess,1
envision,1
emergency,1
danger,1
distant,1
disguises,1
scattered,1
lots,1
means,1
references,1
understand,1
plus,1
praise,1
established,1
scale,1
benefits,1
organized,1
devoting,1
wouldn,1
teaches,1
cutler,1
invite,1
platitudes,1
fabled,1
n,1
imitation,1
distressing,1
house,1
restricted,1
marshmallows,1
fore,1
reviewed,1
situations,1
age,1
cornel,1
democratic,1
flights,1
beyond,1
cost,1
putting,1
tragedies,1
puts,1
permanent,1
yes,1
braces,1
dominant,1
suggested,1
strengthen,1
cut,1
excruciating,1
cancer,1
talking,1
result,1
incomplete,1
whom,1
walk,1
allow,1
bearing,1
orthotics,1
train,1
found,1
entering,1
joy,1
typical,1
access,1
carol,1
moses,1
changed,1
bitterness,1
shared,1
pass,1
coddled,1
relate,1
light,1
melancholy,1
commnitarians,1
philosophical,1
equivalents,1
efforts,1
compromised,1
term,1
handbook,1
pure,1
embarrassing,1
activist,1
indirect,1
moralities,1
priorities,1
fulfill,1
applied,1
younger,1
handled,1
your,1
saving,1
explain,1
instrumental,1
required,1
taught,1
prayer,1
public,1
jewish,1
drain,1
adolescent,1
eliminate,1
wants,1
receive,1
undercurrent,1
directly,1
aging,1
feeding,1
dilemmas,1
distinguish,1
future,1
julia,1
soren,1
received,1
ideal,1
carries,1
preferred,1
heart,1
reader,1
unless,1
stake,1
denial,1
marketplace,1
its,1
thoughts,1
gender,1
caught,1
pocket,1
ten,1
abort,1
loss,1
vice,1
universe,1
during,1
literally,1
partly,1
elijah,1
bat,1
winter,1
music,1
weekly,1
away,1
reflect,1
surrounding,1
horizon,1
strongest,1
refuse,1
earth,1
change,1
strict,1
working,1
numbness,1
theoretically,1
individualism,1
straight,1
glinting,1
catholic,1
weakness,1
quite,1
midst,1
senile,1
involved,1
small,1
iris,1
sufficient,1
ignore,1
inescapable,1
gramsci,1
folk,1
euthanasia,1
comfort,1
invoke,1
dramatic,1
blessings,1
impossible,1
miracles,1
occasions,1
dedicated,1
fully,1
orthodox,1
beacon,1
progress,1
proper,1
notes,1
substituted,1
finds,1
traditionseach,1
parenthetically,1
haunting,1
actions,1
enjoy,1
sparks,1
repentance,1
addiction,1
liberation,1
critical,1
kant,1
pronated,1
tasks,1
rankings,1
furnished,1
neurotic,1
fly,1
forever,1
matter,1
absence,1
protecting,1
myriad,1
mysterious,1
exhaust,1
inadequacy,1
economic,1
short,1
indeed,1
happy,1
prognosis,1
neverending,1
return,1
gaping,1
interdependence,1
upward,1
forbidden,1
rsv,1
nonstandard,1
prophet,1
says,1
intervention,1
stellar,1
ice,1
premises,1
movement,1
strategic,1
theologians,1
ethicist,1
answering,1
spectacular,1
engineering,1
percentage,1
spoken,1
criticism,1
rorty,1
fetus,1
read,1
requiring,1
canceling,1
toxin,1
challenged,1
management,1
included,1
home,1
adjusted,1
assistance,1
complete,1
delight,1
unfairness,1
same,1
teaching,1
purity,1
friendship,1
responsive,1
costs,1
aristotle,1
frameworks,1
buddha,1
foucault,1
awe,1
concentrate,1
cream,1
fix,1
comprehend,1
members,1
fire,1
law,1
book,1
power,1
again,1
death,1
preferences,1
available,1
towards,1
financial,1
missing,1
lacked,1
eyeglasses,1
traceable,1
head,1
abilities,1
maternal,1
pressure,1
departments,1
exclusion,1
teachers,1
daily,1
angry,1
break,1
larger,1
hear,1
antonio,1
contemporary,1
nuclear,1
man,1
dependencies,1
elevators,1
readers,1
fits,1
hand,1
present,1
tales,1
posit,1
couldn,1
receives,1
karl,1
contracted,1
michael,1
strategizing,1
norms,1
rounds,1
schemas,1
rawls,1
books,1
routledge,1
gives,1
entitlement,1
going,1
mill,1
realize,1
admonish,1
hmos,1
argues,1
local,1
imagine,1
private,1
understanding,1
greatest,1
exploring,1
mix,1
registers,1
survive,1
subjectivity,1
easier,1
leper,1
stuck,1
mothers,1
bear,1
values,1
limitations,1
decent,1
pop,1
formal,1
including,1
unfairly,1
enormous,1
looking,1
vexing,1
judge,1
load,1
herself,1
individuality,1
top,1
significant,1
combining,1
use,1
characteristically,1
station,1
walzer,1
causes,1
aside,1
hour,1
engaged,1
individuals,1
munity,1
exams,1
raising,1
macro,1
office,1
complicated,1
theories,1
roberts,1
excused,1
gilligan,1
ties,1
open,1
clear,1
three,1
alienating,1
doctors,1
michel,1
movies,1
pride,1
homes,1
helpful,1
personalize,1
period,1
summer,1
appointment,1
course,1
lie,1
proximity,1
earlier,1
offense,1
childrearing,1
sartre,1
leg,1
spent,1
class,1
conveniences,1
nonprofit,1
finite,1
written,1
guilt,1
trying,1
dollars,1
feet,1
stand,1
exactly,1
mitzvah,1
examine,1
accordingly,1
rescheduling,1
structure,1
departmental,1
hartford,1
paraplegic,1
looked,1
slipping,1
save,1
haven,1
professional,1
embodied,1
attention,1
applies,1
species,1
decision,1
byautonomous,1
ethic,1
dealing,1
telephone,1
twelve,1
socialist,1
penguin,1
relationship,1
publishing,1
vicissitudes,1
chance,1
usually,1
bound,1
unanswerable,1
gita,1
dislocated,1
widespread,1
slow,1
success,1
insist,1
seen,1
team,1
worse,1
transformation,1
expert,1
heartbreak,1
diagnosis,1
responsible,1
hole,1
fall,1
teresa,1
supporting,1
mother,1
months,1
itself,1
angst,1
sara,1
addressed,1
environment,1
publicly,1
share,1
precedence,1
habermas,1
preface,1
detachment,1
instructed,1
wear,1
ever,1
economically,1
committees,1
continues,1
forgetting,1
precise,1
reciprocity,1
constructed,1
temple,1
apportioned,1
loving,1
ramps,1
alternative,1
locke,1
bright,1
forty,1
outcome,1
over,1
familiar,1
mutually,1
country,1
socialize,1
parental,1
paper,1
abandonment,1
relieve,1
exploration,1
best,1
down,1
buddhist,1
derrida,1
knowledgeable,1
report,1
foundation,1
particularly,1
goods,1
visits,1
generalized,1
distinctive,1
masterpiece,1
type,1
elders,1
better,1
redefined,1
helping,1
avoidance,1
hyperactive,1
unique,1
terms,1
aides,1
adults,1
ones,1
involvement,1
thirty,1
muscular,1
calculations,1
listen,1
getting,1
engagements,1
divide,1
produce,1
information,1
freedom,1
joys,1
radically,1
boston,1
howard,1
remember,1
alterations,1
amish,1
recognition,1
ill,1
peace,1
through,1
despite,1
beloved,1
bhagavad,1
die,1
transition,1
administration,1
straighten,1
agents,1
rigid,1
conventional,1
necessitate,1
healed,1
lesson,1
equipped,1
phenomenon,1
goals,1
aspect,1
faculty,1
childhood,1
gesture,1
rewarding,1
uk,1
autism,1
moderate,1
tell,1
youth,1
unjustly,1
touch,1
unable,1
difference,1
generate,1
jacques,1
aware,1
crisis,1
wears,1
brain,1
integrated,1
d,1
enabling,1
states,1
phone,1
involving,1
marveling,1
colleagues,1
defined,1
socialism,1
caregivers,1
burdens,1
surgeons,1
roughly,1
keyed,1
offered,1
news,1
surrender,1
substitute,1
rest,1
certainty,1
pincers,1
c,1
justify,1
chicago,1
stemming,1
early,1
rethought,1
characters,1
entire,1
abandoned,1
desperate,1
strong,1
mature,1
willing,1
recent,1
jurgen,1
groundbreaking,1
tragic,1
