WORDCOUNTS,WEIGHT
the,383
of,175
and,129
a,106
to,105
in,104
is,69
arnaz,67
s,60
as,52
that,51
desi,46
it,43
for,41
his,39
on,39
lucy,34
mambo,33
love,31
with,30
kings,29
i,29
this,29
ricky,26
show,24
he,23
not,23
by,23
novel,20
reader,20
an,20
television,20
cesar,19
cuban,18
american,18
was,17
from,16
ricardo,16
character,16
but,15
are,15
narrative,15
eugenio,15
at,14
their,14
experience,14
like,14
him,14
between,14
into,13
hijuelos,13
cubans,13
memory,13
which,13
they,12
one,12
episode,12
popular,12
castillo,12
music,12
be,12
about,11
or,11
other,11
because,11
play,10
success,10
cuba,10
had,10
culture,10
these,10
new,10
what,10
heart,10
when,10
york,9
same,9
more,9
out,9
cultural,9
time,9
dream,9
if,8
truth,8
who,8
songs,8
then,8
first,8
also,8
reading,8
has,8
states,8
can,8
even,8
famous,8
nestor,7
may,7
way,7
brothers,7
very,7
within,7
sacred,7
while,7
some,7
father,7
through,7
place,7
so,7
played,7
spanish,7
united,6
w,6
text,6
all,6
book,6
tension,6
another,6
fictional,6
its,6
ritual,6
paula,6
times,6
shirley,6
part,6
we,6
no,5
figure,5
oscar,5
castillos,5
latin,5
before,5
accent,5
most,5
being,5
musical,5
where,5
them,5
see,5
references,5
perez,5
ball,5
work,5
example,5
identity,5
amaz,5
ethnic,5
such,5
have,5
function,5
after,5
men,5
hispanic,5
enough,5
much,5
will,4
lucille,4
does,4
forties,4
mother,4
names,4
certain,4
often,4
read,4
yet,4
familiar,4
two,4
only,4
name,4
important,4
over,4
many,4
been,4
together,4
uncle,4
sounds,4
emblem,4
appears,4
scene,4
suggests,4
those,4
latino,4
brought,4
say,4
three,4
himself,4
loss,4
contribute,4
review,4
firmat,4
orchestra,4
moment,4
satin,4
always,4
up,4
characters,4
north,4
anglo,4
became,3
dual,3
whose,3
reflects,3
primarily,3
get,3
community,3
translation,3
singing,3
reference,3
represents,3
happened,3
seeing,3
performer,3
rumba,3
comparisons,3
something,3
performers,3
words,3
said,3
came,3
stavans,3
t,3
nightclub,3
fifties,3
bolero,3
friends,3
my,3
fact,3
search,3
kanellos,3
desire,3
real,3
historical,3
past,3
great,3
never,3
hand,3
fame,3
context,3
however,3
impression,3
cincotti,3
values,3
verisimilitude,3
taking,3
knowledge,3
musician,3
role,3
persona,3
illusion,3
brings,3
says,3
collective,3
described,3
couple,3
significance,3
meanings,3
creating,3
although,3
successful,3
serves,3
you,3
old,3
family,3
star,3
structure,3
world,3
than,3
though,3
aug,2
friendliness,2
note,2
due,2
common,2
act,2
conga,2
sometimes,2
meaning,2
know,2
indeed,2
angeles,2
fictionalizing,2
gardener,2
filled,2
still,2
opportunity,2
mainstream,2
church,2
reflection,2
why,2
expression,2
study,2
myth,2
nostalgia,2
enhance,2
white,2
michael,2
itself,2
face,2
struggle,2
serve,2
joseph,2
door,2
forget,2
singer,2
literary,2
home,2
just,2
following,2
thematic,2
series,2
conclusion,2
source,2
changing,2
too,2
already,2
ever,2
friend,2
stars,2
watching,2
map,2
smiles,2
every,2
rather,2
certainly,2
here,2
set,2
coming,2
comparison,2
business,2
films,2
providing,2
again,2
might,2
viewer,2
death,2
similarly,2
rev,2
worked,2
experienced,2
closely,2
friendly,2
goes,2
appearance,2
call,2
plot,2
called,2
appeared,2
typical,2
cliches,2
musicians,2
myself,2
were,2
end,2
light,2
identities,2
melancholy,2
describes,2
man,2
passage,2
really,2
living,2
reminder,2
rhythms,2
person,2
outside,2
further,2
present,2
day,2
nicolas,2
somewhat,2
riffaterre,2
behind,2
purposes,2
stopped,2
based,2
ethel,2
meet,2
english,2
emotion,2
ed,2
your,2
confirmation,2
evokes,2
walks,2
her,2
u,2
expressions,2
me,2
draw,2
right,2
nostalgic,2
well,2
george,2
answers,2
lot,2
possible,2
dreamlike,2
revealed,2
revista,2
knew,2
lost,2
background,2
wandering,2
affection,2
los,2
multiple,2
met,2
story,2
line,2
calls,2
press,2
oriente,2
comment,2
easy,2
turns,2
song,2
everywhere,2
gustavo,2
during,2
ilan,2
us,2
aspect,2
thus,2
sees,2
fred,2
medium,2
connections,2
since,2
andrews,2
de,2
beyond,2
points,2
good,2
social,2
remembrances,2
brother,2
instead,2
land,2
working,2
period,2
sense,2
depiction,2
rump,2
conundrum,2
comedic,2
provides,2
night,2
self,2
around,2
ceremony,2
back,2
concerns,2
article,2
passages,2
bart,2
glimpse,2
young,2
served,2
started,2
effect,2
pure,2
loving,2
find,2
create,2
lipsitz,2
little,2
look,2
away,2
proper,2
principal,2
traditions,2
protagonist,2
fellow,2
theme,2
narrator,2
once,2
visit,2
subversive,1
model,1
desacralized,1
tourists,1
critics,1
seems,1
difficult,1
horror,1
followed,1
core,1
wounds,1
unstable,1
converge,1
greasy,1
communities,1
now,1
originally,1
lindo,1
relying,1
film,1
plantains,1
simultaneously,1
high,1
relationship,1
referent,1
flesh,1
going,1
second,1
halls,1
ballads,1
fortunate,1
epitome,1
frederick,1
driven,1
mulling,1
coupled,1
repetitions,1
thirties,1
complexion,1
entitled,1
greats,1
oil,1
journey,1
ambivalence,1
carried,1
vaudeville,1
clown,1
crucial,1
provide,1
interested,1
evoking,1
wanting,1
thor,1
troubled,1
separation,1
condolence,1
generous,1
outsiders,1
writing,1
plays,1
spellman,1
reminding,1
toward,1
ironic,1
surprisingly,1
insiders,1
reinvented,1
limited,1
heads,1
secrets,1
everyone,1
yuca,1
comic,1
kind,1
forward,1
order,1
college,1
fiction,1
exhausted,1
moving,1
exception,1
beny,1
sensitive,1
prism,1
soulful,1
convince,1
seen,1
extends,1
chaplin,1
establishes,1
considerably,1
rapping,1
vs,1
appear,1
force,1
make,1
playing,1
americana,1
heard,1
renewable,1
higuelos,1
americas,1
comments,1
linguistic,1
experiences,1
case,1
boy,1
similar,1
remaining,1
grew,1
lovingly,1
told,1
script,1
large,1
enables,1
discover,1
paradigmatic,1
parts,1
unfamiliar,1
resurrection,1
enduring,1
vase,1
prime,1
assuming,1
life,1
es,1
conveys,1
perhaps,1
use,1
extra,1
rotted,1
identify,1
continually,1
blood,1
hear,1
fall,1
achieve,1
dracula,1
fictionalized,1
referring,1
contributing,1
depends,1
entertainment,1
depicted,1
dead,1
ooze,1
interview,1
dragging,1
sets,1
lullaby,1
visita,1
support,1
rosencrantz,1
reason,1
soul,1
promise,1
johns,1
repetitious,1
divorce,1
propelling,1
studies,1
rules,1
empathy,1
problematic,1
lemon,1
funeral,1
thought,1
partnership,1
country,1
tantamount,1
bueno,1
soon,1
dutton,1
immigrant,1
thick,1
photographs,1
rises,1
praise,1
latter,1
celia,1
twenties,1
former,1
considered,1
tensions,1
ascends,1
ascribed,1
populate,1
dichotomy,1
baltimore,1
expecting,1
torment,1
favorable,1
fixed,1
talking,1
contexts,1
contemplation,1
oppositional,1
saying,1
constant,1
title,1
wanted,1
appearing,1
arte,1
impurities,1
bit,1
clearly,1
thinking,1
instance,1
shares,1
stable,1
invite,1
director,1
days,1
minnesota,1
windows,1
realm,1
swelling,1
descriptions,1
lic,1
comedy,1
mentioned,1
icon,1
focusing,1
veritable,1
bowed,1
biography,1
situations,1
turning,1
pulitzer,1
pablo,1
alien,1
thoughts,1
acceptance,1
neighborhood,1
vocabulary,1
predominantly,1
extensive,1
begins,1
filed,1
round,1
populated,1
catalogue,1
exploit,1
known,1
coffin,1
recognizable,1
published,1
tropes,1
languid,1
room,1
undermine,1
temporal,1
notions,1
volume,1
willingness,1
quotes,1
heartbreaking,1
culturales,1
persuade,1
long,1
beautiful,1
members,1
falling,1
christmas,1
sky,1
wood,1
underscored,1
encoded,1
rendered,1
crossover,1
quijote,1
reflecting,1
wasn,1
elicits,1
comparative,1
maniacal,1
give,1
ensues,1
hospitality,1
passed,1
milieu,1
foreign,1
hum,1
mucho,1
stands,1
arrival,1
foil,1
expectation,1
paragraph,1
mountains,1
demurely,1
iconography,1
each,1
thinks,1
retreat,1
tito,1
presents,1
gentle,1
opening,1
transcendent,1
tance,1
emotions,1
cultures,1
arrived,1
efforts,1
people,1
puiblico,1
communal,1
remembered,1
resemblance,1
shows,1
company,1
novelista,1
lack,1
immense,1
reach,1
idea,1
sing,1
extent,1
walk,1
endless,1
location,1
estate,1
distance,1
deictic,1
tycoon,1
tradition,1
did,1
best,1
don,1
explores,1
secondary,1
could,1
down,1
histories,1
warm,1
found,1
includes,1
shoulder,1
argue,1
clarify,1
smell,1
indulge,1
vision,1
inclusion,1
access,1
developed,1
sang,1
narrated,1
returns,1
tires,1
happens,1
wave,1
fully,1
effort,1
sung,1
come,1
lived,1
follows,1
particularly,1
creates,1
become,1
able,1
xiii,1
repackaged,1
john,1
themes,1
reunion,1
privileged,1
minneapolis,1
embracing,1
everything,1
audience,1
quiereme,1
scratching,1
number,1
vicarious,1
dislocation,1
cubanness,1
arguably,1
help,1
there,1
becomes,1
melding,1
achieved,1
feature,1
lodge,1
base,1
serious,1
external,1
works,1
scribbled,1
melody,1
forms,1
evident,1
supervisor,1
interviewed,1
evoke,1
do,1
bandleader,1
invites,1
helping,1
briefly,1
shall,1
adventures,1
cielito,1
pulled,1
manner,1
searching,1
emcee,1
fuller,1
almost,1
evocation,1
araz,1
refrain,1
power,1
province,1
establish,1
spatial,1
vulnerable,1
defining,1
means,1
final,1
communion,1
list,1
heavily,1
cardinal,1
ironically,1
nowhere,1
sound,1
employs,1
lane,1
dance,1
acquaintance,1
comes,1
seem,1
framed,1
dancing,1
emblems,1
eye,1
fictitious,1
doesn,1
nice,1
above,1
clownish,1
invitation,1
pork,1
perform,1
firmly,1
open,1
sec,1
enjoyed,1
interlude,1
cousin,1
eager,1
albeit,1
glamorous,1
component,1
draws,1
gives,1
cooptation,1
gloomy,1
getting,1
wayne,1
touch,1
america,1
autobiography,1
hall,1
tombstones,1
floats,1
imagine,1
dark,1
cugat,1
feminine,1
sites,1
original,1
years,1
process,1
enter,1
influenced,1
skillfully,1
having,1
hybrid,1
participation,1
hopkins,1
lends,1
profile,1
felt,1
descriptors,1
administer,1
singers,1
delivers,1
psyche,1
diction,1
estudios,1
size,1
pleasant,1
probably,1
player,1
front,1
intense,1
gratitude,1
both,1
transmutes,1
made,1
julian,1
completed,1
insight,1
cousins,1
ideal,1
level,1
epiphany,1
locus,1
must,1
invisible,1
repetition,1
unintelligibility,1
ministering,1
apart,1
thereby,1
supply,1
optical,1
purpose,1
materialize,1
despite,1
enormous,1
elucidate,1
cited,1
looking,1
resembles,1
puente,1
along,1
anew,1
recover,1
therapeutic,1
journal,1
keeps,1
guildenstern,1
authentic,1
excessive,1
wonder,1
message,1
description,1
criticized,1
imbued,1
identifies,1
mythic,1
significant,1
tinge,1
forgot,1
events,1
older,1
wonderful,1
resistance,1
images,1
refers,1
disconcerting,1
shut,1
space,1
prologue,1
memories,1
son,1
compadres,1
engaging,1
records,1
allows,1
apartments,1
actually,1
linked,1
reinvent,1
oceanic,1
exploited,1
think,1
central,1
reciprocally,1
reminisce,1
cooked,1
nothing,1
continue,1
boundaryreal,1
our,1
transported,1
antique,1
voice,1
consistent,1
aesthetic,1
personal,1
full,1
deployed,1
charlie,1
previous,1
cry,1
younger,1
question,1
importantly,1
floors,1
surely,1
believes,1
intimacy,1
nevertheless,1
beating,1
measure,1
internal,1
participate,1
tell,1
revoked,1
spirited,1
movie,1
commercial,1
farrar,1
facts,1
won,1
entity,1
unpretentiousness,1
hispanized,1
reveals,1
quality,1
universally,1
own,1
misgivings,1
illustrates,1
clubs,1
charts,1
styles,1
archaeological,1
reality,1
scribes,1
paradigm,1
encounters,1
realized,1
communicated,1
welcomed,1
mixture,1
assumes,1
momentarily,1
write,1
mispronunciations,1
related,1
ordering,1
group,1
accept,1
essay,1
viewing,1
signing,1
momentous,1
leave,1
p,1
brooding,1
construct,1
brush,1
immediately,1
blend,1
allowed,1
taps,1
vacillates,1
reviewers,1
mothers,1
building,1
field,1
sadness,1
countryman,1
product,1
revolution,1
august,1
things,1
stage,1
straight,1
rooted,1
housed,1
slung,1
hired,1
variance,1
effects,1
lie,1
hat,1
archaeology,1
seeks,1
longings,1
off,1
guided,1
spirits,1
rupture,1
filming,1
conversation,1
drum,1
phrase,1
quite,1
presenting,1
segment,1
walking,1
distinct,1
elements,1
maria,1
late,1
mistakes,1
portrayed,1
aumelus,1
sitting,1
cracked,1
moved,1
depend,1
organist,1
charles,1
decent,1
few,1
adjectives,1
starring,1
floating,1
satisfy,1
predicament,1
eyes,1
response,1
machito,1
undergarments,1
columbia,1
would,1
industry,1
breaking,1
difficulty,1
presence,1
elicit,1
leader,1
radio,1
themselves,1
narrow,1
convey,1
remembers,1
compared,1
left,1
danger,1
xvi,1
third,1
garcia,1
pronunciation,1
illustrations,1
irrelevant,1
comparados,1
crux,1
earthly,1
y,1
prado,1
consumption,1
looks,1
obfuscates,1
travelers,1
participant,1
pasts,1
preeminence,1
solomon,1
wife,1
focus,1
figures,1
apparently,1
explains,1
notes,1
achieves,1
iberoamericana,1
perpetual,1
visualizing,1
value,1
xavier,1
should,1
stick,1
feel,1
enters,1
embodied,1
scripts,1
finds,1
salt,1
heyday,1
propose,1
awareness,1
faulted,1
roles,1
cruz,1
la,1
aftermath,1
cards,1
division,1
dispositio,1
liturgical,1
performing,1
separate,1
apparent,1
