WORDCOUNTS,WEIGHT
the,1010
and,684
of,660
to,593
in,528
william,302
a,297
s,265
elizabeth,229
wirt,222
that,190
as,170
her,169
his,167
for,164
women,140
their,126
he,124
on,119
was,116
gamble,111
with,107
by,95
from,88
virginia,74
family,72
pp,70
see,69
were,65
i,64
men,63
at,60
marriage,58
not,58
it,57
my,57
she,56
household,53
wirts,53
richmond,52
but,52
an,51
had,50
have,50
love,47
new,47
you,46
children,43
husband,43
early,43
no,42
this,42
wife,42
which,41
is,40
southern,39
such,38
or,38
both,38
they,37
home,37
house,36
other,36
be,36
american,35
would,35
legal,34
when,34
shall,32
south,32
wrote,31
quotation,31
life,31
history,30
robert,29
also,29
century,28
first,27
letters,27
more,27
property,27
although,27
than,26
york,26
separate,26
society,26
after,26
me,25
p,24
london,24
during,24
economic,24
edwards,24
virtue,24
magazine,23
may,23
fetters,23
work,23
one,23
republican,23
who,23
between,23
religion,22
even,22
law,22
business,22
father,22
made,22
did,22
years,21
will,21
forge,21
slaves,21
been,21
role,21
america,20
husbands,19
all,19
second,19
make,19
these,19
while,19
nineteenth,18
some,18
married,18
old,18
your,18
him,18
well,17
own,17
june,17
republic,17
july,17
chap,17
about,17
where,17
evangelical,17
if,16
revolutionary,16
gender,16
oct,16
only,16
encouraged,16
dabney,16
them,16
our,16
within,15
could,15
part,15
two,15
john,15
practice,15
use,15
sept,15
mother,15
carr,15
each,15
republicanism,14
apr,14
its,14
female,14
matters,14
historical,14
national,14
daughter,14
dear,13
parents,13
study,13
norfolk,13
revolution,13
up,13
religious,13
time,13
relationship,13
hill,13
are,13
domestic,13
happiness,13
what,13
roles,13
before,12
great,12
very,12
found,12
however,12
like,12
ideology,12
often,12
wives,12
states,12
little,12
ideals,11
laura,11
there,11
has,11
move,11
letter,11
lives,11
partnership,11
out,11
companionate,11
esp,11
gave,11
personal,11
estates,11
activities,11
many,11
woman,11
eds,11
male,11
over,11
control,11
gilmer,11
jan,11
am,11
child,10
copy,10
marital,10
kentucky,10
benjamin,10
important,10
shared,10
carolina,10
left,10
spheres,10
used,10
place,10
away,10
couple,10
do,10
birth,10
period,10
so,10
summer,10
share,10
cash,10
families,10
land,10
offered,10
c,10
cited,10
housekeeping,9
into,9
take,9
henry,9
historians,9
rather,9
how,9
age,9
most,9
hereafter,9
suggested,9
public,9
heart,9
thought,9
same,9
baltimore,9
ed,9
death,9
took,9
chapel,9
united,9
vi,9
plantation,9
economy,9
ideal,9
city,9
writing,9
until,9
among,9
indicated,8
commitment,8
mar,8
church,8
experience,8
being,8
every,8
j,8
kerber,8
relationships,8
third,8
journal,8
look,8
general,8
authority,8
urged,8
lawyer,8
lots,8
mary,8
too,8
expressed,8
kennedy,8
slave,8
literature,8
county,8
example,8
good,8
womanhood,8
absence,8
indeed,8
residence,8
under,8
god,8
responsibilities,8
smith,8
day,8
another,8
microfilm,8
three,8
george,8
success,8
then,8
any,8
just,8
purchase,8
patriarchy,8
washington,8
catharine,8
era,8
much,8
o,7
later,7
career,7
view,7
confidence,7
library,7
true,7
antebellum,7
long,7
labor,7
estate,7
nancy,7
book,7
mind,7
money,7
g,7
without,7
expected,7
l,7
wages,7
boydston,7
n,7
ninian,7
services,7
war,7
future,7
we,7
memoirs,7
lawyers,7
proper,7
paid,7
tasks,7
concern,7
still,7
once,7
lewis,7
houston,7
aug,7
perhaps,7
sell,7
dec,7
free,7
remained,7
allowed,7
k,7
can,7
northern,7
betsey,7
lot,7
linda,7
education,7
reinforced,7
best,7
suggests,7
scott,7
kin,7
course,7
instead,7
d,7
absences,7
north,7
should,7
frequent,6
care,6
tavern,6
common,6
e,6
migration,6
give,6
nature,6
skills,6
those,6
political,6
possible,6
mutual,6
petersburg,6
daughters,6
profession,6
health,6
assured,6
young,6
mistress,6
wmq,6
similar,6
grattan,6
productive,6
university,6
rice,6
lived,6
patrick,6
r,6
knowledge,6
winter,6
status,6
responsibility,6
despite,6
moved,6
girl,6
happy,6
widows,6
read,6
management,6
assistance,6
augusta,6
published,6
toward,6
financial,6
daily,6
income,6
less,6
tell,6
books,6
irish,6
private,6
including,6
ideas,6
improvements,6
moral,6
language,6
thomas,6
engagement,6
professional,6
continued,6
wilson,6
duties,6
sketches,6
born,6
maryland,6
jefferson,6
ser,6
themselves,6
now,5
english,5
studies,5
better,5
attorney,5
vols,5
together,5
sought,5
goods,5
along,5
himself,5
sweet,5
thus,5
demanded,5
visited,5
interest,5
brother,5
died,5
sister,5
generation,5
joan,5
b,5
white,5
reason,5
soul,5
changes,5
four,5
beyond,5
friends,5
based,5
called,5
stier,5
let,5
notes,5
james,5
masculinity,5
because,5
basis,5
year,5
change,5
least,5
acted,5
motherhood,5
through,5
henrietta,5
world,5
production,5
planter,5
short,5
again,5
community,5
selling,5
soon,5
us,5
culture,5
quotations,5
vision,5
lebsock,5
state,5
pennsylvania,5
man,5
rhetoric,5
hand,5
michael,5
ibid,5
eighteenth,5
values,5
significant,5
affection,5
sold,5
equity,5
grew,5
times,5
instruction,5
mathews,5
attend,5
hope,5
decision,5
sometimes,5
independence,5
exchanged,5
hearts,5
following,5
biography,5
physical,5
here,5
civic,5
chesapeake,5
character,5
urban,5
middle,5
buy,5
merchant,5
detailed,5
buying,5
mdhi,5
cambridge,5
illinois,5
bliss,5
building,5
close,5
courts,4
proposed,4
created,4
evangelicalism,4
yourself,4
live,4
carroll,4
paper,4
purchased,4
arms,4
wage,4
daniel,4
papers,4
active,4
sexual,4
cooperation,4
planters,4
richard,4
separations,4
against,4
collection,4
regarded,4
ability,4
keep,4
perspective,4
find,4
y,4
kept,4
cult,4
arrangements,4
philadelphia,4
deputy,4
support,4
bonds,4
breckinridges,4
latin,4
days,4
w,4
upper,4
providing,4
greater,4
result,4
acting,4
allow,4
late,4
cultural,4
spiritual,4
required,4
feminine,4
manhood,4
start,4
prompted,4
description,4
dowd,4
inherited,4
operations,4
manage,4
social,4
fostered,4
debts,4
next,4
several,4
autonomy,4
brought,4
texas,4
progress,4
f,4
power,4
laurel,4
identified,4
limited,4
transition,4
reduce,4
virginian,4
oxford,4
yet,4
england,4
included,4
informal,4
friend,4
salmon,4
name,4
challenge,4
chaps,4
jer,4
lengthy,4
fact,4
break,4
doubt,4
pattern,4
demonstrated,4
expression,4
morality,4
nothing,4
full,4
ties,4
virtues,4
conjugal,4
shortly,4
exchange,4
never,4
especially,4
january,4
dominance,4
haven,4
joint,4
increasing,4
farm,4
months,4
directions,4
force,4
boundaries,4
expectations,4
fall,4
respect,4
charlottesville,4
leave,4
considered,4
meant,4
pregnancies,4
natural,4
intellectual,4
image,4
sure,4
contradictory,4
constant,4
merely,4
feb,4
felt,4
presented,4
son,4
became,4
beloved,4
respectable,4
went,4
colonial,4
think,4
ulrich,4
need,4
provided,4
gentry,4
increased,4
thatcher,4
chicago,4
sharing,4
go,3
order,3
bride,3
supplied,3
way,3
herself,3
asked,3
appear,3
told,3
complex,3
vmhb,3
instructions,3
essays,3
h,3
eye,3
chief,3
client,3
cast,3
sit,3
lexington,3
certainly,3
might,3
assist,3
worked,3
ourselves,3
words,3
shaped,3
thanks,3
court,3
room,3
written,3
rearing,3
growing,3
partners,3
forward,3
advice,3
primary,3
draw,3
northeast,3
welcome,3
griswold,3
politics,3
activity,3
mutuality,3
behavior,3
learned,3
review,3
cott,3
corner,3
pursuit,3
author,3
large,3
pay,3
given,3
arena,3
seaboard,3
unity,3
affectionate,3
decisions,3
unhappiness,3
profound,3
ithaca,3
serving,3
jacob,3
apparently,3
coal,3
influence,3
rights,3
gaining,3
americans,3
hopes,3
act,3
growth,3
censer,3
scottish,3
importance,3
direct,3
feel,3
space,3
necessaries,3
williamsburg,3
servants,3
established,3
literary,3
disappointment,3
gradually,3
frequently,3
commented,3
store,3
latitude,3
requested,3
heightened,3
victorian,3
opinion,3
widow,3
lead,3
train,3
behalf,3
baton,3
deal,3
virginians,3
further,3
informed,3
promise,3
plans,3
younger,3
tension,3
taught,3
patriarchal,3
directly,3
egalitarian,3
received,3
nine,3
drew,3
competing,3
nation,3
thoughts,3
ten,3
obscured,3
actually,3
repairs,3
lyerly,3
quite,3
settlement,3
night,3
small,3
openly,3
acts,3
peak,3
fire,3
decline,3
protect,3
ellen,3
correspondence,3
french,3
value,3
domesticity,3
diner,3
portion,3
separation,3
lynn,3
revival,3
blessed,3
calvert,3
horses,3
wythe,3
judgment,3
garden,3
comments,3
boy,3
lisa,3
recognized,3
opportunities,3
sex,3
fifth,3
orders,3
bind,3
demonstrates,3
emigrate,3
emotional,3
toronto,3
increasingly,3
diary,3
members,3
kenneth,3
others,3
pointed,3
preferences,3
put,3
conduct,3
lack,3
plan,3
nov,3
venture,3
honor,3
present,3
treat,3
model,3
establish,3
belief,3
aq,3
discussion,3
bear,3
elite,3
mistresses,3
pleasure,3
engaged,3
assertiveness,3
rouge,3
attraction,3
open,3
meanings,3
clear,3
margaret,3
reality,3
ireland,3
lady,3
individual,3
homes,3
acquiescence,3
high,3
households,3
sally,3
valued,3
mcmillen,3
become,3
teach,3
masculine,3
probably,3
continually,3
quarterly,3
behind,3
offspring,3
emily,3
circle,3
fully,3
begin,3
inside,3
parent,3
primarily,3
means,3
seen,3
collections,3
began,3
class,3
responsible,3
rosalie,3
centuries,3
assistant,3
necessary,3
fifteen,3
associated,3
going,3
comes,3
series,3
must,3
known,3
loving,3
potential,3
set,3
know,3
partner,3
principle,3
board,3
sent,3
half,3
perfectly,3
rely,3
far,3
wood,3
past,3
evident,3
beginning,3
return,3
peachy,3
degler,3
does,3
hoped,3
writes,3
pleased,3
attaining,3
information,3
conference,3
martha,3
courtship,3
spring,3
argues,3
donald,3
wish,3
evidence,3
needs,3
abstinence,3
create,3
views,3
colonel,3
final,2
difficult,2
done,2
deny,2
fathers,2
limits,2
pleaded,2
meaning,2
groups,2
considerations,2
identity,2
scholar,2
till,2
designated,2
separated,2
migrated,2
jane,2
perfection,2
retirement,2
spurred,2
introduction,2
expect,2
conversion,2
reflection,2
needed,2
middleto,2
saved,2
middleand,2
advised,2
merged,2
neighborhoods,2
modern,2
supervised,2
spirit,2
ramsay,2
western,2
submissiveness,2
factor,2
service,2
descriptions,2
baker,2
gail,2
said,2
member,2
aside,2
else,2
earning,2
please,2
creation,2
chronicles,2
experimented,2
originally,2
attempts,2
symmetrical,2
exhibition,2
definition,2
dramatically,2
georgia,2
possibilities,2
jsh,2
flowers,2
advantage,2
upheld,2
warm,2
desire,2
reasons,2
feminism,2
pressed,2
klotter,2
achievement,2
help,2
folks,2
ambition,2
faithful,2
ncu,2
emphasized,2
influences,2
signs,2
affected,2
citizenship,2
british,2
case,2
proceed,2
prodigals,2
dr,2
inquire,2
protecting,2
mass,2
hall,2
cap,2
contractual,2
assure,2
obvious,2
west,2
whatever,2
taking,2
since,2
except,2
supervision,2
familial,2
letterbook,2
keeps,2
prevented,2
engage,2
sheltered,2
exposed,2
kulikoff,2
endeavor,2
wingfield,2
domesticating,2
sponsored,2
distinctive,2
development,2
neighbor,2
initial,2
tables,2
september,2
silent,2
rothman,2
tutelage,2
viewing,2
envy,2
friedman,2
ease,2
manager,2
espoused,2
exercise,2
breckinridge,2
pensive,2
self,2
back,2
subjects,2
approval,2
abreast,2
agents,2
ample,2
jabour,2
superintend,2
oversimplify,2
citizen,2
traditions,2
adult,2
crawford,2
segment,2
rates,2
spy,2
virtuous,2
gillespie,2
formed,2
promised,2
perfect,2
jean,2
higher,2
opposed,2
town,2
added,2
whose,2
identification,2
bring,2
ways,2
main,2
generations,2
remain,2
sort,2
official,2
explicit,2
doctrine,2
myself,2
process,2
suffer,2
opportunity,2
kiss,2
certain,2
practical,2
population,2
contributions,2
blurring,2
distant,2
limitation,2
awareness,2
republicans,2
pleasures,2
fulfill,2
fantasy,2
clerk,2
romantic,2
facilitated,2
consider,2
possibly,2
entry,2
bloch,2
retained,2
revolutionaries,2
emergence,2
sum,2
quoted,2
excitement,2
favorite,2
attitudes,2
migrants,2
piety,2
encouragement,2
followed,2
requires,2
problems,2
mix,2
helped,2
munford,2
preference,2
trained,2
stands,2
hot,2
talking,2
moving,2
maccurtain,2
tax,2
came,2
cynthia,2
bearing,2
begun,2
hands,2
search,2
strength,2
jah,2
carson,2
scotland,2
suitable,2
eat,2
constantly,2
ann,2
occupation,2
parenthood,2
equal,2
heaven,2
marylynn,2
produced,2
persons,2
intensity,2
cannot,2
acquaintance,2
wealth,2
record,2
tol,2
sacrifice,2
near,2
influenced,2
keeping,2
makers,2
trial,2
turning,2
preferred,2
concept,2
unless,2
discusses,2
training,2
antenuptial,2
frontispiece,2
agnes,2
gambles,2
jacquelyn,2
infant,2
approve,2
describe,2
fit,2
discussions,2
literally,2
people,2
williams,2
gundersen,2
elegant,2
participate,2
won,2
presbyterian,2
trends,2
attributed,2
spouses,2
portraits,2
norma,2
strove,2
sense,2
successful,2
working,2
carriage,2
useful,2
cold,2
dictionary,2
fee,2
contrast,2
keenly,2
phrase,2
around,2
attention,2
wider,2
concerns,2
disposition,2
feelings,2
choose,2
grow,2
presence,2
lockridge,2
dependent,2
filling,2
rest,2
gordon,2
prescribed,2
barbara,2
rivendale,2
critical,2
press,2
pilgrims,2
equality,2
firor,2
contest,2
architecture,2
military,2
motivated,2
classic,2
brief,2
innocence,2
assurance,2
object,2
housework,2
attempt,2
convince,2
tidewater,2
indicates,2
experiences,2
covert,2
movement,2
degree,2
christian,2
backed,2
parker,2
measure,2
guide,2
feme,2
anya,2
relied,2
mused,2
counterparts,2
perceived,2
demographic,2
achieve,2
transformations,2
liberty,2
shifting,2
ky,2
friendship,2
odds,2
traders,2
bladensburg,2
noted,2
gentlemen,2
sketch,2
chose,2
angel,2
aspect,2
heritage,2
childhood,2
breakfast,2
academy,2
addition,2
efforts,2
longer,2
idea,2
limit,2
turner,2
preserve,2
blur,2
scholars,2
regret,2
staunton,2
prepared,2
albemarle,2
gaelic,2
choice,2
enable,2
end,2
considerable,2
discussed,2
anne,2
cooperated,2
conclusions,2
enough,2
adjacent,2
learn,2
fame,2
geography,2
compulsion,2
chalkley,2
celebrated,2
foot,2
forth,2
conviction,2
boles,2
native,2
streets,2
historiographical,2
local,2
original,2
exclaimed,2
understanding,2
balance,2
hazel,2
wished,2
restrictions,2
treated,2
upon,2
mothers,2
formal,2
ridiculous,2
increase,2
borough,2
entirely,2
arranged,2
persisted,2
ethnic,2
exhibited,2
trend,2
trials,2
continue,2
stay,2
write,2
samuel,2
stayed,2
necessitated,2
solitude,2
trade,2
significance,2
discovered,2
directed,2
welcomed,2
mode,2
express,2
easterlin,2
try,2
held,2
eve,2
togetherness,2
terry,2
distinction,2
black,2
latter,2
imagination,2
gallery,2
guilt,2
groupe,2
eyes,2
awakening,2
effect,2
bosom,2
availability,2
enthusiastically,2
joanna,2
southwest,2
looked,2
wards,2
saw,2
accord,2
breadwinner,2
sole,2
greek,2
awaiting,2
concluded,2
justice,2
buildings,2
sigh,2
entitled,2
twelve,2
autumn,2
off,2
surpassed,2
kith,2
raise,2
independent,2
provide,2
clinton,2
bowen,2
consent,2
fear,2
offer,2
leslie,2
burr,2
render,2
credited,2
lawrence,2
anxious,2
marrying,2
indicate,2
provider,2
paternal,2
norton,2
inferior,2
chamber,2
frontier,2
confided,2
citizens,2
fatherly,2
face,2
worlds,2
commenting,2
nevertheless,2
joseph,2
circuit,2
burned,2
fertility,2
springfield,2
backcountry,2
reciprocal,2
gambill,2
praise,2
sexes,2
rarely,2
material,2
fliegelman,2
lessons,2
form,2
changing,2
delegates,2
shop,2
willingness,2
carl,2
dining,2
hasia,2
pregnancy,2
defining,2
parental,2
migrate,2
methodist,2
stetson,2
ratio,2
confident,2
setting,2
capital,2
jeanne,2
appendix,2
constructions,2
research,2
cautious,2
assessment,2
concrete,2
beth,2
ladies,2
agriculture,2
tradition,2
quiet,2
realize,2
month,2
settled,2
selected,2
list,2
greven,2
ones,2
making,2
particular,2
contrasting,2
basch,2
transactions,2
ceased,2
security,2
remarked,2
number,2
almost,2
art,2
code,2
met,2
wedding,2
settlers,2
november,2
convinced,2
intended,2
rigid,2
assistants,2
exceeded,2
mccall,2
bloomfield,2
indebted,2
ever,2
twin,2
goals,2
produce,2
enthusiasm,2
models,2
marry,2
strikingly,2
assessor,2
finally,2
dinner,2
photograph,2
defined,2
attempted,2
callcott,2
tobacco,2
enclosure,2
association,2
glorified,2
worried,2
enclosed,2
ruth,2
flora,2
specific,2
charles,2
assumed,2
actions,2
seventeenth,2
thing,2
supply,2
say,2
enterprise,2
evangelicals,2
eldest,2
grace,2
recent,2
statement,2
meeting,2
doing,2
arithmetic,2
delayed,2
heavily,1
summed,1
democracy,1
devotion,1
cradle,1
superiority,1
effusion,1
wooden,1
altho,1
possessed,1
paralleled,1
accidents,1
doubts,1
flow,1
precepts,1
quotient,1
companionship,1
edge,1
conflicting,1
clerkship,1
anthony,1
rev,1
expand,1
seminary,1
privately,1
effected,1
generous,1
pity,1
ready,1
wonder,1
truth,1
judging,1
market,1
iowa,1
distress,1
slaveholders,1
providence,1
counsel,1
profitability,1
huguenots,1
heights,1
feminization,1
burke,1
liberating,1
hoff,1
wholehearted,1
alone,1
exemplars,1
ultimate,1
trim,1
considerably,1
succession,1
manuscript,1
sphere,1
prostitutes,1
germany,1
joyful,1
group,1
stansell,1
settlements,1
highlights,1
obsolete,1
achievements,1
dignity,1
traded,1
whip,1
myth,1
misuse,1
identify,1
superb,1
designed,1
stone,1
oratory,1
locked,1
blessing,1
remind,1
likely,1
schools,1
asserted,1
unabated,1
strictly,1
item,1
di,1
walker,1
bias,1
earthly,1
desperately,1
outpaced,1
competence,1
genius,1
park,1
conscious,1
skyline,1
notwithstanding,1
tazewell,1
earnings,1
duke,1
decade,1
teased,1
acceptance,1
aeschylus,1
policy,1
commenced,1
obligations,1
necessarily,1
yard,1
painters,1
title,1
passionlessness,1
inequality,1
amply,1
total,1
reexamine,1
remedy,1
criticizing,1
something,1
contested,1
instructing,1
arguing,1
acquainted,1
variety,1
attuned,1
source,1
amongst,1
wading,1
impetuosity,1
permitted,1
wilt,1
rehearsed,1
hoping,1
prosperous,1
cutting,1
recourse,1
diaries,1
brandon,1
midwife,1
pruden,1
reprinted,1
december,1
estimated,1
passion,1
t,1
antilawyer,1
exacting,1
undermine,1
humble,1
nicknamed,1
waciega,1
davis,1
nurse,1
coquettes,1
laurens,1
repeatedly,1
jackson,1
preceding,1
lyman,1
roman,1
cabell,1
protests,1
rockingham,1
oberg,1
bitter,1
hood,1
welter,1
clergymen,1
taken,1
rested,1
concentrated,1
feeling,1
address,1
conflict,1
ears,1
expectation,1
advocations,1
kent,1
tolerated,1
carnes,1
analogies,1
advanced,1
freely,1
begged,1
youngest,1
jewell,1
seems,1
switzerland,1
genteel,1
gampel,1
editions,1
historiography,1
confirmed,1
request,1
resemblance,1
company,1
tutor,1
allan,1
summation,1
monies,1
available,1
capitalist,1
individuals,1
devolved,1
lystra,1
paramount,1
accommodate,1
assuaged,1
neal,1
accompanied,1
employments,1
undertake,1
enduring,1
baths,1
thank,1
katharine,1
babes,1
wave,1
emotion,1
validated,1
rich,1
assembled,1
follows,1
gentler,1
able,1
despotism,1
housewife,1
atlantic,1
closer,1
reveal,1
ph,1
exuberant,1
penniless,1
real,1
debt,1
asjer,1
resisted,1
copious,1
somewhat,1
fresh,1
embrace,1
persistence,1
last,1
gentlewomen,1
mf,1
dearer,1
improving,1
contrition,1
greatly,1
blackwell,1
raised,1
reserved,1
debut,1
cogan,1
jelly,1
snug,1
mail,1
alike,1
welsh,1
climate,1
sheet,1
seconded,1
widowhood,1
nuptials,1
sanctify,1
forerunner,1
context,1
circumvent,1
cherry,1
sweeping,1
havre,1
relating,1
side,1
con,1
occasional,1
depending,1
wasted,1
advocates,1
existence,1
behavioral,1
recorded,1
king,1
formulation,1
indispensible,1
exploiting,1
politicized,1
summum,1
expenses,1
correspondents,1
ventures,1
right,1
lasser,1
erin,1
labours,1
prescriptions,1
custom,1
jack,1
silently,1
vol,1
announced,1
occupying,1
miniature,1
capable,1
georgetown,1
condition,1
temperance,1
replace,1
skipping,1
drive,1
buckley,1
earn,1
fraud,1
eleven,1
driver,1
arenas,1
regretted,1
professor,1
hair,1
diss,1
apart,1
interdisciplinary,1
desired,1
point,1
classics,1
immoral,1
vows,1
resources,1
laws,1
dynamic,1
vocation,1
demeinor,1
anticipated,1
clipped,1
zagarri,1
vowed,1
wavered,1
economies,1
affluent,1
ferieger,1
measurement,1
leeper,1
urging,1
treatise,1
childbearing,1
congruence,1
benefit,1
acknowledgement,1
reward,1
sign,1
commercial,1
diversity,1
framework,1
stress,1
karen,1
readying,1
expertise,1
segregation,1
inheritances,1
pushed,1
regarding,1
central,1
goal,1
dispatched,1
comprehensive,1
pen,1
prey,1
therein,1
throughout,1
lover,1
declaimed,1
prestons,1
pattons,1
institutionalizing,1
dependence,1
surely,1
southwestern,1
merchants,1
scuffle,1
reclaim,1
proceeded,1
sacred,1
explained,1
spectrum,1
agreement,1
suitor,1
boarder,1
inevitable,1
run,1
sedition,1
calculated,1
bent,1
longevity,1
surrounded,1
due,1
creators,1
richwilson,1
agent,1
scarce,1
remorse,1
cooperate,1
capers,1
neighbors,1
registered,1
retarded,1
base,1
characteristic,1
mixed,1
decided,1
wrapper,1
gendered,1
mildred,1
buhle,1
issued,1
adams,1
participating,1
composure,1
application,1
importunity,1
respects,1
sermons,1
seeming,1
topic,1
replaced,1
montana,1
admitted,1
culpeper,1
learning,1
praising,1
kind,1
exhausted,1
get,1
tested,1
head,1
estimates,1
pride,1
disestablishment,1
prophecy,1
perdue,1
pretensions,1
relations,1
exhortations,1
immigrants,1
channeled,1
legally,1
places,1
syllabub,1
frequented,1
freed,1
intercourse,1
convincing,1
plaintive,1
bullock,1
pedestal,1
body,1
attested,1
columbia,1
nearness,1
difficulty,1
probated,1
served,1
allowing,1
stipulated,1
dates,1
grandparents,1
rhys,1
outnumbered,1
twice,1
single,1
witnessed,1
despair,1
fourth,1
truly,1
price,1
reveled,1
warned,1
waller,1
weight,1
packing,1
mates,1
drawn,1
suitability,1
obscure,1
sin,1
deceased,1
clouting,1
patrons,1
details,1
dublin,1
entries,1
leadership,1
bills,1
shuttled,1
commanding,1
weakness,1
loan,1
mair,1
sisters,1
according,1
kinsman,1
purchasing,1
ertitht,1
collect,1
pastoralization,1
somebody,1
van,1
aim,1
disconsolate,1
failed,1
incentives,1
workplaces,1
steps,1
operation,1
rooted,1
evinced,1
profoundly,1
rests,1
brute,1
wishes,1
hamburg,1
sentimental,1
license,1
heroes,1
dilemma,1
excempt,1
links,1
peices,1
principally,1
mcnish,1
stricter,1
centered,1
cooler,1
developed,1
compatible,1
deportment,1
interpretation,1
edward,1
forced,1
anglican,1
cashing,1
decades,1
conflation,1
appreciation,1
account,1
ala,1
taste,1
obituary,1
responded,1
parturition,1
highlighted,1
carolinian,1
knew,1
christine,1
levine,1
sulphur,1
fever,1
whyte,1
anyone,1
heard,1
earlier,1
connected,1
sarah,1
frolic,1
femes,1
humanity,1
talk,1
viewed,1
derived,1
tilted,1
perkins,1
dialogue,1
special,1
inseparably,1
inherit,1
nolen,1
asjah,1
cases,1
higginbotham,1
practicing,1
revivalistic,1
periodic,1
extra,1
ames,1
moves,1
guides,1
unconventional,1
crestfallen,1
accounts,1
presaged,1
deputyship,1
mrs,1
brunswick,1
wagon,1
escape,1
measured,1
items,1
ensure,1
immigrant,1
metropolis,1
pleck,1
escaped,1
humour,1
imposing,1
toy,1
childhoods,1
workmen,1
itinerant,1
sick,1
mortified,1
clearly,1
rotundo,1
russell,1
elsewhere,1
driven,1
edition,1
realities,1
numbers,1
thrilled,1
northeastern,1
clyde,1
argued,1
ceded,1
suffolk,1
teaneck,1
nascent,1
solid,1
advancing,1
forget,1
companions,1
aubrey,1
resorted,1
show,1
unpaid,1
samuels,1
initiative,1
montgomery,1
mine,1
experienced,1
anonymously,1
stewart,1
impatience,1
powerful,1
flights,1
follow,1
xiv,1
ostentation,1
poor,1
splendor,1
dwelling,1
isolation,1
faraway,1
notions,1
idealized,1
definite,1
oppressively,1
consequence,1
cost,1
putting,1
always,1
sanford,1
terminology,1
overcame,1
amount,1
saving,1
tyler,1
rendered,1
pious,1
zealous,1
roeber,1
technocrats,1
mo,1
rekindled,1
m,1
providers,1
david,1
deed,1
protestant,1
strengthen,1
cut,1
systems,1
discountenancing,1
commanded,1
qualities,1
reflections,1
union,1
opponents,1
explanatory,1
opening,1
dictates,1
standards,1
pledges,1
acceptable,1
whom,1
pursuits,1
aftermath,1
blissful,1
questioned,1
arrival,1
dollars,1
blamed,1
revived,1
histories,1
heavenly,1
method,1
entered,1
graciously,1
lifetimes,1
farmsteads,1
access,1
inappropriate,1
adhered,1
elegent,1
carol,1
politicization,1
strongly,1
treason,1
centers,1
consulting,1
changed,1
demands,1
scenes,1
teeming,1
pass,1
census,1
radical,1
reiterate,1
pioneer,1
worker,1
predominantly,1
eagerness,1
nurturing,1
slsaq,1
vigorous,1
mond,1
featured,1
employee,1
arable,1
glorifying,1
experts,1
erinfs,1
secretly,1
term,1
acquiring,1
kirven,1
manservant,1
theda,1
academic,1
seduction,1
softly,1
disincentives,1
afternoon,1
pure,1
equally,1
prompt,1
furthermore,1
supporters,1
florida,1
traits,1
durham,1
morning,1
posited,1
annual,1
countinghouse,1
device,1
bore,1
agreements,1
kym,1
gwen,1
secure,1
milton,1
obedience,1
meet,1
applied,1
failure,1
excellent,1
independently,1
otherwise,1
energy,1
outside,1
verse,1
educations,1
feminists,1
counties,1
merrill,1
shepard,1
vomit,1
eager,1
elliott,1
blake,1
nicholls,1
oh,1
cows,1
treating,1
governing,1
randolph,1
ought,1
expensive,1
improve,1
kathryn,1
sites,1
contracted,1
colonies,1
lost,1
gained,1
participation,1
ennobled,1
blennerhassett,1
relatives,1
distinguish,1
julia,1
accounting,1
restrain,1
line,1
suppliant,1
nineteenthcentury,1
pleases,1
formerly,1
planning,1
properties,1
climb,1
bolster,1
unlanded,1
tour,1
cheerfully,1
reunion,1
emphasis,1
byron,1
locus,1
hints,1
clean,1
lords,1
reader,1
buchanans,1
horse,1
suspicion,1
revolted,1
purpose,1
curriculum,1
irishwomen,1
besetting,1
secret,1
symbolism,1
confirms,1
marketplace,1
though,1
got,1
sydnor,1
lovely,1
overview,1
realm,1
sorrow,1
kindly,1
tale,1
older,1
northwest,1
mcalexander,1
doomed,1
partly,1
beginnings,1
records,1
accomplishment,1
jo,1
canceled,1
eighteenthcentury,1
runs,1
prisoner,1
call,1
documented,1
doors,1
douglas,1
ethyl,1
romance,1
newspaper,1
floors,1
clinging,1
residents,1
achieving,1
project,1
breadwinning,1
tears,1
autocratic,1
gently,1
detract,1
caresses,1
miss,1
monroe,1
enthusiastic,1
genealogical,1
mari,1
patriots,1
weeks,1
encounters,1
shortcomings,1
expectancies,1
delay,1
earth,1
exemplary,1
responses,1
stool,1
running,1
accused,1
tolerant,1
protestantism,1
painting,1
caused,1
level,1
fulfilled,1
hard,1
tight,1
manners,1
diminish,1
shaping,1
lee,1
things,1
seized,1
apprehend,1
speculations,1
hired,1
guardians,1
bath,1
exhorted,1
granddaughter,1
wrong,1
emphasizes,1
condoms,1
owned,1
hence,1
emerging,1
insurance,1
sake,1
involved,1
specifically,1
veteran,1
calling,1
shame,1
specified,1
advisable,1
dealers,1
hiatus,1
accomplished,1
revealing,1
routine,1
bowed,1
industry,1
peace,1
dramatic,1
trusts,1
cto,1
dowry,1
illusions,1
belittled,1
diversified,1
concur,1
potent,1
yielded,1
philip,1
simms,1
occasions,1
dedicated,1
dispirited,1
christians,1
nephews,1
bases,1
former,1
patience,1
quakers,1
extracted,1
maxwell,1
passivity,1
results,1
bollard,1
roots,1
lightened,1
diminished,1
revolutionise,1
appropriate,1
resonance,1
grateful,1
gross,1
preliminary,1
finds,1
stand,1
passive,1
childbirths,1
traveling,1
gorgeous,1
settle,1
miserable,1
reducing,1
dictated,1
bolstered,1
seemed,1
avoid,1
pope,1
repentance,1
periods,1
ask,1
survived,1
faithfully,1
cities,1
pertaining,1
submissive,1
typified,1
led,1
afloat,1
approximate,1
sons,1
aristocracy,1
situation,1
fortunate,1
dampened,1
ramifications,1
temperament,1
petrik,1
implications,1
ventured,1
wane,1
conforming,1
hindered,1
supervising,1
practices,1
bringing,1
fell,1
recuperation,1
chase,1
supreme,1
populations,1
reminiscences,1
operating,1
appearances,1
located,1
site,1
spearheaded,1
play,1
corporation,1
horrors,1
baghy,1
acknowledged,1
fruit,1
nearly,1
albany,1
oversight,1
reminded,1
virginius,1
constraints,1
fruitless,1
gift,1
strains,1
prove,1
formative,1
wertenbaker,1
harry,1
surviving,1
landed,1
commissioned,1
woods,1
standing,1
initially,1
atop,1
settings,1
readied,1
jesus,1
surveyed,1
hold,1
va,1
direction,1
confounded,1
authoritarian,1
beset,1
rejoined,1
oneida,1
undergo,1
convictions,1
sincere,1
beautiful,1
flux,1
cheap,1
fevers,1
depicted,1
competition,1
demolished,1
edited,1
businesswoman,1
victor,1
lagged,1
negotiated,1
swept,1
needful,1
permission,1
penny,1
mh,1
vs,1
treaty,1
cleansing,1
suited,1
salvation,1
vacations,1
retreat,1
serve,1
corrupt,1
den,1
formally,1
buza,1
remnant,1
loosening,1
fervent,1
magistrates,1
chances,1
busy,1
confidently,1
compiled,1
marshall,1
palmer,1
assurances,1
forays,1
jay,1
sociological,1
planned,1
earned,1
liberties,1
workers,1
teaching,1
purity,1
generally,1
floor,1
safeguards,1
ornamental,1
already,1
aid,1
alien,1
gay,1
friendly,1
sklar,1
bar,1
oceans,1
inheritance,1
functioned,1
suzanne,1
picture,1
affections,1
declining,1
affairs,1
gentleman,1
street,1
liquidated,1
outbreak,1
awakened,1
laid,1
nondenominational,1
ameliorating,1
bushman,1
cocounsel,1
skill,1
attacks,1
stronger,1
monitor,1
mentions,1
mark,1
abyss,1
seamstress,1
spend,1
deviated,1
recited,1
similarly,1
summers,1
thereafter,1
intellect,1
towards,1
betsy,1
complementary,1
calculates,1
dearest,1
emotions,1
signified,1
recoiled,1
nationhood,1
arlington,1
unparalleled,1
shade,1
englewood,1
underestimated,1
benevolent,1
abilities,1
fearing,1
maternal,1
pressure,1
revenue,1
remit,1
instability,1
sleep,1
happily,1
trips,1
appeared,1
documents,1
match,1
stockpiled,1
clerks,1
resentments,1
teachers,1
inevitably,1
jehovah,1
germans,1
invariably,1
classical,1
named,1
associates,1
uncle,1
throbbing,1
forthwith,1
devolve,1
prospects,1
contemporary,1
curtin,1
administrations,1
resolved,1
golden,1
unsurprisingly,1
impending,1
habit,1
serious,1
disciplined,1
berenice,1
offence,1
reformed,1
patterns,1
dominion,1
remarkable,1
covered,1
threads,1
informing,1
described,1
road,1
revolts,1
nought,1
continuing,1
isabelle,1
affianced,1
buyer,1
accepted,1
endorsed,1
unclear,1
melinda,1
arduous,1
speakman,1
royal,1
spoke,1
indifferent,1
deep,1
carnal,1
draker,1
campbells,1
ungenial,1
fewer,1
quickened,1
preparation,1
drafts,1
style,1
spacing,1
prattlers,1
gives,1
manuals,1
savings,1
reflected,1
lauded,1
encountered,1
whirl,1
recommend,1
unable,1
convenient,1
negro,1
anticipate,1
familiarized,1
doubled,1
charleston,1
ayers,1
thomson,1
interpreting,1
sir,1
imagine,1
bowles,1
omnipotent,1
week,1
credit,1
greatest,1
exhibit,1
rejoiced,1
averaged,1
churches,1
ecstasy,1
link,1
session,1
indiana,1
invested,1
examples,1
caring,1
lands,1
abernathy,1
ethnicity,1
failings,1
explanation,1
shaky,1
farming,1
hers,1
fretful,1
sides,1
servant,1
writings,1
communities,1
concludes,1
patricia,1
corollaries,1
enhanced,1
previously,1
sixth,1
holt,1
merge,1
stables,1
supervisory,1
manifestations,1
markedly,1
calves,1
reside,1
samples,1
worship,1
complexities,1
debates,1
minds,1
finances,1
tenets,1
imbued,1
honorable,1
profitable,1
illusion,1
pro,1
burthen,1
sickening,1
largely,1
radicalism,1
operated,1
rosemarie,1
francis,1
prospective,1
beale,1
causes,1
congress,1
educating,1
smoothly,1
curb,1
awoke,1
carrey,1
evolution,1
selfpossession,1
loves,1
voice,1
proposition,1
trip,1
chosen,1
previous,1
option,1
office,1
fold,1
california,1
optimistic,1
awakenings,1
constancy,1
theoretical,1
students,1
filth,1
charge,1
versions,1
seperations,1
harmon,1
careers,1
accompts,1
urbana,1
upcoming,1
truths,1
distracted,1
historic,1
renovating,1
poisoning,1
modem,1
emphasizing,1
worrying,1
assignment,1
leadings,1
anniversary,1
aaron,1
thrilling,1
accounted,1
dominated,1
approving,1
osterud,1
urge,1
eliminated,1
co,1
counter,1
desponding,1
callender,1
menopause,1
clarkson,1
granted,1
characterized,1
thom,1
impelled,1
reformers,1
waiter,1
played,1
farms,1
collected,1
static,1
hearing,1
obtained,1
stages,1
crafted,1
unfeminine,1
nurses,1
filled,1
comforts,1
snowy,1
renewal,1
attributing,1
losing,1
prolonged,1
fred,1
pupil,1
claim,1
abundant,1
kans,1
displaying,1
construct,1
morals,1
spent,1
quick,1
decide,1
bequeathing,1
sixteenth,1
annually,1
retire,1
sentiment,1
include,1
influencing,1
minutest,1
edmund,1
catherine,1
snippets,1
newspapers,1
assures,1
relation,1
hastily,1
clayton,1
sensible,1
payment,1
assessing,1
overcome,1
respectively,1
topics,1
acquire,1
mr,1
anderson,1
awful,1
sentiments,1
heighten,1
construction,1
enemies,1
concepts,1
offensive,1
seeking,1
femininity,1
godey,1
everyday,1
rhetorical,1
advertisement,1
story,1
contracts,1
warr,1
delightful,1
worms,1
corresponds,1
conducting,1
ground,1
exchanging,1
tendency,1
destruction,1
industrialization,1
insignificant,1
cliffs,1
gleeful,1
dissonance,1
wert,1
pastor,1
unrelated,1
heating,1
permit,1
competed,1
division,1
stereotypes,1
attended,1
hunt,1
academies,1
disestablished,1
limiting,1
griffen,1
flyleaf,1
cabells,1
spruill,1
factors,1
discipline,1
mansion,1
asking,1
indication,1
fifty,1
cherokees,1
aspirations,1
healthier,1
marilyn,1
negotiations,1
lifetime,1
devote,1
regardless,1
dual,1
upcountry,1
dominates,1
metaphors,1
circumstance,1
note,1
cow,1
frugal,1
tentative,1
defend,1
wisdom,1
figure,1
crucial,1
chance,1
usually,1
bye,1
naturally,1
impressive,1
claimed,1
spouse,1
federalists,1
select,1
lines,1
deaths,1
ryan,1
referred,1
dimensions,1
directing,1
commended,1
indiscriminate,1
directory,1
amoral,1
florence,1
jensen,1
parsons,1
recalled,1
renown,1
overlap,1
requests,1
transformation,1
rapidly,1
area,1
executive,1
acquaintances,1
downtown,1
tearing,1
ardently,1
adolescents,1
file,1
oversaw,1
insistence,1
satisfaction,1
winthrop,1
worldliness,1
britain,1
hierarchical,1
analysis,1
swinney,1
system,1
prosecuted,1
rutherford,1
humiliation,1
itself,1
divorce,1
arts,1
gathered,1
susan,1
investigate,1
blurred,1
attachment,1
betsys,1
stable,1
virgil,1
door,1
hancock,1
isaac,1
school,1
proof,1
alerting,1
financially,1
thinking,1
takes,1
elected,1
girls,1
disinterestedness,1
mordecai,1
senior,1
reviewing,1
grounds,1
exemplified,1
rivaled,1
archaeology,1
principles,1
postrevolutionary,1
reverberated,1
athens,1
twins,1
regulated,1
devout,1
solitary,1
officially,1
morally,1
economically,1
rigidly,1
word,1
unleashed,1
reciprocity,1
thousand,1
satisfactory,1
observation,1
ll,1
aspire,1
rapturous,1
meat,1
hasten,1
alternative,1
lou,1
couples,1
cover,1
hospitality,1
headed,1
quickly,1
highly,1
winterthur,1
dimension,1
favorably,1
dairy,1
refused,1
kish,1
pendleton,1
country,1
finance,1
environment,1
interpersonal,1
renovation,1
cultures,1
rented,1
specialized,1
different,1
worth,1
novel,1
prolific,1
connection,1
flew,1
key,1
seem,1
believe,1
gone,1
withdrew,1
sawmill,1
unknown,1
hord,1
administer,1
comfort,1
brick,1
workplace,1
wealthy,1
surprisingly,1
captures,1
tenderness,1
visiting,1
vicious,1
report,1
followers,1
peep,1
counting,1
iii,1
region,1
deliberately,1
particularly,1
er,1
hinted,1
gulf,1
grey,1
deem,1
linked,1
attractions,1
embodiment,1
houses,1
bookkeeping,1
cultivation,1
reciprocally,1
examination,1
narrowed,1
childbirth,1
identities,1
differed,1
urbanizing,1
pomp,1
hostilities,1
mismanagement,1
rural,1
echelon,1
masters,1
intelligence,1
forbearing,1
ideally,1
littleton,1
feminist,1
oeconomy,1
intoned,1
subordinate,1
believed,1
romanticized,1
dismissal,1
minimizing,1
defending,1
missive,1
boarded,1
enjoyment,1
immoveable,1
jennings,1
reign,1
imperfections,1
terms,1
welfare,1
nationalist,1
overjoyed,1
widower,1
want,1
cause,1
involvement,1
nearby,1
males,1
fomented,1
clerking,1
add,1
maintain,1
bernhard,1
validate,1
edinburgh,1
exuberantly,1
mathematics,1
leaving,1
honorbound,1
listen,1
illustrated,1
bridegroom,1
prepare,1
prudence,1
accumulate,1
philanthropists,1
shakespeare,1
require,1
divide,1
dark,1
constitutional,1
subverting,1
explored,1
yield,1
bustle,1
don,1
agreed,1
quincy,1
halcyon,1
marriages,1
pervade,1
prevent,1
tear,1
port,1
vigor,1
smartly,1
size,1
fourteen,1
intreat,1
popular,1
trembling,1
burden,1
boston,1
tapestry,1
bought,1
remember,1
fulfilment,1
helpmate,1
owner,1
bonum,1
circumstances,1
rescued,1
recognition,1
multiple,1
ruled,1
attachments,1
thereby,1
attached,1
undisturb,1
decisive,1
comps,1
preferable,1
content,1
alternatives,1
participant,1
scoffed,1
duty,1
predecessors,1
turns,1
subject,1
impose,1
preached,1
progressing,1
step,1
simply,1
assumptions,1
impulses,1
southerners,1
lieu,1
contribute,1
tender,1
grossberg,1
souls,1
fatherhood,1
arguments,1
abbott,1
phenomenon,1
fast,1
representation,1
demos,1
pr,1
paula,1
comprised,1
shockoe,1
sale,1
frances,1
mentor,1
come,1
proslavery,1
pray,1
villains,1
femme,1
bargaining,1
wild,1
origins,1
devoted,1
moderate,1
adopting,1
considering,1
englishman,1
signatory,1
theme,1
argument,1
censuses,1
moralists,1
lists,1
urbanization,1
difference,1
reveals,1
generate,1
average,1
initiated,1
intensified,1
contract,1
wielded,1
decrease,1
clamor,1
twentieth,1
oeconomize,1
conditions,1
childless,1
defence,1
leverage,1
nell,1
hurt,1
betty,1
occurs,1
completed,1
publicized,1
abstention,1
splendid,1
formalities,1
steady,1
immorality,1
joined,1
enlightenment,1
typically,1
judges,1
impatiently,1
shirley,1
haste,1
rent,1
manufacture,1
opinions,1
product,1
successive,1
firewood,1
purchaser,1
regular,1
rodgers,1
countrymen,1
imbibe,1
piece,1
prosperity,1
prospect,1
playing,1
carpenters,1
philosophy,1
endeavouring,1
sexuality,1
harmony,1
objections,1
progressives,1
captain,1
extremely,1
madison,1
dispose,1
reformation,1
evelyn,1
inclination,1
treats,1
searching,1
pioneering,1
removed,1
deciding,1
invited,1
attending,1
stylish,1
enjoyed,1
painted,1
accustom,1
straw,1
rejection,1
johnson,1
netti,1
priced,1
negotiate,1
cook,1
rosa,1
obligation,1
fervor,1
debate,1
super,1
alive,1
partial,1
uncertainty,1
fears,1
bounds,1
substantial,1
stream,1
element,1
sciences,1
entire,1
corn,1
abandoned,1
traditional,1
reconciling,1
testified,1
benefactors,1
secular,1
coexecutors,1
seek,1
establishment,1
exchanges,1
livestock,1
observed,1
fonder,1
beings,1
breathed,1
ga,1
tract,1
proponent,1
southeastern,1
attendance,1
built,1
consented,1
linen,1
termed,1
admired,1
inventories,1
major,1
evidently,1
perception,1
willis,1
looking,1
