WORDCOUNTS,WEIGHT
the,207
and,155
a,96
he,95
of,91
to,90
i,60
she,59
his,55
you,53
was,52
her,50
s,43
in,40
it,39
with,39
said,39
that,39
had,37
for,33
paula,33
cynthia,31
daddy,29
like,28
on,28
at,25
him,23
their,22
but,22
we,22
they,21
what,21
then,20
dan,20
t,19
all,19
have,19
not,18
were,17
so,17
now,16
by,16
love,16
would,16
when,16
as,15
them,14
into,14
could,14
know,13
over,13
snow,13
this,13
an,13
again,12
did,12
do,12
don,12
father,12
which,12
there,12
about,11
us,11
from,11
my,11
right,11
say,11
be,11
why,10
shaper,10
children,10
out,10
want,10
up,10
who,9
thought,9
ll,9
m,9
through,9
car,8
if,8
once,8
me,8
more,8
came,8
magic,8
much,8
time,8
hennery,7
herbert,7
are,7
how,7
another,7
lips,7
story,7
cleveland,7
asked,7
back,7
eyes,7
gold,7
still,6
one,6
mother,6
or,6
something,6
friend,6
christmas,6
mommy,6
been,6
words,6
teeth,6
new,6
last,6
tell,6
your,6
kind,6
black,6
can,6
because,6
re,6
wife,6
is,6
go,5
girl,5
child,5
no,5
just,5
talk,5
hot,5
get,5
god,5
before,5
too,5
ever,5
yes,5
daughters,5
sunday,5
down,5
review,5
man,5
let,5
coffee,5
ford,5
some,5
mean,5
little,5
himself,5
hudson,5
call,5
potion,5
old,5
way,5
gestures,5
should,5
daughter,5
sometimes,4
across,4
real,4
telephone,4
song,4
word,4
front,4
sudden,4
wanted,4
liked,4
girls,4
must,4
show,4
later,4
sing,4
good,4
whispered,4
wide,4
called,4
very,4
take,4
took,4
hand,4
afternoon,4
drove,4
shall,4
see,4
milk,4
going,4
really,4
saying,4
junk,4
made,4
come,4
mouth,4
since,4
against,4
salt,4
around,4
cared,4
always,4
waitress,3
oh,3
york,3
town,3
forever,3
letters,3
porch,3
traffic,3
toward,3
ready,3
chicken,3
television,3
arrangements,3
says,3
eight,3
boy,3
told,3
fat,3
ask,3
chappie,3
tree,3
potions,3
sister,3
live,3
has,3
face,3
smiled,3
under,3
prince,3
home,3
thinking,3
weather,3
same,3
shaking,3
ed,3
nice,3
industrial,3
only,3
upon,3
poor,3
door,3
party,3
give,3
rock,3
many,3
remembered,3
other,3
together,3
great,3
promised,3
hundred,3
shoes,3
smile,3
silence,3
deejay,3
singing,3
answer,3
forth,3
side,3
merry,3
loved,3
hello,3
opened,3
felt,3
closed,3
used,3
both,3
fake,3
already,3
two,3
year,3
kids,3
penny,3
lights,3
station,3
place,3
gesture,3
senor,3
until,3
explained,3
hurt,3
sat,3
need,3
saturday,3
driving,3
given,3
look,3
world,3
adult,3
brown,3
will,2
age,2
honey,2
waited,2
fathers,2
highway,2
matter,2
nodded,2
thirsty,2
answered,2
buy,2
relieved,2
happy,2
till,2
stop,2
fog,2
wait,2
plastic,2
glasses,2
above,2
dunno,2
house,2
capon,2
wheels,2
whisper,2
bermuda,2
life,2
special,2
watch,2
often,2
manhattan,2
malted,2
entertainment,2
wintry,2
lots,2
each,2
lives,2
rubbers,2
sure,2
seeing,2
former,2
school,2
sky,2
cameras,2
yellow,2
imitated,2
light,2
lak,2
days,2
lord,2
air,2
colored,2
version,2
these,2
four,2
put,2
first,2
people,2
gentlemen,2
anything,2
teddybears,2
street,2
long,2
three,2
here,2
bubble,2
greasy,2
lust,2
quickly,2
ran,2
drink,2
experienced,2
water,2
talking,2
looked,2
rushing,2
honeybear,2
okay,2
believe,2
ate,2
regret,2
found,2
moon,2
doesn,2
thank,2
visiting,2
holding,2
angry,2
write,2
somehow,2
sugarless,2
maybe,2
everything,2
gas,2
wiped,2
stomach,2
flying,2
fresh,2
cried,2
living,2
men,2
glory,2
enough,2
reproach,2
those,2
childish,2
reign,2
stopped,2
ones,2
making,2
dance,2
material,2
eye,2
leaving,2
prayer,2
listen,2
slush,2
stations,2
mass,2
day,2
well,2
solemnly,2
shoppers,2
itchy,2
voice,2
local,2
snack,2
apartment,2
parked,2
howard,2
somethingl,2
watched,2
itl,2
miss,2
art,2
rum,2
finished,2
flattened,2
chipmunk,2
drowning,2
sent,2
windshield,2
everybody,2
wore,2
patted,2
music,2
repeating,2
letter,2
roll,2
food,2
wear,2
older,2
tender,2
doll,2
heard,2
hour,2
while,2
hungry,2
our,2
teenage,2
question,2
tears,2
won,2
own,2
lifesaver,2
eating,2
unmarked,2
stories,2
else,2
ah,2
keep,2
pride,2
chapped,2
evening,2
club,2
hard,2
talked,2
things,2
glass,2
box,2
held,2
after,2
driveway,2
mister,2
mike,2
wail,2
wiping,2
forehead,2
putting,2
fatigue,2
morning,2
spanish,2
turned,2
frog,2
behind,2
marriage,2
body,2
between,2
grow,2
feet,2
corruption,2
radio,2
left,2
johnson,2
store,2
pleased,2
name,2
pout,2
even,2
slightly,2
chiclets,2
disdain,2
corrected,2
than,2
famous,2
training,2
salty,2
coal,2
waiting,2
perfect,1
sounds,1
thrust,1
climbed,1
estragon,1
jowl,1
bells,1
horror,1
diner,1
retreated,1
macedoine,1
flange,1
broods,1
fifty,1
smoke,1
command,1
laughed,1
receded,1
where,1
amount,1
film,1
coordinated,1
shadowed,1
hustling,1
second,1
visitations,1
ferociously,1
urged,1
done,1
metal,1
lovers,1
beneath,1
limits,1
absent,1
indecision,1
without,1
forty,1
doncha,1
capons,1
expanse,1
suck,1
lot,1
exhaust,1
continued,1
act,1
fell,1
tomorrow,1
carried,1
concerned,1
grinning,1
mimed,1
farewell,1
cent,1
aimed,1
leading,1
troubled,1
yards,1
pull,1
silently,1
dreamed,1
stood,1
rights,1
tunes,1
program,1
infestation,1
howls,1
reformed,1
outgrew,1
judging,1
pies,1
sauce,1
everyone,1
plans,1
personnel,1
inside,1
afterwards,1
frowning,1
outgrown,1
classic,1
forward,1
edges,1
gum,1
asleep,1
band,1
nearly,1
arrive,1
moving,1
struggling,1
busy,1
red,1
museum,1
breath,1
shut,1
shining,1
dancing,1
fairy,1
pop,1
seen,1
parents,1
mountains,1
pointed,1
team,1
arm,1
ordering,1
secretly,1
make,1
returned,1
daddyl,1
beckoned,1
dirt,1
earlier,1
understand,1
mile,1
legal,1
standing,1
similar,1
microphone,1
elaborately,1
grew,1
edsels,1
large,1
soaking,1
length,1
grandfather,1
replaced,1
hold,1
saved,1
miami,1
study,1
serendipity,1
infuse,1
enormous,1
inches,1
white,1
impressed,1
advised,1
outskirt,1
feel,1
hope,1
fraziers,1
calculate,1
formed,1
rosalie,1
celebrities,1
teasing,1
competition,1
thanks,1
adventuring,1
supposed,1
animal,1
yet,1
selling,1
hurrying,1
primly,1
item,1
monkeying,1
maternal,1
double,1
suspended,1
shoe,1
mirror,1
stew,1
hotsl,1
steve,1
doings,1
hardly,1
soon,1
muffled,1
busily,1
thick,1
meant,1
windows,1
cheeseburgers,1
squeezed,1
radiant,1
forget,1
evergreens,1
challenged,1
forests,1
pushbuttons,1
awfully,1
fast,1
seat,1
marred,1
breathless,1
stepwife,1
shook,1
mustn,1
repeated,1
shuffling,1
slowly,1
minutes,1
doughnut,1
shh,1
fish,1
introduced,1
any,1
beaumarchais,1
abdications,1
yearning,1
elbow,1
skinny,1
slipped,1
coats,1
warmth,1
buffer,1
thing,1
jersey,1
excitement,1
hushed,1
performers,1
nickel,1
greetings,1
reversal,1
cranked,1
chilil,1
underbodies,1
summer,1
tailpipe,1
playgrounds,1
intentions,1
contains,1
arms,1
flats,1
chosen,1
hoped,1
baby,1
cuticle,1
pocket,1
records,1
find,1
peeling,1
bar,1
oceans,1
doughnuts,1
cocking,1
followed,1
follow,1
stars,1
lifelong,1
defeat,1
missus,1
florid,1
drowsy,1
gotten,1
shyness,1
vacant,1
handkerchief,1
please,1
every,1
nightclub,1
acres,1
few,1
baked,1
spots,1
theirs,1
thrill,1
teevee,1
collarbone,1
also,1
tour,1
brat,1
fixed,1
media,1
finger,1
shifted,1
arthritic,1
flippers,1
explain,1
interested,1
set,1
buttered,1
hit,1
originally,1
drank,1
chaos,1
taken,1
rested,1
peered,1
figure,1
feeling,1
motor,1
might,1
trunk,1
rush,1
spend,1
turbot,1
ears,1
flakes,1
state,1
salting,1
l,1
goodbye,1
worked,1
beautiful,1
shit,1
speed,1
winter,1
shame,1
commercials,1
sucking,1
thumb,1
five,1
dewy,1
girlsi,1
efforts,1
sheep,1
heated,1
gracias,1
operators,1
outside,1
possibilities,1
whom,1
pounds,1
flew,1
giggles,1
resentment,1
treatment,1
twenty,1
blocks,1
portable,1
chlorophyl,1
broken,1
generous,1
fleeing,1
ofher,1
communion,1
warm,1
sleep,1
falls,1
wiper,1
obscurely,1
bit,1
ambition,1
appeared,1
nights,1
skies,1
husband,1
statesmanlike,1
therein,1
frost,1
sang,1
neon,1
huddled,1
naturally,1
terribly,1
closing,1
swell,1
lived,1
nosy,1
humid,1
range,1
changed,1
deal,1
gaiety,1
blinked,1
scenes,1
turnpike,1
never,1
mufflers,1
peculiarly,1
crunching,1
enemy,1
alleghenies,1
image,1
plump,1
combed,1
room,1
impatient,1
dumped,1
goodsl,1
anyway,1
separating,1
camera,1
visits,1
yolk,1
identical,1
junior,1
pennsylvania,1
happiness,1
half,1
automobiles,1
discussed,1
featured,1
faster,1
propaganda,1
foolish,1
fear,1
huddle,1
tunnels,1
big,1
merely,1
late,1
mind,1
prematurely,1
further,1
claw,1
believed,1
aching,1
equally,1
corroding,1
shakes,1
performances,1
patrol,1
knows,1
birthday,1
eased,1
born,1
fro,1
equal,1
complicated,1
pulled,1
ketchup,1
vents,1
important,1
stand,1
offstage,1
engraved,1
sneeze,1
sleepy,1
rootless,1
heads,1
toast,1
choking,1
screamed,1
foodl,1
festooned,1
month,1
teacher,1
martie,1
ot,1
rose,1
means,1
amuse,1
pimples,1
cooking,1
pounded,1
formica,1
flesh,1
foot,1
spot,1
sorry,1
pick,1
nowl,1
dios,1
shouted,1
acquaintance,1
appearing,1
energy,1
spoke,1
ahead,1
record,1
hunched,1
slithering,1
vitaminspoor,1
muscular,1
tousled,1
spree,1
lest,1
salei,1
passed,1
brain,1
showing,1
cookies,1
woman,1
besides,1
embracing,1
approached,1
grass,1
recorded,1
greeting,1
noticed,1
frosty,1
save,1
oysters,1
style,1
public,1
faint,1
swish,1
breast,1
money,1
glistening,1
near,1
number,1
bones,1
afraid,1
touch,1
america,1
plansl,1
memory,1
indifference,1
wish,1
apple,1
suitcase,1
spending,1
failure,1
remained,1
shaved,1
fouled,1
having,1
lashes,1
kidding,1
lost,1
adults,1
information,1
cents,1
stove,1
heartfelt,1
nightfall,1
marked,1
greatest,1
kiss,1
hats,1
investment,1
size,1
travel,1
ideal,1
wrenching,1
pretend,1
marshmallow,1
strain,1
drive,1
hear,1
planning,1
frozen,1
reached,1
jukebox,1
amazed,1
tool,1
surprised,1
move,1
fakel,1
stuck,1
driver,1
dinner,1
rootbeer,1
trees,1
nine,1
son,1
cunning,1
condoned,1
city,1
clean,1
claim,1
gasping,1
loud,1
salted,1
sense,1
amiable,1
brought,1
politics,1
part,1
ohio,1
sweaty,1
slopes,1
purpose,1
weighed,1
desperate,1
interviews,1
beach,1
soupe,1
caring,1
looking,1
singer,1
bland,1
squirming,1
square,1
object,1
easy,1
herself,1
its,1
kissed,1
newest,1
feared,1
caught,1
tried,1
nightspot,1
ten,1
returning,1
unhappy,1
got,1
everywhere,1
biz,1
gears,1
travelling,1
oil,1
sweet,1
genuine,1
gave,1
sold,1
steel,1
fit,1
oblivion,1
steaks,1
cheerfully,1
belly,1
turnpikes,1
wizened,1
splashed,1
flight,1
willed,1
bless,1
lunch,1
grinned,1
truncated,1
flagged,1
curb,1
labor,1
learned,1
coming,1
learns,1
think,1
folded,1
jockey,1
placard,1
recovery,1
swim,1
thus,1
precision,1
nothing,1
stay,1
goesl,1
lead,1
ancient,1
trip,1
saw,1
ice,1
away,1
lounge,1
states,1
actual,1
dime,1
emitting,1
speak,1
sound,1
football,1
movies,1
soft,1
shelter,1
frayed,1
thirteen,1
goddamn,1
couple,1
youth,1
aunts,1
maid,1
cheer,1
mine,1
warmly,1
such,1
starlite,1
years,1
briefly,1
wheel,1
difference,1
pockets,1
open,1
worry,1
clear,1
pops,1
fogged,1
switched,1
vacation,1
confused,1
tackled,1
moral,1
directed,1
squirmed,1
awe,1
chilled,1
steam,1
favorite,1
coke,1
nose,1
restraint,1
sighed,1
smear,1
machine,1
de,1
soup,1
grant,1
shrilled,1
corner,1
flushed,1
stared,1
interest,1
becoming,1
logic,1
someone,1
change,1
protesting,1
tough,1
ease,1
footsteps,1
anxious,1
grownup,1
course,1
poulard,1
prolonged,1
pulling,1
accused,1
least,1
instead,1
crackers,1
religious,1
mittens,1
stretched,1
eggs,1
grammatical,1
ye,1
studebakers,1
fuzzy,1
smiling,1
rhythmic,1
turnl,1
meal,1
type,1
stage,1
straight,1
invisible,1
escaped,1
tip,1
possible,1
mystified,1
crossed,1
singers,1
dress,1
pimply,1
playing,1
defined,1
dimes,1
joked,1
turn,1
scheming,1
hurry,1
panel,1
melted,1
sack,1
sharp,1
tales,1
bustling,1
night,1
laughter,1
faded,1
meantime,1
family,1
enthusiastic,1
loose,1
class,1
jingle,1
times,1
gets,1
slab,1
responsibilities,1
offered,1
pink,1
eleven,1
swaying,1
stomachs,1
clouded,1
approval,1
replace,1
awhile,1
wrestled,1
scattering,1
swarming,1
shock,1
plum,1
disc,1
pause,1
uncles,1
midwinter,1
roadl,1
twelve,1
chick,1
models,1
mystery,1
climate,1
suddenly,1
overcome,1
began,1
arranged,1
shyly,1
printaniere,1
effect,1
despair,1
buenos,1
guilt,1
teach,1
paulal,1
occasions,1
slid,1
dreamy,1
heavy,1
younger,1
create,1
egg,1
accelerator,1
kachoo,1
hilary,1
distant,1
lenses,1
instance,1
guess,1
swayed,1
bottles,1
flung,1
pressing,1
lesson,1
thrilled,1
seemed,1
focussed,1
corners,1
mitts,1
finishes,1
sun,1
reet,1
fall,1
observed,1
didn,1
discovering,1
rhymes,1
breathed,1
understood,1
cold,1
stoplight,1
doing,1
hornrimmed,1
jerking,1
thickening,1
am,1
rest,1
isn,1
snowsuits,1
gagging,1
babies,1
excellently,1
visitors,1
stamping,1
sympathetically,1
oiled,1
deeper,1
someplace,1
visit,1
walls,1
studio,1
elegance,1
