WORDCOUNTS,WEIGHT
the,180
of,105
and,99
a,74
in,67
to,46
is,43
was,40
that,34
his,33
love,31
for,27
it,24
but,22
not,21
man,20
this,20
he,18
with,18
if,17
from,17
s,17
be,17
one,16
i,16
will,15
by,15
age,15
all,14
mir,14
see,12
no,11
they,11
their,11
as,11
are,11
on,11
when,11
or,10
then,10
other,10
so,10
an,10
you,10
who,9
urdu,9
only,9
emotion,9
poetry,9
ghazal,9
woman,9
literature,9
have,9
sorrows,9
him,9
said,8
had,8
what,8
has,8
her,8
were,8
heart,8
sorrow,8
human,8
pritchett,8
pp,7
days,7
there,7
some,7
became,7
those,7
life,6
blood,6
english,6
any,6
t,6
could,6
voice,6
both,6
its,6
lover,6
bibliography,6
would,6
poet,6
we,6
relationship,5
matter,5
prince,5
tumult,5
your,5
also,5
did,5
afraid,5
necessary,5
don,5
insight,5
away,5
hali,5
faiz,5
tasks,4
into,4
wars,4
w,4
came,4
poem,4
every,4
europe,4
been,4
last,4
drop,4
references,4
cause,4
translations,4
out,4
maulana,4
another,4
father,4
made,4
poems,4
immoral,4
himself,4
our,4
which,4
come,4
saw,4
relationships,4
such,4
nor,4
faith,4
couplet,4
young,4
up,4
seventh,3
battle,3
second,3
sons,3
me,3
today,3
wrote,3
taqi,3
lawrence,3
about,3
word,3
victor,3
reference,3
princes,3
fought,3
poets,3
door,3
us,3
russell,3
light,3
note,3
must,3
two,3
act,3
set,3
give,3
counsel,3
put,3
heavens,3
my,3
fact,3
loved,3
great,3
called,3
time,3
how,3
better,3
men,3
trouble,3
born,3
form,3
can,3
blind,3
ahmad,3
classical,3
reaching,3
already,3
compartment,3
writers,3
son,3
point,3
twelfth,3
through,3
above,3
beloved,3
year,3
during,3
now,3
frances,3
own,3
gracious,3
moral,3
open,3
times,3
like,3
kind,3
sake,3
become,3
sentiments,3
always,3
even,3
world,3
reformist,3
nations,2
at,2
tore,2
dastan,2
does,2
complaint,2
ana,2
verses,2
admonished,2
outsider,2
she,2
way,2
important,2
george,2
true,2
meaning,2
continent,2
destroy,2
fear,2
myself,2
lost,2
whatever,2
deliberately,2
goes,2
began,2
nazir,2
translation,2
tree,2
fall,2
maul,2
sex,2
b,2
sky,2
unwin,2
india,2
just,2
something,2
result,2
god,2
too,2
industrial,2
experience,2
e,2
ralph,2
tries,2
besides,2
blended,2
more,2
challenge,2
business,2
troy,2
fell,2
possession,2
obscene,2
union,2
emotions,2
novel,2
stories,2
distraction,2
appearance,2
thumb,2
p,2
martyr,2
new,2
personal,2
events,2
far,2
islam,2
take,2
living,2
written,2
took,2
hand,2
pure,2
do,2
felling,2
political,2
committed,2
war,2
road,2
accepted,2
produced,2
notes,2
homer,2
takes,2
verse,2
however,2
mere,2
key,2
task,2
listen,2
fight,2
r,2
greatest,2
used,2
work,2
hal,2
community,2
allen,2
camus,2
sweet,2
gave,2
place,2
partly,2
pleasure,2
goals,2
thus,2
against,2
accept,2
good,2
change,2
wish,2
wearer,2
writer,2
progressive,2
night,2
around,2
sentiment,2
slipper,2
sight,2
reached,2
era,2
create,2
dark,2
london,2
student,2
given,2
much,2
marry,2
incarnation,2
dust,2
battles,2
shun,1
may,1
south,1
difficult,1
achilles,1
knew,1
poor,1
reckoning,1
battlefield,1
possessed,1
firiq,1
recognized,1
lovers,1
fathers,1
wandered,1
delhi,1
series,1
without,1
various,1
steadily,1
concerned,1
later,1
answered,1
rule,1
pull,1
behold,1
secondor,1
asrãru,1
prize,1
arouses,1
h,1
till,1
remain,1
aur,1
go,1
truth,1
basic,1
critical,1
everyone,1
sermon,1
inside,1
attitude,1
heresy,1
allahabad,1
terrified,1
process,1
remote,1
means,1
didactic,1
prove,1
preachers,1
referred,1
seen,1
clothes,1
still,1
itself,1
introduction,1
revulsion,1
garden,1
formula,1
heard,1
mother,1
went,1
grew,1
talk,1
sinful,1
smuggling,1
poetic,1
direct,1
roads,1
iliad,1
sermonizing,1
ask,1
denied,1
why,1
forgot,1
deputy,1
kill,1
continually,1
corrupting,1
devoid,1
united,1
achieve,1
dismiss,1
sage,1
sani,1
provides,1
turmoil,1
cannot,1
nonhuman,1
firaq,1
permission,1
reason,1
imperialism,1
intellect,1
understand,1
valance,1
studies,1
case,1
modern,1
è,1
favor,1
tilted,1
rain,1
adopt,1
marks,1
odyssey,1
evaluation,1
mystics,1
greeks,1
university,1
gõrakhpúrt,1
clark,1
neither,1
western,1
history,1
title,1
appearing,1
victories,1
slowly,1
raghupatt,1
before,1
assistance,1
ara,1
evil,1
believed,1
former,1
lord,1
morning,1
ashamed,1
died,1
jaws,1
conclusion,1
twentiethcentury,1
conjunction,1
collective,1
fearful,1
psyche,1
existence,1
most,1
journeys,1
emotional,1
ever,1
being,1
speaking,1
turn,1
forehead,1
cast,1
sit,1
mughal,1
statement,1
enterprises,1
indications,1
banner,1
affairs,1
sources,1
explicate,1
advised,1
disappearing,1
rather,1
certainly,1
fire,1
inexperienced,1
desolation,1
name,1
fairies,1
victorian,1
plundered,1
drew,1
voices,1
suit,1
causing,1
tilt,1
m,1
taken,1
passed,1
use,1
know,1
again,1
easy,1
natural,1
eastern,1
appear,1
parrot,1
recited,1
admonition,1
graduates,1
emerged,1
veil,1
allinclusive,1
added,1
ß,1
country,1
poetically,1
troubling,1
moving,1
words,1
different,1
âhang,1
ghazals,1
beheld,1
flew,1
path,1
secondary,1
head,1
marvellous,1
romances,1
interwoven,1
down,1
drown,1
walked,1
sleep,1
moon,1
daily,1
simple,1
vision,1
wine,1
abstract,1
sights,1
pakistani,1
disgusting,1
doors,1
ghãlib,1
post,1
pressed,1
eventually,1
producing,1
children,1
achievement,1
really,1
angry,1
brothers,1
studied,1
deal,1
able,1
sometime,1
levelled,1
hear,1
creative,1
thanks,1
hundred,1
krishna,1
moonlight,1
contemporary,1
harvard,1
kiss,1
prosaic,1
search,1
achieved,1
muhammad,1
mass,1
beliefs,1
consciousness,1
representative,1
appeared,1
works,1
sermons,1
honor,1
absolutely,1
devil,1
person,1
mind,1
further,1
woodcutter,1
mr,1
raised,1
occupation,1
psychic,1
covered,1
third,1
ruined,1
where,1
unbecoming,1
sparing,1
dissolved,1
yesterday,1
worldwide,1
separated,1
whether,1
nationalist,1
ed,1
courage,1
excellent,1
stirred,1
side,1
brahmans,1
material,1
lucknow,1
khan,1
hell,1
nairn,1
storm,1
considerate,1
perhaps,1
escapist,1
sayyid,1
unnecessary,1
farooqi,1
awarded,1
king,1
dream,1
juman,1
advice,1
shine,1
while,1
agamemnon,1
suspended,1
firm,1
saying,1
hitler,1
sentient,1
garments,1
well,1
remained,1
throne,1
information,1
account,1
vol,1
suicide,1
khurshidul,1
opened,1
development,1
crown,1
distinguish,1
line,1
balance,1
frightened,1
art,1
divided,1
international,1
middle,1
finished,1
translated,1
birth,1
wandering,1
suicides,1
presented,1
owner,1
leisure,1
yery,1
recognition,1
ill,1
brought,1
peace,1
reported,1
say,1
obedient,1
part,1
purpose,1
ma,1
city,1
ali,1
deserts,1
prolific,1
rod,1
press,1
europeans,1
description,1
summon,1
lies,1
ghalib,1
got,1
fairy,1
asian,1
lovely,1
whole,1
genuine,1
tale,1
freedom,1
presses,1
overtones,1
collection,1
inherited,1
morality,1
pillar,1
disrupted,1
realized,1
people,1
aside,1
submitted,1
long,1
writing,1
enveloped,1
tr,1
store,1
hour,1
ibid,1
exams,1
popular,1
novels,1
lenin,1
theories,1
adab,1
eras,1
shelter,1
spring,1
described,1
confession,1
muttaqi,1
unseen,1
editor,1
status,1
difference,1
miss,1
sensibilities,1
whoever,1
three,1
reality,1
else,1
twentieth,1
helen,1
defence,1
either,1
guest,1
express,1
language,1
charge,1
divine,1
evils,1
madness,1
corrective,1
held,1
shunned,1
moment,1
allure,1
evening,1
issued,1
describing,1
publications,1
hard,1
output,1
meaningfulness,1
spread,1
reformers,1
carry,1
convention,1
century,1
course,1
paths,1
asadu,1
kept,1
comforts,1
ishq,1
after,1
thing,1
unity,1
testament,1
progressiveromantic,1
claim,1
horoscopes,1
event,1
old,1
destroyed,1
kiernan,1
worst,1
perfume,1
siege,1
morally,1
mystic,1
concerning,1
concerns,1
cambridge,1
feelings,1
ha,1
study,1
between,1
eyes,1
twelve,1
renowned,1
themselves,1
decline,1
c,1
damned,1
saverã,1
left,1
scales,1
weapons,1
acquire,1
caused,1
ness,1
truly,1
d,1
partial,1
enemies,1
l,1
guise,1
beat,1
mad,1
journal,1
proper,1
obscenity,1
mischief,1
destruction,1
mirzã,1
beauty,1
famous,1
professional,1
understood,1
hardly,1
displaced,1
am,1
disgusted,1
imperialist,1
major,1
perception,1
dictum,1
avoid,1
translator,1
incidental,1
separate,1
walls,1
