WORDCOUNTS,WEIGHT
the,1310
a,630
and,567
to,508
he,470
of,427
in,373
his,324
was,298
you,282
that,239
i,222
gee,220
t,216
it,215
s,185
with,178
for,175
on,174
they,151
but,137
him,133
be,132
as,126
had,124
at,123
out,123
like,113
up,100
not,97
from,95
if,94
we,94
were,93
this,83
then,83
there,78
all,75
is,75
could,72
or,72
one,69
what,69
so,68
have,68
them,65
an,64
no,63
just,62
get,61
now,60
gonzales,60
don,60
more,59
hatchette,58
would,58
their,57
can,57
into,56
than,55
got,55
when,53
back,52
know,52
about,51
see,50
over,50
off,50
your,49
who,49
right,48
said,47
mono,47
do,44
down,43
by,43
been,43
didn,42
only,41
man,41
through,41
d,41
how,40
her,40
re,40
me,39
before,38
some,37
even,37
boyce,37
maybe,36
m,35
are,34
eyes,33
which,32
any,32
where,31
summer,31
ll,31
time,30
must,30
going,29
here,29
himself,28
two,28
really,28
she,28
those,27
air,27
big,27
couldn,27
much,27
first,26
other,26
too,26
death,26
love,25
after,25
men,25
each,25
way,24
review,24
my,24
antioch,24
looked,24
take,23
well,23
airman,23
go,22
across,22
came,22
its,22
around,22
still,22
why,22
tell,21
probably,21
between,21
told,20
behind,20
though,20
always,20
head,20
room,19
look,19
read,19
because,19
make,19
once,19
thought,19
put,19
course,19
face,19
school,19
think,19
patek,18
last,18
old,18
cargo,18
away,18
field,18
feet,18
saw,18
john,18
went,18
something,17
anything,17
left,17
own,17
light,17
wasn,17
guy,17
harold,17
dad,17
say,16
beneath,16
without,16
wanted,16
against,16
commander,16
let,16
whole,16
good,16
new,16
full,16
ever,16
did,16
boys,16
little,16
our,16
red,15
every,15
move,15
mean,15
god,15
hands,15
long,15
will,15
never,15
day,15
plane,15
another,15
very,15
kind,14
stomach,14
began,14
seemed,14
under,14
again,14
took,14
made,14
has,13
keep,13
us,13
open,13
high,13
hrcs,13
want,13
while,13
morning,13
planes,12
along,12
unit,12
white,12
wouldn,12
war,12
used,12
texas,12
water,12
three,12
sometimes,12
ve,12
turned,12
moved,12
mouth,11
american,11
yessir,11
give,11
real,11
bus,11
understand,11
medic,11
base,11
being,11
hard,11
cold,11
few,11
enough,11
since,11
manual,11
set,11
duty,11
gonna,11
might,10
except,10
machine,10
may,10
ah,10
ramp,10
hours,10
moving,10
line,10
blue,10
hand,10
number,10
nothing,10
five,10
half,10
chest,10
write,10
n,10
later,9
barracks,9
together,9
anyway,9
reading,9
system,9
side,9
lights,9
runway,9
fatter,9
turn,9
body,9
six,9
wounded,9
town,9
feel,9
most,9
guys,9
knees,9
dispensary,9
things,9
grass,9
night,9
says,9
single,9
also,9
legs,9
top,9
medical,9
bunk,9
felt,9
remember,9
uniform,9
cap,9
crew,9
coming,9
come,9
until,9
should,9
everybody,8
nodded,8
case,8
far,8
run,8
finally,8
sun,8
fuckin,8
knew,8
heard,8
thing,8
fat,8
bad,8
moon,8
record,8
almost,8
place,8
won,8
running,8
taken,8
gave,8
bet,8
soon,8
same,8
window,8
already,8
book,8
morphine,8
oh,8
sir,8
father,8
looking,8
use,8
dress,8
black,8
shit,8
best,8
wall,8
job,8
size,8
need,8
given,8
either,8
asked,8
does,7
done,7
fingers,7
gonz,7
else,7
wrong,7
heel,7
mind,7
trouble,7
jack,7
pen,7
young,7
twice,7
hrc,7
yet,7
traffic,7
salute,7
ass,7
front,7
leg,7
bomb,7
near,7
work,7
training,7
flight,7
people,7
next,7
several,7
crazy,7
kid,7
service,7
somebody,7
forward,7
funny,7
home,7
rocket,7
dropped,7
many,7
fact,7
compound,7
pretty,7
hear,7
ground,7
week,7
upon,7
times,7
class,7
somehow,7
bored,7
girls,7
fatigues,7
sure,7
gas,7
past,7
better,7
killed,7
getting,7
terminal,7
soft,7
instead,7
strut,7
smoke,6
career,6
loading,6
alone,6
hatch,6
holding,6
arms,6
words,6
great,6
help,6
pain,6
realized,6
find,6
weight,6
hardly,6
lay,6
reason,6
four,6
hit,6
hadn,6
train,6
broke,6
library,6
nobody,6
mom,6
reader,6
guess,6
part,6
ain,6
belt,6
small,6
visible,6
am,6
mess,6
girl,6
fly,6
carried,6
above,6
manifest,6
southern,6
ask,6
security,6
combat,6
rabbit,6
sergeant,6
actually,6
towards,6
sleep,6
end,6
everything,6
woman,6
lost,6
tank,6
bed,6
california,6
dummy,6
started,6
filled,6
outside,6
trying,6
exactly,6
change,6
lot,6
chance,6
stopped,6
seen,6
force,6
blood,6
gun,6
door,6
shirt,6
chicks,6
ran,6
gone,6
hospital,6
c,6
edge,6
gotta,6
bodies,6
ranks,6
mention,6
tall,6
green,6
captain,6
wondered,6
themselves,6
desk,6
o,5
yards,5
stood,5
per,5
live,5
hair,5
paper,5
eye,5
ooo,5
fast,5
human,5
military,5
shoulder,5
emblem,5
loose,5
stand,5
precisely,5
pulled,5
such,5
possible,5
ball,5
taking,5
ambulance,5
letter,5
shut,5
ok,5
corner,5
dozen,5
large,5
moment,5
speed,5
shall,5
wounds,5
weapon,5
surprised,5
held,5
crash,5
arm,5
b,5
engines,5
cut,5
talking,5
walk,5
whispered,5
called,5
em,5
oil,5
crowd,5
weren,5
engine,5
having,5
yer,5
minute,5
carry,5
secret,5
caught,5
nose,5
melon,5
double,5
below,5
sharp,5
suddenly,5
yelling,5
f,5
second,5
sex,5
shook,5
lord,5
gotten,5
fire,5
name,5
brain,5
longer,5
appeared,5
afraid,5
pillows,5
honor,5
private,5
finish,5
load,5
band,5
hour,5
trip,5
hasn,5
gets,5
alert,5
story,5
isn,5
fuck,5
team,5
obstacle,5
lightning,5
dead,5
remains,5
squadron,5
thinking,5
word,5
ranch,5
report,5
sofa,5
enemy,5
making,5
passed,5
leaving,5
problem,5
voice,5
both,5
peace,5
easy,5
tried,5
colonel,5
years,5
boy,5
enclosure,5
fine,5
hills,5
dark,5
doing,5
final,4
ammo,4
punch,4
personnel,4
college,4
loadmaster,4
minutes,4
syringe,4
total,4
women,4
sit,4
problems,4
beautiful,4
stretch,4
seems,4
dow,4
okay,4
loader,4
route,4
broken,4
blown,4
able,4
closer,4
state,4
raised,4
backed,4
dancing,4
opened,4
marked,4
music,4
world,4
piss,4
information,4
bottom,4
sign,4
cowlick,4
fracture,4
passengers,4
silent,4
doctor,4
brother,4
jr,4
quarterback,4
chintz,4
rank,4
bay,4
third,4
boxes,4
poor,4
polyethylene,4
main,4
sort,4
myself,4
priority,4
eight,4
rattlers,4
space,4
smiled,4
march,4
slowly,4
show,4
beyond,4
yes,4
care,4
found,4
strength,4
attack,4
hawaii,4
groin,4
mesquite,4
dope,4
stiffened,4
wide,4
shape,4
keeping,4
cord,4
unless,4
reserve,4
warehouse,4
indianapolis,4
faint,4
officers,4
zone,4
call,4
horizon,4
lips,4
tracheotomy,4
guard,4
pick,4
start,4
giant,4
anger,4
box,4
order,4
clothes,4
hole,4
heart,4
driving,4
strap,4
dust,4
cool,4
brought,4
hopkins,4
usual,4
telling,4
managed,4
chaplain,4
battle,4
business,4
communist,4
letters,4
laughed,4
nearly,4
sick,4
recognized,4
fear,4
orders,4
rabbits,4
dummies,4
shock,4
these,4
latrine,4
spic,4
knowing,4
flat,4
sky,4
idea,4
boots,4
break,4
golden,4
drove,4
dance,4
ahead,4
perhaps,4
teeth,4
books,4
remove,4
aircraft,4
stuck,4
hundred,4
peacemakers,4
onto,4
knock,4
ust,4
pack,4
worry,4
fountain,4
brass,4
radar,4
mexico,4
kept,4
special,4
drums,4
working,4
incoming,4
attention,4
send,4
initials,4
checked,4
george,4
usually,4
naturally,4
worse,4
mother,4
months,4
itself,4
figured,4
control,4
lying,4
yeah,4
bird,4
fucking,4
person,4
burns,4
rose,4
crap,4
gestures,4
police,4
beer,4
giving,4
wires,4
goddamn,4
sat,4
ended,4
shift,4
civilian,4
strong,4
among,4
showed,4
mostly,3
page,3
medics,3
common,3
car,3
grinning,3
flipped,3
pull,3
ready,3
e,3
jungle,3
center,3
shoulders,3
locked,3
crate,3
alive,3
mexican,3
completely,3
easily,3
rear,3
fixed,3
ohh,3
various,3
round,3
wieboldt,3
tear,3
strip,3
wind,3
warm,3
simple,3
counter,3
pressed,3
government,3
spray,3
nevertheless,3
uniforms,3
miles,3
classified,3
wings,3
refuse,3
within,3
empty,3
hell,3
bayonet,3
task,3
golf,3
drink,3
wheel,3
prior,3
realize,3
cockpit,3
drive,3
fatness,3
dirty,3
writing,3
split,3
winning,3
kicked,3
speak,3
movie,3
ease,3
decided,3
bone,3
insisted,3
hat,3
stride,3
clay,3
nor,3
concrete,3
died,3
heavy,3
flap,3
maw,3
truck,3
delivered,3
master,3
operation,3
observers,3
bring,3
biggest,3
struggling,3
active,3
goes,3
talk,3
leave,3
vans,3
enlisted,3
support,3
watching,3
porthole,3
funeral,3
cause,3
house,3
landing,3
upper,3
frozen,3
officer,3
pajamas,3
article,3
aptitude,3
hot,3
disappeared,3
opening,3
remembered,3
grabbed,3
fbi,3
entered,3
p,3
effort,3
ocean,3
booksreader,3
burst,3
gettin,3
none,3
wants,3
chinese,3
silence,3
hall,3
teacher,3
cannot,3
meet,3
buggies,3
troops,3
rubber,3
feminine,3
directly,3
hung,3
maneuvers,3
clean,3
pompillo,3
pocket,3
fence,3
reveille,3
older,3
pyramid,3
carbine,3
point,3
dog,3
forces,3
somewhere,3
cry,3
dusk,3
couple,3
shoved,3
miss,3
weeks,3
neck,3
least,3
level,3
fork,3
buildings,3
wished,3
panel,3
straight,3
amphibious,3
heat,3
moustache,3
bridge,3
bowed,3
temporary,3
disaster,3
denotes,3
seeds,3
en,3
filling,3
basement,3
mouths,3
ee,3
yelled,3
waiting,3
avoid,3
nations,3
inspection,3
grid,3
matter,3
relax,3
short,3
play,3
cops,3
ten,3
ears,3
bill,3
microphone,3
pilots,3
foot,3
rain,3
orange,3
damn,3
knocked,3
floor,3
identification,3
baby,3
act,3
street,3
rather,3
touchdown,3
others,3
flowers,3
powder,3
lieutenant,3
walked,3
feather,3
pacific,3
personal,3
stop,3
dostoyevsky,3
jump,3
roof,3
kick,3
sweat,3
road,3
paunch,3
lookin,3
marched,3
answer,3
containers,3
tiny,3
wrapped,3
check,3
treated,3
evacuation,3
coffin,3
stuttering,3
waste,3
station,3
sword,3
perishables,3
disposable,3
trade,3
low,3
perimeter,3
hurt,3
soldiers,3
firecrackers,3
dry,3
lose,3
accused,3
lift,3
carbines,3
looks,3
slightly,3
save,3
stick,3
cigarettes,3
spent,3
bang,3
brave,3
rope,3
assigned,3
flesh,3
glass,3
today,3
education,3
continued,3
bars,3
figure,3
program,3
honeybucket,3
nameplate,3
receives,3
life,3
parade,3
extra,3
kill,3
quite,3
fall,3
earthquake,3
sound,3
seat,3
rises,3
wheeled,3
burned,3
graphs,3
comes,3
series,3
russians,3
form,3
staggered,3
offered,3
besides,3
equipment,3
bright,3
freighter,3
interrupted,3
seem,3
stupid,3
squinting,3
particularly,3
basket,3
type,3
drop,3
heads,3
anymore,3
frisco,3
ankle,3
listen,3
dickstring,3
sleeping,3
noticed,3
conveyor,3
aren,3
sentry,3
garbage,3
middle,3
trees,3
transport,3
sea,3
destination,3
steel,3
citations,3
duffel,3
pine,3
carefully,3
recording,3
difference,3
regular,3
area,3
headlights,3
tags,3
ceiling,3
russia,3
headed,3
reached,3
entire,3
immediately,3
willing,3
digest,3
whistle,3
close,3
row,3
canned,2
thickened,2
greens,2
difficult,2
ending,2
void,2
zero,2
personally,2
feces,2
ticker,2
hellcat,2
scrubbed,2
jet,2
trained,2
librarian,2
arrive,2
busy,2
semi,2
starts,2
pushed,2
changed,2
sighed,2
helicopter,2
erect,2
replaced,2
star,2
sucked,2
fed,2
properly,2
nothin,2
picked,2
units,2
sets,2
federal,2
h,2
thinks,2
blows,2
nerve,2
grove,2
fuckoff,2
bubble,2
cadence,2
history,2
obstacles,2
become,2
arrived,2
track,2
honeybuckets,2
shot,2
experience,2
lower,2
cabin,2
motherfucker,2
fingered,2
test,2
motioned,2
pink,2
certainly,2
drugs,2
polished,2
scientific,2
handle,2
rate,2
colors,2
rush,2
secretary,2
anywhere,2
socks,2
weekend,2
ourselves,2
joke,2
cent,2
wingtip,2
poison,2
grandstand,2
kerosene,2
spider,2
available,2
passenger,2
packed,2
twenty,2
accompanied,2
momentum,2
wave,2
blind,2
producing,2
senses,2
epileptics,2
loud,2
skirts,2
quarter,2
victory,2
tailgate,2
pillow,2
dime,2
date,2
stayed,2
staff,2
roster,2
blimp,2
mail,2
sheet,2
slicked,2
wait,2
power,2
intersection,2
cherry,2
tonight,2
stew,2
issue,2
takes,2
killer,2
thrown,2
u,2
triangle,2
shroud,2
deal,2
football,2
fighter,2
watched,2
pockets,2
strode,2
approx,2
pretend,2
reaching,2
measures,2
patient,2
calmed,2
west,2
belly,2
morale,2
household,2
mountains,2
representing,2
totally,2
flashlights,2
eroded,2
sand,2
tied,2
cheese,2
signal,2
exposed,2
learned,2
folded,2
million,2
secreting,2
stapler,2
fun,2
explained,2
wordless,2
quality,2
whore,2
calculated,2
surrounded,2
g,2
reminded,2
informant,2
interest,2
machines,2
mines,2
towers,2
application,2
shipped,2
luggage,2
creased,2
hookers,2
pay,2
cruising,2
stained,2
expected,2
tape,2
shrugged,2
hate,2
symptoms,2
pak,2
seeing,2
blank,2
pride,2
polo,2
curses,2
ricky,2
infantrymen,2
drooping,2
regulations,2
professionally,2
jerking,2
babies,2
cocksucker,2
glad,2
promised,2
weapons,2
blouse,2
rind,2
wishes,2
whose,2
german,2
leaping,2
stock,2
blew,2
card,2
homo,2
phantom,2
priest,2
watch,2
gown,2
flown,2
gum,2
breast,2
fuselage,2
presentation,2
parents,2
requisite,2
push,2
mortar,2
concussion,2
mile,2
whether,2
nipples,2
ratchet,2
tree,2
distant,2
topmost,2
asses,2
disgorging,2
torso,2
moves,2
stairwell,2
mrs,2
sitting,2
affect,2
possibly,2
river,2
repeated,2
yellow,2
lacerations,2
bunch,2
section,2
skinny,2
placed,2
surgery,2
profile,2
buddy,2
age,2
stationed,2
wire,2
flights,2
follow,2
followed,2
squinted,2
painted,2
squatting,2
dug,2
view,2
stands,2
hairy,2
thrust,2
friends,2
matching,2
disbelief,2
pounds,2
complications,2
location,2
stroke,2
entering,2
color,2
climbed,2
alloy,2
pass,2
arched,2
hazard,2
emerge,2
cables,2
glanced,2
camouflaged,2
flying,2
fuel,2
term,2
lead,2
softly,2
further,2
pure,2
welcome,2
bag,2
displayed,2
tight,2
smiling,2
lethal,2
nodding,2
hurting,2
uster,2
otherwise,2
survivor,2
however,2
doesn,2
taught,2
flicked,2
athletes,2
guns,2
drain,2
governing,2
sawdust,2
coursed,2
relief,2
closed,2
pointed,2
suppose,2
hydraulic,2
rocks,2
motorcycle,2
hang,2
carries,2
nine,2
bows,2
tle,2
purpose,2
stacked,2
moons,2
crawling,2
fairy,2
roll,2
genuine,2
island,2
during,2
combo,2
mattress,2
runs,2
perishable,2
saved,2
transported,2
halfway,2
afb,2
piles,2
queer,2
forgive,2
burden,2
beige,2
lungs,2
clearance,2
earth,2
cage,2
tough,2
hut,2
stool,2
brush,2
hustlers,2
talked,2
delivery,2
mound,2
walnuts,2
bank,2
family,2
intervals,2
crescent,2
stare,2
spanish,2
transfer,2
breaking,2
gene,2
urine,2
barely,2
st,2
unload,2
resistance,2
using,2
city,2
notice,2
beaches,2
slept,2
blame,2
gross,2
rest,2
forefinger,2
faking,2
chick,2
contender,2
portion,2
sleeper,2
film,2
indicated,2
stared,2
saluted,2
quonset,2
action,2
sunday,2
wrote,2
hide,2
raining,2
forearm,2
fruit,2
female,2
suburban,2
whatever,2
darkness,2
revolving,2
landed,2
ice,2
sending,2
pisser,2
jesus,2
bronzen,2
hold,2
cooler,2
buses,2
permanent,2
parked,2
happened,2
serve,2
ring,2
liberator,2
mobile,2
fifth,2
ne,2
neither,2
ahh,2
earned,2
apron,2
standing,2
thousand,2
barrel,2
skin,2
upright,2
largest,2
breeze,2
illustrated,2
bar,2
rip,2
country,2
happening,2
fill,2
party,2
disposition,2
strike,2
christ,2
cable,2
lucky,2
brightly,2
tailoring,2
destroy,2
dearest,2
seconds,2
ashamed,2
strapped,2
extended,2
pouch,2
angry,2
splayed,2
gray,2
heels,2
yerself,2
documents,2
papers,2
cup,2
stuff,2
v,2
emitting,2
handed,2
covered,2
model,2
bra,2
less,2
bolt,2
forth,2
raindrop,2
necessary,2
deep,2
taxi,2
decorations,2
flooring,2
chair,2
helmet,2
stalked,2
degree,2
imagine,2
demonstrated,2
arch,2
certain,2
explanation,2
rampmen,2
formal,2
herself,2
solemn,2
wore,2
louis,2
wonder,2
wound,2
pleasure,2
paramedical,2
stay,2
diagnosed,2
office,2
fold,2
chow,2
clearing,2
hips,2
doctors,2
leaned,2
evening,2
threw,2
brakes,2
spread,2
stockade,2
floated,2
mount,2
mountain,2
anybody,2
pipe,2
queen,2
firm,2
je,2
systems,2
often,2
soaked,2
sight,2
electric,2
offensive,2
haven,2
waving,2
eating,2
chicken,2
specialty,2
organ,2
visit,2
alaska,2
trails,2
simpler,2
tests,2
spiral,2
lip,2
procedures,2
scared,2
slung,2
waves,2
tailed,2
science,2
relieved,2
hill,2
begin,2
randomly,2
wing,2
plastic,2
army,2
umbrella,2
trucks,2
excited,2
scream,2
howitzer,2
sharply,2
sunrise,2
responsible,2
stargess,2
table,2
fields,2
crates,2
sweetness,2
gathered,2
sandy,2
mud,2
hypo,2
meant,2
increased,2
woke,2
shadow,2
ioo,2
practice,2
terrible,2
calling,2
furthest,2
mentioned,2
throw,2
struck,2
drawled,2
escort,2
hiss,2
pissed,2
ruxton,2
parted,2
shaves,2
command,2
creases,2
column,2
sunglasses,2
cover,2
quickly,2
bucks,2
shipment,2
grin,2
different,2
bless,2
board,2
believe,2
unloading,2
protect,2
coconuts,2
eventually,2
korea,2
cowboy,2
trailing,2
thigh,2
burying,2
instant,2
cleared,2
ditch,2
blowing,2
game,2
quiet,2
girders,2
automatically,2
exposing,2
yesterday,2
discharge,2
sprint,2
circles,2
shaking,2
pulper,2
tow,2
rising,2
resent,2
thirty,2
covers,2
crotch,2
afterburner,2
leatherette,2
soldered,2
coiling,2
loved,2
egg,2
lipstick,2
limbs,2
casualties,2
sarge,2
dusty,2
fighters,2
maturing,2
oxygen,2
taut,2
tracers,2
soldier,2
proudly,2
viscous,2
circumstances,2
wrestle,2
ma,2
bug,2
mothers,2
role,2
uh,2
buy,2
die,2
lies,2
puzzled,2
step,2
everywhere,2
sheets,2
issued,2
graduation,2
comprised,2
underthings,2
limp,2
strung,2
question,2
murmured,2
vets,2
canvas,2
commercial,2
fairfax,2
touch,2
negro,2
sweating,2
interested,2
coated,2
clubs,2
frame,2
aware,2
reversed,2
wish,2
wrinkled,2
efficient,2
eggs,2
snaps,2
surgical,2
sports,2
effects,2
snapped,2
walking,2
recalled,2
tanks,2
fours,2
written,2
apart,2
removed,2
rifles,2
nylon,2
defunct,2
needle,2
slid,2
puts,2
shaving,2
moulages,2
minds,2
passes,2
recent,2
cross,2
building,2
built,2
increase,2
desultorily,2
awards,2
heavily,1
ammunition,1
ribbon,1
coil,1
horror,1
trick,1
armpits,1
ripped,1
knee,1
housing,1
hauled,1
awake,1
pustule,1
blinds,1
triple,1
tubs,1
admonished,1
wvars,1
beenie,1
stu,1
slap,1
motion,1
sops,1
important,1
popsicles,1
cleanse,1
benches,1
concerned,1
obey,1
estate,1
armadillos,1
tion,1
names,1
korean,1
oie,1
gentler,1
showdown,1
designated,1
created,1
turning,1
harleys,1
thoughtfully,1
winds,1
reformed,1
butterscotch,1
unbolted,1
danced,1
entrails,1
resulted,1
sagged,1
windowless,1
congressman,1
loaders,1
instinctively,1
hassled,1
prefab,1
fences,1
ruffled,1
swiftly,1
slabbed,1
jeeps,1
curved,1
diagnose,1
considerably,1
sweatstreaked,1
tin,1
chromium,1
appear,1
tassels,1
rec,1
grotesque,1
disc,1
slouched,1
passing,1
connect,1
speakers,1
patio,1
stripped,1
trench,1
kinder,1
confidence,1
hurry,1
alongside,1
denied,1
spine,1
patches,1
laterally,1
bruises,1
awed,1
certificates,1
identify,1
collapsing,1
anchor,1
bouquet,1
cars,1
formed,1
rock,1
picking,1
operetta,1
helmets,1
prince,1
solemnly,1
slack,1
straightening,1
maam,1
scribing,1
reopen,1
rejoicing,1
crowed,1
graders,1
diffidently,1
johns,1
sausages,1
outline,1
club,1
studies,1
checking,1
cubes,1
adenoids,1
han,1
genius,1
park,1
io,1
hip,1
vhatdya,1
flings,1
weaker,1
decade,1
lawns,1
child,1
overlook,1
trace,1
lookit,1
semester,1
backs,1
satiny,1
bookcase,1
loitering,1
starboard,1
guarding,1
headset,1
ltey,1
character,1
boulevard,1
handiwork,1
burn,1
lightly,1
canteen,1
individually,1
tells,1
niggers,1
explodes,1
sr,1
disengaged,1
dig,1
accent,1
ferret,1
smile,1
dilating,1
piratical,1
waist,1
martyrs,1
nice,1
seersucker,1
rangers,1
groins,1
strikes,1
geist,1
materials,1
sermon,1
abated,1
membrane,1
cathetered,1
spit,1
laceration,1
ud,1
metallic,1
joe,1
rollers,1
file,1
alligator,1
bum,1
daughter,1
incomplete,1
snorts,1
centimeter,1
victorious,1
repax,1
query,1
hugo,1
plumes,1
beneficial,1
hatbox,1
kneecaps,1
logistical,1
raid,1
please,1
sacrifice,1
acres,1
tips,1
container,1
hawked,1
creation,1
roman,1
press,1
crews,1
tighten,1
exaggerated,1
chevrolet,1
ii,1
steady,1
linger,1
mothafuckers,1
hypos,1
unharmed,1
feeling,1
mockups,1
musical,1
uwth,1
gamely,1
attempt,1
whoop,1
gold,1
sirens,1
niggertown,1
actual,1
promoting,1
chili,1
absurd,1
chock,1
toilet,1
tolerated,1
electrically,1
advanced,1
pendulum,1
overnight,1
acquainting,1
dental,1
toddler,1
mob,1
laughter,1
confirmed,1
sltiglike,1
liqueur,1
clicked,1
immense,1
reach,1
spirals,1
copy,1
goodbye,1
usit,1
tradition,1
skills,1
sidewinding,1
accommodate,1
jerk,1
liquids,1
fist,1
limb,1
confusion,1
proficiency,1
monitor,1
compounds,1
thunderstorm,1
splintered,1
imaginary,1
chevy,1
disgust,1
enrolled,1
carrying,1
assembled,1
lightness,1
murmurs,1
ploesti,1
verbal,1
transferred,1
aloud,1
mole,1
thumbs,1
compartment,1
reveal,1
toes,1
boondocks,1
uncovered,1
potentate,1
begun,1
slots,1
loves,1
mamas,1
jumped,1
folks,1
roosevelt,1
fresh,1
punched,1
salary,1
tossing,1
vegetation,1
lunches,1
cream,1
separated,1
skull,1
defused,1
dropping,1
uppercutting,1
solicited,1
gullies,1
containment,1
pale,1
trooper,1
bonewhite,1
poontang,1
platforms,1
briefing,1
regiment,1
scenario,1
resents,1
letting,1
item,1
grad,1
soot,1
fluorescents,1
eyeballs,1
hostility,1
guards,1
cargoes,1
dissolved,1
confused,1
magazine,1
shoes,1
venereal,1
napspots,1
el,1
marinates,1
circuits,1
stretcher,1
nature,1
ad,1
triggered,1
followers,1
magazines,1
miniature,1
pupils,1
slip,1
swiveled,1
gap,1
topheavy,1
occasional,1
backlog,1
filth,1
civics,1
catheter,1
joes,1
thlan,1
heaped,1
stuffed,1
abbreviated,1
quezon,1
superbowl,1
plume,1
aluminum,1
seven,1
sawtooth,1
merits,1
catching,1
gj,1
dying,1
stragglers,1
stretched,1
stanchion,1
key,1
king,1
walks,1
nukes,1
encumbrage,1
wrapping,1
money,1
beard,1
crawled,1
primary,1
bases,1
fakes,1
moan,1
puffins,1
bombardier,1
tubular,1
bullshit,1
electrocardiogram,1
unconmfortable,1
victims,1
bloated,1
addresses,1
scaling,1
smokes,1
reactivated,1
installed,1
northeast,1
foreshortened,1
windows,1
announced,1
italian,1
capable,1
recommended,1
hurdling,1
strobe,1
relishing,1
concentrating,1
activity,1
condition,1
tracing,1
blackened,1
burning,1
tongue,1
herded,1
mysteriously,1
feed,1
strapless,1
functions,1
wingspan,1
impacted,1
hernmorage,1
plunges,1
fogs,1
dinner,1
vital,1
crossed,1
professor,1
obliges,1
hairless,1
mental,1
likely,1
derelicts,1
supply,1
x,1
propeller,1
forearms,1
reminding,1
dribbled,1
atchette,1
ecorded,1
quantity,1
painfully,1
redundantly,1
fluorescence,1
braid,1
chart,1
hyperextension,1
squawks,1
watta,1
noisy,1
buzz,1
flannelette,1
indigo,1
prosecution,1
cursing,1
chronic,1
inversion,1
unhappy,1
frenzy,1
crumples,1
skipped,1
machinegunner,1
swung,1
furnishings,1
deserted,1
beckoning,1
foxhouse,1
removes,1
endureth,1
crackled,1
dawned,1
lockheed,1
behavior,1
expedited,1
monday,1
guilty,1
tons,1
usage,1
manuscript,1
complained,1
victim,1
extinct,1
conflict,1
mistake,1
ends,1
kraut,1
commenced,1
pressurization,1
insulted,1
fetid,1
pools,1
shapeless,1
newv,1
punctured,1
infirmities,1
personalities,1
outta,1
married,1
radios,1
widened,1
jaws,1
gut,1
announce,1
sweeping,1
loads,1
hateful,1
wheels,1
tonnage,1
taipei,1
undistinguishable,1
proceeded,1
blades,1
reverse,1
reassignment,1
walnut,1
dildo,1
accompany,1
apprenticeship,1
blast,1
definitely,1
brandishing,1
chef,1
conductor,1
faced,1
alternately,1
restraining,1
due,1
interior,1
demanded,1
raving,1
tables,1
sediment,1
immaculate,1
magic,1
neighbors,1
spinning,1
intact,1
kicks,1
mumbled,1
mutiny,1
gaining,1
collapsed,1
forgotten,1
lady,1
chromed,1
ability,1
sickly,1
mixed,1
relations,1
hid,1
bowl,1
thinned,1
enjoying,1
excerpted,1
taps,1
serums,1
fitch,1
lapels,1
price,1
gpatek,1
apricot,1
supplies,1
pig,1
clumsily,1
typing,1
penknife,1
balking,1
knotv,1
topic,1
slugs,1
quadruple,1
arching,1
mild,1
thank,1
candy,1
strategic,1
padded,1
mitsubitsi,1
squads,1
exhausted,1
sorrowing,1
kittens,1
sleeve,1
pelvis,1
remembering,1
inserted,1
trouser,1
slapped,1
places,1
tricot,1
balls,1
severed,1
masterv,1
pajamaed,1
traversed,1
serving,1
cementblock,1
houses,1
weakness,1
bobbing,1
dates,1
minus,1
compared,1
stuffings,1
continuous,1
fucky,1
peremptorily,1
mimeographed,1
mudflats,1
murmuring,1
mechanical,1
compare,1
warned,1
cal,1
flip,1
bloodless,1
sax,1
drawn,1
terrace,1
student,1
wanna,1
canyons,1
rufus,1
flung,1
continental,1
corrected,1
practically,1
dear,1
gaze,1
crummy,1
roaring,1
border,1
wet,1
cloud,1
shunted,1
fanning,1
ceases,1
varsity,1
jacked,1
understood,1
jumpin,1
pallet,1
dumber,1
doublebreasted,1
moccasin,1
tissue,1
sisters,1
according,1
drawls,1
shave,1
mortician,1
feign,1
jerkoffs,1
somethere,1
erotic,1
complexions,1
blessing,1
vibrating,1
grasp,1
mig,1
perfect,1
newer,1
eucalyptus,1
washout,1
impossible,1
employ,1
drained,1
committed,1
handles,1
atolls,1
surprisingly,1
appointment,1
offices,1
sweets,1
ducked,1
armorplate,1
jowly,1
admitted,1
whipped,1
interesting,1
simultaneously,1
fort,1
skyscrapers,1
perforating,1
springs,1
sue,1
slowed,1
alleged,1
whistled,1
folder,1
york,1
gouged,1
machinegun,1
whining,1
midday,1
wife,1
bulkhead,1
altogether,1
russian,1
rattlesnake,1
upturned,1
privilege,1
testimony,1
kitchenware,1
orison,1
deflated,1
camp,1
thirsty,1
shredding,1
gangrene,1
dispersement,1
canopy,1
inthere,1
sentences,1
predictably,1
bombers,1
interpretation,1
spill,1
remnants,1
unmoved,1
rack,1
buckle,1
basic,1
trunks,1
resident,1
borrowing,1
af,1
radius,1
hitch,1
vestige,1
stunned,1
proud,1
process,1
stranger,1
nap,1
driver,1
taller,1
rescue,1
slipped,1
proportion,1
sensed,1
appears,1
swerved,1
similar,1
expelled,1
talks,1
brand,1
puzzle,1
dancers,1
pointing,1
strange,1
ache,1
serial,1
deviant,1
triggerless,1
witness,1
vaulting,1
matched,1
leaves,1
creek,1
salesgirls,1
lacking,1
inn,1
bosom,1
burro,1
echoed,1
begrudge,1
accident,1
practicing,1
glided,1
consequences,1
polite,1
bounce,1
aflected,1
supposed,1
consistency,1
gathering,1
medal,1
shell,1
afterthoughts,1
cab,1
promise,1
eighteen,1
distended,1
empires,1
injury,1
wagon,1
maryland,1
elements,1
awash,1
parentheses,1
win,1
runners,1
shuffled,1
crossword,1
proving,1
league,1
coiled,1
nostrils,1
praise,1
manketo,1
sqd,1
university,1
skeleton,1
guitar,1
wrists,1
foothills,1
objects,1
nightgown,1
peacequiff,1
statistical,1
exhaustion,1
literary,1
turds,1
beaded,1
contentedly,1
heelbeat,1
clockwise,1
stumps,1
osaka,1
reprimand,1
clearly,1
technology,1
candor,1
handled,1
shin,1
invite,1
edition,1
days,1
coughing,1
crated,1
urinals,1
impact,1
traces,1
retracked,1
exhaling,1
strangely,1
shrapnel,1
argued,1
facsimile,1
quarters,1
w,1
nowadays,1
menu,1
textbook,1
orientation,1
jars,1
pushpills,1
vapor,1
fashioned,1
horizontally,1
collarbone,1
filed,1
store,1
tijuana,1
additional,1
calcium,1
yells,1
pumping,1
stripping,1
reliefer,1
wondering,1
requested,1
bataan,1
spur,1
psi,1
isolation,1
cotton,1
credentials,1
facing,1
polyp,1
spiritual,1
evaluation,1
cost,1
putting,1
ceremony,1
ventilation,1
willfully,1
beat,1
spins,1
unbound,1
forehead,1
instance,1
oozed,1
abreathin,1
angrily,1
hoppin,1
answers,1
brim,1
vastness,1
greenstick,1
pilate,1
coon,1
jeep,1
wearing,1
imminent,1
helped,1
shields,1
verlaine,1
mowing,1
interval,1
contrary,1
courtly,1
opinion,1
pity,1
providing,1
sterility,1
humility,1
ancient,1
drawing,1
dolly,1
bouncing,1
custodian,1
hope,1
brilliantined,1
union,1
odd,1
commercials,1
greater,1
dentist,1
contestion,1
standards,1
rodeo,1
powerful,1
sergeants,1
buenas,1
sooner,1
someone,1
vhen,1
petrified,1
bearing,1
haggard,1
portable,1
harder,1
plumb,1
medicine,1
method,1
tropical,1
ribbons,1
search,1
kilt,1
shaven,1
pitcher,1
slammed,1
splinting,1
toe,1
recite,1
stringy,1
cylinder,1
morei,1
steaming,1
nightfightin,1
faded,1
tucker,1
saluting,1
fainting,1
stashed,1
banked,1
mistakenly,1
carnage,1
margin,1
toxic,1
temperature,1
outa,1
stagger,1
noting,1
chipper,1
dowvn,1
playhouse,1
forcep,1
waived,1
eat,1
complete,1
sombrero,1
shield,1
tires,1
cleave,1
struggles,1
cried,1
suits,1
whitney,1
respectfully,1
refueling,1
gnatencrusted,1
doubled,1
dent,1
yorker,1
afternoon,1
mnerriment,1
mist,1
ranking,1
hamburger,1
furthermore,1
eased,1
noches,1
retires,1
blow,1
squadrons,1
paler,1
cremated,1
reviews,1
grunt,1
weaklings,1
shack,1
preceding,1
sticklers,1
entertainment,1
bore,1
treat,1
singing,1
discs,1
spout,1
produced,1
inches,1
wpm,1
join,1
litany,1
priorities,1
lung,1
mounted,1
twould,1
defiles,1
excellent,1
younger,1
wresting,1
hilarity,1
baltimore,1
fish,1
iso,1
whoosh,1
ford,1
overalls,1
chips,1
aspirins,1
perform,1
breathing,1
kit,1
saving,1
guarantee,1
delays,1
approached,1
facilities,1
melons,1
immobilizes,1
chapped,1
monastatos,1
announcer,1
pinball,1
negotiated,1
graciously,1
slathering,1
snapping,1
cumulus,1
bluffs,1
stations,1
suspended,1
sparse,1
reseated,1
briefly,1
receive,1
expensive,1
grit,1
bother,1
boot,1
torn,1
postmark,1
thumb,1
specifically,1
lounging,1
trough,1
loudspeakers,1
spades,1
creaming,1
differ,1
ladders,1
finished,1
spheres,1
basis,1
crushed,1
kg,1
r,1
clipboard,1
vomiting,1
y,1
filthy,1
rained,1
decontaminafion,1
obesit,1
imme,1
rum,1
kits,1
shouldered,1
blinding,1
revelations,1
teletypes,1
lunges,1
fater,1
stiff,1
blinking,1
admired,1
takin,1
protected,1
fluttering,1
prominent,1
tapered,1
fired,1
psychological,1
attache,1
insubordination,1
townspeople,1
drew,1
sprouting,1
steers,1
injection,1
competing,1
example,1
civil,1
coolness,1
apparent,1
disappointing,1
cob,1
related,1
feelin,1
enter,1
lays,1
irish,1
insuperable,1
fred,1
spiraling,1
sift,1
early,1
terrific,1
bongos,1
year,1
worldgirdling,1
designate,1
mexicans,1
quadrant,1
describe,1
mandatory,1
splitting,1
peacemaker,1
nervously,1
sweaters,1
patch,1
automated,1
records,1
pero,1
blade,1
concentrate,1
punctuating,1
spaniels,1
gore,1
drugstore,1
guam,1
winter,1
staid,1
binding,1
bladder,1
preposterously,1
feigned,1
phalanx,1
unagilely,1
forwardmost,1
diaphanous,1
poe,1
outdoors,1
barrelrolled,1
ishing,1
gear,1
surrounding,1
newspaper,1
floors,1
riding,1
cat,1
stationary,1
buff,1
missions,1
shower,1
tears,1
paraphrase,1
fought,1
gaseous,1
sterling,1
muscle,1
relative,1
blinkering,1
airlines,1
drug,1
psychiatric,1
ofi,1
cherche,1
ampules,1
rivet,1
heritage,1
fragile,1
stripes,1
thread,1
swale,1
scheduled,1
oriental,1
tent,1
rumor,1
calmly,1
causal,1
ringed,1
looping,1
solution,1
computer,1
whorled,1
ist,1
whitehead,1
sense,1
rail,1
swathed,1
commonsensical,1
mackerelsnappers,1
fuzzy,1
sprawl,1
sheaf,1
wildly,1
newsreel,1
screams,1
excuse,1
glinting,1
lunch,1
poster,1
reverie,1
pinched,1
deliver,1
lousy,1
recorded,1
dangerous,1
noncoms,1
apparently,1
betting,1
atmosphere,1
event,1
sake,1
veteran,1
lender,1
scarlet,1
globemaster,1
dwell,1
wrist,1
teams,1
wink,1
iris,1
wisdom,1
accomplished,1
padlocked,1
unsmiling,1
bayonets,1
choose,1
stukas,1
leather,1
executed,1
grouse,1
jeer,1
unkempt,1
plunged,1
facility,1
malicious,1
horsing,1
ilyushins,1
feelings,1
shadows,1
schedules,1
goddess,1
twos,1
ancestors,1
cylinders,1
spitting,1
vaccines,1
lunger,1
connected,1
advancement,1
smites,1
amigos,1
da,1
delegated,1
fronted,1
wisely,1
division,1
ointment,1
pennant,1
clever,1
tracks,1
dough,1
seed,1
pursed,1
finishing,1
depresses,1
flares,1
limed,1
indentations,1
fortress,1
pays,1
jumps,1
slim,1
envelope,1
racking,1
pa,1
paid,1
inverted,1
dreaming,1
cardboard,1
pinked,1
appropriate,1
nut,1
chin,1
washer,1
skill,1
thunderhead,1
finds,1
miserable,1
massive,1
clutching,1
mausoleum,1
buddies,1
pope,1
boeings,1
cropped,1
slanted,1
spare,1
ini,1
appeal,1
survived,1
seats,1
south,1
blanket,1
eternal,1
calm,1
scored,1
became,1
heretofore,1
san,1
decoration,1
inflammable,1
unfocused,1
underground,1
ftickin,1
situation,1
gaptech,1
lawn,1
reduced,1
minor,1
warfare,1
pints,1
machinegunned,1
regained,1
variety,1
absence,1
paused,1
contact,1
curves,1
snatch,1
exhaust,1
relatively,1
steadily,1
crawl,1
cavernous,1
hump,1
mmor,1
effluorescent,1
bunker,1
wvere,1
cleft,1
religion,1
logically,1
carton,1
hysterical,1
deactivated,1
happy,1
didja,1
ascertained,1
collection,1
site,1
tinribboned,1
knowv,1
bite,1
coverup,1
seoul,1
glint,1
patted,1
guts,1
cleaved,1
appreciate,1
brief,1
diagnostic,1
gaping,1
inspections,1
terrified,1
exception,1
planks,1
perpetually,1
assurance,1
museum,1
glasses,1
nosir,1
breath,1
deafened,1
etc,1
fixture,1
salting,1
calves,1
convince,1
insignia,1
sagging,1
skittered,1
sloshing,1
presently,1
adze,1
surprise,1
orbit,1
woods,1
charm,1
railway,1
hanged,1
commui,1
incredibly,1
dumpy,1
drilled,1
squint,1
toss,1
outer,1
registered,1
paint,1
licked,1
sliderule,1
inseam,1
ugliest,1
jelloing,1
printing,1
catalina,1
winking,1
bread,1
stewardesses,1
kills,1
resilient,1
fighting,1
biological,1
label,1
pratfall,1
guide,1
sharpshooter,1
retchingbelow,1
twists,1
sputtered,1
barbwire,1
preserveth,1
cheap,1
simultaneous,1
hey,1
loaded,1
magnesium,1
inspecting,1
reel,1
trains,1
cellophane,1
victor,1
vegetables,1
emergencies,1
fair,1
crumpled,1
unfriendly,1
ery,1
alleys,1
wake,1
doe,1
swagger,1
marshes,1
rules,1
uns,1
theyll,1
solemnity,1
suspicious,1
tilted,1
yourselves,1
east,1
predecessor,1
ning,1
adenoidal,1
dcgs,1
goin,1
whispers,1
official,1
pharmacy,1
signaling,1
curled,1
socketwrench,1
logged,1
steak,1
wigs,1
slithered,1
aimlessly,1
forays,1
misses,1
ooh,1
victories,1
departure,1
falls,1
tits,1
awhirr,1
informal,1
stateside,1
assistance,1
illuminated,1
possuming,1
poetry,1
drafl,1
ranms,1
lamps,1
slot,1
infield,1
secrete,1
colored,1
glutinous,1
accelerated,1
pectorals,1
indian,1
natural,1
lighter,1
ornamental,1
shoeless,1
constellations,1
gary,1
kettle,1
yep,1
contains,1
qualified,1
reports,1
palms,1
couch,1
button,1
begins,1
dock,1
badge,1
handling,1
noted,1
savannah,1
aps,1
operations,1
rise,1
musclature,1
twin,1
wanter,1
stars,1
shattering,1
highschool,1
snap,1
fairly,1
propellers,1
milky,1
clipping,1
tenderloin,1
shyness,1
angel,1
cramp,1
agonies,1
cleaving,1
scarecrows,1
disappearing,1
mexicali,1
leader,1
successfully,1
tour,1
shuddering,1
comfortable,1
paul,1
suit,1
buttons,1
greasy,1
tupelovs,1
bulk,1
technique,1
confided,1
thunderbird,1
lumbers,1
nellus,1
mighty,1
height,1
toward,1
diesel,1
punish,1
approaching,1
pustulates,1
takeoffs,1
piled,1
sour,1
rocking,1
nearest,1
fireplug,1
translucent,1
exhilarated,1
sucking,1
ban,1
overload,1
redoubled,1
huh,1
disadvantageous,1
registration,1
finallv,1
joints,1
frankensteinian,1
marker,1
fore,1
pusan,1
forming,1
breakfast,1
treatment,1
pair,1
hesitantly,1
conduct,1
chocked,1
ambiguously,1
endless,1
temples,1
screamed,1
banal,1
tolerate,1
overhead,1
awakened,1
pressure,1
ought,1
vision,1
stoop,1
lint,1
sleepy,1
pinged,1
scar,1
skymasters,1
children,1
parting,1
clenched,1
turnpike,1
neckline,1
antonio,1
cycle,1
atomic,1
imperishable,1
fallen,1
drumming,1
personality,1
tugs,1
desire,1
caddy,1
covey,1
plasterin,1
mated,1
camera,1
arsenic,1
outgoing,1
patchwork,1
nuclear,1
pipelines,1
popsicle,1
discussed,1
squeezed,1
jagoffand,1
fixations,1
success,1
resuscitation,1
exzema,1
hearken,1
ruler,1
toppled,1
transit,1
forms,1
faricy,1
reasonable,1
drinking,1
consciously,1
adjacent,1
arisen,1
amocking,1
pacing,1
crack,1
earnestly,1
stalking,1
manner,1
pistol,1
supersonic,1
twine,1
branding,1
untapped,1
wraparound,1
timing,1
armed,1
rounded,1
coppery,1
shown,1
regithere,1
sleeves,1
macadam,1
sorry,1
notch,1
searchlights,1
launched,1
spoke,1
til,1
trouve,1
paired,1
hunched,1
chartreuse,1
norms,1
gait,1
slouching,1
losing,1
survival,1
indication,1
leapt,1
rounds,1
winks,1
crouched,1
district,1
croaked,1
packs,1
manage,1
streamers,1
dumb,1
wobbled,1
scurrying,1
bunked,1
laced,1
fastest,1
glistening,1
ladder,1
snazzy,1
thighs,1
monument,1
hovering,1
convoy,1
free,1
embroidered,1
shoot,1
fusilage,1
wrack,1
staring,1
ingot,1
slicing,1
recreational,1
queasy,1
remained,1
shaved,1
fight,1
shine,1
local,1
highway,1
kansas,1
taped,1
whiteness,1
shrugs,1
deafh,1
balance,1
ignored,1
anus,1
pacifist,1
casual,1
encounter,1
engirdling,1
discussion,1
numeral,1
sodapop,1
disease,1
grenades,1
worsening,1
vines,1
titties,1
fatman,1
directing,1
comprise,1
discovery,1
haircut,1
assembly,1
winners,1
true,1
inscription,1
capless,1
necklessly,1
recollect,1
decent,1
region,1
snakes,1
cruised,1
lanes,1
deliberately,1
including,1
killing,1
delicate,1
spotter,1
jes,1
sworn,1
enormous,1
vials,1
crush,1
judge,1
busted,1
squirming,1
samples,1
bugs,1
worship,1
boulders,1
beds,1
holocaust,1
crooked,1
lecture,1
cupped,1
hidden,1
ya,1
complement,1
looting,1
count,1
pedestals,1
nigger,1
aic,1
fissionable,1
licensed,1
oughta,1
web,1
factor,1
blocking,1
affects,1
shopping,1
shades,1
revving,1
prominently,1
net,1
conflicted,1
drawer,1
refresher,1
volunteered,1
launching,1
grip,1
eligible,1
swing,1
continue,1
baling,1
trust,1
national,1
verdure,1
intestines,1
stops,1
disdaining,1
hostil,1
helmetless,1
angles,1
fullback,1
faults,1
submits,1
hings,1
naps,1
specimen,1
flashbulbs,1
courtier,1
juicy,1
scanning,1
hideaways,1
gobs,1
hopelessly,1
arkansas,1
transformation,1
info,1
sabotage,1
stress,1
favorite,1
coke,1
spot,1
incident,1
peripheral,1
droop,1
unlucky,1
carnival,1
movies,1
chimp,1
tail,1
points,1
chocolate,1
educathere,1
maintenance,1
blankets,1
ankles,1
objection,1
norad,1
prevents,1
august,1
try,1
mah,1
pin,1
lifted,1
fused,1
airml,1
defense,1
gate,1
absently,1
compatriots,1
flicking,1
defensive,1
kerchief,1
allowed,1
fatal,1
trailer,1
caribbean,1
bandit,1
megaphone,1
tlere,1
period,1
fillmore,1
huts,1
satisfies,1
parts,1
winded,1
features,1
towheaded,1
protruding,1
farms,1
boggled,1
indisputable,1
static,1
sent,1
slacks,1
panels,1
aligned,1
rambled,1
probable,1
runways,1
drunk,1
conversation,1
grabs,1
tartan,1
greco,1
managerial,1
commandeering,1
pension,1
transcript,1
pills,1
browse,1
hangs,1
boxed,1
ap,1
exchange,1
quick,1
lighting,1
tolerant,1
bulge,1
faith,1
cock,1
psychotic,1
treads,1
honorary,1
saline,1
gravel,1
internal,1
pondering,1
profusely,1
satisfy,1
incapable,1
elaborate,1
barefoot,1
ribs,1
paleness,1
sutures,1
blisters,1
nerves,1
parochial,1
alcove,1
diagramming,1
diminishes,1
hits,1
fil,1
wise,1
clasped,1
ideograms,1
mainly,1
scissors,1
freshly,1
loused,1
amber,1
loudspoke,1
worries,1
chatter,1
unto,1
enjoyed,1
armor,1
enemies,1
learn,1
flattest,1
capitalism,1
tv,1
statue,1
relaxed,1
present,1
southwest,1
groovy,1
searchlight,1
northern,1
comedy,1
carriage,1
slide,1
swerving,1
patrol,1
elbowing,1
defiantly,1
grain,1
sanitizing,1
throat,1
hind,1
amateur,1
destruction,1
specialists,1
upside,1
sugar,1
ago,1
cliffs,1
gasps,1
troopers,1
taxiing,1
dresses,1
normal,1
sprinkler,1
dizzy,1
strobes,1
brown,1
handsomest,1
applies,1
infantryman,1
justice,1
beg,1
navel,1
anatomy,1
girlish,1
necks,1
tore,1
increasing,1
sweethearts,1
ooze,1
jowl,1
bells,1
factors,1
boards,1
civies,1
depth,1
clattering,1
lohn,1
asking,1
bolting,1
unknown,1
unstable,1
arriving,1
gorges,1
twelve,1
hacking,1
blowtorch,1
lo,1
signs,1
beading,1
respect,1
crashed,1
aid,1
gills,1
vinyl,1
shattered,1
aflame,1
lovers,1
raise,1
wandered,1
residual,1
moldy,1
wastes,1
meets,1
housewives,1
daubers,1
bold,1
assert,1
washed,1
holiday,1
democrat,1
fools,1
husband,1
authority,1
staples,1
gums,1
testing,1
locker,1
bound,1
breed,1
aunt,1
rough,1
instrumentation,1
globe,1
employment,1
excrement,1
select,1
screw,1
inside,1
injecting,1
resumed,1
male,1
holster,1
bags,1
sway,1
stepped,1
slow,1
psychiatrist,1
muck,1
spittle,1
directions,1
dispatch,1
howitzers,1
crept,1
echo,1
nickname,1
festival,1
fs,1
reinforcements,1
subi,1
balloon,1
luminosity,1
ozark,1
inscribe,1
chorused,1
tooth,1
banally,1
filtering,1
recognize,1
mottled,1
expert,1
indicate,1
length,1
acrosswind,1
weekends,1
demerits,1
articles,1
constipated,1
grinthere,1
americani,1
statistic,1
casually,1
slitted,1
grade,1
united,1
cockpits,1
neutrally,1
slogan,1
invisible,1
wheeler,1
surprising,1
littered,1
breasts,1
undramatic,1
forwarded,1
interview,1
shooting,1
dais,1
faintly,1
arbitrary,1
camellias,1
instances,1
ox,1
hoist,1
flail,1
telltale,1
screwing,1
burp,1
tuxedo,1
inch,1
interspersed,1
crowded,1
glare,1
grasping,1
navigator,1
inspectors,1
thinly,1
discarding,1
chests,1
beribboned,1
matters,1
recumbent,1
detail,1
bench,1
obliterating,1
thick,1
shucking,1
doubly,1
rainwear,1
ignited,1
share,1
bughouse,1
curious,1
drill,1
barrels,1
swallowed,1
fifteen,1
liked,1
coughed,1
coat,1
supervisor,1
panama,1
midnight,1
shittin,1
squeal,1
billows,1
trickling,1
yawped,1
chewing,1
hissed,1
hanging,1
phosphorescent,1
jeans,1
conclusion,1
knockkneed,1
putters,1
hardworking,1
shout,1
accordance,1
climbing,1
limpwristed,1
wardrobe,1
cannisters,1
forget,1
nervous,1
bravest,1
existence,1
bulging,1
disabilities,1
instructed,1
aquarium,1
oooth,1
slugged,1
advantage,1
pace,1
groaned,1
known,1
roping,1
shop,1
recognizable,1
saturday,1
pellet,1
bussed,1
knockwurst,1
disguise,1
perforated,1
spots,1
tenor,1
rainbows,1
dissipated,1
loving,1
hillbillies,1
patients,1
multiply,1
balletomane,1
wherever,1
couples,1
forty,1
asshole,1
crutches,1
excess,1
remedial,1
exploded,1
branches,1
whirlwind,1
performed,1
revealing,1
refueler,1
donation,1
glowing,1
message,1
promotion,1
soo,1
dairy,1
refused,1
principle,1
tendencies,1
drizzle,1
fault,1
masking,1
bangkok,1
ratlines,1
drooped,1
dawdle,1
hem,1
ignoring,1
sheep,1
pallets,1
lamp,1
relieve,1
stainless,1
extraction,1
hypochlorate,1
punching,1
setting,1
flew,1
lodestars,1
lagoon,1
withdrew,1
stack,1
ft,1
coulda,1
daub,1
restrictive,1
style,1
eligibility,1
slit,1
cyclone,1
gratis,1
bit,1
watermelons,1
comp,1
current,1
hopping,1
cooling,1
gurgling,1
prone,1
knots,1
manuals,1
cavity,1
starched,1
newman,1
stretching,1
chinlessness,1
flies,1
ops,1
stolid,1
picks,1
alloyed,1
underarm,1
perfectly,1
spattered,1
commuter,1
edible,1
screamns,1
audience,1
ink,1
discolored,1
splash,1
spat,1
goddamnit,1
sandwiches,1
bones,1
comprehension,1
jam,1
purplish,1
pictures,1
golfing,1
innumerable,1
putty,1
sleeps,1
abercrombie,1
bait,1
emerges,1
tunnels,1
merely,1
evident,1
latest,1
ballgame,1
animal,1
beginning,1
steps,1
quietly,1
sexual,1
firs,1
defend,1
knows,1
william,1
bizarre,1
requesting,1
defending,1
flashlight,1
bellies,1
pumped,1
ruins,1
attibuted,1
cycles,1
stubble,1
exploding,1
rockets,1
unbuckled,1
darmstadt,1
hating,1
rockies,1
xs,1
ion,1
pby,1
squashed,1
aft,1
ones,1
typewriter,1
induction,1
tailored,1
chickens,1
nauseated,1
somebodv,1
meeting,1
airmen,1
add,1
maintain,1
hoped,1
plaster,1
strearm,1
starfighter,1
daguerrotype,1
venetian,1
vigorously,1
helper,1
ceased,1
stain,1
calisthenics,1
heavier,1
medallion,1
bookreader,1
heaves,1
chevron,1
koolade,1
erogenous,1
beaten,1
stink,1
abruptly,1
hunch,1
installations,1
mama,1
birthday,1
advise,1
peekaboo,1
stacks,1
aeromedics,1
apartment,1
minimal,1
missed,1
shouldn,1
graceful,1
hushed,1
port,1
boiled,1
smartly,1
inhaling,1
periodicals,1
divining,1
proper,1
uniformed,1
boston,1
bought,1
grapeade,1
apparatus,1
policeman,1
owner,1
occasionally,1
son,1
ashtrays,1
wedge,1
kapok,1
mountaineer,1
furniture,1
pits,1
hunching,1
met,1
daughters,1
marlboros,1
forfeiting,1
winch,1
despite,1
overtake,1
pas,1
pre,1
winched,1
hometown,1
whopping,1
labyrinthine,1
buzzing,1
stairs,1
african,1
steamed,1
subject,1
traditional,1
straighten,1
heaving,1
enamelled,1
happens,1
vertically,1
flashing,1
sectional,1
strewn,1
wear,1
outbound,1
repeating,1
screen,1
frantically,1
shiver,1
gnarl,1
arguments,1
fists,1
clothing,1
appointed,1
fitness,1
zigzag,1
atom,1
pleasant,1
sling,1
multicolored,1
gain,1
snarled,1
wal,1
schedule,1
varied,1
gesture,1
vaguely,1
leap,1
bowels,1
lunging,1
hunchback,1
felled,1
heaviest,1
pray,1
mica,1
acoustics,1
atoll,1
wow,1
beside,1
iiouse,1
yell,1
ugly,1
clouds,1
models,1
teammate,1
breaks,1
signatory,1
cheer,1
unable,1
electronic,1
hormones,1
powers,1
disappear,1
explosives,1
average,1
unmarked,1
zones,1
initiated,1
stumbled,1
finding,1
priester,1
chocks,1
salacious,1
ushered,1
nope,1
butt,1
leashed,1
steam,1
opens,1
internally,1
jew,1
dusted,1
obliterated,1
charge,1
artificial,1
motives,1
tactical,1
flatfooted,1
electrician,1
serrated,1
dodged,1
operational,1
spillage,1
integrated,1
grabbing,1
unloaded,1
deferment,1
cooper,1
paratroops,1
usa,1
cadre,1
sadness,1
opposite,1
forbes,1
fooled,1
evidence,1
musta,1
files,1
provided,1
bunks,1
writhing,1
smaller,1
recruits,1
repack,1
undid,1
states,1
phone,1
packets,1
politicians,1
col,1
settling,1
piece,1
ways,1
hero,1
playing,1
derive,1
attempted,1
shivering,1
chairs,1
oversaw,1
chutneys,1
angled,1
fractured,1
bigger,1
oozing,1
sides,1
practiced,1
tipped,1
wobbling,1
cradling,1
siren,1
instincts,1
sakhalin,1
mobilized,1
lightup,1
observation,1
preferably,1
charles,1
swaying,1
dangled,1
news,1
emptied,1
wrestled,1
astonishment,1
stickler,1
effortlessly,1
ribbed,1
nineteen,1
colorful,1
harassed,1
tragic,1
disrespectful,1
mason,1
parka,1
rejection,1
charged,1
foggily,1
headl,1
gettysburg,1
chicago,1
kids,1
spats,1
aspirin,1
hilton,1
dampness,1
partial,1
damp,1
doubles,1
fears,1
bits,1
expresstway,1
grab,1
hops,1
valley,1
stockaded,1
cong,1
utah,1
atop,1
deafness,1
corn,1
abandoned,1
minibriefs,1
classics,1
bombed,1
duration,1
assuredly,1
corpse,1
prison,1
miracle,1
falcons,1
north,1
nation,1
nun,1
owners,1
tired,1
sos,1
crimson,1
pulling,1
untrained,1
flapping,1
rivulets,1
formulae,1
parlor,1
twa,1
indicating,1
bruised,1
transmissions,1
adios,1
destructive,1
jealous,1
stifled,1
shirtfronts,1
nests,1
grease,1
camouflage,1
deeper,1
fingerprints,1
asphalt,1
readers,1
welded,1
late,1
