WORDCOUNTS,WEIGHT
the,1181
of,639
and,503
in,455
to,431
is,360
a,303
that,290
it,273
he,211
his,188
not,145
be,133
we,127
as,124
s,120
for,119
but,112
which,112
with,111
gerald,100
are,100
love,99
birkin,96
by,95
i,89
lawrence,89
her,87
this,82
was,77
or,75
she,73
there,69
an,67
at,66
what,65
him,64
ursula,61
have,60
its,59
can,58
on,57
from,53
between,53
us,52
if,51
women,49
their,47
one,45
they,44
does,43
substance,43
had,42
gudrun,42
more,38
relationship,38
would,35
has,34
experience,33
two,33
into,32
symbol,32
t,31
no,31
rabbit,31
all,30
these,30
when,29
other,29
novel,29
said,28
chapter,27
because,27
do,27
them,27
sense,26
so,26
mr,26
must,26
our,26
way,25
constitutive,25
only,25
something,24
beyond,24
you,24
el,23
could,23
vivas,23
like,23
any,23
seo,23
find,22
grasp,22
scene,22
will,22
give,22
leavis,22
such,21
than,21
means,21
up,21
were,20
who,20
life,20
know,20
did,20
face,19
out,19
man,19
terms,19
form,19
question,19
first,18
how,18
may,17
failure,17
work,17
moon,16
account,16
kind,16
go,15
some,15
nor,15
even,15
reader,15
about,15
water,15
fact,15
full,15
significance,15
episode,15
complex,14
himself,14
marriage,14
without,14
cannot,14
whole,14
order,14
world,14
entitled,14
been,14
taken,13
nature,13
mind,13
important,13
also,13
manner,13
woman,13
made,13
conversation,13
want,13
meaning,12
those,12
make,12
process,12
mean,12
after,12
my,12
symbols,12
affair,12
knowledge,12
towards,12
creative,12
nothing,12
course,12
ing,12
itself,12
then,12
whether,12
mino,12
art,12
white,12
finally,12
although,12
now,11
later,11
before,11
book,11
takes,11
wanted,11
term,11
away,11
contrast,11
few,11
dramatic,11
am,11
matter,11
read,11
values,11
expression,11
high,11
grasped,10
told,10
tells,10
take,10
felt,10
union,10
found,10
own,10
poet,10
notice,10
light,10
law,10
time,10
sensual,10
why,10
ordinary,10
both,10
african,10
ways,9
long,9
last,9
con,9
point,9
say,9
very,9
turn,9
thing,9
poetry,9
informed,9
device,9
yet,9
again,9
really,9
see,9
clear,9
mare,9
me,9
here,9
works,9
mere,9
through,9
don,9
much,9
should,9
asked,9
else,8
might,8
together,8
simple,8
development,8
quality,8
back,8
young,8
shall,8
perfect,8
further,8
pure,8
fulfillment,8
wants,8
aspects,8
novels,8
norm,8
seemed,8
under,8
same,8
many,8
idea,8
men,8
answer,8
another,8
throws,8
language,8
eyes,8
looked,8
attention,8
fully,8
fear,8
over,8
down,8
merely,8
come,8
final,7
smile,7
creation,7
words,7
dramatically,7
desire,7
great,7
red,7
chapters,7
poem,7
sisters,7
erotic,7
affairs,7
knew,7
goes,7
understand,7
consider,7
clearly,7
too,7
most,7
p,7
let,7
having,7
place,7
saw,7
presented,7
night,7
power,7
critics,7
whatever,7
still,7
ask,7
cried,7
end,7
less,7
perhaps,7
gives,7
use,7
black,7
least,7
relation,7
lovers,7
seem,7
passage,7
while,7
off,7
early,7
little,7
re,7
strong,7
major,7
looking,7
done,6
mysteries,6
word,6
rence,6
round,6
seems,6
case,6
since,6
levels,6
ex,6
reason,6
critic,6
however,6
well,6
part,6
during,6
call,6
cat,6
disaster,6
always,6
value,6
synthesis,6
contrasted,6
object,6
chatterley,6
reference,6
makes,6
god,6
already,6
emotional,6
shattering,6
social,6
tries,6
abstract,6
ground,6
centre,6
couple,6
understanding,6
significant,6
strange,6
never,6
success,6
quite,6
following,6
connection,6
best,6
far,6
living,6
intention,6
given,6
drowning,6
soft,6
need,6
passages,6
among,6
phallic,5
winifred,5
alone,5
ultimate,5
constitutes,5
h,5
tween,5
sub,5
drama,5
incident,5
religion,5
stand,5
sacred,5
context,5
possible,5
authentic,5
component,5
against,5
lady,5
type,5
positive,5
spite,5
sister,5
essential,5
across,5
sort,5
utterly,5
statement,5
rainbow,5
friends,5
came,5
hough,5
almost,5
used,5
unless,5
related,5
good,5
hard,5
level,5
several,5
convey,5
suddenly,5
hermione,5
exactly,5
moments,5
death,5
put,5
broken,5
until,5
deep,5
aesthetic,5
open,5
moral,5
held,5
latter,5
hand,5
isn,5
fails,5
note,5
sometimes,5
male,5
comes,5
theme,5
dare,5
catastrophic,5
quote,5
voice,5
remember,5
turns,5
think,5
tell,5
magnate,5
accept,5
ending,4
inward,4
critical,4
stands,4
conveys,4
character,4
passion,4
attempt,4
senses,4
court,4
room,4
reading,4
within,4
iv,4
saying,4
right,4
consciousness,4
obvious,4
west,4
desirable,4
central,4
thus,4
lover,4
relationships,4
xxiii,4
de,4
relatively,4
industrial,4
forced,4
old,4
self,4
mystic,4
profound,4
weakness,4
ment,4
interesting,4
adequate,4
whose,4
main,4
study,4
soul,4
image,4
frequently,4
instance,4
imminent,4
appear,4
quarrel,4
artistic,4
thinks,4
lead,4
effort,4
scenes,4
radical,4
doesn,4
torn,4
basis,4
revealed,4
london,4
actors,4
employed,4
anything,4
showing,4
either,4
bir,4
below,4
fork,4
highly,4
presence,4
finds,4
society,4
womanhood,4
second,4
practices,4
ought,4
female,4
interpretation,4
thought,4
seeing,4
disastrous,4
complete,4
stones,4
party,4
fire,4
conceal,4
others,4
loerke,4
personality,4
throwing,4
relevant,4
realize,4
notion,4
father,4
upon,4
herself,4
questions,4
examination,4
halliday,4
aware,4
express,4
fountain,4
earlier,4
spent,4
behind,4
become,4
pro,4
suggest,4
depth,4
accepting,4
where,4
wisdom,4
lines,4
becomes,4
seen,4
inadequate,4
analysis,4
dead,4
meant,4
biography,4
physical,4
text,4
cybele,4
obscene,4
each,4
different,4
interested,4
believe,4
gone,4
unknown,4
just,4
making,4
problem,4
extent,4
suggests,4
kin,4
subject,4
intended,4
pond,4
intelligible,4
aspect,4
shown,4
years,4
d,4
evidence,4
product,4
philosophy,4
needs,4
substantial,4
formulated,3
universal,3
cogitations,3
career,3
episodes,3
per,3
wo,3
american,3
discover,3
perceive,3
hate,3
fate,3
sinister,3
studies,3
considerations,3
em,3
immanent,3
themes,3
remembered,3
being,3
wrong,3
every,3
chaos,3
artificially,3
disorder,3
flowers,3
confusion,3
rich,3
achievement,3
xiii,3
subsequent,3
achieved,3
normal,3
draws,3
sought,3
functions,3
literal,3
sign,3
throughout,3
author,3
doctor,3
moment,3
relations,3
predicament,3
unity,3
distinct,3
refer,3
kinds,3
difficulty,3
left,3
fool,3
hardly,3
frustration,3
act,3
real,3
presentation,3
risk,3
similar,3
importance,3
dismiss,3
day,3
speculative,3
mindless,3
organization,3
established,3
slowly,3
quoted,3
edition,3
dramatized,3
putting,3
puts,3
talking,3
expressed,3
societies,3
train,3
rabbits,3
sight,3
burst,3
im,3
sula,3
mate,3
meet,3
triumph,3
stood,3
line,3
hints,3
leads,3
failed,3
data,3
freedom,3
fail,3
actually,3
speaking,3
manage,3
next,3
grass,3
heart,3
ignore,3
essentially,3
disharmony,3
inability,3
cattle,3
slim,3
proper,3
appropriate,3
synoptically,3
inform,3
actions,3
crouching,3
situation,3
action,3
giving,3
short,3
indeed,3
appreciate,3
forward,3
diver,3
says,3
rare,3
scream,3
kills,3
clash,3
neither,3
abandon,3
considers,3
slapping,3
statements,3
business,3
figure,3
harmonious,3
speaks,3
lack,3
walked,3
practical,3
jung,3
ur,3
homosexual,3
number,3
violent,3
classical,3
fight,3
discussion,3
intimate,3
bear,3
formal,3
revelations,3
ibid,3
involves,3
rejected,3
points,3
essay,3
stages,3
lie,3
xvi,3
looks,3
hope,3
ethic,3
genesis,3
signs,3
fairly,3
assert,3
begin,3
referred,3
watching,3
often,3
blood,3
respect,3
considered,3
claims,3
rite,3
abhorrent,3
ordered,3
complexity,3
symbolic,3
offered,3
crouched,3
bully,3
tenderness,3
emphasis,3
yearning,3
cassirer,3
beginning,3
references,3
hoped,3
contrasting,3
writes,3
dark,3
intends,3
tear,3
recognition,3
lies,3
com,3
waves,3
difference,3
mutual,3
discursive,3
hurt,3
explanation,3
move,3
green,3
seeks,3
specific,3
charged,3
reached,3
asks,3
seek,3
ends,3
deeper,3
resolve,2
superiority,2
struggle,2
along,2
dies,2
limits,2
ethics,2
conflicting,2
undoubtedly,2
dra,2
corruption,2
excurse,2
degraded,2
represent,2
trotted,2
lapsed,2
passing,2
forcing,2
group,2
large,2
properly,2
delightfully,2
mad,2
rusty,2
live,2
true,2
sons,2
completely,2
easily,2
modern,2
spirit,2
cit,2
source,2
destructiveness,2
qualification,2
fearful,2
turning,2
intentions,2
sources,2
hence,2
constituting,2
advisable,2
certainly,2
quivering,2
discursively,2
enables,2
inchoate,2
j,2
bloomington,2
hatred,2
aaronys,2
definition,2
principles,2
assertion,2
highland,2
pressed,2
narrative,2
follows,2
shot,2
inherent,2
able,2
scheme,2
reveal,2
plicitly,2
help,2
xx,2
somewhat,2
intelligence,2
sation,2
employs,2
side,2
suspect,2
inquire,2
draw,2
prior,2
capable,2
bohemian,2
condition,2
burning,2
characterize,2
drive,2
insight,2
holiness,2
combination,2
regards,2
loudly,2
ritual,2
learned,2
human,2
bleeding,2
acceptation,2
goddess,2
mine,2
immediate,2
reject,2
rhyming,2
run,2
due,2
machine,2
needed,2
mating,2
unhealthy,2
sample,2
manager,2
frustrations,2
destroyed,2
body,2
sonnet,2
third,2
ideal,2
thin,2
veil,2
drawn,2
look,2
deeply,2
general,2
traits,2
talent,2
error,2
depths,2
plant,2
mechanism,2
nonchalance,2
steps,2
leaping,2
bring,2
growth,2
superficial,2
ironic,2
illustration,2
en,2
landscape,2
aesthetically,2
deliberately,2
arm,2
persistent,2
tense,2
ah,2
generally,2
pages,2
revelation,2
spectators,2
licentiousness,2
rising,2
pernicious,2
escape,2
marks,2
literary,2
organized,2
bit,2
obdurate,2
wouldn,2
tention,2
specify,2
neck,2
house,2
sheer,2
factitious,2
restricted,2
weak,2
powerful,2
follow,2
indications,2
followed,2
yes,2
destructive,2
explain,2
care,2
mo,2
coincide,2
paragraph,2
incapable,2
hands,2
search,2
strength,2
murry,2
pass,2
profounder,2
inter,2
late,2
broader,2
ness,2
tools,2
appears,2
persons,2
xiv,2
purely,2
laughing,2
syria,2
none,2
stances,2
correctly,2
decides,2
intense,2
paraphrase,2
organize,2
claim,2
calls,2
yearned,2
feared,2
got,2
genuine,2
gave,2
older,2
partly,2
constitute,2
contains,2
statistics,2
forces,2
cry,2
won,2
interpreted,2
count,2
subtle,2
fined,2
change,2
closing,2
successful,2
fulfilled,2
working,2
tight,2
responsibility,2
things,2
destiny,2
discourse,2
dangerous,2
midst,2
shame,2
ship,2
psychological,2
latest,2
xxvii,2
vein,2
richness,2
progress,2
roots,2
altogether,2
sodomitic,2
provided,2
avoid,2
kant,2
laughed,2
minor,2
scientific,2
gather,2
inadequacy,2
archetype,2
play,2
tried,2
return,2
unconscious,2
forearm,2
brings,2
reduce,2
above,2
darkness,2
buber,2
incredibly,2
illumines,2
religious,2
once,2
criticism,2
aesthetician,2
instantly,2
fights,2
soon,2
dis,2
crich,2
home,2
conveying,2
eros,2
culture,2
middleton,2
friendship,2
al,2
frightened,2
faint,2
stantiated,2
goodness,2
friend,2
sketch,2
resolution,2
ossiferous,2
ride,2
stated,2
brain,2
conceived,2
deserves,2
rejects,2
signified,2
concepts,2
stories,2
head,2
fleeing,2
vision,2
diverse,2
new,2
legs,2
pattern,2
external,2
reasons,2
elegant,2
readers,2
enough,2
v,2
present,2
periphrastic,2
creature,2
developing,2
kicking,2
dea,2
forth,2
necessary,2
conviction,2
belief,2
protean,2
distance,2
going,2
chair,2
thoroughly,2
colliery,2
degree,2
imagine,2
original,2
private,2
meaningful,2
certain,2
admits,2
ecstasy,2
considering,2
treated,2
distinctly,2
strongly,2
emphatically,2
ideas,2
willey,2
actual,2
partisan,2
students,2
stance,2
meanings,2
discovered,2
reality,2
op,2
fluffy,2
clue,2
urge,2
faces,2
interpret,2
semiotician,2
started,2
perverse,2
satis,2
poetic,2
misunderstanding,2
adequately,2
ap,2
quick,2
ture,2
gets,2
qualifications,2
satisfy,2
trying,2
arise,2
constructing,2
specious,2
blutbruderschaft,2
structure,2
electric,2
priests,2
slightly,2
copyright,2
save,2
attend,2
embodied,2
propose,2
darker,2
statelily,2
asking,2
suggestion,2
informs,2
incompleteness,2
recall,2
informing,2
attitude,2
urges,2
force,2
began,2
lives,2
lightning,2
try,2
indicate,2
tearing,2
satisfaction,2
responsible,2
impersonal,2
fall,2
venerate,2
grasping,2
detail,2
suf,2
usual,2
rarely,2
unfree,2
beast,2
judgments,2
reckon,2
throw,2
apprehension,2
connie,2
extensive,2
aspire,2
periphrasis,2
alternative,2
cover,2
objectively,2
defining,2
natural,2
conver,2
quarrels,2
feeling,2
brangwen,2
particularly,2
expresses,2
obviously,2
speculation,2
mellors,2
silken,2
ambivalent,2
past,2
mill,2
better,2
concrete,2
subterranean,2
noise,2
hardness,2
knows,2
rose,2
independently,2
platonic,2
theory,2
gud,2
careful,2
reported,2
initiate,2
rod,2
role,2
ac,2
conventional,2
vast,2
snow,2
categorially,2
cruelty,2
wild,2
formation,2
carved,2
asunder,2
touch,2
marry,2
intensified,2
catch,2
wish,2
sat,2
apprehended,2
destinies,2
dense,2
define,2
involving,2
defined,2
attempted,2
fated,2
africans,2
remains,2
speak,2
showed,2
summary,2
adjective,2
observation,2
discrimination,2
themselves,2
conceptual,2
hobbled,2
element,2
characters,2
matic,2
immediately,2
conventions,2
tired,2
myth,2
doing,2
close,2
elucidation,2
woven,1
summed,1
vulva,1
difficult,1
horror,1
intimately,1
impossibility,1
volved,1
explosion,1
thwarted,1
possession,1
o,1
blinds,1
child,1
page,1
coincides,1
waited,1
stu,1
periphrases,1
edge,1
jewels,1
ripening,1
emptiness,1
avoiding,1
serpent,1
tion,1
italy,1
suc,1
fering,1
arctic,1
till,1
designated,1
created,1
commitment,1
ready,1
praised,1
truth,1
scruple,1
deserve,1
emasculated,1
heights,1
arrive,1
ttie,1
burke,1
dissolution,1
noticing,1
flesh,1
considerably,1
mar,1
brilliantly,1
manichaean,1
skulked,1
linguistic,1
minutes,1
becoming,1
interrelationships,1
hot,1
reverence,1
touched,1
pondered,1
investigators,1
ginning,1
mobility,1
stone,1
library,1
vindicating,1
dart,1
cravings,1
assign,1
english,1
mexican,1
peaks,1
sudden,1
sensed,1
earthly,1
discriminate,1
genius,1
univocal,1
sym,1
gladness,1
lettre,1
wonderful,1
weaker,1
greater,1
personally,1
ideals,1
overlook,1
trace,1
protection,1
undertaken,1
enjoys,1
fixed,1
organic,1
pose,1
unlike,1
interrupted,1
diving,1
communion,1
amply,1
total,1
carpeting,1
jos,1
feels,1
arrived,1
russell,1
acquainted,1
flaws,1
polarity,1
ingredients,1
chief,1
meaningless,1
palpable,1
emits,1
fires,1
negative,1
colliers,1
wince,1
lower,1
incomplete,1
warns,1
member,1
concretely,1
husks,1
decidedly,1
natures,1
inc,1
familiarity,1
youngness,1
swelling,1
preceding,1
car,1
roman,1
bricknells,1
expressive,1
greatness,1
setting,1
contravened,1
ii,1
attempts,1
exhibited,1
indicated,1
desperately,1
hum,1
ears,1
represented,1
develops,1
preoccupied,1
perience,1
actualized,1
xxi,1
beautiful,1
insepar,1
analogies,1
paternalism,1
liberty,1
reach,1
summation,1
sharpen,1
exemplar,1
available,1
sup,1
leading,1
assess,1
solici,1
blown,1
fer,1
metamorphosed,1
indulge,1
criticize,1
display,1
incongruity,1
tussle,1
happy,1
blind,1
indifferent,1
elude,1
borne,1
anticipatory,1
revived,1
closer,1
composition,1
subdued,1
procedure,1
argue,1
rab,1
resulting,1
swim,1
graham,1
nevertheless,1
introduces,1
loose,1
state,1
date,1
priest,1
trouble,1
remainder,1
henry,1
raised,1
waving,1
illumined,1
moi,1
letting,1
referends,1
marries,1
committed,1
hostile,1
returns,1
confused,1
threshold,1
unrestraint,1
furry,1
ant,1
bluntly,1
depends,1
premeditation,1
concealed,1
scratches,1
retort,1
empty,1
mountain,1
nectedly,1
crystal,1
wasted,1
existence,1
pied,1
officiating,1
lieve,1
entails,1
admirers,1
plausible,1
entailments,1
stretched,1
key,1
king,1
pulled,1
motionless,1
motion,1
nose,1
adverse,1
primary,1
bases,1
animadversions,1
mawr,1
sexual,1
accursed,1
victims,1
idiotic,1
deal,1
mythology,1
shrill,1
indirectly,1
transmutation,1
italian,1
fitting,1
logical,1
watched,1
editions,1
cidents,1
activity,1
illustrate,1
slight,1
reaction,1
powers,1
alter,1
splendid,1
occupy,1
eating,1
countered,1
information,1
measuring,1
regretted,1
moving,1
fine,1
mastery,1
taking,1
ations,1
x,1
rela,1
recollects,1
pirical,1
intelligent,1
owners,1
conception,1
realistic,1
embodiment,1
apply,1
establishes,1
unrestrained,1
surged,1
promises,1
judgment,1
cursing,1
inviolable,1
frenzy,1
letter,1
sketched,1
spicuous,1
treatise,1
acknowledgement,1
epistemo,1
tied,1
harmony,1
garden,1
pretended,1
blindly,1
exposed,1
succeed,1
yond,1
li,1
conflict,1
goal,1
viking,1
pounding,1
phasizes,1
comments,1
review,1
collapse,1
unsympathetically,1
beating,1
hateful,1
explained,1
eventual,1
facts,1
difficulties,1
abominable,1
conceals,1
ethical,1
bare,1
observes,1
shortlands,1
objective,1
psy,1
visited,1
kicker,1
civili,1
curse,1
swimming,1
police,1
agent,1
interest,1
forgotten,1
adornment,1
madness,1
sickly,1
gun,1
sadistic,1
decided,1
riage,1
consummated,1
occurs,1
southern,1
leaf,1
indulges,1
shatter,1
pluck,1
smiling,1
realization,1
miners,1
arching,1
yourself,1
learning,1
dependently,1
progressive,1
occasioned,1
refuses,1
parallelism,1
recollection,1
inclinations,1
wed,1
convincing,1
adjectives,1
etruscan,1
deed,1
highest,1
withdraw,1
response,1
straction,1
holds,1
androgynous,1
curses,1
trous,1
races,1
served,1
presentable,1
applying,1
witnessed,1
misleading,1
mistress,1
carrying,1
mechanical,1
undertaking,1
arab,1
formulate,1
imaginary,1
aim,1
seal,1
highpriest,1
wistful,1
tout,1
details,1
obscenity,1
apparently,1
recapitulates,1
obliterating,1
tran,1
vile,1
conceded,1
invites,1
weal,1
undisputedly,1
reassumption,1
unfortunate,1
dyke,1
unsubstanti,1
finishes,1
ments,1
rambling,1
walls,1
likely,1
longing,1
ald,1
mie,1
jungian,1
employ,1
hension,1
civilization,1
ponent,1
seizes,1
recognized,1
risen,1
york,1
contest,1
hamburg,1
german,1
reflects,1
genuinely,1
ably,1
steams,1
rather,1
serves,1
ernst,1
dence,1
empti,1
wanting,1
unabated,1
answered,1
unwilling,1
generations,1
essence,1
adds,1
incoherent,1
novelists,1
remain,1
laugh,1
thou,1
na,1
provocation,1
antagonistic,1
appreciation,1
heresy,1
swept,1
breast,1
envies,1
doctrine,1
annoyed,1
passional,1
cult,1
tionships,1
realizes,1
opportunity,1
dealt,1
abstraction,1
phrases,1
titled,1
stench,1
gull,1
manages,1
legal,1
connected,1
grew,1
floating,1
deathly,1
variant,1
direct,1
pointing,1
harmonies,1
connects,1
crooning,1
doubted,1
ix,1
disintegration,1
special,1
possess,1
produced,1
tree,1
sire,1
illustrations,1
ineffici,1
devoid,1
queered,1
associations,1
feel,1
rays,1
awareness,1
animals,1
space,1
front,1
biographer,1
firmer,1
presuppositions,1
gathering,1
support,1
unconventional,1
puzzles,1
fulfill,1
category,1
changes,1
win,1
carpentry,1
parts,1
criches,1
adopt,1
praise,1
radiant,1
trembled,1
triumphant,1
plumed,1
scale,1
unconfident,1
unconquerable,1
cess,1
prepares,1
anybody,1
sick,1
latin,1
covery,1
bunch,1
sum,1
elsewhere,1
threatening,1
unimportant,1
realities,1
n,1
attain,1
completion,1
placed,1
meteorite,1
shore,1
chopathology,1
vitality,1
reviewed,1
threat,1
upper,1
frozen,1
xi,1
show,1
acceptance,1
oppressive,1
phatically,1
acknowledges,1
superior,1
recovered,1
violently,1
ques,1
polys,1
surface,1
freed,1
defeat,1
lawrrence,1
polyp,1
spiritual,1
stark,1
ful,1
ceremony,1
requires,1
terminology,1
impotence,1
answers,1
flakes,1
hit,1
lust,1
mocking,1
flow,1
symbolized,1
opinion,1
pity,1
appliances,1
humility,1
ancient,1
drawing,1
spilka,1
view,1
nibble,1
twitching,1
fluid,1
conflicts,1
streak,1
whereas,1
descriptive,1
presents,1
tous,1
ordinarily,1
reorganizes,1
uses,1
unearthly,1
closely,1
recog,1
carving,1
rode,1
based,1
acceptable,1
whom,1
introduce,1
path,1
walk,1
exhibition,1
bearing,1
blamed,1
farthest,1
intelligibility,1
syntax,1
appearance,1
obstinacy,1
exaggeration,1
premonitory,1
tizing,1
begun,1
plot,1
called,1
joy,1
skulking,1
attack,1
tentatively,1
holding,1
bullying,1
paws,1
ambiguity,1
kantian,1
behavioral,1
recognize,1
changed,1
lashes,1
demands,1
reply,1
beauti,1
events,1
primacy,1
reiterate,1
ambivalence,1
bind,1
near,1
eliot,1
glanced,1
succeeds,1
initial,1
sees,1
base,1
lize,1
unthinkable,1
sends,1
horse,1
density,1
accurately,1
preceded,1
softly,1
impression,1
afternoon,1
palpitating,1
ger,1
topics,1
bolic,1
irony,1
traced,1
founder,1
pretension,1
though,1
cultural,1
equal,1
subsisted,1
rent,1
technical,1
inlove,1
war,1
reviews,1
shack,1
careless,1
indirect,1
treat,1
portant,1
recently,1
population,1
inches,1
understood,1
immemorial,1
acquaintance,1
vivid,1
denied,1
record,1
outside,1
eye,1
xvii,1
ford,1
produce,1
abandonments,1
required,1
taught,1
kinsey,1
heavily,1
oh,1
chuffed,1
macbeth,1
expressions,1
masculinity,1
philosophic,1
ganically,1
wills,1
briefly,1
conceit,1
improve,1
rumbling,1
xix,1
specifically,1
apprehend,1
directly,1
nition,1
learn,1
trial,1
orgiastic,1
betrayed,1
r,1
recoiling,1
psychology,1
scope,1
contexts,1
commotions,1
ordi,1
nuances,1
writers,1
dissatisfaction,1
pangs,1
story,1
characterization,1
flitting,1
ot,1
clearer,1
symbolism,1
nation,1
domi,1
equivalent,1
brutal,1
caught,1
fence,1
texture,1
shocking,1
lovely,1
discon,1
literature,1
personae,1
antirational,1
issues,1
broad,1
people,1
aztec,1
cassi,1
cluster,1
knees,1
structures,1
runs,1
journalese,1
demon,1
perversity,1
translated,1
swift,1
spends,1
mated,1
incantation,1
jealousy,1
cident,1
nerves,1
xviii,1
allotropie,1
achieving,1
sun,1
tears,1
stillness,1
ter,1
malgr,1
league,1
strengthened,1
vindictive,1
fier,1
holy,1
officiated,1
vacation,1
decomposition,1
minds,1
hidden,1
chemistry,1
refuse,1
guard,1
chokes,1
gynaceous,1
sonality,1
entitle,1
lifted,1
thingamagig,1
terested,1
pick,1
whilst,1
running,1
solution,1
construct,1
scruff,1
fied,1
correct,1
brutality,1
scended,1
cold,1
tom,1
assay,1
simpler,1
straight,1
aphrodite,1
tested,1
lated,1
storm,1
cer,1
cries,1
rings,1
clamouring,1
wrestling,1
gestation,1
sharp,1
plex,1
event,1
involved,1
fast,1
bril,1
explicitly,1
small,1
accuse,1
endowed,1
sufficient,1
mains,1
pregnant,1
fierce,1
components,1
horrible,1
mal,1
industry,1
feelings,1
australian,1
cur,1
challenge,1
swear,1
impossible,1
ent,1
philip,1
clever,1
patience,1
shouldn,1
vince,1
evanston,1
st,1
ghastly,1
productivity,1
disconnected,1
resistance,1
paid,1
inverted,1
dentata,1
organs,1
achieves,1
invidious,1
dodging,1
kingly,1
activities,1
stitutive,1
naturalistic,1
circum,1
alternatives,1
span,1
eternal,1
vasconcelos,1
corrosive,1
therefore,1
lapse,1
submissive,1
led,1
obeying,1
sail,1
idiocy,1
suspects,1
verb,1
unquestionable,1
ramifications,1
istic,1
forever,1
insects,1
doorbell,1
havior,1
variety,1
localize,1
various,1
mysterious,1
bringing,1
vaginal,1
tively,1
fortunately,1
mentary,1
letters,1
lesser,1
incongruous,1
identified,1
limated,1
mark,1
licence,1
spectacle,1
insensible,1
hide,1
motivations,1
die,1
comparative,1
unintelligent,1
selfish,1
dressed,1
clif,1
fruit,1
commit,1
funny,1
flock,1
sitting,1
brains,1
strains,1
prove,1
ambiguous,1
projecting,1
ternatives,1
conceives,1
realizing,1
presently,1
ice,1
precedes,1
standing,1
permissible,1
inoculation,1
indignation,1
initially,1
wind,1
psychoanalysts,1
relaxed,1
broaches,1
rites,1
artist,1
sensation,1
resurrection,1
suppose,1
ography,1
welling,1
direction,1
confronted,1
qualms,1
licentious,1
irritation,1
answering,1
chap,1
powerfully,1
percentage,1
undergo,1
coherence,1
anticipates,1
oblivious,1
indus,1
edited,1
wishes,1
ravings,1
victor,1
fruition,1
permission,1
inwardly,1
fit,1
swer,1
sociologists,1
flush,1
experienced,1
therapeutic,1
paradox,1
uncon,1
sex,1
sounds,1
fifth,1
tiverton,1
arms,1
classroom,1
annihilated,1
management,1
shook,1
puzzle,1
tain,1
sociological,1
orders,1
enced,1
literate,1
performed,1
tellectual,1
planet,1
darkened,1
indian,1
ligion,1
instant,1
otherness,1
weren,1
touching,1
foolishness,1
begins,1
quotations,1
supplicating,1
evitable,1
lization,1
rip,1
glimmer,1
shows,1
avoided,1
picture,1
longer,1
chose,1
gentleman,1
nspilka,1
worst,1
members,1
name,1
successfully,1
sketchy,1
attainable,1
paul,1
obsessively,1
stronger,1
popularity,1
factory,1
limit,1
relatedness,1
chapterl,1
externally,1
copy,1
flushing,1
flat,1
sider,1
erect,1
desiring,1
summing,1
emotions,1
vealed,1
mione,1
unifying,1
torted,1
admit,1
mechani,1
sing,1
treatment,1
shade,1
fluence,1
conduct,1
xii,1
regret,1
moony,1
aegis,1
plan,1
agree,1
afraid,1
nate,1
plicity,1
admissible,1
sode,1
teachers,1
pretty,1
striving,1
children,1
suppressed,1
dramatis,1
angry,1
oneself,1
larger,1
propel,1
gypsy,1
reacted,1
banks,1
uncle,1
flying,1
somewhere,1
grows,1
everything,1
contemporary,1
doubt,1
printing,1
schilpp,1
considerable,1
charges,1
fashion,1
succeeding,1
discussed,1
habit,1
tabby,1
maker,1
pallid,1
devil,1
psychologists,1
anthropologist,1
puzzling,1
forms,1
took,1
stuff,1
blandly,1
accusations,1
everyday,1
satisfactoriness,1
remarkable,1
actor,1
hopelessness,1
discussing,1
trunks,1
flooded,1
road,1
consummation,1
consubstantial,1
layers,1
purposes,1
validity,1
novelist,1
accepted,1
queer,1
contracted,1
bolt,1
practice,1
alchemy,1
carnal,1
turgid,1
notices,1
gash,1
ception,1
annihilation,1
signifi,1
cowering,1
cul,1
respec,1
shifts,1
encountered,1
shoot,1
deceptively,1
hideous,1
break,1
remained,1
plane,1
argues,1
thousands,1
bowles,1
ephemeral,1
lawrentian,1
bors,1
entirety,1
exclaimed,1
bond,1
greatest,1
exhibit,1
murders,1
encounter,1
uncannily,1
lost,1
observable,1
easier,1
discovery,1
doomed,1
preciate,1
range,1
implicated,1
discrimi,1
sacramental,1
flaw,1
sides,1
actualize,1
deftly,1
lake,1
woe,1
ridiculous,1
including,1
gether,1
conceivable,1
delicate,1
desperate,1
passes,1
crept,1
gashes,1
neigh,1
judge,1
manifestations,1
charts,1
quest,1
birds,1
ruthless,1
medium,1
top,1
elucidated,1
entirely,1
denies,1
stealing,1
masterful,1
sickening,1
determining,1
overtones,1
flings,1
lucidity,1
refers,1
prospective,1
numerous,1
causes,1
fixedly,1
maturation,1
continue,1
psychoanalysis,1
ceremonies,1
hasn,1
improvements,1
dismissed,1
intimacy,1
bismark,1
described,1
modicum,1
jumped,1
attraction,1
charge,1
passim,1
afrcian,1
craving,1
fectly,1
truths,1
three,1
directed,1
headway,1
adding,1
frustrated,1
prehend,1
comprehensive,1
se,1
tail,1
agreement,1
recipient,1
prevents,1
calmly,1
gate,1
brangwens,1
times,1
organism,1
threw,1
period,1
lences,1
rewarded,1
function,1
causally,1
cally,1
mines,1
miracle,1
distinction,1
hearing,1
obtained,1
proximity,1
losing,1
loozie,1
managerial,1
confi,1
healthy,1
sartre,1
vaunted,1
lighting,1
unambiguous,1
decide,1
ceed,1
tropism,1
facing,1
somehow,1
laying,1
silly,1
qualities,1
lesbian,1
clusion,1
officiates,1
ceptance,1
commend,1
viewpoint,1
assures,1
insists,1
isolated,1
hastily,1
emphasized,1
enabled,1
tossed,1
shallow,1
examine,1
effect,1
proceeding,1
enjoyed,1
rer,1
james,1
analyze,1
greece,1
differ,1
writh,1
dissatis,1
fe,1
disas,1
piqued,1
nails,1
attracted,1
wells,1
macmillan,1
confesses,1
dully,1
institution,1
begrudge,1
bearer,1
relative,1
mcst,1
negligible,1
conveyed,1
apprehends,1
ago,1
synoptic,1
diana,1
clairvoyance,1
gide,1
la,1
hague,1
division,1
justice,1
sented,1
wildly,1
perform,1
manifesting,1
uncritical,1
separate,1
dealing,1
implicitly,1
petulant,1
rico,1
consists,1
stage,1
primi,1
slender,1
aid,1
womeninlove,1
surpassed,1
circle,1
dreadful,1
stems,1
raise,1
africa,1
needn,1
immediacy,1
misanthropy,1
bold,1
kenneth,1
usually,1
reels,1
naturally,1
suggestive,1
claimed,1
vague,1
assigns,1
foreword,1
espousal,1
archaeology,1
manly,1
castrated,1
multi,1
institutions,1
slow,1
disagreements,1
unquestioned,1
wheelwright,1
sensitive,1
health,1
un,1
posthumous,1
anyhow,1
contrary,1
tive,1
glancing,1
detailed,1
worse,1
render,1
philosopher,1
contribution,1
suggestions,1
rapidly,1
length,1
class,1
settled,1
amusement,1
reaches,1
inspired,1
casually,1
efficiency,1
united,1
achieve,1
arriving,1
transmuting,1
ology,1
epi,1
hibited,1
types,1
soggy,1
flict,1
centuries,1
ebb,1
instances,1
get,1
aboriginal,1
dent,1
kangaroo,1
sound,1
confessed,1
legitimately,1
intent,1
rigorous,1
outcast,1
pression,1
repulsion,1
godhead,1
poets,1
door,1
addressed,1
enigma,1
school,1
versation,1
proof,1
share,1
shadow,1
premonitions,1
specification,1
girls,1
terrible,1
ineffable,1
reviewing,1
rea,1
furthest,1
conclusion,1
accomplishes,1
organicist,1
luminous,1
baffled,1
circumstances,1
ve,1
married,1
contradiction,1
agents,1
constituted,1
ever,1
locomotive,1
satisfying,1
nightly,1
liant,1
brooded,1
gladiatorial,1
suffers,1
detective,1
satisfactory,1
ether,1
ll,1
excel,1
proposes,1
improvement,1
carl,1
potency,1
loving,1
alps,1
vio,1
offers,1
appre,1
set,1
excess,1
ran,1
exploded,1
evokes,1
rushes,1
freemasonry,1
principle,1
dismay,1
bertrand,1
clifford,1
transcendent,1
correspond,1
exaggerations,1
spontaneous,1
trolled,1
abandonment,1
camouflaging,1
confident,1
flew,1
exploration,1
mercy,1
concealing,1
imaginings,1
hellish,1
homosexu,1
bi,1
temper,1
asseverations,1
nections,1
amounted,1
unacknowledged,1
capacity,1
speech,1
ding,1
iii,1
sofa,1
job,1
grey,1
exhibits,1
exhaustive,1
cence,1
candor,1
nary,1
written,1
moonlight,1
jagged,1
visits,1
sorted,1
narrowed,1
historical,1
examining,1
section,1
crystalized,1
accepts,1
ethos,1
sciousness,1
drum,1
subordinate,1
animal,1
quiver,1
dismissal,1
game,1
according,1
diabolic,1
experi,1
lighten,1
amaze,1
strained,1
investigation,1
hysterically,1
magnificence,1
ulti,1
gradually,1
namely,1
twisted,1
cause,1
sociology,1
pertinent,1
males,1
hastening,1
metaphor,1
interpreter,1
sociologist,1
aesthesis,1
agrees,1
incandescent,1
loved,1
paw,1
getting,1
unamuno,1
clamorous,1
sleeping,1
ineifable,1
vehicle,1
clawing,1
ductivity,1
fore,1
abruptly,1
explored,1
yield,1
noticed,1
influenced,1
chaotic,1
wanton,1
witnessing,1
fling,1
effete,1
dedication,1
hundreds,1
wonders,1
cerned,1
contain,1
aren,1
universe,1
import,1
middle,1
finished,1
rearrangement,1
personal,1
solid,1
antiphony,1
wandering,1
radically,1
naked,1
owner,1
occasionally,1
trees,1
poems,1
feat,1
zation,1
wrestle,1
apt,1
ill,1
peace,1
conclude,1
lordly,1
sea,1
wedding,1
elucidate,1
pre,1
press,1
became,1
hurried,1
easy,1
convinced,1
concentrating,1
puzzled,1
nothingness,1
went,1
shrug,1
sketchiness,1
acute,1
measure,1
guile,1
contribute,1
obtain,1
demanding,1
startled,1
cance,1
justified,1
using,1
homosexuality,1
au,1
gain,1
fluff,1
tions,1
referential,1
contrasts,1
lunging,1
analogy,1
energies,1
false,1
mockery,1
devoted,1
confuse,1
underworld,1
defends,1
ani,1
score,1
eunuchs,1
generate,1
average,1
padded,1
copies,1
fulness,1
illinois,1
conditions,1
frame,1
precise,1
mode,1
planation,1
harm,1
crisis,1
ended,1
offer,1
undiminished,1
modifies,1
include,1
fered,1
approves,1
battling,1
flower,1
writer,1
disruption,1
factitiously,1
conquered,1
france,1
cyclist,1
clues,1
derive,1
ging,1
instinct,1
incidents,1
extremely,1
walking,1
repeat,1
shift,1
dramatization,1
folly,1
magical,1
hutch,1
midair,1
swaying,1
recreates,1
ated,1
substitute,1
gleam,1
rest,1
root,1
mystery,1
c,1
rejection,1
supply,1
convinces,1
succeeded,1
inconclusive,1
consisted,1
th,1
irrelevant,1
enterprise,1
pleased,1
fears,1
views,1
ality,1
exclusively,1
fatally,1
develop,1
stormy,1
frightfully,1
souls,1
unobtrusively,1
opacities,1
facile,1
ab,1
digest,1
recent,1
beings,1
whitish,1
delete,1
lend,1
built,1
apartment,1
roles,1
tantalizingly,1
cuff,1
perception,1
sculptor,1
proust,1
faction,1
impotent,1
