WORDCOUNTS,WEIGHT
the,322
of,232
is,135
to,125
and,116
a,114
in,105
that,64
we,60
love,57
as,54
it,52
be,47
or,45
sexual,43
our,42
which,37
an,37
by,35
erotic,33
this,30
not,29
for,26
with,25
act,24
other,23
person,23
but,23
i,22
from,21
experience,21
being,21
on,21
one,20
are,18
may,17
desire,17
can,17
there,16
at,15
personhood,14
have,14
will,13
us,13
more,13
through,13
world,13
if,12
any,12
what,12
when,12
sense,12
between,12
than,12
their,11
might,11
who,11
its,11
two,10
all,10
personality,10
such,10
sexuality,10
does,9
into,9
something,9
also,9
another,9
possible,9
pleasure,9
way,8
about,8
itself,8
too,8
others,8
persons,8
body,8
here,8
should,8
go,7
how,7
e,7
why,7
then,7
only,7
seem,7
vision,7
out,7
state,7
shall,7
let,7
sovereignty,7
however,7
has,7
even,7
place,7
clothing,7
own,7
rather,6
been,6
violence,6
dimension,6
mean,6
object,6
movement,6
most,6
physical,6
human,6
ourselves,6
s,6
philosophical,6
them,6
see,6
eroticism,6
some,6
must,6
role,6
status,6
significance,6
woman,6
so,6
normal,6
no,5
sometimes,5
meaning,5
still,5
visual,5
they,5
certain,5
religious,5
respect,5
remains,5
perceptions,5
death,5
thus,5
time,5
do,5
form,5
answer,5
account,5
both,5
question,5
would,5
need,5
loved,5
feelings,5
become,5
concepts,5
much,5
seek,5
his,4
per,4
american,4
thought,4
conscious,4
perceived,4
consciousness,4
instrument,4
these,4
every,4
symbol,4
seems,4
my,4
access,4
able,4
linked,4
happiness,4
experi,4
less,4
perhaps,4
because,4
ence,4
encounter,4
son,4
say,4
part,4
far,4
sexually,4
behavior,4
people,4
falling,4
accorded,4
enthusiasm,4
surely,4
involves,4
indeed,4
whilst,4
things,4
order,4
exercise,4
speak,4
self,4
perspective,4
generally,4
up,4
quarterly,4
occasion,4
perception,4
separate,4
now,3
passion,3
limits,3
subject,3
therefore,3
means,3
alone,3
over,3
experiences,3
space,3
once,3
factors,3
tactile,3
exceptional,3
necessarily,3
necessary,3
essential,3
culture,3
emotional,3
else,3
either,3
nature,3
objects,3
important,3
feeling,3
control,3
many,3
readily,3
parallel,3
could,3
very,3
radical,3
end,3
those,3
cultural,3
suspension,3
terms,3
case,3
con,3
explain,3
distance,3
fascination,3
argument,3
oneself,3
open,3
work,3
intense,3
birth,3
recognition,3
west,3
example,3
expression,3
aside,3
selves,3
reality,3
objection,3
individual,3
clothes,3
quite,3
especially,3
eyes,3
certainly,3
always,3
asymmetry,3
given,3
proper,3
implicitly,2
enough,2
insofar,2
supremely,2
opposed,2
profoundly,2
ical,2
since,2
provide,2
contact,2
common,2
l,2
ideas,2
tion,2
anguish,2
separation,2
play,2
return,2
arrive,2
responding,2
reduce,2
dis,2
proportion,2
lives,2
ex,2
hold,2
often,2
proximity,2
properly,2
relationship,2
feel,2
happens,2
uniquely,2
bridged,2
yet,2
reason,2
represents,2
escape,2
paris,2
sex,2
continuity,2
sections,2
seriously,2
sexes,2
feels,2
comes,2
without,2
show,2
contained,2
novel,2
said,2
speaking,2
first,2
bataille,2
social,2
disguise,2
ambivalence,2
namely,2
set,2
lust,2
taken,2
natural,2
perceive,2
put,2
fundamental,2
principle,2
definition,2
fact,2
connection,2
limit,2
preserve,2
believe,2
tradition,2
limited,2
acts,2
rule,2
fully,2
achievement,2
new,2
action,2
doubt,2
loves,2
man,2
fear,2
mind,2
hand,2
precisely,2
animal,2
fulfillment,2
within,2
continuing,2
separateness,2
implicit,2
whether,2
viewed,2
cannot,2
making,2
involvement,2
tension,2
required,2
censure,2
find,2
capacity,2
number,2
appetite,2
abuse,2
specifically,2
imagine,2
having,2
outrage,2
felt,2
initial,2
radically,2
carry,2
concept,2
point,2
concentration,2
excesses,2
intentions,2
compass,2
desirable,2
easy,2
gender,2
apart,2
acquires,2
dignity,2
count,2
fit,2
approach,2
exist,2
perceptual,2
aspect,2
think,2
central,2
individuals,2
call,2
were,2
justification,2
connected,2
nevertheless,2
conceals,2
inevitable,2
resembling,2
against,2
encounters,2
de,2
language,2
interest,2
ability,2
moment,2
least,2
keep,2
although,2
presented,2
like,2
function,2
values,2
structuring,2
kind,2
defined,2
thing,2
cases,2
distinct,2
imagination,2
never,2
specific,2
normally,2
presence,2
thereby,2
themselves,2
convey,2
ness,2
loving,2
seeking,2
element,2
representation,2
roots,2
appropriate,2
conveyed,2
value,2
word,2
rest,2
ment,2
subsequently,1
fails,1
resolve,1
promised,1
lamour,1
difficult,1
openness,1
celibacy,1
tance,1
long,1
requires,1
film,1
competition,1
he,1
underlies,1
together,1
moreover,1
biolog,1
situation,1
circle,1
encountering,1
me,1
neces,1
myth,1
responsiveness,1
hamburg,1
reduced,1
matter,1
generalization,1
myriad,1
betterment,1
requirement,1
fertile,1
concerned,1
faith,1
amply,1
religions,1
usually,1
contin,1
contrast,1
concern,1
absent,1
communicate,1
husband,1
essence,1
suc,1
respectful,1
ideology,1
turns,1
firm,1
remain,1
commitment,1
ttow,1
secondly,1
librairie,1
basic,1
en,1
manipulate,1
conflation,1
excess,1
imitation,1
corded,1
germany,1
acknowledged,1
heresy,1
maturity,1
recognizes,1
cynical,1
interlude,1
procreation,1
primarily,1
stimulating,1
notion,1
denied,1
becomes,1
georges,1
accepted,1
insist,1
seen,1
ultimate,1
strongly,1
goes,1
suffering,1
outward,1
ordering,1
make,1
notably,1
wounding,1
rec,1
forcing,1
entirely,1
harmless,1
legitimacy,1
talk,1
thusiasm,1
center,1
leave,1
inconsequential,1
unserious,1
femininity,1
sionate,1
procreative,1
thrust,1
loss,1
tends,1
dialogue,1
makes,1
special,1
kinds,1
structural,1
exactly,1
individuation,1
lacking,1
mysticism,1
thentic,1
analysis,1
intimately,1
individ,1
adventure,1
uation,1
hope,1
implies,1
animals,1
referring,1
sovereign,1
ing,1
rad,1
ways,1
arbitrary,1
metrical,1
akin,1
fantasy,1
precondition,1
grave,1
actions,1
tense,1
inconsistent,1
suppression,1
salvation,1
added,1
problematic,1
resemble,1
shift,1
surrendering,1
soon,1
sym,1
affect,1
degenerate,1
ognition,1
female,1
january,1
seeing,1
ation,1
under,1
former,1
cause,1
distractions,1
taneity,1
desir,1
desires,1
claiming,1
conceptualization,1
oppressive,1
possibly,1
ality,1
protection,1
mitting,1
motions,1
tually,1
character,1
attachment,1
familiar,1
environment,1
dictates,1
habits,1
psycholo,1
grounds,1
generate,1
tinuous,1
thinking,1
bind,1
rightly,1
note,1
girls,1
abandon,1
same,1
minuit,1
receiving,1
placed,1
specialness,1
nakedness,1
preoccupation,1
relayed,1
complexity,1
mentioned,1
fore,1
excellence,1
check,1
comparison,1
already,1
rape,1
prostitution,1
women,1
editions,1
adjective,1
various,1
detachment,1
denis,1
provokes,1
constituted,1
ever,1
categories,1
subjective,1
mistaken,1
divinity,1
isolated,1
artificial,1
discretion,1
beyond,1
sufficient,1
isolation,1
volume,1
willingness,1
ition,1
rougemont,1
au,1
normality,1
simul,1
intentional,1
guarded,1
fire,1
otherwise,1
western,1
creation,1
lowing,1
engage,1
distinguishing,1
answers,1
paul,1
seduced,1
was,1
expressive,1
suit,1
unaccustomed,1
conceal,1
contingent,1
der,1
philosophy,1
power,1
metaphysical,1
give,1
objectively,1
know,1
temporarily,1
bring,1
selfish,1
possesses,1
ically,1
view,1
indepen,1
sub,1
available,1
perience,1
authenticity,1
rational,1
each,1
commonplace,1
viduality,1
whereas,1
greater,1
tain,1
aberration,1
dently,1
cultures,1
ciple,1
gregory,1
inevit,1
indi,1
par,1
attribute,1
resemblance,1
obsess,1
ditions,1
blatantly,1
whom,1
cess,1
spectively,1
consideration,1
attractive,1
allow,1
warms,1
tra,1
best,1
societies,1
recalled,1
et,1
appearance,1
jolt,1
found,1
sleep,1
creative,1
argue,1
daily,1
predominant,1
guising,1
great,1
areas,1
simple,1
conflated,1
differences,1
gradual,1
exaggerating,1
unsettling,1
choice,1
occident,1
cardinal,1
emotion,1
lacks,1
reasoning,1
lived,1
particularly,1
lover,1
wrongly,1
spheres,1
associates,1
contradictory,1
obviously,1
transforms,1
personal,1
spon,1
reveal,1
picturing,1
idiosyncrasy,1
everything,1
primary,1
impaired,1
useless,1
fluently,1
dull,1
fashion,1
possibility,1
past,1
attenuated,1
feature,1
invocation,1
made,1
worn,1
serious,1
just,1
passionate,1
yearning,1
emerges,1
seductions,1
absolutely,1
course,1
last,1
remove,1
faithful,1
selfhood,1
men,1
places,1
infinitely,1
entertain,1
further,1
truth,1
fullest,1
attach,1
respond,1
beginning,1
learn,1
equally,1
everyday,1
physiological,1
born,1
latter,1
outlines,1
ably,1
letting,1
contrived,1
where,1
committed,1
erotically,1
secular,1
unfulfilled,1
relationships,1
intensity,1
perceiving,1
reverberations,1
affected,1
unique,1
context,1
intimation,1
finds,1
celebrated,1
infringing,1
system,1
insistence,1
failure,1
received,1
issue,1
particular,1
independently,1
side,1
massage,1
energy,1
proceed,1
material,1
desirability,1
stitutes,1
depending,1
deep,1
ambiguity,1
uneasily,1
statement,1
mere,1
protective,1
yield,1
theory,1
insufficient,1
applied,1
fiction,1
adaptation,1
opposition,1
method,1
admit,1
gives,1
immerse,1
motion,1
marriage,1
occasions,1
resembles,1
sought,1
going,1
masculinity,1
slips,1
saying,1
memory,1
draw,1
transparent,1
anticipate,1
divide,1
degree,1
boys,1
well,1
violent,1
original,1
happi,1
clearly,1
vol,1
voice,1
oped,1
indifference,1
feeding,1
lends,1
fundamentally,1
occupying,1
die,1
prior,1
phenomena,1
nonetheless,1
fitting,1
distinguish,1
future,1
private,1
understanding,1
physiologically,1
relief,1
authentic,1
aptly,1
literature,1
decide,1
ample,1
reply,1
sity,1
reaching,1
survive,1
extent,1
characterize,1
caring,1
restful,1
easier,1
october,1
reflec,1
varieties,1
strict,1
dimensions,1
level,1
occasionally,1
obvious,1
true,1
neatly,1
claim,1
sides,1
logical,1
prominent,1
psychological,1
disparate,1
attainment,1
except,1
freshness,1
pas,1
conception,1
laws,1
prin,1
knowledge,1
prospect,1
pion,1
embodiment,1
erotisme,1
devel,1
herself,1
ac,1
medium,1
thoughts,1
description,1
imbued,1
song,1
moral,1
minimum,1
surprise,1
catered,1
intentionally,1
beneath,1
artifacts,1
rationale,1
use,1
illusion,1
ambivalently,1
substance,1
angle,1
designate,1
intercede,1
largely,1
obtain,1
assumption,1
instinctive,1
needed,1
gencies,1
broad,1
partly,1
painting,1
phenomenon,1
constitute,1
framework,1
twin,1
evidenced,1
throw,1
assuming,1
wider,1
sacrilege,1
internalized,1
siduously,1
come,1
breathtaking,1
teristically,1
ceremonies,1
sees,1
incite,1
fears,1
sanctioned,1
surrounding,1
commence,1
ual,1
acknowledgement,1
discon,1
shown,1
historically,1
digest,1
sacred,1
attraction,1
categorically,1
severe,1
spectrum,1
unable,1
generating,1
difference,1
reveals,1
quality,1
intractable,1
clear,1
understand,1
disarray,1
follow,1
concurrent,1
loosely,1
ceptually,1
analyzing,1
sexu,1
directed,1
refuse,1
beings,1
definitely,1
impresses,1
essay,1
intact,1
expended,1
domain,1
affec,1
try,1
harm,1
governs,1
distraction,1
undirected,1
commerce,1
typically,1
someone,1
suffers,1
characterized,1
caused,1
considerable,1
define,1
accord,1
pos,1
taneously,1
aroused,1
him,1
fulfill,1
stage,1
developed,1
timation,1
involve,1
high,1
integrity,1
played,1
serves,1
distinction,1
cer,1
lie,1
accurate,1
stimulation,1
insecurities,1
ted,1
rugby,1
exclude,1
measure,1
provides,1
lose,1
repeat,1
involved,1
relations,1
better,1
encompasses,1
denote,1
rejecting,1
gets,1
patterns,1
subvert,1
needs,1
offered,1
sentiment,1
charac,1
back,1
phys,1
older,1
concep,1
vanity,1
differently,1
removed,1
qualities,1
imaginative,1
response,1
temporary,1
transcendence,1
realm,1
second,1
fol,1
observe,1
wholly,1
representing,1
decline,1
intermittently,1
inspiration,1
usual,1
acquire,1
fascin,1
frailty,1
impossible,1
cling,1
sits,1
rhythm,1
rupture,1
mechanical,1
subjectively,1
rate,1
infringes,1
sharing,1
structure,1
cease,1
species,1
drawn,1
uality,1
analyze,1
decency,1
severely,1
begs,1
dependent,1
interaction,1
unconditional,1
communication,1
journal,1
re,1
biographer,1
wife,1
priesthood,1
stance,1
stantly,1
instances,1
among,1
hungers,1
notes,1
traditions,1
connections,1
onset,1
cosmic,1
general,1
virtue,1
provided,1
conceded,1
questions,1
generation,1
propose,1
abandons,1
venturing,1
game,1
acknowledge,1
striking,1
growth,1
occur,1
invest,1
heightened,1
seemed,1
objected,1
gist,1
perform,1
hunt,1
good,1
pp,1
resist,1
likely,1
