WORDCOUNTS,WEIGHT
the,855
of,711
and,594
to,430
in,311
is,288
a,259
that,258
s,213
as,193
for,188
love,166
kierkegaard,146
see,124
on,117
it,116
by,114
be,109
maclntyre,106
this,106
but,101
not,88
one,79
his,78
with,70
or,69
which,68
we,62
moral,62
from,62
wl,61
human,59
good,58
an,57
god,53
are,53
also,50
virtues,49
press,49
wj,46
university,45
he,45
what,45
all,43
so,43
can,41
works,41
ethics,40
will,40
more,40
our,40
nature,36
has,35
own,35
only,35
christian,35
have,35
i,33
their,33
than,32
at,31
life,31
cambridge,31
virtue,31
does,30
such,30
natural,29
av,29
its,28
who,28
those,27
even,27
just,27
person,27
if,26
neighbor,26
us,26
trv,26
practical,26
being,25
other,25
may,25
my,25
social,25
religious,24
edited,24
others,24
must,24
thus,22
cf,22
journal,22
him,22
rather,22
eudaimonia,22
law,21
would,21
reason,21
agape,21
through,21
dra,20
they,20
these,20
both,20
need,20
because,19
understanding,19
happiness,19
much,19
seems,18
himself,18
aquinas,18
proper,18
world,18
you,18
within,17
account,17
christianity,17
do,17
aristotle,17
here,17
goods,17
augustine,17
self,16
n,16
requires,16
translated,16
sake,16
kant,16
makes,16
man,16
she,16
ferreira,16
rational,15
there,15
new,15
any,15
between,15
them,15
rationality,15
philosophy,15
scotus,14
notre,14
either,14
might,14
loves,14
some,14
dame,14
erotic,14
true,14
most,14
view,14
esp,14
approach,14
indeed,14
friendship,14
clear,14
justice,14
been,14
insight,13
far,13
since,13
no,13
without,13
how,13
about,13
same,13
toward,13
less,13
often,13
then,13
although,13
position,12
j,12
mine,12
against,12
essential,12
contrast,12
essentially,12
make,12
john,12
another,12
upon,12
morality,12
individual,12
like,12
princeton,12
her,12
when,12
eudaimonism,12
should,12
modern,11
york,11
whose,11
after,11
too,11
cannot,11
your,11
part,11
genuine,11
sense,11
agapeistic,11
thought,11
many,11
m,10
way,10
yourself,10
had,10
plato,10
kind,10
was,10
altruism,10
action,10
above,10
two,10
ind,10
ought,10
perhaps,10
desires,10
especially,10
become,10
duty,10
aristotelian,10
common,9
later,9
into,9
great,9
point,9
ethical,9
divine,9
beloved,9
nor,9
oxford,9
sort,9
form,9
important,9
footnote,9
could,9
rist,9
understood,9
well,9
theological,9
distinctively,9
eternal,9
rules,9
evil,9
reasoning,9
never,9
telos,9
distinction,9
earlier,9
why,9
note,9
seen,9
best,9
very,9
according,9
whether,9
terms,9
particular,9
green,9
real,8
possible,8
laws,8
understand,8
drives,8
critique,8
h,8
philosophical,8
least,8
up,8
object,8
once,8
eudaimonistic,8
classical,8
model,8
necessary,8
preferential,8
conscience,8
education,8
loving,8
passage,8
duns,8
emphasis,8
little,8
d,8
davenport,8
given,8
grace,8
beings,8
commitment,7
truth,7
e,7
alone,7
first,7
yours,7
religion,7
sees,7
help,7
right,7
community,7
say,7
lover,7
relationships,7
development,7
highest,7
virtuous,7
act,7
beyond,7
preference,7
character,7
sacrifice,7
having,7
claim,7
place,7
order,7
therefore,7
still,7
fundamental,7
end,7
ground,7
creature,7
made,7
recognize,7
enough,7
enquiry,7
becomes,7
transformed,7
hope,7
itself,7
simply,7
command,7
principle,7
universal,7
merely,7
role,7
come,7
morally,7
evans,6
hannay,6
before,6
every,6
interests,6
attempt,6
political,6
context,6
existence,6
x,6
harmony,6
g,6
agent,6
truly,6
says,6
general,6
infinite,6
basic,6
certain,6
romantic,6
willing,6
standards,6
whom,6
out,6
possibility,6
alasdair,6
call,6
always,6
st,6
gift,6
serve,6
neither,6
rightly,6
oneself,6
v,6
where,6
directed,6
morals,6
ethic,6
transformation,6
offers,6
metaphysics,6
knows,6
platonic,6
parallels,6
course,6
passages,6
c,6
seek,6
now,5
pseudonymous,5
necessarily,5
rudd,5
hence,5
ii,5
hong,5
follows,5
take,5
precisely,5
howard,5
open,5
conception,5
exist,5
central,5
interest,5
inclinations,5
error,5
westphal,5
humanity,5
ix,5
means,5
dichotomy,5
objects,5
show,5
instance,5
care,5
term,5
though,5
something,5
grounds,5
learn,5
work,5
whole,5
universally,5
things,5
quite,5
matter,5
various,5
requirement,5
giving,5
whatever,5
degree,5
thesis,5
passions,5
pseudonym,5
friend,5
power,5
similarly,5
unscientific,5
communal,5
choice,5
everything,5
contemporary,5
forms,5
fundamentally,5
recognizing,5
writings,5
use,5
largely,5
ideas,5
full,5
vices,5
ellis,5
worldly,5
faith,5
commands,5
seeking,5
tendency,5
greek,5
me,5
george,5
edna,5
concluding,5
claims,5
following,5
over,5
theology,5
enemy,5
theory,5
extent,5
loved,5
city,5
allows,5
contrasts,5
ultimately,5
loveworthy,5
offer,5
remains,5
offered,5
medieval,4
ultimate,4
church,4
likely,4
passion,4
give,4
ourselves,4
tradition,4
desire,4
normative,4
were,4
robert,4
reading,4
piper,4
case,4
takes,4
generosity,4
key,4
teleological,4
sexual,4
stance,4
taking,4
behavior,4
denying,4
insofar,4
theologiae,4
unity,4
cases,4
concerning,4
amount,4
contrary,4
modernity,4
left,4
find,4
marino,4
weight,4
sin,4
apparently,4
occasion,4
higher,4
opposed,4
adequate,4
understands,4
genuinely,4
bring,4
l,4
explicit,4
thing,4
animals,4
support,4
soul,4
clearly,4
liberal,4
quoted,4
however,4
age,4
marriage,4
closely,4
someone,4
allow,4
criticisms,4
denigration,4
attained,4
passionate,4
further,4
performed,4
persons,4
hare,4
ed,4
reader,4
example,4
knowledge,4
q,4
away,4
errors,4
revolution,4
exclude,4
heart,4
sufficient,4
wife,4
provided,4
sagacity,4
summa,4
noble,4
syllogism,4
thinkers,4
kent,4
yet,4
ancient,4
goodness,4
paul,4
put,4
towards,4
fact,4
time,4
justification,4
external,4
reasons,4
question,4
chain,4
manner,4
ch,4
practice,4
gives,4
greatest,4
pleasure,4
maintains,4
nothing,4
three,4
reward,4
serves,4
anyone,4
thomas,4
latter,4
exchange,4
effect,4
selfishness,4
egoistic,4
connections,4
aspirations,4
perspectives,4
crucial,4
naturally,4
inadequate,4
circumstances,4
appealing,4
alternative,4
set,4
each,4
different,4
luther,4
foundation,4
enjoyment,4
making,4
mere,4
writes,4
while,4
radically,4
decisive,4
aims,4
contract,4
finally,4
objections,4
postscript,4
chicago,4
contrasting,4
focus,4
thomistic,4
ends,4
close,4
democracy,3
sins,3
convergence,3
commentary,3
irrational,3
becoming,3
properly,3
essays,3
formed,3
authority,3
approaches,3
studies,3
justified,3
fixed,3
history,3
aversion,3
charity,3
experience,3
said,3
consistent,3
children,3
certainly,3
universalism,3
taken,3
anscombe,3
company,3
principles,3
fully,3
achievement,3
debt,3
unto,3
mind,3
state,3
glory,3
kierkegaardian,3
opposite,3
committed,3
modernist,3
task,3
temperance,3
solely,3
allen,3
framework,3
throughout,3
de,3
pursuit,3
relatively,3
satisfactions,3
large,3
deliberation,3
rooted,3
turn,3
precludes,3
defense,3
flourishing,3
footnotes,3
perspective,3
response,3
affection,3
equally,3
vice,3
horton,3
conceive,3
shall,3
aim,3
philadelphia,3
sophist,3
unwilling,3
remain,3
reference,3
notion,3
goes,3
importance,3
direct,3
parts,3
perkins,3
possess,3
white,3
lutheran,3
consider,3
driven,3
receiving,3
w,3
follow,3
statement,3
hereafter,3
rule,3
found,3
called,3
reply,3
companion,3
informed,3
cultural,3
heaven,3
required,3
directly,3
basis,3
appeals,3
unless,3
psychological,3
purpose,3
denigrated,3
excessive,3
consistently,3
remarks,3
subtly,3
people,3
strenuous,3
showing,3
herdt,3
quinn,3
catholic,3
emphasizes,3
highly,3
generally,3
dependent,3
results,3
describes,3
value,3
am,3
actions,3
avoid,3
society,3
second,3
demand,3
glittering,3
tends,3
single,3
criticism,3
requiring,3
ne,3
platonism,3
culture,3
excellence,3
allan,3
comfortable,3
mark,3
death,3
christ,3
desiring,3
idea,3
clarendon,3
abstract,3
exclusion,3
serious,3
outside,3
hand,3
augustinian,3
systematic,3
michael,3
forth,3
duties,3
mendham,3
rawls,3
presuppose,3
discourses,3
owe,3
entirely,3
religiously,3
advises,3
refers,3
irreducible,3
franklin,3
kirmmse,3
students,3
roberts,3
objection,3
adequately,3
wood,3
relation,3
exactly,3
teach,3
rigors,3
decisively,3
hume,3
nicomachean,3
accepted,3
force,3
unselfishness,3
importantly,3
satisfaction,3
get,3
reciprocal,3
judgments,3
comes,3
stoics,3
temporal,3
eds,3
sophists,3
intellectual,3
mendus,3
tendencies,3
spontaneous,3
worth,3
connection,3
seem,3
believe,3
international,3
did,3
audience,3
evident,3
subordinate,3
beginning,3
christendom,3
ones,3
mary,3
cause,3
independently,3
utilitarian,3
require,3
universe,3
middle,3
element,3
thereby,3
despite,3
content,3
easy,3
presupposes,3
ever,3
think,3
macintyre,3
among,3
false,3
sickness,3
argues,3
quest,3
seeks,3
needs,3
inclination,3
themselves,3
inasmuch,3
whenever,3
subordinates,3
heterogeneous,3
proposed,2
temperateness,2
difficult,2
judge,2
possessed,2
currently,2
along,2
fathers,2
unflinching,2
avoiding,2
concerned,2
anthony,2
cues,2
created,2
perfection,2
worthy,2
introduction,2
utility,2
center,2
prohibitions,2
american,2
replaced,2
deepest,2
unavoidably,2
mad,2
existentialism,2
word,2
referring,2
ways,2
favor,2
transcendent,2
lillegard,2
connectedness,2
boler,2
fulfillment,2
source,2
themes,2
par,2
negative,2
lower,2
else,2
exhaust,2
intrapersonal,2
wrong,2
amidst,2
expressive,2
exaggerated,2
attempts,2
refusal,2
humans,2
asserts,2
selfishly,2
words,2
possibilities,2
shaped,2
knowing,2
theologically,2
together,2
differences,2
altruistic,2
narrative,2
theonomy,2
substantive,2
court,2
room,2
praised,2
dissents,2
caritas,2
deane,2
commercialism,2
emphasized,2
stand,2
rethinking,2
courage,2
issue,2
america,2
theism,2
plain,2
formulation,2
agapeism,2
matthew,2
encouraging,2
spontaneity,2
misreading,2
wrongly,2
hedonism,2
deal,2
inverse,2
therapeutic,2
prior,2
determined,2
politics,2
bloom,2
condition,2
sale,2
altruists,2
splendid,2
decipher,2
except,2
asserting,2
cited,2
manent,2
szaif,2
sign,2
learned,2
silent,2
review,2
ronald,2
reject,2
pursue,2
hierarchy,2
assumes,2
reflection,2
relations,2
adams,2
application,2
living,2
century,2
learning,2
hawaii,2
rejecting,2
concrete,2
back,2
body,2
veritatis,2
holds,2
recalls,2
background,2
helpful,2
excuses,2
unconditional,2
communication,2
look,2
enrichments,2
william,2
language,2
acknowledge,2
cites,2
appeal,2
failed,2
poor,2
overly,2
alastair,2
portrayed,2
adds,2
organizing,2
grote,2
myself,2
calculation,2
mean,2
conceptions,2
active,2
similar,2
leave,2
balanced,2
assuming,2
study,2
read,2
feel,2
consequences,2
front,2
moreover,2
guides,2
category,2
changes,2
maintaining,2
sorts,2
established,2
literary,2
section,2
represented,2
spirit,2
attain,2
welfare,2
sensibly,2
ga,2
misericordia,2
frequently,2
situations,2
splendor,2
motivationally,2
evaluation,2
earnestness,2
explain,2
escapes,2
david,2
presupposition,2
suggested,2
reflections,2
whereas,2
greater,2
uses,2
result,2
based,2
lead,2
appearance,2
kantian,2
supervenes,2
emerge,2
deciphering,2
initial,2
almost,2
pure,2
hosle,2
let,2
simple,2
appears,2
obligated,2
dialectical,2
meet,2
deliberations,2
excellent,2
groundwork,2
perfective,2
humean,2
dialectic,2
expedient,2
spiritual,2
premise,2
harmonized,2
dist,2
precept,2
none,2
network,2
distinctiveness,2
pierre,2
r,2
used,2
existentialist,2
gospel,2
stake,2
accretions,2
secret,2
related,2
indianapolis,2
refined,2
untutored,2
broad,2
constitute,2
long,2
speaking,2
macon,2
halfway,2
invoking,2
appetites,2
won,2
challenging,2
holy,2
otherworldly,2
minds,2
hidden,2
change,2
solution,2
legacy,2
commerce,2
correct,2
fulfilled,2
individualism,2
poet,2
discredit,2
soil,2
accomplished,2
revealing,2
presence,2
wisely,2
core,2
christians,2
arbitrariness,2
necessity,2
altogether,2
gallagher,2
purified,2
mercer,2
enjoy,2
primacy,2
covetousness,2
led,2
irrespective,2
critics,2
equality,2
nonetheless,2
steadily,2
cosmological,2
economic,2
happy,2
again,2
play,2
coleman,2
buber,2
comments,2
rejects,2
hold,2
direction,2
communities,2
alleged,2
interpretation,2
victor,2
fair,2
eudaimonist,2
intellect,2
demanding,2
expediency,2
luke,2
light,2
complete,2
purity,2
nobly,2
gratifying,2
infused,2
already,2
insights,2
shows,2
affections,2
provide,2
lewis,2
critiques,2
book,2
frede,2
complementary,2
emotions,2
conformity,2
lack,2
admit,2
valid,2
enlarging,2
husband,2
developed,2
lacks,2
enable,2
daily,2
abolishes,2
charges,2
discussed,2
habit,2
genealogy,2
present,2
keys,2
road,2
disabled,2
polis,2
confrontation,2
norms,2
deep,2
belief,2
books,2
strauss,2
educated,2
going,2
free,2
day,2
process,2
original,2
discussion,2
johannes,2
franklinian,2
fictional,2
inexorably,2
crafts,2
beloveds,2
assumption,2
rare,2
grounding,2
aesthetic,2
versions,2
low,2
xv,2
discovered,2
truths,2
comprehensive,2
victory,2
essay,2
peter,2
counter,2
encircles,2
innermost,2
martin,2
subordinated,2
finite,2
conclusions,2
parallel,2
craft,2
overcome,2
excluded,2
probably,2
securing,2
accord,2
quarterly,2
walsh,2
division,2
implicitly,2
departs,2
lovers,2
today,2
sometimes,2
usually,2
wielenberg,2
agapeist,2
bound,2
williams,2
fear,2
indispensable,2
surd,2
multitude,2
success,2
ordering,2
overlap,2
relevant,2
indicate,2
inspired,2
expectations,2
philosophies,2
surprising,2
respect,2
centuries,2
calculative,2
share,2
infusion,2
thinking,2
ordered,2
poets,2
considered,2
comparison,2
grand,2
athens,2
demonstrate,2
steel,2
known,2
rival,2
regardless,2
symbol,2
allegation,2
anthropology,2
steven,2
nobility,2
inclined,2
bologna,2
pragmatic,2
obligating,2
comfort,2
bit,2
vicious,2
inquiry,2
particularly,2
egoists,2
distinctive,2
merold,2
defend,2
helping,2
draw,2
defending,2
touchstone,2
accounts,2
trinity,2
hoped,2
pains,2
likes,2
transaction,2
foundations,2
prestige,2
rejoinder,2
norman,2
produce,2
balance,2
benevolence,2
abundantly,2
altered,2
convinced,2
thomist,2
predecessors,2
transition,2
solitary,2
gain,2
disfigured,2
maclntyrean,2
rewarding,2
unconditionally,2
understandings,2
breaks,2
argument,2
notes,2
paradigm,2
opens,2
washington,2
realism,2
socially,2
sacrificial,2
off,2
consequence,2
transcending,2
shift,2
macdonald,2
ordinatio,2
caring,2
fastidiousness,2
distinctions,2
rejection,2
obligation,2
partial,2
early,2
major,2
conditional,2
trembling,2
traditional,2
heir,2
strong,2
mature,2
asked,2
mistaken,2
coworkers,2
perception,2
thorough,2
strictures,1
nicholas,1
final,1
practically,1
bernard,1
impossibility,1
theonomous,1
liberally,1
incorrect,1
inward,1
humanism,1
done,1
encountering,1
selfand,1
personally,1
deny,1
page,1
admonished,1
prefer,1
savors,1
tainted,1
participation,1
conflicting,1
indicated,1
katerina,1
nemeses,1
responds,1
regains,1
debunk,1
hedonistic,1
generous,1
pity,1
freezing,1
unpleasant,1
reformed,1
judging,1
bolstering,1
choicest,1
distress,1
extend,1
enjoins,1
persists,1
college,1
fiction,1
arrive,1
determine,1
foraging,1
bedrock,1
liberating,1
inferior,1
considerably,1
appear,1
starts,1
booty,1
justificatory,1
per,1
outweighed,1
former,1
sympathetic,1
dear,1
subverter,1
needed,1
tact,1
reis,1
complex,1
conflicts,1
protoype,1
altruist,1
defilement,1
systematically,1
infinitude,1
kinds,1
myth,1
topics,1
tend,1
forgiveness,1
anchor,1
cultivating,1
live,1
heteronomous,1
english,1
motivation,1
murder,1
deceiver,1
strictly,1
criticizes,1
inconsistent,1
contend,1
reassured,1
paradigms,1
struggle,1
mentality,1
aristotelians,1
dowdell,1
scarred,1
prodding,1
realities,1
ascends,1
motive,1
trace,1
stoic,1
obligations,1
equated,1
presents,1
burn,1
unlike,1
periclean,1
habits,1
communion,1
holding,1
vehemently,1
exceptions,1
inapplicability,1
somewhere,1
nineteenth,1
variety,1
attuned,1
lepain,1
golden,1
primitive,1
chief,1
overhauled,1
strikes,1
palpable,1
verdict,1
chastity,1
qualification,1
immanent,1
properties,1
rehearsed,1
hoping,1
fiercest,1
wrests,1
fluctuations,1
horizontal,1
lying,1
romance,1
anything,1
refractory,1
pastoral,1
kata,1
beneficial,1
inc,1
philosophers,1
failing,1
please,1
constituting,1
revisited,1
embraced,1
tribute,1
atkins,1
dispensed,1
unreformed,1
flags,1
exclusive,1
obey,1
fund,1
implications,1
analytic,1
nulla,1
equivalency,1
enables,1
thrasymachean,1
thrive,1
stifle,1
straightforwardly,1
xxi,1
inchoate,1
advanced,1
maturation,1
philia,1
departure,1
supplied,1
grandfather,1
hatred,1
ofkenosis,1
stolen,1
skills,1
stringent,1
twenty,1
explores,1
secondary,1
broadly,1
upholds,1
relegating,1
liken,1
thank,1
masochist,1
centering,1
synthesis,1
emotion,1
senses,1
inwardness,1
studied,1
circumscribing,1
able,1
hackett,1
debunker,1
closer,1
scheme,1
onto,1
begging,1
resulting,1
banquet,1
creator,1
feature,1
integrate,1
failures,1
converts,1
ingratiating,1
principium,1
last,1
faithful,1
meantime,1
sacred,1
remainder,1
immanuel,1
reserved,1
tortures,1
ours,1
discipline,1
conscientiousness,1
undergoes,1
surveys,1
hostile,1
demonized,1
gratified,1
stopped,1
fulfilling,1
similarities,1
ad,1
proposals,1
depends,1
sweeping,1
epistemological,1
broadsides,1
side,1
empty,1
fortune,1
advocates,1
forthcoming,1
abbreviated,1
maclntyrealthough,1
tie,1
pulled,1
procreation,1
captures,1
draws,1
continuum,1
inverts,1
mass,1
iv,1
knowingly,1
saying,1
muddled,1
addresses,1
receptivity,1
honolulu,1
egoism,1
custom,1
futile,1
suppress,1
fitting,1
logical,1
leo,1
humanly,1
selfexamination,1
ideal,1
relational,1
misrelating,1
unexceptionally,1
reaction,1
righteousness,1
deformation,1
fraud,1
forego,1
exaggerate,1
blithe,1
bland,1
vital,1
vittorio,1
leniency,1
adolescents,1
transcend,1
fine,1
dodaro,1
mental,1
desired,1
smooth,1
conceptual,1
reflecting,1
lyric,1
classics,1
ignores,1
timothy,1
immoral,1
exchanges,1
loosely,1
relate,1
reconstruction,1
centrally,1
enter,1
obfuscation,1
succession,1
condemnations,1
formula,1
letter,1
opposes,1
engage,1
moralizing,1
treatise,1
culpable,1
criterionless,1
tied,1
paganism,1
pursuing,1
diversity,1
stands,1
wherever,1
estimations,1
gravity,1
fraudulently,1
repeatedly,1
relies,1
otherwise,1
regarding,1
unhealthiness,1
prerequisite,1
upbuilding,1
goal,1
fastens,1
includes,1
constitutive,1
jre,1
eliot,1
submit,1
ephesians,1
dependence,1
experiences,1
surely,1
purportedly,1
disorder,1
epistemically,1
dying,1
component,1
difficulties,1
agreement,1
normativity,1
inner,1
run,1
retrospectively,1
mores,1
desperately,1
due,1
atomism,1
fenelon,1
personalities,1
neighbors,1
janet,1
accidentally,1
intertwine,1
sharp,1
amounts,1
justifications,1
envy,1
occurs,1
carlos,1
postrscipt,1
price,1
facet,1
insisted,1
regarded,1
dubbed,1
extensively,1
expected,1
asymmetrical,1
knud,1
priority,1
estimates,1
refuses,1
adam,1
integrity,1
old,1
places,1
permitted,1
frustrating,1
depend,1
refer,1
dutifully,1
columbia,1
emphases,1
wiser,1
applying,1
twice,1
ecclesiastical,1
perverse,1
despair,1
soundness,1
criterion,1
enlightened,1
rendezvous,1
fighting,1
committing,1
marvelous,1
child,1
explore,1
toil,1
obscure,1
preserving,1
waterways,1
marital,1
ada,1
selfdenial,1
deeply,1
graded,1
professing,1
simplistic,1
discovering,1
protects,1
anticongregationalism,1
conceded,1
generation,1
weakness,1
nuanced,1
sartrean,1
frank,1
influence,1
unmanly,1
adjust,1
thickly,1
master,1
incidental,1
grasp,1
vindicates,1
discernment,1
longing,1
traditions,1
schadenfreude,1
interesting,1
simultaneously,1
affirms,1
avoids,1
wishes,1
subordination,1
german,1
hopes,1
supernatural,1
rousseau,1
frustration,1
exact,1
tautology,1
aimed,1
factual,1
sentences,1
rewards,1
untainted,1
cushions,1
essence,1
compatible,1
en,1
antagonistic,1
horrifying,1
rapids,1
doctrine,1
capture,1
animate,1
di,1
pinpoint,1
restraint,1
grovel,1
parents,1
proximity,1
givenness,1
abstraction,1
latches,1
slothful,1
rigor,1
loses,1
sarah,1
grew,1
lovingly,1
poetic,1
induce,1
ongoing,1
benjamin,1
easily,1
disintegration,1
dialogue,1
mettle,1
witness,1
revelation,1
squander,1
capturing,1
inseparably,1
threefold,1
echoed,1
augmented,1
happened,1
moves,1
divided,1
valuation,1
addressing,1
bleak,1
habituated,1
theodor,1
rigorism,1
references,1
enjoined,1
lives,1
injury,1
genius,1
accomplishing,1
lavished,1
perceptions,1
unhappiness,1
naivety,1
marks,1
supports,1
eide,1
possibly,1
stifling,1
signed,1
entry,1
improvement,1
baptized,1
disablement,1
ierodiakonou,1
benefits,1
image,1
entrenched,1
generalities,1
placed,1
traces,1
bruce,1
remaking,1
unfavorable,1
ignoble,1
democratization,1
prevent,1
repudiating,1
climacus,1
imperil,1
commonly,1
earnestly,1
acknowledges,1
superior,1
prima,1
additional,1
origins,1
ugly,1
confuse,1
surface,1
readings,1
compellingly,1
notions,1
obstacles,1
caritatae,1
locked,1
philosophica,1
represent,1
madame,1
undisciplined,1
dissenter,1
problems,1
tragedies,1
puts,1
answers,1
hate,1
destructive,1
determinate,1
pious,1
imminent,1
lust,1
flow,1
likens,1
coincide,1
undermines,1
salient,1
dignified,1
constitution,1
hot,1
thrust,1
commanded,1
denigrating,1
tenably,1
attempting,1
silencio,1
expressed,1
limits,1
bl,1
came,1
lock,1
acceptable,1
steadied,1
path,1
bearing,1
harbor,1
romances,1
societies,1
thomists,1
conflict,1
opposing,1
entered,1
existentially,1
hands,1
traditionally,1
joy,1
temptation,1
treason,1
pandering,1
centers,1
finnis,1
crowd,1
demands,1
province,1
querelle,1
radical,1
dispute,1
owen,1
bind,1
comprehensiveness,1
adolescence,1
assistance,1
persist,1
precluding,1
captured,1
preacher,1
base,1
inflamed,1
inexhaustibility,1
polemics,1
respects,1
drab,1
phenomenology,1
congregations,1
communicating,1
late,1
embedded,1
outset,1
encyclopaedia,1
dust,1
helpfully,1
furthermore,1
traced,1
pointing,1
cuts,1
war,1
circular,1
mediated,1
sharply,1
commentray,1
indirect,1
tools,1
misleading,1
obedience,1
promise,1
younger,1
wealth,1
introspection,1
safe,1
ecclesiam,1
slote,1
verse,1
possessor,1
preeminently,1
foreshadowed,1
absolute,1
guidance,1
perish,1
directions,1
pentecost,1
practise,1
wide,1
receives,1
near,1
sanctifying,1
receive,1
aspects,1
aspiration,1
failure,1
imperils,1
justifies,1
discounting,1
polemically,1
existential,1
specifically,1
vagrants,1
lost,1
throne,1
scripture,1
warens,1
feeding,1
pagans,1
distinguish,1
y,1
remedying,1
decides,1
bystanders,1
optimize,1
scope,1
responding,1
qualifications,1
sakes,1
disputed,1
rudnick,1
betrayed,1
overturn,1
optimizing,1
subtler,1
concept,1
simplification,1
prominent,1
bolder,1
elide,1
thomism,1
uncover,1
london,1
laxity,1
training,1
denial,1
classification,1
transcended,1
promiscuity,1
supreme,1
knight,1
description,1
criticized,1
barren,1
theistic,1
loss,1
corrected,1
reasoned,1
freedom,1
older,1
discussions,1
positivists,1
multnomah,1
issues,1
flight,1
refusing,1
thrasymachus,1
actually,1
flatterers,1
runs,1
thirteenth,1
versus,1
emancipation,1
partiality,1
polygamy,1
focuses,1
mcdermott,1
disciplined,1
corollary,1
prescriptive,1
participate,1
entails,1
philosophically,1
project,1
artifact,1
rowe,1
conform,1
bearer,1
conceptualizes,1
contradictions,1
hitherto,1
subtle,1
pick,1
responses,1
temporality,1
running,1
closing,1
describing,1
hard,1
working,1
carries,1
below,1
corresponds,1
useful,1
hegelian,1
eremita,1
innocent,1
exclusionary,1
standpoint,1
settlement,1
arbitrary,1
involved,1
immeasurability,1
around,1
inextricably,1
theft,1
divisive,1
small,1
calling,1
autonomy,1
endpoint,1
weighty,1
broadie,1
few,1
inescapable,1
purdue,1
wider,1
concerns,1
choose,1
alleviate,1
temporary,1
breaking,1
mi,1
research,1
peak,1
attached,1
usual,1
illusions,1
boundaries,1
implausible,1
impossible,1
perpetrated,1
philip,1
occasions,1
dedicated,1
descendants,1
scott,1
progress,1
addictive,1
lyle,1
acts,1
using,1
beaty,1
depravity,1
french,1
achieves,1
appropriate,1
confidant,1
grateful,1
rawlsian,1
displaced,1
finds,1
dam,1
pervasive,1
mouthpieces,1
humanistic,1
gordon,1
promising,1
naturalistic,1
teleology,1
battles,1
lend,1
wirklicher,1
subsequently,1
erik,1
hellenic,1
transforming,1
theocentric,1
precepts,1
compensated,1
everyday,1
marked,1
direly,1
f,1
battle,1
critical,1
eternity,1
tasks,1
transform,1
business,1
sylvia,1
jest,1
excludes,1
chains,1
outsider,1
dross,1
practices,1
bringing,1
dispositions,1
swollen,1
contingent,1
wilfrid,1
inadequacy,1
spectacle,1
criticize,1
hide,1
service,1
socrates,1
selflove,1
wrenches,1
limited,1
sermon,1
selfwillfulness,1
receptive,1
inclusive,1
edges,1
unconsciously,1
albany,1
plenty,1
exception,1
meditations,1
giovanni,1
otherand,1
inestimable,1
polemical,1
counterfeits,1
apprehensions,1
selfconstraint,1
dismal,1
hobbesian,1
manifest,1
precedes,1
standing,1
permissible,1
initially,1
covert,1
movement,1
southern,1
jesus,1
convoluted,1
ask,1
theologians,1
positive,1
improper,1
biological,1
qq,1
corrupting,1
confronting,1
pliability,1
lutheranism,1
ethically,1
violate,1
coherence,1
corrupts,1
revamping,1
sorrow,1
disposed,1
devotion,1
builds,1
notable,1
perplexity,1
message,1
seeing,1
under,1
during,1
differentiate,1
temperate,1
corrects,1
reconciliation,1
denounced,1
contemplation,1
dyson,1
judgmental,1
acting,1
snare,1
rendall,1
property,1
truthfulness,1
positively,1
eros,1
inherited,1
delight,1
shock,1
congruent,1
keeping,1
abandon,1
lord,1
choices,1
haggling,1
magnanimous,1
exegetical,1
outlined,1
scriptures,1
responsive,1
uncovers,1
eleonore,1
contempt,1
disobedience,1
odds,1
visitors,1
departing,1
qualified,1
emotional,1
incommensurability,1
mich,1
replaces,1
increasingly,1
chastened,1
rise,1
slain,1
avoided,1
picture,1
spontanaeity,1
rings,1
transformative,1
balancing,1
name,1
precis,1
science,1
heritage,1
courageous,1
attacks,1
afterlife,1
dichotomies,1
metaphysical,1
camp,1
rationalism,1
journey,1
purely,1
selfish,1
available,1
conceived,1
deserves,1
harmonious,1
absolve,1
amour,1
confucians,1
perfected,1
addition,1
tutors,1
smith,1
descends,1
analytical,1
herbert,1
lacked,1
speaks,1
joints,1
ethicists,1
naive,1
longer,1
disputatae,1
strictness,1
coincidence,1
treatment,1
reducible,1
pericles,1
scholars,1
deficient,1
banality,1
disinterestedness,1
tillich,1
foods,1
across,1
wedded,1
beliefs,1
motivational,1
phusin,1
praiseworthy,1
plays,1
predominated,1
viii,1
inevitably,1
striving,1
unknowingly,1
really,1
break,1
larger,1
isolate,1
personal,1
preferring,1
emphatic,1
emphatically,1
sellars,1
granting,1
chs,1
appropriately,1
mold,1
fashion,1
pattern,1
seldom,1
obscuring,1
dependencies,1
fragments,1
syllogistic,1
distinct,1
honor,1
prudential,1
overstate,1
guyon,1
fits,1
cancelled,1
paris,1
begin,1
eschatologically,1
posit,1
derivative,1
sadly,1
secular,1
sanding,1
higgling,1
eudaimonists,1
existing,1
pining,1
aiming,1
subordinating,1
seventeenth,1
contractarian,1
strategies,1
underacknowledge,1
hides,1
kalon,1
ahead,1
carnal,1
rich,1
bid,1
culminating,1
contention,1
dispel,1
ignoring,1
cosmos,1
sell,1
impoverished,1
distance,1
amounting,1
reconciled,1
counterpart,1
number,1
pragmatists,1
mill,1
hutcheson,1
lumping,1
gregor,1
linked,1
deceptively,1
thoroughly,1
condiligentes,1
misdirection,1
wonderful,1
purged,1
organize,1
tame,1
years,1
interpreting,1
hesitate,1
nineteen,1
hoarded,1
ineptitude,1
theresa,1
gandhi,1
credit,1
proudly,1
private,1
bousset,1
reveals,1
exploring,1
egoist,1
squanders,1
encounter,1
expanded,1
sufferer,1
considering,1
thucydides,1
treated,1
subjectivity,1
alliance,1
discovery,1
explanation,1
moralist,1
mothers,1
range,1
eighteenth,1
values,1
hinder,1
actualize,1
unreflective,1
wedding,1
callicles,1
deliberately,1
alas,1
delicate,1
enhanced,1
distinctly,1
dethroning,1
personality,1
reside,1
herself,1
sameness,1
needing,1
empirical,1
lesser,1
denies,1
enduring,1
expression,1
stealing,1
shamelessness,1
scotistic,1
characteristically,1
deprived,1
emphasize,1
began,1
doubt,1
causes,1
pauline,1
begetter,1
traditiontranscendental,1
underestimates,1
outcasts,1
questions,1
evolution,1
wolter,1
hoc,1
commandment,1
engaged,1
individuals,1
voice,1
prevail,1
philosopher,1
partisan,1
congregation,1
improvements,1
checkrein,1
leads,1
reasoners,1
adding,1
b,1
publication,1
quaestio,1
maintenance,1
receiver,1
prevents,1
benthamites,1
embrace,1
christopher,1
times,1
pride,1
pleads,1
asocial,1
exquisite,1
revised,1
despising,1
interlocutors,1
spread,1
errs,1
summer,1
salus,1
creating,1
scholasticism,1
high,1
socratic,1
played,1
stresses,1
stages,1
immorality,1
conversation,1
domineering,1
attributing,1
losing,1
tex,1
offense,1
believing,1
standard,1
intrinsic,1
contributions,1
exhortation,1
narcissistic,1
men,1
spent,1
quick,1
consist,1
valued,1
internal,1
article,1
edmund,1
promote,1
qualities,1
leaves,1
disfigurement,1
transcendence,1
realm,1
infringes,1
awakening,1
disgusting,1
gratuitousness,1
lisska,1
authoritatively,1
worldliness,1
consciously,1
wishing,1
incompatible,1
accordingly,1
enjoyed,1
structure,1
wills,1
claiming,1
distant,1
rigorousness,1
unqualified,1
slightly,1
greece,1
divides,1
authorship,1
contending,1
exchanging,1
invented,1
completes,1
pleasantly,1
engagement,1
adorno,1
professional,1
shaftesbury,1
embodied,1
recurring,1
achieve,1
attention,1
la,1
behind,1
widely,1
applies,1
authentically,1
decision,1
beneficence,1
separate,1
infants,1
fails,1
teresa,1
penetrates,1
liberty,1
incline,1
consists,1
accepting,1
somewhat,1
gratifies,1
hiding,1
suggestion,1
edition,1
relegation,1
illusory,1
conscripted,1
imply,1
christianly,1
aid,1
gratuitously,1
foreseen,1
circle,1
adultery,1
aflame,1
whomever,1
distresses,1
belonged,1
succinctly,1
invokes,1
replied,1
advantageously,1
independent,1
excellences,1
dominican,1
variorum,1
blessedness,1
outsiders,1
vision,1
impressive,1
purposes,1
hill,1
miller,1
qualifies,1
ascribing,1
vertical,1
foregoing,1
widespread,1
primarily,1
perseveres,1
naively,1
referred,1
bonds,1
twain,1
sensitive,1
modified,1
translation,1
crept,1
strongly,1
obstacle,1
intractably,1
divergences,1
returned,1
determination,1
anxiety,1
paradoxical,1
class,1
settled,1
successor,1
phrase,1
extra,1
hierarchical,1
continually,1
fall,1
commits,1
sage,1
dutiful,1
answer,1
bypass,1
mother,1
ordinary,1
types,1
creatures,1
oreg,1
face,1
served,1
commenting,1
eugene,1
susan,1
sound,1
rationalize,1
rigorous,1
repulsion,1
reductio,1
meant,1
short,1
biology,1
arche,1
stephen,1
family,1
circumscribed,1
seriously,1
rolling,1
sisters,1
aspiring,1
breach,1
conviction,1
furthest,1
observer,1
conclusion,1
exemplified,1
permissivism,1
mentioned,1
version,1
hedonist,1
radiant,1
flooding,1
biography,1
founded,1
pretext,1
diderot,1
extensive,1
constituted,1
officially,1
aristotelianism,1
irreducibly,1
reconnects,1
forwarded,1
unchastened,1
forgetting,1
impetus,1
unleashed,1
exposition,1
precise,1
reciprocity,1
thousand,1
satisfactory,1
intensify,1
physical,1
quantitative,1
grisez,1
remarkable,1
facie,1
plea,1
tenor,1
daunting,1
eerdmans,1
inert,1
locke,1
butler,1
accommodates,1
shortcoming,1
objectively,1
know,1
revealingly,1
lepur,1
fault,1
thwart,1
readily,1
receivers,1
proponents,1
interpersonal,1
damning,1
concession,1
reversal,1
novel,1
sagacious,1
approximates,1
gone,1
abstinence,1
distraction,1
down,1
current,1
fastidious,1
purifier,1
unacknowledged,1
gap,1
ruination,1
eventually,1
brothers,1
founder,1
conflating,1
exhaustive,1
spontaneously,1
disciple,1
bonnie,1
separating,1
cultivation,1
reciprocally,1
jennifer,1
generalized,1
historical,1
heror,1
proclaiming,1
past,1
masterpiece,1
impressively,1
emerges,1
type,1
caricature,1
beth,1
discarding,1
believed,1
incorporate,1
outlook,1
franciscan,1
suffering,1
alterity,1
theologian,1
unfulfilled,1
restricts,1
denouncing,1
persuasively,1
condemns,1
circles,1
unique,1
smallminded,1
selected,1
offering,1
want,1
westminster,1
unwedded,1
hierarchically,1
maintain,1
attitudes,1
forcefully,1
treachery,1
grief,1
vigorously,1
unnecessary,1
exemptions,1
prudence,1
lafayette,1
shakespeare,1
divinely,1
burkhard,1
pursued,1
divide,1
phenomenological,1
influenced,1
skillfully,1
enflamed,1
quincy,1
permeated,1
categories,1
stump,1
merrihew,1
popular,1
apprehension,1
martha,1
stern,1
souls,1
marc,1
intention,1
empirically,1
pattison,1
son,1
careful,1
willed,1
portraying,1
recognition,1
ill,1
refinement,1
excesses,1
timely,1
utilitarians,1
truthful,1
welcoming,1
suppl,1
constricted,1
sacrificially,1
turns,1
manifold,1
subject,1
lies,1
aptly,1
congenial,1
nussbaum,1
plainer,1
disappears,1
irritation,1
hegel,1
impulses,1
rewardingly,1
unpolemical,1
champions,1
resistance,1
triumphantly,1
images,1
intellectualist,1
conversely,1
pa,1
inclines,1
teachings,1
qualitative,1
challenges,1
maintained,1
isolated,1
comprehend,1
damaging,1
ein,1
jan,1
drive,1
cowardice,1
proceeds,1
lone,1
intent,1
enthusiasm,1
formation,1
devoted,1
rationally,1
until,1
spring,1
undercuts,1
carefully,1
defends,1
unable,1
lists,1
quicksand,1
friendships,1
editor,1
ignored,1
distinguishes,1
powers,1
harshly,1
plausible,1
steadiness,1
deepening,1
illinois,1
grappling,1
numerous,1
kelvin,1
epicureanism,1
deutsch,1
piecemeal,1
grant,1
accept,1
mode,1
sufferings,1
optimizers,1
dangerous,1
move,1
applicable,1
clumsiest,1
instead,1
qualify,1
masse,1
pleasing,1
cooper,1
trustful,1
shared,1
lactantius,1
carbondale,1
sur,1
gross,1
unified,1
clearest,1
kantians,1
thrashings,1
states,1
worthiness,1
yearbook,1
immediacy,1
wideranging,1
limitations,1
sexuality,1
presenting,1
mutuality,1
speak,1
definitive,1
constantinian,1
putting,1
reprints,1
dissent,1
observation,1
specific,1
supported,1
west,1
preferentially,1
optimizer,1
intensely,1
surrender,1
historicism,1
willfulness,1
unqualifiedly,1
conscientiously,1
draft,1
broadening,1
ascendancy,1
scholarship,1
jamie,1
kretzmann,1
scorn,1
experiential,1
debate,1
ingham,1
sharing,1
selfinterested,1
views,1
bargain,1
substantial,1
exclusively,1
boundlessness,1
develop,1
ausverkauf,1
complementarity,1
immediately,1
aesthetes,1
burleigh,1
recent,1
famous,1
infancy,1
fictions,1
misleadingly,1
broader,1
roles,1
hans,1
race,1
tragic,1
embraces,1
evidently,1
odd,1
bce,1
eagerly,1
deeper,1
grants,1
refuting,1
