WORDCOUNTS,WEIGHT
the,366
of,225
and,148
to,129
a,125
is,123
in,115
that,75
love,72
s,67
aziz,56
he,49
with,47
her,46
for,44
not,44
but,42
from,42
it,40
bint,37
by,36
i,35
his,35
aziza,34
on,33
are,32
him,31
she,30
as,27
be,27
one,26
an,26
this,26
ibn,26
at,23
or,20
has,17
two,17
which,16
all,15
no,15
so,15
must,15
have,15
lover,14
such,14
when,14
will,14
layla,14
more,14
man,14
do,14
can,14
rawda,14
who,14
had,13
after,13
woman,13
if,12
alf,12
about,12
day,12
nights,12
what,12
you,12
than,11
because,11
its,11
god,11
thousand,11
their,10
was,10
out,10
would,10
into,9
too,9
up,9
stories,9
lady,9
we,9
andras,9
hamori,9
now,8
cf,8
good,8
only,8
also,8
perhaps,8
another,8
story,8
dunyd,8
much,8
they,7
history,7
there,7
last,7
tawq,7
tale,7
sex,7
ed,7
three,7
then,7
over,7
while,7
fiction,6
tells,6
women,6
together,6
sign,6
behavior,6
kind,6
body,6
soul,6
cannot,6
cairo,6
part,6
away,6
own,6
time,6
men,6
enough,6
tales,6
like,6
lovers,6
been,6
did,6
chaste,6
finally,6
between,6
medieval,5
narrator,5
being,5
long,5
ii,5
sexual,5
dunya,5
times,5
even,5
how,5
goes,5
literary,5
found,5
though,5
norm,5
work,5
various,5
make,5
death,5
beduin,5
where,5
thj,5
language,5
know,5
theory,5
dream,5
ideal,5
should,5
go,4
lust,4
way,4
e,4
spirit,4
tij,4
before,4
said,4
passion,4
seems,4
words,4
book,4
narrative,4
mind,4
bird,4
some,4
ishq,4
left,4
rendezvous,4
whose,4
reason,4
house,4
most,4
my,4
could,4
plot,4
passionate,4
verse,4
your,4
well,4
psychological,4
example,4
heart,4
wife,4
finds,4
noble,4
muwashshd,4
garden,4
makes,4
us,4
falls,4
al,4
other,4
drink,4
many,4
sleep,4
end,4
pleasure,4
nothing,4
princess,4
clear,4
moral,4
fidelity,4
life,4
matters,4
ihazm,4
yearning,4
them,4
rhyme,4
both,4
course,4
yazid,4
common,3
ghoul,3
mouth,3
word,3
prince,3
earthly,3
first,3
give,3
tradition,3
follows,3
take,3
account,3
possible,3
fine,3
prey,3
married,3
marriage,3
poem,3
arab,3
drawn,3
sister,3
yet,3
notion,3
gesture,3
fat,3
revelation,3
moreover,3
means,3
alhmad,3
objects,3
show,3
idealized,3
willing,3
view,3
eat,3
same,3
near,3
qayyim,3
keeping,3
loss,3
year,3
literature,3
people,3
sense,3
next,3
world,3
rapture,3
happy,3
female,3
says,3
criticism,3
fair,3
evil,3
profane,3
home,3
light,3
culture,3
learns,3
social,3
fire,3
dunyi,3
put,3
fact,3
rawd,3
books,3
embroidered,3
made,3
bed,3
full,3
points,3
kerchief,3
become,3
male,3
dawfid,3
abbis,3
table,3
itself,3
following,3
comes,3
conclusion,3
text,3
here,3
natural,3
person,3
knows,3
writes,3
code,3
struck,3
conventional,3
think,3
come,3
d,3
cousin,3
yazld,3
among,3
does,2
ending,2
pity,2
stands,2
becoming,2
constitutes,2
h,2
martyrdom,2
zahra,2
upheaval,2
total,2
leads,2
experience,2
recites,2
certainly,2
finger,2
exclusive,2
hatred,2
succeeds,2
emotion,2
mechanical,2
wore,2
those,2
opposite,2
signs,2
issue,2
takes,2
capacity,2
right,2
gratification,2
alone,2
likely,2
far,2
slack,2
beckoning,2
used,2
eating,2
since,2
g,2
author,2
interprets,2
turn,2
intercourse,2
back,2
giffen,2
slave,2
young,2
mistress,2
find,2
communication,2
himself,2
master,2
may,2
talks,2
lamam,2
bring,2
vampire,2
whether,2
k,2
indirection,2
moves,2
pleasures,2
nor,2
just,2
edition,2
cousins,2
opinion,2
humility,2
friends,2
concupiscence,2
character,2
whom,2
betrayal,2
concentration,2
entered,2
recite,2
martyr,2
woo,2
further,2
pure,2
irony,2
appears,2
devoid,2
meet,2
explain,2
public,2
stations,2
receive,2
line,2
arrives,2
anecdotes,2
writers,2
claim,2
wasting,2
urafd,2
gave,2
place,2
refined,2
falling,2
reflect,2
elegant,2
showing,2
feast,2
t,2
legacy,2
least,2
seized,2
innocent,2
sake,2
reader,2
around,2
mal,2
telling,2
always,2
marry,2
beauty,2
promising,2
therefore,2
inch,2
chains,2
matter,2
absence,2
action,2
object,2
etc,2
judgment,2
interpretation,2
devotion,2
happened,2
serve,2
delight,2
these,2
already,2
contempt,2
begins,2
business,2
again,2
lawful,2
joints,2
treatment,2
fashion,2
forms,2
none,2
hand,2
drinking,2
ironically,2
coarse,2
ch,2
desires,2
addalila,2
father,2
virgin,2
upon,2
true,2
herself,2
top,2
expression,2
food,2
sequence,2
hazm,2
were,2
theories,2
virtues,2
essay,2
keep,2
behind,2
cogent,2
sensible,2
garcia,2
verses,2
me,2
becomes,2
lost,2
began,2
length,2
see,2
mother,2
types,2
poets,2
any,2
tempting,2
ever,2
rival,2
disguise,2
set,2
mutually,2
each,2
sure,2
worth,2
gazelle,2
type,2
suffering,2
according,2
list,2
freedom,2
middle,2
characters,2
entire,2
paradise,2
marked,2
became,2
beloved,2
homologies,2
die,2
lies,2
went,2
our,2
dirhem,2
until,2
jdriyatuka,2
aware,2
although,2
baraka,2
need,2
lured,2
morning,2
ascendancy,2
grief,2
traditional,2
glance,2
prison,2
ends,2
meeting,2
doing,2
glances,1
final,1
resolve,1
ima,1
repay,1
rate,1
done,1
deny,1
forces,1
bride,1
declared,1
concerned,1
later,1
meaning,1
corruption,1
amin,1
stood,1
abhorrence,1
fraudulent,1
ready,1
truth,1
bookish,1
dangers,1
career,1
extreme,1
wa,1
asleep,1
perfection,1
thrown,1
wooing,1
spectacles,1
mystification,1
yd,1
deceit,1
mundane,1
ostentatiously,1
predilection,1
expect,1
aym,1
conversion,1
stripped,1
told,1
american,1
hate,1
systematically,1
instructions,1
fate,1
essays,1
mad,1
crave,1
cherished,1
schools,1
blight,1
complement,1
motivation,1
murder,1
drinks,1
completely,1
modern,1
decrees,1
presents,1
distillation,1
laid,1
submissiveness,1
pots,1
feels,1
acquainted,1
irlakhat,1
sufism,1
waghdi,1
princeton,1
chastity,1
ah,1
lure,1
permitted,1
turning,1
sempre,1
negative,1
pitiful,1
cast,1
either,1
wakes,1
please,1
wrong,1
every,1
nonexistent,1
chronicles,1
sad,1
enthralled,1
originally,1
voluptuous,1
reticence,1
proud,1
taken,1
rested,1
enables,1
analogies,1
burst,1
j,1
vows,1
eats,1
declares,1
definition,1
shies,1
mithlu,1
company,1
saves,1
principles,1
belong,1
advantage,1
bestes,1
desire,1
short,1
simple,1
disproportionate,1
confusion,1
ben,1
solace,1
constituents,1
sang,1
ghaliz,1
indifferent,1
disgust,1
assembled,1
quzman,1
farther,1
impious,1
exalted,1
real,1
loves,1
concealment,1
insinuation,1
help,1
habibi,1
fresh,1
mooring,1
loose,1
state,1
concupiscentiae,1
precisely,1
sacred,1
principal,1
adventures,1
bistfmi,1
reading,1
somewhat,1
intelligence,1
confused,1
madanf,1
warning,1
contents,1
ad,1
system,1
courage,1
case,1
perplexities,1
synchronic,1
teasing,1
ascribed,1
wasted,1
ilyat,1
important,1
plain,1
ubayd,1
conventionality,1
beard,1
propensity,1
u,1
anagnorisis,1
firm,1
saying,1
muddled,1
twist,1
synecdoche,1
chapter,1
ethereal,1
knife,1
impurity,1
recommended,1
happier,1
logical,1
politics,1
compelling,1
open,1
securely,1
illustrate,1
births,1
dinner,1
patient,1
predator,1
obvious,1
risdlat,1
radicals,1
grieve,1
drunk,1
say,1
except,1
scorn,1
x,1
lovesick,1
exchanges,1
sent,1
cited,1
literal,1
keeps,1
plunge,1
against,1
portent,1
lights,1
airs,1
prejudice,1
belly,1
medina,1
exposed,1
learned,1
human,1
goal,1
thus,1
phase,1
includes,1
beaux,1
exprienced,1
relationships,1
madrid,1
agreement,1
development,1
neighbor,1
reject,1
arrested,1
demanded,1
bodily,1
macnaghten,1
procrastinates,1
wrath,1
aus,1
corner,1
charming,1
neighbors,1
divine,1
interest,1
ease,1
moment,1
relations,1
elegantly,1
price,1
signifiers,1
nick,1
pay,1
codified,1
yourself,1
learning,1
forced,1
exercise,1
shahid,1
tribulation,1
cases,1
precludes,1
distinct,1
teller,1
old,1
bay,1
blank,1
turned,1
pecked,1
nadri,1
holds,1
flawed,1
gauge,1
erzdhlungen,1
third,1
peremptorily,1
cardinal,1
thin,1
soothes,1
illuminating,1
died,1
intractability,1
look,1
koran,1
drank,1
details,1
fool,1
hasty,1
ashiqa,1
guard,1
occasion,1
acted,1
madhhab,1
error,1
walls,1
let,1
swears,1
rights,1
contiguity,1
civilization,1
poor,1
hero,1
disposed,1
wishes,1
york,1
understands,1
bog,1
license,1
without,1
exact,1
act,1
rather,1
l,1
absent,1
rewards,1
across,1
taxonomy,1
adds,1
pretends,1
abnegation,1
heels,1
illustration,1
petrof,1
heresy,1
levels,1
capture,1
presentation,1
consternation,1
mean,1
knew,1
nfir,1
nap,1
hers,1
dealt,1
preparatory,1
rescue,1
qubla,1
heard,1
legal,1
loses,1
dar,1
certain,1
ghalibatun,1
leave,1
kitdb,1
direct,1
allegory,1
pages,1
tree,1
lay,1
read,1
cor,1
feel,1
animals,1
dismiss,1
allegorical,1
consistency,1
replete,1
support,1
larab,1
ironic,1
lives,1
category,1
bad,1
theorists,1
rahzun,1
consider,1
calcutta,1
motions,1
toy,1
familiar,1
repeated,1
foul,1
khaldsaka,1
presumably,1
clearly,1
vindicated,1
disgrace,1
section,1
enjoyments,1
traces,1
fairness,1
quoted,1
excitement,1
instrument,1
frequently,1
courtships,1
w,1
littmann,1
qalba,1
powerful,1
quarantined,1
avatar,1
beyond,1
requested,1
efficient,1
testament,1
intentional,1
baths,1
painted,1
hadith,1
instance,1
mutilation,1
answers,1
yes,1
odd,1
comfortingly,1
sidir,1
imminent,1
lascivious,1
tu,1
courtly,1
tyranny,1
disappoints,1
ancient,1
advocated,1
appear,1
hot,1
thinness,1
greater,1
mahabba,1
worries,1
arrived,1
came,1
courageously,1
path,1
opposition,1
asserts,1
stichomythy,1
method,1
aljawziya,1
hands,1
search,1
called,1
color,1
strength,1
mildly,1
determines,1
typical,1
arabs,1
p,1
tumbling,1
diwdn,1
pitchers,1
gentil,1
brutalization,1
pass,1
accompany,1
constantly,1
peccadilloes,1
attenuated,1
spinning,1
poetry,1
inflamed,1
secretly,1
term,1
punishment,1
detailing,1
symptoms,1
embedded,1
mist,1
cultural,1
rabelais,1
hanbali,1
wiesbaden,1
engraved,1
shake,1
trappings,1
itydn,1
impingement,1
deportment,1
mate,1
indirect,1
symbols,1
obedience,1
promise,1
otherwise,1
primrose,1
drowsiness,1
however,1
eye,1
xix,1
anecdote,1
dunyai,1
circumstances,1
source,1
wide,1
duly,1
rooster,1
confusing,1
wants,1
affair,1
todo,1
memory,1
malignity,1
shape,1
underlie,1
retribution,1
embonpoint,1
lughiru,1
imprisoned,1
relief,1
revealed,1
tribulations,1
kitab,1
blade,1
imtd,1
planning,1
beirut,1
intentioned,1
taj,1
carries,1
carry,1
hints,1
mafdasil,1
prompted,1
london,1
purpose,1
explains,1
related,1
gratifications,1
amors,1
grow,1
brutal,1
caught,1
diina,1
got,1
ndchten,1
approve,1
nu,1
corrupt,1
during,1
enraged,1
gaze,1
iz,1
dinars,1
unrequited,1
constitute,1
wdl,1
mentioning,1
whims,1
licit,1
prisoner,1
hugging,1
doors,1
recounting,1
personal,1
cry,1
psychologist,1
anything,1
believes,1
sensibility,1
il,1
bidding,1
shouted,1
astute,1
appetites,1
rage,1
caresses,1
conform,1
minds,1
sprang,1
manifestation,1
messages,1
nykl,1
workaday,1
subtle,1
accelerates,1
untried,1
painting,1
manners,1
things,1
stage,1
fury,1
contrast,1
clothes,1
ripara,1
destiny,1
reaches,1
sharp,1
unsophisticated,1
quite,1
night,1
withdrawing,1
fast,1
sole,1
several,1
wrestle,1
exemplifies,1
feelings,1
choose,1
revealing,1
brought,1
tarkib,1
invaluable,1
bolted,1
husn,1
convulsive,1
distinguished,1
fascin,1
impossible,1
vein,1
patience,1
descendants,1
progress,1
depravity,1
notice,1
peculiar,1
roots,1
galen,1
nadhlin,1
cheating,1
am,1
waiting,1
triangular,1
rest,1
miserable,1
schematic,1
activities,1
affa,1
seemed,1
threatened,1
girl,1
laughed,1
highlights,1
flirts,1
san,1
second,1
variety,1
protecting,1
mysterious,1
flagstones,1
letters,1
bastards,1
logically,1
imagery,1
wrote,1
gradual,1
lams,1
excessive,1
resisted,1
scriptural,1
limited,1
fin,1
attenuate,1
horrors,1
beguile,1
innocence,1
brings,1
beware,1
gift,1
prove,1
still,1
above,1
conceived,1
permissible,1
boy,1
traps,1
spot,1
suppose,1
strategic,1
hold,1
religious,1
powerfully,1
roll,1
relationship,1
selfindulgent,1
assuring,1
foot,1
manipulated,1
extol,1
fruition,1
wake,1
consuming,1
rules,1
accident,1
cowardly,1
silliness,1
thought,1
unattainable,1
den,1
babbles,1
disastrous,1
boundary,1
boredom,1
alayha,1
management,1
puzzle,1
spotless,1
snare,1
planned,1
askisis,1
symptom,1
complete,1
promotes,1
broad,1
excellence,1
alien,1
hunger,1
tommorrow,1
allf,1
noted,1
increasingly,1
avoided,1
fill,1
shops,1
stemmed,1
abeyance,1
french,1
reassuring,1
law,1
suit,1
fret,1
swoon,1
mark,1
toward,1
admirable,1
others,1
spend,1
rejects,1
misfortunes,1
flat,1
rawdat,1
towards,1
release,1
emotions,1
signified,1
speaks,1
shows,1
risdlal,1
idea,1
sing,1
device,1
contrives,1
head,1
perceptible,1
relates,1
fleeing,1
foods,1
anagogical,1
agree,1
ought,1
wine,1
bedridden,1
mural,1
unvirtue,1
choice,1
really,1
named,1
cure,1
new,1
isma,1
reacts,1
deleterious,1
doubt,1
intimated,1
dull,1
communicates,1
pairing,1
convulsions,1
concubine,1
grotesquely,1
psychologists,1
patterns,1
ages,1
readers,1
dwilid,1
stuff,1
physiological,1
ground,1
shipwreck,1
threads,1
yiqigu,1
lull,1
consummation,1
secular,1
habbaba,1
execution,1
receives,1
ating,1
sensual,1
luringly,1
supersedes,1
flesh,1
reminisces,1
yarn,1
hadiths,1
dwfild,1
sluggish,1
spell,1
conviction,1
norms,1
clod,1
couple,1
candelabrum,1
angelic,1
belief,1
irtakhat,1
humdrum,1
threats,1
number,1
free,1
voluptuary,1
grasps,1
lyingly,1
admonish,1
mindfulness,1
violent,1
halla,1
illicit,1
farab,1
empirically,1
exhibit,1
persona,1
encounter,1
discussion,1
disease,1
intent,1
skepticism,1
treated,1
easier,1
moralist,1
beduins,1
bear,1
helps,1
refining,1
inscription,1
gestes,1
attainment,1
lawfully,1
abo,1
delicate,1
passes,1
dissolve,1
samples,1
castrating,1
dmwtid,1
entirely,1
use,1
crumbles,1
affection,1
sold,1
tawdry,1
brutish,1
guidance,1
causes,1
qattu,1
shades,1
inexperience,1
throws,1
grip,1
contrive,1
stammerings,1
contentment,1
stay,1
trust,1
lightness,1
previous,1
option,1
complicated,1
omen,1
aid,1
versions,1
xv,1
significance,1
sura,1
reality,1
reward,1
stress,1
auxin,1
fallacy,1
theoretician,1
bestiality,1
hilm,1
urge,1
admission,1
held,1
pride,1
allowed,1
someone,1
yfinus,1
fellow,1
knack,1
plant,1
distinction,1
stresses,1
lie,1
amore,1
comforts,1
anyone,1
earlier,1
conversation,1
structuralism,1
black,1
fasdd,1
disasters,1
heady,1
imagination,1
abfi,1
admirers,1
spliced,1
perfume,1
gets,1
quashes,1
laxer,1
shackles,1
borderline,1
qualities,1
leaves,1
lift,1
sight,1
nobody,1
accrue,1
victim,1
enjoyed,1
structure,1
enemies,1
archetypes,1
tuzhiru,1
ate,1
looked,1
slide,1
lustfully,1
confesses,1
tendency,1
steers,1
persuading,1
governor,1
temporality,1
caution,1
irresponsible,1
attention,1
sailing,1
la,1
motif,1
visit,1
fails,1
ranging,1
manner,1
european,1
manipulates,1
yields,1
trod,1
suggestion,1
snatches,1
tests,1
manhood,1
off,1
mafasiluhd,1
stems,1
note,1
window,1
dnasa,1
hiz,1
treacherously,1
sighing,1
imprisons,1
chance,1
impugning,1
flourish,1
guests,1
charmed,1
naturally,1
practitioners,1
suggestive,1
imprudently,1
singed,1
fear,1
begin,1
iln,1
finkel,1
insufficient,1
dumb,1
roundabout,1
primarily,1
concluding,1
translation,1
worse,1
claimed,1
awake,1
horrid,1
indicate,1
delicacy,1
owed,1
blood,1
dhamm,1
inferior,1
sheds,1
dead,1
anni,1
harshly,1
sensum,1
sorry,1
colloquial,1
pleasurable,1
unacceptable,1
thick,1
meant,1
pertinacity,1
comic,1
school,1
proof,1
vigor,1
share,1
exercised,1
shadow,1
heavy,1
ahwdl,1
flies,1
ordered,1
girls,1
practice,1
terrible,1
prohibited,1
misogamy,1
hating,1
accordance,1
complexity,1
version,1
merges,1
simply,1
poised,1
wear,1
continues,1
symbolic,1
known,1
slope,1
abbiba,1
endows,1
delectable,1
palace,1
trapped,1
corrections,1
narrowly,1
besides,1
md,1
wicked,1
offers,1
mirrors,1
quickly,1
outcome,1
enters,1
solves,1
bk,1
provence,1
shares,1
tomb,1
reversal,1
attribute,1
connection,1
interested,1
flew,1
branches,1
board,1
desolate,1
inni,1
unknown,1
ft,1
deprivation,1
down,1
scurrilous,1
argue,1
temper,1
hopping,1
visiting,1
loyalty,1
speech,1
euphemism,1
bedfellows,1
amor,1
umar,1
obviously,1
rely,1
very,1
abbud,1
written,1
visits,1
iron,1
happiness,1
past,1
consciousness,1
passage,1
merely,1
better,1
places,1
bean,1
believed,1
beginning,1
captive,1
storyteller,1
warnings,1
sincerity,1
avoidance,1
explanations,1
answered,1
affirm,1
gazing,1
mirage,1
professors,1
making,1
degree,1
met,1
min,1
map,1
warn,1
problem,1
alqalb,1
appetite,1
brilliant,1
abruptly,1
gestures,1
cloth,1
unprized,1
kayfa,1
kitlb,1
views,1
psychology,1
abbas,1
esthetic,1
suggests,1
sordid,1
kindled,1
art,1
weird,1
stern,1
amazed,1
little,1
varieties,1
naked,1
townspeople,1
owner,1
arabic,1
preserved,1
trivial,1
ill,1
hadart,1
refinement,1
given,1
nature,1
through,1
city,1
wedding,1
content,1
renounce,1
transition,1
exaltation,1
assumptions,1
ignorant,1
guile,1
emaciated,1
obtain,1
merchant,1
appointed,1
qabfh,1
ddr,1
twin,1
isolated,1
coming,1
leap,1
contrasts,1
courtship,1
whereupon,1
devoted,1
shown,1
instructive,1
synopsis,1
lists,1
fi,1
argues,1
notes,1
dupe,1
relinquishing,1
sensibilities,1
dein,1
guest,1
accept,1
bdyazid,1
harm,1
wish,1
never,1
satisfactory,1
joined,1
instead,1
pleasing,1
cliche,1
green,1
evidence,1
opinions,1
attributes,1
effects,1
contamination,1
blaze,1
leiden,1
recourse,1
haphazard,1
lovemaking,1
ca,1
remains,1
blameworthy,1
classification,1
handiwork,1
offered,1
briinnow,1
avaricious,1
wretch,1
emptied,1
arrange,1
themselves,1
mystery,1
rejection,1
thing,1
chicago,1
reached,1
dark,1
fling,1
anodyne,1
makdrim,1
persuaded,1
sheer,1
overtake,1
stormy,1
images,1
immediately,1
conventions,1
utters,1
seek,1
observed,1
darling,1
asked,1
openhanded,1
signals,1
roles,1
close,1
fortuitous,1
embraces,1
abbgba,1
