WORDCOUNTS,WEIGHT
the,1198
of,876
and,661
in,515
to,508
a,470
that,379
s,355
as,257
his,205
is,198
for,170
newman,153
with,145
he,140
this,124
christian,116
novel,114
by,107
not,105
which,95
her,95
kingsley,94
victorian,93
an,90
it,89
marius,89
at,88
pater,81
on,77
marriage,76
callista,76
be,76
i,72
have,71
was,69
christ,63
between,62
one,61
has,61
these,60
from,60
early,60
agellius,59
love,56
who,54
its,53
but,52
men,51
more,50
catacombs,49
christianity,49
or,47
him,47
had,46
are,46
man,45
through,45
sexual,42
may,41
however,41
although,41
new,40
if,39
see,38
she,38
even,37
their,37
about,37
when,36
fabiola,35
epicurean,35
so,35
life,35
desire,34
celibacy,34
into,33
also,33
yet,31
culture,31
they,30
might,30
god,30
only,30
been,30
all,29
other,29
within,29
some,29
own,29
sexuality,29
literature,27
male,27
what,27
out,26
oxford,26
than,26
after,26
novels,26
closet,26
caecilius,25
up,25
upon,25
women,24
such,24
two,24
homosexual,23
himself,23
cornelius,23
religious,23
perhaps,23
would,23
roman,23
does,22
church,22
gender,22
time,22
first,21
were,21
relations,21
qtd,21
identity,21
religion,20
whom,20
well,20
we,20
catholic,20
homosexuality,20
york,19
no,19
most,19
northcote,19
christians,19
john,19
like,19
english,18
hypatia,18
important,18
world,18
another,18
narrator,17
rome,17
fact,17
can,17
them,17
both,17
apologia,16
studies,16
place,16
p,16
will,16
many,16
light,16
remarks,16
story,16
then,16
hellenism,15
ed,15
heterosexual,15
faith,15
greek,15
must,15
suggests,15
you,15
t,14
tradition,14
too,14
london,14
st,14
conversion,14
state,14
becomes,14
while,14
ideal,14
there,13
henry,13
those,13
letter,13
culler,13
literary,13
least,13
underground,13
woman,13
points,13
celibate,13
any,13
raphael,13
wiseman,13
role,13
cambridge,13
charles,13
way,12
fiction,12
browning,12
being,12
point,12
thus,12
married,12
represented,12
study,12
example,12
issues,12
long,12
once,12
genre,12
aesthetic,12
figure,12
itself,12
victoria,12
set,12
over,12
cecilia,12
despite,12
representation,12
notes,12
among,12
told,11
modern,11
history,11
human,11
poem,11
without,11
rather,11
moreover,11
spiritual,11
suggest,11
indeed,11
england,11
later,11
gay,11
classical,11
argues,11
herself,11
martin,11
often,11
marriages,11
years,11
now,10
seems,10
great,10
narrative,10
context,10
mortal,10
account,10
against,10
walter,10
century,10
hero,10
whose,10
agnes,10
n,10
my,10
could,10
term,10
masculinity,10
because,10
work,10
secret,10
philammon,10
family,10
highly,10
significantly,10
protagonist,10
critics,10
nonetheless,10
letters,10
wrote,10
never,10
do,10
less,10
belief,10
made,10
become,10
flavian,10
present,10
relationship,10
means,10
face,10
themselves,10
seiler,10
ruins,10
terms,10
e,9
jucundus,9
robert,9
side,9
conflict,9
review,9
edition,9
sedgwick,9
plot,9
young,9
heart,9
loss,9
williams,9
order,9
specifically,9
movement,9
serve,9
ancient,9
same,9
psyche,9
begins,9
friend,9
published,9
name,9
end,9
convert,9
svaglic,9
masculine,9
me,9
hilliard,9
chitty,9
know,9
according,9
form,9
wilde,9
anxieties,9
vance,9
epicureanism,9
course,9
need,9
still,9
should,9
bride,8
true,8
juba,8
before,8
attempt,8
j,8
nature,8
written,8
heterosexuality,8
body,8
sin,8
how,8
something,8
house,8
surface,8
found,8
called,8
effeminate,8
esp,8
discussions,8
attention,8
marry,8
buckton,8
make,8
beliefs,8
hill,8
writings,8
catholicism,8
earlier,8
analysis,8
series,8
alternative,8
argue,8
works,8
particular,8
writing,8
our,8
reveals,8
rejection,8
much,8
introduction,7
miriam,7
character,7
homoerotic,7
hence,7
together,7
virginity,7
composition,7
take,7
very,7
undoubtedly,7
turn,7
fulvius,7
general,7
mary,7
age,7
opposition,7
houghton,7
speaker,7
companion,7
your,7
possibility,7
part,7
tombs,7
whole,7
during,7
discourse,7
pambo,7
wife,7
beauty,7
faber,7
dowling,7
home,7
paul,7
toward,7
others,7
death,7
observes,7
discourses,7
father,7
vision,7
clear,7
essay,7
played,7
serves,7
implicitly,7
importantly,7
eventually,7
seem,7
did,7
particularly,7
trope,7
almost,7
u,7
ruskin,7
given,7
city,7
characters,7
traditional,7
done,6
tion,6
ker,6
essays,6
word,6
position,6
source,6
wolff,6
attempts,6
words,6
alan,6
fully,6
smith,6
case,6
rambler,6
lover,6
interest,6
moment,6
brother,6
site,6
r,6
erotic,6
bring,6
ways,6
secrets,6
catholics,6
makes,6
escape,6
university,6
view,6
friends,6
attack,6
further,6
library,6
shall,6
cultural,6
friendship,6
cannot,6
near,6
scene,6
relief,6
calls,6
partly,6
people,6
actually,6
thereafter,6
believes,6
earth,6
describes,6
am,6
effeminacy,6
represents,6
read,6
sex,6
complete,6
power,6
asks,6
hand,6
real,6
pleasure,6
maintains,6
pagan,6
times,6
high,6
outside,6
greece,6
george,6
husband,6
wright,6
text,6
cousin,6
each,6
down,6
historical,6
just,6
g,6
discussion,6
gain,6
come,6
norman,6
go,5
represent,5
becoming,5
earthly,5
necessarily,5
feels,5
nineteenth,5
every,5
production,5
refusal,5
manliness,5
simple,5
inherent,5
subsequent,5
mind,5
priest,5
reading,5
con,5
vol,5
prior,5
politics,5
richard,5
say,5
says,5
throughout,5
adams,5
kind,5
nor,5
old,5
david,5
cardinal,5
drawn,5
heroes,5
saints,5
certain,5
aestheticism,5
bonds,5
tensions,5
argued,5
w,5
powerful,5
hetero,5
m,5
union,5
expressed,5
here,5
heaven,5
decadence,5
sites,5
knowledge,5
experience,5
levey,5
increasingly,5
hidden,5
good,5
useful,5
crawford,5
around,5
thereby,5
f,5
critical,5
therefore,5
various,5
brings,5
single,5
criticism,5
under,5
us,5
book,5
monks,5
appeared,5
children,5
doubt,5
forth,5
remarked,5
manly,5
routledge,5
autobiography,5
imagine,5
practice,5
full,5
described,5
attraction,5
froude,5
rambuss,5
individual,5
relation,5
epistemology,5
decision,5
where,5
meets,5
considered,5
associated,5
simply,5
offers,5
dellamora,5
adorned,5
hyena,5
syra,5
arguments,5
difference,5
write,5
states,5
bliss,5
debate,5
matrimony,5
doing,5
common,4
ready,4
discover,4
complex,4
saved,4
closure,4
live,4
martyrdom,4
criticizes,4
chapman,4
tells,4
savior,4
certainly,4
hellenic,4
give,4
darkness,4
asserts,4
company,4
able,4
hundred,4
existence,4
primary,4
obviously,4
crypts,4
development,4
heroines,4
divine,4
eroticized,4
defense,4
served,4
find,4
vincent,4
consequently,4
look,4
critique,4
reflects,4
virility,4
doctrine,4
thing,4
importance,4
leave,4
derived,4
absorbed,4
lives,4
disclosure,4
linked,4
beyond,4
instance,4
maison,4
whereas,4
aristo,4
begun,4
informed,4
buried,4
hanson,4
recently,4
victorians,4
having,4
pagans,4
manhood,4
extent,4
emphasis,4
stake,4
explains,4
year,4
genuine,4
tale,4
forces,4
specifi,4
change,4
contrast,4
concerns,4
heroine,4
altogether,4
always,4
resistance,4
finds,4
seemed,4
absence,4
appreciate,4
community,4
thought,4
soon,4
moments,4
mr,4
pointed,4
similarly,4
speaks,4
really,4
fallen,4
v,4
ground,4
considers,4
shown,4
norms,4
sicca,4
link,4
dorm,4
worship,4
concern,4
cupid,4
questions,4
open,4
language,4
vita,4
cally,4
eyes,4
pro,4
things,4
ity,4
immortality,4
reviewer,4
fear,4
spouse,4
ironically,4
ryan,4
seen,4
transformation,4
length,4
blood,4
surprising,4
respect,4
problematic,4
meant,4
offered,4
symbol,4
sinews,4
best,4
expresses,4
plague,4
far,4
past,4
passage,4
believed,4
chicago,4
making,4
comes,4
muscular,4
mere,4
theory,4
voice,4
burns,4
until,4
finally,4
sua,4
include,4
d,4
attempted,4
speak,4
views,4
element,4
little,4
immediately,4
conventions,4
strong,4
recent,4
roles,4
miller,3
appropriation,3
child,3
companionship,3
emptiness,3
truth,3
extreme,3
berkeley,3
alone,3
obliquely,3
articulating,3
intellectual,3
ostensibly,3
sudden,3
easily,3
observing,3
root,3
baker,3
laura,3
different,3
romance,3
embraced,3
discovers,3
interested,3
vols,3
address,3
experiments,3
displacement,3
continue,3
uneasy,3
reveal,3
concealment,3
harmondsworth,3
strength,3
opposite,3
associates,3
issue,3
conventionality,3
tractarian,3
representations,3
indirectly,3
felt,3
possible,3
determined,3
judith,3
relatedly,3
holiness,3
desired,3
radical,3
scandal,3
collection,3
explained,3
mine,3
simeon,3
assumes,3
hitherto,3
rejects,3
curiously,3
perceived,3
ithaca,3
wholly,3
third,3
penguin,3
veil,3
kelly,3
deceased,3
journal,3
apparently,3
hardly,3
influence,3
monk,3
walls,3
profoundly,3
teaching,3
edward,3
anglican,3
appreciation,3
explicit,3
ch,3
mean,3
opportunity,3
granted,3
similar,3
strange,3
boone,3
ix,3
lay,3
chivalric,3
soul,3
wanted,3
march,3
dichotomy,3
emergence,3
preoccupation,3
companions,3
show,3
commonly,3
fatherhood,3
procreation,3
yes,3
care,3
cyprian,3
thinks,3
greater,3
lead,3
cornell,3
noting,3
journey,3
passionate,3
late,3
wed,3
lose,3
treat,3
burial,3
placed,3
gods,3
failure,3
periodical,3
none,3
theological,3
basis,3
future,3
andrew,3
apparent,3
precipitated,3
gave,3
away,3
sic,3
sense,3
hard,3
below,3
sympathy,3
unexpected,3
socialist,3
calling,3
imagines,3
members,3
brides,3
dramatic,3
fanny,3
dedicated,3
peculiar,3
disturbing,3
enjoy,3
attacks,3
void,3
highlights,3
second,3
short,3
happy,3
play,3
sermon,3
female,3
poor,3
object,3
april,3
converted,3
allen,3
july,3
above,3
put,3
measure,3
depicted,3
seeing,3
delight,3
lord,3
emotional,3
garland,3
bridal,3
foucault,3
sketch,3
fill,3
lee,3
volume,3
solomon,3
heritage,3
challenge,3
carolyn,3
again,3
harrington,3
towards,3
wedded,3
asceticism,3
larger,3
contemporary,3
roof,3
forms,3
took,3
manner,3
marrying,3
perceives,3
number,3
day,3
displace,3
understanding,3
clarendon,3
range,3
implicated,3
formal,3
entirely,3
refers,3
renunciation,3
ideas,3
nothing,3
california,3
involves,3
ties,3
talk,3
fresh,3
period,3
expressing,3
especially,3
labour,3
article,3
reads,3
sight,3
examine,3
effect,3
engagement,3
brown,3
pure,3
mother,3
aestheticized,3
bound,3
crypt,3
force,3
anxiety,3
why,3
construction,3
michael,3
united,3
hope,3
instances,3
get,3
joseph,3
school,3
thinking,3
preface,3
homosocial,3
constructed,3
generic,3
temple,3
bright,3
feelings,3
social,3
image,3
dishonesty,3
returns,3
clearly,3
theology,3
asserting,3
living,3
better,3
evident,3
turned,3
beginning,3
attitudes,3
charged,3
statement,3
limbs,3
bridegroom,3
vehicle,3
texts,3
encounters,3
popular,3
biography,3
presented,3
met,3
sacraments,3
alternatives,3
became,3
impulses,3
ever,3
using,3
ultimately,3
argument,3
jew,3
wish,3
define,3
baptism,3
seeks,3
folly,3
desert,3
vi,3
c,3
justify,3
perversion,3
era,3
virgins,3
fears,3
prison,3
meeting,3
daughter,3
boswell,3
embraces,3
nicholas,2
final,2
resolve,2
horror,2
bernard,2
inward,2
recesses,2
o,2
devotee,2
representing,2
chivalry,2
proud,2
serpent,2
names,2
recalls,2
eternal,2
suggested,2
till,2
prompts,2
commitment,2
separated,2
dangers,2
extend,2
admiration,2
repre,2
mar,2
elaborately,2
fate,2
referring,2
likely,2
gurta,2
cold,2
monthly,2
favor,2
conscious,2
spirit,2
unnatural,2
hair,2
acceptance,2
equated,2
tween,2
unlike,2
laid,2
unnaturalness,2
girouard,2
hayes,2
russell,2
nazianzen,2
facets,2
practices,2
test,2
diaries,2
moore,2
guzynski,2
said,2
notre,2
anything,2
implications,2
feeling,2
degree,2
beautiful,2
neil,2
unexpectedly,2
iniquity,2
mob,2
dramatically,2
shaped,2
susann,2
debates,2
fitzpatrick,2
examination,2
indulge,2
differences,2
normative,2
achievement,2
xiii,2
closer,2
onto,2
antipathy,2
setting,2
conjugal,2
converts,2
mystical,2
glory,2
respond,2
geoffrey,2
thy,2
alike,2
marries,2
behind,2
british,2
billie,2
takes,2
occasional,2
plain,2
recorded,2
attacked,2
captures,2
draws,2
trans,2
draw,2
hall,2
right,2
womanly,2
sheridan,2
pisa,2
signifier,2
chapter,2
craft,2
oscar,2
bloom,2
condition,2
magazine,2
x,2
literal,2
along,2
fragment,2
sweet,2
tearoom,2
symonds,2
framework,2
maynard,2
central,2
member,2
includes,2
therein,2
halperin,2
brought,2
de,2
tropic,2
virile,2
relationships,2
stomach,2
interior,2
initially,2
plato,2
nuptial,2
novelistic,2
forgotten,2
precipitates,2
relatively,2
decided,2
ferrer,2
raises,2
issued,2
facet,2
rooted,2
topic,2
learning,2
litvack,2
sanders,2
hate,2
faustine,2
places,2
masculinized,2
profound,2
remarking,2
highest,2
response,2
amphitheatre,2
columbia,2
vocation,2
honour,2
truly,2
dame,2
explore,2
marital,2
deeply,2
throng,2
occasion,2
blehl,2
generation,2
though,2
sensations,2
cites,2
ment,2
realization,2
let,2
perfect,2
deplorable,2
failed,2
permits,2
genital,2
communities,2
alexandria,2
asserted,2
recognized,2
hopes,2
reviews,2
portrayed,2
across,2
developed,2
lie,2
mediated,2
notices,2
levine,2
unique,2
comply,2
michel,2
allegory,2
enabled,2
impressed,2
cases,2
govern,2
supposed,2
reason,2
lambert,2
arid,2
mrs,2
category,2
romantic,2
sotterranea,2
marks,2
unaware,2
consider,2
instruction,2
objects,2
feminine,2
established,2
dwight,2
puseyite,2
presumably,2
proved,2
days,2
undergrounds,2
weak,2
distasteful,2
xi,2
presumed,2
overlook,2
harold,2
depart,2
testament,2
hertz,2
monarch,2
imprisonment,2
puts,2
willing,2
back,2
unfailing,2
excavation,2
tears,2
apollo,2
uses,2
gregory,2
closely,2
advance,2
came,2
agenda,2
transmission,2
allusive,2
rule,2
entered,2
discrete,2
seven,2
curiosity,2
criticisms,2
relate,2
sr,2
dowson,2
luxury,2
initial,2
parallel,2
chauncey,2
equally,2
furthermore,2
pointing,2
focused,2
silence,2
cism,2
reding,2
bore,2
appears,2
viewed,2
tourists,2
reinforce,2
ruffians,2
promise,2
applied,2
confirmation,2
saving,2
absolute,2
taught,2
wide,2
sacrifice,2
oh,2
experiment,2
emanation,2
lost,2
weidenfeld,2
figurative,2
romans,2
probably,2
intense,2
contexts,2
foes,2
writers,2
nine,2
charity,2
unless,2
prompted,2
psychological,2
breeding,2
feared,2
aestheticizes,2
citation,2
dear,2
truthfulness,2
reynolds,2
literally,2
queens,2
constitute,2
call,2
confesses,2
douglas,2
corollary,2
inman,2
kosofsky,2
project,2
feast,2
following,2
unmarried,2
lifted,2
describing,2
deity,2
stage,2
poet,2
le,2
rutgers,2
sharp,2
quite,2
admired,2
turret,2
several,2
close,2
leaves,2
chastity,2
few,2
june,2
sisters,2
elaborates,2
supposedly,2
hopkins,2
startling,2
secrecy,2
impossible,2
counterdiscourse,2
visible,2
generally,2
paton,2
maintained,2
participates,2
value,2
grateful,2
provided,2
preliminary,2
bartlett,2
rest,2
avoid,2
occasions,2
inspection,2
temporarily,2
girl,2
gilley,2
forever,2
fell,2
revival,2
subversive,2
return,2
purity,2
echoing,2
athletics,2
backdrop,2
powerfully,2
hear,2
anticipates,2
gospel,2
reference,2
evil,2
clergy,2
dandies,2
saint,2
chris,2
learns,2
stones,2
avoided,2
persuasive,2
inhabitants,2
disposition,2
leader,2
idea,2
conceal,2
omission,2
emblematized,2
mark,2
purely,2
gentle,2
descends,2
longer,2
deviance,2
treatment,2
pressure,2
striking,2
ought,2
grave,2
uncle,2
gray,2
inspired,2
edly,2
golden,2
charges,2
serious,2
readers,2
discussing,2
road,2
afterwards,2
anglicans,2
necessary,2
deep,2
buckley,2
youth,2
controversy,2
rhodes,2
streets,2
follows,2
chadwick,2
explicitly,2
free,2
tianity,2
deepens,2
desires,2
pestilence,2
ence,2
warning,2
finish,2
divided,2
ecstasy,2
considering,2
turns,2
discovery,2
servant,2
unsigned,2
parents,2
including,2
sixth,2
significant,2
expression,2
use,2
largely,2
wonderful,2
prospective,2
jerome,2
morality,2
autobiographical,2
epitaphs,2
stay,2
trust,2
sees,2
previous,2
rejected,2
discovered,2
nephew,2
archaeological,2
publication,2
august,2
eve,2
embrace,2
sebastian,2
fr,2
shortly,2
anyone,2
renewal,2
thomas,2
ignorance,2
spent,2
sanctuary,2
graves,2
conclusions,2
maxim,2
satisfy,2
imaginative,2
suited,2
narrow,2
womanish,2
sacred,2
obscure,2
seeking,2
galleries,2
figures,2
macmillan,2
save,2
devotions,2
haven,2
unreservedly,2
tendency,2
embodied,2
taking,2
sented,2
references,2
consequences,2
increasing,2
carried,2
lifetime,2
today,2
note,2
wisdom,2
continued,2
provide,2
assert,2
sometimes,2
linda,2
five,2
sports,2
bye,2
relieved,2
ministry,2
saintly,2
dessain,2
celebration,2
inside,2
attitude,2
espousal,2
yale,2
understand,2
recognize,2
introductory,2
responsible,2
borrowings,2
ward,2
humanitarianism,2
dead,2
ing,2
roma,2
centuries,2
months,2
humiliation,2
repressed,2
articles,2
figured,2
susan,2
effemi,2
stephen,2
proof,2
curious,2
constantine,2
girls,2
material,2
elaborate,2
resurfacing,2
extensive,2
beside,2
continues,2
fleishman,2
alfred,2
rival,2
quotes,2
sussman,2
edelman,2
drew,2
encoded,2
edited,2
couples,2
homoeroticism,2
butler,2
eds,2
principle,2
asylum,2
vow,2
cultures,2
tomb,2
share,2
print,2
wall,2
outlay,2
presence,2
underwrite,2
ideological,2
intro,2
ous,2
associations,2
identities,2
eponymous,2
intimates,2
type,2
oliver,2
merely,2
wilson,2
tolerance,2
subterranean,2
cal,2
specter,2
noise,2
defend,2
transparent,2
persuasively,2
month,2
namely,2
want,2
monastery,2
males,2
metaphor,2
eroticism,2
platonic,2
vigorously,2
brink,2
problem,2
adaptation,2
inscriptions,2
fascination,2
brilliant,2
boys,2
lista,2
witnessing,2
stern,2
boston,2
son,2
recognition,2
ill,2
sea,2
press,2
degeneration,2
sexually,2
intended,2
egyptian,2
mansfield,2
struck,2
sion,2
conventional,2
polemo,2
tender,2
solitary,2
coming,2
fictional,2
courtship,2
espouse,2
robertson,2
question,2
song,2
soft,2
examines,2
defends,2
friendships,2
initiated,2
structured,2
quest,2
numerous,2
opens,2
submits,2
bibliography,2
accept,2
aware,2
iden,2
public,2
offer,2
speaking,2
evidence,2
physical,2
rubin,2
dahl,2
writer,2
arti,2
effects,2
philosophy,2
promptly,2
remains,2
roughly,2
observation,2
surely,2
potential,2
surrender,2
fastidiousness,2
exhaustive,2
bell,2
irrelevant,2
hymn,2
entire,2
images,2
ends,2
north,2
nun,2
famous,2
asked,2
built,2
signals,2
perpetual,2
glances,1
victorianists,1
countryside,1
grasped,1
difficult,1
admirably,1
democracy,1
ending,1
defending,1
jowett,1
produces,1
freezes,1
revisionist,1
struggle,1
situate,1
exhibiting,1
digressions,1
shaveling,1
fathers,1
date,1
edge,1
jewels,1
humankind,1
appealed,1
encode,1
primal,1
declared,1
heroic,1
fallible,1
concerned,1
generated,1
productions,1
commentary,1
stood,1
strives,1
scholar,1
shelves,1
wonder,1
pale,1
dawn,1
deserve,1
affected,1
distress,1
episodes,1
asleep,1
instinctively,1
thrown,1
november,1
northeast,1
affirming,1
submission,1
extends,1
tusculum,1
ultimate,1
intersect,1
concurrence,1
stands,1
bidden,1
notably,1
uranian,1
ryder,1
disregard,1
former,1
passing,1
sec,1
lvi,1
speakers,1
group,1
large,1
enables,1
cle,1
hot,1
coaxes,1
led,1
profundis,1
connubial,1
deepest,1
pondered,1
envisioned,1
lishes,1
jews,1
elaborated,1
bailiff,1
identify,1
diverge,1
designed,1
stone,1
oratory,1
songs,1
alive,1
grenfell,1
unveil,1
murder,1
thank,1
remnants,1
protection,1
brotherhoods,1
assumptions,1
jonathan,1
rediscovered,1
cornwall,1
encountering,1
dare,1
park,1
skyline,1
xxxi,1
porten,1
foreshadows,1
duke,1
assumption,1
catacomb,1
theatre,1
earnest,1
follower,1
scribner,1
perfunctorily,1
justified,1
western,1
masculinizing,1
frightful,1
supper,1
virtually,1
ardor,1
pose,1
pates,1
title,1
communion,1
variants,1
aversion,1
paper,1
phaedrus,1
oates,1
husenbeth,1
husbands,1
unproblematically,1
naturalness,1
detailing,1
contrasted,1
arguing,1
martyrs,1
descriptions,1
causes,1
revision,1
variety,1
sepulchers,1
humanities,1
chief,1
amongst,1
pretending,1
persecute,1
jig,1
missive,1
betrayed,1
spit,1
sparrow,1
arms,1
brutal,1
highlight,1
pitiful,1
rudy,1
rising,1
painful,1
harcourt,1
cast,1
synonymous,1
awkwardness,1
aside,1
discretion,1
else,1
decidedly,1
smiles,1
permit,1
withdrawn,1
extraordinarily,1
sublimated,1
sublimate,1
lightly,1
sources,1
familiarity,1
wrong,1
titles,1
amidst,1
revisited,1
abate,1
creation,1
publisher,1
titling,1
dagger,1
devonshire,1
greatness,1
enthralled,1
hood,1
freshness,1
originally,1
ii,1
welter,1
figurations,1
clergymen,1
taken,1
restoration,1
military,1
culturally,1
quails,1
combat,1
possesses,1
preconstructed,1
testimonies,1
season,1
encouraged,1
actual,1
unreal,1
heavens,1
fragmentary,1
virulent,1
retreat,1
tourist,1
resurrects,1
canon,1
latent,1
possibilities,1
attractive,1
copy,1
predecessor,1
prayed,1
thraldom,1
twenty,1
explores,1
secondary,1
belong,1
parameters,1
assertion,1
ardently,1
passageways,1
precipi,1
feminism,1
confusion,1
vention,1
haughty,1
gradual,1
undergird,1
embittered,1
accumulated,1
potentially,1
denoted,1
depicts,1
confront,1
obeyed,1
reassured,1
incident,1
arrives,1
service,1
quintessential,1
reunion,1
skirts,1
court,1
room,1
festivities,1
advocated,1
kingdom,1
debt,1
reproduction,1
imperious,1
help,1
creator,1
tossing,1
harrowing,1
last,1
faithful,1
loose,1
delle,1
determines,1
locksley,1
elision,1
emphasized,1
influences,1
raised,1
tv,1
reserved,1
demeanor,1
serene,1
embody,1
discipline,1
somewhat,1
ller,1
signs,1
declines,1
surveys,1
hostility,1
thascius,1
nuptials,1
confused,1
threshold,1
daniel,1
disobeying,1
deduced,1
tell,1
rethinking,1
traces,1
reconsidered,1
similarities,1
weighing,1
devi,1
butthole,1
piper,1
painstaking,1
ernest,1
concealed,1
revolt,1
mountain,1
blackford,1
apostles,1
dancing,1
splendors,1
advocates,1
suspect,1
exclaims,1
classifying,1
harris,1
amorous,1
gazed,1
listens,1
resembles,1
atten,1
sale,1
identifies,1
eventual,1
assertions,1
key,1
mysteries,1
formulation,1
drank,1
repulsed,1
adopts,1
ciate,1
propensity,1
robes,1
sought,1
bases,1
mass,1
expenses,1
america,1
victo,1
addresses,1
tearooms,1
crowd,1
pity,1
wailing,1
capable,1
implies,1
marked,1
compelling,1
activity,1
sidered,1
exhibits,1
illustrate,1
pleasant,1
burning,1
reservations,1
solely,1
functions,1
october,1
devastation,1
insight,1
vital,1
crowned,1
withholds,1
regretted,1
epistle,1
convince,1
diss,1
barry,1
leon,1
occurring,1
interdisciplinary,1
fabius,1
except,1
regards,1
disciple,1
exchanges,1
guage,1
memoriam,1
sent,1
shone,1
conception,1
laws,1
household,1
desirable,1
tous,1
verus,1
anticipated,1
tawny,1
tyne,1
plied,1
promises,1
judgment,1
demanded,1
awaits,1
explorer,1
transcen,1
impend,1
loves,1
moral,1
beneath,1
behaviors,1
audience,1
penetrate,1
prejudice,1
paganism,1
harmony,1
manley,1
cursory,1
retrieval,1
shut,1
aggression,1
visits,1
ho,1
pillar,1
guilty,1
exposed,1
winning,1
learned,1
repeatedly,1
relies,1
klngsley,1
somehow,1
savour,1
million,1
ineluctably,1
sick,1
chapters,1
royal,1
selves,1
gurnall,1
tury,1
histori,1
chastises,1
historically,1
schoolteacher,1
doris,1
erable,1
unrealized,1
immediate,1
reinscription,1
inner,1
boy,1
quality,1
reject,1
axioms,1
xtianity,1
firmian,1
countless,1
bent,1
since,1
arrested,1
illustrates,1
inveighs,1
spaciousness,1
uvre,1
nearly,1
hierarchy,1
anity,1
offended,1
author,1
lucilla,1
bodily,1
womb,1
invocation,1
darton,1
attended,1
satisfactions,1
ability,1
brotherly,1
riage,1
mating,1
delivered,1
club,1
signifiers,1
ut,1
feb,1
subtitle,1
jr,1
overt,1
convention,1
lan,1
sermons,1
seemingly,1
february,1
extensively,1
replaced,1
vengeance,1
admitted,1
snake,1
hat,1
epitha,1
spreading,1
priority,1
brooding,1
connote,1
pushed,1
denied,1
underlying,1
rejecting,1
perspective,1
unspeakable,1
refer,1
transfigured,1
conveys,1
belittled,1
structural,1
dutifully,1
ian,1
peculiarity,1
holds,1
extraordinary,1
inclusion,1
races,1
myth,1
graphically,1
adumbrated,1
brace,1
agree,1
ally,1
left,1
continuous,1
faintly,1
athenians,1
witnessed,1
despair,1
illuminating,1
died,1
undertaking,1
formulate,1
trascend,1
styles,1
mates,1
id,1
clough,1
ambigu,1
student,1
remarkably,1
hodder,1
excavator,1
perversions,1
corrected,1
vice,1
intrigued,1
knelt,1
gaze,1
tentatively,1
looms,1
decline,1
wayfarer,1
guard,1
discovering,1
inviting,1
incisive,1
invites,1
weakness,1
talent,1
recur,1
nuanced,1
subversion,1
unmanly,1
fierce,1
dorier,1
master,1
virtuous,1
brow,1
chariots,1
intuition,1
glad,1
celebrating,1
homoeroti,1
kept,1
distinct,1
longing,1
imaginatively,1
unlikely,1
higher,1
themes,1
morehouse,1
jucun,1
experi,1
sixteen,1
sinewy,1
denunciation,1
interesting,1
humiliate,1
weapon,1
brute,1
avoids,1
wishes,1
romanist,1
recovers,1
enjoyment,1
outlet,1
essential,1
german,1
whining,1
youthful,1
aesculapius,1
imitate,1
supernatural,1
resists,1
act,1
forbids,1
tennyson,1
sets,1
links,1
dishonour,1
slavery,1
homo,1
wanting,1
main,1
inwardness,1
miserable,1
superficial,1
centered,1
adds,1
convent,1
stages,1
interpretation,1
aggressive,1
repeal,1
basic,1
stripped,1
espouses,1
fair,1
breast,1
indirect,1
responded,1
highlighted,1
una,1
approaches,1
undergraduates,1
deliberately,1
requisite,1
prohibit,1
pressing,1
fever,1
determining,1
rescue,1
supplement,1
eight,1
inhere,1
longmans,1
exemption,1
humanity,1
b,1
entrances,1
del,1
puzzle,1
sacrificed,1
direct,1
classic,1
plots,1
ongoing,1
benjamin,1
jesuit,1
chariot,1
special,1
envision,1
beaten,1
cloister,1
individ,1
monologues,1
constraining,1
trace,1
discoveries,1
feel,1
overlooked,1
allegorical,1
space,1
nuances,1
undoubt,1
hound,1
addressing,1
guides,1
shining,1
sculptress,1
unconventional,1
decimates,1
giuseppe,1
solutions,1
brunswick,1
utterly,1
defies,1
perceptions,1
maintaining,1
monumental,1
facilitated,1
servants,1
wherewith,1
unknow,1
possibly,1
bespeak,1
loathe,1
baptized,1
physically,1
familiar,1
antidote,1
validates,1
imposed,1
yellow,1
aura,1
eschew,1
francis,1
vivid,1
amid,1
creatures,1
driven,1
alluded,1
elevated,1
gazing,1
gradually,1
articulated,1
glorious,1
locusts,1
surpassing,1
vitality,1
frequently,1
hastened,1
shrinking,1
coventry,1
mask,1
suspicions,1
exposes,1
gleaming,1
magdalen,1
superior,1
yea,1
concep,1
major,1
origins,1
ugly,1
millennium,1
erupted,1
readings,1
polar,1
submerged,1
shed,1
girdle,1
defines,1
notions,1
idealized,1
modeled,1
consummated,1
raphers,1
ceremony,1
neither,1
painted,1
necropolis,1
curtis,1
oppression,1
ately,1
zealous,1
penance,1
mocking,1
interval,1
testify,1
contrary,1
dug,1
mon,1
providing,1
trained,1
sterility,1
humility,1
protestant,1
drawing,1
cut,1
consecrated,1
heartfelt,1
appear,1
vine,1
cecilii,1
conflicts,1
paragraph,1
lankewish,1
oppositional,1
artistic,1
iconography,1
wondrousness,1
denigrating,1
opponents,1
hours,1
opening,1
ordinarily,1
result,1
isabella,1
based,1
achieved,1
viz,1
aftermath,1
walk,1
exhibition,1
arrival,1
romances,1
appreciations,1
feet,1
appearance,1
histories,1
heavenly,1
carrying,1
demise,1
protector,1
hands,1
insists,1
traditionally,1
cristiane,1
typical,1
inappropriate,1
coloured,1
martyr,1
ambiguity,1
embracing,1
centers,1
ering,1
encounter,1
changed,1
deal,1
subscribe,1
oedipalized,1
satur,1
veneria,1
infrequent,1
sorrowful,1
pass,1
events,1
antici,1
primacy,1
consecutive,1
carolina,1
contagion,1
mythical,1
owen,1
replying,1
sensible,1
emerge,1
illness,1
illuminated,1
reconcile,1
shield,1
featured,1
im,1
representative,1
greyish,1
secretly,1
liz,1
embedded,1
woo,1
fatherly,1
nacy,1
pederasty,1
dust,1
cyprianus,1
durham,1
corinthians,1
acknowledging,1
reaffirms,1
incarcerated,1
homoerotics,1
stressing,1
fisherman,1
province,1
carthaginian,1
persons,1
voyeur,1
transforma,1
obedience,1
meet,1
sublimities,1
masculin,1
eternally,1
histrionic,1
otherwise,1
energy,1
join,1
safe,1
survivor,1
leatherfolk,1
fashionable,1
doesn,1
foreshadowed,1
required,1
virus,1
embed,1
eager,1
doting,1
james,1
subtle,1
prays,1
sicilian,1
resurfaces,1
impression,1
receive,1
aspects,1
aspiration,1
passed,1
eunich,1
kinsmen,1
hierarchies,1
designation,1
diminution,1
julia,1
degrees,1
line,1
revealed,1
orontius,1
unabating,1
gains,1
planning,1
overviews,1
steep,1
sanction,1
priesthood,1
europe,1
concludes,1
blue,1
strict,1
damsel,1
interface,1
priestliness,1
imagined,1
compared,1
prized,1
sept,1
concept,1
casting,1
prominent,1
distinctively,1
worm,1
heavily,1
characterization,1
contemplative,1
begs,1
girdles,1
denigrated,1
competing,1
denial,1
nella,1
classicism,1
difficulty,1
forcefully,1
comment,1
confirms,1
crawling,1
yearned,1
pilgrim,1
bite,1
description,1
astonishing,1
ten,1
njatives,1
got,1
copyright,1
counterbalance,1
used,1
shrink,1
bible,1
infidel,1
namesake,1
smear,1
consistently,1
slime,1
positing,1
fourteenth,1
refined,1
inherited,1
unspoken,1
relevance,1
concentrate,1
falling,1
strenuous,1
strain,1
participated,1
homophobic,1
dispense,1
whitty,1
aimlessly,1
binding,1
vitricus,1
mortification,1
flated,1
matrimonial,1
bishop,1
focuses,1
triumphs,1
lius,1
xviii,1
queer,1
digression,1
sit,1
wanders,1
scorching,1
betrothal,1
interpreted,1
briefly,1
status,1
received,1
withstand,1
endorsement,1
gracious,1
romantically,1
avrom,1
holy,1
seduction,1
attributed,1
sink,1
approach,1
manifestation,1
apostacy,1
spouses,1
either,1
shames,1
irreproachable,1
thread,1
impasse,1
harsher,1
funereal,1
contests,1
interpreting,1
flee,1
exemplary,1
pick,1
responses,1
overlap,1
whilst,1
excavated,1
accused,1
peopled,1
outmoded,1
start,1
fied,1
correct,1
ensnared,1
signal,1
level,1
working,1
field,1
tawdriness,1
questionable,1
monumenti,1
undeterred,1
subjective,1
dictionary,1
speculations,1
siccans,1
delirium,1
germ,1
pit,1
applicability,1
cometh,1
rian,1
militant,1
flawless,1
modest,1
rushed,1
coopt,1
clean,1
midst,1
night,1
lamented,1
involved,1
inextricably,1
troubles,1
small,1
abducted,1
endowed,1
sufficient,1
milieux,1
caecilia,1
revives,1
bravura,1
hebrew,1
breaking,1
invoke,1
extremis,1
jolly,1
disgusted,1
suddenly,1
deviant,1
abjection,1
usual,1
weapons,1
corrupt,1
differing,1
telling,1
potent,1
eastern,1
sexualized,1
crux,1
articulation,1
inability,1
ghastly,1
necessity,1
hen,1
education,1
unclothed,1
senancour,1
passivity,1
unmistakably,1
proper,1
paid,1
barthes,1
notice,1
underread,1
arrogant,1
french,1
appropriate,1
conceptions,1
posing,1
searches,1
socialism,1
displaced,1
structuring,1
novices,1
passive,1
waiting,1
settle,1
reserve,1
massive,1
artistry,1
society,1
lend,1
proportioned,1
periods,1
appeal,1
south,1
gayle,1
spirituality,1
threatened,1
portion,1
battle,1
athlete,1
underlies,1
san,1
noteworthy,1
transform,1
sons,1
ranging,1
objectively,1
reticence,1
ironies,1
temperament,1
maid,1
steady,1
minor,1
creed,1
condemnation,1
binds,1
alyson,1
entitled,1
humanist,1
bringing,1
agreed,1
persecuted,1
pushes,1
sanctity,1
vintage,1
separation,1
ans,1
hide,1
hinge,1
labeled,1
spousals,1
scriptural,1
deploying,1
deadly,1
ahistorical,1
scandalous,1
brief,1
fruit,1
conjugality,1
framing,1
drops,1
mediating,1
flock,1
innocence,1
exception,1
warner,1
forbidden,1
gift,1
prove,1
speculate,1
austere,1
suggestion,1
dread,1
polemical,1
conferred,1
purest,1
gazette,1
prophet,1
legalized,1
garden,1
h,1
indicates,1
national,1
comments,1
experiences,1
pusey,1
passengers,1
numer,1
underwritten,1
sinful,1
healthful,1
modes,1
replies,1
reprimanded,1
sensation,1
tractari,1
resurrected,1
suppose,1
jesus,1
posted,1
surveyed,1
hold,1
com,1
theologians,1
positive,1
originality,1
sodom,1
kills,1
oakley,1
philam,1
argumentation,1
guide,1
deck,1
jaded,1
simultaneous,1
hey,1
cohorts,1
seeher,1
elaboration,1
unfolds,1
sk,1
describe,1
ery,1
examined,1
opportunities,1
wake,1
rubric,1
addition,1
salvation,1
accident,1
devotion,1
alongside,1
morbid,1
edict,1
columbus,1
formally,1
exposure,1
ingly,1
clash,1
boundary,1
cance,1
clarified,1
luke,1
contemplation,1
vows,1
maundering,1
acts,1
mortality,1
constant,1
nuns,1
metr,1
property,1
provides,1
orders,1
overtly,1
rightly,1
shock,1
performed,1
obligated,1
dialectical,1
warmth,1
baltimore,1
heathenism,1
heroism,1
denaturalize,1
al,1
robust,1
excellence,1
reiterates,1
silk,1
breathe,1
chew,1
frightened,1
already,1
contempt,1
odds,1
departing,1
foolishness,1
celebrates,1
noted,1
biog,1
suburban,1
inexplicably,1
resemblance,1
functioned,1
picture,1
affections,1
harper,1
gotten,1
underway,1
invests,1
gentleman,1
deconstruct,1
retaliation,1
fellow,1
persuade,1
corporeal,1
party,1
balancing,1
birming,1
comprehend,1
starting,1
atheistic,1
kingsleyan,1
critiques,1
tour,1
eschews,1
proves,1
talked,1
law,1
ems,1
deliber,1
locust,1
stated,1
humanitarian,1
stories,1
mentions,1
mighty,1
breakfast,1
litera,1
academy,1
knowing,1
stricken,1
responsibilities,1
ask,1
l,1
synesius,1
redress,1
tremendous,1
residence,1
poli,1
water,1
sky,1
intending,1
food,1
herbert,1
efforts,1
tarians,1
lengthy,1
expose,1
brethren,1
lack,1
sarcasm,1
doorway,1
maternal,1
valid,1
consideration,1
limit,1
hollow,1
areas,1
allow,1
irene,1
scholars,1
marvellous,1
professed,1
xii,1
prig,1
endless,1
villa,1
unclothable,1
stanza,1
herder,1
instability,1
sleep,1
prepared,1
flirts,1
conference,1
silently,1
unexplored,1
reform,1
unobtrusive,1
disturbed,1
claudio,1
viii,1
glories,1
lacks,1
transcendental,1
inevitably,1
enable,1
unsettle,1
poems,1
commemorate,1
named,1
fetish,1
antonio,1
anoint,1
demonstrating,1
grows,1
personality,1
shoulder,1
consults,1
aug,1
mall,1
prescriptively,1
arthur,1
contends,1
donald,1
collapses,1
succeeding,1
philoso,1
pairing,1
cristianesimo,1
reasons,1
valence,1
reverent,1
angels,1
brotherhood,1
rhetoric,1
maker,1
devil,1
covers,1
nate,1
reproductive,1
beforehand,1
enough,1
lions,1
blackness,1
weds,1
accusations,1
painter,1
shocks,1
remarkable,1
begin,1
denounce,1
model,1
vomited,1
attempting,1
orderly,1
purposes,1
praiseworthy,1
sister,1
existing,1
novelist,1
ensured,1
accepted,1
receives,1
seventeenth,1
tonic,1
orthodoxy,1
relevant,1
innovatively,1
habit,1
celebrated,1
renaissance,1
roland,1
strategies,1
dance,1
extinction,1
spoke,1
spell,1
conviction,1
magnus,1
disliked,1
catalpa,1
rich,1
uneasily,1
heresy,1
simplicity,1
parted,1
tated,1
recognizes,1
dispel,1
books,1
cogently,1
style,1
scious,1
risks,1
undout,1
custody,1
inexpressible,1
break,1
reminds,1
remained,1
scant,1
widow,1
answers,1
encompassed,1
enriches,1
original,1
venerated,1
demonstrated,1
government,1
fundamentally,1
entirety,1
apt,1
bond,1
greatest,1
exhibit,1
unselfish,1
envisions,1
vast,1
art,1
dissimilar,1
indefeasible,1
coherent,1
survive,1
success,1
hurrell,1
birth,1
treated,1
alliance,1
grossly,1
dipped,1
explanation,1
arnobius,1
prohibition,1
renders,1
situating,1
heard,1
urn,1
sides,1
region,1
snakes,1
wedding,1
abandons,1
presiding,1
delicate,1
passes,1
distinctly,1
stultify,1
realizes,1
lips,1
inver,1
list,1
warrior,1
genial,1
solemn,1
louis,1
top,1
tenets,1
findings,1
host,1
eclipsed,1
bothy,1
ordering,1
indefatigable,1
affection,1
ceasing,1
sold,1
equanimity,1
succumbed,1
brazen,1
erent,1
oppose,1
permanent,1
factor,1
preoccu,1
assume,1
bishopric,1
vocabulary,1
protentantism,1
embodying,1
prominently,1
harvard,1
bed,1
assign,1
camelot,1
lifestyle,1
recovery,1
insufficiency,1
individuals,1
plicitly,1
hyman,1
fantastic,1
check,1
hirschfeld,1
farmer,1
thanking,1
observed,1
sound,1
pennsylvania,1
dating,1
grant,1
publish,1
versions,1
low,1
coexists,1
significance,1
ucallista,1
chelsea,1
meanings,1
quotation,1
margaret,1
loosely,1
three,1
provoked,1
royalty,1
remaining,1
condenses,1
fades,1
authors,1
tike,1
discussed,1
sensitivity,1
express,1
tail,1
agreement,1
vagueness,1
soldiers,1
health,1
related,1
maintenance,1
tended,1
spawned,1
intrigues,1
advocacy,1
counter,1
held,1
symposium,1
christopher,1
architectural,1
pleads,1
started,1
minister,1
ellis,1
revised,1
prodigious,1
function,1
acquiescence,1
heat,1
deflecting,1
remark,1
attribution,1
apologue,1
depiction,1
distinction,1
latch,1
strove,1
paths,1
wedderburn,1
filled,1
conversation,1
running,1
attributing,1
amorphous,1
fancy,1
hjaving,1
pupil,1
claim,1
intrinsic,1
gallienne,1
hangs,1
narcissistic,1
latter,1
morals,1
imagination,1
dialogue,1
exchange,1
repeated,1
grevatt,1
helps,1
ture,1
strangely,1
ages,1
bemoaning,1
sanity,1
probe,1
comparing,1
construct,1
ruining,1
trying,1
k,1
lesbian,1
chapel,1
sensuality,1
transcendence,1
hurley,1
judges,1
editors,1
lift,1
viable,1
successful,1
trouble,1
newcastle,1
interpretations,1
plans,1
wise,1
generativity,1
blackwell,1
awful,1
categorize,1
epicurus,1
structure,1
january,1
leaped,1
primitive,1
femininity,1
sanctuaries,1
hartford,1
capitalism,1
rhetorical,1
attractions,1
slightly,1
displacements,1
gressive,1
fancied,1
equivalent,1
looked,1
detaining,1
attracted,1
slipping,1
saw,1
accord,1
relative,1
unstudied,1
apprehends,1
facilitates,1
ambrose,1
dresses,1
propose,1
achieve,1
sole,1
prescient,1
convincingly,1
ones,1
kissing,1
girlish,1
visit,1
jarrod,1
lucius,1
trivialized,1
irritable,1
fails,1
genesis,1
homosexuals,1
european,1
socrates,1
convinc,1
unstable,1
whit,1
detach,1
ambiguous,1
liberalism,1
progeny,1
verses,1
flesh,1
devote,1
cleansing,1
sins,1
precious,1
declaration,1
flower,1
grammar,1
belonged,1
cow,1
succinctly,1
africa,1
tentative,1
masculinities,1
invokes,1
ass,1
quo,1
recall,1
movements,1
johns,1
illuminates,1
effie,1
eroticisms,1
plays,1
naturally,1
staples,1
simon,1
mischief,1
maps,1
boundaries,1
flowed,1
cyrenaics,1
warrant,1
raymond,1
refrain,1
urges,1
signifi,1
pettigrew,1
primarily,1
bulletin,1
mad,1
multitude,1
dimensions,1
entombment,1
adored,1
collections,1
interfere,1
consonant,1
strongly,1
obstacle,1
bears,1
began,1
accommodating,1
render,1
centenary,1
circumstance,1
fours,1
philosopher,1
threaten,1
nay,1
antagonizes,1
rapidly,1
paradoxical,1
tractarianism,1
delicacy,1
covering,1
acquaintances,1
consid,1
antiquity,1
incitement,1
volumes,1
humphrey,1
poetics,1
es,1
reconsider,1
phrase,1
spared,1
profess,1
chamber,1
lion,1
cowley,1
antiquities,1
wives,1
harshly,1
procreancy,1
flict,1
attached,1
emerging,1
contemplating,1
dent,1
sake,1
pett,1
intrude,1
exempli,1
subtext,1
sceptre,1
resemble,1
craves,1
tantamount,1
bad,1
uncertainty,1
inheres,1
pmla,1
stipulation,1
earliest,1
imitated,1
stable,1
poets,1
door,1
reinscribe,1
echoes,1
lengthier,1
produc,1
assistant,1
publicly,1
talents,1
boundless,1
persecution,1
lamion,1
indignities,1
sketches,1
fifteen,1
unenglish,1
blocked,1
beast,1
precedence,1
growing,1
hellenizes,1
suite,1
senior,1
ual,1
saintliness,1
overriding,1
conclusion,1
redemption,1
version,1
pooles,1
blagdon,1
focusing,1
loraosexuality,1
preclude,1
patmore,1
priestlike,1
motive,1
conflate,1
needs,1
conviva,1
heathen,1
memorialize,1
succumbs,1
mographesis,1
constituted,1
officially,1
accounts,1
satisfying,1
shallowness,1
unction,1
known,1
implied,1
discrepancy,1
precise,1
satisfactory,1
ll,1
willingness,1
examples,1
aspire,1
socialists,1
drift,1
wicked,1
buggery,1
vio,1
appropriates,1
appre,1
issuing,1
clement,1
der,1
spite,1
drafting,1
relaxation,1
eli,1
natural,1
ignorant,1
naturalized,1
partner,1
alleviate,1
effeminatus,1
exceeds,1
charlotte,1
dismay,1
rear,1
endurance,1
attired,1
parable,1
eople,1
woodbury,1
virginal,1
reversal,1
ded,1
debilitating,1
nobility,1
december,1
woos,1
commonsense,1
shrine,1
exploration,1
board,1
authorities,1
believe,1
king,1
certainty,1
ubiquitous,1
alexander,1
wordsworth,1
supremacy,1
restrictive,1
gives,1
comfort,1
printed,1
tity,1
surprised,1
surprisingly,1
current,1
fastidious,1
intrusion,1
tenderness,1
loyalty,1
followers,1
attractiveness,1
peep,1
iii,1
losses,1
metaphorical,1
skirmish,1
authorizes,1
privileged,1
anglicanism,1
embodiment,1
completeness,1
appreciative,1
fills,1
benefit,1
reflected,1
examining,1
going,1
tracts,1
happiness,1
pictures,1
steeped,1
closest,1
impinged,1
vainglory,1
ethos,1
masters,1
repugnance,1
advances,1
texas,1
ideally,1
person,1
feminist,1
dreary,1
portions,1
animal,1
riages,1
corroding,1
lens,1
scapegoat,1
suffering,1
enfolds,1
wit,1
witch,1
cavern,1
avoidance,1
irreconcilability,1
patrician,1
deviants,1
fuller,1
economy,1
concedes,1
poses,1
whether,1
historicism,1
prefers,1
adults,1
stability,1
selected,1
ion,1
laying,1
expres,1
insistence,1
romanism,1
cause,1
nunnery,1
trinity,1
thirty,1
add,1
nascent,1
fondness,1
firmly,1
writes,1
figura,1
leaving,1
travellers,1
consisting,1
minded,1
estab,1
pickering,1
utilitarian,1
thompson,1
array,1
studying,1
floats,1
companionships,1
fighters,1
explored,1
gardens,1
wedgwood,1
reigned,1
information,1
compose,1
don,1
descendants,1
wrongs,1
dedication,1
praying,1
bellig,1
urban,1
contain,1
categories,1
universe,1
signify,1
grand,1
lence,1
finished,1
trac,1
solid,1
nj,1
marchi,1
persistently,1
intention,1
recognizing,1
beautifies,1
occasionally,1
pation,1
cunning,1
severely,1
bittersweet,1
tifies,1
entrance,1
code,1
amiable,1
attachments,1
inspiration,1
peace,1
watched,1
ohio,1
springboard,1
introduced,1
comrade,1
inscrip,1
cloaca,1
content,1
confirm,1
convinced,1
gerard,1
wrought,1
giving,1
die,1
doric,1
subject,1
thenovel,1
went,1
dus,1
redresses,1
acute,1
contribute,1
tracing,1
francisco,1
obtain,1
protestants,1
connotation,1
appointed,1
sanguinary,1
memories,1
challenges,1
harrisburg,1
scarcely,1
evidenced,1
compan,1
aspect,1
devoured,1
think,1
construes,1
jan,1
internalized,1
tions,1
expense,1
bowels,1
ance,1
unrecognizable,1
frances,1
pieties,1
uninitiated,1
apuleius,1
examinations,1
energies,1
spells,1
wild,1
gazes,1
enthusiasm,1
centennial,1
devoted,1
compulsion,1
models,1
pall,1
spring,1
roots,1
connec,1
asunder,1
touch,1
score,1
background,1
garish,1
encouragement,1
average,1
rediscovery,1
relinquishing,1
intensified,1
dazzling,1
contract,1
lightenings,1
exerted,1
recovering,1
seduce,1
discursive,1
crisis,1
chatto,1
corrective,1
acerbic,1
phy,1
joined,1
chin,1
actively,1
instead,1
exists,1
adoration,1
nimbus,1
realism,1
rapproche,1
dense,1
ambush,1
opinions,1
gen,1
pave,1
attributes,1
centrality,1
prospect,1
playing,1
defined,1
derive,1
off,1
shivering,1
plentiful,1
stroud,1
obed,1
knowl,1
presenting,1
banquet,1
association,1
definitive,1
representational,1
classification,1
christi,1
conquests,1
showed,1
limitations,1
anonymous,1
extrapolated,1
foregrounding,1
morally,1
restored,1
hectic,1
thousand,1
specific,1
wedlock,1
coalesce,1
brightness,1
submersion,1
bosio,1
boyish,1
spectator,1
phobic,1
invited,1
requires,1
passages,1
substitute,1
gleam,1
valuable,1
recollected,1
withdrew,1
forsworn,1
harassed,1
sheed,1
faithless,1
mystery,1
deployment,1
ham,1
carthage,1
rescuing,1
cook,1
loving,1
enterprise,1
sharing,1
exuberance,1
jason,1
deign,1
create,1
flagrant,1
agel,1
eradication,1
feminizes,1
interaction,1
scorned,1
atheist,1
adhesion,1
connolly,1
focus,1
discov,1
glance,1
whenever,1
indeterminacy,1
sustained,1
fonder,1
antagonism,1
cross,1
gold,1
yourself,1
previously,1
lavished,1
jealous,1
race,1
mistaken,1
portrait,1
tragic,1
aesthete,1
cited,1
occur,1
perception,1
mangled,1
thorough,1
deeper,1
bespeaks,1
proust,1
continuously,1
destabilizes,1
eagerly,1
