WORDCOUNTS,WEIGHT
the,911
and,799
of,743
to,518
a,356
in,295
social,266
corporate,219
that,192
for,162
performance,146
is,146
s,139
on,117
business,112
market,103
be,98
accounting,95
as,95
firm,93
are,92
j,86
or,83
theory,78
journal,75
management,75
how,74
m,72
economic,72
research,71
with,71
companies,69
r,64
by,63
an,62
may,58
these,58
it,56
financial,56
initiatives,55
can,54
from,53
stakeholder,52
this,52
review,51
have,51
between,51
their,50
e,49
society,49
new,49
what,49
l,48
d,48
organizational,47
normative,45
do,45
not,45
misery,44
responsibility,44
which,44
press,43
those,41
june,39
organizations,39
c,39
when,38
relationship,38
response,37
consequences,37
about,37
environmental,36
they,36
b,36
if,35
studies,35
we,35
action,34
problems,34
one,33
w,33
asq,33
firms,33
reputation,32
g,31
its,31
human,30
even,30
university,30
wealth,30
responses,30
disclosure,30
academy,30
has,29
york,29
p,29
company,28
evaluation,28
managers,27
world,26
concerns,26
empirical,26
role,26
first,25
other,25
than,25
more,25
efforts,25
problem,25
h,24
k,24
at,23
fortune,23
some,23
such,23
descriptive,23
instrumental,23
also,23
but,23
resources,22
options,22
organization,22
t,22
will,22
so,22
rating,22
considerations,21
respond,21
ills,21
well,21
harvard,21
then,21
through,21
benefits,20
purpose,20
analysis,20
need,20
ethics,19
contributions,19
objectives,19
practices,19
corporation,19
preston,19
set,19
fund,18
there,18
mutual,18
investing,18
no,18
investment,18
control,18
must,18
question,18
into,17
march,17
impact,17
work,17
make,17
stakeholders,17
questions,17
involvement,17
should,17
socially,17
effects,17
charitable,16
point,16
csp,16
value,16
quarterly,16
science,16
while,16
duty,16
shareholders,16
cambridge,16
kld,15
out,15
tension,15
example,15
law,15
approach,15
features,15
responsible,15
inquiry,15
them,15
both,15
beyond,15
doing,15
policy,14
societal,14
inductive,14
u,14
study,14
economics,14
calls,14
f,14
corporations,14
challenge,14
toward,14
model,14
provide,14
who,14
best,14
does,13
south,13
might,13
all,13
survey,13
antinomy,13
n,13
cost,13
strategy,13
competing,13
people,13
attention,13
second,13
only,13
others,13
cep,13
moral,13
capabilities,13
africa,13
been,13
claims,13
whether,13
screens,13
most,13
our,13
years,13
conditions,13
evidence,13
interests,12
public,12
shareholder,12
theoretical,12
would,12
function,12
face,12
scholarship,12
o,11
way,11
jones,11
essential,11
certain,11
pollution,11
cfp,11
two,11
duties,11
agenda,11
each,11
donaldson,11
freeman,10
being,10
political,10
strategic,10
act,10
rather,10
administrative,10
line,10
investments,10
positive,10
under,10
ed,10
many,10
clear,10
three,10
aid,10
school,10
over,10
capability,10
suggests,10
themselves,10
either,9
link,9
course,9
accountability,9
herman,9
central,9
development,9
objective,9
friedman,9
aim,9
conceptions,9
grounds,9
hart,9
advance,9
conflict,9
however,9
used,9
systematic,9
results,9
actions,9
light,9
scholars,9
another,9
use,9
were,9
effect,9
responsiveness,9
institutions,9
legitimacy,9
life,9
why,9
alternative,9
global,9
selected,9
ma,9
nussbaum,9
specific,9
disclosures,8
different,8
schneeweis,8
case,8
bottom,8
labor,8
ethical,8
perspective,8
process,8
waddock,8
view,8
international,8
philosophical,8
stock,8
weick,8
activities,8
redress,8
permissible,8
moskowitz,8
hsieh,8
purposes,8
processes,8
i,8
ratings,8
graves,8
efficiency,8
united,8
table,8
itself,8
investigate,8
mcguire,8
extent,8
information,8
assumptions,8
although,8
states,8
potential,8
profitability,7
negative,7
california,7
principles,7
help,7
dunfee,7
quality,7
interest,7
richardson,7
american,7
jr,7
underlying,7
pragmatic,7
oxford,7
find,7
sort,7
opportunity,7
just,7
welfare,7
argued,7
follow,7
standards,7
result,7
situation,7
contractarian,7
issues,7
boston,7
sense,7
annual,7
aids,7
exploring,7
play,7
capacity,7
guide,7
values,7
same,7
fundamental,7
ought,7
see,7
eds,7
wood,7
range,7
findings,7
ameliorate,7
attend,7
practical,7
expectations,7
considered,7
any,7
economy,7
cyert,7
making,7
ill,7
focus,7
ca,7
difficult,6
directors,6
commitment,6
kinds,6
identify,6
inequality,6
prahalad,6
ameliorating,6
government,6
real,6
luther,6
state,6
behavioral,6
possible,6
compelling,6
behavior,6
cohen,6
consider,6
was,6
search,6
criteria,6
place,6
broad,6
galaskiewicz,6
good,6
industry,6
up,6
inform,6
lerner,6
implications,6
matter,6
decisions,6
yet,6
reports,6
published,6
starting,6
humanitarian,6
conduct,6
reasons,6
forms,6
free,6
understanding,6
concern,6
option,6
theories,6
times,6
contracts,6
decision,6
jensen,6
maximizing,6
environment,6
phillips,6
finance,6
variable,6
capital,6
alexander,6
assessment,6
reconcile,6
institute,6
produce,6
step,6
measure,6
challenges,6
among,6
generate,6
institutional,6
create,6
intended,6
matatko,6
stimuli,5
notably,5
per,5
philanthropic,5
true,5
greater,5
before,5
long,5
give,5
address,5
nature,5
parties,5
tradeoffs,5
adopting,5
insight,5
kahn,5
framework,5
exist,5
contractarianism,5
against,5
executives,5
bowman,5
mixed,5
relations,5
affairs,5
third,5
once,5
assessed,5
misallocation,5
factors,5
risks,5
tensions,5
requires,5
access,5
evaluate,5
shape,5
data,5
responding,5
psychological,5
part,5
tushman,5
actually,5
winter,5
personal,5
bragdon,5
least,5
working,5
suggest,5
gavetti,5
divestment,5
aspen,5
tetlock,5
using,5
provided,5
invest,5
he,5
san,5
functioning,5
identified,5
rights,5
community,5
beneficiaries,5
us,5
al,5
appeals,5
paine,5
idea,5
murphy,5
time,5
contemporary,5
hand,5
perhaps,5
rawls,5
fight,5
simon,5
made,5
waste,5
actual,5
health,5
logic,5
change,5
outcomes,5
v,5
percent,5
walsh,5
brown,5
beneficence,5
independent,5
employment,5
freedman,5
understand,5
managerial,5
here,5
belief,5
kind,5
levinthal,5
expenditures,5
worth,5
wicks,5
compliance,5
very,5
bannon,5
researchers,5
navigate,5
little,5
tri,5
content,5
agents,5
aims,5
argument,5
washington,5
include,5
illiteracy,5
philosophy,5
maximization,5
association,5
johnson,5
much,5
recent,5
domini,5
patten,5
increase,5
weighed,4
generated,4
truth,4
agency,4
nigeria,4
designed,4
likely,4
klassen,4
ways,4
marcus,4
branch,4
something,4
source,4
implemented,4
relieve,4
creation,4
taken,4
spencer,4
available,4
leaders,4
governance,4
confront,4
reveal,4
take,4
citizenship,4
theorizing,4
money,4
verschoor,4
america,4
right,4
design,4
porter,4
taking,4
reflecting,4
sachs,4
relationships,4
easterbrook,4
funds,4
meznar,4
nelson,4
individual,4
nor,4
theorists,4
ct,4
explore,4
look,4
appraise,4
acknowledge,4
van,4
whose,4
kwok,4
without,4
managing,4
mahon,4
support,4
meet,4
pragmatism,4
efficient,4
greening,4
dc,4
based,4
could,4
justifiable,4
fry,4
strength,4
austin,4
carleton,4
miringoff,4
useem,4
left,4
fischel,4
scanlon,4
blacconiere,4
ford,4
structure,4
allocation,4
psychology,4
spicer,4
actors,4
minority,4
et,4
stanford,4
causal,4
vying,4
bank,4
involved,4
ingram,4
impairment,4
core,4
dedicated,4
appropriate,4
therefore,4
return,4
classic,4
innovation,4
communications,4
opportunities,4
suited,4
assistance,4
wright,4
natural,4
investor,4
investors,4
gain,4
pointed,4
responsibilities,4
water,4
auditing,4
advantage,4
sullivan,4
really,4
justification,4
end,4
sundgren,4
income,4
choice,4
effectiveness,4
rockness,4
bear,4
looking,4
largely,4
trade,4
weisbach,4
defense,4
creating,4
maximize,4
counted,4
arise,4
keim,4
cognitive,4
james,4
depth,4
perspectives,4
five,4
merton,4
contribution,4
countries,4
korsgaard,4
often,4
sage,4
types,4
share,4
wokutch,4
demonstrate,4
simply,4
agle,4
griffin,4
know,4
turn,4
paper,4
seem,4
foundation,4
living,4
advances,4
aso,4
reactions,4
terms,4
fairness,4
sociology,4
juxtaposed,4
levitt,4
goodman,4
courses,4
activity,4
nigh,4
contribute,4
goals,4
come,4
devoted,4
reaction,4
quest,4
offer,4
measuring,4
francisco,4
profits,4
sen,4
chicago,4
debate,4
develop,4
belkaoui,4
broader,4
asked,4
resolve,3
go,3
now,3
customer,3
convergence,3
common,3
conflicting,3
tion,3
created,3
hatfield,3
top,3
affected,3
worthy,3
alone,3
complex,3
effective,3
live,3
investigating,3
pressing,3
modern,3
protection,3
history,3
carroll,3
evaluating,3
cornell,3
clair,3
concepts,3
irrc,3
beneficial,3
protests,3
krausz,3
attempts,3
seems,3
words,3
reach,3
leading,3
synthesis,3
mills,3
court,3
worldwide,3
context,3
weighing,3
side,3
primary,3
sought,3
saying,3
vital,3
owners,3
conception,3
anticipated,3
emissions,3
interact,3
dignity,3
gardner,3
ends,3
domain,3
sagawa,3
given,3
thing,3
distinct,3
body,3
handbook,3
epa,3
siegel,3
truly,3
profit,3
weight,3
hybrid,3
competitive,3
instruments,3
contracting,3
recognized,3
americans,3
reflects,3
license,3
hopes,3
pava,3
breadth,3
unit,3
luck,3
active,3
legal,3
appropriateness,3
productive,3
valuation,3
means,3
margolis,3
affect,3
applbaum,3
initiative,3
resource,3
asks,3
answers,3
salient,3
trying,3
regulatory,3
assessments,3
whereas,3
acting,3
mcgill,3
found,3
contractarians,3
effort,3
demands,3
poor,3
events,3
captured,3
stewardship,3
further,3
prompt,3
equal,3
michigan,3
reviews,3
recently,3
boundaries,3
fulfill,3
applied,3
rynes,3
commitments,3
explored,3
your,3
perform,3
guidance,3
required,3
claimants,3
basis,3
literature,3
already,3
misappropriation,3
ferris,3
claim,3
begs,3
london,3
nation,3
test,3
schoeman,3
ten,3
year,3
jai,3
statistics,3
call,3
focuses,3
surrounding,3
www,3
solution,3
order,3
obligatory,3
quite,3
around,3
konar,3
sensemaking,3
st,3
away,3
civil,3
nations,3
critical,3
various,3
employ,3
schmidt,3
hammond,3
marlin,3
seemingly,3
siegfried,3
represents,3
makes,3
paradox,3
serve,3
neither,3
reconciliation,3
culture,3
refine,3
determine,3
costs,3
begins,3
aupperle,3
picture,3
constituency,3
members,3
paul,3
simerly,3
conceived,3
jaggi,3
addition,3
emotions,3
investigates,3
mcwilliams,3
twenty,3
reform,3
philanthropy,3
redressing,3
ideology,3
larger,3
likelihood,3
actor,3
where,3
less,3
models,3
books,3
reasoning,3
gives,3
stance,3
empirically,3
private,3
hess,3
associates,3
investigated,3
considering,3
explanation,3
upon,3
maximized,3
tichy,3
event,3
dollar,3
assumption,3
segal,3
risk,3
services,3
examination,3
finally,3
reality,3
directed,3
comprehensive,3
last,3
especially,3
internal,3
promote,3
employees,3
guerard,3
become,3
accrue,3
evaluated,3
justice,3
today,3
integration,3
continued,3
annan,3
stocks,3
nexus,3
statutes,3
pop,3
examine,3
fall,3
get,3
grounded,3
dodge,3
rightful,3
magnitude,3
prohibited,3
mann,3
conclusion,3
changing,3
partnerships,3
colliding,3
thousand,3
principle,3
janis,3
commission,3
believe,3
equivocal,3
cochran,3
hiv,3
wolfe,3
post,3
alternatively,3
goods,3
benefit,3
examining,3
past,3
respect,3
concrete,3
scholarly,3
investigation,3
form,3
cause,3
particular,3
attitudes,3
require,3
property,3
urban,3
org,3
economist,3
reported,3
city,3
despite,3
buy,3
tried,3
happens,3
putnam,3
programs,3
ultimately,3
outline,3
reveals,3
functions,3
imperative,3
motives,3
contributed,3
instead,3
typically,3
constituencies,3
product,3
greenwich,3
experiential,3
seek,3
romanelli,3
portrait,3
awards,3
final,2
eia,2
formulated,2
produces,2
rate,2
child,2
deny,2
page,2
mckinney,2
mahwah,2
ambivalence,2
mishel,2
concerned,2
later,2
snapshot,2
holman,2
dangers,2
everyone,2
legitimate,2
kant,2
measures,2
screened,2
bagley,2
horizons,2
elster,2
center,2
large,2
kinder,2
globalization,2
significant,2
measurement,2
enhance,2
schools,2
wattenberg,2
sets,2
approaches,2
inconsistent,2
linde,2
favor,2
shatto,2
orts,2
encourage,2
total,2
fryxell,2
obligate,2
shetty,2
contested,2
hylton,2
reich,2
permitted,2
charity,2
intentions,2
hillman,2
willmott,2
travers,2
notre,2
inc,2
davis,2
certainly,2
jackson,2
posed,2
derives,2
berle,2
scientific,2
korten,2
attempt,2
secretary,2
assist,2
terrain,2
diltz,2
definition,2
frankle,2
unjust,2
frdc,2
wolman,2
tradition,2
assess,2
great,2
thank,2
differences,2
karash,2
timing,2
berman,2
hinge,2
substantive,2
closer,2
loves,2
yearbook,2
millon,2
subsequent,2
improved,2
henry,2
deriving,2
gant,2
powers,2
alike,2
within,2
fogler,2
british,2
akin,2
hickman,2
heinze,2
lens,2
epstein,2
mueller,2
king,2
shane,2
task,2
guidelines,2
blackburn,2
hirsch,2
draw,2
erlbaum,2
kurtz,2
craft,2
account,2
prior,2
withdrawal,2
adkins,2
establishing,2
thaler,2
lenox,2
solely,2
mahapatra,2
russo,2
desired,2
say,2
shklar,2
hock,2
metcalf,2
gillmor,2
minimum,2
grieb,2
utility,2
diversity,2
ibbotson,2
succeed,2
million,2
thus,2
ty,2
affiliation,2
determinants,2
immediate,2
inner,2
since,2
revisited,2
targeted,2
realized,2
september,2
de,2
paradoxically,2
corner,2
lectures,2
dozen,2
ability,2
akathaporn,2
reyes,2
herremans,2
consumer,2
highlighting,2
dame,2
nehrt,2
cottrill,2
markets,2
sapienza,2
pay,2
johnsen,2
rooted,2
century,2
learning,2
espoused,2
whybark,2
mclaughlin,2
big,2
kedia,2
hinings,2
contrary,2
http,2
christmann,2
boundary,2
six,2
caplow,2
discerning,2
helpful,2
communication,2
ownership,2
propositions,2
ven,2
protects,2
fombrun,2
loans,2
neill,2
poorly,2
poverty,2
mechanisms,2
gaining,2
simultaneously,2
madden,2
wishes,2
criticism,2
air,2
sturdivant,2
operations,2
bring,2
lie,2
justifying,2
basic,2
explicit,2
greider,2
shanley,2
supplement,2
illicit,2
importance,2
talk,2
hazardous,2
direct,2
murrell,2
ongoing,2
greenwood,2
generating,2
rules,2
lekander,2
frazier,2
boyle,2
instructs,2
consistency,2
dueling,2
northcut,2
reason,2
solutions,2
perceptions,2
partnership,2
flexibility,2
improvement,2
established,2
zald,2
severity,2
ginter,2
haire,2
clearly,2
buchholz,2
stiglitz,2
advancing,2
orientation,2
four,2
democratic,2
ups,2
dept,2
osha,2
discarded,2
method,2
solve,2
index,2
dooley,2
care,2
fouts,2
reflections,2
declarations,2
had,2
gregory,2
assets,2
lead,2
whom,2
identifying,2
walk,2
kahneman,2
oil,2
leimkuhler,2
akron,2
mclnnes,2
perrow,2
dispute,2
bind,2
initial,2
employee,2
rhee,2
equally,2
though,2
wazzan,2
focused,2
sociological,2
permits,2
putler,2
moore,2
intensity,2
cannot,2
promise,2
scale,2
vivid,2
appraising,2
hicks,2
libertarian,2
malnutrition,2
because,2
electric,2
jim,2
directly,2
having,2
rosen,2
trial,2
dilemmas,2
y,2
vredenburg,2
gains,2
douglas,2
schuster,2
navarro,2
welker,2
bansal,2
explains,2
monsen,2
attaran,2
lays,2
marketplace,2
keeley,2
fit,2
size,2
policies,2
expansive,2
pyramid,2
jo,2
oaks,2
structures,2
sternberg,2
reflect,2
accord,2
adhere,2
president,2
clarkson,2
exemplary,2
commerce,2
sharma,2
field,2
regardless,2
indicators,2
orient,2
wrestle,2
influence,2
leaves,2
characteristics,2
revealing,2
teper,2
schnietz,2
met,2
schlachter,2
dependent,2
proper,2
roots,2
neoclassical,2
crime,2
expropriation,2
eilbirt,2
hodson,2
increasing,2
happen,2
demand,2
advocate,2
absence,2
boards,2
sproull,2
supreme,2
transnational,2
logically,2
short,2
indeed,2
service,2
kuntz,2
barley,2
limited,2
bereft,2
released,2
nearly,2
female,2
hutton,2
expanded,2
gioia,2
standing,2
nacbs,2
premises,2
paint,2
hold,2
thereby,2
direction,2
parker,2
single,2
gilbert,2
contributing,2
kunda,2
cowen,2
unintended,2
sciences,2
fair,2
examined,2
firebaugh,2
mallin,2
alongside,2
kofi,2
repair,2
morrissey,2
yeung,2
release,2
watson,2
olsen,2
choices,2
acknowledging,2
reduces,2
donnelly,2
bradley,2
aristotle,2
mitchell,2
bangladesh,2
rise,2
sector,2
street,2
name,2
majority,2
colamosca,2
juxtaposing,2
alleviated,2
poole,2
dowell,2
again,2
higgins,2
safety,2
slavery,2
freedom,2
adherence,2
fact,2
unparalleled,2
limit,2
treatment,2
stimulus,2
areas,2
stevens,2
lashgari,2
children,2
cure,2
antonio,2
john,2
personality,2
doubt,2
reilly,2
posnikoff,2
considerable,2
maddox,2
imperfect,2
feedback,2
external,2
patterns,2
conclusions,2
learn,2
lydenberg,2
accepted,2
establish,2
knetsch,2
kohls,2
unearthing,2
necessary,2
material,2
daunting,2
hamilton,2
number,2
day,2
andersson,2
saunders,2
remove,2
technologies,2
koza,2
meaningful,2
bateman,2
treated,2
renders,2
reimann,2
including,2
judge,2
identity,2
lesser,2
skeptical,2
refers,2
equity,2
parket,2
academics,2
ideas,2
roman,2
portfolios,2
grip,2
trust,2
students,2
roberts,2
dodd,2
versions,2
ties,2
portfolio,2
karpik,2
workers,2
methodological,2
allowed,2
reviewers,2
period,2
attribution,2
rozin,2
anyone,2
renewal,2
black,2
shift,2
provides,2
exchange,2
probe,2
systems,2
satisfy,2
methods,2
saadouni,2
anderson,2
seattle,2
lawyer,2
zadek,2
capitalism,2
looks,2
bremer,2
statman,2
briston,2
relative,2
convergent,2
ago,2
propose,2
concluded,2
contributes,2
fails,2
profitable,2
consists,2
asking,2
entail,2
singer,2
perry,2
clinton,2
sometimes,2
addressing,2
linda,2
shrader,2
program,2
ironically,2
select,2
teoh,2
sauer,2
disagreements,2
dimensions,2
directions,2
seen,2
force,2
economists,2
effectively,2
lawrence,2
try,2
executive,2
inspired,2
construction,2
norton,2
mortality,2
chamber,2
madeley,2
holmes,2
hutchinson,2
strategies,2
articles,2
proximity,2
hayibor,2
chen,2
conservation,2
mannheim,2
dutton,2
stimulates,2
seriously,2
thinking,2
elected,2
makower,2
trusts,2
worse,2
ogden,2
existence,2
pilotte,2
known,2
reciprocity,2
rival,2
bernstein,2
sorts,2
kingdom,2
bales,2
der,2
conley,2
defining,2
berkeley,2
orlitzky,2
illuminate,2
december,2
arlow,2
welch,2
board,2
did,2
diverting,2
accommodate,2
acts,2
sloan,2
clarify,2
construal,2
returns,2
report,2
galbraith,2
brothers,2
bartol,2
perfectly,2
sustaining,2
powell,2
indispensable,2
newgren,2
choosing,2
build,2
explicitly,2
fears,2
evident,2
regulations,2
suffering,2
motivating,2
poses,2
ones,2
dibartolomeo,2
want,2
ahuja,2
add,2
validate,2
map,2
warn,2
foundations,2
gannon,2
almost,2
doran,2
bratton,2
ascertain,2
practice,2
millions,2
peoples,2
stern,2
nj,2
monitored,2
recognition,2
african,2
traditional,2
impose,2
confronted,2
target,2
aldag,2
operate,2
manufacturing,2
abbott,2
ensuing,2
construed,2
outside,2
buehler,2
conine,2
kiesler,2
difference,2
orienting,2
disposal,2
paradigm,2
vance,2
opens,2
national,2
chemical,2
stagliano,2
green,2
levy,2
stockholders,2
teets,2
prosperity,2
seeks,2
off,2
tobacco,2
area,2
typology,2
collaboration,2
increased,2
needs,2
kapstein,2
ferreri,2
news,2
trigger,2
assumed,2
valuable,2
nutt,2
attending,2
meaning,2
price,2
mccarthy,2
gordon,2
vary,2
meiners,2
kanter,2
taylor,2
beings,2
building,2
major,2
occur,2
dominance,2
discern,2
schmitt,2
addresses,1
phones,1
arrives,1
entities,1
ending,1
frontieres,1
satisficing,1
done,1
struggle,1
stu,1
prefer,1
expectational,1
estimated,1
antecedents,1
populous,1
democracy,1
groups,1
dictate,1
sanctions,1
prompts,1
ready,1
deepen,1
boycott,1
encouraged,1
timberland,1
deserve,1
extreme,1
extend,1
counsel,1
arrive,1
homeless,1
intriguing,1
red,1
combine,1
intersect,1
receive,1
introduction,1
closely,1
starts,1
ciency,1
collision,1
abating,1
germany,1
lancet,1
articulating,1
group,1
steadfast,1
conducted,1
led,1
disclose,1
integrity,1
illegal,1
elaborated,1
properly,1
diverge,1
ceo,1
overdue,1
remind,1
authority,1
neimark,1
nuts,1
specified,1
paradigms,1
proactive,1
compilation,1
park,1
notwithstanding,1
transparency,1
former,1
reasonably,1
winning,1
allow,1
position,1
justified,1
obligations,1
shelter,1
character,1
necessarily,1
damages,1
presents,1
predicting,1
earthscan,1
malden,1
individually,1
holding,1
hightech,1
synthetically,1
pandemic,1
uses,1
assume,1
russell,1
newbury,1
nonetheless,1
alleged,1
chief,1
controlled,1
sequential,1
dexterity,1
distilled,1
leads,1
enabling,1
highlight,1
joe,1
clarifying,1
gail,1
reputational,1
consistent,1
romance,1
invoking,1
aside,1
incommensurable,1
discretion,1
gap,1
permit,1
clutches,1
philosophers,1
failing,1
cries,1
lexington,1
schipani,1
every,1
advisable,1
defects,1
extraction,1
expands,1
betrayal,1
inexorable,1
production,1
voices,1
coexist,1
steady,1
exists,1
impacts,1
abound,1
motor,1
diego,1
thrive,1
ithaca,1
promoting,1
worked,1
navigating,1
omega,1
advanced,1
freely,1
ensure,1
donor,1
johanson,1
friendly,1
latent,1
shaped,1
route,1
imposes,1
paramount,1
appendages,1
broadly,1
suggesting,1
cummings,1
undertake,1
simple,1
momentum,1
untapped,1
confirming,1
disquieting,1
pressed,1
rich,1
arises,1
achievement,1
rule,1
studied,1
hackett,1
scheme,1
entered,1
composition,1
correlates,1
launched,1
room,1
disconnects,1
nevertheless,1
mandate,1
achieved,1
damage,1
converts,1
intuitive,1
mind,1
sizably,1
alert,1
precisely,1
raised,1
doc,1
tap,1
robert,1
classified,1
complicated,1
china,1
diversify,1
discipline,1
reading,1
committed,1
attack,1
ambidextrous,1
rethinking,1
violating,1
tragedy,1
fulfilling,1
seminar,1
relieves,1
partners,1
con,1
takes,1
advocates,1
forward,1
homelessness,1
balancing,1
rasher,1
provocative,1
key,1
causation,1
adverse,1
trans,1
twentyfive,1
lim,1
suicide,1
howard,1
determined,1
logical,1
politics,1
conant,1
unsolicited,1
tracing,1
illustrate,1
object,1
positioned,1
richard,1
magazine,1
obvious,1
medical,1
converted,1
facilitate,1
west,1
whatever,1
mental,1
morale,1
pelak,1
recede,1
conceptual,1
handicaps,1
far,1
recalcitrant,1
selecting,1
laws,1
experiencing,1
equipping,1
monitoring,1
redefining,1
along,1
resembling,1
representing,1
correlation,1
promises,1
irrational,1
metaanalysis,1
withhold,1
sketched,1
laroe,1
engage,1
sign,1
inventory,1
signal,1
prettified,1
avenues,1
goal,1
multidimensional,1
assaying,1
halted,1
differential,1
dependence,1
experiences,1
manifest,1
purportedly,1
trustees,1
sebenius,1
famously,1
reverse,1
explained,1
estimating,1
accountable,1
normativity,1
reject,1
intractable,1
inevitable,1
pursue,1
calculated,1
heeding,1
retrospectively,1
due,1
inflation,1
analyzing,1
silent,1
integral,1
agent,1
bodily,1
outrage,1
wri,1
ease,1
juxtaposition,1
ancient,1
afford,1
participating,1
application,1
cf,1
built,1
emerges,1
cognition,1
align,1
tripartite,1
extensively,1
expected,1
institutionalism,1
guided,1
kumarian,1
priority,1
weaknesses,1
down,1
rank,1
almanac,1
unobjectionable,1
relinquished,1
document,1
burgeoning,1
depend,1
persist,1
memorandum,1
back,1
disproportionately,1
speed,1
serving,1
restrict,1
inclusion,1
served,1
judas,1
misallocate,1
twice,1
engineering,1
criterion,1
enlightened,1
publications,1
alliances,1
destroys,1
bonds,1
landmark,1
drawn,1
tend,1
student,1
percentage,1
olds,1
stimulating,1
critique,1
sidesteps,1
boom,1
fool,1
confronting,1
william,1
bills,1
conceded,1
invites,1
generation,1
subversion,1
join,1
rates,1
error,1
implementation,1
mechanism,1
crossroads,1
industries,1
distribution,1
quicker,1
failed,1
ers,1
site,1
talks,1
mimicking,1
mount,1
explanations,1
cast,1
pitch,1
profoundly,1
enhancing,1
adequate,1
incomparable,1
kotha,1
identification,1
predicted,1
his,1
elaborate,1
growth,1
rushing,1
expanding,1
sensing,1
taxonomy,1
behaviorally,1
incoherent,1
categorizing,1
ironic,1
nonideal,1
adam,1
biggest,1
hansen,1
capture,1
responded,1
treat,1
beholder,1
christine,1
environments,1
elsevier,1
deliberately,1
comply,1
substantiate,1
saints,1
earlier,1
persistent,1
connected,1
travels,1
pressured,1
derived,1
sacrificed,1
sanita,1
special,1
enacted,1
envision,1
produced,1
danger,1
competence,1
mobilize,1
offering,1
white,1
evolution,1
govern,1
steer,1
clarification,1
cuts,1
reinforce,1
extremes,1
moreover,1
lowers,1
brought,1
wash,1
thomas,1
references,1
mean,1
pernicious,1
voluntarily,1
discipleship,1
changes,1
defies,1
win,1
halo,1
old,1
troublesome,1
underdeveloped,1
dichotomy,1
reinforcement,1
occupational,1
statistical,1
injures,1
imposing,1
intellectually,1
antidote,1
india,1
emission,1
fiduciary,1
attends,1
sick,1
abuses,1
presumably,1
wins,1
invite,1
driven,1
weather,1
thirty,1
dominate,1
shelters,1
mary,1
articulated,1
enhancement,1
house,1
preoccupation,1
shore,1
reexamined,1
reviewed,1
dewey,1
observations,1
upper,1
situations,1
age,1
retrospective,1
nitin,1
pulpit,1
additional,1
vietnam,1
connecting,1
polar,1
indonesia,1
definite,1
consequence,1
stark,1
putting,1
asch,1
reorientation,1
begin,1
injustice,1
bolts,1
essays,1
dominant,1
helped,1
flow,1
presupposition,1
dishwasher,1
disclosed,1
advocated,1
consortia,1
pandora,1
constructive,1
veil,1
aggrieved,1
practicability,1
opponents,1
cancer,1
pose,1
moving,1
theft,1
appraisal,1
stockholder,1
urgency,1
game,1
pitman,1
introduce,1
path,1
concentration,1
questioned,1
bearing,1
avenue,1
uncovering,1
sei,1
societies,1
appearance,1
begun,1
hands,1
called,1
ambitions,1
chronicling,1
cusp,1
embracing,1
seven,1
match,1
lived,1
divest,1
intellectuals,1
requirements,1
toxic,1
worker,1
hamper,1
emerge,1
workable,1
marguerite,1
invoke,1
representative,1
term,1
involuntarily,1
signings,1
wise,1
infected,1
honoring,1
undeniable,1
traced,1
understood,1
informed,1
stalemate,1
healthy,1
affirms,1
halls,1
impeded,1
regulation,1
syracuse,1
aspects,1
activist,1
indirect,1
agreements,1
appears,1
population,1
constraining,1
priorities,1
biases,1
excellent,1
appearing,1
otherwise,1
energy,1
record,1
eye,1
nothing,1
alluring,1
hypothetical,1
procedures,1
nichole,1
guarantee,1
facilities,1
virus,1
enough,1
acceleration,1
premise,1
negotiated,1
triumph,1
answer,1
january,1
balance,1
computpopula,1
briefly,1
technical,1
communitarian,1
improve,1
retroactive,1
failure,1
representatives,1
abuse,1
gained,1
conservatives,1
keeping,1
sphere,1
nourishment,1
invisible,1
future,1
degrees,1
mapped,1
texaco,1
tight,1
hartford,1
planning,1
scope,1
carry,1
nine,1
distinguish,1
persistence,1
preeminent,1
combating,1
advancement,1
tens,1
cleaning,1
substantiating,1
training,1
wasting,1
unfinished,1
reduction,1
aged,1
journals,1
positions,1
pettigrew,1
shocking,1
irritants,1
q,1
fail,1
positing,1
during,1
rescue,1
suppliers,1
constitute,1
contains,1
calculating,1
officers,1
relevance,1
stimulate,1
versus,1
announcing,1
teenage,1
contentious,1
crossindustry,1
prescriptive,1
endorsed,1
participate,1
entails,1
philosophically,1
manage,1
indianapolis,1
resort,1
arrangements,1
alan,1
own,1
assembly,1
strongest,1
crossfire,1
minds,1
graduate,1
count,1
announcement,1
misguided,1
diagnosing,1
monetary,1
depicting,1
discovering,1
signing,1
metamorphosis,1
computer,1
authorities,1
bond,1
start,1
adaptive,1
successful,1
billion,1
hard,1
current,1
tom,1
shaping,1
reinforces,1
theoretically,1
spare,1
involve,1
ranganathan,1
protest,1
box,1
sources,1
dimaggio,1
clothes,1
enlist,1
reorienting,1
assemble,1
heart,1
family,1
meb,1
worst,1
contingency,1
sandelands,1
consensus,1
dire,1
highly,1
choose,1
grow,1
executed,1
governments,1
presence,1
observe,1
invaluable,1
secrecy,1
protect,1
inefficiency,1
logistics,1
confiscatory,1
selection,1
workforce,1
mixing,1
impossible,1
degradation,1
division,1
managed,1
warranting,1
bulletin,1
breakfast,1
qualify,1
productivity,1
weigh,1
nigerian,1
preliminary,1
docs,1
aggregate,1
discontents,1
reducing,1
mortalito,1
szabo,1
petroleum,1
local,1
reigns,1
appeal,1
replacing,1
anita,1
threatened,1
battle,1
trends,1
stripes,1
collaborations,1
related,1
adhering,1
prevent,1
curricula,1
power,1
critics,1
reduced,1
ingenuity,1
variety,1
protecting,1
intercountry,1
requirement,1
contingent,1
ensues,1
buttress,1
wary,1
lynn,1
invalidation,1
happy,1
sans,1
contrasted,1
comparative,1
subject,1
competitively,1
plans,1
tide,1
acknowledged,1
brief,1
spar,1
allowable,1
mediating,1
andreasen,1
reduce,1
convince,1
july,1
specifying,1
still,1
plagues,1
says,1
reporting,1
comments,1
holders,1
triggering,1
longitudinal,1
movement,1
eager,1
degree,1
sustainability,1
echo,1
competitiveness,1
fighting,1
misappropriate,1
informs,1
convictions,1
calculate,1
coherence,1
communities,1
philadelphia,1
joshua,1
elaboration,1
urged,1
housing,1
intuitively,1
externally,1
meanwhile,1
push,1
revealed,1
intense,1
creditors,1
immaterial,1
builds,1
sizing,1
necessitate,1
caveat,1
mobile,1
threat,1
formally,1
exposure,1
combat,1
assisting,1
inconsistencies,1
signaling,1
contractors,1
demographic,1
compiled,1
complementary,1
tax,1
participants,1
included,1
perceptual,1
publishing,1
illuminated,1
obligated,1
infield,1
repercussions,1
mercury,1
demonstrates,1
responsive,1
hiller,1
ngos,1
largest,1
insights,1
delaware,1
hunger,1
destination,1
increasingly,1
whittington,1
shows,1
sketch,1
mismatching,1
useful,1
delivery,1
persuasive,1
soundness,1
preeminence,1
misallocated,1
solomon,1
statements,1
book,1
omission,1
stronger,1
factory,1
insatiable,1
fragmentation,1
stating,1
death,1
knowing,1
ask,1
endorse,1
destroy,1
keeney,1
smith,1
missing,1
egalitarians,1
communal,1
mainsumpdren,1
longer,1
explores,1
consideration,1
relates,1
pressure,1
creative,1
plan,1
clarendon,1
beliefs,1
dividends,1
essence,1
deems,1
lacks,1
threats,1
angry,1
gentile,1
banks,1
understandable,1
plagued,1
fallen,1
sturdy,1
deleterious,1
inherently,1
formulating,1
subscribing,1
donating,1
venture,1
fashion,1
decipher,1
neglected,1
disciplined,1
honor,1
legislation,1
devil,1
enact,1
never,1
reproductive,1
prudent,1
conspicuously,1
fits,1
organizing,1
monitor,1
imperatives,1
increases,1
alto,1
posit,1
manner,1
influential,1
shown,1
ballinger,1
innovative,1
altruistic,1
tackling,1
derivation,1
continuing,1
developing,1
orderly,1
validity,1
existing,1
commingle,1
receives,1
celebrated,1
michael,1
interview,1
achieving,1
discounted,1
inhospitable,1
council,1
predictors,1
alchemy,1
norms,1
deep,1
japan,1
concisely,1
intensify,1
weaken,1
narrative,1
bully,1
project,1
beta,1
bearers,1
inconsistency,1
reconciled,1
repairing,1
shifts,1
dec,1
gorham,1
echelon,1
catalogued,1
ecology,1
violent,1
interpreting,1
thousands,1
imagine,1
able,1
becomes,1
analyzed,1
readjusted,1
dolan,1
campaigns,1
rawlsian,1
rulers,1
disease,1
minimizing,1
survive,1
invested,1
examples,1
birth,1
prevention,1
unearth,1
eighteenth,1
garner,1
helps,1
limitations,1
slaves,1
culpability,1
inexplicable,1
formal,1
unencumbered,1
enhanced,1
harms,1
holt,1
vexing,1
ucla,1
surmount,1
reside,1
disposable,1
lawsuits,1
persists,1
host,1
conservatively,1
amnesty,1
enduring,1
traded,1
food,1
determining,1
prevailed,1
operated,1
oppose,1
virtually,1
prospective,1
debora,1
morality,1
congress,1
resulting,1
morten,1
variables,1
recovery,1
irreducible,1
environaccounting,1
individuals,1
franklin,1
frame,1
full,1
raising,1
nightmare,1
zed,1
converse,1
stayed,1
lucrative,1
requests,1
interplay,1
quadrupled,1
open,1
significance,1
crises,1
type,1
provoked,1
dislodged,1
reward,1
authors,1
publication,1
language,1
virtues,1
revolve,1
guides,1
urge,1
co,1
smelser,1
attach,1
blend,1
mavens,1
like,1
nonprofits,1
ny,1
federal,1
general,1
summer,1
html,1
busiorlitzky,1
goodness,1
inadequacies,1
mexico,1
meets,1
attaches,1
taxand,1
staw,1
erected,1
practiced,1
accurate,1
after,1
conversation,1
fragility,1
standard,1
primer,1
intrinsic,1
officials,1
permitting,1
construct,1
ignorance,1
repeated,1
spent,1
class,1
decide,1
educational,1
facing,1
cogent,1
somehow,1
coercive,1
prescribes,1
eyes,1
parallel,1
lbbotson,1
constructing,1
solicited,1
narrow,1
palo,1
sensible,1
let,1
assessing,1
tactics,1
blackwell,1
exactly,1
deliberate,1
functionings,1
assigning,1
disinvestment,1
defensibly,1
fulfilled,1
seeking,1
unwitting,1
translate,1
decoupled,1
prods,1
securing,1
attracted,1
acceded,1
ameliorative,1
destruction,1
specification,1
quarter,1
achieve,1
guth,1
sole,1
greek,1
roddick,1
widely,1
separate,1
advising,1
carried,1
telephone,1
defensible,1
yields,1
lance,1
tests,1
negotiations,1
impair,1
illusory,1
fueled,1
devote,1
imply,1
browne,1
me,1
backward,1
violation,1
note,1
sanitation,1
humanities,1
ing,1
bureau,1
george,1
mixture,1
assert,1
domains,1
erase,1
maps,1
mba,1
claimed,1
fear,1
flowed,1
resistant,1
fixing,1
enron,1
citizens,1
discard,1
bare,1
proscribe,1
male,1
primarily,1
sway,1
exceptional,1
excluding,1
directing,1
implicate,1
tive,1
admired,1
toxics,1
scrutinizing,1
bears,1
kroll,1
began,1
accommodating,1
empirics,1
philosopher,1
thirteen,1
rapidly,1
indicate,1
frames,1
distort,1
capacious,1
linking,1
businesses,1
recipients,1
zeckhauser,1
extends,1
sinners,1
salience,1
underscores,1
appraisals,1
education,1
mother,1
delineates,1
fields,1
canonical,1
instances,1
attributions,1
moderating,1
insurance,1
canada,1
quiet,1
arts,1
dramaturgy,1
definitive,1
aldrich,1
matters,1
addressed,1
circumscribed,1
anthropological,1
warrants,1
publicly,1
eschewed,1
shadow,1
small,1
oxfam,1
globe,1
proceed,1
tirelessly,1
judgments,1
inductively,1
following,1
ineffable,1
lessons,1
wto,1
counterintuitive,1
series,1
version,1
divestiture,1
lowaccounting,1
bership,1
circumstances,1
founded,1
manual,1
retard,1
invoked,1
weighty,1
htm,1
word,1
too,1
continues,1
extension,1
bush,1
implied,1
dubious,1
scrutiny,1
shop,1
recognizable,1
securities,1
warren,1
compensates,1
narrowly,1
temple,1
compensation,1
command,1
wider,1
rigorous,1
accommodates,1
quickly,1
divert,1
branches,1
intellectual,1
partner,1
extant,1
aei,1
concession,1
organized,1
removing,1
connection,1
setting,1
exploration,1
sampling,1
unknown,1
ph,1
championing,1
half,1
chronicled,1
wall,1
mantle,1
determination,1
captures,1
omitting,1
correctives,1
iii,1
spiros,1
deductively,1
reliability,1
linked,1
brazil,1
numb,1
rely,1
sundaram,1
reflected,1
sorted,1
contaminated,1
associations,1
cities,1
identities,1
adler,1
distinctive,1
ambivalent,1
manic,1
accepts,1
booker,1
rural,1
proposed,1
inspires,1
oliver,1
propitious,1
texas,1
better,1
lamont,1
counterproductive,1
believed,1
dismissing,1
dedicate,1
defending,1
donate,1
purchase,1
automatic,1
objectivity,1
differing,1
list,1
regulators,1
opportunistic,1
statement,1
mere,1
docility,1
ripe,1
gambling,1
gladwin,1
illustrated,1
injunction,1
chevron,1
extract,1
insinuate,1
pursued,1
secure,1
women,1
proposing,1
listed,1
restoring,1
cognitively,1
alcohol,1
phenomena,1
amelioration,1
infant,1
art,1
garbage,1
beginning,1
arbiter,1
bob,1
burden,1
cares,1
reaped,1
level,1
emergent,1
escravos,1
necessity,1
incorporating,1
privatized,1
code,1
multiple,1
chilunderwith,1
behling,1
conclude,1
compensatory,1
graduates,1
springboard,1
introduced,1
greatest,1
marketing,1
joining,1
confirm,1
november,1
regulate,1
easy,1
concessions,1
apartheid,1
clarifies,1
administration,1
controls,1
went,1
rationale,1
acute,1
obtain,1
tender,1
nohria,1
arguments,1
equipped,1
announcements,1
phenomenon,1
galvin,1
twin,1
disqualify,1
think,1
complaints,1
nov,1
analysts,1
unexplored,1
proceeds,1
false,1
disadvantages,1
alarmist,1
defends,1
theme,1
touch,1
emptor,1
trusted,1
discrepancy,1
plausible,1
relinquishing,1
contract,1
unequal,1
internally,1
fulfillment,1
grant,1
catch,1
accept,1
aware,1
crisis,1
hiring,1
move,1
joined,1
consumers,1
integrated,1
deduction,1
dilute,1
exceeding,1
involving,1
panies,1
defined,1
attempted,1
voluntary,1
refining,1
objections,1
embodies,1
measured,1
walking,1
appellant,1
summary,1
anonymous,1
profitably,1
offered,1
charles,1
removed,1
posture,1
collective,1
combination,1
russia,1
reached,1
enterprise,1
sharing,1
infirmity,1
misadventures,1
uncertainty,1
misspecification,1
pesyna,1
views,1
sheer,1
interaction,1
divergent,1
treating,1
benchmark,1
counts,1
strong,1
pakistan,1
comparable,1
curing,1
drew,1
observed,1
profiles,1
operational,1
successive,1
learned,1
roles,1
termed,1
perception,1
deeper,1
grants,1
thorough,1
