WORDCOUNTS,WEIGHT
the,657
of,413
and,339
in,275
a,255
to,235
s,185
as,154
that,153
is,129
jo,128
for,102
her,97
novel,92
women,90
it,86
little,81
this,66
which,60
with,58
by,57
beth,56
alcott,55
she,52
an,46
reading,45
we,45
not,45
on,45
lesbian,43
into,39
i,39
poems,39
but,37
see,37
writing,37
one,36
poem,36
love,35
be,35
p,34
they,33
march,33
at,32
its,32
have,30
are,29
desire,28
narrative,25
story,25
from,25
or,24
like,24
literature,24
out,23
reader,23
queer,23
new,23
pp,22
how,21
my,21
only,21
what,21
all,20
loss,20
read,20
more,20
also,20
time,20
so,20
between,20
through,20
sister,19
about,18
feminist,18
when,17
up,17
film,17
us,17
readers,17
book,16
than,16
may,16
their,16
itself,16
first,15
might,15
has,15
such,15
work,15
other,15
death,15
if,14
de,14
literary,14
can,14
identity,14
me,14
then,14
text,14
over,14
each,14
both,14
press,14
form,13
example,13
criticism,13
these,13
girls,13
there,12
most,12
plot,12
world,12
will,12
girl,12
ed,12
own,12
here,12
our,12
within,11
york,11
fantasy,11
because,11
good,11
hand,11
who,11
subject,11
you,11
much,11
univ,10
four,10
place,10
around,10
kent,10
case,10
making,10
writes,10
off,10
now,9
way,9
louisa,9
character,9
something,9
old,9
even,9
imagines,9
lauretis,9
gay,9
two,9
where,9
been,9
them,9
while,9
long,8
moment,8
kind,8
look,8
no,8
act,8
process,8
was,8
m,8
appear,8
had,8
makes,8
seeing,8
culture,8
dialectical,8
fact,8
end,8
never,8
judith,8
woman,8
another,8
things,8
relationship,8
often,8
get,8
attachment,8
very,8
think,8
question,8
bhaer,8
does,7
american,7
history,7
last,7
development,7
laurie,7
sisters,7
poetry,7
sentimental,7
well,7
order,7
textual,7
he,7
still,7
toward,7
murphy,7
enough,7
do,7
garret,7
made,7
after,7
thomas,7
becomes,7
life,7
chests,7
butler,7
historical,7
visible,7
content,7
representation,7
write,7
writer,7
go,6
studies,6
seems,6
possibilities,6
explores,6
takes,6
sexual,6
thus,6
professor,6
author,6
marriage,6
body,6
whose,6
without,6
rather,6
his,6
space,6
shall,6
future,6
part,6
falling,6
family,6
female,6
object,6
closet,6
rain,6
home,6
stanza,6
forms,6
less,6
perhaps,6
jameson,6
herself,6
theories,6
logic,6
eyes,6
become,6
lines,6
analysis,6
lid,6
consider,6
particularly,6
audience,6
works,6
particular,6
problem,6
pain,6
come,6
argues,6
sexuality,6
chicago,6
e,5
beauvoir,5
ways,5
sedgwick,5
before,5
production,5
give,5
words,5
great,5
meg,5
hands,5
written,5
point,5
thing,5
interesting,5
erotic,5
represented,5
trites,5
romantic,5
just,5
spirit,5
could,5
exactly,5
let,5
war,5
appears,5
simone,5
stadler,5
london,5
actually,5
carey,5
critical,5
happy,5
same,5
resolution,5
name,5
again,5
worn,5
psychic,5
halberstam,5
formal,5
california,5
essay,5
would,5
summer,5
especially,5
dickinson,5
must,5
almost,5
allows,5
formation,5
themselves,5
characters,5
should,5
dies,4
names,4
worthy,4
trojan,4
essays,4
true,4
approaches,4
transparency,4
being,4
nature,4
feminism,4
take,4
those,4
some,4
sweet,4
split,4
against,4
clark,4
young,4
interpretation,4
psychoanalytic,4
imitation,4
too,4
readings,4
access,4
homoerotic,4
homoerotics,4
stimpson,4
your,4
james,4
scene,4
possibility,4
wants,4
kathryn,4
heart,4
horse,4
explains,4
gender,4
used,4
away,4
least,4
dust,4
always,4
articulation,4
garrett,4
forever,4
letters,4
drama,4
make,4
once,4
fair,4
foucault,4
stories,4
refrain,4
father,4
sees,4
mourning,4
imagination,4
unruly,4
emily,4
force,4
hope,4
wives,4
any,4
following,4
ever,4
loving,4
paper,4
different,4
routledge,4
best,4
domestic,4
eventually,4
past,4
statement,4
theory,4
lies,4
tell,4
marry,4
frame,4
taking,4
early,4
miller,3
produces,3
limits,3
trans,3
sets,3
hair,3
tells,3
came,3
passion,3
either,3
attempts,3
enables,3
borders,3
origin,3
rich,3
borne,3
disappearance,3
course,3
play,3
issue,3
chapter,3
possible,3
politics,3
himself,3
letter,3
framework,3
exist,3
human,3
lover,3
mine,3
ethical,3
g,3
interest,3
overt,3
self,3
perspective,3
back,3
marital,3
though,3
identification,3
across,3
importance,3
b,3
leave,3
lives,3
favor,3
bad,3
wanted,3
presumably,3
wittig,3
position,3
melville,3
asks,3
willing,3
care,3
important,3
view,3
artistic,3
path,3
asserts,3
found,3
scenes,3
mimetism,3
produced,3
cannot,3
promise,3
outside,3
oh,3
expressions,3
aspects,3
civil,3
kosofsky,3
hidden,3
refuse,3
t,3
published,3
temporality,3
painting,3
sense,3
suggest,3
next,3
staged,3
boundaries,3
tomboy,3
describes,3
waiting,3
seemed,3
womanhood,3
critics,3
wrote,3
rights,3
opacity,3
above,3
boy,3
movement,3
represents,3
thought,3
ne,3
hopes,3
already,3
moments,3
social,3
diary,3
power,3
others,3
similarly,3
many,3
scholars,3
fredric,3
britches,3
choice,3
really,3
break,3
incorporation,3
everything,3
performances,3
michael,3
practice,3
ludus,3
encounter,3
fictional,3
elegy,3
expression,3
band,3
attic,3
described,3
open,3
co,3
eve,3
function,3
him,3
ended,3
kept,3
cogent,3
feet,3
reads,3
sight,3
ann,3
structure,3
attention,3
brown,3
figure,3
begin,3
inside,3
pens,3
why,3
dead,3
mother,3
face,3
prohibited,3
constituted,3
continues,3
offers,3
set,3
intellectual,3
spectator,3
sure,3
exploration,3
identities,3
grief,3
showalter,3
boston,3
chest,3
attachments,3
went,3
mimesis,3
ultimately,3
opens,3
finally,3
instead,3
effects,3
historicism,3
given,3
row,3
anticipates,2
done,2
struggle,2
child,2
page,2
imagining,2
meaning,2
oddity,2
uncomplaining,2
introduction,2
bequeath,2
passing,2
expect,2
becoming,2
kinds,2
prime,2
pierre,2
songs,2
constitutes,2
modern,2
harmony,2
title,2
faded,2
eye,2
princeton,2
experience,2
round,2
gap,2
wrong,2
every,2
laplanche,2
attempt,2
degree,2
knowing,2
tradition,2
room,2
elegiac,2
timing,2
roland,2
homosexual,2
nevertheless,2
fresh,2
mind,2
precisely,2
ours,2
somewhat,2
signs,2
behind,2
sound,2
side,2
key,2
bird,2
motion,2
primary,2
misreading,2
right,2
drive,2
beverly,2
bibliography,2
move,2
richard,2
heterosexuality,2
smooth,2
say,2
events,2
far,2
familial,2
promises,2
behavior,2
shut,2
poetical,2
married,2
famously,2
since,2
machine,2
agent,2
gendered,2
conjures,2
hendler,2
marxism,2
melancholic,2
fried,2
learning,2
keep,2
gustavus,2
difficulty,2
find,2
explore,2
journal,2
dear,2
reunited,2
details,2
general,2
cites,2
haggerty,2
jean,2
lyon,2
resists,2
generations,2
angeles,2
mclaughlin,2
swept,2
stanzas,2
completely,2
similar,2
michel,2
direct,2
parts,2
hearing,2
bhear,2
homophobia,2
feel,2
awareness,2
dyer,2
category,2
escape,2
university,2
forget,2
encourages,2
teaches,2
show,2
defines,2
putting,2
odd,2
dominant,2
films,2
hours,2
response,2
geniuses,2
ambitions,2
speaker,2
allegorically,2
underneath,2
demands,2
agatha,2
fetterley,2
density,2
further,2
fairer,2
record,2
however,2
tension,2
creates,2
foregrounds,2
suspended,2
bunyan,2
silver,2
monique,2
r,2
journals,2
effeminate,2
slouches,2
intense,2
overviews,2
responding,2
los,2
framed,2
repetition,2
nation,2
stores,2
caught,2
elizabeth,2
describe,2
older,2
literally,2
contains,2
hung,2
pedagogic,2
rendered,2
memoirs,2
encounters,2
successful,2
hard,2
field,2
brave,2
poet,2
saintly,2
desires,2
few,2
brought,2
presence,2
patience,2
rendition,2
dim,2
resistance,2
barthes,2
ghost,2
haunting,2
reluctant,2
appeal,2
second,2
identified,2
short,2
indeed,2
serene,2
description,2
nearly,2
commenced,2
covert,2
pivotal,2
yet,2
unfolds,2
permission,2
adrienne,2
soon,2
later,2
under,2
formally,2
j,2
light,2
complete,2
odds,2
cheerful,2
bridal,2
longer,2
afterlife,2
childhood,2
mark,2
elegies,2
barber,2
happening,2
creative,2
clarendon,2
children,2
fallen,2
man,2
external,2
angels,2
learn,2
ground,2
keys,2
marrying,2
ahead,2
books,2
sell,2
elaine,2
imagine,2
unselfish,2
hear,2
lost,2
examples,2
staging,2
heroine,2
trajectory,2
sicherman,2
distinctly,2
approach,2
sequence,2
questions,2
were,2
intimacy,2
three,2
restraint,2
sustain,2
lonely,2
issn,2
arc,2
objectness,2
period,2
lie,2
filled,2
poetic,2
provides,2
creech,2
glenn,2
relation,2
wise,2
teach,2
authorship,2
grain,2
intersubjective,2
ago,2
limiting,2
christian,2
today,2
publishing,2
george,2
doyle,2
vision,2
bound,2
prose,2
hill,2
scratched,2
rpt,2
bears,2
thematization,2
boxes,2
quite,2
hole,2
fall,2
teresa,2
dutiful,2
exists,2
sympathy,2
amy,2
grounded,2
matters,2
school,2
share,2
shadow,2
comes,2
conclusion,2
complexity,2
ve,2
manual,2
simply,2
proposes,2
besides,2
river,2
mirrors,2
know,2
berkeley,2
erotics,2
setting,2
gone,2
contradictory,2
subcultural,2
tears,2
reconcile,2
selected,2
wept,2
rhyme,2
linger,2
suspicion,2
pontalis,2
popular,2
bodies,2
careful,2
introduced,2
lesbianism,2
duty,2
beloved,2
publishers,2
screen,2
pound,2
gain,2
aspect,2
jan,2
named,2
wild,2
devoted,2
models,2
difference,2
catherine,2
wish,2
offer,2
d,2
consumption,2
relics,2
product,2
roberta,2
remains,2
shift,2
speak,2
specific,2
boyish,2
c,2
scholarship,2
re,2
resist,2
asked,2
doing,2
daughter,2
household,2
thorough,2
freud,1
glances,1
unpredictable,1
woven,1
resolve,1
carved,1
horror,1
impossibility,1
sing,1
wishful,1
madeleine,1
pauses,1
common,1
objectification,1
concerned,1
adopt,1
opinion,1
narrator,1
stood,1
whitman,1
suggested,1
till,1
commitment,1
trained,1
peaceful,1
career,1
excess,1
danced,1
college,1
fiction,1
struggled,1
thrown,1
allegorie,1
happen,1
submission,1
alone,1
epidemic,1
truer,1
starts,1
maidenhood,1
manuscript,1
sympathetic,1
identifies,1
police,1
dematerialized,1
prediction,1
complex,1
conflicts,1
hate,1
cofound,1
myth,1
identify,1
tend,1
entries,1
join,1
alberghene,1
motto,1
h,1
fuss,1
patriarch,1
shoe,1
inthe,1
earthly,1
easily,1
dialectically,1
ardent,1
censure,1
perfect,1
duke,1
former,1
acceptance,1
backs,1
devices,1
enjoys,1
fixed,1
tome,1
themoment,1
turns,1
encourage,1
biographical,1
expressed,1
moving,1
assume,1
binds,1
edu,1
publishes,1
immanent,1
turning,1
carving,1
themes,1
diaries,1
clamourously,1
member,1
anything,1
synonymous,1
sit,1
forgive,1
ideas,1
decidedly,1
lacanian,1
www,1
please,1
embraced,1
expands,1
certainly,1
posed,1
paragon,1
enacts,1
sad,1
unimaginable,1
taken,1
glq,1
inlittle,1
hum,1
refusal,1
generated,1
forcibly,1
articulate,1
themembers,1
rational,1
ourselves,1
dreams,1
england,1
official,1
departure,1
hour,1
inhabits,1
company,1
tutor,1
flowers,1
fulfills,1
wooden,1
assess,1
belong,1
uneasy,1
paranoia,1
warm,1
daily,1
prop,1
ungainly,1
thank,1
differences,1
sang,1
confirming,1
imaginary,1
temporalities,1
prize,1
follows,1
verbal,1
able,1
closer,1
psyche,1
wore,1
whistling,1
immortal,1
grip,1
loves,1
review,1
alarming,1
emblem,1
marmee,1
somany,1
closeted,1
infinitely,1
trouble,1
stand,1
respond,1
shepherd,1
henry,1
reserved,1
robert,1
henceforth,1
onemay,1
opposite,1
embody,1
thy,1
ambiguous,1
marries,1
motivated,1
daniel,1
visibility,1
context,1
el,1
legend,1
fulfilling,1
contents,1
system,1
courage,1
occasional,1
regimented,1
existence,1
modernist,1
mortal,1
asleep,1
walks,1
money,1
draws,1
planted,1
incorporate,1
draw,1
womanly,1
synecdoche,1
representations,1
design,1
feminization,1
heroically,1
felt,1
prior,1
fitting,1
implies,1
marked,1
compelling,1
strand,1
cap,1
kerber,1
flatten,1
april,1
powers,1
structurally,1
blithe,1
obvious,1
fine,1
upstairs,1
combination,1
except,1
maneuvered,1
decoding,1
pairs,1
cited,1
along,1
representing,1
keeps,1
acquires,1
beneath,1
prototype,1
urging,1
oblivion,1
signal,1
karen,1
labor,1
regarding,1
kirkup,1
preoccupied,1
goal,1
comprehensive,1
cunningham,1
chapters,1
throughout,1
domesticated,1
fascinated,1
shealy,1
prefaces,1
fun,1
strife,1
connect,1
soar,1
everybody,1
dying,1
difficulties,1
immediate,1
miming,1
dynamics,1
blast,1
neighbor,1
quality,1
points,1
metonymically,1
patient,1
smisguided,1
realized,1
divine,1
paradoxically,1
disarming,1
intact,1
lectures,1
domain,1
ripples,1
raises,1
emerges,1
insofar,1
cruising,1
inversion,1
overly,1
privilege,1
secretmessage,1
retreats,1
progressive,1
unity,1
thereof,1
burgin,1
vocabulary,1
wander,1
nor,1
exhortations,1
deeds,1
hid,1
bay,1
wescott,1
profound,1
star,1
subjects,1
differently,1
oedipal,1
compulsory,1
http,1
holds,1
sending,1
reference,1
guardian,1
third,1
despair,1
cultivates,1
compare,1
mirrored,1
obscure,1
student,1
performative,1
theuniversity,1
spite,1
spoils,1
intrigued,1
deeply,1
enchanting,1
messages,1
morphs,1
precede,1
adult,1
invites,1
generation,1
subversion,1
weal,1
cultural,1
haze,1
constrictive,1
supremus,1
subversive,1
aim,1
threatens,1
ers,1
site,1
sweeping,1
sixteen,1
online,1
subordination,1
youthful,1
license,1
upright,1
sklar,1
queerly,1
links,1
bring,1
l,1
performance,1
main,1
transgender,1
centered,1
stop,1
remain,1
laugh,1
aggressive,1
gown,1
secrets,1
sorely,1
cinema,1
biggest,1
breast,1
myself,1
pause,1
knew,1
stranger,1
adopted,1
linnea,1
titled,1
granted,1
locks,1
manages,1
flexible,1
loses,1
underrepresents,1
publisher,1
certain,1
poky,1
fueling,1
catalogs,1
plots,1
unfeminine,1
contributions,1
allegory,1
signatures,1
witness,1
permissions,1
leaves,1
walt,1
swaggers,1
lay,1
sunshine,1
instructs,1
reappears,1
addressing,1
pleasures,1
watching,1
send,1
unpredictability,1
dolls,1
theorists,1
mission,1
operates,1
marks,1
maiden,1
signed,1
weaves,1
presents,1
image,1
slowly,1
emergence,1
disappointment,1
clearly,1
latin,1
wins,1
proved,1
edition,1
n,1
impact,1
gradually,1
house,1
shore,1
argued,1
distasteful,1
umbrella,1
age,1
adolescence,1
riverside,1
fashioned,1
yea,1
wire,1
store,1
mostremembered,1
origins,1
surface,1
saint,1
exceed,1
generally,1
consequence,1
whatmakesshemust,1
papa,1
dishcloths,1
fairies,1
victorian,1
tarbaby,1
mawr,1
faced,1
myerson,1
decades,1
drawing,1
cut,1
decode,1
amazing,1
state,1
qualities,1
veil,1
taught,1
thinks,1
whereas,1
uses,1
inscribes,1
result,1
jenn,1
reprinted,1
lead,1
whom,1
laid,1
critic,1
histories,1
ribbons,1
ambition,1
called,1
traditionally,1
joy,1
sequel,1
six,1
triangulated,1
foreground,1
treason,1
lived,1
prim,1
shared,1
housepian,1
primacy,1
radical,1
carolina,1
vortex,1
bizarre,1
viking,1
workable,1
melancholy,1
illness,1
shield,1
vortexes,1
unthinkable,1
term,1
patriarchal,1
circulation,1
fans,1
handbook,1
pure,1
knit,1
pointing,1
durham,1
cuts,1
incapable,1
circular,1
reviews,1
inventory,1
intensity,1
analogous,1
unconvincing,1
safe,1
verse,1
presided,1
lesbians,1
wring,1
produce,1
perform,1
breathing,1
intensely,1
approached,1
uninhabitable,1
public,1
near,1
memory,1
torn,1
feminine,1
trojanhorse,1
directly,1
keeping,1
accounting,1
degrees,1
relief,1
arrives,1
xxxv,1
suggests,1
maneuvers,1
toys,1
rainy,1
blue,1
carry,1
charity,1
imagined,1
spinster,1
sorrows,1
insubordination,1
apparent,1
calls,1
secret,1
confined,1
comment,1
pilgrim,1
feared,1
pocket,1
got,1
fairy,1
mannishness,1
continuation,1
willingness,1
sorrow,1
fit,1
during,1
subtleties,1
overtly,1
issues,1
constitute,1
jomarch,1
people,1
incest,1
dobkin,1
figures,1
increasingly,1
predicts,1
structures,1
homophobic,1
meek,1
disturbingly,1
call,1
perversity,1
forces,1
personal,1
romance,1
scribbled,1
novels,1
floors,1
formations,1
girlhood,1
wanders,1
project,1
confession,1
inexpressible,1
affable,1
caresses,1
status,1
miss,1
enthusiastic,1
contradictions,1
abolish,1
wrangling,1
absorb,1
sanctifies,1
citing,1
change,1
exemplary,1
responses,1
diversion,1
brush,1
wraps,1
presented,1
working,1
manners,1
cold,1
lieth,1
straight,1
subjective,1
initiates,1
box,1
grass,1
destiny,1
disembodied,1
diagnostic,1
nearest,1
event,1
sake,1
patiently,1
small,1
historicist,1
gowns,1
castle,1
several,1
axiom,1
characteristics,1
ignore,1
june,1
replace,1
choose,1
coltish,1
grow,1
assimilate,1
trifles,1
reread,1
comfort,1
invoke,1
signposts,1
choosing,1
telling,1
methodological,1
managed,1
beacon,1
dyke,1
necessity,1
passivity,1
wife,1
filling,1
evaporate,1
games,1
hurley,1
notice,1
joel,1
lore,1
value,1
finds,1
cheating,1
inhabiting,1
actions,1
sophistication,1
readership,1
society,1
barbara,1
transforming,1
f,1
evaporation,1
therefore,1
hatch,1
demand,1
matter,1
nonetheless,1
absence,1
practices,1
entrapping,1
easy,1
alarmingly,1
contingent,1
hints,1
pushes,1
bemore,1
action,1
knight,1
located,1
feeling,1
blessed,1
limited,1
somebody,1
wait,1
relentlessly,1
gallant,1
funny,1
manet,1
brings,1
fastened,1
gift,1
assure,1
projecting,1
formative,1
says,1
indicates,1
folded,1
curtain,1
assoc,1
translates,1
canvas,1
study,1
modes,1
artist,1
seemingly,1
neat,1
echo,1
peeped,1
hold,1
caressing,1
tends,1
single,1
roof,1
fighting,1
worked,1
oxford,1
victor,1
fruition,1
repressive,1
cleveland,1
steer,1
instantly,1
begged,1
sex,1
unliterary,1
populated,1
neither,1
imitate,1
vows,1
falls,1
petticoats,1
perspectives,1
teaching,1
shifting,1
friendship,1
lament,1
imitating,1
begins,1
lined,1
ucpress,1
rise,1
inheritance,1
baby,1
mapplethorpe,1
relevance,1
affections,1
sketch,1
disciplinary,1
volume,1
paracanons,1
members,1
admit,1
rung,1
confound,1
stronger,1
parenthetical,1
brain,1
thresholds,1
lucky,1
put,1
tiny,1
desiring,1
gentle,1
dearest,1
efforts,1
speaks,1
incorporates,1
didnt,1
naive,1
troubled,1
ailing,1
regents,1
performatively,1
regret,1
relates,1
pressure,1
music,1
agree,1
match,1
abstract,1
outdated,1
parting,1
larger,1
sexless,1
john,1
watch,1
debates,1
shoulder,1
humming,1
deitch,1
golden,1
joys,1
seldom,1
observes,1
terry,1
reproductive,1
none,1
lullabies,1
present,1
themself,1
thou,1
considers,1
layers,1
orderly,1
soften,1
accepted,1
compromising,1
mourns,1
until,1
unquiet,1
laden,1
tation,1
deep,1
parted,1
plodding,1
controversy,1
mercy,1
hergender,1
cynically,1
grave,1
gives,1
counterpart,1
explicitly,1
gladly,1
encountered,1
chair,1
website,1
revises,1
realize,1
artifact,1
remained,1
fight,1
autobiography,1
historian,1
original,1
semper,1
entirety,1
private,1
understanding,1
exploring,1
discussion,1
subjectivity,1
explanation,1
stuck,1
upon,1
mothers,1
bear,1
renders,1
cult,1
primus,1
woe,1
passes,1
owe,1
billy,1
sap,1
birds,1
solemn,1
encouraged,1
hitches,1
nonconforming,1
entirely,1
motley,1
affection,1
virtually,1
feminists,1
engaging,1
stilted,1
aside,1
bed,1
pleasure,1
bitter,1
processes,1
yourself,1
recovery,1
shames,1
visual,1
nothing,1
continue,1
aids,1
stay,1
trust,1
national,1
knowable,1
full,1
low,1
shrine,1
clear,1
nursing,1
transformation,1
moral,1
gesture,1
language,1
dilate,1
virtues,1
accounted,1
urge,1
interpret,1
try,1
held,1
david,1
pride,1
skip,1
strange,1
vintage,1
naughtier,1
connects,1
preservation,1
believing,1
tales,1
loseth,1
latter,1
exchange,1
men,1
herman,1
housewifely,1
gets,1
faith,1
problems,1
somehow,1
internal,1
article,1
imaginative,1
k,1
evolutionary,1
chapel,1
methodically,1
epistemology,1
bryn,1
acquire,1
reaffirms,1
effect,1
seattle,1
enjoyed,1
january,1
wills,1
femininity,1
allegorizes,1
thematrimonial,1
looks,1
captivity,1
etc,1
corners,1
childish,1
waistcoat,1
destruction,1
gifts,1
attend,1
brooms,1
professional,1
diana,1
dissonance,1
seelinger,1
awaiting,1
isn,1
penultimate,1
girlish,1
fails,1
amarital,1
bells,1
carried,1
consists,1
asking,1
yields,1
trod,1
aspirations,1
kaplan,1
penguin,1
replies,1
backward,1
dual,1
lovers,1
alex,1
initials,1
mop,1
unassimilable,1
raise,1
continued,1
beautified,1
complaining,1
recall,1
cora,1
sometimes,1
gathering,1
chance,1
linda,1
willingly,1
plays,1
maps,1
pieces,1
recognizes,1
modernism,1
methuen,1
fatherly,1
success,1
kish,1
concluding,1
mirroring,1
seen,1
pleading,1
began,1
worse,1
render,1
determination,1
importantly,1
oddly,1
requests,1
inu,1
fondle,1
indicate,1
diagnosis,1
poetics,1
reconsider,1
paragraphs,1
goodly,1
hendrickson,1
existed,1
united,1
confronts,1
sheila,1
valentines,1
mirror,1
beasts,1
extensions,1
blurred,1
door,1
detail,1
stephen,1
hearts,1
questioning,1
acquired,1
environment,1
weariness,1
sketches,1
liked,1
associated,1
airy,1
marjorie,1
disavows,1
disobliged,1
series,1
wormhole,1
mentioned,1
wilful,1
contradiction,1
wear,1
turn,1
htm,1
extension,1
symbolic,1
known,1
implied,1
plaint,1
borrows,1
recognizable,1
unknowingly,1
decries,1
temporal,1
echoes,1
glimpse,1
triggers,1
budd,1
blent,1
homoeroticism,1
respecting,1
partner,1
dare,1
interrupted,1
seem,1
distance,1
did,1
legibly,1
formulation,1
snoods,1
aloft,1
printed,1
argue,1
pulverize,1
half,1
donna,1
returns,1
underwrite,1
ideological,1
elaborates,1
frees,1
er,1
deconstruction,1
obviously,1
unevenness,1
powell,1
slippers,1
uphold,1
visits,1
theorized,1
jennifer,1
useless,1
wood,1
dost,1
rehearses,1
passage,1
ethos,1
living,1
type,1
absolutely,1
originality,1
respect,1
places,1
beginning,1
ladies,1
confess,1
drop,1
pardon,1
born,1
according,1
denaturalized,1
day,1
johnson,1
sincerity,1
return,1
reproduce,1
strained,1
fluidity,1
canonized,1
devine,1
combined,1
terms,1
stability,1
offering,1
ones,1
references,1
rebellion,1
cause,1
flames,1
add,1
maintain,1
toils,1
mere,1
firmly,1
ripe,1
alice,1
adaptation,1
loved,1
foundations,1
shakespeare,1
projection,1
gestures,1
boys,1
account,1
paralyzing,1
explored,1
video,1
vol,1
influenced,1
don,1
headless,1
emphasis,1
curtains,1
haf,1
photocopy,1
ah,1
progress,1
strain,1
whatwe,1
bedside,1
janice,1
unseen,1
stern,1
biography,1
remember,1
level,1
owner,1
recidivists,1
aggressively,1
wrestle,1
recognition,1
damsels,1
nai,1
met,1
ohio,1
hen,1
altogether,1
disappointments,1
giving,1
die,1
ring,1
tried,1
sitting,1
assumptions,1
commissioned,1
happens,1
adapted,1
conventional,1
souls,1
tender,1
demanding,1
lesson,1
arguments,1
canons,1
pathos,1
memories,1
paid,1
garland,1
mention,1
homosexuality,1
halttunen,1
precision,1
remarks,1
spells,1
inefficient,1
theatricality,1
lodged,1
soft,1
breaks,1
argument,1
touch,1
lands,1
wang,1
initiated,1
donald,1
contract,1
discursive,1
mode,1
crisis,1
imitative,1
sweetly,1
include,1
although,1
typically,1
touches,1
define,1
need,1
absorbs,1
green,1
sticky,1
ll,1
censors,1
obscurity,1
states,1
regular,1
genius,1
variously,1
piece,1
quotes,1
playing,1
defined,1
seeks,1
evermore,1
angled,1
repeat,1
association,1
unfamiliar,1
roughly,1
epigraph,1
desert,1
summary,1
needs,1
foregrounding,1
leads,1
sisterly,1
potential,1
curl,1
oft,1
phobic,1
passages,1
cosy,1
assumed,1
posture,1
close,1
desk,1
whichwittig,1
bell,1
wanderings,1
disaster,1
adheres,1
create,1
matrimony,1
texts,1
fears,1
caress,1
valley,1
polished,1
lingered,1
focus,1
images,1
immediately,1
conventions,1
strong,1
among,1
ends,1
north,1
famous,1
rhymes,1
gold,1
middle,1
portrait,1
major,1
occur,1
pausing,1
mimes,1
refuting,1
hypothesis,1
