WORDCOUNTS,WEIGHT
the,831
and,778
to,716
of,558
in,427
that,393
a,326
nick,261
he,248
as,219
with,204
reading,188
s,187
his,178
was,175
i,162
for,153
or,148
is,143
not,120
nita,118
we,106
this,101
learning,96
about,94
read,89
work,85
from,85
him,81
on,78
be,78
it,76
at,75
are,75
her,72
what,71
children,68
new,68
child,67
my,67
she,66
resistance,65
had,64
when,59
teachers,58
our,58
psychoanalytic,54
were,52
an,52
loss,50
own,50
school,49
teaching,48
literacy,48
love,47
but,47
through,47
who,46
have,45
how,43
learn,43
press,43
more,42
me,41
york,40
by,39
one,37
us,37
would,37
research,36
students,35
both,35
did,34
while,34
might,33
could,33
time,33
they,32
may,32
these,32
also,32
do,32
their,31
than,30
working,30
analysand,28
can,28
then,28
into,27
perspective,27
responses,27
things,27
writing,27
j,26
analyst,26
which,26
curriculum,25
anger,25
english,24
psychoanalysis,24
tutoring,24
because,24
am,24
often,24
boldt,23
teacher,23
social,23
d,23
way,22
first,22
felt,22
education,22
resistances,21
able,21
shame,21
rather,21
reader,21
sense,21
began,21
books,21
experience,20
there,20
some,20
p,20
transference,20
toward,20
many,20
know,20
freud,19
ways,19
volume,19
other,19
desire,19
even,19
university,19
important,19
came,19
up,19
will,19
made,19
february,19
researchers,19
out,18
demand,18
experiences,18
only,18
relationship,18
fear,18
help,17
anxiety,17
between,17
use,16
being,16
t,16
all,16
has,16
g,16
ability,16
wanted,16
personal,16
article,16
resistant,16
understand,16
e,15
something,15
negative,15
take,15
those,15
himself,15
sessions,15
understood,15
well,15
experienced,15
classroom,15
theory,15
much,15
if,14
ideas,14
interest,14
student,14
no,14
good,14
make,14
home,14
fact,14
see,14
parents,14
engaged,14
parent,14
feelings,14
offer,14
affective,13
feel,13
alliance,13
change,13
eds,13
perspectives,13
pp,13
inquiry,13
them,13
themselves,13
early,13
college,12
position,12
such,12
find,12
friends,12
struggles,12
heinemann,12
practices,12
identified,12
childhood,12
others,12
readers,12
questions,12
life,12
desires,12
texts,12
needed,11
worked,11
young,11
m,11
portsmouth,11
part,11
during,11
community,11
subjective,11
understanding,11
session,11
upon,11
times,11
sometimes,11
growing,11
want,11
nh,11
became,11
come,11
potential,11
becoming,10
together,10
great,10
possible,10
goal,10
self,10
response,10
k,10
expressed,10
failure,10
classrooms,10
b,10
stance,10
adults,10
language,10
after,10
become,10
britzman,10
must,10
argue,10
world,10
although,10
need,10
silin,10
worried,10
needs,10
doing,10
materials,9
narrative,9
struggling,9
taking,9
psychoanalyst,9
guthrie,9
poor,9
space,9
most,9
cannot,9
however,9
salvio,9
therefore,9
unconscious,9
book,9
power,9
took,9
like,9
so,9
peers,9
been,9
itself,9
any,9
text,9
each,9
very,9
assessment,9
moved,9
difficult,8
group,8
center,8
studies,8
different,8
interests,8
available,8
room,8
real,8
political,8
return,8
primary,8
development,8
insofar,8
difficulty,8
journal,8
adult,8
expected,8
risk,8
consider,8
beyond,8
deal,8
demands,8
further,8
r,8
london,8
knowledge,8
order,8
seemed,8
subject,8
angry,8
less,8
behaviors,8
literate,8
least,8
educational,8
importantly,8
anxious,8
grade,8
meant,8
practice,8
perhaps,8
best,8
particularly,8
level,8
analysts,8
focus,8
go,7
elementary,7
schools,7
cohler,7
said,7
believe,7
words,7
tutor,7
potentially,7
respond,7
within,7
engage,7
behavior,7
kind,7
acknowledge,7
support,7
lives,7
house,7
frequently,7
threat,7
care,7
used,7
gave,7
away,7
learner,7
initially,7
once,7
sociocultural,7
culture,7
same,7
increasingly,7
again,7
idea,7
stories,7
deficit,7
father,7
complicated,7
reality,7
engagement,7
figure,7
program,7
empathy,7
clinical,7
physical,7
particular,7
anxieties,7
role,7
course,7
you,7
c,7
now,6
o,6
struggle,6
faced,6
motivation,6
history,6
arguing,6
parenting,6
attempts,6
reasons,6
throughout,6
vol,6
burke,6
complained,6
difficulties,6
pursue,6
past,6
back,6
without,6
act,6
l,6
mean,6
thing,6
talk,6
greater,6
result,6
identifying,6
ornstein,6
international,6
cultural,6
viewed,6
describe,6
place,6
issues,6
loughlin,6
either,6
pedagogy,6
responsibility,6
several,6
presence,6
situation,6
still,6
put,6
positive,6
two,6
emotional,6
name,6
afraid,6
daily,6
where,6
nevertheless,6
individual,6
allowed,6
spent,6
relation,6
topics,6
story,6
enough,6
get,6
thinking,6
over,6
works,6
better,6
whether,6
making,6
w,6
gain,6
little,6
groups,5
trans,5
integrity,5
psychoanalytically,5
identify,5
easily,5
conscious,5
consistent,5
failing,5
certainly,5
feeling,5
attempt,5
ourselves,5
proficiency,5
strength,5
kindergarten,5
stupid,5
therapeutic,5
obvious,5
point,5
say,5
regularly,5
against,5
turn,5
nor,5
subjects,5
essays,5
look,5
recognized,5
study,5
reason,5
observations,5
always,5
based,5
lead,5
alienation,5
disruptive,5
academic,5
possibility,5
directly,5
don,5
dog,5
brought,5
example,5
its,5
discussions,5
people,5
published,5
caused,5
around,5
family,5
using,5
critical,5
short,5
happy,5
play,5
movement,5
ed,5
insights,5
independent,5
efforts,5
happening,5
pressure,5
tolerate,5
conference,5
never,5
outside,5
developing,5
purposes,5
shared,5
strategies,5
routledge,5
free,5
years,5
original,5
exploring,5
subjectivity,5
identity,5
pleasure,5
supportive,5
function,5
minority,5
trying,5
teach,5
probably,5
achieve,5
attention,5
begin,5
success,5
hope,5
environment,5
share,5
seriously,5
drew,5
quickly,5
current,5
table,5
person,5
explanations,5
too,5
city,5
allows,5
cambridge,5
move,5
offered,5
create,5
fears,5
develop,5
should,5
conversations,5
miller,4
stenhouse,4
later,4
transferences,4
likely,4
calkins,4
allow,4
holding,4
before,4
anything,4
long,4
implications,4
meaning,4
found,4
harvey,4
competent,4
behind,4
stopped,4
case,4
takes,4
relational,4
far,4
demanded,4
sign,4
learned,4
human,4
blame,4
approval,4
six,4
left,4
third,4
media,4
whitin,4
portland,4
frustration,4
statements,4
performance,4
process,4
represented,4
deliberately,4
opportunity,4
shannon,4
danger,4
psychological,4
suggested,4
changes,4
familiar,4
clearly,4
edition,4
argued,4
n,4
drawing,4
view,4
path,4
complete,4
defensive,4
placed,4
having,4
tool,4
year,4
analysands,4
status,4
weeks,4
approach,4
hard,4
empathetic,4
protect,4
describes,4
literacies,4
provided,4
grumet,4
led,4
matter,4
schmidt,4
experiencing,4
motivated,4
got,4
settings,4
hold,4
communities,4
criticism,4
perceived,4
choices,4
already,4
avoided,4
regardless,4
chose,4
challenge,4
ask,4
smith,4
lack,4
scholars,4
end,4
present,4
model,4
pilkey,4
accepted,4
material,4
number,4
day,4
local,4
imagine,4
demonstrated,4
thanks,4
onto,4
including,4
enormous,4
largely,4
assumption,4
recovery,4
trust,4
idiosyncratic,4
express,4
someone,4
vintage,4
standard,4
preschool,4
narcissistic,4
especially,4
eyes,4
methods,4
let,4
deliberate,4
effect,4
strachey,4
talked,4
usually,4
diagnosis,4
class,4
extra,4
analysis,4
respect,4
months,4
face,4
demonstrate,4
simply,4
ever,4
willingness,4
useful,4
affirming,4
interested,4
down,4
sadker,4
helping,4
terms,4
problem,4
loved,4
institute,4
information,4
intended,4
question,4
ultimately,4
resist,4
finding,4
contract,4
write,4
accept,4
imperative,4
instead,4
colleagues,4
wondered,4
ofsigmund,4
strong,4
does,3
undergraduate,3
page,3
common,3
avoiding,3
concerned,3
created,3
wonder,3
resisting,3
math,3
likewise,3
true,3
considerations,3
elbow,3
baker,3
reassure,3
www,3
sources,3
every,3
exaggerated,3
give,3
taken,3
vols,3
agenda,3
parties,3
possibilities,3
skills,3
assess,3
undertake,3
failures,3
written,3
relations,3
racial,3
side,3
key,3
right,3
politics,3
patient,3
anticipated,3
along,3
pursuing,3
aggression,3
succeed,3
reassurance,3
punishing,3
central,3
thus,3
professor,3
since,3
constantly,3
realized,3
author,3
peter,3
cooperate,3
psychoanalysts,3
decided,3
occurs,3
hooks,3
topic,3
theorists,3
ct,3
keep,3
allowing,3
witnessed,3
explore,3
spite,3
lens,3
educators,3
ma,3
negativity,3
poverty,3
simultaneously,3
negatively,3
developed,3
sort,3
comply,3
neighborhood,3
direct,3
ongoing,3
white,3
consequences,3
pleasures,3
category,3
just,3
phantasy,3
dahl,3
schooling,3
willing,3
believed,3
perceive,3
talking,3
gregory,3
remembered,3
whom,3
access,3
behavioral,3
recognize,3
calm,3
initial,3
term,3
punishment,3
equally,3
informed,3
promise,3
wherein,3
safe,3
perform,3
required,3
public,3
expressions,3
anna,3
correctly,3
planning,3
bounded,3
toys,3
responding,3
imagined,3
prominent,3
related,3
isaacs,3
description,3
reminded,3
reflect,3
scholastic,3
participate,3
showing,3
tompkins,3
successful,3
describing,3
presented,3
lang,3
field,3
suggest,3
involve,3
involved,3
concerns,3
highly,3
choosing,3
fully,3
skateboard,3
avoid,3
bettelheim,3
separation,3
hide,3
oldfather,3
cheng,3
says,3
intervention,3
yet,3
luke,3
williams,3
street,3
members,3
goals,3
knowing,3
projects,3
water,3
emotions,3
choice,3
larger,3
dreher,3
hobbes,3
everything,3
whitmore,3
psychic,3
tell,3
project,3
responded,3
autobiography,3
week,3
greatest,3
discussion,3
completed,3
seen,3
previously,3
manifestations,3
concern,3
affects,3
engaging,3
processes,3
services,3
previous,3
theories,3
intimacy,3
theoretical,3
meanings,3
waterson,3
high,3
played,3
expressing,3
instruction,3
problems,3
enlightenment,3
v,3
saw,3
ego,3
visit,3
calvin,3
asking,3
today,3
note,3
continued,3
provide,3
claimed,3
reasonable,3
inside,3
becomes,3
insist,3
transformed,3
excited,3
harste,3
surprising,3
mother,3
humiliation,3
rarely,3
liked,3
constant,3
paperbacks,3
theme,3
set,3
parental,3
debilitating,3
connection,3
comfort,3
provoke,3
build,3
identities,3
special,3
turned,3
following,3
didn,3
form,3
cause,3
independently,3
winnicott,3
video,3
noticed,3
patience,3
unreasonable,3
popular,3
authors,3
given,3
content,3
courses,3
giving,3
assumptions,3
went,3
programs,3
think,3
enthusiasm,3
spring,3
argument,3
unable,3
argues,3
aware,3
actively,3
include,3
humor,3
socially,3
developmental,3
asked,3
ignorance,3
impacted,3
spilled,3
charged,3
uncertainty,3
predictable,3
immediately,3
whenever,3
taylor,3
observed,3
learners,3
showed,3
looking,3
resolve,2
frequent,2
administrators,2
madison,2
mahwah,2
contraries,2
humanness,2
privately,2
sigmund,2
truth,2
represent,2
dangers,2
iowa,2
interventions,2
zelan,2
fiction,2
determine,2
measures,2
pushed,2
rogovin,2
told,2
american,2
conflicts,2
director,2
approved,2
replicate,2
designed,2
referring,2
bathroom,2
frepon,2
realities,2
doubts,2
acceptance,2
policy,2
necessarily,2
subjection,2
observing,2
exacerbate,2
equity,2
routman,2
efficacy,2
painful,2
goodman,2
please,2
wrong,2
wool,2
voices,2
address,2
encouraged,2
refusal,2
emerged,2
advanced,2
joke,2
nature,2
hatred,2
friendly,2
accompanied,2
differences,2
coming,2
analyses,2
rich,2
achievement,2
follows,2
service,2
integrate,2
influences,2
wolfe,2
normal,2
pitt,2
signs,2
climate,2
digital,2
lankshear,2
described,2
embracing,2
sexual,2
erlbaum,2
prior,2
capable,2
activity,2
ball,2
drive,2
reduce,2
october,2
internet,2
mounting,2
whatever,2
desired,2
uses,2
above,2
representing,2
jhally,2
dignity,2
acknowledgement,2
inventory,2
framework,2
expertise,2
labor,2
review,2
charm,2
graders,2
audio,2
sablo,2
walkerdine,2
adopted,2
participating,2
retainer,2
ferguson,2
priority,2
moment,2
hate,2
concrete,2
concerning,2
profound,2
body,2
withdraw,2
http,2
ricky,2
mahiri,2
interfered,2
ally,2
twice,2
ostrow,2
mcneel,2
anyon,2
bergin,2
naming,2
compare,2
mirrored,2
defend,2
deeply,2
stone,2
talent,2
cooperation,2
interesting,2
profoundly,2
racism,2
adequate,2
whose,2
identification,2
bring,2
garvey,2
across,2
compatible,2
district,2
strictly,2
provocation,2
myself,2
notion,2
goes,2
greenson,2
leave,2
tape,2
offering,2
lay,2
polite,2
fantasy,2
means,2
perceptions,2
acquisition,2
romantic,2
bad,2
old,2
impact,2
constructivist,2
age,2
riessman,2
initiative,2
commented,2
powerful,2
follow,2
discomfort,2
instance,2
guidance,2
mo,2
racialized,2
snacks,2
constructive,2
assessments,2
hours,2
explanatory,2
troubling,2
moving,2
walk,2
declined,2
histories,2
carrying,2
worldview,2
called,2
effort,2
vulnerability,2
criticisms,2
positively,2
gardiner,2
insisting,2
stomach,2
late,2
irony,2
standardized,2
though,2
silence,2
goosebumps,2
mediated,2
meet,2
buckingham,2
your,2
lyons,2
underpants,2
fox,2
taught,2
adolescent,2
hicks,2
masculinity,2
wants,2
influenced,2
receive,2
tobin,2
future,2
degrees,2
caregiver,2
literature,2
gains,2
strengths,2
mom,2
received,2
avery,2
carries,2
writers,2
preferred,2
unless,2
prompted,2
uncover,2
training,2
alienated,2
surprise,2
ambivalences,2
older,2
literally,2
accomplishment,2
middle,2
pencils,2
rage,2
ethnicity,2
challenging,2
refuse,2
quarterly,2
calmly,2
below,2
lowest,2
org,2
keenly,2
dangerous,2
emerging,2
small,2
calling,2
accomplished,2
pain,2
choose,2
grow,2
embarrassed,2
acts,2
observe,2
tonks,2
universities,2
dependent,2
games,2
notes,2
structured,2
value,2
laboskey,2
yelled,2
inform,2
fountas,2
behalf,2
stephens,2
society,2
usable,2
tasks,2
second,2
variety,2
absence,2
various,2
requirement,2
gather,2
wrote,2
limited,2
successes,2
tried,2
zetzel,2
framing,2
gaining,2
object,2
gift,2
alvermann,2
interactions,2
national,2
incredibly,2
retrieved,2
interpretation,2
refusing,2
makes,2
happened,2
atwell,2
technology,2
neither,2
included,2
planned,2
light,2
assistance,2
frighten,2
cried,2
watson,2
abandon,2
dropped,2
belonging,2
reconceptualizing,2
thoughts,2
reports,2
goudvis,2
noted,2
longer,2
backpack,2
lewis,2
scatological,2
spend,2
death,2
clinicians,2
addition,2
gee,2
admit,2
areas,2
beliefs,2
match,2
suggesting,2
rebuffed,2
really,2
ideology,2
cure,2
hear,2
demonstrating,2
state,2
contemporary,2
doubt,2
deci,2
trips,2
external,2
noddings,2
hand,2
rebuff,2
performances,2
ricotta,2
manner,2
couldn,2
hated,2
invitation,2
assault,2
compelled,2
explicitly,2
another,2
instructional,2
discourses,2
kansas,2
finish,2
encounter,2
lost,2
considering,2
easier,2
active,2
attainment,2
herself,2
medium,2
top,2
heath,2
asian,2
confidence,2
food,2
hypotheses,2
emphasize,2
camera,2
aside,2
harvard,2
hour,2
stay,2
graham,2
involves,2
rejected,2
low,2
open,2
significance,2
worry,2
clear,2
andrews,2
sensitivity,2
agreement,2
disappointed,2
logic,2
held,2
characterized,2
anyone,2
disequilibria,2
conversation,2
losing,2
black,2
intrinsic,2
graves,2
guilt,2
overcome,2
contact,2
anderson,2
structure,2
looks,2
skateboarding,2
looked,2
connections,2
professional,2
propose,2
separate,2
supervising,2
factors,2
oxford,2
depth,2
accepting,2
speculate,2
straight,2
coursework,2
window,2
fairly,2
science,2
testing,2
ryan,2
slow,2
independence,2
tive,2
freedman,2
lawrence,2
visual,2
intend,2
embarrassment,2
arts,2
pleasurable,2
considered,2
dissertation,2
assistant,2
duncan,2
curious,2
comes,2
conclusion,2
denials,2
constituted,2
hypothesized,2
eng,2
known,2
disapproval,2
conceptualizing,2
macleod,2
dining,2
offers,2
alternative,2
butler,2
naturalized,2
control,2
sure,2
paper,2
descriptions,2
seem,2
westport,2
appel,2
ph,2
surprised,2
last,2
losses,2
linked,2
perencevich,2
audience,2
associated,2
associations,2
pictures,2
driven,2
placing,2
living,2
evident,2
america,2
remediation,2
beginning,2
id,2
furthermore,2
economy,2
answered,2
investigation,2
worthwhile,2
hoped,2
clownish,2
therapy,2
immersed,2
prepare,2
getting,2
complain,2
secure,2
knobel,2
grades,2
springer,2
suggests,2
emphasis,2
urban,2
infant,2
art,2
nj,2
son,2
code,2
thereby,2
technologies,2
initiate,2
regulate,2
sitting,2
harwayne,2
happens,2
perspecboldt,2
stine,2
complaints,2
unexplored,2
understandings,2
until,2
models,2
difference,2
frame,2
finally,2
mode,2
wish,2
contributed,2
product,2
states,2
off,2
sexuality,2
captain,2
grader,2
modeling,2
klein,2
attending,2
rejection,2
desk,2
johnson,2
era,2
traditional,2
oversimplifications,2
pinar,2
race,2
major,2
willis,2
unproblematic,2
hypothesis,2
intrainstitutional,1
final,1
mimic,1
librarian,1
ending,1
defending,1
tomkins,1
mostly,1
humanism,1
rate,1
done,1
validation,1
dies,1
pals,1
companionship,1
limits,1
imagining,1
ambivalence,1
anthony,1
generated,1
corporate,1
expand,1
integrating,1
scholar,1
bloodied,1
begging,1
facade,1
praised,1
falmer,1
distress,1
handily,1
happen,1
hats,1
foundation,1
alone,1
purposive,1
starts,1
compensated,1
laughed,1
manuscript,1
systemic,1
expect,1
sympathetic,1
forcing,1
minutes,1
church,1
reminding,1
inception,1
discover,1
complex,1
summarizing,1
masonic,1
ample,1
enhance,1
sets,1
symbolize,1
picked,1
conducting,1
word,1
remind,1
library,1
picking,1
uniquely,1
specialist,1
shy,1
drinks,1
shamed,1
jonathan,1
competence,1
park,1
boulder,1
distractions,1
belatedly,1
teased,1
introjections,1
justified,1
western,1
bubble,1
organic,1
timetable,1
detrimental,1
tells,1
maybe,1
disengaged,1
fragile,1
unproblematically,1
accomplishments,1
phenomenally,1
assume,1
interfering,1
edu,1
contested,1
newbury,1
eye,1
flared,1
shouting,1
societal,1
turning,1
women,1
hoping,1
disturbances,1
highlight,1
gail,1
sit,1
gossip,1
passion,1
else,1
explaining,1
bringing,1
exist,1
revisited,1
relies,1
creation,1
voiced,1
setting,1
repertoire,1
discursively,1
script,1
expectation,1
reassuringly,1
dreamy,1
riculum,1
confirmed,1
referrals,1
affirmed,1
reach,1
prejudices,1
continue,1
burlingham,1
secondary,1
broken,1
inconspicuously,1
continuities,1
conceptualized,1
careers,1
witnessing,1
sang,1
compared,1
emotion,1
producing,1
aloud,1
proves,1
farther,1
hundred,1
reveal,1
cooperating,1
court,1
anyway,1
humiliations,1
friend,1
products,1
witness,1
deemed,1
phobia,1
reconceptualizaton,1
embrace,1
degraded,1
prescription,1
intuitive,1
emphasized,1
stand,1
marine,1
concepts,1
raised,1
watched,1
classified,1
advantages,1
detection,1
decreased,1
cuddly,1
discipline,1
somewhat,1
ambiguous,1
remediate,1
rethinking,1
depends,1
speech,1
ernest,1
magazines,1
employs,1
issue,1
hogarth,1
teasing,1
existence,1
stuffed,1
westview,1
preoccupations,1
recorded,1
owe,1
asleep,1
tie,1
task,1
introductory,1
knowledgeable,1
nose,1
propensity,1
intuitions,1
analytically,1
saying,1
vulnerabilities,1
march,1
representations,1
clinic,1
egocentrism,1
accountability,1
gratification,1
wept,1
busy,1
opened,1
recommended,1
miscue,1
stall,1
pets,1
instincts,1
crip,1
illustrate,1
cared,1
pretend,1
slight,1
multiliteracies,1
furor,1
oedipus,1
insight,1
richard,1
maximally,1
fundamentalist,1
projecting,1
combination,1
conceptual,1
supervision,1
panic,1
advocating,1
kesson,1
literal,1
apply,1
negotiation,1
solo,1
enter,1
juvenile,1
interact,1
ritual,1
minimum,1
disorders,1
introduction,1
safely,1
ross,1
wm,1
sugarcoat,1
tied,1
tooter,1
reflectively,1
interestingly,1
exposed,1
karen,1
encountering,1
regarding,1
mistake,1
narcissism,1
divorced,1
pounding,1
accessible,1
fluency,1
pit,1
hypothesizes,1
differential,1
purportedly,1
relationships,1
historically,1
concretely,1
facts,1
immediate,1
eating,1
countless,1
objective,1
aimee,1
pursuit,1
premises,1
software,1
unpublished,1
wrath,1
mastered,1
lectures,1
reparative,1
stalling,1
agreeing,1
modes,1
regarded,1
domain,1
viewing,1
portray,1
duke,1
afford,1
representative,1
highlighting,1
artist,1
heightened,1
measurable,1
insisted,1
employing,1
dont,1
barrier,1
overly,1
privilege,1
accelerating,1
narratives,1
insult,1
unwilling,1
forced,1
exhausted,1
exercise,1
guided,1
progressive,1
candidates,1
remembering,1
affectionate,1
california,1
transformation,1
underlying,1
rejecting,1
calming,1
fielding,1
blank,1
balls,1
depend,1
convincing,1
amount,1
contrary,1
modifying,1
differently,1
oedipal,1
completing,1
listened,1
inclusion,1
served,1
gushing,1
stipulated,1
agree,1
arranged,1
consulted,1
ideal,1
truly,1
publications,1
alliances,1
price,1
profit,1
undertaking,1
facet,1
swords,1
y,1
drawn,1
consciousness,1
critique,1
details,1
tentatively,1
tones,1
supporters,1
articulating,1
simplistic,1
guard,1
truck,1
general,1
cooperative,1
weakness,1
acted,1
master,1
unfortunate,1
durham,1
compensations,1
poorly,1
hidden,1
phantasies,1
promised,1
nonfiction,1
lesser,1
assessed,1
definitively,1
wishes,1
americans,1
classism,1
understands,1
essential,1
cheat,1
reflects,1
inquirers,1
riddles,1
hopes,1
playtime,1
michigan,1
blew,1
subjected,1
popcorn,1
growth,1
modulate,1
unabated,1
arising,1
happily,1
generations,1
respectful,1
watch,1
aggressive,1
undeserved,1
praising,1
appreciation,1
fortda,1
levels,1
preparing,1
ai,1
scripted,1
stranger,1
approaches,1
unique,1
overwhelm,1
fed,1
arm,1
heard,1
associate,1
lasted,1
loses,1
ceiec,1
tolerable,1
grew,1
certain,1
parts,1
plots,1
hearing,1
pages,1
enacted,1
enabled,1
promoting,1
productive,1
awareness,1
practicing,1
dismiss,1
mediate,1
provides,1
risks,1
veiled,1
rife,1
fulfill,1
involvement,1
send,1
solutions,1
escape,1
developments,1
affect,1
biased,1
transferential,1
objects,1
koosh,1
improvement,1
toy,1
image,1
specialization,1
sick,1
eyesight,1
proved,1
invite,1
disadvantaged,1
threatening,1
days,1
spontaneously,1
receiving,1
record,1
fairness,1
preoccupation,1
excitement,1
michael,1
fore,1
simplistically,1
profile,1
prevent,1
incorrectly,1
advancing,1
situations,1
compeboldt,1
motive,1
resorted,1
show,1
pedagogical,1
linguistics,1
delta,1
additional,1
encouragement,1
pains,1
readings,1
scribner,1
requested,1
shed,1
followed,1
idealized,1
undertaken,1
evaluation,1
cost,1
putting,1
enmeshed,1
cheeks,1
puts,1
utah,1
solve,1
bruno,1
respected,1
silly,1
strategy,1
pity,1
providing,1
trained,1
admiration,1
cut,1
bouncing,1
constitution,1
decode,1
yard,1
curboldt,1
enacting,1
union,1
retrieve,1
opening,1
treating,1
acceptable,1
encourage,1
columbia,1
introduce,1
blissful,1
excruciatingly,1
rte,1
harder,1
communion,1
search,1
traditionally,1
critically,1
speaker,1
taboo,1
centers,1
curiosity,1
facilitate,1
owen,1
bind,1
overtures,1
accommodations,1
bobsledding,1
adolescence,1
emerge,1
persist,1
melancholy,1
eat,1
emotionally,1
respectfully,1
extracting,1
accurately,1
ann,1
embarrassing,1
pulled,1
sympathetically,1
focused,1
blow,1
entertaining,1
vlevel,1
singing,1
population,1
kathryn,1
persons,1
intensity,1
biases,1
younger,1
exhaustion,1
surrounded,1
energy,1
breathing,1
approached,1
somatic,1
comprehension,1
necessities,1
premise,1
professionals,1
negotiated,1
tutored,1
photo,1
foregrounded,1
lizard,1
foregrounds,1
lagging,1
memory,1
aspects,1
kitchen,1
globally,1
undermined,1
shape,1
commitments,1
excellence,1
gained,1
tempt,1
advocacy,1
participation,1
identifications,1
basis,1
relief,1
revealed,1
honors,1
mandatory,1
hung,1
intense,1
reassurances,1
start,1
qualifications,1
carry,1
genre,1
heart,1
concept,1
guess,1
purpose,1
threatens,1
nclb,1
norm,1
worksheet,1
confined,1
anew,1
confirms,1
guys,1
normalization,1
positions,1
stores,1
criticized,1
restructuring,1
repeating,1
dozens,1
approve,1
genuine,1
fluent,1
fit,1
nager,1
intermediate,1
enraged,1
raced,1
concentrate,1
fruitful,1
falling,1
structures,1
earn,1
speaking,1
hugging,1
music,1
documented,1
outdoors,1
withholding,1
waiting,1
everincreasing,1
psychologist,1
silvan,1
piles,1
believes,1
il,1
seminars,1
interpreted,1
shapiro,1
enthusiastic,1
trends,1
graduate,1
bounced,1
prospect,1
announcement,1
overselling,1
bodies,1
delay,1
selfmotivated,1
vociferously,1
kappan,1
officials,1
tropes,1
normally,1
breaking,1
wi,1
unexpected,1
stage,1
enrollment,1
next,1
alto,1
politically,1
competency,1
complicate,1
deborah,1
theater,1
egos,1
reimagine,1
emphasizes,1
squarely,1
reminder,1
quite,1
specifically,1
patiently,1
talents,1
openly,1
specificity,1
sufficient,1
shapes,1
few,1
migration,1
temporary,1
misread,1
wasting,1
massachusetts,1
distinguished,1
codes,1
usual,1
firstand,1
telling,1
annual,1
ohio,1
visible,1
generally,1
articulation,1
inability,1
progress,1
st,1
clothing,1
proper,1
paid,1
arbor,1
inquiries,1
deepened,1
cycle,1
undergoing,1
confidant,1
reassuring,1
grateful,1
instigating,1
perils,1
valuable,1
disturbing,1
gordon,1
enjoy,1
activities,1
promising,1
phi,1
apparent,1
heimann,1
entailed,1
analytic,1
threatened,1
f,1
portion,1
delve,1
evening,1
gabbard,1
educator,1
risking,1
transform,1
boys,1
stanford,1
advocate,1
entitled,1
implicitly,1
convinced,1
ain,1
pushes,1
indicative,1
libratory,1
doctoral,1
indeed,1
located,1
haven,1
resisted,1
toots,1
deadly,1
appreciate,1
theorizing,1
relentlessly,1
funny,1
assurance,1
constraints,1
forbidden,1
positioned,1
exerts,1
dramatize,1
quizzing,1
apprehensions,1
manifest,1
standing,1
boy,1
eager,1
territory,1
hero,1
soothing,1
reception,1
religious,1
innovation,1
youth,1
sexually,1
single,1
resilient,1
biological,1
comforting,1
contributing,1
assuring,1
navigating,1
tale,1
violence,1
fascinating,1
precondition,1
push,1
opportunities,1
revisiting,1
repressive,1
suited,1
ijeiec,1
builds,1
abundance,1
soon,1
deflect,1
sex,1
sounds,1
fail,1
under,1
columbus,1
god,1
inspiration,1
challenged,1
latitude,1
disastrous,1
boredom,1
index,1
recruited,1
assimilation,1
informal,1
symptom,1
friendship,1
ethnographic,1
floor,1
colored,1
infused,1
daydreamed,1
acknowledging,1
frightened,1
illustrated,1
begins,1
learns,1
echo,1
rise,1
verbal,1
stones,1
picture,1
considers,1
harper,1
chagrin,1
retaliation,1
au,1
worst,1
endured,1
complaining,1
quietly,1
evaluating,1
lucid,1
vicissitudes,1
norwood,1
comfortable,1
skill,1
innuendo,1
pinnell,1
upset,1
stated,1
broadened,1
mighty,1
grips,1
praeger,1
pointed,1
similarly,1
responsibilities,1
performs,1
added,1
desiring,1
boynton,1
expose,1
curiosities,1
creativity,1
valid,1
ghetto,1
treatment,1
remarks,1
overwhelming,1
head,1
paused,1
call,1
sleep,1
plan,1
appeared,1
reform,1
disturbed,1
eagle,1
educated,1
oneself,1
strategic,1
splayed,1
wlgfield,1
unthought,1
tired,1
distrust,1
fist,1
fluently,1
treasured,1
seldom,1
favorite,1
observes,1
anne,1
bion,1
sociality,1
asks,1
enactment,1
forms,1
consciously,1
adjacent,1
ground,1
oooops,1
trophy,1
dorothy,1
validity,1
existing,1
mismatches,1
vulnerable,1
celebrated,1
constricting,1
shown,1
answer,1
provocations,1
council,1
forth,1
castration,1
necessary,1
spoke,1
gender,1
norms,1
perceives,1
leapt,1
generic,1
enrolled,1
greeting,1
frequency,1
distance,1
threats,1
insecure,1
confront,1
encountered,1
anticipate,1
break,1
reminds,1
remained,1
joking,1
interpreting,1
commercialized,1
japaneseamerican,1
intimate,1
disease,1
understandable,1
survive,1
solved,1
restrictions,1
northampton,1
stuck,1
range,1
situating,1
helps,1
vinson,1
tutorial,1
mirroring,1
formal,1
ecwca,1
snakes,1
lake,1
arose,1
demonstration,1
desperate,1
increase,1
impatient,1
needing,1
cliniboldt,1
significant,1
expression,1
forgot,1
francis,1
factor,1
tolerance,1
mapes,1
shortcomings,1
dances,1
bed,1
tips,1
catalyst,1
defensively,1
bitter,1
homelands,1
debt,1
individuals,1
aids,1
forestalling,1
configured,1
full,1
raising,1
imagery,1
stopping,1
weaving,1
versions,1
helpless,1
discovered,1
urbana,1
whoever,1
distracted,1
alienating,1
remaining,1
directed,1
emphasizing,1
temic,1
stress,1
empathizer,1
assignment,1
safety,1
essay,1
lonely,1
interpret,1
co,1
try,1
christopher,1
attach,1
homes,1
transience,1
skip,1
collaboration,1
ny,1
spread,1
summer,1
smart,1
creating,1
wohlwend,1
mount,1
features,1
collected,1
tenth,1
stresses,1
paths,1
counted,1
comforts,1
interacted,1
misunderstanding,1
shoelaces,1
accused,1
browse,1
alive,1
why,1
faith,1
wasn,1
valued,1
chatted,1
facing,1
internal,1
outcomes,1
leaves,1
reads,1
greeted,1
palo,1
references,1
illustrations,1
enjoyed,1
seeking,1
femininity,1
humanity,1
workshop,1
invented,1
institution,1
fall,1
attend,1
routines,1
evaluated,1
researcher,1
mileboldt,1
outright,1
sociopolitical,1
tence,1
brown,1
stereotypes,1
attended,1
duplicated,1
decision,1
popping,1
ethic,1
wigfield,1
european,1
letting,1
telephone,1
aspirations,1
readiness,1
tests,1
bertram,1
responsiveness,1
wisdom,1
lot,1
mixture,1
hostile,1
linda,1
five,1
amherst,1
willingly,1
consent,1
practical,1
practitioners,1
pieces,1
explain,1
fixing,1
puzzles,1
lines,1
attitude,1
politeness,1
recognizes,1
plastic,1
primarily,1
institutions,1
watching,1
dimensions,1
muck,1
health,1
directions,1
interfere,1
yale,1
bears,1
force,1
render,1
effectively,1
threaten,1
requests,1
holdstein,1
reservations,1
indicate,1
length,1
html,1
memorable,1
adolescents,1
insistence,1
expectations,1
norton,1
blood,1
commenting,1
united,1
neurosis,1
sage,1
endure,1
supporting,1
urged,1
sympathy,1
poking,1
obstacle,1
paying,1
grounded,1
pressures,1
earliest,1
stable,1
matters,1
addressed,1
pitiable,1
springj,1
undertook,1
stereotyped,1
reciprocal,1
katonah,1
coat,1
nightly,1
girls,1
relates,1
senior,1
sharks,1
broke,1
hating,1
series,1
complexity,1
comparison,1
punishments,1
biography,1
ringing,1
founded,1
simplify,1
detachment,1
contradiction,1
bleich,1
wear,1
conceptualize,1
satisfying,1
damaging,1
continues,1
pace,1
alfred,1
recognizable,1
reciprocity,1
compliance,1
loving,1
guilford,1
appealing,1
affirmative,1
consented,1
mclntyre,1
recreates,1
column,1
excess,1
respecting,1
enters,1
painless,1
privacy,1
offtopic,1
refused,1
principle,1
fault,1
inequities,1
guarding,1
robot,1
cultures,1
scary,1
worth,1
suggestions,1
lying,1
attribute,1
confident,1
melanie,1
stifle,1
affectively,1
straightforward,1
specificities,1
wall,1
nights,1
farts,1
classed,1
assignments,1
visiting,1
gap,1
allied,1
reviewers,1
milk,1
job,1
sidewalk,1
ferocity,1
mathison,1
cartooning,1
privileged,1
pathways,1
indispensable,1
pollock,1
proclaiming,1
ambivalent,1
steeped,1
chaotic,1
accepts,1
invocation,1
proposed,1
recorder,1
absolutely,1
feminist,1
counterproductive,1
mcintyre,1
animal,1
cal,1
researching,1
vehement,1
knows,1
according,1
realize,1
unlikely,1
flashlight,1
lessons,1
communicate,1
carefully,1
poses,1
implicit,1
playful,1
assistive,1
character,1
males,1
perversities,1
suspicions,1
attitudes,1
sexton,1
condemn,1
grief,1
tightly,1
leaving,1
ethnography,1
dream,1
avid,1
succumb,1
listen,1
chapter,1
assaultive,1
gifts,1
sleeping,1
require,1
hypothesize,1
fruitfully,1
explored,1
rationality,1
voice,1
almost,1
erikson,1
scenarios,1
wonders,1
pinell,1
freedom,1
loud,1
disability,1
stab,1
gratitude,1
latino,1
burden,1
boston,1
cares,1
biracial,1
chest,1
owner,1
occasionally,1
poems,1
necessity,1
circumstances,1
recognition,1
multiple,1
reported,1
conclude,1
excesses,1
whiteness,1
confirm,1
easy,1
unrealistic,1
researach,1
bourgeois,1
die,1
techniques,1
withdrawal,1
lies,1
step,1
gang,1
confronted,1
measure,1
kids,1
contribute,1
torturously,1
incorporate,1
oz,1
alternating,1
intelligible,1
families,1
motivate,1
isolated,1
burning,1
behaved,1
faculty,1
paula,1
rages,1
daring,1
animals,1
internalized,1
kindergartener,1
hypervigilant,1
eric,1
producer,1
devoted,1
forgetting,1
breaks,1
recording,1
drafts,1
touch,1
negro,1
friendships,1
knopf,1
ignored,1
button,1
deformed,1
unencumbered,1
intensified,1
sensibilities,1
conditions,1
ailments,1
discursive,1
publishing,1
sat,1
mindful,1
bedtime,1
grown,1
salt,1
integrated,1
immersion,1
enabling,1
mandates,1
languageminority,1
specialists,1
evidence,1
constructed,1
managing,1
smaller,1
writer,1
disruption,1
punitive,1
effects,1
piece,1
shtml,1
defiance,1
playing,1
careened,1
preschoolers,1
smarter,1
area,1
walking,1
association,1
speak,1
increased,1
roles,1
traveling,1
unimelb,1
observation,1
specific,1
supported,1
contradicted,1
substitute,1
assumed,1
actions,1
farted,1
draft,1
mystery,1
unproblematized,1
jokes,1
chicago,1
negotiate,1
cook,1
reached,1
agrees,1
views,1
east,1
edfac,1
h,1
characters,1
scholarly,1
dental,1
abandoned,1
counts,1
mature,1
among,1
seek,1
infancy,1
statement,1
building,1
attendance,1
ca,1
mistaken,1
close,1
tragic,1
occur,1
deeper,1
overshadow,1
riviere,1
grants,1
eagerly,1
