WORDCOUNTS,WEIGHT
the,751
of,494
and,418
a,265
to,208
in,181
as,171
his,152
he,142
is,134
s,120
that,117
with,104
her,104
jack,82
kerouac,72
white,68
body,64
this,62
it,59
by,58
which,58
mardou,55
maggie,53
but,50
for,49
leo,46
an,43
tristessa,40
are,39
him,38
black,38
not,38
from,37
their,36
grotesque,35
own,34
on,34
into,33
has,33
social,33
through,33
who,32
she,31
at,29
other,28
or,27
world,26
american,24
also,24
woman,24
self,23
race,23
female,22
love,22
dark,22
himself,21
lowell,21
them,21
they,20
human,20
both,20
male,19
out,18
when,18
so,18
class,18
be,18
culture,17
more,17
man,17
one,16
life,16
narrator,15
no,15
new,15
upon,15
college,14
women,14
sexual,14
each,14
racial,13
cassidy,13
literature,13
winter,13
about,13
sex,13
becomes,13
whiteness,13
identity,13
story,13
grace,13
t,12
all,12
was,12
nancy,12
cultural,12
personal,12
presence,12
only,12
lewis,12
can,12
fear,12
au,12
if,11
history,11
america,11
image,11
most,11
color,11
however,11
its,11
mccampbell,11
these,11
stories,11
subterraneans,11
where,11
like,11
high,11
feuaheen,11
have,11
book,10
i,10
those,10
such,10
beat,10
process,10
because,10
part,10
we,10
press,10
two,10
french,10
language,10
then,10
worcester,10
images,10
than,9
act,9
whom,9
future,9
place,9
up,9
fellaheen,9
time,9
school,9
freak,9
form,9
dream,9
use,8
first,8
even,8
romantic,8
had,8
cannot,8
irish,8
ethnicity,8
darkness,8
masculine,8
ing,8
must,8
what,8
city,8
you,8
does,7
way,7
mouth,7
character,7
narrative,7
point,7
against,7
young,7
may,7
my,7
long,7
gender,7
same,7
power,7
vision,7
forms,7
father,7
narrators,7
were,7
duluoz,7
destruction,7
meets,7
wiu,7
just,7
freedom,7
negro,7
sexuality,7
north,7
tion,6
friends,6
newyork,6
desire,6
mind,6
bird,6
some,6
weu,6
find,6
york,6
morrison,6
too,6
appears,6
used,6
people,6
good,6
working,6
economic,6
home,6
ed,6
others,6
many,6
do,6
road,6
books,6
individual,6
especially,6
become,6
january,6
team,6
any,6
inferiority,6
text,6
over,6
down,6
writer,6
off,6
remains,6
between,6
themselves,6
much,6
per,5
complex,5
denied,5
lower,5
nature,5
legend,5
con,5
behavior,5
throughout,5
carnival,5
jews,5
left,5
humanity,5
university,5
literary,5
mary,5
defeat,5
memory,5
well,5
grotesqueness,5
family,5
feelings,5
beauty,5
society,5
girl,5
san,5
practices,5
make,5
party,5
heritage,5
enough,5
belief,5
freaks,5
ethnic,5
jew,5
three,5
relationship,5
yuri,5
fantasy,5
respect,5
itself,5
face,5
did,5
son,5
african,5
physical,5
states,5
francisco,5
truth,4
told,4
live,4
underground,4
sublime,4
being,4
beautiful,4
comedy,4
together,4
henry,4
primitive,4
dash,4
less,4
perfection,4
condition,4
prejudice,4
thus,4
adam,4
back,4
men,4
sin,4
sister,4
whose,4
rather,4
goes,4
beats,4
consciousness,4
contemplates,4
fifties,4
doesn,4
masculinity,4
feminine,4
concept,4
early,4
device,4
sun,4
commerce,4
sense,4
ego,4
codes,4
progress,4
masseur,4
play,4
boy,4
acting,4
narratives,4
begins,4
again,4
death,4
rejects,4
head,4
john,4
away,4
pattern,4
toni,4
blackness,4
signifying,4
bakhtin,4
renaissance,4
kerouacian,4
horace,4
another,4
including,4
expression,4
sees,4
nicosia,4
open,4
victory,4
faces,4
would,4
mexico,4
ground,4
brown,4
success,4
tive,4
force,4
united,4
known,4
set,4
canuck,4
very,4
historical,4
past,4
passage,4
mann,4
while,4
voice,4
episode,4
com,4
despised,4
false,4
years,4
defined,4
blacks,4
little,4
seek,4
democracy,3
now,3
later,3
defy,3
trans,3
e,3
pushcart,3
star,3
kitten,3
english,3
hip,3
acceptance,3
presents,3
something,3
terrifying,3
romance,3
creation,3
negates,3
hatred,3
words,3
definition,3
unlike,3
addict,3
great,3
room,3
real,3
there,3
date,3
stand,3
within,3
depends,3
nar,3
possible,3
cre,3
move,3
taking,3
since,3
except,3
marginalized,3
sign,3
exist,3
hierarchy,3
lover,3
becoming,3
canadians,3
living,3
dis,3
big,3
nor,3
hybrid,3
look,3
critique,3
deeply,3
generation,3
essential,3
without,3
how,3
legal,3
study,3
front,3
means,3
category,3
escape,3
clearly,3
christ,3
iconography,3
could,3
stereotype,3
term,3
pure,3
fox,3
creates,3
wants,3
manhood,3
nameless,3
ught,3
example,3
calls,3
nation,3
feared,3
year,3
aztec,3
believes,3
project,3
africanist,3
naked,3
event,3
few,3
folk,3
protect,3
barely,3
inability,3
transforming,3
will,3
critical,3
metaphysical,3
equality,3
distorted,3
wrote,3
classic,3
domination,3
movement,3
sexually,3
makes,3
under,3
otherness,3
friend,3
lee,3
athlete,3
toward,3
classical,3
blonde,3
patterns,3
present,3
flesh,3
exotic,3
tiny,3
guut,3
gives,3
day,3
desires,3
argues,3
status,3
virgin,3
see,3
complicated,3
dating,3
low,3
reality,3
after,3
latter,3
outside,3
sight,3
construction,3
tennessee,3
suffering,3
me,3
been,3
bound,3
catholic,3
exists,3
smau,3
thinking,3
girls,3
conclusion,3
redemption,3
deep,3
quickly,3
know,3
runner,3
natural,3
country,3
connection,3
speech,3
goddess,3
particular,3
bop,3
suggests,3
bodies,3
thereby,3
role,3
die,3
merchant,3
our,3
courtship,3
sustains,3
until,3
breaks,3
youth,3
notes,3
finding,3
write,3
aware,3
although,3
playing,3
magical,3
re,3
signals,3
woven,2
antithetical,2
syntax,2
dehistoricizing,2
lopez,2
gerald,2
done,2
child,2
imagining,2
meaning,2
lonesome,2
conjoined,2
groups,2
created,2
go,2
represent,2
fiction,2
legitimate,2
red,2
ultimate,2
blends,2
systemic,2
linguistic,2
church,2
group,2
tlie,2
reflection,2
highly,2
earthly,2
desperately,2
modern,2
conscious,2
grove,2
deviants,2
western,2
guise,2
track,2
asexual,2
chooses,2
came,2
defeated,2
jesse,2
regeneration,2
sad,2
give,2
attempts,2
dreams,2
declares,2
tradition,2
spectacle,2
disgust,2
producing,2
fel,2
farther,2
onto,2
concludes,2
ancestry,2
embrace,2
last,2
mystical,2
loose,2
affair,2
remainder,2
california,2
somewhat,2
marries,2
vagina,2
el,2
system,2
takes,2
crucified,2
infidels,2
jenkins,2
key,2
matthew,2
bones,2
account,2
wheel,2
object,2
blancs,2
information,2
russo,2
combination,2
dynamic,2
enter,2
identifies,2
puuing,2
signal,2
prom,2
includes,2
selves,2
clowns,2
reject,2
run,2
surrounded,2
moment,2
gun,2
condensation,2
threatens,2
rooted,2
supremacy,2
barrier,2
privilege,2
kind,2
wouldn,2
buddhism,2
remembering,2
elements,2
old,2
destroyed,2
times,2
response,2
panorama,2
slave,2
ness,2
traveler,2
momentary,2
constructs,2
stratum,2
terror,2
word,2
mechanism,2
perfect,2
failed,2
poor,2
hero,2
subordination,2
reflects,2
supernatural,2
homo,2
evoking,2
destroy,2
across,2
centered,2
fusion,2
stop,2
remain,2
doctrine,2
knew,2
represented,2
parents,2
risk,2
heard,2
grew,2
certain,2
possibiuty,2
blurring,2
animals,2
space,2
martin,2
lives,2
les,2
entry,2
hellish,2
wins,2
air,2
house,2
threat,2
powerful,2
surface,2
isolation,2
defines,2
confessional,2
spiritual,2
problems,2
impotence,2
dominant,2
likens,2
faced,2
tory,2
drawing,2
cut,2
appear,2
fluid,2
conquest,2
union,2
result,2
subsets,2
betrayal,2
search,2
orifices,2
taboo,2
embracing,2
vulnerability,2
rhapsodic,2
rebirth,2
oppressor,2
imagina,2
respects,2
late,2
hispanic,2
accurately,2
aries,2
rabelais,2
stressing,2
promise,2
failure,2
younger,2
jewish,2
symbolically,2
scene,2
possibility,2
huge,2
impression,2
shape,2
having,2
learn,2
obuterated,2
tendency,2
work,2
intense,2
indio,2
hints,2
distinguish,2
reader,2
significantly,2
psychological,2
orifice,2
knowledge,2
arms,2
dove,2
realm,2
older,2
records,2
lyricism,2
cry,2
participate,2
couple,2
breakdown,2
holy,2
drug,2
else,2
manipulation,2
refuse,2
creating,2
legacy,2
least,2
indi,2
poet,2
saintly,2
order,2
night,2
encompasses,2
several,2
cool,2
dramatic,2
deviant,2
illusions,2
boundaries,2
visible,2
st,2
describes,2
marry,2
distincdy,2
liberation,2
fuchs,2
second,2
transform,2
genitals,2
short,2
return,2
hire,2
brief,2
ten,2
gift,2
allen,2
ulustrate,2
still,2
iddyboy,2
standing,2
negate,2
religious,2
parker,2
label,2
foot,2
criticism,2
violence,2
push,2
emil,2
seeing,2
appropriating,2
god,2
us,2
neither,2
ciauy,2
railroad,2
colored,2
dehumanizing,2
negroes,2
goodness,2
fuu,2
subjective,2
sexuauty,2
name,2
law,2
negres,2
morphine,2
reporting,2
gentle,2
speaks,2
uses,2
larger,2
named,2
associates,2
state,2
camera,2
junior,2
reflect,2
never,2
readers,2
racist,2
crashing,2
psychic,2
covered,2
vulnerable,2
strategies,2
practice,2
maturity,2
perceives,2
perhaps,2
hen,2
compete,2
remained,2
art,2
survive,2
background,2
restrictions,2
espe,2
unquestionably,2
distinctly,2
competes,2
gifford,2
birds,2
denies,2
illusion,2
equauty,2
iso,2
dress,2
bed,2
actual,2
nothing,2
chosen,2
relegated,2
described,2
cartoonish,2
rejected,2
significance,2
moral,2
talk,2
freakishness,2
deal,2
co,2
houywood,2
held,2
general,2
someone,2
period,2
pathetic,2
anyone,2
imagination,2
why,2
guilt,2
imaginative,2
leaves,2
awakening,2
mr,2
looks,2
decision,2
product,2
fails,2
european,2
unstable,2
laheen,2
regimentation,2
penguin,2
africa,2
gigantic,2
criminal,2
husband,2
ideology,2
williams,2
harbors,2
owens,2
establish,2
lawrence,2
addicted,2
interplay,2
recognize,2
es,2
often,2
ceuuloid,2
ginsberg,2
amalgamation,2
mother,2
anarchy,2
grounded,2
outcast,2
suf,2
comic,2
version,2
conflate,2
simply,2
ever,2
extension,2
loins,2
membership,2
dehumanization,2
loving,2
symbol,2
here,2
couples,2
excess,2
control,2
different,2
novel,2
subpart,2
falsely,2
style,2
particularly,2
expresses,2
dared,2
sustaining,2
identities,2
jacks,2
movie,2
ambivalent,2
works,2
emerges,2
better,2
places,2
subterranean,2
animal,2
specter,2
brakeman,2
heads,2
exposing,2
mixing,2
burns,2
prefers,2
beaten,2
want,2
males,2
tightly,2
extent,2
feeungs,2
rewrite,2
structures,2
generally,2
ideal,2
biography,2
presented,2
characters,2
code,2
understanding,2
introduced,2
despite,2
giving,2
rendering,2
returning,2
gang,2
sion,2
phenomenon,2
indians,2
writing,2
subsumed,2
formation,2
ugly,2
spring,2
unable,2
elliptical,2
rothenberg,2
opens,2
finally,2
accept,2
enabling,2
canadian,2
enslavement,2
renders,2
seeks,2
embodies,2
compels,2
specific,2
tenements,2
spectator,2
mrs,2
abstinence,2
paradoxicauy,2
oppression,2
womb,2
fears,2
focus,2
classless,2
roles,2
customs,2
charade,1
final,1
resolve,1
unwit,1
difficult,1
horror,1
ments,1
superiority,1
transfixed,1
warping,1
squawk,1
thwarted,1
produces,1
forties,1
o,1
unrestrained,1
scarf,1
unsubstantial,1
limits,1
stu,1
trast,1
jewels,1
tawny,1
beatings,1
common,1
emptiness,1
destroying,1
situating,1
keeps,1
anthony,1
corruption,1
foreplay,1
tice,1
suc,1
fering,1
designated,1
prompts,1
propels,1
sterility,1
everyone,1
berkeley,1
fatalisticauy,1
physicality,1
sagged,1
ran,1
homeless,1
tising,1
misery,1
lated,1
dissolution,1
potentiauty,1
alone,1
extends,1
confessing,1
jabs,1
plainly,1
sphere,1
phonetic,1
mews,1
confidence,1
replaced,1
rainer,1
estabushes,1
myth,1
misuse,1
assuages,1
accou,1
merged,1
cars,1
ostracized,1
wraiths,1
formed,1
neighborhoods,1
humanizing,1
mulattos,1
vises,1
salvation,1
continent,1
solidarity,1
h,1
teuing,1
caus,1
cynical,1
tenement,1
whue,1
dominating,1
nifying,1
johns,1
ister,1
bod,1
spiritus,1
masquerade,1
paradigms,1
petuates,1
empower,1
genius,1
mentality,1
proud,1
alized,1
spirit,1
unnatural,1
teased,1
inconsequen,1
oppressive,1
orchestrating,1
devices,1
position,1
signifies,1
teens,1
ian,1
burn,1
auows,1
title,1
exciting,1
occurred,1
querade,1
holding,1
cusp,1
fathers,1
tells,1
instance,1
before,1
dig,1
accent,1
revered,1
smile,1
resides,1
zooming,1
regenera,1
binds,1
connotations,1
hipsters,1
source,1
slums,1
kisser,1
amongst,1
morality,1
immanent,1
denouement,1
sermon,1
fluidity,1
themes,1
experience,1
punctuating,1
fy,1
consistent,1
concepts,1
cast,1
grabber,1
tistical,1
cherokee,1
undermine,1
dwarf,1
augned,1
wakes,1
sources,1
wrong,1
specifically,1
every,1
labor,1
equacies,1
certainly,1
drugs,1
relies,1
girlfriend,1
chronicles,1
discovers,1
pervasive,1
loathing,1
greatness,1
setting,1
quoting,1
nonsexual,1
taken,1
raphy,1
culturally,1
discursively,1
might,1
rush,1
conflict,1
sub,1
disfiguring,1
actualized,1
worked,1
fragmentary,1
ourselves,1
legauy,1
england,1
official,1
seems,1
eats,1
raper,1
mercury,1
devious,1
confirmed,1
eration,1
chuckles,1
effecting,1
shaped,1
displacement,1
demonizing,1
keener,1
knowing,1
lynn,1
unnam,1
sup,1
mikhael,1
agrarian,1
screamed,1
advantage,1
uneasy,1
suggesting,1
warm,1
metamorphosed,1
dialogue,1
momentum,1
mahometans,1
repulsed,1
converse,1
tinted,1
indefinite,1
carney,1
senses,1
achievement,1
confront,1
inequity,1
able,1
moors,1
ences,1
percipied,1
monologue,1
voiceless,1
reveal,1
exalted,1
court,1
psyche,1
raciauy,1
dom,1
loves,1
yearbook,1
farmer,1
chauenging,1
subsequent,1
hands,1
introduces,1
achieved,1
circuses,1
sentimentally,1
pursues,1
written,1
manipulating,1
cysts,1
ava,1
prohibiting,1
gnarled,1
adventures,1
alike,1
aban,1
intelligence,1
manipulate,1
slapstick,1
intersection,1
soundly,1
warning,1
faceless,1
bluntly,1
southern,1
akin,1
magazines,1
pursue,1
respite,1
case,1
iuusion,1
documenting,1
melts,1
empty,1
conversing,1
asexuauty,1
suspect,1
sophisticated,1
forthcoming,1
alene,1
plain,1
viduals,1
symbolizing,1
foundational,1
pulled,1
walks,1
money,1
misunderstood,1
revolutionary,1
mutates,1
mine,1
u,1
conditioned,1
firm,1
saying,1
poutical,1
womanly,1
addresses,1
representations,1
settles,1
jumping,1
retain,1
crowd,1
signifier,1
struggling,1
trophy,1
routinization,1
ethereal,1
everyman,1
moth,1
peting,1
yjou,1
wonders,1
felt,1
reflec,1
condemnation,1
riences,1
authentic,1
borderland,1
mikhail,1
drive,1
auowing,1
erased,1
april,1
powers,1
functions,1
julian,1
mutes,1
ativity,1
asides,1
imbrications,1
carni,1
convince,1
west,1
disadvantage,1
desired,1
reflecting,1
infer,1
lyric,1
rela,1
ciaust,1
immoral,1
beak,1
whites,1
indicating,1
laws,1
cited,1
compares,1
along,1
bailey,1
academically,1
interviews,1
irrational,1
ritual,1
transcen,1
pooch,1
plenty,1
melting,1
impermanence,1
impartial,1
fills,1
curly,1
lights,1
gardner,1
complicating,1
strates,1
mid,1
winning,1
maniacal,1
daughters,1
especiauy,1
central,1
possessing,1
ty,1
chapters,1
upheld,1
propped,1
debris,1
denying,1
collapse,1
married,1
relationships,1
beating,1
kids,1
mercialization,1
explained,1
component,1
spectrum,1
stomach,1
development,1
veiled,1
professor,1
bent,1
understand,1
illustrates,1
teus,1
interior,1
charming,1
muscle,1
furthering,1
nic,1
integral,1
author,1
disconnect,1
tableau,1
privuege,1
bodily,1
gaining,1
civilizing,1
center,1
characteristic,1
draped,1
subdue,1
annihuated,1
steals,1
pejorative,1
unspecified,1
hid,1
portray,1
enjoying,1
abuses,1
creamed,1
caucasian,1
club,1
highlighting,1
veneer,1
medalust,1
sensation,1
nurtured,1
stained,1
century,1
seaman,1
clown,1
horrific,1
yourself,1
hat,1
mundi,1
chihuahua,1
thing,1
refuses,1
brother,1
cases,1
eradicates,1
arc,1
wander,1
unclean,1
ation,1
channeled,1
legally,1
glory,1
transcends,1
mystic,1
refer,1
equauy,1
amount,1
uration,1
marriage,1
modernity,1
houses,1
flawed,1
recalls,1
repress,1
lineage,1
wiser,1
arranged,1
scott,1
third,1
bag,1
thin,1
vanish,1
destroys,1
demonization,1
y,1
consequently,1
seal,1
yelps,1
negating,1
poured,1
codify,1
apotheosis,1
border,1
stagnation,1
sarcophagus,1
ceases,1
resultant,1
invites,1
though,1
nuanced,1
renewing,1
redeem,1
master,1
abiuty,1
metaphoricauy,1
dons,1
walls,1
commemorating,1
ubrarian,1
media,1
rights,1
site,1
purchase,1
birdy,1
atone,1
seekers,1
racism,1
kissing,1
americans,1
town,1
menace,1
youthful,1
ably,1
license,1
heroism,1
theresa,1
heroes,1
quaked,1
resists,1
deflated,1
tiger,1
pit,1
purely,1
l,1
dence,1
crooked,1
generations,1
essence,1
blames,1
mexican,1
eroticauy,1
joan,1
fuels,1
unit,1
fantasies,1
biggest,1
martyrdom,1
roos,1
hold,1
ubrary,1
bond,1
completely,1
killing,1
realizes,1
catholics,1
opportunity,1
demarcating,1
associate,1
earlier,1
loses,1
highclass,1
injus,1
kiss,1
exoticized,1
se,1
loweu,1
leave,1
personhood,1
variant,1
direct,1
balanced,1
parts,1
radicauy,1
pointing,1
easily,1
disintegration,1
allegory,1
generating,1
tionship,1
witness,1
envision,1
reborn,1
lacking,1
tree,1
falsity,1
believing,1
corso,1
offering,1
lay,1
pal,1
foreteu,1
awareness,1
antithesis,1
allegorical,1
garage,1
mation,1
attached,1
supposed,1
moves,1
bleak,1
repulses,1
wash,1
accounts,1
pernicious,1
downward,1
irony,1
utterly,1
expe,1
determinacy,1
reestabush,1
purchased,1
immigrant,1
servants,1
stabat,1
psychoanalytic,1
march,1
greeks,1
evil,1
consider,1
improvement,1
thief,1
established,1
encourages,1
gazookas,1
retained,1
descent,1
laughs,1
louise,1
venom,1
prepares,1
physicauy,1
aura,1
sick,1
eschew,1
discus,1
artificial,1
elsewhere,1
driven,1
threatening,1
vidual,1
days,1
accrued,1
elevated,1
dominate,1
record,1
quoted,1
negress,1
surpassing,1
encodes,1
ecce,1
cock,1
chal,1
cunning,1
ulysses,1
ideals,1
trol,1
physically,1
conqueror,1
jacky,1
democratic,1
pinnacle,1
exotics,1
unjustly,1
pumping,1
connecting,1
silly,1
beyond,1
concerning,1
barring,1
evfl,1
improvisational,1
blemishes,1
bestial,1
spins,1
unwanted,1
essentialism,1
eradication,1
mix,1
portrays,1
selfhood,1
destruc,1
photos,1
m,1
projected,1
encode,1
metaphoric,1
tercerero,1
view,1
beuefs,1
hunke,1
exits,1
regulatory,1
raflroad,1
thinks,1
experimentation,1
ly,1
discard,1
avant,1
expressed,1
moving,1
gregory,1
stiu,1
theft,1
prehistoric,1
incomplete,1
based,1
acceptable,1
desexuauzed,1
disbelief,1
columbia,1
priori,1
unfold,1
walk,1
wracked,1
critic,1
carrying,1
moorad,1
demise,1
fascination,1
difficulty,1
plot,1
mandate,1
called,1
strength,1
joy,1
typical,1
fafls,1
access,1
inappropriate,1
attack,1
mapping,1
exuberance,1
billie,1
conjoining,1
effort,1
sonifies,1
bafley,1
cauous,1
scenes,1
prepare,1
rooms,1
calm,1
curiosity,1
events,1
disingenuous,1
barry,1
zone,1
worker,1
vomits,1
vortex,1
nurturing,1
denigration,1
evening,1
opt,1
emerge,1
assistance,1
nafled,1
accompany,1
poetry,1
cau,1
suits,1
inter,1
reminder,1
reptilian,1
acquiring,1
intimacy,1
feels,1
imparts,1
nomic,1
holhday,1
buttressed,1
codification,1
understood,1
shall,1
focused,1
affirms,1
block,1
professes,1
stock,1
bore,1
treat,1
orchestration,1
prohibit,1
friendship,1
viewed,1
attracts,1
transforma,1
unites,1
meet,1
ulusion,1
groundwork,1
wresting,1
mutating,1
fish,1
wealth,1
safe,1
placed,1
olympic,1
perform,1
caged,1
guarantee,1
trashy,1
avatars,1
screeches,1
public,1
triumph,1
val,1
hopkins,1
rooster,1
meditation,1
relationally,1
discours,1
warriors,1
lenging,1
hinkle,1
jim,1
repugnance,1
abuse,1
lost,1
aging,1
implode,1
participation,1
transfusion,1
spheres,1
pronounce,1
diminution,1
perpetuated,1
relief,1
magnifies,1
conduit,1
revealed,1
unworthy,1
ening,1
dog,1
imprisoned,1
oblit,1
bal,1
haney,1
costume,1
strict,1
hang,1
carries,1
generative,1
writers,1
heart,1
imagined,1
ishes,1
parking,1
repetitively,1
damnation,1
explains,1
civil,1
coolness,1
stares,1
beth,1
promiscuity,1
filthy,1
thoughts,1
positions,1
minority,1
criticized,1
fence,1
surprise,1
whole,1
leek,1
surrounds,1
trements,1
sta,1
fit,1
consistently,1
blem,1
blue,1
during,1
gamation,1
skirt,1
doomed,1
icon,1
paraphrases,1
hisattva,1
christmases,1
choppy,1
surpass,1
bits,1
runs,1
moronic,1
giver,1
filipinos,1
rative,1
perverts,1
demon,1
overtones,1
advertising,1
forces,1
battering,1
focuses,1
crack,1
triumphs,1
specificauy,1
formations,1
ultimately,1
placate,1
astute,1
predominance,1
ular,1
sicily,1
lyzed,1
won,1
sions,1
ter,1
league,1
strengthened,1
visions,1
negation,1
challenging,1
lips,1
table,1
encounters,1
nose,1
flirting,1
interracial,1
substituting,1
whipping,1
impued,1
dour,1
change,1
gleeful,1
domineering,1
metamorphosis,1
hanover,1
elect,1
lectur,1
comprises,1
covenant,1
shaping,1
louisiana,1
brave,1
aggrandizement,1
suggest,1
manipulates,1
straight,1
holes,1
angel,1
complicate,1
reverie,1
pimp,1
sharp,1
hole,1
emerging,1
mascuunity,1
around,1
hypermascuunized,1
chas,1
reporter,1
heat,1
small,1
initiauy,1
enslaved,1
autonomy,1
eco,1
aue,1
dissolves,1
imagines,1
majestic,1
concerns,1
ship,1
choose,1
infinite,1
components,1
bridge,1
legitimize,1
suming,1
temporary,1
beuef,1
breaking,1
representation,1
massachusetts,1
vicarious,1
equalization,1
masochism,1
happen,1
huddles,1
potent,1
impossible,1
degradation,1
hermaphrodite,1
waiung,1
getter,1
condemned,1
ification,1
articulation,1
opponents,1
ghastly,1
dominates,1
pays,1
passivity,1
truest,1
slim,1
wife,1
results,1
correspondence,1
depravity,1
alienat,1
achieves,1
participates,1
lore,1
darklashed,1
inequauty,1
finds,1
dency,1
finger,1
hybrids,1
passive,1
waiting,1
rest,1
disturbing,1
actuauy,1
unbiased,1
digging,1
promising,1
gle,1
nations,1
addiction,1
ini,1
south,1
f,1
portion,1
battle,1
converge,1
therefore,1
refocuses,1
adjustable,1
led,1
noteworthy,1
misogynist,1
fly,1
bmlt,1
obugation,1
ustens,1
glorifies,1
nonetheless,1
absence,1
expanse,1
erasing,1
functioning,1
bringing,1
shedding,1
fies,1
supreme,1
identified,1
action,1
uve,1
separation,1
freckles,1
labeled,1
phantoms,1
analogue,1
cannibalism,1
bereft,1
description,1
corporation,1
accepting,1
relentlessly,1
gaping,1
framing,1
nuuify,1
drops,1
likening,1
brings,1
apart,1
prevailing,1
forbidden,1
fying,1
visionary,1
etc,1
oppressed,1
prove,1
underscoring,1
converted,1
community,1
establishes,1
conceives,1
purest,1
says,1
mainstream,1
kius,1
surviving,1
everywhere,1
relying,1
experiences,1
canvas,1
bastard,1
initially,1
sinful,1
degree,1
rites,1
searched,1
resurrection,1
jesus,1
inhabited,1
tends,1
ethnici,1
terrify,1
kills,1
iuustrates,1
consulted,1
needles,1
biological,1
para,1
once,1
competition,1
springs,1
relied,1
yet,1
muscles,1
housing,1
reference,1
swirls,1
opportunities,1
suppurated,1
destroyer,1
security,1
beatific,1
intimation,1
stinking,1
worthless,1
read,1
surrogate,1
thought,1
serve,1
soon,1
hegemonic,1
kiu,1
sounds,1
wearing,1
cuckolding,1
fetishizes,1
stereotypic,1
babe,1
exposes,1
unuke,1
ele,1
reconciliation,1
perceived,1
ancient,1
tain,1
achieve,1
included,1
damn,1
cod,1
subset,1
property,1
decenter,1
symptom,1
light,1
tremendum,1
blotches,1
bloomington,1
ballantine,1
purity,1
sharply,1
essentialist,1
skin,1
parasiti,1
baltimore,1
idiomatic,1
memories,1
al,1
joins,1
acknowledging,1
junctions,1
alien,1
contains,1
reports,1
heterosexual,1
badge,1
learns,1
innate,1
joual,1
predisposition,1
faulknerian,1
baby,1
centu,1
shattering,1
independent,1
double,1
gentleman,1
tries,1
wiuiams,1
femaleness,1
simulation,1
endured,1
members,1
oral,1
leader,1
abjection,1
critiques,1
underscored,1
attainable,1
skill,1
subjected,1
participated,1
naivete,1
request,1
stated,1
journey,1
childhood,1
parenthetical,1
estimated,1
fragmentation,1
locating,1
discipune,1
madonna,1
venerates,1
flat,1
growth,1
addition,1
experienced,1
projects,1
monolith,1
farrnly,1
wanting,1
americanization,1
swain,1
herbert,1
efforts,1
powder,1
incorporates,1
marines,1
communal,1
fact,1
shows,1
expose,1
longer,1
doorway,1
sexy,1
shade,1
ghetto,1
pedophfle,1
sleep,1
plan,1
glittery,1
beliefs,1
appeared,1
helene,1
individuaustic,1
musicians,1
replicates,1
choice,1
children,1
pet,1
educated,1
grave,1
really,1
break,1
plagued,1
envisioning,1
partic,1
grows,1
clause,1
end,1
fetishized,1
distrust,1
contemporary,1
brutauty,1
prose,1
venture,1
golden,1
denigrates,1
observes,1
mysterium,1
convulsions,1
excluding,1
rhetoric,1
jealousy,1
potentiauties,1
channel,1
antelopes,1
rejuvenation,1
took,1
hand,1
drinking,1
newspaper,1
wrestles,1
fame,1
unheeded,1
cat,1
questions,1
keys,1
pastiches,1
consubstantial,1
couldn,1
purposes,1
gawkishness,1
soft,1
unclear,1
jobs,1
contorted,1
verbatim,1
lion,1
shniffle,1
forth,1
dance,1
webbing,1
extinction,1
necessary,1
por,1
watches,1
terns,1
rich,1
taxi,1
anodynes,1
teeth,1
reconstructing,1
recognizes,1
rivaling,1
disenchanted,1
distance,1
laced,1
streets,1
admittedly,1
ceptive,1
explicitly,1
free,1
chair,1
spir,1
revises,1
presentation,1
elevation,1
reminds,1
adjusts,1
stitutes,1
iuusionary,1
earnestness,1
imagine,1
foreigner,1
independence,1
credit,1
bauoons,1
displace,1
private,1
pastiche,1
withstand,1
exploring,1
meaningful,1
diverse,1
envisions,1
davitt,1
extended,1
encounter,1
annmilation,1
discussion,1
admits,1
strangeness,1
invested,1
crudely,1
murdering,1
examples,1
considering,1
mutants,1
subjectivity,1
abnormal,1
skimpy,1
explanation,1
coax,1
closer,1
legs,1
values,1
speculates,1
sanitized,1
concluding,1
slaves,1
servant,1
actualize,1
formal,1
impues,1
freakish,1
lake,1
affinity,1
desperate,1
passes,1
treading,1
couture,1
bequeathed,1
herself,1
disidentification,1
top,1
watercolor,1
tenets,1
host,1
wis,1
controlling,1
intelligent,1
significant,1
fed,1
unfortunately,1
largely,1
unfair,1
builds,1
omnipresent,1
glow,1
vocabulary,1
origin,1
conflicted,1
locks,1
radiates,1
processes,1
maintains,1
esperanza,1
engaged,1
frame,1
full,1
nightmare,1
lifeloving,1
parasitic,1
collapses,1
overturned,1
nevertheless,1
students,1
involves,1
attraction,1
feisty,1
templates,1
homeric,1
bleed,1
breton,1
earth,1
alienating,1
transformation,1
fades,1
consult,1
polarized,1
mascuune,1
infirmities,1
comprehensive,1
fetishization,1
ufe,1
sustain,1
lonely,1
interpret,1
workers,1
counter,1
eve,1
gate,1
keep,1
blend,1
started,1
characterized,1
perverse,1
gligoric,1
spread,1
unexamined,1
strange,1
inadequacies,1
features,1
winner,1
mask,1
collected,1
linking,1
obtained,1
laugh,1
easter,1
stratifies,1
filled,1
gory,1
regenerating,1
spirits,1
fragility,1
poetic,1
tangible,1
fancy,1
provides,1
finauy,1
lose,1
cuckolds,1
foreshadow,1
ignorance,1
sweetheart,1
leg,1
repeated,1
gets,1
faith,1
margin,1
viennese,1
special,1
cathoucism,1
random,1
moans,1
mocks,1
incapable,1
eyes,1
parallel,1
allusion,1
feet,1
tingly,1
kit,1
hits,1
declare,1
overcome,1
ampu,1
examine,1
effect,1
sig,1
teach,1
marine,1
toricauy,1
analysis,1
v,1
electric,1
besieging,1
looned,1
berating,1
caued,1
faus,1
thrills,1
implication,1
uke,1
dominance,1
spain,1
northern,1
sadness,1
hipper,1
pantomimes,1
glori,1
confesses,1
lazy,1
freckled,1
engagement,1
insignificant,1
temporality,1
inad,1
perverted,1
facilitates,1
alexander,1
inferior,1
attention,1
greek,1
quauty,1
obliterates,1
stereotypes,1
paranoid,1
attended,1
restores,1
naturauy,1
separate,1
diseased,1
consequences,1
tortured,1
homosexuals,1
implicitly,1
rebeuion,1
unbeknownst,1
ghosts,1
aspirations,1
lyrical,1
favoring,1
christian,1
cation,1
fueled,1
imply,1
portending,1
lovers,1
perspectives,1
irregular,1
thirties,1
complexion,1
cramp,1
encapsulates,1
quo,1
porch,1
chance,1
five,1
foreign,1
fools,1
vflify,1
dreamed,1
maps,1
claimed,1
annunciation,1
leery,1
begin,1
grim,1
inside,1
urges,1
dumb,1
auegory,1
outburst,1
trait,1
watching,1
ting,1
riddled,1
spittle,1
recourse,1
seen,1
transformed,1
exag,1
pleading,1
render,1
effectively,1
fecund,1
markers,1
dent,1
nay,1
relevant,1
remaining,1
whereby,1
deals,1
psychotic,1
impro,1
pees,1
atoning,1
birthright,1
rot,1
erupts,1
satisfaction,1
responsible,1
torment,1
whitmanesque,1
proximity,1
pristine,1
lowered,1
institutionauzed,1
kill,1
blood,1
existed,1
wooster,1
mercurial,1
pads,1
littered,1
uterauy,1
dead,1
composed,1
education,1
delineates,1
actress,1
types,1
creatures,1
commodi,1
get,1
tial,1
worlds,1
publica,1
nowhere,1
subtext,1
gathered,1
legitimately,1
flips,1
rigorous,1
seat,1
speak,1
photographs,1
thinly,1
considered,1
door,1
cuts,1
somewhere,1
yearbooks,1
matters,1
claims,1
share,1
sensitive,1
shadow,1
rabelasian,1
fifteen,1
flies,1
beast,1
redemptive,1
lessons,1
redeemer,1
deifi,1
hanging,1
reteus,1
blemish,1
comes,1
changing,1
ism,1
peoples,1
throw,1
tapestry,1
ve,1
founded,1
disjointed,1
carr,1
theory,1
locomotive,1
shauow,1
turn,1
pace,1
symbolic,1
theme,1
milieu,1
shop,1
recognizable,1
shunned,1
constructed,1
ll,1
punctuates,1
bitch,1
grisly,1
vio,1
encoded,1
pleads,1
restruc,1
lating,1
fuuy,1
ripping,1
protean,1
bright,1
ry,1
replace,1
dualism,1
dimension,1
enters,1
evokes,1
rushes,1
benefits,1
intellectual,1
chewing,1
primarily,1
tured,1
grin,1
illuminate,1
readily,1
masking,1
museum,1
metaphorically,1
perceptive,1
shares,1
cultures,1
reversal,1
artifice,1
coupling,1
routledge,1
cess,1
transfigure,1
resentment,1
teenager,1
believe,1
ivory,1
celebratory,1
nality,1
buddhist,1
maneuvering,1
restrictive,1
bifurcated,1
intuits,1
expense,1
donaldson,1
wealthy,1
dated,1
lies,1
civic,1
scenario,1
tenderness,1
domestic,1
returns,1
emphasis,1
eventually,1
ideological,1
starry,1
feeler,1
brothers,1
motion,1
job,1
grey,1
conflating,1
propensity,1
doubling,1
privileged,1
embodiment,1
lawk,1
audience,1
separating,1
choosing,1
manifesting,1
spasms,1
cities,1
going,1
innumerable,1
pour,1
caduceus,1
scores,1
advances,1
risky,1
uterary,1
person,1
excesses,1
hint,1
catalogue,1
prescribing,1
despises,1
sado,1
humiuation,1
brakemen,1
cal,1
andyuri,1
knows,1
didn,1
born,1
trademark,1
game,1
according,1
witch,1
ethnically,1
experi,1
ented,1
ironicauy,1
economy,1
condemning,1
communicate,1
affirm,1
objectivity,1
maugned,1
citizenry,1
whether,1
farnily,1
wc,1
twisted,1
expres,1
stance,1
rebellion,1
tiauy,1
amal,1
nearby,1
metaphor,1
maintain,1
sus,1
juxtaposed,1
plete,1
negated,1
monster,1
biting,1
loved,1
forma,1
succumb,1
repetitive,1
whitens,1
correlates,1
periphery,1
mandated,1
finauze,1
gestures,1
boys,1
birthday,1
defying,1
apartment,1
alcohol,1
phenomena,1
virginia,1
kaleidoscope,1
feminized,1
sordid,1
categories,1
signify,1
millions,1
grand,1
garbage,1
middle,1
posi,1
football,1
unreasonable,1
popular,1
spaces,1
streaks,1
hindsight,1
crown,1
pants,1
cares,1
neck,1
ritually,1
owner,1
agent,1
entire,1
feat,1
reify,1
pain,1
ruled,1
screens,1
reported,1
ancestral,1
ohio,1
boiler,1
raucous,1
config,1
show,1
pre,1
prevalent,1
pat,1
november,1
easy,1
buy,1
metonymic,1
nothingness,1
rigid,1
substance,1
vast,1
garde,1
recounts,1
jun,1
umi,1
structured,1
demanding,1
surro,1
divided,1
accentuate,1
freer,1
using,1
untouchable,1
allows,1
isolated,1
vocal,1
definitions,1
fine,1
aspect,1
think,1
paula,1
gesture,1
tions,1
hungry,1
exempufies,1
come,1
chaste,1
charlie,1
produce,1
indiana,1
question,1
mockery,1
devoted,1
understandings,1
heen,1
finn,1
yells,1
invisible,1
invasion,1
birth,1
tether,1
editor,1
prophesies,1
deify,1
breed,1
mouths,1
girlhugging,1
conditions,1
institutional,1
rator,1
national,1
fulfillment,1
jazz,1
iswolsky,1
completed,1
harm,1
wears,1
mantelpiece,1
urnit,1
fecundity,1
include,1
fered,1
newly,1
integrated,1
land,1
realism,1
ghettos,1
d,1
socially,1
tackles,1
need,1
green,1
evidence,1
instilling,1
weep,1
unified,1
mas,1
mccampbeu,1
immediacy,1
doing,1
terribly,1
feua,1
association,1
laughter,1
howling,1
ships,1
sideshow,1
reformation,1
brunt,1
trickling,1
pid,1
identifica,1
dissent,1
cert,1
peted,1
anus,1
curl,1
ated,1
trigger,1
virginal,1
passages,1
distinctions,1
struggles,1
auen,1
gerated,1
carnivalesque,1
urbane,1
drunk,1
huckleberry,1
commodity,1
mater,1
negotiate,1
objects,1
buffoon,1
pontic,1
sits,1
create,1
pulses,1
mutilated,1
ownership,1
evi,1
vagaries,1
unking,1
fiued,1
strong,1
whenever,1
recent,1
resist,1
beings,1
cross,1
should,1
deficiency,1
meeting,1
conclu,1
tus,1
kisses,1
jealous,1
ukening,1
lucian,1
super,1
embraces,1
spe,1
emasculinization,1
extolled,1
indeterminacy,1
gold,1
elegance,1
hypothesis,1
