WORDCOUNTS,WEIGHT
the,117
of,96
and,65
to,52
love,41
a,40
in,38
her,34
that,33
as,30
s,26
cook,25
is,21
with,19
by,17
this,16
an,15
for,13
she,12
writing,12
poetry,11
lover,11
but,10
these,10
its,10
which,9
poems,8
at,7
it,7
poets,7
or,7
more,7
i,7
has,7
language,7
does,6
discourse,6
not,6
written,6
reading,6
be,6
subject,6
writer,6
between,6
without,5
been,5
english,5
two,5
guru,5
passion,5
readings,5
are,5
from,5
some,5
writers,5
most,5
beloved,5
story,5
have,5
canadian,5
so,5
connections,5
me,4
gunnars,4
their,4
livesay,4
university,4
neither,4
eros,4
first,4
only,4
aravamudan,4
all,4
book,4
desire,4
because,4
marlatt,4
upon,4
reader,4
narrator,4
demonstrates,4
such,4
like,4
works,4
carson,4
nor,4
text,4
texts,4
lo,3
o,3
lovers,3
absence,3
way,3
l,3
turns,3
they,3
brand,3
one,3
he,3
study,3
about,3
yet,3
any,3
n,3
tongue,3
many,3
down,3
smart,3
out,3
ph,3
merely,3
never,3
further,3
dorothy,3
form,3
touch,3
prowler,3
while,3
halfe,3
r,3
work,3
both,3
women,3
identity,3
representation,3
own,3
g,3
mode,3
markotic,3
confessional,3
poetic,3
on,3
highly,3
lesbian,3
presence,3
core,3
y,3
among,3
what,3
may,2
go,2
erotic,2
various,2
his,2
indeed,2
represent,2
critical,2
canada,2
seemingly,2
why,2
often,2
ways,2
makes,2
wanted,2
younger,2
into,2
organized,2
louise,2
series,2
must,2
experience,2
begins,2
being,2
deferred,2
powerful,2
beyond,2
social,2
especially,2
long,2
also,2
barthes,2
might,2
others,2
different,2
explores,2
allusive,2
together,2
borders,2
derrida,2
reform,2
narrative,2
particularly,2
personal,2
religion,2
contemporary,2
passionate,2
readers,2
affair,2
harness,2
lacan,2
reviews,2
within,2
context,2
case,2
kristeva,2
however,2
perhaps,2
foundational,2
religiosity,2
nicole,2
larger,2
chapter,2
another,2
when,2
suggests,2
object,2
dionne,2
subjectivity,2
insight,2
writings,2
leads,2
disparate,2
through,2
press,2
herself,2
gender,2
contains,2
aims,2
questions,2
central,2
daphne,2
than,2
project,2
quality,2
meanings,2
my,2
since,2
opens,2
jacques,2
write,2
although,2
effects,2
orientalism,2
theorists,2
self,2
life,2
problems,2
race,2
poem,2
boundaries,2
structure,2
explore,2
up,2
ira,2
even,2
universalism,2
positioning,2
political,2
passive,2
nations,1
including,1
will,1
democracy,1
syntax,1
now,1
excavate,1
led,1
bernice,1
topic,1
releases,1
referent,1
kristjana,1
underground,1
appropriation,1
barbour,1
arrangement,1
adequate,1
owes,1
responsiveness,1
situate,1
back,1
grammar,1
comment,1
punitive,1
marrow,1
inhabits,1
declared,1
brandeis,1
card,1
statements,1
if,1
observers,1
sometimes,1
pushes,1
amatory,1
logically,1
stratagems,1
how,1
commitment,1
program,1
concern,1
career,1
landscape,1
appreciate,1
concomitants,1
exists,1
chapters,1
female,1
kristiana,1
naively,1
process,1
rather,1
multilingual,1
oblique,1
noun,1
community,1
establishes,1
over,1
coercion,1
transidiomatic,1
says,1
make,1
plotz,1
obliquely,1
mouth,1
pernicious,1
connect,1
identifies,1
blending,1
transformation,1
idiosyncratic,1
inadequate,1
group,1
interesting,1
shree,1
discover,1
frames,1
complex,1
letter,1
ix,1
compromises,1
remembering,1
regionalism,1
answering,1
pp,1
blurring,1
colonialist,1
fighting,1
distant,1
inscribe,1
closure,1
joyously,1
once,1
linkages,1
coherence,1
imply,1
moreover,1
embodies,1
criticism,1
forgotten,1
experiences,1
rajneesh,1
infinitely,1
fascinating,1
debunkers,1
enclosure,1
conflates,1
exuberance,1
category,1
easily,1
paragraphs,1
complacencies,1
read,1
colonizing,1
paradox,1
romantic,1
modern,1
rammohun,1
serve,1
overwritten,1
praise,1
under,1
considered,1
contention,1
greeks,1
disastrous,1
fixed,1
necessarily,1
duplicitous,1
symptomatic,1
included,1
tactless,1
limitation,1
bit,1
rarely,1
ambitious,1
then,1
thinking,1
liberal,1
sum,1
compassionate,1
unproblematically,1
culture,1
feels,1
assumption,1
following,1
accomplishments,1
impulse,1
mirage,1
passions,1
metaphor,1
princeton,1
complexity,1
transcends,1
uncovers,1
radiant,1
grand,1
situations,1
age,1
four,1
intentions,1
disturbances,1
theosophistry,1
achieves,1
continues,1
revenge,1
either,1
decidedly,1
bhagwan,1
fill,1
pleasure,1
alludes,1
fellow,1
every,1
actually,1
provide,1
unrepresentability,1
imprecise,1
galvanizing,1
container,1
dispossession,1
connection,1
inheritances,1
french,1
unifies,1
skill,1
discovers,1
set,1
confound,1
inflected,1
metaphysical,1
important,1
stan,1
passed,1
strategy,1
again,1
ontario,1
attempt,1
encouraged,1
body,1
conceived,1
script,1
straightforwardly,1
articulate,1
curtails,1
beautiful,1
emerged,1
image,1
ourselves,1
glimpsed,1
poetically,1
endurance,1
descriptive,1
metaphorically,1
seems,1
nature,1
expressed,1
impelling,1
hatred,1
problem,1
steven,1
engaged,1
urgency,1
towards,1
speechlessness,1
retrospection,1
longer,1
unrepresentable,1
lack,1
betrayal,1
introduce,1
consideration,1
exploration,1
nothing,1
believe,1
absent,1
fulfills,1
collapsing,1
correlative,1
fabrication,1
best,1
could,1
broadly,1
critic,1
ardently,1
creative,1
search,1
display,1
bestows,1
merging,1
universal,1
differences,1
discrete,1
cures,1
roland,1
post,1
textuality,1
modestly,1
effort,1
suppressed,1
lived,1
vibrant,1
recognize,1
break,1
vulnerability,1
metaphorical,1
xiii,1
new,1
link,1
litanic,1
john,1
concludes,1
justification,1
very,1
asserting,1
end,1
visits,1
historical,1
nationalism,1
man,1
communicates,1
there,1
discussed,1
believer,1
anne,1
disruptive,1
secretly,1
last,1
outside,1
accurately,1
traversed,1
confers,1
precisely,1
concepts,1
hastens,1
meant,1
formations,1
ground,1
tales,1
current,1
yokes,1
available,1
satire,1
game,1
impinge,1
operating,1
conventional,1
somewhat,1
investigation,1
approximations,1
them,1
implicit,1
whether,1
symbols,1
foremothers,1
answer,1
theoretical,1
desires,1
simulacrum,1
want,1
evaluation,1
necessary,1
grounds,1
takes,1
map,1
showing,1
amorous,1
chronologically,1
writes,1
seminars,1
roy,1
assault,1
multiculturalism,1
assertions,1
method,1
capacity,1
gives,1
wept,1
dreamers,1
remarkably,1
vigilant,1
discontent,1
bitterly,1
great,1
parts,1
addresses,1
failure,1
well,1
trade,1
autobiography,1
account,1
original,1
demands,1
designation,1
basis,1
intends,1
possible,1
julia,1
politics,1
understanding,1
line,1
glue,1
diverse,1
extended,1
discussion,1
certain,1
progress,1
jubilance,1
hungry,1
douglas,1
originary,1
powers,1
rendered,1
phenomena,1
bodies,1
discovery,1
explanation,1
blue,1
level,1
carries,1
renders,1
limitations,1
careful,1
bittersweet,1
fine,1
future,1
fallen,1
hindu,1
defied,1
given,1
unhinged,1
part,1
x,1
purpose,1
far,1
overflow,1
denial,1
content,1
manifestations,1
proselytizing,1
anticipated,1
overwrought,1
negotiation,1
opportunity,1
endeavour,1
elizabeth,1
listener,1
ten,1
wound,1
formula,1
entirely,1
infatuation,1
capably,1
everything,1
whole,1
use,1
matches,1
substance,1
overview,1
along,1
kingston,1
freedom,1
consistently,1
concept,1
force,1
station,1
puns,1
here,1
fullfledged,1
autobiographical,1
immediately,1
mention,1
exceptionally,1
people,1
accomplishment,1
densely,1
increasingly,1
conflicted,1
dragland,1
postcolonial,1
paradoxes,1
thus,1
jouissance,1
continue,1
disperses,1
throughout,1
come,1
chosen,1
full,1
away,1
statement,1
novels,1
prescriptive,1
theories,1
nevertheless,1
achieving,1
montreal,1
obliged,1
breaks,1
confession,1
gently,1
breaching,1
unable,1
argues,1
breakdown,1
verb,1
reveals,1
explorations,1
challenging,1
discovered,1
engender,1
backgrounds,1
constantly,1
three,1
objective,1
against,1
analyzing,1
fullness,1
national,1
author,1
finally,1
subtle,1
essay,1
interest,1
doomed,1
tactical,1
interpret,1
intercepted,1
sat,1
identify,1
course,1
moment,1
mixed,1
individual,1
instead,1
times,1
detached,1
occurs,1
external,1
caribbean,1
critics,1
need,1
obstructed,1
overt,1
living,1
unified,1
constellation,1
occasionally,1
him,1
revolution,1
connected,1
stage,1
involve,1
maliciously,1
poet,1
involving,1
unjustifiable,1
order,1
off,1
after,1
turn,1
connects,1
sexuality,1
owned,1
sharp,1
black,1
adolescent,1
claim,1
provides,1
legacy,1
event,1
involved,1
around,1
curtailing,1
class,1
opening,1
adjectivally,1
began,1
rushdie,1
offered,1
scrambles,1
fraught,1
few,1
rubrics,1
subjects,1
admitting,1
nationality,1
resists,1
negotiates,1
revealing,1
ear,1
settler,1
offering,1
generic,1
holds,1
locutions,1
insists,1
reads,1
shaviro,1
acrimony,1
distinguished,1
agree,1
confidently,1
categorized,1
loving,1
can,1
engages,1
rupture,1
find,1
always,1
partial,1
perfunctory,1
claiming,1
speaker,1
trajectory,1
severely,1
sheer,1
divergent,1
actors,1
world,1
irony,1
ends,1
grace,1
confronting,1
violence,1
inquiries,1
drew,1
seduction,1
alberta,1
protagonist,1
remarkable,1
general,1
finds,1
cultural,1
workings,1
unrelated,1
widely,1
inheritance,1
major,1
examines,1
symbiotic,1
indeterminacy,1
looking,1
barter,1
hypothesis,1
