WORDCOUNTS,WEIGHT
the,572
of,312
and,217
in,184
to,145
is,144
love,117
a,114
that,97
it,96
not,77
poem,75
version,69
be,68
clough,63
for,57
i,56
this,53
with,53
first,52
reason,50
as,49
s,47
his,46
or,46
but,44
he,38
if,35
was,35
yet,35
by,34
one,32
which,31
at,29
earthly,27
are,27
when,27
may,27
more,27
heavenly,25
so,25
has,24
will,24
an,23
published,23
versions,23
third,22
on,22
all,21
poet,21
these,21
from,21
its,20
only,20
do,20
lines,20
have,19
than,17
no,17
had,17
experience,16
about,16
him,16
what,16
letter,15
even,15
most,15
sympathy,15
there,14
some,14
say,14
my,14
esteem,14
high,14
we,14
although,14
those,13
marriage,13
their,13
soul,13
line,13
second,13
two,13
new,13
made,13
been,13
who,13
true,12
last,12
admiration,12
heart,12
three,12
must,12
poems,12
they,11
fourth,11
l,11
halo,11
make,11
thought,11
clear,11
poetic,11
you,11
itself,11
her,11
should,11
such,10
too,10
shall,10
cannot,10
however,10
description,10
day,10
tis,10
vision,10
then,10
did,10
problem,10
dream,10
much,10
would,9
rather,9
still,9
above,9
choice,9
were,9
moral,9
impersonal,9
very,9
burbidge,9
now,8
passion,8
exist,8
thou,8
same,8
personal,8
here,8
early,8
vulgar,8
o,7
ms,7
before,7
hues,7
other,7
within,7
jr,7
nor,7
general,7
though,7
clearly,7
appear,7
out,7
late,7
reader,7
whole,7
good,7
intellectualized,7
mulhauser,7
frederick,7
again,7
longer,7
upon,7
can,7
me,7
sure,7
thy,7
passage,7
whether,7
die,7
our,7
argument,7
bliss,7
truth,6
contented,6
certainly,6
might,6
written,6
thus,6
deed,6
obscure,6
ply,6
weak,6
four,6
because,6
well,6
tune,6
things,6
rest,6
wrote,6
also,6
end,6
arthur,6
where,6
less,6
discussion,6
bitter,6
dry,6
fancy,6
nerves,6
any,6
know,6
er,6
prudence,6
donkin,6
question,6
between,6
said,5
reasons,5
revisions,5
take,5
conception,5
poetry,5
perfect,5
rejoice,5
certain,5
send,5
tho,5
further,5
let,5
heaven,5
appears,5
none,5
brought,5
f,5
letters,5
hugh,5
us,5
idea,5
time,5
never,5
full,5
after,5
eyes,5
decision,5
sublimed,5
sound,5
each,5
seem,5
loyalty,5
glory,5
voice,5
through,5
marry,5
accept,5
themselves,5
ending,4
college,4
hawtrey,4
completely,4
spirit,4
wilt,4
being,4
emotion,4
mind,4
oriel,4
possible,4
mental,4
human,4
express,4
consideration,4
unpublished,4
occurs,4
ease,4
kind,4
thing,4
higher,4
madden,4
how,4
earlier,4
changes,4
praise,4
river,4
desirability,4
duly,4
used,4
prized,4
opal,4
giver,4
hard,4
sake,4
small,4
june,4
lyrics,4
wait,4
once,4
faltering,4
light,4
fain,4
mingling,4
succeeding,4
angels,4
hand,4
answer,4
material,4
understanding,4
intent,4
loftier,4
stilted,4
previous,4
office,4
faith,4
expostulating,4
she,4
lot,4
stream,4
fear,4
pleading,4
life,4
sections,4
phrasing,4
different,4
deem,4
wot,4
past,4
making,4
particular,4
november,4
think,4
exhalation,4
finally,4
brook,4
shod,4
pulses,4
seek,4
successive,4
difficult,3
does,3
done,3
way,3
later,3
meaning,3
breathe,3
determine,3
alone,3
commingling,3
word,3
h,3
conscious,3
smile,3
sting,3
thrill,3
j,3
tutor,3
twenty,3
together,3
composition,3
intuitive,3
gifts,3
interfuse,3
variations,3
lyric,3
desirable,3
himself,3
beneath,3
lover,3
married,3
professor,3
attested,3
treasure,3
daman,3
blame,3
back,3
young,3
wholly,3
thin,3
look,3
sighs,3
hardly,3
glad,3
longing,3
critics,3
without,3
bring,3
phosphoric,3
importance,3
pleasures,3
finer,3
bad,3
wherewith,3
section,3
edition,3
oercast,3
thee,3
instrument,3
vine,3
shun,3
blest,3
moving,3
whom,3
found,3
moon,3
steaming,3
changed,3
revd,3
base,3
glorifying,3
rugby,3
accurately,3
unison,3
meet,3
hath,3
memory,3
london,3
foreboding,3
gave,3
tale,3
beginnings,3
won,3
solution,3
irrevocable,3
involved,3
blessings,3
up,3
urania,3
various,3
bred,3
gift,3
etc,3
whatever,3
modes,3
decisions,3
bread,3
oxford,3
criticism,3
soon,3
god,3
included,3
home,3
dropped,3
already,3
friend,3
fill,3
successfully,3
zest,3
addition,3
many,3
beauteous,3
come,3
imperfect,3
man,3
great,3
present,3
dance,3
deep,3
delicious,3
original,3
hear,3
including,3
use,3
food,3
unfortunately,3
bed,3
processes,3
beggarly,3
become,3
methinks,3
fallacy,3
men,3
quick,3
therewithal,3
relation,3
seeking,3
hope,3
panting,3
seasons,3
chance,3
vague,3
twain,3
transmuting,3
superseding,3
beasts,3
shadow,3
commeasured,3
set,3
blent,3
sheep,3
best,3
particularly,3
better,3
quiver,3
extatic,3
add,3
statement,3
writes,3
another,3
suggests,3
strain,3
pain,3
tremulous,3
wrought,3
years,3
quidam,3
frame,3
instead,3
exceeding,3
seeks,3
speak,3
comparison,3
substitute,3
shyly,3
yesterday,3
substantial,3
cross,3
e,2
rhine,2
unsatisfactory,2
english,2
oerspreading,2
fly,2
modern,2
into,2
lowry,2
accent,2
eye,2
revision,2
december,2
either,2
every,2
preceding,2
triplets,2
rested,2
feeling,2
attempt,2
worked,2
prelusive,2
dreams,2
nature,2
attractive,2
aesthetic,2
unto,2
help,2
side,2
mortal,2
holly,2
robes,2
move,2
fine,2
x,2
winning,2
language,2
development,2
since,2
afterthought,2
divine,2
regarded,2
heightened,2
humbler,2
smiling,2
weaknesses,2
unity,2
differently,2
flutter,2
slave,2
left,2
erst,2
beat,2
spite,2
tones,2
apparently,2
loquitur,2
failed,2
erotic,2
recognized,2
astronomy,2
doctrine,2
tennysonian,2
kine,2
leave,2
scales,2
bosom,2
lay,2
feel,2
expressing,2
precious,2
means,2
win,2
university,2
consider,2
possibly,2
sorts,2
retained,2
considerations,2
amid,2
just,2
rejoices,2
show,2
acknowledges,2
commented,2
follow,2
barring,2
bestial,2
important,2
expressed,2
came,2
questioned,2
could,2
six,2
hands,2
p,2
speaker,2
initial,2
meditation,2
sword,2
sentence,2
your,2
method,2
gods,2
oh,2
having,2
diction,2
work,2
overlying,2
rocks,2
sanction,2
part,2
problemize,2
caught,2
year,2
place,2
waterless,2
soulless,2
squintiments,2
subtly,2
contains,2
device,2
canto,2
own,2
lips,2
simpkinson,2
earth,2
change,2
least,2
sense,2
next,2
order,2
specifically,2
around,2
soil,2
impossible,2
seed,2
st,2
rhone,2
am,2
seemed,2
therefore,2
led,2
matter,2
indeed,2
clarifies,2
southern,2
betray,2
ambarvalia,2
estranging,2
seraph,2
pp,2
under,2
cod,2
culture,2
skin,2
veritable,2
volume,2
beamy,2
pointed,2
conceived,2
added,2
savilian,2
fact,2
lack,2
john,2
doubt,2
serious,2
forms,2
enough,2
ground,2
see,2
perhaps,2
vapours,2
admits,2
abide,2
alas,2
heath,2
ideas,2
actual,2
nothing,2
examination,2
stay,2
trust,2
prelude,2
described,2
significance,2
ah,2
lady,2
keep,2
like,2
played,2
distinction,2
thomas,2
behest,2
untangle,2
flame,2
successful,2
learn,2
implication,2
personification,2
verses,2
relationship,2
note,2
wisdom,2
bye,2
favour,2
slow,2
becomes,2
seen,2
worse,2
understand,2
indicate,2
why,2
analysis,2
blood,2
fall,2
united,2
changing,2
theme,2
known,2
implied,2
useful,2
offers,2
majestic,2
over,2
deceive,2
half,2
gives,2
ff,2
build,2
instant,2
concrete,2
turned,2
beginning,2
quiet,2
answered,2
muse,2
them,2
terms,2
maturing,2
almost,2
art,2
both,2
stern,2
peace,2
little,2
joining,2
song,2
appointed,2
pray,2
drafts,2
catch,2
perchance,2
need,2
evidence,2
obscurity,2
twere,2
betide,2
reorganized,2
twas,2
offered,2
news,2
clarify,2
given,2
immediately,2
whate,2
close,2
eyne,1
formulated,1
thwarted,1
doubts,1
exacts,1
dies,1
sussex,1
common,1
concerned,1
rev,1
heterogeneously,1
retreated,1
created,1
deserve,1
counsel,1
fingers,1
legitimate,1
wreathes,1
poorer,1
mountains,1
notably,1
sphere,1
dogmatic,1
sympathetic,1
enables,1
whereof,1
likely,1
unmodified,1
erlying,1
genius,1
nerve,1
weaker,1
acceptance,1
earnest,1
position,1
justified,1
minor,1
holding,1
faded,1
unremorseful,1
commenceth,1
remedy,1
something,1
track,1
uplifting,1
amongst,1
hoping,1
test,1
file,1
warns,1
cast,1
gossip,1
fytte,1
natures,1
beneficial,1
please,1
hence,1
long,1
li,1
expands,1
jackson,1
distinguishing,1
voices,1
finger,1
serenest,1
originally,1
constable,1
fingering,1
astrea,1
unwomanly,1
yours,1
pictured,1
season,1
sunday,1
anywhere,1
beautiful,1
england,1
seems,1
altering,1
words,1
definition,1
thereupon,1
company,1
inconclusiveness,1
buttonhole,1
succeeds,1
warm,1
generalize,1
baffling,1
estimation,1
short,1
accumulated,1
follows,1
verbal,1
transferred,1
moderns,1
harriet,1
thanks,1
closer,1
scheme,1
byhim,1
festivities,1
unadorned,1
real,1
faithful,1
unbends,1
emphasized,1
precisely,1
mr,1
raised,1
indulgence,1
somewhat,1
signs,1
case,1
evaluation,1
fortune,1
takes,1
twixt,1
existence,1
suspect,1
alfred,1
east,1
task,1
retain,1
cares,1
spake,1
pleasant,1
solely,1
hiatus,1
magazine,1
intellectualism,1
rid,1
erspreading,1
vanity,1
point,1
far,1
classics,1
sent,1
considerably,1
representing,1
unhappy,1
sweet,1
eroticophilosophica,1
cursory,1
corresponding,1
signal,1
mid,1
succeed,1
tribute,1
central,1
organised,1
throughout,1
bracketed,1
andtmental,1
republished,1
difficulties,1
ethical,1
run,1
recasting,1
curse,1
de,1
told,1
interest,1
lectures,1
ut,1
ability,1
sickly,1
moment,1
application,1
cf,1
pig,1
expected,1
tennyson,1
placid,1
old,1
coarser,1
places,1
person,1
refer,1
lempriere,1
highest,1
sonnet,1
holds,1
unwifely,1
wiser,1
compared,1
clergyman,1
ness,1
misleading,1
inadequately,1
powerfully,1
overwhelmed,1
curate,1
toil,1
sun,1
perplexing,1
graced,1
occasion,1
acknowledge,1
infinite,1
according,1
stanley,1
summer,1
theoretic,1
everlasting,1
poor,1
interesting,1
disparaged,1
indissolubly,1
whose,1
genuinely,1
unhappily,1
betterment,1
act,1
generations,1
adds,1
loquiturs,1
strictly,1
wholeheartedly,1
provocation,1
presentation,1
sunniest,1
myself,1
bond,1
conceptions,1
represented,1
abstraction,1
determining,1
risk,1
heard,1
eight,1
interposed,1
parts,1
hearing,1
reorganizing,1
ix,1
allegory,1
possess,1
elaborate,1
lacking,1
adept,1
distant,1
moreover,1
risks,1
howe,1
suffice,1
editing,1
determination,1
mrs,1
favor,1
revising,1
improvement,1
pomona,1
harder,1
organized,1
bit,1
presumably,1
proved,1
n,1
attain,1
traces,1
euclid,1
advancing,1
refaccimento,1
pegasus,1
experienced,1
yea,1
store,1
shorter,1
powerful,1
undertaken,1
problems,1
newfashioned,1
harps,1
willing,1
shifted,1
schoolmates,1
m,1
suggested,1
cut,1
subject,1
ear,1
fluid,1
artistic,1
greater,1
talking,1
opening,1
result,1
pastoral,1
acceptable,1
esq,1
walk,1
bearing,1
appearance,1
called,1
color,1
accents,1
deal,1
demands,1
countenance,1
issue,1
pass,1
isle,1
philosophical,1
representative,1
academic,1
wed,1
companion,1
equally,1
fancies,1
furthermore,1
understood,1
informed,1
hollowness,1
profited,1
ercast,1
symbols,1
attractiveness,1
chimes,1
younger,1
otherwise,1
placed,1
verse,1
singly,1
priore,1
required,1
find,1
eager,1
wide,1
sacrifice,1
near,1
possibility,1
sustenance,1
expressions,1
twod,1
failure,1
pigs,1
basis,1
distinguish,1
degrees,1
pubone,1
unworthy,1
probably,1
scope,1
steep,1
emphasis,1
preferred,1
stake,1
tratelled,1
example,1
marvel,1
knowledge,1
calls,1
clearer,1
related,1
anew,1
ck,1
supreme,1
versionthe,1
got,1
lovely,1
insert,1
couched,1
fail,1
during,1
literally,1
unmistakable,1
bits,1
doors,1
away,1
bid,1
philosophically,1
regulator,1
sicily,1
deeply,1
mortals,1
whereto,1
week,1
strengthened,1
assiduous,1
mari,1
goldie,1
sic,1
tone,1
composite,1
codice,1
working,1
field,1
responsibility,1
talked,1
cometh,1
contrast,1
sharp,1
unorthodox,1
night,1
several,1
sufficient,1
chorus,1
altered,1
highly,1
choose,1
guernsey,1
grow,1
unconfest,1
observe,1
choosing,1
distinguished,1
chooseth,1
unfortunate,1
futility,1
patience,1
richness,1
progress,1
wife,1
world,1
transmuted,1
heavenlylove,1
notes,1
confidant,1
gross,1
dam,1
waiting,1
leah,1
survived,1
phrased,1
outworn,1
eternal,1
portion,1
musically,1
referent,1
noteworthy,1
roughness,1
redux,1
implications,1
lays,1
ensign,1
fitly,1
fortunately,1
inadequacy,1
logically,1
imagery,1
labeled,1
amours,1
plans,1
return,1
accepting,1
acknowledged,1
brief,1
forward,1
etcetera,1
starve,1
comments,1
strife,1
standing,1
greed,1
single,1
illuminating,1
sidgwick,1
omits,1
wherefore,1
simultaneous,1
edited,1
intuitively,1
thursday,1
makes,1
read,1
instantly,1
residence,1
serve,1
sounds,1
seeing,1
norrington,1
din,1
clarified,1
falls,1
replying,1
action,1
excellence,1
largest,1
emotional,1
bridal,1
increasingly,1
double,1
inly,1
angel,1
law,1
omission,1
figure,1
mark,1
purely,1
others,1
rejects,1
water,1
sing,1
fundamental,1
lovelier,1
professed,1
punctuation,1
striking,1
utilizing,1
wedded,1
appeared,1
afraid,1
wine,1
abstract,1
attempting,1
forces,1
maddened,1
inevitably,1
enable,1
really,1
interfuses,1
beg,1
warning,1
uncle,1
emphatically,1
everything,1
joys,1
conclusions,1
took,1
consciously,1
v,1
derivative,1
stalking,1
sadly,1
nought,1
accepted,1
fibre,1
duties,1
necessary,1
conviction,1
woman,1
angelic,1
confession,1
compelled,1
oxymoron,1
conceivably,1
free,1
mill,1
ibid,1
hesitate,1
meaningful,1
diverse,1
casual,1
oil,1
survive,1
skepticism,1
examples,1
fitful,1
completed,1
virgin,1
sober,1
vapour,1
avoids,1
snakes,1
contemplate,1
greet,1
sensuous,1
illumination,1
genial,1
entirely,1
expression,1
affection,1
phrases,1
emphasize,1
causes,1
satisfactorily,1
questions,1
bodied,1
sees,1
nightmare,1
srest,1
sapient,1
dismissed,1
vii,1
low,1
afterward,1
banish,1
philology,1
astronomer,1
consult,1
discussed,1
ceasing,1
ere,1
points,1
peter,1
co,1
august,1
rationalized,1
pride,1
revised,1
fellow,1
hurstmonceaux,1
refuseth,1
miracle,1
course,1
filled,1
standard,1
subtlest,1
loseth,1
latter,1
spent,1
finite,1
remember,1
honorary,1
comparing,1
magno,1
systems,1
trying,1
querulously,1
study,1
often,1
accordant,1
postmarked,1
wise,1
correction,1
vulgarly,1
exactly,1
mainly,1
effect,1
sentiments,1
james,1
confusing,1
vide,1
wod,1
astonishing,1
bosoms,1
macmillan,1
save,1
exchanging,1
confesses,1
ghostly,1
completes,1
conveyed,1
attention,1
wert,1
emily,1
heliconian,1
ranging,1
dealing,1
entitled,1
carried,1
rachel,1
indication,1
speculate,1
suggestion,1
imply,1
today,1
grammar,1
usually,1
five,1
foreign,1
guests,1
banter,1
testing,1
erstwhile,1
reasonable,1
begin,1
versionlet,1
saith,1
success,1
bears,1
force,1
began,1
effectively,1
hopeful,1
requests,1
settled,1
reconsider,1
methods,1
specious,1
inferior,1
sage,1
composed,1
mother,1
metrical,1
face,1
beaming,1
confessed,1
rationalize,1
meant,1
considered,1
mathematically,1
suggestions,1
seriously,1
associated,1
terrible,1
following,1
morning,1
lished,1
throw,1
simply,1
struck,1
ever,1
characteristics,1
braunston,1
willingness,1
plea,1
quickly,1
drowned,1
supposed,1
partner,1
infra,1
tunes,1
paper,1
elspie,1
descriptions,1
worth,1
expanding,1
simpkinsonu,1
connection,1
accustomed,1
ft,1
distraction,1
down,1
domestic,1
feed,1
newman,1
expresses,1
grind,1
speculation,1
perfectly,1
inference,1
living,1
february,1
merely,1
clarity,1
dismissing,1
vicar,1
confess,1
william,1
born,1
wit,1
investigation,1
implicit,1
degree,1
cause,1
despite,1
hoped,1
manuscripts,1
mere,1
mathematics,1
apropos,1
while,1
undo,1
require,1
osborne,1
strings,1
ideal,1
size,1
fourteen,1
practic,1
presented,1
circumstances,1
recognition,1
affecting,1
timely,1
introduced,1
preferable,1
wedding,1
leicester,1
content,1
bothie,1
became,1
sounding,1
giving,1
etis,1
intended,1
thankful,1
maddening,1
extended,1
vapor,1
arguments,1
connotation,1
mention,1
writing,1
gain,1
voyage,1
coming,1
pair,1
morn,1
prepared,1
suppressed,1
named,1
false,1
acceptability,1
breaks,1
considering,1
touch,1
authorized,1
reveals,1
rationalization,1
wis,1
write,1
melius,1
brain,1
insight,1
vibrate,1
grown,1
define,1
ll,1
levy,1
clearest,1
thoughtful,1
anatomical,1
off,1
walking,1
remains,1
shift,1
twentythree,1
charles,1
wondered,1
evoked,1
intensely,1
passages,1
c,1
rejection,1
hills,1
supporter,1
hymn,1
reaps,1
corn,1
impress,1
grace,1
tired,1
daughter,1
glorified,1
termed,1
jealous,1
draft,1
occur,1
pellegrino,1
