WORDCOUNTS,WEIGHT
the,171
of,111
a,107
and,70
in,63
to,62
is,33
or,33
s,31
as,26
persephone,22
that,20
her,20
it,19
mother,19
i,19
demeter,17
on,17
like,15
dove,14
one,14
not,13
this,13
l,12
myth,12
but,12
for,12
an,12
at,11
she,11
can,11
are,10
love,9
book,9
me,8
you,8
sonnets,8
goddess,8
hell,8
daughter,8
poem,8
be,8
we,8
who,7
with,7
was,7
out,7
island,7
next,7
hades,7
no,6
into,6
by,6
first,6
rita,6
crone,6
without,5
red,5
then,5
from,5
more,5
also,5
all,5
other,5
new,5
there,5
what,5
some,5
narcissus,5
poet,5
black,5
graves,5
abduction,5
d,5
o,4
h,4
makes,4
poets,4
title,4
just,4
same,4
women,4
only,4
abducted,4
again,4
over,4
down,4
search,4
time,4
line,4
mothers,4
poems,4
knowledge,4
few,4
between,4
become,4
c,4
though,4
things,3
go,3
chains,3
flower,3
heroes,3
begin,3
foreword,3
witness,3
white,3
once,3
statistic,3
repeat,3
us,3
ancient,3
most,3
confusion,3
follow,3
t,3
stones,3
here,3
voices,3
ii,3
make,3
death,3
myths,3
each,3
many,3
eats,3
words,3
nothing,3
plot,3
bistro,3
feminist,3
robert,3
must,3
final,3
less,3
grief,3
styx,3
books,3
has,3
mysteries,3
shakespeare,3
such,3
son,3
reader,3
part,3
world,3
daughters,3
which,3
were,3
helen,3
times,3
him,3
turn,3
mourning,3
sojourn,3
keep,3
sonnet,3
deliberate,3
find,3
up,3
story,3
cycle,3
should,3
am,3
may,2
calm,2
he,2
hecate,2
moves,2
way,2
act,2
car,2
if,2
later,2
callaloo,2
its,2
five,2
octave,2
london,2
fear,2
return,2
myself,2
mean,2
alone,2
garden,2
afield,2
certain,2
echo,2
penguin,2
often,2
form,2
hull,2
racetrack,2
sestet,2
under,2
protection,2
fertility,2
seems,2
separate,2
descends,2
home,2
well,2
shifting,2
being,2
medea,2
volume,2
party,2
lead,2
whom,2
mirrors,2
sometimes,2
might,2
appear,2
had,2
abandonment,2
deities,2
sing,2
seem,2
could,2
tradition,2
xii,2
prayer,2
sacrifice,2
seven,2
children,2
classical,2
number,2
survey,2
real,2
going,2
works,2
left,2
ground,2
knows,2
pitch,2
speaker,2
lines,2
seasonal,2
core,2
yield,2
dying,2
reprieve,2
source,2
rage,2
aspects,2
doubled,2
oo,2
die,2
baring,2
closed,2
mythic,2
both,2
remember,2
repetition,2
claim,2
through,2
herself,2
identity,2
turns,2
common,2
year,2
cashford,2
lights,2
older,2
sequence,2
human,2
vendler,2
underworld,2
versions,2
they,2
clear,2
against,2
have,2
accept,2
would,2
field,2
so,2
kind,2
did,2
family,2
life,2
small,2
queen,2
sentiment,2
back,2
birds,2
last,2
loosen,2
v,2
when,2
gloria,2
grain,2
among,2
than,2
la,2
sisters,2
phase,2
harvest,2
subversive,1
rift,1
try,1
smaller,1
pedigrees,1
european,1
will,1
inanna,1
consort,1
critical,1
italicized,1
ending,1
girl,1
foot,1
now,1
longing,1
twelve,1
originally,1
panicked,1
shit,1
nymph,1
flesh,1
deck,1
yellow,1
underground,1
wishes,1
plunders,1
york,1
triple,1
child,1
lawn,1
page,1
putrescence,1
kore,1
give,1
tourists,1
liminal,1
reiterates,1
various,1
wastes,1
meets,1
screaming,1
true,1
his,1
modernists,1
congress,1
reeds,1
commentary,1
foreign,1
goose,1
leading,1
spectacle,1
buy,1
across,1
centered,1
husband,1
sprout,1
steals,1
blackwomen,1
pomegranate,1
sizzling,1
pleasures,1
how,1
plath,1
aplomb,1
crafted,1
sort,1
baguette,1
fanfare,1
judging,1
wellknown,1
en,1
tonight,1
acknowledged,1
curious,1
fruit,1
realistically,1
widespread,1
plunges,1
whirl,1
worthy,1
scream,1
wound,1
abducts,1
brings,1
e,1
means,1
rather,1
ads,1
ploys,1
suggestion,1
aboveground,1
still,1
alternation,1
echoing,1
chucking,1
neighborhood,1
granted,1
render,1
heard,1
millennia,1
vii,1
overlap,1
eight,1
sweating,1
stride,1
similar,1
nest,1
speakers,1
amazonian,1
talk,1
counters,1
becoming,1
center,1
large,1
their,1
rites,1
american,1
sync,1
harvesters,1
neat,1
poodles,1
adamant,1
birthright,1
hate,1
direction,1
zeal,1
chariot,1
alleviates,1
bread,1
escape,1
possessive,1
cave,1
poppy,1
klieg,1
mad,1
food,1
recollections,1
fall,1
sister,1
hope,1
join,1
something,1
adoptive,1
live,1
library,1
oblivious,1
instructs,1
caps,1
picking,1
apples,1
eclectic,1
education,1
yet,1
lots,1
types,1
flaneusestreetwalker,1
apt,1
support,1
months,1
fascinating,1
sidewalks,1
permission,1
centrifugal,1
dizzy,1
mainly,1
easily,1
rider,1
susan,1
veiled,1
thought,1
parts,1
perdues,1
do,1
attis,1
council,1
sounds,1
vigor,1
odyssey,1
undoing,1
postmodern,1
considered,1
god,1
squeal,1
m,1
ideals,1
trace,1
isis,1
sheet,1
gilbert,1
claims,1
hag,1
neither,1
school,1
descent,1
recurrence,1
pose,1
neglected,1
autumnal,1
cannibalistic,1
hellish,1
ruinous,1
general,1
any,1
spoke,1
maybe,1
before,1
purgatorial,1
withers,1
girls,1
days,1
watch,1
aux,1
hillman,1
performed,1
windows,1
every,1
track,1
comes,1
series,1
recycling,1
hues,1
vol,1
gets,1
al,1
croissants,1
too,1
tempting,1
prevent,1
university,1
celeus,1
fearful,1
already,1
fearsome,1
debased,1
psyche,1
spit,1
poodle,1
redactors,1
castrol,1
experience,1
maiden,1
itself,1
hearth,1
round,1
tetes,1
speaking,1
ugly,1
symbolic,1
baby,1
exit,1
inconsolable,1
poor,1
beyond,1
bakery,1
hallmark,1
double,1
ll,1
sinks,1
obstacles,1
easing,1
sources,1
wrong,1
hence,1
street,1
long,1
nightclub,1
pink,1
falling,1
fire,1
priestesses,1
heel,1
preceding,1
name,1
tour,1
victorian,1
fertile,1
aspect,1
pervasive,1
hawk,1
negres,1
explain,1
set,1
hood,1
essays,1
ride,1
archeologists,1
evolution,1
eleusinian,1
mourn,1
journey,1
triad,1
figure,1
adapting,1
feeling,1
rossettis,1
season,1
attempt,1
varies,1
ask,1
encircling,1
puzzle,1
varied,1
been,1
conglomerate,1
mare,1
vows,1
compelled,1
bloomington,1
efforts,1
humblest,1
comedy,1
my,1
joyce,1
different,1
sparrows,1
pastoral,1
dumps,1
saves,1
arrayed,1
displacement,1
image,1
stories,1
location,1
alienation,1
pulled,1
abstain,1
frilly,1
endless,1
meadow,1
torture,1
broken,1
blown,1
critic,1
call,1
warm,1
bird,1
found,1
plucked,1
rebirth,1
desire,1
half,1
powerless,1
color,1
nights,1
fearless,1
universal,1
witnesses,1
attempting,1
plays,1
parcelling,1
doors,1
deserving,1
unknowingly,1
cannot,1
tales,1
chaste,1
strategic,1
scenes,1
diverse,1
bowlful,1
rooms,1
till,1
gray,1
epigraphs,1
seducers,1
chaff,1
chilling,1
junior,1
withering,1
enemy,1
gas,1
parisian,1
contemporary,1
eluding,1
eros,1
take,1
historical,1
golden,1
eat,1
acetylene,1
complete,1
pattern,1
undo,1
man,1
sumerian,1
itch,1
osiris,1
spinning,1
ancestry,1
pour,1
upscale,1
anne,1
tempted,1
term,1
vegetation,1
instant,1
forms,1
men,1
patterns,1
turned,1
enough,1
mocks,1
meter,1
further,1
companion,1
precisely,1
pure,1
plate,1
learn,1
fame,1
tenth,1
ham,1
erishkigal,1
born,1
informed,1
warnings,1
according,1
let,1
lull,1
caves,1
twice,1
where,1
searching,1
vary,1
heaven,1
deceptive,1
within,1
notable,1
month,1
worldwide,1
singing,1
appears,1
surprises,1
andromeda,1
milton,1
symbols,1
impossible,1
see,1
ed,1
muttering,1
desires,1
immortal,1
pertinence,1
cut,1
want,1
hurl,1
takes,1
synchronic,1
add,1
however,1
dialectic,1
your,1
perhaps,1
woman,1
mourner,1
searing,1
sicily,1
distance,1
walks,1
succumb,1
chateaubriand,1
money,1
look,1
chasten,1
shifts,1
rhyme,1
while,1
scene,1
explicitly,1
waylaying,1
really,1
yorker,1
devouring,1
bitterly,1
day,1
tiamat,1
tug,1
terrified,1
presses,1
serpent,1
polyphony,1
struggling,1
figs,1
voice,1
another,1
instructive,1
local,1
gubar,1
having,1
almost,1
knife,1
sentimental,1
don,1
diction,1
truckers,1
suggests,1
camembert,1
recommended,1
virginia,1
marked,1
king,1
infant,1
persona,1
vast,1
cellarways,1
divided,1
given,1
finished,1
drive,1
abroad,1
indiana,1
wrenching,1
caring,1
seductive,1
october,1
lures,1
even,1
virgin,1
teotihuacan,1
nine,1
sport,1
swoop,1
stairway,1
reveal,1
sides,1
recognition,1
pain,1
apart,1
four,1
little,1
drunk,1
lake,1
crude,1
ohio,1
tampax,1
very,1
petals,1
city,1
canaries,1
example,1
retains,1
rukeyser,1
cited,1
looking,1
carnival,1
prey,1
clearer,1
press,1
apply,1
yearly,1
recover,1
easy,1
keeps,1
worship,1
plunge,1
kincaid,1
dish,1
caught,1
oscillation,1
wiring,1
et,1
host,1
worst,1
rash,1
withhold,1
repeating,1
eaten,1
loss,1
whole,1
deadliness,1
oars,1
encounter,1
gave,1
acknowledges,1
says,1
sign,1
size,1
alternating,1
dress,1
murderous,1
diversity,1
languid,1
autobiographical,1
narcissi,1
writing,1
tribute,1
repeatedly,1
coming,1
learns,1
blasphemy,1
vulture,1
huckster,1
teeth,1
winter,1
stroll,1
route,1
animals,1
thus,1
places,1
revivals,1
our,1
downstairs,1
throughout,1
propped,1
zipper,1
named,1
chosen,1
toes,1
tinges,1
peacocks,1
spells,1
elegant,1
typefaces,1
grace,1
riding,1
champions,1
circles,1
tell,1
spring,1
solitude,1
eventual,1
flights,1
severe,1
amateur,1
unable,1
adonis,1
apprenticeship,1
destruction,1
willingly,1
own,1
whore,1
bent,1
past,1
riot,1
constantly,1
markedly,1
interior,1
dangerous,1
gender,1
count,1
bumping,1
choral,1
either,1
clouds,1
shop,1
shuffle,1
language,1
washington,1
console,1
points,1
earth,1
essay,1
divine,1
quests,1
tutelage,1
good,1
change,1
wish,1
logic,1
crevice,1
commentaries,1
moment,1
eve,1
mixed,1
nurture,1
known,1
fatal,1
lasts,1
divisions,1
tubes,1
sense,1
sliding,1
scratch,1
refertilization,1
approves,1
need,1
sensation,1
deity,1
sprinkle,1
recurring,1
sacrificial,1
alison,1
suggest,1
actually,1
straight,1
reflexive,1
high,1
played,1
thetis,1
laugh,1
rape,1
interprets,1
order,1
recuperate,1
off,1
blazed,1
anyone,1
after,1
poetic,1
oracles,1
remembering,1
oldest,1
heart,1
ca,1
lose,1
repeated,1
elements,1
nor,1
viking,1
around,1
never,1
transformation,1
numerologist,1
booth,1
heeded,1
anonymous,1
endured,1
demophoon,1
infernal,1
jamaica,1
vi,1
especially,1
campari,1
cancel,1
besides,1
choose,1
hairy,1
eighth,1
resolution,1
feet,1
curses,1
agency,1
vestiges,1
these,1
wholly,1
mystery,1
wise,1
kinship,1
narrative,1
illusions,1
narrates,1
jokes,1
single,1
dramatic,1
effect,1
seeds,1
scissors,1
unites,1
athena,1
woe,1
anticlimax,1
james,1
sicilian,1
dark,1
muriel,1
breakfast,1
progress,1
element,1
obscure,1
blue,1
characters,1
norton,1
babble,1
nails,1
abandoned,1
wife,1
sudden,1
much,1
immediately,1
multicolored,1
counts,1
stumbles,1
seek,1
woolf,1
french,1
notes,1
molodowsky,1
seduction,1
attend,1
about,1
drop,1
siberian,1
green,1
rhymes,1
restorative,1
kadia,1
crows,1
chained,1
sisterhood,1
sandra,1
demolishing,1
jules,1
roles,1
greek,1
waiting,1
undone,1
actions,1
personification,1
hopeless,1
corridor,1
casts,1
row,1
stands,1
cosmopolite,1
oldie,1
dancer,1
links,1
