WORDCOUNTS,WEIGHT
the,157
of,112
and,104
a,63
to,55
in,49
is,48
that,37
or,30
bloom,29
for,25
not,23
by,22
s,22
as,20
but,20
it,19
has,19
be,19
with,17
this,16
i,14
he,12
have,12
democratic,11
which,11
at,10
his,10
who,10
was,10
many,10
an,10
their,9
from,9
our,9
closing,9
no,8
nietzsche,8
are,8
political,8
must,8
its,8
one,7
culture,7
all,7
great,7
out,7
there,7
what,7
can,7
new,7
even,7
such,7
like,7
so,7
than,7
may,6
now,6
about,6
book,6
could,6
men,6
those,6
though,6
most,6
own,6
would,6
socrates,6
will,5
equality,5
been,5
scialabba,5
american,5
life,5
sophia,5
any,5
only,5
every,5
also,5
other,5
contemporary,5
man,5
last,5
better,5
cultural,5
demos,5
some,5
little,5
social,5
on,5
lasch,5
much,5
if,4
whitman,4
philosopher,4
thought,4
modern,4
just,4
community,4
requires,4
more,4
sublimity,4
seems,4
societies,4
time,4
cannot,4
theory,4
true,4
people,4
question,4
plato,4
they,4
moral,4
human,4
relationship,4
few,4
enough,4
between,4
rest,4
should,4
democracy,3
limits,3
pleasures,3
still,3
make,3
often,3
form,3
yet,3
solidarity,3
old,3
history,3
shelley,3
same,3
relativism,3
already,3
needs,3
emotional,3
here,3
might,3
others,3
death,3
intellectual,3
nature,3
prejudices,3
down,3
happiness,3
called,3
really,3
merely,3
them,3
less,3
case,3
capacity,3
certainties,3
anything,3
popular,3
both,3
education,3
tolerance,3
thus,3
agni,3
change,3
democrat,3
times,3
sense,3
philosophers,3
thing,3
individual,3
educational,3
we,3
himself,3
society,3
rights,2
kant,2
rate,2
americans,2
doubts,2
metaphysical,2
without,2
way,2
george,2
rather,2
aim,2
within,2
wrote,2
gradual,2
practical,2
does,2
influential,2
ordinary,2
doctrine,2
e,2
being,2
risk,2
after,2
conceive,2
perennial,2
suppose,2
something,2
openness,2
criticism,2
rorty,2
ways,2
citizens,2
sovereignty,2
read,2
alone,2
genius,2
sounds,2
exposure,2
us,2
western,2
character,2
then,2
believed,2
ashamed,2
source,2
chief,2
experiment,2
observations,2
reply,2
these,2
two,2
humankind,2
experience,2
her,2
name,2
implications,2
think,2
kings,2
myths,2
sixties,2
each,2
my,2
worth,2
longer,2
best,2
rule,2
conservative,2
indeed,2
exuberance,2
fuse,2
maturation,2
classical,2
hundred,2
very,2
radical,2
personality,2
cities,2
possibility,2
help,2
living,2
mind,2
written,2
truth,2
day,2
natures,2
means,2
see,2
imagine,2
maturity,2
perhaps,2
woman,2
argument,2
sexual,2
right,2
well,2
hierarchies,2
account,2
ideal,2
open,2
literature,2
occasionally,2
psychological,2
knowledge,2
athens,2
strengthens,2
place,2
describes,2
actually,2
rare,2
were,2
review,2
students,2
generate,2
since,2
against,2
poetry,2
subtle,2
good,2
general,2
defense,2
christopher,2
him,2
cally,2
kind,2
off,2
philosophy,2
ward,2
elements,2
exchange,2
modernity,2
relation,2
themselves,2
met,2
c,2
left,2
illusions,2
inasmuch,2
become,2
d,2
always,2
up,2
including,2
drawn,2
story,2
traditional,2
among,2
terror,2
understood,2
hardly,2
suffering,2
justice,2
because,2
discriminating,1
perfect,1
natural,1
impossible,1
manner,1
european,1
buoyant,1
analytic,1
eternal,1
depth,1
go,1
critical,1
alpha,1
courts,1
stimulate,1
ferguson,1
poor,1
challenge,1
inertia,1
nehamas,1
formulated,1
interesting,1
stimuli,1
seer,1
profoundly,1
allegedly,1
humanism,1
fortunate,1
accepting,1
york,1
lad,1
aristocracies,1
whose,1
precious,1
deny,1
today,1
genuinely,1
incomparable,1
onset,1
ultramarine,1
matter,1
heroism,1
polish,1
invokes,1
wisdom,1
entitled,1
she,1
poet,1
noble,1
stuart,1
science,1
dilemma,1
bureaucrats,1
institutions,1
incomparably,1
economic,1
sublima,1
amherst,1
main,1
answered,1
charmed,1
psychology,1
buyers,1
poems,1
mechanisms,1
short,1
f,1
novelists,1
commitment,1
unpleasant,1
surprisingly,1
deepen,1
incarnated,1
fear,1
tempted,1
tocqueville,1
ancien,1
ought,1
pleasant,1
stale,1
tried,1
motivated,1
emergence,1
foreword,1
blossoming,1
fruit,1
college,1
nearly,1
arrive,1
rapid,1
notion,1
luck,1
appearance,1
refine,1
success,1
strains,1
ills,1
levine,1
downright,1
concluding,1
unreflective,1
antipolitical,1
transformed,1
indiscriminate,1
july,1
above,1
itself,1
hers,1
defenses,1
zarathustra,1
supplement,1
essay,1
organ,1
standing,1
aborted,1
fulfilling,1
comprehensively,1
b,1
likewise,1
movement,1
becoming,1
proscribes,1
undramatized,1
artist,1
malice,1
deepest,1
benjamin,1
reassured,1
religious,1
tion,1
why,1
makes,1
authoritarian,1
walt,1
answering,1
specious,1
mobility,1
essays,1
uninspired,1
cases,1
spoken,1
united,1
hope,1
fully,1
caste,1
jaded,1
ment,1
thinker,1
live,1
polite,1
extra,1
gauntlet,1
endure,1
huron,1
ones,1
defenders,1
america,1
meet,1
town,1
reason,1
references,1
nothing,1
opportunities,1
grounded,1
face,1
democrats,1
easily,1
elitist,1
repeat,1
intermittent,1
candidate,1
serve,1
bad,1
vastly,1
hier,1
continuity,1
sympa,1
poets,1
expounded,1
considered,1
psychoanalytic,1
municipal,1
greeks,1
particular,1
forget,1
ascribed,1
affect,1
earnest,1
trade,1
detail,1
claims,1
neither,1
faculties,1
salutary,1
virtually,1
familiar,1
ever,1
into,1
definition,1
literary,1
stereotyped,1
organized,1
earned,1
seriously,1
occurred,1
slowly,1
exercised,1
bit,1
candor,1
essence,1
constant,1
adolescence,1
complete,1
citizen,1
peerless,1
material,1
practi,1
n,1
dubiously,1
habermas,1
efforts,1
welfare,1
result,1
resolute,1
sheer,1
erary,1
accordance,1
mentioned,1
changing,1
excellence,1
judiciously,1
responsibility,1
four,1
disjointed,1
completely,1
devout,1
acknowledges,1
put,1
throwing,1
moments,1
said,1
painful,1
had,1
first,1
innate,1
appears,1
rise,1
deserved,1
powerful,1
modernist,1
splendor,1
precise,1
compellingly,1
misunder,1
harper,1
love,1
regime,1
generally,1
obstacles,1
willingness,1
unsung,1
long,1
writing,1
oppor,1
disposition,1
autonomy,1
reassurance,1
culmination,1
creation,1
asks,1
disagreement,1
unput,1
aspect,1
bloomism,1
immortality,1
entailed,1
set,1
belief,1
naivete,1
founding,1
faculty,1
lives,1
exists,1
taken,1
important,1
relatedness,1
know,1
suggested,1
toward,1
relying,1
necessarily,1
italics,1
saul,1
appear,1
personalities,1
meaning,1
ask,1
paragraph,1
permanently,1
menting,1
bearing,1
omega,1
added,1
advanced,1
concede,1
tween,1
sive,1
liberty,1
barber,1
standards,1
concession,1
dismantled,1
different,1
minimize,1
based,1
naive,1
whom,1
creativity,1
allan,1
limb,1
groups,1
resentment,1
emancipation,1
fundamental,1
mails,1
partisans,1
endorse,1
deficient,1
bellow,1
alexander,1
straightforward,1
industrious,1
critic,1
ble,1
lit,1
argue,1
erosion,1
half,1
display,1
appeared,1
feminism,1
confusion,1
typical,1
universal,1
henceforth,1
regard,1
young,1
choice,1
rich,1
survivalism,1
policies,1
come,1
manifested,1
together,1
aesthetic,1
recognize,1
larger,1
smith,1
intellectuals,1
warning,1
tunity,1
cele,1
crank,1
mysticism,1
somewhere,1
chilling,1
requirements,1
cheerful,1
maybe,1
anguished,1
realize,1
benefit,1
rightly,1
contends,1
vicarious,1
before,1
amusing,1
narcissism,1
historical,1
golden,1
prosaic,1
emancipate,1
pictures,1
hyperstimulation,1
favorite,1
triumphed,1
struggles,1
serious,1
passionate,1
outvying,1
rough,1
bewilderment,1
reminder,1
big,1
eliminates,1
conceding,1
none,1
hand,1
greatly,1
exceptions,1
limited,1
difficult,1
cheapest,1
noise,1
rieff,1
william,1
philosophize,1
pointing,1
urgent,1
according,1
embody,1
imperatives,1
thy,1
buried,1
where,1
automatically,1
virtuous,1
reviews,1
evocation,1
continuing,1
gibe,1
purposes,1
persuasively,1
eclat,1
accepted,1
disproportion,1
irritating,1
whether,1
turned,1
terms,1
triggered,1
shown,1
making,1
accounts,1
sorry,1
shortly,1
delegated,1
excellent,1
friendly,1
scale,1
necessary,1
con,1
wealth,1
practice,1
however,1
extrapolation,1
agricultural,1
attitudes,1
higher,1
assumed,1
statement,1
regres,1
feudal,1
platonic,1
firmly,1
missouri,1
illib,1
books,1
instrument,1
distance,1
presuppose,1
formulation,1
mill,1
proportionately,1
unaware,1
chances,1
val,1
benign,1
getting,1
while,1
elections,1
meditation,1
me,1
philosophic,1
value,1
killed,1
biographies,1
quite,1
require,1
hunch,1
pioneers,1
produce,1
having,1
rationality,1
another,1
conservatives,1
original,1
almost,1
too,1
participation,1
omnipotent,1
status,1
trial,1
through,1
private,1
politics,1
suspicion,1
understanding,1
greatest,1
port,1
condition,1
agape,1
existentialist,1
father,1
cease,1
archies,1
raritan,1
considering,1
martha,1
powers,1
proposition,1
alter,1
remember,1
insight,1
richard,1
fitting,1
john,1
farming,1
bear,1
opti,1
obvious,1
do,1
admired,1
fine,1
mastery,1
decent,1
whatever,1
apart,1
brated,1
radicals,1
characterization,1
say,1
incompatibility,1
taxed,1
london,1
spake,1
carlyle,1
translation,1
despite,1
enormous,1
example,1
civil,1
participatory,1
deplores,1
increase,1
apparent,1
calls,1
desirable,1
fortu,1
crush,1
develop,1
republic,1
along,1
warrior,1
undoubtedly,1
individuality,1
complexities,1
buy,1
unities,1
minority,1
transition,1
poignant,1
empirical,1
ers,1
secretary,1
nussbaum,1
admiring,1
illinois,1
egalitarian,1
loss,1
whole,1
combining,1
substitute,1
supremely,1
genuine,1
unfortunately,1
largely,1
derrida,1
freely,1
during,1
arguments,1
richly,1
inherited,1
pathos,1
broad,1
fleeting,1
phenomenon,1
engaging,1
contains,1
ideas,1
pleasure,1
denied,1
infinity,1
repeatedly,1
elite,1
questions,1
otherwise,1
neglect,1
take,1
dispense,1
goal,1
physiology,1
million,1
internalized,1
freshman,1
sexist,1
call,1
g,1
epithets,1
supple,1
national,1
chaste,1
demonstration,1
inhibit,1
false,1
enlighten,1
chiefs,1
states,1
announce,1
spirit,1
sensibility,1
synthetic,1
growing,1
branching,1
moted,1
theoretical,1
bearable,1
championed,1
couple,1
reverse,1
volume,1
dotted,1
harmless,1
shrewd,1
years,1
development,1
quality,1
immuta,1
disillusionment,1
clear,1
breed,1
involves,1
reality,1
promulgate,1
directed,1
encounters,1
realized,1
sumes,1
beliefs,1
t,1
hitherto,1
nietzscheanization,1
hedging,1
regions,1
language,1
metaphysics,1
aristocratic,1
points,1
flattening,1
antidemocratic,1
artificial,1
formulas,1
superstructure,1
ability,1
try,1
offer,1
running,1
least,1
grown,1
enlightenment,1
common,1
vistas,1
evening,1
condescension,1
statesman,1
dense,1
building,1
followed,1
direct,1
physical,1
glib,1
toleration,1
opinions,1
optional,1
revolution,1
things,1
stage,1
rooted,1
socratic,1
dogma,1
nately,1
schools,1
crossed,1
antiquity,1
effects,1
worldly,1
pursue,1
order,1
taste,1
exercise,1
simplifications,1
anyone,1
progressive,1
discourse,1
standard,1
adam,1
settlement,1
provides,1
night,1
adequately,1
seconding,1
nor,1
relations,1
narcissistic,1
latter,1
around,1
forms,1
family,1
imagination,1
troubles,1
never,1
underlying,1
mistic,1
david,1
women,1
servant,1
document,1
sufficient,1
sternly,1
west,1
profound,1
back,1
unless,1
marriage,1
mediocre,1
body,1
incapable,1
imaginative,1
parallel,1
ues,1
refinements,1
root,1
forebears,1
intensely,1
insists,1
honest,1
mediocrity,1
afford,1
pro,1
effective,1
interconnections,1
implausible,1
methodological,1
sentiments,1
banal,1
enlightened,1
lifework,1
average,1
occasions,1
overwhelmed,1
clever,1
early,1
ohio,1
when,1
capitalism,1
universities,1
decency,1
designed,1
present,1
hume,1
look,1
bennett,1
spite,1
practically,1
proper,1
minds,1
unheroic,1
eliminating,1
need,1
mature,1
maledizione,1
overthrow,1
roots,1
recent,1
altogether,1
vulgar,1
simplistic,1
stone,1
appropriate,1
feasible,1
imperfectly,1
premature,1
pains,1
ironi,1
virtue,1
misleadingly,1
developmental,1
displaced,1
asked,1
generation,1
reckless,1
regimes,1
gadflies,1
glorious,1
valuable,1
hearts,1
concluded,1
unfortunate,1
brown,1
eral,1
error,1
major,1
species,1
attended,1
verve,1
compensations,1
separate,1
dismiss,1
