WORDCOUNTS,WEIGHT
the,231
of,81
in,77
and,75
a,65
to,53
was,42
were,33
church,32
for,32
an,30
that,27
mennonite,21
organ,19
be,19
by,18
music,17
at,15
not,15
p,15
on,15
t,14
m,14
had,14
s,14
musical,13
j,13
i,13
no,13
it,12
h,12
from,12
choir,12
singing,12
song,12
festival,11
n,11
c,11
r,11
choirs,11
as,10
school,10
alexanderwohl,10
been,10
other,10
with,9
following,9
also,9
some,9
used,9
this,9
part,9
service,8
program,8
these,8
held,8
would,8
he,7
o,7
began,7
worship,7
or,7
dur,7
carol,7
churches,7
brotherhood,7
congregations,7
kansas,7
vocal,7
have,7
d,7
pipe,7
rev,6
is,6
piano,6
made,6
tent,6
congregation,6
g,6
evening,6
f,5
their,5
included,5
numbers,5
w,5
more,5
richert,5
taken,5
all,5
many,5
are,5
december,5
time,5
banman,5
instrumental,5
new,5
years,5
op,5
score,5
chorus,5
instruments,5
should,5
society,4
thg,4
his,4
tt,4
e,4
who,4
percussion,4
they,4
special,4
once,4
interview,4
guitar,4
into,4
cit,4
but,4
being,4
give,4
important,4
sunday,4
different,4
glockenspiel,4
reed,4
men,4
purchase,4
has,4
u,4
because,4
organists,4
year,4
which,4
states,4
june,4
than,3
aid,3
congregational,3
sessions,3
choruses,3
anthems,3
wedel,3
attitude,3
unruh,3
community,3
building,3
after,3
minutes,3
group,3
large,3
newton,3
satb,3
english,3
contribute,3
considered,3
organization,3
committee,3
then,3
house,3
min,3
two,3
said,3
love,3
name,3
make,3
appointed,3
each,3
addition,3
tunes,3
sing,3
could,3
printed,3
teachers,3
very,3
regier,3
arthur,3
alex,3
purchased,3
prayer,3
create,3
improve,3
anna,3
training,3
still,3
its,3
during,3
learned,3
lord,3
remarks,3
our,3
until,3
b,3
publishing,3
interest,3
buhler,3
brotherly,3
so,3
one,3
worldly,3
anderwohl,3
instru,3
instruction,3
several,3
members,3
served,3
afternoon,3
xvi,3
generally,3
y,3
accompaniment,3
hymn,3
festivals,3
about,3
buller,3
evidently,3
calvin,3
south,2
will,2
directors,2
go,2
hymns,2
now,2
german,2
instructors,2
various,2
she,2
bring,2
brethren,2
ers,2
ments,2
wait,2
college,2
warner,2
collections,2
cornelius,2
examined,2
structure,2
them,2
germany,2
christian,2
tion,2
offerings,2
formed,2
when,2
hutchinson,2
proqram,2
rgv,2
joseph,2
spirit,2
material,2
lester,2
four,2
first,2
followed,2
organist,2
inc,2
discuss,2
set,2
ride,2
ii,2
fund,2
later,2
ni,2
might,2
others,2
uses,2
europe,2
fhe,2
twenty,2
leaders,2
future,2
relates,2
great,2
sung,2
changed,2
jn,2
solo,2
john,2
near,2
favor,2
there,2
patterns,2
unrau,2
do,2
ther,2
sang,2
hall,2
accepted,2
viewed,2
form,2
ibid,2
recorded,2
public,2
fundamentals,2
money,2
motion,2
always,2
zion,2
ladies,2
peters,2
emphasis,2
tabor,2
heidebrecht,2
mm,2
purpose,2
became,2
fellowship,2
scottsdale,2
parishioners,2
hostetler,2
people,2
hour,2
ty,2
ln,2
weekly,2
front,2
conference,2
development,2
choral,2
formal,2
ren,2
cappella,2
closing,2
known,2
ing,2
homes,2
schools,2
view,2
next,2
box,2
felt,2
order,2
filled,2
dis,2
turn,2
adopted,2
small,2
morning,2
sj,2
ship,2
philosophy,2
reached,2
ent,2
goessel,2
v,2
re,2
moundridge,2
much,2
world,2
strong,2
attend,2
encyclopedia,2
meeting,2
showed,2
songs,2
attended,2
decision,2
cuss,1
may,1
carried,1
enf,1
reduction,1
does,1
depres,1
gonference,1
asset,1
communities,1
fesslona,1
creasingly,1
lo,1
books,1
xv,1
furnished,1
likely,1
íurther,1
ert,1
child,1
ancj,1
connotaschools,1
today,1
road,1
krehbiel,1
tuning,1
note,1
hesitant,1
tentative,1
materials,1
continued,1
contended,1
hon,1
if,1
dance,1
sometimes,1
l,1
solicitors,1
five,1
usecj,1
schmidt,1
ater,1
electronic,1
stniwental,1
teachmg,1
how,1
sol,1
cantatas,1
april,1
excerpts,1
breththe,1
societybut,1
uded,1
basic,1
play,1
decades,1
en,1
recal,1
wa,1
steps,1
stating,1
iiiiiiiiiiiiiiiiiiiiiiiiiiiiiiiiiiiiiiiiiiiiiiiiiiiiiiiiiiiiiiiimiiiiiiiiiiiiiiiiiiiiiiiiitimiiiih,1
male,1
ew,1
yhrb,1
octettes,1
becomes,1
request,1
etc,1
guitars,1
ears,1
goes,1
opportunity,1
her,1
offerligations,1
heard,1
ast,1
johannestal,1
supplement,1
romfw,1
contribution,1
à,1
importance,1
grew,1
lowl,1
interesting,1
parts,1
traveled,1
va,1
decisions,1
life,1
approved,1
settled,1
sanctuary,1
gardentownship,1
sion,1
often,1
responsible,1
ngorganization,1
í,1
scales,1
soprano,1
epp,1
freereacting,1
offering,1
wor,1
unboro,1
existed,1
conducting,1
united,1
practicing,1
ttle,1
entertainment,1
ghurch,1
library,1
monthly,1
education,1
anf,1
hillsments,1
boonin,1
vided,1
reference,1
utsta,1
di,1
listhe,1
opportunities,1
recalled,1
mrs,1
union,1
prevailed,1
pp,1
read,1
cautiousness,1
ly,1
modern,1
ímchurches,1
frowned,1
soon,1
nave,1
mission,1
financial,1
jje,1
objecthe,1
earliest,1
praise,1
playing,1
gâtions,1
rdjs,1
god,1
item,1
inspiration,1
vorsaen,1
rudiments,1
alexand,1
tti,1
ne,1
isaac,1
us,1
havg,1
western,1
classroom,1
supper,1
boro,1
erend,1
history,1
tween,1
duets,1
itinerant,1
ore,1
enees,1
contributions,1
ormalc,1
fifteen,1
reformation,1
ncf,1
before,1
sevend,1
dewere,1
responsquartcts,1
cal,1
same,1
tg,1
herbert,1
elving,1
mary,1
bethlehem,1
conclusion,1
um,1
tucapsky,1
instrument,1
hearts,1
pie,1
ht,1
maria,1
estant,1
largest,1
without,1
already,1
beean,1
must,1
ringing,1
visitors,1
choruscs,1
experience,1
kerby,1
canton,1
serv,1
hohdays,1
came,1
additional,1
copies,1
illinium,1
only,1
ideas,1
follow,1
else,1
bender,1
instrutheir,1
alexanderthe,1
shunned,1
zwingli,1
ltd,1
thf,1
sources,1
definite,1
erv,1
prairie,1
voth,1
rather,1
carl,1
md,1
resolution,1
nonite,1
congregatjorls,1
fergnt,1
amount,1
memorized,1
rlchert,1
permanent,1
voices,1
paul,1
festivity,1
wfth,1
eden,1
ont,1
technique,1
power,1
use,1
suggested,1
trained,1
mass,1
secretary,1
over,1
available,1
particular,1
franz,1
wolle,1
ave,1
worked,1
compa,1
contention,1
majesty,1
opening,1
treasurer,1
gin,1
tjj,1
catprogram,1
did,1
circulated,1
ded,1
spec,1
bl,1
als,1
sugthe,1
qualiorgan,1
emmaus,1
erwohl,1
reverend,1
pointed,1
publj,1
fluence,1
avenue,1
tradition,1
canada,1
ft,1
accommodate,1
occasionally,1
ld,1
organiza,1
soliciting,1
together,1
found,1
gested,1
agreement,1
ce,1
nt,1
agree,1
balulalow,1
mennonites,1
conchurch,1
dld,1
methods,1
mennon,1
ding,1
indifferent,1
pretty,1
seven,1
octavo,1
out,1
become,1
pamphlet,1
issue,1
audience,1
denartment,1
events,1
shepherds,1
shortj,1
considerable,1
encouraging,1
ajter,1
chairman,1
historical,1
differed,1
hg,1
obin,1
enlarged,1
explana,1
somewhat,1
entertained,1
rebuilt,1
office,1
inter,1
ru,1
czech,1
lunches,1
forms,1
respectively,1
organisations,1
while,1
took,1
meter,1
hackensack,1
solicited,1
iniiiiiiiiii,1
stand,1
houl,1
influences,1
beginning,1
learn,1
sor,1
petition,1
bg,1
those,1
ested,1
staff,1
criteria,1
companv,1
william,1
teaching,1
martial,1
fro,1
shall,1
penn,1
let,1
intersq,1
gala,1
basics,1
something,1
wntten,1
congresinging,1
confused,1
company,1
month,1
lttlp,1
congregationa,1
coffee,1
stvle,1
intermission,1
ch,1
terms,1
deprive,1
selected,1
ion,1
less,1
musica,1
bethe,1
dislike,1
forth,1
apwas,1
well,1
can,1
jersey,1
eg,1
practice,1
thirty,1
trict,1
depending,1
laneou,1
presided,1
attitudes,1
mcpherson,1
plete,1
sel,1
passed,1
tbe,1
spiritual,1
gatliering,1
effort,1
oouc,1
unnecessary,1
ard,1
taught,1
pears,1
nc,1
controversy,1
duet,1
merry,1
distance,1
style,1
baritone,1
figin,1
weddings,1
fav,1
sln,1
number,1
iv,1
er,1
hallelujah,1
affair,1
recommend,1
stat,1
day,1
tory,1
worthy,1
deen,1
such,1
tives,1
outstanding,1
variouj,1
gregation,1
sions,1
mg,1
original,1
nd,1
mond,1
meetings,1
opened,1
week,1
mished,1
adieschoirs,1
through,1
arue,1
private,1
discllss,1
hundreds,1
cover,1
contain,1
quality,1
art,1
discussion,1
mgf,1
furattitudes,1
work,1
father,1
shortduring,1
fjf,1
popular,1
periodically,1
examples,1
pr,1
educar,1
background,1
received,1
communit,1
explanation,1
splendid,1
soloist,1
ite,1
organs,1
stiff,1
installed,1
dllring,1
friesen,1
values,1
women,1
preserved,1
tau,1
fine,1
dutch,1
amish,1
hoping,1
west,1
accommoundridge,1
rnt,1
invited,1
mental,1
county,1
velvoped,1
noncommital,1
nature,1
schweizer,1
holy,1
ot,1
most,1
basement,1
soi,1
selecting,1
proportions,1
collecting,1
apparent,1
harold,1
kan,1
press,1
ministers,1
struments,1
ta,1
hirr,1
bechler,1
services,1
publishers,1
corn,1
ac,1
giving,1
strive,1
subject,1
mgs,1
sylvania,1
youth,1
dollars,1
partlclpate,1
historjble,1
holidavs,1
ya,1
toronto,1
aj,1
evemnq,1
upportance,1
iclassroom,1
inno,1
airs,1
pitchareas,1
james,1
revthe,1
wqrship,1
direcan,1
jmg,1
causes,1
socializing,1
whlch,1
evebaumgartner,1
officers,1
sparb,1
solos,1
exist,1
vorsaacngers,1
ham,1
ove,1
stimulate,1
secured,1
central,1
provisions,1
th,1
rches,1
includes,1
bçen,1
throughout,1
come,1
peo,1
review,1
ith,1
surrounding,1
ob,1
schoo,1
unison,1
heide,1
herhert,1
brudertal,1
seslohrgnz,1
ure,1
endorsed,1
students,1
oratorios,1
underwent,1
described,1
gers,1
bdl,1
saxaphone,1
jective,1
elistic,1
president,1
rucnert,1
editor,1
hymnary,1
notes,1
singwas,1
besan,1
compositions,1
own,1
hatever,1
enthusiastic,1
conductor,1
vibraharp,1
constantly,1
readchoir,1
curriculum,1
directed,1
opens,1
sic,1
position,1
thls,1
finally,1
nlartial,1
points,1
christemas,1
rupp,1
preceded,1
sat,1
wcldon,1
ability,1
orchestra,1
executive,1
mixed,1
individual,1
approximately,1
mus,1
grown,1
although,1
glorify,1
ess,1
investigator,1
fng,1
ye,1
three,1
ví,1
need,1
hills,1
jr,1
relatively,1
fork,1
born,1
influpamphlets,1
opinions,1
bethel,1
festhe,1
reinforces,1
zo,1
vorsaengers,1
century,1
ganized,1
hoffnungsau,1
changes,1
le,1
krah,1
shortly,1
earlier,1
area,1
leadthat,1
zgr,1
fred,1
chornc,1
lose,1
decided,1
religious,1
profes,1
nor,1
sunwould,1
patiently,1
lv,1
campaign,1
ap,1
person,1
inactive,1
want,1
places,1
footnotes,1
davenport,1
ages,1
ings,1
es,1
concerning,1
rcndcrcd,1
consisting,1
include,1
cs,1
lifts,1
erected,1
body,1
protlessons,1
charlotte,1
between,1
response,1
suncjay,1
folk,1
pfohl,1
brought,1
suderman,1
mi,1
presence,1
cave,1
ton,1
observe,1
isters,1
hand,1
allowing,1
fessor,1
suitable,1
remembers,1
generallv,1
herb,1
arranged,1
consisted,1
chorales,1
twice,1
clock,1
da,1
conk,1
tjje,1
ensem,1
find,1
helpful,1
occasions,1
inshe,1
electric,1
early,1
annual,1
rau,1
st,1
bal,1
gn,1
os,1
story,1
hillsboro,1
wanted,1
brech,1
present,1
southwest,1
journal,1
introduced,1
ganists,1
contending,1
brodt,1
sas,1
among,1
apparently,1
we,1
institution,1
pennsylvania,1
anthem,1
north,1
cycle,1
fhg,1
nun,1
appropriate,1
occasion,1
evidence,1
bqok,1
provided,1
attendance,1
nigrs,1
usgd,1
acted,1
wes,1
lanlplight,1
influence,1
waiting,1
moravian,1
ma,1
build,1
contaminate,1
activities,1
major,1
seemed,1
rehearsal,1
gnadenberg,1
faction,1
dav,1
purchasing,1
