WORDCOUNTS,WEIGHT
the,362
of,235
and,203
to,161
in,158
a,137
russia,93
that,77
as,65
with,65
is,61
s,52
it,49
russian,48
its,47
was,41
has,35
on,35
for,33
president,29
by,29
which,29
world,29
at,28
america,28
we,28
not,28
from,27
war,26
all,25
his,25
georgia,24
have,24
our,23
an,23
soviet,21
this,21
be,21
states,20
but,19
after,18
are,18
had,17
new,17
united,17
years,17
he,16
putin,16
were,16
you,16
relations,15
during,15
two,15
only,15
who,15
countries,15
what,15
american,14
one,14
i,14
union,14
been,14
when,14
your,13
or,13
any,13
now,12
no,12
more,12
many,12
time,12
can,12
percent,12
administration,12
first,11
people,11
will,11
other,11
over,11
should,11
history,10
than,10
based,10
also,10
law,10
european,10
medvedev,10
country,10
there,9
mr,9
those,9
since,9
century,9
nation,9
love,9
power,9
russians,9
much,9
nato,8
policy,8
cold,8
economic,8
under,8
august,8
him,8
both,8
peace,8
said,7
interests,7
political,7
saakashvili,7
moscow,7
legal,7
their,7
out,7
part,7
orthodox,7
nations,7
poland,7
another,7
times,7
clinton,7
began,7
bush,7
washington,7
crisis,7
church,6
ii,6
great,6
state,6
how,6
tsar,6
most,6
indeed,6
still,6
took,6
empire,6
change,6
foreign,6
mother,6
very,6
past,6
ukraine,6
between,6
recent,6
if,5
corruption,5
germany,5
they,5
western,5
into,5
words,5
take,5
help,5
obama,5
election,5
west,5
conflict,5
gorbachev,5
journal,5
cuba,5
just,5
view,5
came,5
arrogance,5
term,5
well,5
winter,5
friend,5
europe,5
see,5
japan,5
understanding,5
office,5
period,5
so,5
course,5
attitude,5
lost,5
while,5
almost,5
despite,5
nicholas,4
democracy,4
declared,4
market,4
being,4
taken,4
friendly,4
citizens,4
government,4
roosevelt,4
last,4
some,4
cooperation,4
october,4
far,4
sent,4
central,4
such,4
against,4
turn,4
columbia,4
let,4
americans,4
reforms,4
important,4
decades,4
my,4
rule,4
called,4
however,4
because,4
year,4
good,4
sense,4
once,4
treaty,4
us,4
again,4
fact,4
end,4
ruble,4
made,4
like,4
ago,4
caucasus,4
independent,4
life,4
siberia,4
centuries,4
kremlin,4
regime,4
mccain,4
leaders,4
report,4
allied,4
baltic,4
missiles,4
instead,4
way,3
police,3
large,3
erofeyev,3
formed,3
long,3
military,3
asia,3
leading,3
differences,3
real,3
mind,3
system,3
dmitri,3
move,3
say,3
throughout,3
old,3
response,3
men,3
even,3
occasion,3
fellow,3
billion,3
may,3
rights,3
york,3
without,3
process,3
eight,3
importance,3
space,3
support,3
university,3
eventually,3
prevent,3
democratic,3
appear,3
czech,3
late,3
cultural,3
recently,3
meet,3
troops,3
future,3
received,3
own,3
published,3
television,3
around,3
family,3
influence,3
few,3
republics,3
progress,3
st,3
society,3
republic,3
reduced,3
revival,3
forward,3
perceived,3
members,3
toward,3
others,3
towards,3
georgian,3
fundamental,3
romanov,3
deploy,3
less,3
free,3
communism,3
private,3
including,3
ideas,3
three,3
held,3
high,3
shortly,3
eyes,3
become,3
overcome,3
seeking,3
relationship,3
worse,3
itself,3
side,3
school,3
quickly,3
presidency,3
bulgaria,3
global,3
did,3
historical,3
november,3
ultimately,3
twentieth,3
finally,3
accept,3
include,3
france,3
early,3
little,3
close,3
limits,2
common,2
russianamerican,2
expand,2
created,2
peaceful,2
determine,2
georgians,2
announced,2
host,2
becoming,2
rethink,2
control,2
true,2
communist,2
nationalistic,2
former,2
decade,2
allies,2
harsh,2
unlike,2
total,2
eastward,2
nineteenth,2
member,2
defeated,2
else,2
secretary,2
official,2
nature,2
best,2
book,2
debt,2
fresh,2
tsarist,2
somewhat,2
hostility,2
behind,2
british,2
attacked,2
east,2
advice,2
firm,2
march,2
marked,2
powers,2
petersburg,2
himself,2
engage,2
human,2
development,2
professor,2
september,2
missile,2
leaf,2
media,2
yourself,2
kind,2
tbilisi,2
guided,2
six,2
served,2
witnessed,2
look,2
hardly,2
generation,2
acknowledge,2
steps,2
rather,2
pledged,2
bring,2
growth,2
across,2
developed,2
opportunity,2
grew,2
congressional,2
consequences,2
understand,2
signed,2
days,2
too,2
w,2
age,2
especially,2
rice,2
resurgence,2
opponents,2
result,2
whom,2
kennedy,2
arrival,2
could,2
temptation,2
attack,2
effort,2
lived,2
changed,2
international,2
radical,2
though,2
stock,2
agreements,2
explain,2
listening,2
significantly,2
psychological,2
civil,2
knowledge,2
place,2
shapiro,2
holy,2
hungary,2
senator,2
event,2
small,2
several,2
soil,2
disaster,2
decline,2
using,2
value,2
gross,2
subsequently,2
south,2
churchill,2
territorial,2
wrote,2
acknowledged,2
intervention,2
make,2
bankers,2
unprecedented,2
movement,2
collapsed,2
religious,2
about,2
criticism,2
meanwhile,2
opportunities,2
thought,2
neither,2
yeltsin,2
included,2
friendship,2
naval,2
stalin,2
social,2
leader,2
coming,2
put,2
financial,2
areas,2
proposal,2
choice,2
eagle,2
really,2
reacted,2
banks,2
ossetia,2
john,2
man,2
serious,2
rhetoric,2
model,2
equate,2
confrontation,2
invitation,2
ignoring,2
style,2
remove,2
fight,2
investment,2
father,2
treated,2
territorially,2
finland,2
asian,2
vladimir,2
students,2
clear,2
provoked,2
victory,2
defense,2
pride,2
would,2
black,2
indulging,2
presidential,2
spent,2
class,2
accused,2
institution,2
decision,2
product,2
aid,2
today,2
note,2
she,2
george,2
next,2
lives,2
hope,2
isaac,2
seriously,2
elected,2
historian,2
senior,2
broke,2
series,2
fulbright,2
know,2
partner,2
shares,2
different,2
flew,2
capital,2
down,2
regard,2
domestic,2
particularly,2
better,2
born,2
them,2
terms,2
map,2
agreed,2
millions,2
middle,2
popular,2
level,2
given,2
through,2
role,2
song,2
territory,2
come,2
invasion,2
frontiers,2
national,2
warsaw,2
ended,2
need,2
vital,2
remains,2
themselves,2
era,2
duma,2
immediately,2
strong,2
cross,2
successive,2
doing,2
addiction,1
final,1
proposed,1
intimately,1
bernard,1
go,1
breakout,1
undertakings,1
archives,1
cindy,1
currently,1
pegged,1
believers,1
personally,1
m,1
kaliningrad,1
protests,1
later,1
meaning,1
commentary,1
corporate,1
opponent,1
prize,1
europeans,1
mystical,1
does,1
extend,1
spengler,1
resulted,1
college,1
euphoria,1
legitimate,1
liquidity,1
dissolution,1
federation,1
pushed,1
per,1
steadfast,1
elementary,1
replaced,1
partially,1
approved,1
jews,1
enhance,1
identify,1
tend,1
designed,1
join,1
remind,1
likely,1
live,1
schools,1
asserted,1
ways,1
murder,1
administraton,1
h,1
strictly,1
patriarch,1
favor,1
duke,1
hazard,1
paternalistic,1
perestroika,1
afghanistan,1
necessarily,1
title,1
encourage,1
debacle,1
motherland,1
tells,1
feels,1
interfering,1
arms,1
worth,1
anything,1
cast,1
sit,1
t,1
attorney,1
failing,1
wrong,1
revisited,1
rivals,1
certainly,1
creation,1
upholding,1
steady,1
clawed,1
concentrated,1
might,1
rapid,1
encouraged,1
refusal,1
agenda,1
england,1
drivers,1
prestigious,1
seems,1
tear,1
parties,1
company,1
immense,1
prejudices,1
height,1
knowing,1
capitalist,1
mikhael,1
advantage,1
assertion,1
together,1
undertake,1
disproportionate,1
truncheons,1
repulsed,1
matushka,1
stood,1
potentially,1
scholar,1
link,1
footsteps,1
launched,1
court,1
greatly,1
loves,1
lengthened,1
foolishly,1
faithful,1
cartier,1
warships,1
staff,1
debut,1
profitable,1
reading,1
committed,1
theodore,1
revise,1
within,1
rethinking,1
tribune,1
issue,1
grudge,1
messianic,1
takes,1
plain,1
armenia,1
bird,1
money,1
misunderstood,1
sought,1
u,1
saying,1
right,1
austriahungary,1
account,1
prior,1
possible,1
stance,1
recommendations,1
entrepreneurs,1
mikhail,1
characterize,1
mutual,1
console,1
flank,1
crowned,1
alarm,1
taking,1
point,1
lyric,1
manacles,1
uncertain,1
laws,1
cited,1
along,1
promises,1
vowed,1
interviews,1
masks,1
attract,1
romanovs,1
aggression,1
bolsheviks,1
interestingly,1
guilty,1
winning,1
million,1
exercises,1
broadcaster,1
collapse,1
ronald,1
surely,1
beating,1
spectrum,1
neighbor,1
countless,1
riot,1
arrested,1
illustrates,1
antiwestern,1
peter,1
group,1
millennium,1
neighbors,1
interest,1
tutelage,1
tit,1
cornered,1
relatively,1
regarded,1
ability,1
sarkozy,1
moment,1
decided,1
suits,1
consumer,1
price,1
application,1
coexistence,1
secretly,1
restore,1
realization,1
assessment,1
quicker,1
align,1
dick,1
seceding,1
extensively,1
forced,1
unity,1
inserted,1
individual,1
legacy,1
alcoholism,1
concerning,1
back,1
contrary,1
withdraw,1
fatalistic,1
young,1
egypt,1
ally,1
guardian,1
left,1
truly,1
baseless,1
weakening,1
find,1
died,1
oligarchs,1
landmark,1
blunder,1
unresolved,1
vice,1
dear,1
apparently,1
william,1
simplistic,1
leadership,1
castro,1
cooperative,1
weakness,1
handful,1
ofskadden,1
word,1
adversary,1
romania,1
ecumenical,1
promised,1
threatens,1
failed,1
opposed,1
interesting,1
normalcy,1
recognized,1
fleet,1
revisit,1
german,1
adjunct,1
reagan,1
condoleezza,1
predicted,1
act,1
doctorate,1
generations,1
abkhazia,1
watch,1
aggressive,1
square,1
crash,1
coastal,1
responded,1
pause,1
politicians,1
deliberately,1
goes,1
abstraction,1
neighborhood,1
bankruptcy,1
heard,1
earlier,1
twentyfirst,1
thing,1
similar,1
gesture,1
brand,1
derived,1
japanese,1
mikheil,1
strange,1
reborn,1
white,1
lay,1
lawyer,1
feel,1
mediate,1
hailed,1
perilous,1
lesley,1
reason,1
soul,1
send,1
utterly,1
sovereignty,1
defies,1
acquisition,1
presidents,1
monumental,1
praise,1
tensions,1
secession,1
poisoned,1
descent,1
neutral,1
bit,1
meagher,1
amid,1
proved,1
threatening,1
noticeable,1
air,1
dominate,1
house,1
slate,1
westerners,1
four,1
stationed,1
suspiciously,1
additional,1
origins,1
vietnam,1
follow,1
beyond,1
defeat,1
followed,1
nominee,1
cultured,1
putting,1
votes,1
prosecution,1
defaulted,1
puts,1
founding,1
alumni,1
opinion,1
humility,1
strengthen,1
disclosed,1
chasing,1
mainland,1
disappeared,1
atlanta,1
bureaucracy,1
talking,1
expressed,1
closely,1
batumi,1
herald,1
lead,1
introduce,1
unanimous,1
allow,1
blamed,1
harbor,1
escalation,1
entered,1
entering,1
hands,1
commiserate,1
seven,1
deal,1
rebirth,1
events,1
noting,1
montefiore,1
philosophical,1
respects,1
further,1
reformer,1
equally,1
poverty,1
entertaining,1
czechoslovakia,1
mediated,1
province,1
population,1
companies,1
revive,1
cannot,1
tsars,1
suffered,1
younger,1
rubber,1
judicial,1
vehicles,1
taught,1
kucherov,1
comprehension,1
opposition,1
public,1
stations,1
near,1
possibility,1
wants,1
warriors,1
taxes,1
christianity,1
directly,1
none,1
sphere,1
network,1
autocracy,1
judiciary,1
degrees,1
revealed,1
modesty,1
kouchner,1
used,1
formerly,1
cheney,1
idealistic,1
bullets,1
responding,1
vote,1
coach,1
purpose,1
example,1
terrorist,1
calls,1
anew,1
supreme,1
tune,1
experiencing,1
experience,1
criticized,1
dozens,1
approve,1
roll,1
tale,1
describe,1
older,1
inherited,1
broad,1
partly,1
underscored,1
call,1
horrified,1
nazi,1
believes,1
doubtful,1
week,1
drug,1
graduate,1
misguided,1
sebag,1
citing,1
signing,1
flee,1
neck,1
tone,1
responses,1
estonia,1
beneficial,1
officials,1
successful,1
hard,1
congratulate,1
ambassador,1
revolution,1
seized,1
protest,1
nobel,1
sings,1
contrast,1
clothes,1
destiny,1
sharp,1
midst,1
arbitrary,1
emerging,1
sake,1
openly,1
okruashvili,1
chamberlain,1
initiating,1
accomplished,1
highly,1
depression,1
industry,1
prerogative,1
notorious,1
suddenly,1
dostoyevski,1
philip,1
parliament,1
christians,1
annual,1
generally,1
beacon,1
up,1
jordan,1
wife,1
rossiya,1
newly,1
lincoln,1
visit,1
monarchy,1
moved,1
phase,1
selfcenteredness,1
championed,1
champion,1
transforming,1
battle,1
critical,1
therefore,1
republican,1
lenin,1
led,1
second,1
situation,1
business,1
inhabit,1
cuban,1
positions,1
entitled,1
humanist,1
bringing,1
letters,1
action,1
short,1
blessed,1
excessive,1
expansion,1
pushkin,1
bolshevik,1
secondly,1
play,1
tried,1
notoriously,1
oversight,1
community,1
bloc,1
july,1
above,1
kremlinologists,1
manifest,1
standing,1
initially,1
reforming,1
westernstyle,1
backed,1
hold,1
positive,1
antagonisms,1
aggressor,1
fighting,1
forecast,1
percentage,1
sideline,1
arps,1
repression,1
violence,1
refusing,1
security,1
salvation,1
experienced,1
read,1
serve,1
disingenuously,1
mission,1
evil,1
message,1
enfeebled,1
j,1
selective,1
favorable,1
nonamericans,1
infrastructure,1
liberty,1
islam,1
culture,1
keeping,1
incompetent,1
oswald,1
largest,1
these,1
provocative,1
scraps,1
emotional,1
violations,1
boost,1
cage,1
viktor,1
fan,1
successfully,1
french,1
paul,1
heritage,1
attacks,1
albania,1
stated,1
fell,1
condescending,1
khruschev,1
pointed,1
enmities,1
responsibilities,1
bankrupt,1
missing,1
secretive,1
shows,1
longer,1
idea,1
paramount,1
valid,1
hollow,1
scholars,1
striking,1
moribund,1
taxi,1
afraid,1
match,1
demonstrations,1
governed,1
incompetency,1
toasted,1
arthur,1
doubt,1
contends,1
administrations,1
resolved,1
golden,1
habit,1
overleveraged,1
minister,1
confederacy,1
never,1
outside,1
greeted,1
wild,1
do,1
irakli,1
covered,1
manner,1
nicolas,1
where,1
continuing,1
developing,1
seventeenth,1
income,1
renaissance,1
autocrat,1
answer,1
venezuela,1
necessary,1
ceasefires,1
deep,1
gdp,1
perhaps,1
weaken,1
remarked,1
bully,1
investigative,1
sell,1
distance,1
ordinary,1
fundamentals,1
brutally,1
heed,1
thoroughly,1
degree,1
wrapped,1
simon,1
demonstrated,1
fundamentally,1
divided,1
averaged,1
intimate,1
skepticism,1
turkey,1
birth,1
sacrifices,1
eighteenth,1
bear,1
values,1
locate,1
imploded,1
israel,1
formal,1
delicate,1
distinctly,1
enormous,1
rehabilitation,1
looking,1
contacts,1
recover,1
medium,1
warming,1
wonder,1
poignant,1
thriving,1
significant,1
use,1
assumption,1
longworth,1
harvard,1
shorn,1
recovery,1
continue,1
cathedral,1
franklin,1
trust,1
embark,1
propagate,1
eleventh,1
complicated,1
initiatives,1
described,1
open,1
diplomacy,1
historic,1
reality,1
welcomed,1
talk,1
modernization,1
agreement,1
definitely,1
ottoman,1
essay,1
supportive,1
urge,1
courted,1
someone,1
peacekeepers,1
parts,1
renewal,1
losing,1
pension,1
provides,1
thomas,1
exchange,1
repeated,1
margin,1
favored,1
bishops,1
pearl,1
problems,1
enlightenment,1
somehow,1
internal,1
article,1
commentators,1
systems,1
promote,1
newspapers,1
businesses,1
postworld,1
detente,1
structure,1
enemies,1
priests,1
italy,1
northern,1
slide,1
occupied,1
overthrow,1
breakaway,1
tendency,1
joint,1
embodied,1
achieve,1
attention,1
concluded,1
performing,1
alaska,1
malta,1
screeching,1
implicitly,1
glasnost,1
honolulu,1
christian,1
me,1
continued,1
movements,1
chance,1
patriotic,1
five,1
buyers,1
outsiders,1
consent,1
types,1
piece,1
claimed,1
fear,1
longtime,1
begin,1
exacerbated,1
inside,1
widespread,1
resumed,1
naively,1
slow,1
mess,1
army,1
strongly,1
team,1
establish,1
interacting,1
polls,1
economists,1
philosopher,1
transformation,1
recognize,1
executive,1
indicate,1
why,1
successor,1
surprising,1
dead,1
table,1
education,1
enforced,1
resurgent,1
night,1
months,1
sympathy,1
face,1
repressed,1
reconnection,1
gathered,1
impacted,1
fought,1
boris,1
freeing,1
stable,1
matters,1
claims,1
enigma,1
acquired,1
peaceable,1
undertook,1
publicly,1
suggestions,1
persecution,1
latvia,1
deposited,1
then,1
flies,1
mcdonald,1
coat,1
believed,1
cordiality,1
conclusion,1
incorporated,1
peoples,1
must,1
struck,1
solitary,1
ever,1
reinforced,1
democracies,1
continues,1
known,1
summit,1
rival,1
membership,1
plea,1
aside,1
natural,1
mutually,1
tat,1
aksakov,1
each,1
books,1
sure,1
halt,1
tolstoi,1
devalued,1
shareholders,1
punahou,1
share,1
december,1
folk,1
gone,1
incorporating,1
prominence,1
daily,1
wall,1
surprised,1
universal,1
speech,1
absolutism,1
ratifying,1
exploiting,1
job,1
obviously,1
thinking,1
enemy,1
written,1
gas,1
number,1
build,1
cities,1
thaw,1
closest,1
mass,1
disputes,1
consciousness,1
type,1
senate,1
respect,1
turned,1
beginning,1
knows,1
helping,1
flight,1
game,1
according,1
n,1
unlikely,1
purchase,1
catastrophic,1
strained,1
capita,1
reactions,1
form,1
rising,1
pact,1
abraham,1
cause,1
particular,1
upstaged,1
maintain,1
statement,1
mere,1
doubled,1
recapturing,1
problem,1
dream,1
her,1
institute,1
dark,1
yield,1
imperial,1
balance,1
muscovites,1
incomes,1
ideal,1
suspicion,1
port,1
grand,1
vessels,1
gratitude,1
autocratic,1
remember,1
flom,1
boutiques,1
voice,1
gradual,1
multiple,1
ruled,1
emperor,1
press,1
became,1
riddle,1
inaugurated,1
sepulchre,1
prophetic,1
predecessors,1
activity,1
plans,1
worst,1
went,1
extensive,1
oil,1
commodities,1
officially,1
challenges,1
aspect,1
faculty,1
think,1
plunge,1
relates,1
ethnocentric,1
singapore,1
promoted,1
until,1
considering,1
euro,1
ignored,1
trusted,1
unexpectedly,1
initiated,1
write,1
samuel,1
catch,1
belarus,1
documentation,1
offer,1
joined,1
tango,1
grown,1
adoration,1
crimes,1
battling,1
opinions,1
renegging,1
writer,1
baptism,1
alumnus,1
colleagues,1
emasculation,1
off,1
baptised,1
philosophy,1
area,1
instinct,1
promptly,1
shift,1
campaign,1
ships,1
morning,1
territories,1
jefferson,1
removed,1
assumed,1
withdrew,1
pensions,1
mystery,1
hotel,1
resent,1
brink,1
promising,1
rethought,1
asks,1
deterring,1
adopted,1
winston,1
among,1
seek,1
north,1
philippines,1
observed,1
famous,1
virtue,1
meeting,1
resources,1
russoamerican,1
otherland,1
bury,1
major,1
increase,1
stunned,1
