WORDCOUNTS,WEIGHT
the,749
of,319
in,209
a,161
and,159
is,139
to,124
he,101
his,81
atlas,70
s,69
with,68
american,66
as,66
this,62
that,54
traveler,51
by,41
book,39
an,39
which,37
from,37
it,35
her,33
vollmann,31
for,30
i,29
are,28
you,28
love,27
death,27
not,27
on,27
but,26
double,26
other,25
where,25
self,24
power,24
new,24
was,21
journey,21
him,21
at,20
world,20
into,19
woman,18
no,17
t,17
or,17
out,16
sense,16
map,16
relations,15
wind,15
man,15
outside,15
relationship,15
space,14
its,14
contemporary,14
has,14
relationships,13
my,13
community,13
fragments,13
inside,13
then,13
himself,12
all,12
sexual,12
war,12
their,12
up,12
movement,12
words,12
another,12
she,12
fragment,11
place,11
only,11
city,11
now,10
one,10
america,10
york,10
however,10
yet,10
violence,10
present,10
so,10
me,10
who,10
through,10
difference,10
be,10
being,9
there,9
view,9
work,9
finds,9
spare,9
two,9
more,9
force,9
hope,9
any,9
have,9
does,8
center,8
history,8
first,8
inseparable,8
thus,8
opening,8
fujii,8
ideal,8
monetary,8
when,8
hikaru,8
time,8
nothing,8
relation,8
emphasis,8
between,8
final,7
position,7
desire,7
without,7
always,7
section,7
possibility,7
earth,7
cold,7
protagonist,7
still,7
others,7
free,7
subjectivity,7
solitude,7
like,7
can,7
text,7
each,7
very,7
while,7
subject,7
much,7
d,7
arctic,6
they,6
experience,6
money,6
dynamic,6
back,6
asymmetrical,6
white,6
escape,6
globalization,6
cannot,6
because,6
observer,6
us,6
ed,6
sarajevo,6
also,6
rejects,6
never,6
becomes,6
itself,6
life,6
canada,6
series,6
past,6
them,6
episodes,5
had,5
bakery,5
exalted,5
doubles,5
moment,5
weight,5
than,5
act,5
lives,5
train,5
crowd,5
whole,5
destination,5
people,5
personal,5
closing,5
around,5
doppelganger,5
already,5
foucault,5
longer,5
do,5
practice,5
violent,5
optimistic,5
parts,5
after,5
motif,5
here,5
everywhere,5
global,5
william,5
form,5
memories,5
come,5
quest,5
numerous,5
piece,5
go,4
page,4
way,4
linguistic,4
before,4
preceding,4
fragmentary,4
narrative,4
those,4
political,4
nowhere,4
trans,4
some,4
move,4
point,4
against,4
somalia,4
left,4
men,4
massey,4
rather,4
across,4
ellesmere,4
notion,4
deprived,4
michel,4
uncentered,4
rising,4
age,4
m,4
faced,4
station,4
p,4
seven,4
though,4
hardt,4
memory,4
failure,4
caught,4
island,4
collective,4
encounters,4
order,4
therefore,4
negri,4
cartography,4
vollmannian,4
object,4
indicates,4
about,4
under,4
home,4
intolerable,4
these,4
begins,4
exit,4
tries,4
stories,4
mark,4
added,4
john,4
end,4
butterfly,4
identity,4
prostitute,4
were,4
open,4
individual,4
function,4
need,4
we,4
been,4
pieces,4
male,4
know,4
defining,4
down,4
eventually,4
beginning,4
particular,4
freedom,4
cash,4
reveals,4
themselves,4
re,4
among,4
north,4
produces,3
struggle,3
common,3
fiction,3
formed,3
constitutes,3
tells,3
women,3
leads,3
round,3
said,3
either,3
every,3
attempts,3
might,3
dreams,3
nature,3
together,3
throughout,3
last,3
state,3
focus,3
americanism,3
existence,3
possible,3
marked,3
clear,3
keeps,3
narrator,3
willow,3
such,3
sacramento,3
mexico,3
landscape,3
realizes,3
travels,3
leaves,3
wanted,3
most,3
follow,3
moving,3
whom,3
scenes,3
events,3
further,3
fisher,3
appears,3
produced,3
promise,3
don,3
even,3
carries,3
part,3
thoughts,3
during,3
constitute,3
lady,3
forces,3
running,3
unbearable,3
somber,3
interrogation,3
examines,3
am,3
waiting,3
equality,3
matter,3
absence,3
play,3
says,3
make,3
boy,3
friend,3
accompanies,3
toward,3
motifs,3
smith,3
fact,3
idea,3
devoted,3
native,3
books,3
going,3
original,3
encounter,3
looking,3
points,3
disappointed,3
would,3
effect,3
guattari,3
maps,3
nexus,3
lost,3
discourse,3
construction,3
blood,3
lekhi,3
claims,3
constant,3
comes,3
simply,3
ever,3
concerns,3
principle,3
bangkok,3
different,3
politics,3
style,3
half,3
captures,3
historical,3
anymore,3
making,3
slethaug,3
leaving,3
dream,3
early,3
voice,3
episode,3
little,3
role,3
aspect,3
our,3
question,3
ultimately,3
opens,3
finally,3
deleuze,3
states,3
defined,3
off,3
era,3
ends,3
democracy,2
battlefield,2
if,2
enter,2
meaning,2
separated,2
represent,2
red,2
e,2
introduction,2
sphere,2
prostitutes,2
replaced,2
fate,2
sets,2
closure,2
solidarity,2
h,2
hair,2
presents,2
paper,2
feels,2
buys,2
turning,2
negative,2
redefines,2
romance,2
else,2
utopia,2
gilles,2
military,2
j,2
capitalist,2
imaginary,2
brian,2
reveal,2
gestures,2
real,2
converts,2
robert,2
within,2
case,2
globe,2
homelessness,2
linear,2
preoccupations,2
doreen,2
u,2
saying,2
right,2
authentic,2
establishing,2
west,2
invited,2
except,2
intermediary,2
conflict,2
central,2
lover,2
dying,2
run,2
since,2
stasis,2
domain,2
highlighting,2
uthe,2
manager,2
bus,2
old,2
body,2
third,2
explore,2
sniper,2
gaze,2
sister,2
chinese,2
may,2
how,2
reference,2
process,2
opportunity,2
loses,2
b,2
besteman,2
japanese,2
pages,2
bookstore,2
feel,2
fantasy,2
watching,2
nor,2
penh,2
postmodern,2
established,2
just,2
defines,2
boundary,2
instance,2
dominant,2
dispersion,2
conflicts,2
thinks,2
rohit,2
lead,2
location,2
could,2
félix,2
zone,2
constantly,2
ceases,2
your,2
having,2
future,2
closed,2
used,2
writers,2
r,2
psychological,2
london,2
arms,2
got,2
loss,2
year,2
fail,2
northwest,2
actually,2
et,2
away,2
novels,2
nameless,2
tears,2
own,2
relentless,2
change,2
buell,2
suggest,2
kong,2
destiny,2
night,2
involved,2
long,2
scattering,2
acts,2
presence,2
coast,2
core,2
vein,2
visible,2
describes,2
paid,2
hurley,2
achieves,2
slept,2
ank,2
gordon,2
will,2
ii,2
second,2
copernicus,2
onset,2
rome,2
expansion,2
limited,2
deadly,2
wait,2
female,2
brings,2
etc,2
domination,2
experiences,2
seemingly,2
thailand,2
bread,2
comforting,2
once,2
unfolds,2
soon,2
sex,2
neither,2
falls,2
complete,2
culture,2
al,2
belonging,2
hong,2
picture,2
social,2
disappointing,2
again,2
many,2
release,2
speaks,2
head,2
minnesota,2
wieviorka,2
antonio,2
forms,2
hand,2
mogadishu,2
michael,2
less,2
see,2
minneapolis,2
doubled,2
fight,2
argues,2
local,2
massumi,2
doomed,2
denies,2
questions,2
hour,2
aids,2
sees,2
overturned,2
similar,2
leave,2
keep,2
good,2
distinction,2
filled,2
provides,2
phnom,2
repeated,2
guilt,2
imaginative,2
eyes,2
dollars,2
nobody,2
postcold,2
faubion,2
james,2
harley,2
european,2
carried,2
asking,2
penguin,2
window,2
provide,2
crucial,2
vision,2
uncentering,2
lines,2
archaeology,2
slow,2
mood,2
seen,2
bears,2
analysis,2
united,2
face,2
share,2
loaf,2
ceaseless,2
following,2
redemption,2
changing,2
grand,2
constituted,2
enters,2
over,2
inquiry,2
visits,2
works,2
turned,2
what,2
economy,2
terms,2
namely,2
involvement,2
interval,2
loved,2
too,2
middle,2
turns,2
dismal,2
matches,2
vast,2
souls,2
representation,2
formation,2
idealism,2
cosmopolitan,2
powers,2
paradigm,2
catherine,2
discursive,2
insight,2
instead,2
modifies,2
although,2
typically,2
mccaffrey,2
followed,2
seeks,2
traveling,2
siege,2
specific,2
territories,2
searching,2
potential,2
dark,2
given,2
fabricated,2
г,2
workings,2
major,2
deeper,2
resolve,1
grasped,1
belgradeand,1
wishful,1
o,1
customer,1
prostitution,1
horizontal,1
later,1
indicated,1
altamira,1
asymmetric,1
centering,1
ready,1
melody,1
gravitational,1
fingers,1
arrive,1
assembles,1
alone,1
thai,1
intersect,1
starts,1
relationsas,1
berlin,1
expect,1
everybody,1
unsuccessful,1
rolled,1
stripped,1
becoming,1
rienner,1
obsolete,1
utterance,1
conveys,1
mobility,1
larry,1
designed,1
stays,1
precede,1
locked,1
referring,1
remind,1
drowns,1
prince,1
ways,1
remnants,1
completely,1
centrifugal,1
jonathan,1
outstretched,1
entangle,1
modern,1
flows,1
boulder,1
assumption,1
ecstatically,1
western,1
pantheon,1
encourage,1
conforming,1
traveller,1
uses,1
something,1
savior,1
eye,1
source,1
vanishes,1
immanent,1
practices,1
permitted,1
northward,1
anything,1
australia,1
hence,1
specifically,1
constituting,1
supposedly,1
container,1
flags,1
voices,1
discovers,1
tighten,1
obeying,1
implications,1
give,1
chaos,1
abound,1
attempt,1
progression,1
xxi,1
ourselves,1
relationshipthe,1
glimpsed,1
maleare,1
liberty,1
vladimir,1
hatred,1
joins,1
definition,1
confirmed,1
possibilities,1
reach,1
tour,1
allan,1
individuals,1
ble,1
accompanied,1
display,1
simple,1
confusion,1
solace,1
geoff,1
buyer,1
accumulated,1
origin,1
disgust,1
defy,1
achievement,1
follows,1
check,1
hundred,1
onto,1
concludes,1
composition,1
room,1
take,1
loves,1
antipathy,1
subsequent,1
introduces,1
maurice,1
failures,1
pursues,1
mind,1
date,1
undertone,1
precisely,1
consulting,1
smashes,1
reading,1
hostile,1
dressed,1
confused,1
subjugation,1
context,1
disorder,1
weighing,1
akin,1
side,1
empty,1
crystal,1
dancing,1
decentenng,1
hein,1
stretched,1
east,1
advice,1
motion,1
mutates,1
bones,1
sheridan,1
signifier,1
quantities,1
opened,1
occupying,1
determined,1
watched,1
globalist,1
withdrawal,1
condition,1
burning,1
reaction,1
solely,1
functions,1
alter,1
richard,1
pastthe,1
crossed,1
wearily,1
purchases,1
whatever,1
mental,1
smooth,1
say,1
reflecting,1
far,1
flatly,1
unify,1
cited,1
sachs,1
above,1
along,1
promises,1
themdouble,1
unhappy,1
silhouette,1
herzegovina,1
lights,1
catacomb,1
exhausts,1
rifle,1
optimism,1
walnut,1
repeatedly,1
human,1
goal,1
phase,1
indefinite,1
review,1
married,1
walrus,1
historically,1
montreal,1
possibleit,1
dynamics,1
initial,1
due,1
interior,1
predetermined,1
edgar,1
helen,1
incessantly,1
assumes,1
decomposes,1
characteristic,1
ow,1
southern,1
friedman,1
living,1
thank,1
snake,1
forced,1
kind,1
exercise,1
turn,1
unity,1
refuses,1
pushed,1
elements,1
maintaining,1
blizzard,1
perspective,1
frustrating,1
blank,1
greyhound,1
refer,1
cancel,1
contrary,1
boxing,1
young,1
attests,1
witnessed,1
overcomes,1
despair,1
find,1
catacombs,1
y,1
mirrored,1
blue,1
essays,1
look,1
constructs,1
critique,1
apparently,1
terror,1
inviting,1
urgent,1
smiling,1
ma,1
intuition,1
finishes,1
grasp,1
battles,1
awkward,1
bookin,1
site,1
steps,1
fixes,1
betrays,1
wishes,1
whose,1
reflects,1
operations,1
statements,1
english,1
tiger,1
camp,1
purely,1
slavery,1
grid,1
emanates,1
main,1
developed,1
angeles,1
mesmerized,1
interpretation,1
possession,1
basic,1
activist,1
mean,1
sherman,1
goes,1
titled,1
risk,1
coffee,1
strands,1
strange,1
benjamin,1
disintegration,1
institutionalized,1
witness,1
creek,1
evaporates,1
lay,1
nabokov,1
incapability,1
satellites,1
reappears,1
buries,1
guides,1
raymond,1
fulfill,1
bungled,1
modified,1
defies,1
romantic,1
day,1
mission,1
vastly,1
genocide,1
tensions,1
organization,1
river,1
familiar,1
literary,1
yellow,1
slowly,1
emergence,1
disappointment,1
linked,1
specify,1
liberal,1
yearning,1
n,1
attain,1
completion,1
solidified,1
displays,1
excitement,1
inextricable,1
differs,1
witnessing,1
threat,1
unbearableness,1
heller,1
gleaming,1
operate,1
occupied,1
powerful,1
pumping,1
surface,1
beyond,1
depart,1
disintegrating,1
spins,1
mauritius,1
puts,1
restaurant,1
delude,1
escapes,1
likens,1
pieceseach,1
important,1
strategy,1
providing,1
undermines,1
strengthen,1
eludes,1
appear,1
invading,1
disappeared,1
veil,1
union,1
whereas,1
liberatory,1
character,1
standards,1
result,1
pretending,1
narration,1
came,1
walk,1
romances,1
appearance,1
heavenly,1
found,1
entered,1
hands,1
search,1
called,1
determines,1
typical,1
sights,1
mapping,1
argall,1
livesappear,1
demands,1
shared,1
madagascar,1
hopkins,1
configuration,1
eat,1
nail,1
testimony,1
longitude,1
frustrations,1
late,1
unobserved,1
rescuing,1
outset,1
sighted,1
understood,1
cultural,1
halls,1
silence,1
mediated,1
abounds,1
reconfirms,1
fabricate,1
attracts,1
meet,1
wherein,1
sovereignty,1
exhaustion,1
appearing,1
otherwise,1
troops,1
safe,1
smashing,1
dialectic,1
refuge,1
approached,1
reluctantly,1
opposition,1
method,1
oh,1
property,1
foregrounds,1
expressions,1
aspects,1
undermined,1
well,1
shape,1
colonies,1
stood,1
spheres,1
line,1
idealistic,1
bounded,1
climb,1
argali,1
carry,1
blinking,1
overturn,1
heart,1
womenin,1
unless,1
divides,1
explains,1
civil,1
knowledge,1
apparent,1
confined,1
stares,1
crawling,1
description,1
scars,1
reminded,1
repeating,1
literature,1
hybridity,1
realm,1
toronto,1
demonstrates,1
intensifies,1
rocked,1
knees,1
runs,1
speaking,1
requiem,1
prisoner,1
call,1
poe,1
disavows,1
hampshire,1
sensibility,1
achieving,1
honeycomb,1
wanders,1
project,1
artifact,1
federman,1
glitter,1
gap,1
quarterly,1
someone,1
commerce,1
giant,1
qualifications,1
corresponds,1
negligible,1
reinforces,1
next,1
grass,1
theater,1
rushed,1
repetition,1
quite,1
spatiotemporal,1
imagined,1
small,1
specificity,1
separately,1
accomplished,1
fictive,1
highly,1
shines,1
revealing,1
narrating,1
brought,1
invoke,1
mapthere,1
suddenly,1
whereabouts,1
impossible,1
characterizes,1
beacon,1
ensemble,1
results,1
value,1
revolutions,1
pot,1
haunting,1
enjoy,1
seemed,1
avoid,1
nations,1
waitress,1
void,1
collectivity,1
happen,1
pragmatics,1
san,1
transform,1
underground,1
situation,1
forever,1
minor,1
functioning,1
boards,1
auster,1
cosmological,1
identified,1
subverted,1
separation,1
misty,1
short,1
indeed,1
happy,1
drama,1
die,1
located,1
overall,1
cloud,1
theorizing,1
brief,1
exception,1
upward,1
breath,1
belonginghe,1
establishes,1
narrators,1
intervention,1
rigid,1
comments,1
transgressing,1
precedes,1
situatedwhen,1
collapsed,1
redistributing,1
spot,1
kimono,1
strategic,1
single,1
thrusting,1
trains,1
seizes,1
makes,1
towards,1
thought,1
rain,1
seeing,1
ne,1
latitude,1
signaling,1
perceived,1
reconsideration,1
riots,1
rode,1
acting,1
light,1
same,1
baltimore,1
veritable,1
largest,1
phenomenon,1
exacerbating,1
algeria,1
spangles,1
quotations,1
rise,1
harper,1
regardless,1
fix,1
street,1
inhabitants,1
starting,1
fire,1
name,1
dilemma,1
westward,1
paul,1
law,1
enveloped,1
business,1
frederick,1
fragmentation,1
diesel,1
approaching,1
conceived,1
put,1
goodbye,1
water,1
incorporates,1
communal,1
expose,1
phantom,1
limit,1
areas,1
banal,1
abstract,1
rotated,1
enable,1
really,1
sleep,1
grows,1
everything,1
considerable,1
dramas,1
genealogy,1
took,1
leviathan,1
murmured,1
everyday,1
electricity,1
geography,1
inescapably,1
chain,1
signifying,1
cambodia,1
road,1
continuing,1
empire,1
armed,1
hated,1
jenny,1
interview,1
ontological,1
confrontation,1
dance,1
uttered,1
laden,1
assortment,1
perceives,1
chronologically,1
packs,1
sell,1
presuppose,1
forecloses,1
weakly,1
gives,1
machiavelli,1
transparent,1
thoroughly,1
meandering,1
reminds,1
matrix,1
discussion,1
cancels,1
excluding,1
examples,1
background,1
virgin,1
scheme,1
sober,1
contours,1
locate,1
wretched,1
region,1
participatory,1
inexorably,1
bullet,1
dollar,1
telos,1
top,1
pearand,1
entirely,1
significant,1
expression,1
use,1
food,1
affection,1
transcendent,1
refers,1
itinerary,1
prospective,1
aesthetics,1
rescue,1
sequence,1
survey,1
harvard,1
bed,1
ethnic,1
maintains,1
engaged,1
continue,1
trip,1
deployed,1
stayed,1
bedroom,1
involves,1
described,1
particularslos,1
sunken,1
versions,1
significance,1
cease,1
diplomacy,1
three,1
followedinvolving,1
grew,1
uncontrollable,1
gesture,1
certain,1
clue,1
revolve,1
logic,1
co,1
embrace,1
bennington,1
homes,1
allowed,1
threw,1
memorizes,1
revised,1
geographically,1
period,1
inventing,1
summer,1
garbashars,1
played,1
serves,1
kept,1
chilly,1
black,1
latter,1
imagination,1
gets,1
rotational,1
especially,1
internal,1
disclosed,1
constructing,1
feet,1
absoluteness,1
become,1
partsin,1
epistemology,1
windnow,1
overcome,1
reestablishing,1
unites,1
masculine,1
hunters,1
claiming,1
sullenly,1
continually,1
looks,1
dominance,1
travelers,1
italy,1
equivalent,1
looked,1
gusty,1
ground,1
saw,1
institution,1
destruction,1
hanover,1
perverted,1
achieve,1
vain,1
mappings,1
sole,1
cigarettes,1
anatomy,1
visit,1
haunts,1
dispersing,1
sage,1
fifty,1
ferguson,1
flesh,1
modification,1
gloomy,1
peers,1
ejaculated,1
flower,1
bookthe,1
meets,1
loveliness,1
movements,1
figure,1
johns,1
dreamed,1
plays,1
fear,1
hill,1
exacerbated,1
vertical,1
deaths,1
recognizes,1
postnationalism,1
means,1
twain,1
undertakes,1
un,1
panhandler,1
began,1
alexie,1
transformation,1
recognize,1
countries,1
testifies,1
why,1
often,1
possessive,1
expectations,1
kill,1
globalism,1
rewrites,1
existed,1
fall,1
reminisces,1
frontier,1
breasts,1
aspirations,1
dead,1
citizens,1
exists,1
get,1
shrieked,1
rim,1
paying,1
occupies,1
thwarts,1
dramaturgy,1
antarctic,1
stable,1
affect,1
ensure,1
bench,1
tunefully,1
reciprocal,1
thinking,1
girls,1
terrible,1
dispersed,1
impulse,1
conclusion,1
loaves,1
incorporated,1
predicate,1
ve,1
extending,1
struck,1
scarcely,1
continues,1
inuk,1
theme,1
woody,1
shop,1
totality,1
constructed,1
protagonists,1
michiavell,1
vacant,1
dualistic,1
premonition,1
glimpse,1
offers,1
affirmative,1
set,1
quarrelling,1
summons,1
drowned,1
partner,1
correspond,1
embassy,1
novel,1
routledge,1
exploration,1
seem,1
prototypical,1
unknown,1
pragmatic,1
argue,1
tenderness,1
domestic,1
returns,1
foundation,1
ruinan,1
er,1
partakes,1
expresses,1
privileged,1
exhausting,1
associated,1
identities,1
thigh,1
poleits,1
accepts,1
passage,1
emerges,1
tunnels,1
interactive,1
places,1
hint,1
dreary,1
born,1
according,1
lenticular,1
barth,1
delineated,1
explanations,1
investigation,1
poses,1
kevin,1
nationalist,1
ones,1
muqdisho,1
duplication,1
lane,1
concourse,1
maintain,1
differentiates,1
radicalization,1
axis,1
writes,1
escapist,1
spheroidthat,1
problem,1
heavier,1
getting,1
brilliant,1
constitutional,1
produce,1
tip,1
pleases,1
bosnia,1
suggests,1
tracks,1
w,1
travel,1
front,1
edkins,1
gratitude,1
both,1
tent,1
remember,1
authors,1
disparate,1
despite,1
resentful,1
joining,1
eleanor,1
disappointments,1
innocent,1
african,1
giving,1
infamous,1
tried,1
lies,1
returning,1
went,1
disappears,1
screen,1
recounts,1
glide,1
tenable,1
rebels,1
pol,1
snow,1
writing,1
oeuvre,1
budapest,1
keynote,1
terminal,1
leap,1
analogy,1
buying,1
gazes,1
refugees,1
years,1
cambridge,1
disappear,1
intensified,1
mutual,1
reconsiders,1
finding,1
illinois,1
motives,1
sat,1
blanchot,1
include,1
touches,1
land,1
promiscuous,1
canadian,1
product,1
writer,1
involving,1
effects,1
philosophy,1
captain,1
walking,1
remains,1
francisco,1
carbondale,1
morning,1
doubtless,1
substitute,1
tenderly,1
kauffman,1
transitory,1
reached,1
sits,1
agrees,1
sharing,1
composing,1
civilian,1
exclusively,1
asks,1
spectral,1
entire,1
traditional,1
bees,1
immediately,1
counts,1
strong,1
seek,1
deathone,1
tired,1
beings,1
should,1
bodyyou,1
built,1
close,1
interrogated,1
occur,1
perpetual,1
