WORDCOUNTS,WEIGHT
the,252
of,181
a,102
de,99
and,96
to,90
is,78
et,55
je,52
in,48
rousseau,45
his,44
d,40
la,39
by,37
this,32
le,32
j,30
s,29
que,29
that,28
l,28
warens,28
ne,27
un,27
qu,27
it,26
mme,26
which,26
on,26
en,23
les,23
une,23
dans,23
an,21
des,20
m,19
me,19
with,19
p,18
be,18
he,17
these,17
qui,16
for,16
elle,16
time,16
du,15
confessions,15
one,14
i,14
are,14
pour,14
n,14
reader,13
si,13
life,13
not,13
plus,12
il,12
lui,12
who,12
past,12
her,12
at,11
ma,11
but,11
avec,11
have,11
fut,10
such,10
mon,10
ou,10
sans,10
or,10
art,10
tout,9
ce,9
only,9
maman,9
as,9
bien,9
pas,9
years,9
truth,8
there,8
est,8
has,8
mais,8
cette,8
more,8
present,8
vous,8
au,8
all,7
real,7
autre,7
se,7
love,7
paris,7
been,7
par,7
son,7
cceur,7
jour,7
etoit,7
between,7
they,6
first,6
book,6
y,6
how,6
latter,6
my,6
comme,6
memory,6
future,6
feelings,6
artist,6
avois,6
man,6
after,6
she,6
from,6
very,6
recollections,6
nous,6
page,5
ii,5
ans,5
mind,5
cela,5
author,5
dont,5
whose,5
was,5
rien,5
well,5
may,5
about,5
once,5
meme,5
books,5
would,5
him,5
illusory,5
force,5
here,5
duration,5
youth,5
c,5
sa,4
toujours,4
into,4
quel,4
last,4
fait,4
possible,4
rous,4
ai,4
even,4
critics,4
mes,4
their,4
means,4
cet,4
had,4
lieu,4
parle,4
order,4
pouvoit,4
souvenir,4
vie,4
etat,4
pp,4
same,4
vois,4
jours,4
manner,4
celui,4
heureux,4
dit,4
seau,4
then,4
ame,4
charmettes,4
intention,4
through,4
memories,4
question,4
allez,4
sur,4
vis,4
does,3
now,3
way,3
created,3
trans,3
succession,3
celle,3
true,3
larmes,3
etre,3
date,3
peut,3
existence,3
thus,3
contrary,3
quand,3
than,3
promenade,3
literary,3
deja,3
artistic,3
moving,3
henceforth,3
temmer,3
description,3
tels,3
etois,3
premiere,3
change,3
promeneur,3
coup,3
destiny,3
few,3
moins,3
ceil,3
toute,3
second,3
indeed,3
still,3
encore,3
ed,3
two,3
also,3
pourtant,3
mark,3
many,3
come,3
men,3
do,3
quoi,3
desires,3
autobiography,3
upon,3
peu,3
sequence,3
ibid,3
were,3
reality,3
so,3
artificial,3
autobiographer,3
story,3
we,3
depuis,3
vision,3
mood,3
when,3
tems,3
puis,3
sens,3
ever,3
ont,3
homme,3
happiness,3
what,3
pontverre,3
gradually,3
bonheur,3
problem,3
indifference,3
attendre,3
femme,3
frappe,3
jeune,3
entiere,3
jamais,3
ete,3
solitaire,3
meeting,3
go,2
done,2
autres,2
prefer,2
later,2
stylistic,2
meaning,2
tion,2
esprit,2
per,2
aller,2
lors,2
ardent,2
former,2
history,2
tells,2
themes,2
being,2
notre,2
vos,2
feeling,2
vols,2
beautiful,2
nature,2
leading,2
ble,2
follows,2
studied,2
anciennes,2
court,2
achieved,2
written,2
dure,2
moi,2
reading,2
reverie,2
con,2
arrive,2
relive,2
aupres,2
account,2
some,2
point,2
goutois,2
objective,2
voila,2
himself,2
duree,2
since,2
fenelon,2
moment,2
dame,2
pay,2
besoin,2
sejour,2
convincing,2
find,2
like,2
leurs,2
obscure,2
souvent,2
fus,2
hardly,2
adjust,2
impressions,2
objet,2
ment,2
interesting,2
no,2
hopes,2
commune,2
importance,2
strange,2
pages,2
trouvai,2
guere,2
reve,2
soul,2
image,2
atteins,2
consciousness,2
air,2
age,2
graces,2
madame,2
instance,2
mo,2
ear,2
result,2
reveries,2
could,2
falsify,2
viewpoint,2
lived,2
out,2
relate,2
douceur,2
avoit,2
shall,2
preparer,2
appears,2
cannot,2
however,2
lecteur,2
impression,2
faire,2
part,2
purpose,2
tristesse,2
secret,2
annecy,2
place,2
friend,2
dieu,2
showing,2
entrer,2
verite,2
beauty,2
vieille,2
appeal,2
will,2
therefore,2
avoir,2
bonne,2
its,2
short,2
return,2
make,2
euvres,2
fois,2
read,2
proust,2
us,2
heureuse,2
already,2
begins,2
rise,2
chose,2
dire,2
name,2
again,2
fin,2
others,2
jeanjacques,2
pauvre,2
effet,2
passer,2
presque,2
xm,2
possi,2
new,2
presente,2
venture,2
tendre,2
non,2
peinture,2
style,2
number,2
day,2
ingenious,2
own,2
discovery,2
concern,2
questions,2
nothing,2
virtues,2
objets,2
georges,2
fellow,2
distinction,2
shortly,2
especially,2
sentiment,2
become,2
sensible,2
doit,2
longtems,2
aspirations,2
quelque,2
pres,2
exciter,2
lines,2
benedetto,2
lost,2
seen,2
anxiety,2
length,2
idyll,2
analysis,2
respect,2
itself,2
assez,2
forth,2
faut,2
neglected,2
rarely,2
constant,2
following,2
must,2
known,2
temporal,2
premonition,2
offers,2
know,2
sure,2
eveille,2
seem,2
did,2
passage,2
instant,2
according,2
them,2
extent,2
dream,2
temps,2
soit,2
both,2
votre,2
became,2
tender,2
voyage,2
our,2
false,2
avons,2
attendrissement,2
frame,2
finally,2
need,2
cesse,2
writer,2
semblance,2
needs,2
ascendancy,2
aucun,2
among,2
should,2
plaisir,2
appeasement,1
courts,1
adorois,1
jeunesse,1
heloise,1
confessor,1
recontre,1
manque,1
rendu,1
faculties,1
frappans,1
child,1
croit,1
digressions,1
bienheureux,1
quels,1
edge,1
sais,1
common,1
car,1
revue,1
robuste,1
excede,1
everyone,1
credibility,1
volupte,1
alone,1
imperceptibly,1
mundane,1
introduction,1
voracious,1
preliminaires,1
unbiased,1
disregard,1
ceuvre,1
passing,1
sympathetic,1
church,1
becoming,1
juxtaposition,1
amazing,1
liaison,1
led,1
complex,1
replaced,1
sien,1
fate,1
nostalgia,1
terminant,1
nouveau,1
servit,1
cours,1
hors,1
occupe,1
rameaux,1
constitutes,1
dort,1
ways,1
each,1
affective,1
fortunate,1
agreable,1
lettre,1
foreshadows,1
trace,1
protection,1
devices,1
vies,1
pittard,1
charitable,1
erreur,1
before,1
inalterable,1
tendrement,1
unite,1
fulfillment,1
surfi,1
retrouver,1
matin,1
lieved,1
hints,1
aujourd,1
experience,1
pitiful,1
schinz,1
said,1
painful,1
fabric,1
cast,1
espere,1
passion,1
gap,1
t,1
transitions,1
stressed,1
sodes,1
intirieur,1
philosophers,1
humble,1
hence,1
invention,1
parce,1
torical,1
supposedly,1
sad,1
guehenno,1
gre,1
fund,1
implications,1
give,1
attempt,1
secretary,1
admonition,1
indulgent,1
expectation,1
separames,1
ruisseaux,1
england,1
oubliee,1
degres,1
switzerland,1
bleus,1
declares,1
words,1
apologize,1
immense,1
gorge,1
knowing,1
jections,1
elegiac,1
warm,1
objectivized,1
monts,1
great,1
disenchantment,1
insensible,1
eparses,1
corrige,1
quant,1
wave,1
analyses,1
empressement,1
pretense,1
narrative,1
senses,1
achievement,1
transforms,1
reveal,1
vepres,1
bovary,1
religion,1
artfully,1
take,1
substituer,1
separated,1
consist,1
embrassai,1
precisely,1
eleventh,1
reminiscent,1
fillment,1
investigations,1
romancees,1
intelligence,1
hostile,1
within,1
confes,1
aimasse,1
depends,1
unconscious,1
case,1
evaluation,1
dura,1
owing,1
espace,1
directement,1
sought,1
avertir,1
knowingly,1
mienne,1
trompe,1
touchante,1
draw,1
avoient,1
maisons,1
avenir,1
chapter,1
echauffe,1
menez,1
inner,1
logical,1
lifetime,1
maladroite,1
pre,1
illustrate,1
oedipus,1
solely,1
emu,1
ouvre,1
irreparable,1
fleuries,1
fine,1
emile,1
vanity,1
mental,1
gouvon,1
say,1
except,1
artful,1
rela,1
autobi,1
uncertain,1
pareil,1
tous,1
scandal,1
assurement,1
juvenile,1
pensois,1
treatise,1
rence,1
revois,1
airs,1
sheltered,1
exhausts,1
auparavant,1
moimeme,1
succeed,1
preoccupied,1
weakens,1
jouissance,1
chapters,1
beaux,1
deux,1
review,1
experiences,1
archimandrite,1
accuracy,1
facts,1
agreement,1
apprenticeship,1
dejeuner,1
oiseaux,1
development,1
conceals,1
initial,1
interior,1
psy,1
disarming,1
realized,1
silent,1
remorse,1
charming,1
neanmoins,1
characteristic,1
surcroit,1
relations,1
furnishing,1
santa,1
tressaillir,1
cherries,1
bemoans,1
realization,1
laide,1
adolphe,1
assured,1
gusdorf,1
pleins,1
regarder,1
gueres,1
judged,1
dis,1
disclose,1
progressive,1
turn,1
chez,1
reveil,1
prophecy,1
appelle,1
nor,1
old,1
self,1
deeds,1
perspective,1
voix,1
concerning,1
attentif,1
profound,1
back,1
deed,1
funda,1
nouveaux,1
rediscovering,1
young,1
vaste,1
quit,1
dates,1
arranged,1
left,1
familiarite,1
espece,1
third,1
fourth,1
avowal,1
accoutume,1
messe,1
ouvert,1
lorsque,1
drawn,1
satiation,1
details,1
mettes,1
amie,1
envisage,1
empechoit,1
occasion,1
metamorphosis,1
wanderlust,1
dois,1
though,1
ravissements,1
nique,1
haze,1
infinite,1
ton,1
ajouta,1
error,1
brillante,1
patroness,1
van,1
ers,1
femmes,1
surprisingly,1
etoient,1
tremblante,1
aimer,1
fort,1
geneva,1
foretell,1
york,1
added,1
ancienne,1
laisser,1
hesitant,1
embellished,1
bassador,1
testimony,1
etudes,1
montaigne,1
rather,1
tranquillite,1
rappelerent,1
destroy,1
enlivened,1
arsene,1
main,1
pretends,1
ironic,1
sort,1
roi,1
landscape,1
riveries,1
presentation,1
eulogy,1
forgives,1
baisers,1
unique,1
poulet,1
realizes,1
guided,1
contour,1
inceste,1
tel,1
supplement,1
beckons,1
ex,1
similar,1
absorber,1
certain,1
benjamin,1
disintegration,1
tionship,1
witness,1
nos,1
study,1
reborn,1
uncertainties,1
reforms,1
space,1
commentaries,1
tance,1
moreover,1
ames,1
eleve,1
pleasures,1
raymond,1
dira,1
understand,1
solutions,1
changes,1
vue,1
romantic,1
entrois,1
discr,1
tandis,1
carillon,1
superimpose,1
preclude,1
consider,1
cois,1
retirer,1
veritablement,1
voler,1
imagination,1
established,1
familiar,1
visite,1
froidement,1
consiste,1
compte,1
tention,1
larnage,1
imperceptible,1
edition,1
monde,1
enchanteresse,1
imitation,1
bernex,1
idee,1
avions,1
calendar,1
too,1
ville,1
pannee,1
cunning,1
doucement,1
veut,1
most,1
show,1
elever,1
empscha,1
solidite,1
legends,1
devins,1
ceux,1
navre,1
followed,1
ful,1
seconde,1
hereafter,1
ellememe,1
willing,1
portrays,1
trouvois,1
injustice,1
writes,1
retourne,1
imminent,1
care,1
bras,1
indistinct,1
strengthen,1
appear,1
conflicts,1
paragraph,1
trop,1
cinquante,1
friends,1
whereas,1
despaired,1
laquelle,1
theft,1
paisibles,1
jadis,1
decay,1
whom,1
laquais,1
lulls,1
dichtung,1
found,1
maintenant,1
ils,1
relating,1
encounter,1
deal,1
convertisseuse,1
demands,1
reponse,1
shared,1
prepare,1
primacy,1
tragicomedy,1
excite,1
eu,1
insisting,1
effrayante,1
constantly,1
poetry,1
pitfalls,1
sentimens,1
lent,1
inversion,1
infatuated,1
hui,1
pure,1
vulgaire,1
surprendre,1
understood,1
missionnaires,1
let,1
simulate,1
sentimental,1
tergiversates,1
careless,1
fabricate,1
souriant,1
intensity,1
promise,1
excellent,1
join,1
bienfaits,1
anecdote,1
unforgettable,1
approached,1
wahrheit,1
public,1
died,1
rheriesdupromeneursolitaire,1
adolescent,1
plaire,1
musique,1
discours,1
because,1
souviendrai,1
distinguishes,1
char,1
catinat,1
passoient,1
having,1
lentement,1
basis,1
rearranges,1
genre,1
versatilite,1
revealed,1
souviens,1
literature,1
work,1
realisee,1
bacle,1
start,1
writers,1
preferred,1
women,1
heart,1
r,1
eh,1
psychological,1
helas,1
sin,1
discusses,1
bois,1
example,1
imaginaire,1
marvel,1
knowledge,1
apparent,1
sensibilite,1
comment,1
confirms,1
reminiscences,1
data,1
thoughts,1
surprise,1
ographical,1
penser,1
year,1
reveille,1
fit,1
solemnity,1
etit,1
during,1
fis,1
echappa,1
libre,1
subtly,1
contains,1
imitations,1
rappelle,1
call,1
verre,1
forces,1
charme,1
illustrious,1
apologist,1
sembloit,1
courant,1
suivi,1
project,1
confession,1
tears,1
sions,1
miss,1
swore,1
universally,1
rendered,1
visage,1
weeks,1
count,1
encounters,1
errors,1
either,1
precisement,1
subtle,1
selfrecreation,1
good,1
least,1
trouve,1
eussions,1
sense,1
caused,1
fulfilled,1
extase,1
eglise,1
cruel,1
ego,1
rechignee,1
petri,1
suivis,1
duquel,1
things,1
paques,1
donnoit,1
rapides,1
elancer,1
reaches,1
quite,1
allusions,1
sake,1
trajet,1
chant,1
family,1
oct,1
characteristics,1
flatteur,1
marquer,1
imagines,1
mediocre,1
eux,1
crystallization,1
sorrows,1
venice,1
presence,1
research,1
peak,1
suddenly,1
vive,1
illusions,1
villages,1
telling,1
credible,1
wisely,1
customary,1
generally,1
up,1
prend,1
helene,1
dommage,1
prete,1
ensemble,1
user,1
pays,1
disconnected,1
tire,1
describes,1
huit,1
value,1
sme,1
provided,1
bever,1
elance,1
am,1
evoked,1
haunting,1
miseres,1
recompense,1
impor,1
casts,1
ses,1
lend,1
barbara,1
egoi,1
angelique,1
void,1
quiescence,1
f,1
defended,1
eblouissant,1
horizons,1
cessois,1
accomplices,1
rend,1
situation,1
arrangement,1
forever,1
lit,1
aged,1
micanique,1
spelled,1
beaute,1
voir,1
wary,1
separation,1
distorted,1
wrote,1
synthesis,1
service,1
sous,1
exile,1
intrusions,1
techniques,1
siennes,1
exterieur,1
qual,1
brief,1
fruit,1
securite,1
grande,1
above,1
presently,1
retourner,1
couvert,1
charm,1
manifest,1
boy,1
petit,1
croyois,1
oubliois,1
jette,1
seemingly,1
vraisemblance,1
put,1
sortir,1
disarmed,1
theologians,1
boyhood,1
sincere,1
donne,1
attachement,1
paradis,1
dwells,1
yet,1
interpretation,1
accabler,1
mettent,1
represents,1
soon,1
seeing,1
abord,1
fifth,1
chronology,1
conviens,1
neither,1
boredom,1
dela,1
exagere,1
light,1
idees,1
aux,1
retrouve,1
apres,1
superieure,1
jeunes,1
transporte,1
consacres,1
overflowing,1
pont,1
infortunes,1
complites,1
eprouve,1
ambiguities,1
social,1
seulement,1
double,1
volume,1
pleinement,1
tour,1
prodige,1
french,1
singulierement,1
think,1
parenthetical,1
orgueil,1
neres,1
lifeless,1
fete,1
experienced,1
wanting,1
gentle,1
release,1
emotions,1
pespece,1
conformity,1
lengthy,1
joints,1
shows,1
fundamental,1
pieds,1
scholars,1
maternal,1
relates,1
resserroit,1
music,1
travaux,1
prechee,1
depict,1
dites,1
solidity,1
fanciers,1
vivement,1
suggesting,1
reasoning,1
grave,1
angry,1
bienfaisante,1
break,1
classical,1
spectacle,1
cure,1
faults,1
empoisonnoit,1
sombre,1
end,1
soin,1
substantially,1
doubt,1
resolved,1
remark,1
froide,1
temperoit,1
aussi,1
readers,1
took,1
v,1
fame,1
porte,1
crapuleux,1
eut,1
where,1
mien,1
orderly,1
effets,1
flattered,1
accepted,1
mets,1
seroit,1
relue,1
parture,1
see,1
tell,1
sufhsait,1
felicite,1
frappoit,1
idol,1
necessary,1
presages,1
endormie,1
por,1
extolling,1
focusing,1
deep,1
decu,1
revolte,1
fect,1
perhaps,1
tails,1
accompagnee,1
gives,1
free,1
suivre,1
moralists,1
runaway,1
avais,1
entrevoyois,1
discourses,1
compose,1
rustic,1
becomes,1
denuee,1
triste,1
understanding,1
meaningful,1
dimensions,1
father,1
spective,1
made,1
saute,1
avertie,1
values,1
rem,1
pertain,1
occuper,1
fleur,1
cf,1
gradual,1
douteroit,1
sixth,1
songer,1
periences,1
judge,1
tater,1
spectateur,1
adventuresome,1
eternelle,1
goutoit,1
elicite,1
omit,1
poignant,1
vint,1
devenir,1
expression,1
confidence,1
illusion,1
serieux,1
pelasgo,1
plein,1
causes,1
ideas,1
jusqu,1
ami,1
hour,1
imposes,1
specifies,1
subsistance,1
irai,1
raising,1
champetres,1
tellement,1
ob,1
trasts,1
california,1
joie,1
baronne,1
inversely,1
discovered,1
venoit,1
unable,1
rappela,1
atteindre,1
mugnier,1
redoubtable,1
ah,1
passe,1
evils,1
invincible,1
admission,1
chological,1
controversies,1
collaboration,1
ef,1
belongs,1
parti,1
serves,1
obtained,1
connoissance,1
filled,1
accurate,1
probable,1
avowals,1
mener,1
abundant,1
alors,1
rapide,1
desirer,1
never,1
sojourn,1
dereglee,1
mouille,1
trying,1
imaginative,1
changee,1
reconciles,1
contemple,1
aforesaid,1
meilleure,1
paysage,1
pensant,1
can,1
mouvements,1
structure,1
meritai,1
mellifluous,1
sept,1
inexprimables,1
coules,1
sortie,1
ineflable,1
reverses,1
relative,1
etablissement,1
converti,1
irrevocable,1
vain,1
gide,1
plation,1
aucune,1
justice,1
songe,1
causer,1
shocked,1
perte,1
admire,1
christian,1
relationship,1
devote,1
rapport,1
reappears,1
divinations,1
penetrer,1
sealed,1
meets,1
recall,1
epi,1
figure,1
crucial,1
charmed,1
settling,1
menus,1
tech,1
reasonable,1
lesquelles,1
seule,1
ordinary,1
iniscence,1
slow,1
independence,1
trait,1
reason,1
manquer,1
translation,1
fils,1
obstacle,1
began,1
effectively,1
pensai,1
recognize,1
indicate,1
prophetique,1
banale,1
often,1
ciel,1
fall,1
surprising,1
sage,1
composed,1
mother,1
sympathy,1
bestow,1
problematical,1
saddened,1
premier,1
quelle,1
ities,1
blurred,1
desir,1
chere,1
transpositions,1
wanted,1
aimable,1
anguish,1
premonitions,1
spell,1
series,1
luminous,1
university,1
respective,1
contradiction,1
cerity,1
chat,1
delicieux,1
fran,1
discrepancy,1
exposition,1
favors,1
excel,1
willingness,1
alludes,1
placois,1
forgets,1
text,1
complacent,1
epanouir,1
verify,1
charment,1
evade,1
ni,1
enters,1
nouvelle,1
beau,1
principle,1
represente,1
exaggerations,1
sagement,1
artifice,1
pappeler,1
gone,1
best,1
universal,1
mondes,1
iii,1
avance,1
misere,1
humain,1
benefactress,1
adresse,1
historical,1
captivation,1
disputes,1
attendois,1
psycho,1
table,1
evident,1
houssaye,1
accomplissement,1
sie,1
franciscan,1
knows,1
revient,1
suffering,1
avilissement,1
demeure,1
terribles,1
jean,1
commis,1
answered,1
carefully,1
infirmites,1
poses,1
whether,1
furnishes,1
namely,1
making,1
references,1
exactement,1
allai,1
libido,1
house,1
add,1
celles,1
ait,1
promis,1
charite,1
while,1
destin,1
rapports,1
tives,1
enslavement,1
tant,1
trouverez,1
almost,1
teint,1
episode,1
psychology,1
unctuous,1
suggests,1
ideal,1
suspicion,1
freedom,1
panegyric,1
magnificent,1
chargee,1
denouement,1
presented,1
bons,1
transport,1
verisimilitude,1
difficilement,1
thereby,1
decisive,1
despite,1
trol,1
easy,1
vecu,1
happy,1
giving,1
chatimens,1
subject,1
intended,1
transition,1
promener,1
musicien,1
happens,1
connaissance,1
cloches,1
retrecissoit,1
mimoire,1
sangue,1
mention,1
marge,1
aspect,1
childhood,1
rendre,1
pouvoir,1
remarks,1
mature,1
prepared,1
analogy,1
semblables,1
chaste,1
proceeds,1
devoir,1
voyant,1
devoted,1
turin,1
tenth,1
sait,1
deformed,1
marcel,1
maitre,1
uniquement,1
contract,1
envisaged,1
bout,1
sonne,1
liaisons,1
jacques,1
obliterated,1
vif,1
parut,1
accept,1
mode,1
quitta,1
course,1
offer,1
instead,1
sadness,1
masses,1
incidents,1
effects,1
vividness,1
voyois,1
seeks,1
philosophy,1
vallee,1
knowl,1
remains,1
possedant,1
folly,1
summary,1
surge,1
moved,1
recreates,1
avis,1
geneve,1
melange,1
espoir,1
themselves,1
eus,1
fonds,1
create,1
uncertainty,1
yeux,1
little,1
enfant,1
develop,1
abandoned,1
forte,1
images,1
much,1
charmes,1
ends,1
leitmotif,1
resist,1
virtue,1
delineate,1
douce,1
kisses,1
tragic,1
serenity,1
boswell,1
occur,1
contem,1
enfin,1
