WORDCOUNTS,WEIGHT
the,377
of,247
and,169
to,164
a,105
in,102
that,83
is,79
as,62
it,57
s,53
for,52
we,52
be,44
or,40
not,40
sexual,39
pornography,37
obscenity,36
by,36
social,35
are,33
some,30
from,27
justice,26
this,25
but,25
pleasure,25
on,25
symbols,24
brennan,24
may,23
which,23
no,22
an,22
with,22
importance,21
only,21
images,21
they,20
all,20
will,20
other,19
its,19
obscene,19
at,18
however,18
more,18
what,18
censorship,18
representations,17
so,17
speech,17
his,16
law,16
can,16
our,16
he,15
community,15
prurience,15
if,14
has,14
such,14
was,14
sex,14
effect,14
than,13
society,13
does,12
their,12
opinion,12
idea,12
ideas,12
redeeming,11
appeal,11
love,11
life,11
any,11
them,11
have,11
test,10
political,10
interest,10
would,10
erotic,10
because,10
work,10
do,10
books,10
free,10
must,10
one,9
protection,9
pornographic,9
there,9
part,9
theme,9
whether,9
realism,9
censors,9
now,8
experience,8
could,8
material,8
point,8
even,8
standards,8
family,8
also,8
make,8
us,8
book,8
new,8
provide,8
dirt,8
both,8
press,8
said,7
mr,7
prurient,7
case,7
young,7
without,7
rather,7
dominant,7
out,7
find,7
actions,7
brief,7
makes,7
these,7
appeals,7
man,7
v,7
were,7
clear,7
like,7
standard,7
symbolic,7
pictures,7
average,7
opinions,7
first,6
words,6
procedure,6
help,6
those,6
u,6
against,6
machine,6
religious,6
how,6
legal,6
b,6
roth,6
consider,6
further,6
sake,6
value,6
likely,6
about,6
morbid,6
stories,6
time,6
contemporary,6
hand,6
see,6
perhaps,6
been,6
fear,6
who,6
itself,6
redemption,6
works,6
theory,6
constitutional,6
intention,6
you,6
worthy,5
center,5
true,5
into,5
long,5
court,5
i,5
intercourse,5
study,5
danger,5
languages,5
public,5
term,5
let,5
example,5
communication,5
whole,5
people,5
stimulate,5
guardians,5
phrase,5
acts,5
censor,5
yet,5
violence,5
serve,5
under,5
increasingly,5
many,5
upon,5
vocabulary,5
juror,5
effects,5
practice,5
hardcore,5
literary,5
descriptions,5
did,5
come,5
question,5
socially,5
passages,5
concerned,4
linguistic,4
american,4
use,4
wishbook,4
morality,4
either,4
tolerated,4
profanity,4
real,4
normal,4
within,4
right,4
far,4
moral,4
human,4
y,4
though,4
york,4
process,4
means,4
n,4
too,4
most,4
had,4
cannot,4
having,4
sexually,4
sensibility,4
useful,4
coordinator,4
core,4
proper,4
world,4
matter,4
materials,4
bringing,4
action,4
economic,4
still,4
two,4
noted,4
pattern,4
patterns,4
enough,4
judge,4
perverse,4
class,4
structure,4
pictorial,4
today,4
then,4
simply,4
believe,4
consciousness,4
terms,4
adults,4
freedom,4
isolated,4
d,4
already,4
shameful,4
defined,4
should,4
common,3
meaning,3
represent,3
e,3
kinds,3
kennerly,3
constitutes,3
modern,3
history,3
before,3
permit,3
familiarity,3
interests,3
attempts,3
definition,3
desire,3
state,3
context,3
primary,3
possible,3
say,3
realistic,3
learned,3
amendment,3
lover,3
chatterly,3
explore,3
stimulating,3
whose,3
doctrine,3
parts,3
moreover,3
affect,3
proved,3
beyond,3
providing,3
slightest,3
hough,3
poetry,3
memory,3
shall,3
appears,3
well,3
offensive,3
designed,3
protected,3
knowledge,3
place,3
call,3
own,3
sense,3
hard,3
below,3
labelled,3
girl,3
therefore,3
underlies,3
scientific,3
indeed,3
judgment,3
once,3
communications,3
springs,3
marcuse,3
challenge,3
again,3
death,3
addition,3
minnesota,3
present,3
manuals,3
made,3
limitations,3
utterance,3
full,3
movies,3
lady,3
him,3
story,3
ago,3
brown,3
note,3
analysis,3
hope,3
symbol,3
here,3
exploration,3
argue,3
regard,3
schachtel,3
merely,3
redeem,3
according,3
making,3
institute,3
art,3
poems,3
through,3
practices,3
using,3
orgasm,3
movie,3
statute,3
until,3
write,3
define,3
need,3
remains,3
classification,3
observation,3
potential,3
between,3
much,3
mature,3
among,3
difficult,2
go,2
o,2
limits,2
handicapped,2
later,2
judging,2
alone,2
stands,2
police,2
complex,2
judged,2
properly,2
library,2
thematic,2
contact,2
fearful,2
themes,2
predominantly,2
being,2
aside,2
every,2
taken,2
might,2
attempt,2
ourselves,2
available,2
suggesting,2
potentially,2
fully,2
religion,2
graham,2
emphasized,2
respond,2
ernest,2
magazines,2
issue,2
narrower,2
existence,2
sought,2
libel,2
gratification,2
obvious,2
desired,2
reflecting,2
unrestrained,2
dirty,2
framework,2
exist,2
thus,2
includes,2
debauchery,2
pursue,2
run,2
medical,2
initial,2
g,2
media,2
given,2
individual,2
refer,2
mating,2
drives,2
criterion,2
semantic,2
unfettered,2
spite,2
general,2
adult,2
influence,2
deviation,2
lexical,2
reflects,2
act,2
developed,2
unredeemable,2
censorable,2
associate,2
thing,2
direct,2
lacking,2
reason,2
rising,2
category,2
changes,2
escape,2
censored,2
university,2
objects,2
established,2
familiar,2
semantics,2
sum,2
quoted,2
dominate,2
excitement,2
argued,2
four,2
show,2
fashioned,2
surface,2
problems,2
lascivious,2
m,2
marriage,2
appear,2
artistic,2
acceptable,2
sociological,2
route,2
called,2
attack,2
noting,2
pitfalls,2
experts,2
recently,2
milton,2
persons,2
otherwise,2
homemaker,2
taught,2
unchallenged,2
briefly,2
line,2
literature,2
carries,2
r,2
guaranties,2
thoughts,2
ten,2
describe,2
older,2
partly,2
advertising,2
newspaper,2
kronhausen,2
hidden,2
good,2
computer,2
least,2
discourse,2
prosecuted,2
anarchy,2
fictive,2
research,2
seeds,2
always,2
when,2
enjoy,2
avoid,2
critical,2
girlie,2
critics,2
protecting,2
various,2
identified,2
techniques,2
classic,2
assure,2
experiences,2
artist,2
suppose,2
decisions,2
convictions,2
interpretation,2
reference,2
challenged,2
included,2
commonwealth,2
light,2
eros,2
culture,2
solicitor,2
conformism,2
picture,2
cream,2
successfully,2
toward,2
others,2
pointed,2
ban,2
herbert,2
fact,2
longer,2
insatiable,2
treatment,2
tolerate,2
ought,2
exclusion,2
susceptible,2
itch,2
distinct,2
forms,2
never,2
model,2
manner,2
purposes,2
accepted,2
supp,2
less,2
belief,2
corrupt,2
identifiable,2
desires,2
civilized,2
years,2
meaningful,2
discussion,2
considering,2
formal,2
fictional,2
sufficiently,2
fed,2
unfortunately,2
emphasize,2
prostitute,2
lawrence,2
merit,2
described,2
rejected,2
open,2
publication,2
language,2
dangerous,2
redeems,2
stimulation,2
morals,2
especially,2
prosecution,2
commentators,2
satisfy,2
often,2
reads,2
january,2
advertisement,2
decision,2
diseased,2
increasing,2
carried,2
asking,2
relationship,2
wisdom,2
assert,2
usually,2
suggestive,2
hill,2
recognizes,2
becomes,2
sensitive,2
relations,2
detailed,2
force,2
contribution,2
deals,2
exclude,2
united,2
unacceptable,2
considered,2
detail,2
girls,2
ever,2
known,2
physical,2
perversion,2
appealing,2
know,2
principle,2
control,2
each,2
worth,2
novel,2
seem,2
down,2
printed,2
feed,2
iii,2
particularly,2
very,2
mass,2
absolutely,2
accounts,2
her,2
constitutionally,2
information,2
almost,2
suggests,2
interchange,2
uninhibited,2
buy,2
subject,2
intended,2
lies,2
divided,2
representation,2
lustful,2
energies,2
course,2
gross,2
states,2
specific,2
themselves,2
norman,2
fears,2
little,2
develop,2
strong,2
major,2
courts,1
horror,1
unorthodoxy,1
excretion,1
syntax,1
duckworth,1
formulated,1
jury,1
done,1
deny,1
projected,1
imagining,1
fraction,1
conflicting,1
serpent,1
imported,1
scholar,1
till,1
designated,1
created,1
lanuary,1
resulted,1
college,1
determine,1
mire,1
adoption,1
notably,1
connecticut,1
expect,1
contemporaneous,1
large,1
discover,1
expression,1
putative,1
misuse,1
identify,1
mankind,1
cood,1
word,1
formed,1
remind,1
second,1
live,1
usefully,1
sets,1
ways,1
murder,1
h,1
inconsistent,1
easily,1
studies,1
largely,1
cement,1
odyssey,1
thanatos,1
clandestine,1
hair,1
theatre,1
devices,1
position,1
stifles,1
pose,1
unlike,1
holding,1
nineteenth,1
fulfillment,1
source,1
women,1
fires,1
lower,1
piles,1
synonymous,1
way,1
regenerative,1
hence,1
certainly,1
inexperienced,1
jackson,1
originally,1
demonstrable,1
seems,1
challengers,1
containing,1
latent,1
reach,1
twenty,1
explores,1
broadly,1
together,1
redeemers,1
confusion,1
coming,1
portrayal,1
follows,1
able,1
government,1
reveal,1
subsequent,1
nil,1
intimations,1
fresh,1
uncensored,1
last,1
mind,1
stand,1
influences,1
raised,1
indulgence,1
reading,1
committed,1
behind,1
triggered,1
nearer,1
est,1
forum,1
judah,1
advocates,1
suspect,1
key,1
formulation,1
task,1
saying,1
draw,1
apple,1
kronhausens,1
abhor,1
capable,1
concurring,1
pleasant,1
shame,1
sale,1
storrs,1
reaction,1
obscenities,1
insight,1
flourishes,1
vital,1
professor,1
toothpaste,1
whatever,1
mental,1
combination,1
except,1
conceptual,1
masturbation,1
bottom,1
apply,1
dispositive,1
keeps,1
juvenile,1
himself,1
formula,1
letter,1
fixation,1
unwholesome,1
schemata,1
pelican,1
hygiene,1
closes,1
criticl,1
incite,1
reservoir,1
hateful,1
dying,1
redeemed,1
reawaken,1
reject,1
riot,1
audio,1
integral,1
author,1
paradoxically,1
resume,1
thompson,1
characteristic,1
regarded,1
interchangeably,1
prohibitions,1
viewing,1
adopted,1
enjoying,1
mailing,1
application,1
pluck,1
overt,1
century,1
courtroom,1
learning,1
forced,1
interprets,1
kind,1
turn,1
elements,1
nor,1
old,1
curiously,1
canalize,1
moralistic,1
back,1
contrary,1
encompass,1
highest,1
response,1
machines,1
restrict,1
applying,1
left,1
third,1
hicklin,1
kinsey,1
axiomatically,1
antisocial,1
formulate,1
drawn,1
instruments,1
perversions,1
intrigued,1
sterilizing,1
details,1
digression,1
sun,1
psychiatrists,1
psychoanalysis,1
protects,1
hardly,1
generation,1
acknowledge,1
unreality,1
compromise,1
unfortunate,1
mig,1
freedoms,1
civilization,1
portland,1
interesting,1
alleged,1
identification,1
english,1
purely,1
mattered,1
destroy,1
federal,1
lusts,1
sort,1
fantasies,1
explicit,1
prudery,1
heresy,1
realistically,1
breast,1
programmed,1
goes,1
dealt,1
granted,1
risk,1
proportion,1
earlier,1
similar,1
certain,1
dissenting,1
possess,1
earl,1
feel,1
troublesome,1
guides,1
tactile,1
fantasy,1
utterly,1
win,1
teller,1
romantic,1
deodorant,1
bad,1
wanted,1
physically,1
image,1
specialization,1
etymology,1
clearly,1
candor,1
director,1
gradually,1
calendar,1
threat,1
democratic,1
eberhard,1
notions,1
circulating,1
putting,1
testify,1
important,1
metaphoric,1
thrust,1
conquest,1
moving,1
result,1
my,1
wayward,1
identifying,1
asserts,1
societies,1
appearance,1
critic,1
found,1
hands,1
search,1
color,1
boils,1
inspectors,1
purifying,1
deal,1
requirements,1
bizarre,1
emerge,1
constantly,1
frustrations,1
juries,1
circulation,1
degrading,1
accurately,1
arranged,1
biermant,1
fourth,1
equally,1
vile,1
boxes,1
blow,1
silence,1
tight,1
circular,1
treat,1
awaken,1
prohibit,1
produced,1
sentence,1
intensity,1
applied,1
introspection,1
record,1
outside,1
hypothetical,1
expedient,1
method,1
adolescent,1
scene,1
canonizes,1
criteria,1
technical,1
aspects,1
prosecuting,1
directly,1
keeping,1
basis,1
distinguish,1
revealed,1
decides,1
gains,1
formerly,1
paraphrase,1
fictions,1
carry,1
claim,1
reader,1
concept,1
unless,1
significantly,1
psychological,1
london,1
purpose,1
stir,1
training,1
unconditional,1
apparent,1
faithfully,1
lays,1
formalize,1
supreme,1
filthy,1
excessive,1
description,1
shocking,1
allurement,1
used,1
roll,1
genuine,1
universe,1
discussions,1
references,1
broad,1
constitute,1
officers,1
fruitful,1
epistolary,1
structures,1
personal,1
justification,1
packagings,1
surrounding,1
novels,1
anything,1
manage,1
verbs,1
horizon,1
transmutes,1
odes,1
minds,1
t,1
depicting,1
governs,1
successful,1
caused,1
field,1
aroused,1
suggest,1
involve,1
next,1
unorthodox,1
atmosphere,1
small,1
several,1
code,1
chorus,1
few,1
highly,1
choose,1
revealing,1
bridge,1
presence,1
protect,1
extensional,1
deviant,1
delinquency,1
customary,1
beacon,1
photographically,1
doctrines,1
indoctrinated,1
pa,1
tberefore,1
undergoing,1
substituted,1
provided,1
gordon,1
activities,1
believers,1
gamekeeper,1
analytic,1
portion,1
led,1
testifying,1
demand,1
reduced,1
clara,1
contest,1
summarize,1
doctoral,1
short,1
hide,1
heresies,1
limited,1
play,1
schemes,1
manipulate,1
curtis,1
fruit,1
procreation,1
blot,1
prevailing,1
attaching,1
convince,1
technically,1
nudity,1
roads,1
direction,1
zeal,1
improper,1
ignation,1
label,1
heretics,1
sincere,1
violate,1
outlets,1
communities,1
bok,1
criticism,1
push,1
vs,1
represents,1
ensures,1
thought,1
freely,1
soon,1
borrowed,1
neither,1
imitate,1
diagrams,1
acting,1
home,1
raise,1
shock,1
experimental,1
ed,1
popularized,1
lament,1
lewd,1
psyche,1
heterosexual,1
speaking,1
phyllis,1
actually,1
fanny,1
fire,1
anarchists,1
majority,1
alberts,1
bulk,1
consideration,1
journey,1
punish,1
rejects,1
put,1
stud,1
ht,1
shows,1
leading,1
sexy,1
areas,1
channeling,1
agree,1
appeared,1
choice,1
really,1
isolate,1
diverse,1
legs,1
focuses,1
grows,1
appropriately,1
serious,1
readers,1
evoke,1
tales,1
where,1
fable,1
banned,1
continuing,1
coarse,1
armed,1
relevant,1
ultimately,1
interview,1
manipulator,1
spell,1
philistine,1
shout,1
deep,1
invitation,1
tolerating,1
guarantees,1
distance,1
hie,1
gives,1
day,1
reminds,1
another,1
local,1
group,1
statutes,1
excerpt,1
private,1
exhibit,1
extended,1
father,1
disease,1
intent,1
substantive,1
examples,1
background,1
grossly,1
reversed,1
pulses,1
looking,1
affirmations,1
exploits,1
grammatic,1
honorable,1
controlling,1
significant,1
maniacs,1
pecially,1
affection,1
intermittent,1
omnipresent,1
oppose,1
affects,1
disputing,1
questions,1
schactel,1
individuals,1
aids,1
byv,1
california,1
involves,1
explorations,1
stag,1
three,1
deprave,1
offensively,1
redoubtable,1
vagueness,1
points,1
health,1
victory,1
essay,1
prevents,1
statues,1
counter,1
outraged,1
arouse,1
times,1
attach,1
allowed,1
arousal,1
gruesome,1
strange,1
serves,1
dry,1
immorality,1
after,1
provides,1
grossest,1
latter,1
salacious,1
instruction,1
men,1
communists,1
decide,1
educational,1
valued,1
borderline,1
comparing,1
undirected,1
maxim,1
appellate,1
guilt,1
parallel,1
sensuality,1
insists,1
editors,1
suffers,1
overcome,1
weakest,1
smacks,1
percent,1
seeking,1
slightly,1
slide,1
haven,1
tendency,1
evidence,1
quarter,1
controversial,1
attention,1
widely,1
separate,1
infants,1
entitled,1
speculate,1
gloomy,1
flower,1
erotically,1
publishing,1
ballantine,1
tentative,1
fairly,1
redefine,1
science,1
sometimes,1
figure,1
foreign,1
program,1
alternate,1
fewer,1
widespread,1
predict,1
amnesia,1
referred,1
postal,1
seen,1
worse,1
embodying,1
visual,1
why,1
insistence,1
methods,1
fall,1
entertainment,1
holmes,1
ing,1
enforced,1
get,1
face,1
subvert,1
worlds,1
sound,1
legitimately,1
meant,1
erode,1
bench,1
sections,1
differentiated,1
anthropological,1
environment,1
publicly,1
contained,1
authorities,1
punished,1
heavy,1
nauseating,1
blocked,1
judgments,1
growing,1
prohibited,1
etymologically,1
series,1
paperbacks,1
forget,1
minneapolis,1
satisfying,1
reinforced,1
decorum,1
temple,1
potency,1
overtone,1
alternative,1
set,1
phrasing,1
substantively,1
unconstitutionally,1
choric,1
actuality,1
specialized,1
seriously,1
save,1
contextual,1
restrictive,1
villain,1
wall,1
current,1
offend,1
exhibits,1
obviously,1
mellors,1
written,1
fills,1
useless,1
past,1
climate,1
passage,1
better,1
person,1
prosecute,1
beginning,1
defend,1
purchase,1
condemns,1
circles,1
poses,1
reactions,1
implicit,1
reuben,1
ones,1
particular,1
thirty,1
attitudes,1
statement,1
mere,1
rhyme,1
dark,1
produce,1
minimal,1
contain,1
targets,1
des,1
popular,1
debaucheries,1
burden,1
boston,1
outline,1
occasionally,1
nouns,1
unsophisticated,1
portraying,1
ruled,1
reported,1
attached,1
indigestible,1
proprieties,1
became,1
role,1
easy,1
turns,1
returning,1
everywhere,1
measure,1
substance,1
condition,1
screen,1
bulletins,1
contribute,1
tender,1
arguments,1
connotation,1
teachings,1
socializing,1
aims,1
writing,1
faculty,1
childhood,1
witenberg,1
daring,1
drive,1
meaninz,1
mentor,1
mazer,1
named,1
proceeds,1
sickness,1
acceptability,1
shown,1
spring,1
unable,1
argues,1
reveals,1
sensibilities,1
envisaged,1
frame,1
discursive,1
accept,1
gists,1
wish,1
slides,1
offer,1
move,1
include,1
disagree,1
land,1
confiscated,1
sticky,1
smaller,1
thoughtful,1
collocation,1
involving,1
variously,1
attempted,1
terribly,1
area,1
indecent,1
pluralistic,1
lovemaking,1
embodies,1
measured,1
speak,1
leads,1
safeguard,1
deciding,1
substitute,1
assumed,1
valuable,1
posture,1
c,1
rejection,1
text,1
jokes,1
titillation,1
sits,1
pool,1
create,1
early,1
including,1
substantial,1
characters,1
interaction,1
divergent,1
treating,1
focus,1
counts,1
famous,1
cross,1
building,1
tract,1
penal,1
draft,1
customs,1
fertilize,1
dictum,1
increase,1
