WORDCOUNTS,WEIGHT
the,21
of,14
and,12
in,11
a,7
are,6
as,6
japanese,5
is,5
for,4
with,4
psyche,3
love,3
m,3
to,2
w,2
by,2
this,2
tapestry,2
no,2
also,2
suggestive,2
on,2
artist,2
ft,2
decorative,2
be,2
bougereau,2
color,2
subject,2
porcelain,2
figures,2
which,2
same,2
at,1
hanging,1
shown,1
result,1
house,1
entitled,1
importations,1
dish,1
simpliest,1
frescoing,1
stocked,1
endu,1
he,1
most,1
what,1
jars,1
particular,1
page,1
woodwork,1
material,1
outre,1
taken,1
picture,1
spiritual,1
owi,1
masses,1
specific,1
whilst,1
seating,1
that,1
joined,1
productions,1
been,1
sentiment,1
gasse,1
has,1
paint,1
cloisonne,1
painting,1
club,1
exquisite,1
would,1
lackey,1
french,1
an,1
owner,1
odd,1
realization,1
play,1
studying,1
panel,1
features,1
articlesof,1
well,1
ingenuity,1
co,1
engraving,1
repre,1
might,1
ornament,1
ornamentation,1
e,1
after,1
some,1
capable,1
copy,1
represented,1
r,1
artisans,1
things,1
being,1
beautiful,1
used,1
decorator,1
tot,1
eestacy,1
risk,1
designs,1
they,1
tion,1
worth,1
newyork,1
b,1
furnish,1
steeped,1
wbbbmnmmmwv,1
large,1
their,1
poetic,1
s,1
lacquer,1
bmmmm,1
believe,1
fine,1
ceiling,1
fhe,1
elaborate,1
balanced,1
brated,1
copied,1
purpose,1
suitable,1
wejl,1
city,1
wall,1
strength,1
fur,1
rance,1
sufficiently,1
tastes,1
choice,1
can,1
ing,1
time,1
us,1
disconnected,1
stores,1
gestures,1
reference,1
nishe,1
soul,1
minimum,1
cele,1
themselves,1
composition,1
very,1
finer,1
romantic,1
mw,1
tender,1
cities,1
tones,1
we,1
grace,1
i,1
pictures,1
peculiar,1
conceive,1
there,1
twin,1
isolated,1
round,1
fanciful,1
western,1
run,1
though,1
unlike,1
delinea,1
ari,1
manner,1
particularly,1
costly,1
our,1
spell,1
mbhkbkbnw,1
