WORDCOUNTS,WEIGHT
the,286
of,171
a,119
and,103
in,99
to,96
is,60
that,45
de,45
as,36
quechua,35
music,33
with,33
or,31
la,31
by,27
en,26
it,24
andean,24
are,24
have,24
has,23
y,22
el,19
his,19
from,18
song,18
for,17
an,17
songs,16
their,15
many,15
que,14
one,14
no,14
n,14
her,14
los,13
singer,13
who,13
be,13
musical,12
this,12
mi,12
he,12
love,12
often,12
at,11
lover,11
which,11
arguedas,11
words,10
s,10
para,10
culture,10
language,10
not,10
las,10
popular,10
beloved,10
traditional,10
inca,9
used,9
been,9
on,9
themes,8
incas,8
lima,8
time,8
mana,7
word,7
nature,7
lara,7
te,7
sin,7
most,7
m,7
poetry,7
montoya,7
del,7
its,7
same,7
al,7
also,7
sung,7
life,7
number,7
although,7
poes,7
between,7
images,7
o,6
common,6
if,6
per,6
years,6
huayno,6
garcilaso,6
than,6
p,6
spanish,6
se,6
society,6
will,6
editorial,6
oral,6
death,6
fact,6
new,6
forms,6
can,6
me,6
today,6
very,6
past,6
rural,6
loved,6
were,6
d,6
modern,5
confluencia,5
other,5
tradition,5
link,5
there,5
some,5
rather,5
tears,5
people,5
but,5
only,5
volume,5
again,5
solitude,5
lost,5
con,5
mis,5
c,5
suffering,5
escobar,5
spring,5
alone,4
into,4
hundred,4
madre,4
those,4
verme,4
palomita,4
himself,4
unchanged,4
even,4
uqari,4
may,4
was,4
literary,4
tu,4
search,4
dove,4
loss,4
forces,4
attributed,4
peruvian,4
yarav,4
guarnan,4
rain,4
two,4
more,4
areas,4
see,4
use,4
times,4
so,4
we,4
force,4
centuries,4
face,4
poma,4
constant,4
must,4
here,4
form,4
world,4
difficult,3
go,3
now,3
way,3
e,3
libro,3
ti,3
cultura,3
nubes,3
first,3
rikukunaypah,3
might,3
take,3
last,3
literatura,3
written,3
paloma,3
cap,3
central,3
type,3
wander,3
old,3
ha,3
poem,3
instruments,3
segundo,3
wishes,3
whose,3
without,3
taki,3
process,3
parents,3
similar,3
aspa,3
support,3
university,3
frequently,3
back,3
betrayal,3
traditionally,3
waqay,3
verse,3
however,3
part,3
indigenous,3
own,3
andes,3
when,3
survived,3
haqay,3
tuya,3
wings,3
still,3
wind,3
all,3
emotional,3
lluvia,3
sica,3
present,3
empire,3
dance,3
por,3
como,3
remarkably,3
another,3
yo,3
affection,3
hasta,3
juan,3
editores,3
clear,3
clouds,3
cimpapi,3
rikuyukuspa,3
would,3
him,3
mask,3
played,3
losing,3
yacanqa,3
burga,3
probably,3
mestizos,3
lo,3
huaynos,3
she,3
un,3
countries,3
composed,3
school,3
mentioned,3
condor,3
ever,3
characteristics,3
theme,3
natural,3
rodrigo,3
connection,3
cities,3
sierra,3
sus,3
almost,3
both,3
describes,3
weep,3
encontrarme,3
much,3
waqansi,3
frequent,2
child,2
suggested,2
ni,2
mountains,2
mar,2
illiterate,2
largely,2
utimurani,2
jos,2
before,2
connotations,2
nto,2
ay,2
ii,2
taken,2
tourist,2
seems,2
europe,2
azul,2
desire,2
great,2
vicu,2
chroniclers,2
nevertheless,2
nde,2
within,2
amorous,2
recorded,2
task,2
llegue,2
primary,2
cu,2
origen,2
padre,2
variations,2
cited,2
human,2
waqaspa,2
buscando,2
urpi,2
interest,2
century,2
sed,2
young,2
left,2
despair,2
find,2
died,2
accompaniment,2
pueblo,2
traditions,2
interesting,2
chay,2
comprender,2
mean,2
paz,2
buenos,2
certain,2
entre,2
feel,2
manera,2
manacus,2
cri,2
established,2
familiar,2
historia,2
cantado,2
important,2
faced,2
personified,2
disappeared,2
had,2
expressed,2
uses,2
whom,2
arrival,2
lived,2
become,2
estudios,2
tenga,2
imprenta,2
hispanic,2
voy,2
cultural,2
appears,2
otherwise,2
wealth,2
todo,2
memory,2
tambi,2
because,2
r,2
mamayuh,2
work,2
encuentre,2
bolivia,2
repetition,2
lengua,2
example,2
composers,2
q,2
place,2
flight,2
away,2
t,2
regions,2
acaso,2
suggest,2
poet,2
le,2
several,2
wajcha,2
presence,2
canci,2
taytayuh,2
descendants,2
recobrar,2
roots,2
situation,2
minor,2
quena,2
imagery,2
happy,2
librer,2
community,2
mainstream,2
orphan,2
once,2
yet,2
reference,2
makes,2
continuity,2
j,2
perceived,2
ancient,2
complete,2
ed,2
lament,2
si,2
these,2
ji,2
revenge,2
qosqo,2
idea,2
power,2
vega,2
added,2
preserve,2
pressure,2
cari,2
rhythms,2
never,2
do,2
luego,2
inhospitable,2
quechuas,2
perhaps,2
style,2
pampamantacus,2
reflected,2
cusco,2
cay,2
perdido,2
vez,2
regain,2
formal,2
alas,2
ya,2
ideas,2
examination,2
sees,2
literate,2
i,2
unu,2
period,2
distinction,2
migrants,2
aki,2
coraz,2
begs,2
malta,2
lyrical,2
viento,2
estoy,2
defined,2
male,2
camino,2
seen,2
translation,2
es,2
hi,2
surprising,2
education,2
meant,2
sapallan,2
abandonment,2
yuyaspa,2
cuando,2
demonstrate,2
paray,2
puma,2
qu,2
known,2
physical,2
river,2
hawk,2
wayrawan,2
over,2
each,2
cultures,2
khuyay,2
audience,2
associated,2
herido,2
what,2
poder,2
references,2
basadre,2
metaphor,2
grief,2
while,2
urban,2
suelo,2
llorar,2
pre,2
role,2
mayor,2
colonial,2
phenomenon,2
survival,2
mosca,2
usq,2
americas,2
evidence,2
states,2
podido,2
speak,2
specific,2
searching,2
waqayta,2
ser,2
volando,2
aires,2
element,2
little,2
abandoned,2
seemed,2
juventud,1
countryside,1
qanta,1
does,1
ending,1
care,1
icha,1
currently,1
rate,1
struggle,1
deny,1
tinkukunki,1
andeslespeciauslrmmemoria,1
munasqaywan,1
cesar,1
ichapas,1
later,1
meaning,1
waqasqayta,1
hacen,1
separated,1
migrated,1
market,1
deayau,1
infanta,1
danced,1
intriguing,1
cerros,1
flute,1
sola,1
sinchita,1
linguistic,1
they,1
speakers,1
waxcalla,1
large,1
agua,1
waxca,1
nested,1
sociales,1
mamanwan,1
delighting,1
identify,1
syllables,1
closure,1
symbolize,1
formed,1
live,1
authority,1
evocative,1
solidarity,1
h,1
remnants,1
memoria,1
sinister,1
ecuatoriana,1
han,1
aciwan,1
vagar,1
former,1
theatre,1
ahora,1
protection,1
antolog,1
equated,1
necessarily,1
ciudades,1
qanllata,1
vestiges,1
holding,1
something,1
rostro,1
edu,1
trayecto,1
women,1
descl,1
experience,1
nero,1
being,1
catharsis,1
consistent,1
romance,1
overwhelmingly,1
synonymous,1
picturesque,1
olvido,1
either,1
www,1
sources,1
roc,1
long,1
every,1
creation,1
chaos,1
rispari,1
feeling,1
rapid,1
humans,1
xxi,1
monte,1
jinamin,1
england,1
qaqa,1
rikusqayki,1
liberty,1
peruvians,1
laughter,1
company,1
saqimuway,1
acordar,1
reach,1
saroli,1
secondary,1
agrarian,1
errando,1
mamayri,1
vagabundo,1
together,1
differences,1
imaginary,1
rich,1
studied,1
able,1
government,1
doliente,1
transferred,1
ol,1
real,1
concebido,1
help,1
copious,1
uyarispa,1
strength,1
persistence,1
fun,1
primitive,1
insinuante,1
robert,1
criar,1
opposite,1
hoy,1
hostility,1
hostile,1
llt,1
phuyuj,1
slammed,1
side,1
est,1
eradicate,1
takes,1
depending,1
resilience,1
xico,1
key,1
albeit,1
bird,1
tal,1
america,1
yawarnin,1
manamin,1
kundurpas,1
orthography,1
felt,1
capable,1
authentic,1
prehispanic,1
peruanos,1
ataman,1
queriendo,1
peripatetic,1
point,1
ultimate,1
conception,1
literal,1
compares,1
solo,1
samariyman,1
textos,1
marginalized,1
phanchej,1
dentro,1
grimas,1
desertion,1
shut,1
resign,1
nostalgic,1
descendents,1
prey,1
throughout,1
ipas,1
tariyman,1
wayq,1
nanay,1
harcourt,1
relationships,1
historically,1
madrid,1
such,1
development,1
since,1
illustrates,1
due,1
penas,1
llajta,1
g,1
ense,1
medio,1
struggles,1
intact,1
berkley,1
relatively,1
hab,1
interchangeably,1
moment,1
mixed,1
scratch,1
tarispa,1
excuses,1
nurtured,1
ability,1
pay,1
karunchankin,1
rooted,1
pajonales,1
learning,1
forced,1
thing,1
cases,1
esa,1
elements,1
maintaining,1
consejo,1
nanayta,1
escog,1
ver,1
refer,1
waqaychu,1
nevados,1
speed,1
panorama,1
http,1
radio,1
caminos,1
compared,1
uyaykita,1
anonymity,1
envolverme,1
compare,1
mayu,1
france,1
busco,1
gil,1
perus,1
arrastrando,1
falcon,1
strengthening,1
conceive,1
takispa,1
munaranicus,1
estilo,1
ma,1
ado,1
jina,1
saqenchu,1
nagy,1
tameness,1
poor,1
york,1
essential,1
intuykullawaj,1
cadencioso,1
rinki,1
act,1
l,1
growth,1
vanished,1
highlands,1
generations,1
ciberayllu,1
dej,1
ironic,1
adapt,1
basic,1
underclass,1
sapa,1
observer,1
breast,1
ero,1
cronistas,1
una,1
active,1
punto,1
ex,1
importance,1
lamented,1
maytan,1
parts,1
hearing,1
envying,1
noche,1
study,1
danger,1
pinkuuo,1
arca,1
rit,1
absorbed,1
consistency,1
amada,1
bonds,1
modified,1
arid,1
diccionario,1
amplitud,1
waqarqan,1
jaro,1
larco,1
anguish,1
greeks,1
piniyuh,1
orqo,1
image,1
folkl,1
esacharyayki,1
eyesight,1
clearly,1
latin,1
ripucun,1
ikamanta,1
donde,1
rfano,1
adaptan,1
indios,1
gradually,1
muyuni,1
glorious,1
house,1
reales,1
indigenismo,1
deja,1
acudir,1
presumed,1
phutiyniymanta,1
canata,1
commonly,1
ecuador,1
origins,1
encontrar,1
powerful,1
peru,1
flores,1
defines,1
nuestra,1
profound,1
memorized,1
isiyani,1
llakinallaypaj,1
helped,1
crecida,1
nac,1
tunpa,1
view,1
chayamusqayki,1
upsurge,1
conflicts,1
artistic,1
jala,1
asco,1
vas,1
migrant,1
societies,1
could,1
tem,1
heritages,1
peruano,1
aleje,1
missouri,1
out,1
changed,1
shared,1
rebirth,1
sorrowful,1
pass,1
primacy,1
llores,1
melancholy,1
malevolent,1
marguerite,1
llevarme,1
amaru,1
urbanization,1
sapaykipi,1
companion,1
embarrassing,1
though,1
rikuspallachari,1
crea,1
poverty,1
cern,1
espa,1
omnipresence,1
province,1
recently,1
population,1
cannot,1
meet,1
harshness,1
jamunki,1
delire,1
appearing,1
universidad,1
spiritual,1
guarantee,1
dwellers,1
phuyuman,1
wide,1
desapareces,1
illincallay,1
acknowledgements,1
having,1
participation,1
figurative,1
oyendo,1
arrives,1
alado,1
ladera,1
ales,1
listening,1
llev,1
claim,1
takin,1
junt,1
unless,1
distinctively,1
sorrows,1
su,1
casa,1
knowledge,1
todas,1
comment,1
experiencing,1
occidental,1
napole,1
ten,1
spite,1
literature,1
sorrow,1
describe,1
policies,1
lejos,1
awiy,1
cane,1
cayahtin,1
destination,1
aztec,1
solos,1
mentioning,1
todos,1
prehisp,1
bereavement,1
munayniykita,1
salazar,1
personal,1
recorres,1
surrounding,1
jealousy,1
purinayta,1
alaykipi,1
anci,1
ciencia,1
nadie,1
cullurispan,1
penetrando,1
relocated,1
lloro,1
someone,1
remember,1
imaynatan,1
quenas,1
florian,1
lograr,1
alg,1
xxvi,1
lang,1
working,1
wiku,1
unexpected,1
lovers,1
distintos,1
order,1
midst,1
family,1
thirstily,1
eco,1
brot,1
men,1
imagines,1
pain,1
feelings,1
rijrayuj,1
resolution,1
compiladores,1
pudiendo,1
mayupas,1
convey,1
attached,1
latest,1
hallar,1
villages,1
phawaspayki,1
impossible,1
xxvii,1
stringed,1
phawaj,1
os,1
gloria,1
resistance,1
pa,1
tanta,1
nico,1
notes,1
isqo,1
beauty,1
provided,1
finds,1
streambed,1
am,1
apenas,1
huainito,1
guardan,1
petroleum,1
lend,1
halc,1
endecha,1
qanllantan,1
rmino,1
uncommon,1
cantando,1
chinkarinki,1
likely,1
fly,1
haravi,1
comentarios,1
arrebataron,1
variety,1
absence,1
bringing,1
gabriel,1
populations,1
separation,1
spectacle,1
hide,1
phawaskaykipi,1
corporation,1
others,1
female,1
alba,1
doquiera,1
alianza,1
object,1
apawaspa,1
etc,1
sueno,1
above,1
surviving,1
comments,1
artist,1
musp,1
religious,1
avian,1
amo,1
languishing,1
spoken,1
purunllapi,1
repression,1
depicted,1
watumusqayki,1
quebrada,1
aj,1
ojos,1
intense,1
brouwer,1
compa,1
ama,1
thought,1
evolved,1
amautas,1
water,1
tica,1
acadia,1
us,1
ethnomusicologists,1
supervivencias,1
compiled,1
homogeneous,1
extinction,1
uuaytawanpas,1
ci,1
delight,1
purini,1
teaching,1
window,1
appeals,1
contains,1
pronouns,1
uajtatas,1
rijranti,1
increasingly,1
speaking,1
assimilated,1
ciervo,1
sebasti,1
regional,1
divinity,1
unifying,1
muy,1
kaminuwan,1
worst,1
disappearing,1
sunqo,1
sometimes,1
mentions,1
siguen,1
bondy,1
llora,1
addition,1
wayllukunaypaj,1
phawamusqayki,1
cayaspa,1
missing,1
ban,1
transcribing,1
emotions,1
poca,1
lack,1
soledad,1
niway,1
luis,1
andar,1
treatment,1
fundamental,1
recurrent,1
striking,1
creative,1
improvisation,1
inkaika,1
instituto,1
beliefs,1
appeared,1
mountainous,1
exclusion,1
mera,1
waylluranicus,1
eagle,1
derretirse,1
classical,1
pronominal,1
hear,1
grows,1
sombre,1
rica,1
incaica,1
granting,1
remain,1
contemporary,1
ust,1
khuyaytan,1
cochabamba,1
override,1
fragments,1
external,1
disseminate,1
enough,1
hand,1
revenging,1
carrillo,1
paris,1
remarkable,1
manos,1
hopelessness,1
vienes,1
munasqanku,1
banned,1
tupac,1
existing,1
non,1
celebrated,1
until,1
vuelas,1
confrontation,1
qaparispan,1
concluyen,1
hu,1
intensify,1
fuera,1
woman,1
ignoring,1
acerca,1
guila,1
gives,1
free,1
calo,1
day,1
fluidity,1
tame,1
argues,1
imagine,1
original,1
habana,1
fundamentally,1
jame,1
triste,1
ndor,1
technologies,1
conform,1
casual,1
picaresque,1
birth,1
genres,1
easier,1
lugares,1
conduce,1
penetrado,1
region,1
imaraykuchus,1
jes,1
montevideo,1
ramo,1
herself,1
birds,1
europeans,1
municipalidad,1
prestar,1
purispa,1
rivers,1
dances,1
verso,1
lifestyle,1
apallaway,1
tutayajpi,1
continue,1
volar,1
full,1
previous,1
phawaspa,1
dime,1
caos,1
california,1
phuyu,1
optimistic,1
dating,1
students,1
described,1
versions,1
descubrir,1
ita,1
regalarte,1
compositions,1
runayawasqa,1
three,1
descansar,1
emphasizing,1
express,1
peter,1
maintenance,1
lonely,1
individual,1
pride,1
plains,1
cerro,1
allowed,1
change,1
like,1
flood,1
uman,1
rewarded,1
function,1
wallparrimachi,1
serves,1
paqarini,1
dry,1
mountain,1
int,1
probable,1
anyone,1
after,1
keen,1
poetic,1
lose,1
ap,1
repeated,1
madrigals,1
hardships,1
parayta,1
especially,1
behind,1
universitaria,1
k,1
sunqoypi,1
pasacun,1
mimado,1
land,1
fila,1
effect,1
sobre,1
masculine,1
silvia,1
enthusiastically,1
implication,1
looks,1
story,1
edwin,1
napoleon,1
poco,1
rirpu,1
besos,1
saw,1
hawks,1
attend,1
philosophies,1
meagre,1
ago,1
recurring,1
brazos,1
widely,1
urqukunapa,1
untranslatable,1
pero,1
ranging,1
fifty,1
mayta,1
where,1
verses,1
relationship,1
flower,1
hacerme,1
note,1
mysteriously,1
mercado,1
spelling,1
repiten,1
provide,1
mixture,1
vicissitudes,1
akiyuruhtin,1
popularity,1
chance,1
cuyo,1
five,1
variously,1
samayta,1
plays,1
erstwhile,1
pe,1
escritas,1
yuyarispa,1
celebration,1
lines,1
tukuynijta,1
joven,1
becomes,1
referred,1
treacherous,1
colonizers,1
transformed,1
vaya,1
itself,1
began,1
worse,1
anidar,1
rudimentarily,1
hopelessly,1
verte,1
recognize,1
uminaymanta,1
dejarlas,1
html,1
class,1
khuska,1
expectations,1
espejo,1
profess,1
fall,1
interconnected,1
grade,1
gcb,1
sufrir,1
dead,1
respect,1
mother,1
types,1
fields,1
exists,1
poking,1
uneducated,1
busca,1
canada,1
zampo,1
presences,1
pressures,1
daba,1
tuve,1
nacional,1
ndote,1
persecution,1
rarely,1
eventually,1
any,1
rpretes,1
historian,1
sacred,1
incorporated,1
mario,1
agents,1
desearon,1
kuntur,1
kay,1
escarcha,1
weeping,1
quise,1
mientras,1
ltda,1
text,1
rocky,1
seca,1
disdain,1
wider,1
ankaj,1
junto,1
aron,1
mucho,1
vuelo,1
incan,1
recopilaci,1
country,1
llorando,1
different,1
suggestions,1
global,1
asiyninta,1
jorge,1
seem,1
authorities,1
marginalization,1
did,1
best,1
unknown,1
accommodate,1
muyunaypaj,1
printed,1
pumapas,1
rikuylla,1
risa,1
vibrant,1
maymanta,1
sapay,1
bolivian,1
linked,1
shows,1
creyendo,1
attractions,1
appreciative,1
makiy,1
happiness,1
rida,1
living,1
atahualpa,1
humorous,1
better,1
places,1
animal,1
stagnated,1
unlikely,1
sedienta,1
acompa,1
tormento,1
notable,1
depicts,1
olvidarlo,1
them,1
whether,1
gritos,1
ones,1
making,1
rebellion,1
cause,1
particular,1
mano,1
barrios,1
sunqollanpi,1
orally,1
hoped,1
passed,1
cachorro,1
quito,1
ajllakurqayki,1
kusi,1
extent,1
recordando,1
lloran,1
waters,1
caneton,1
sentient,1
deer,1
indifference,1
qhechuwanku,1
suggests,1
phenomena,1
llevas,1
contain,1
yacaciwan,1
raoul,1
araui,1
portraying,1
altered,1
ill,1
met,1
infeliz,1
through,1
emperor,1
wedding,1
econ,1
kaspachus,1
centro,1
press,1
november,1
territory,1
subculture,1
tender,1
lesson,1
waqanaypaj,1
stevenson,1
mention,1
hebrews,1
representation,1
harcourts,1
utop,1
cruelty,1
our,1
courtship,1
raz,1
mica,1
extension,1
arikuspa,1
tell,1
cacophony,1
unable,1
entity,1
reveals,1
ispa,1
disappear,1
intensified,1
finding,1
hayas,1
travelling,1
twentieth,1
sangre,1
guest,1
documentation,1
sangres,1
instead,1
suffers,1
betrayer,1
fondo,1
arrivals,1
tarka,1
attempted,1
haphazard,1
agotarse,1
horizonte,1
francisco,1
tus,1
needs,1
luluyusqayta,1
moved,1
vi,1
solloz,1
todav,1
defied,1
tenderly,1
themselves,1
hills,1
migrantes,1
alberto,1
chaynij,1
texts,1
irte,1
llanto,1
pecho,1
wamancallay,1
among,1
seek,1
comparable,1
yerbas,1
falcons,1
north,1
beings,1
successive,1
kaynij,1
ndome,1
kisses,1
tragic,1
perception,1
tecnolog,1
huaylas,1
