WORDCOUNTS,WEIGHT
the,289
and,191
of,146
in,125
to,123
a,96
teachers,86
that,83
science,76
we,71
for,44
their,39
on,38
they,35
is,34
with,33
project,33
as,31
it,30
was,30
from,27
about,26
i,26
girls,25
more,25
students,23
had,22
strategies,21
be,21
institute,20
were,20
teaching,19
are,19
at,18
district,18
learning,18
reported,17
school,16
women,16
all,16
female,15
two,15
scientists,15
schools,14
new,14
this,14
have,14
change,14
one,13
also,13
out,13
them,13
teacher,13
course,13
what,12
support,12
yes,12
curriculum,12
equity,12
which,12
would,12
an,12
who,11
education,11
our,11
by,11
each,11
constructivist,11
use,11
b,10
learned,10
percent,10
summer,10
can,10
cooperative,10
how,9
experience,9
methodology,9
children,9
because,9
gender,9
using,9
york,8
developed,8
not,8
or,8
said,8
s,8
reform,8
work,8
during,8
own,8
research,8
when,8
no,7
she,7
university,7
participants,7
m,7
many,7
journals,7
there,7
through,7
development,7
need,7
you,7
than,7
groups,6
community,6
class,6
wanted,6
biology,6
into,6
same,6
must,6
most,6
administrators,6
other,6
focus,6
within,6
classrooms,6
another,6
used,6
knowledge,6
writing,6
engaged,6
fears,6
such,6
field,6
staff,6
activities,6
will,5
table,5
materials,5
if,5
parent,5
parents,5
excited,5
group,5
center,5
approaches,5
environment,5
following,5
experiment,5
but,5
problems,5
classroom,5
might,5
my,5
principles,5
did,5
trips,5
snail,5
do,5
districts,5
professors,5
system,5
making,5
time,5
boys,5
having,5
participation,5
some,5
these,5
looked,5
questions,5
years,5
three,5
national,5
good,5
include,5
philosophy,5
involved,5
workshops,5
june,5
should,5
things,4
me,4
college,4
after,4
reflective,4
designed,4
ways,4
before,4
being,4
first,4
n,4
only,4
readings,4
t,4
love,4
requires,4
text,4
learners,4
know,4
make,4
water,4
together,4
found,4
wrote,4
p,4
inquiry,4
somewhat,4
where,4
see,4
conferences,4
really,4
made,4
invited,4
little,4
city,4
courses,4
interviews,4
lesson,4
write,4
throughout,4
question,4
both,4
interested,4
approach,4
integrated,4
participating,4
so,4
aauw,4
level,4
coordinator,4
promote,4
between,4
create,4
explore,4
leadership,4
professional,4
building,4
meeting,4
doing,4
am,4
ongoing,3
may,3
now,3
independent,3
created,3
impact,3
constructivism,3
male,3
math,3
seen,3
still,3
systemic,3
experiences,3
large,3
american,3
life,3
study,3
expectations,3
kingsborough,3
us,3
included,3
observing,3
technology,3
material,3
lessons,3
house,3
resource,3
constructed,3
comfortable,3
think,3
projects,3
j,3
experiments,3
efforts,3
feel,3
leaders,3
substance,3
effort,3
very,3
end,3
connection,3
number,3
clearing,3
took,3
those,3
focused,3
assignments,3
unit,3
surveys,3
has,3
her,3
free,3
solving,3
information,3
implement,3
student,3
point,3
individual,3
example,3
became,3
role,3
looking,3
subject,3
went,3
programs,3
attract,3
ecosystems,3
survey,3
goal,3
laboratory,3
campbell,3
professor,3
interest,3
construct,3
small,3
bay,3
several,3
educational,3
interviewed,3
outcomes,3
bottle,3
climate,3
plans,3
funding,3
up,3
practice,3
cycle,3
educators,3
asked,3
final,2
marshall,2
critical,2
institutionalized,2
twelve,2
educator,2
interesting,2
books,2
high,2
currently,2
done,2
personally,2
today,2
dissected,2
matter,2
various,2
cohorts,2
continued,2
act,2
provide,2
his,2
scientific,2
identified,2
its,2
five,2
commitment,2
wonder,2
weighted,2
motivated,2
inside,2
order,2
e,2
hard,2
july,2
itself,2
c,2
began,2
risk,2
got,2
vol,2
r,2
per,2
weea,2
importance,2
needs,2
reflection,2
discover,2
replaced,2
decisions,2
oobleck,2
methods,2
construction,2
white,2
fall,2
values,2
supporting,2
shell,2
fields,2
bias,2
changes,2
added,2
thought,2
meant,2
exposure,2
supplementary,2
policy,2
history,2
suggestions,2
encourage,2
individually,2
then,2
placed,2
anning,2
director,2
conclusion,2
excitement,2
dewey,2
too,2
jamaica,2
department,2
consistent,2
known,2
beyond,2
modeled,2
supported,2
note,2
few,2
letitia,2
book,2
originally,2
helped,2
participated,2
others,2
encouraged,2
put,2
intellectual,2
worked,2
experimentation,2
parental,2
barber,2
result,2
different,2
based,2
expose,2
whom,2
publishing,2
underrepresented,2
could,2
belong,2
comfort,2
pressure,2
report,2
disliked,2
any,2
fishing,2
curiosity,2
teacherdirected,2
obeng,2
benefit,2
stipend,2
past,2
discussed,2
agree,2
better,2
studies,2
equally,2
didn,2
trying,2
discipline,2
reading,2
planned,2
interview,2
mary,2
models,2
want,2
evaluation,2
particular,2
well,2
sciences,2
spoke,2
your,2
woman,2
brooklyn,2
mathematics,2
problem,2
sought,2
going,2
touch,2
studying,2
connections,2
felt,2
learn,2
prior,2
data,2
examined,2
pritchard,2
size,2
discussion,2
fourteen,2
reminds,2
conference,2
received,2
network,2
upon,2
clear,2
internet,2
brought,2
shortchange,2
manual,2
giving,2
lowe,2
assumptions,2
lecture,2
overall,2
rosser,2
engage,2
lab,2
place,2
much,2
issues,2
goals,2
childhood,2
variables,2
hour,2
language,2
adopting,2
participate,2
tell,2
ethnicity,2
finding,2
minds,2
chemistry,2
g,2
discovery,2
findings,2
ecosystem,2
applicant,2
actively,2
keep,2
physics,2
sense,2
friedman,2
like,2
conducted,2
administrator,2
collected,2
administrative,2
respondents,2
computer,2
association,2
increased,2
seeing,2
back,2
deciding,2
taking,2
eyes,2
response,2
dollars,2
constructing,2
themselves,2
experiential,2
enjoyed,2
early,2
including,2
districtwide,2
working,2
looks,2
majority,2
delores,2
given,2
traditional,2
enhanced,2
despite,2
marriot,2
engagement,2
reflected,2
wildlife,2
value,2
provided,2
built,2
waiting,2
race,2
suggest,2
questioning,2
major,2
perfect,1
increasing,1
flux,1
snails,1
unexpected,1
higher,1
rachel,1
failed,1
incentives,1
offices,1
perception,1
tests,1
discussing,1
researchers,1
he,1
applications,1
likely,1
spiral,1
curricula,1
gained,1
november,1
discourage,1
remarking,1
cover,1
raise,1
adjunct,1
cow,1
evaluations,1
journey,1
saying,1
congress,1
reviews,1
sessions,1
float,1
action,1
growth,1
main,1
redesign,1
samples,1
himself,1
centered,1
held,1
plays,1
happy,1
enjoyable,1
stop,1
providing,1
excessive,1
program,1
telephone,1
caught,1
play,1
career,1
manipulate,1
passively,1
acknowledged,1
interventions,1
fingers,1
levels,1
ran,1
allay,1
notion,1
process,1
coloring,1
brings,1
success,1
april,1
universities,1
ultimate,1
goes,1
opportunity,1
digest,1
distributed,1
expect,1
minutes,1
speakers,1
talk,1
certain,1
relieved,1
elementary,1
strange,1
selection,1
positive,1
articulate,1
empowered,1
rediscover,1
implementing,1
tend,1
crabs,1
dinosaurs,1
assessments,1
grade,1
berkeley,1
awareness,1
join,1
formed,1
collect,1
rate,1
factors,1
moreover,1
answer,1
guides,1
types,1
colleges,1
get,1
doors,1
opportunities,1
understand,1
face,1
additionally,1
articles,1
read,1
compilation,1
effecting,1
nine,1
enthusiastic,1
favor,1
frowned,1
prekindergarten,1
consultation,1
financial,1
owl,1
under,1
stereotypic,1
females,1
forget,1
addressed,1
entry,1
model,1
reconnect,1
discouraged,1
assistant,1
intensive,1
v,1
resonates,1
bit,1
workplace,1
considerations,1
scientist,1
tells,1
positively,1
section,1
elmsford,1
just,1
thirty,1
horseshoe,1
morning,1
coats,1
reinvigorated,1
warmth,1
called,1
variety,1
criticism,1
facilitator,1
yuck,1
returned,1
ascher,1
contact,1
solid,1
literature,1
themes,1
multicultural,1
demonstrate,1
monday,1
extensive,1
contained,1
bridges,1
handson,1
noted,1
speaking,1
additional,1
appears,1
concepts,1
surface,1
way,1
dredged,1
evolve,1
provision,1
voices,1
skeletons,1
bringing,1
room,1
longer,1
boring,1
position,1
barriers,1
invention,1
long,1
rather,1
collaborate,1
colleagues,1
gain,1
overcame,1
tour,1
spider,1
sustained,1
human,1
voiced,1
recruited,1
viewed,1
lot,1
business,1
north,1
chaos,1
accustomed,1
important,1
decided,1
suggested,1
toward,1
kites,1
shelf,1
view,1
supports,1
meaning,1
similarly,1
expectation,1
operating,1
tuition,1
beautiful,1
emerged,1
specimens,1
image,1
monthly,1
experienced,1
been,1
greater,1
barnacles,1
expressed,1
closely,1
friendly,1
loom,1
came,1
shows,1
falling,1
lack,1
diminishing,1
exploration,1
sampling,1
board,1
available,1
copy,1
completing,1
everyone,1
incorporating,1
areas,1
broadly,1
credits,1
impetus,1
ntml,1
pattern,1
proposal,1
plan,1
feels,1
hands,1
convert,1
color,1
disproportionate,1
typical,1
abstract,1
differences,1
four,1
against,1
tuitionfree,1
ma,1
foundation,1
behavioral,1
enable,1
achievement,1
crawled,1
objectives,1
changed,1
format,1
job,1
ocean,1
pebbles,1
rely,1
inspired,1
carolina,1
written,1
excite,1
sorted,1
resulting,1
coordinating,1
take,1
real,1
eat,1
phobia,1
almost,1
utilize,1
serious,1
salary,1
fellow,1
fear,1
describe,1
couldn,1
careers,1
interactive,1
men,1
mind,1
density,1
outside,1
further,1
impression,1
discouragement,1
solidify,1
consciously,1
influences,1
mr,1
reasons,1
principal,1
born,1
though,1
causes,1
california,1
communities,1
discuss,1
alike,1
innovative,1
clams,1
enjoyment,1
something,1
behind,1
intensity,1
developing,1
purposes,1
reactions,1
whether,1
nature,1
terms,1
edu,1
form,1
gets,1
content,1
cannot,1
involvement,1
thirtyfive,1
biomarkers,1
partners,1
experimental,1
males,1
colder,1
paired,1
trict,1
however,1
maintain,1
hoped,1
ed,1
dr,1
soda,1
inquire,1
multiethnic,1
cooperatively,1
required,1
frequency,1
enough,1
listen,1
immerse,1
chapter,1
while,1
primary,1
mass,1
world,1
influenced,1
incorporate,1
practices,1
esearch,1
hall,1
boat,1
circulated,1
staring,1
require,1
secure,1
studentcentered,1
explored,1
presented,1
design,1
answers,1
struggling,1
confronted,1
keeping,1
thursdays,1
feeding,1
second,1
agreed,1
opened,1
week,1
capable,1
possible,1
methodologies,1
classes,1
collier,1
incorporated,1
understanding,1
line,1
behaviors,1
prevent,1
activity,1
attended,1
paleontologist,1
shared,1
institutionalize,1
hear,1
listening,1
treated,1
bodies,1
spectroscopes,1
views,1
preand,1
move,1
investigator,1
insights,1
true,1
future,1
voice,1
eight,1
responded,1
advancement,1
part,1
closed,1
sea,1
observer,1
training,1
resources,1
reserve,1
cited,1
calls,1
related,1
perpetuates,1
nation,1
along,1
comment,1
versa,1
african,1
increase,1
thoughts,1
reports,1
intended,1
ten,1
intermediate,1
administration,1
simply,1
whole,1
year,1
gave,1
feared,1
contribute,1
choices,1
girl,1
assumption,1
sign,1
needed,1
ghana,1
exciting,1
behavior,1
controlled,1
concoction,1
stress,1
encouraging,1
ideas,1
pushing,1
exist,1
net,1
structures,1
faculty,1
visualize,1
build,1
colleague,1
calling,1
phase,1
continue,1
frame,1
campus,1
demonstration,1
temperature,1
weekly,1
recruitment,1
spoon,1
promoted,1
enthusiasm,1
theories,1
pellets,1
devoted,1
workload,1
involves,1
spring,1
described,1
talented,1
pictures,1
citing,1
instructive,1
low,1
fact,1
quality,1
generate,1
challenging,1
observed,1
since,1
similarity,1
constantly,1
ny,1
leads,1
realized,1
baking,1
guest,1
chemical,1
express,1
grant,1
finally,1
poetry,1
sustain,1
aware,1
makes,1
lectures,1
interpret,1
evaluated,1
heightening,1
confident,1
try,1
learner,1
newton,1
wednesday,1
state,1
repositioned,1
ncsu,1
sure,1
lonely,1
revised,1
spread,1
sync,1
evidence,1
funded,1
multiyear,1
assessment,1
completed,1
creating,1
pay,1
panel,1
states,1
direction,1
played,1
dress,1
kind,1
playing,1
guided,1
carson,1
keenly,1
area,1
unity,1
counseling,1
standard,1
lose,1
lockers,1
approximately,1
speak,1
taught,1
family,1
dialogue,1
never,1
spent,1
underlying,1
why,1
times,1
blank,1
beautifully,1
soil,1
conclusions,1
observation,1
ignore,1
wondered,1
food,1
outmoded,1
vessel,1
although,1
systems,1
often,1
http,1
microscopes,1
six,1
listened,1
cornstarch,1
answering,1
cuny,1
correct,1
become,1
authentic,1
mystery,1
applying,1
topics,1
concluded,1
liquid,1
kids,1
module,1
foremost,1
marlowe,1
collaboration,1
sharing,1
always,1
annual,1
seeking,1
drawn,1
even,1
percentage,1
interaction,1
pergamon,1
present,1
journal,1
re,1
vice,1
powders,1
describes,1
seining,1
submitting,1
among,1
seek,1
tapped,1
inquiries,1
shouldn,1
harmful,1
attend,1
beings,1
green,1
posing,1
awarded,1
noticed,1
structuring,1
increments,1
attention,1
animals,1
professions,1
enjoy,1
fossils,1
opinions,1
stereotypes,1
implementation,1
critiquing,1
collaborated,1
principals,1
plant,1
threads,1
camouflage,1
references,1
prevalent,1
