WORDCOUNTS,WEIGHT
the,194
she,139
and,130
her,89
a,88
to,85
was,83
sadie,82
that,57
in,55
it,47
of,46
on,42
at,40
t,38
s,37
had,35
tess,33
but,31
he,29
for,26
you,26
with,21
they,19
as,19
didn,18
were,18
be,18
would,17
fonda,17
when,17
i,16
not,15
just,14
said,14
there,14
like,14
one,14
even,14
knew,13
him,13
henry,13
could,12
city,12
call,12
have,12
his,11
very,11
because,11
phone,11
saw,11
did,10
up,10
little,10
now,9
same,9
time,9
your,9
if,8
ryan,8
told,8
about,8
once,8
wanted,8
or,8
never,8
what,8
new,8
went,8
thought,7
all,7
out,7
before,7
couldn,7
them,7
play,7
herself,7
got,7
an,7
theater,6
their,6
ma,6
get,6
lights,6
hair,6
from,6
too,6
ever,6
only,6
over,6
put,6
company,6
years,6
week,6
this,6
creteko,6
after,6
cab,6
bell,6
looked,6
roseann,5
will,5
no,5
card,5
been,5
wait,5
whacky,5
read,5
york,5
seat,5
wouldn,5
two,5
saturday,5
every,5
more,5
any,5
loves,5
took,5
though,5
felt,5
some,5
made,5
its,5
manhattan,5
review,5
good,5
leave,5
twice,5
green,5
antioch,4
me,4
phones,4
wrote,4
how,4
still,4
american,4
liked,4
maybe,4
astrology,4
something,4
house,4
by,4
age,4
first,4
long,4
care,4
again,4
many,4
right,4
man,4
help,4
mr,4
those,4
inc,4
see,4
day,4
say,4
make,4
people,4
tell,4
since,4
so,4
things,4
morning,4
grandmother,4
much,4
than,4
asked,4
may,3
go,3
girl,3
shake,3
aid,3
stars,3
everyone,3
return,3
alone,3
sandwich,3
curtain,3
white,3
picked,3
mother,3
mouse,3
into,3
thinking,3
worried,3
playbill,3
most,3
anything,3
ll,3
christmas,3
suit,3
know,3
might,3
sure,3
came,3
capital,3
called,3
pretty,3
come,3
light,3
take,3
away,3
movie,3
punishment,3
last,3
mind,3
hand,3
let,3
where,3
want,3
nice,3
mass,3
staring,3
birthday,3
smiled,3
work,3
who,3
beverly,3
move,3
john,3
women,3
heart,3
meals,3
met,3
sent,3
mickey,3
year,3
island,3
older,3
place,3
heard,3
stayed,3
finally,3
sat,3
should,3
building,3
hard,3
dinner,3
next,3
old,3
wasn,3
news,3
six,3
young,3
arrived,3
hills,3
dark,3
ago,3
showed,3
promised,2
tea,2
difficult,2
dialed,2
front,2
anta,2
waitress,2
bright,2
stared,2
without,2
act,2
top,2
inside,2
martini,2
appointment,2
busy,2
sitting,2
arm,2
began,2
sipped,2
wheels,2
standing,2
boy,2
strange,2
letter,2
hearing,2
life,2
why,2
bread,2
hope,2
is,2
slowly,2
send,2
easily,2
meant,2
door,2
then,2
home,2
sick,2
horoscope,2
days,2
slot,2
queens,2
follow,2
street,2
certainly,2
colors,2
important,2
usher,2
decided,2
address,2
location,2
anywhere,2
stamp,2
moving,2
huh,2
others,2
head,2
best,2
down,2
advantage,2
found,2
great,2
color,2
thank,2
p,2
changed,2
pointed,2
radio,2
court,2
while,2
audience,2
taurus,2
junior,2
past,2
serious,2
suddenly,2
living,2
m,2
person,2
ticket,2
sacred,2
do,2
ladies,2
cards,2
actor,2
mail,2
signs,2
attack,2
stopped,2
park,2
legend,2
reuben,2
until,2
making,2
younger,2
safe,2
broadway,2
woman,2
ears,2
leaving,2
pulled,2
always,2
free,2
really,2
birthdays,2
voice,2
another,2
imagine,2
hello,2
opened,2
planning,2
both,2
blue,2
driver,2
except,2
part,2
henryfonda,2
calls,2
supreme,2
room,2
ten,2
gave,2
sign,2
garden,2
realized,2
purse,2
way,2
stay,2
we,2
paper,2
scrap,2
pacemaker,2
carefully,2
such,2
own,2
three,2
write,2
near,2
lady,2
held,2
orchestra,2
brother,2
times,2
stage,2
mints,2
thing,2
night,2
nor,2
around,2
am,2
especially,2
few,2
tried,2
c,2
truly,2
vodka,2
find,2
james,2
re,2
envelope,2
dear,2
citizen,2
yelled,2
moved,2
rest,2
close,2
perfect,1
remind,1
jean,1
diner,1
does,1
fifty,1
laughed,1
jaunty,1
dealt,1
crowds,1
dead,1
relationship,1
dial,1
second,1
actors,1
o,1
excuse,1
page,1
violation,1
ventured,1
note,1
matter,1
window,1
bureau,1
wisdom,1
assn,1
tomorrow,1
fortunately,1
letters,1
square,1
sometimes,1
figure,1
traffic,1
insult,1
holiday,1
hummed,1
across,1
muffin,1
happy,1
respectful,1
drama,1
stop,1
chicken,1
sort,1
reasonable,1
begin,1
thou,1
market,1
personnel,1
tonight,1
lines,1
feet,1
jane,1
congressman,1
youthfulness,1
corned,1
funny,1
dragged,1
red,1
remote,1
mood,1
season,1
appointments,1
fdr,1
seen,1
restaurants,1
jungle,1
deluding,1
team,1
sauerkraut,1
neighborhood,1
yankee,1
returned,1
drawer,1
madman,1
drifting,1
philosophy,1
case,1
church,1
excited,1
center,1
try,1
skipped,1
hold,1
miami,1
star,1
tree,1
extra,1
ya,1
gentlemanly,1
furtively,1
fall,1
frank,1
renamed,1
weren,1
live,1
polite,1
elderly,1
table,1
doubly,1
figures,1
requesting,1
supporting,1
computer,1
swiss,1
museum,1
fuss,1
months,1
meet,1
reason,1
sorry,1
handbag,1
dull,1
happened,1
offensive,1
frowned,1
floor,1
bad,1
cats,1
sounds,1
seeing,1
playing,1
wonderful,1
considered,1
yourself,1
god,1
neither,1
steak,1
tastand,1
imposing,1
history,1
hostess,1
acting,1
tipped,1
bit,1
planned,1
heavy,1
faded,1
mustachioed,1
projector,1
liberal,1
terrific,1
girls,1
believed,1
weather,1
senior,1
welfare,1
arguing,1
fashionable,1
excitement,1
signthe,1
argued,1
fare,1
contact,1
these,1
biography,1
menu,1
must,1
hoping,1
delicatessens,1
show,1
experience,1
zoo,1
joe,1
lined,1
mention,1
filed,1
being,1
painful,1
apartments,1
cast,1
dink,1
tableantique,1
grabbed,1
vietnam,1
fool,1
lot,1
else,1
bookstores,1
retired,1
jesse,1
chose,1
please,1
embarrassed,1
party,1
besides,1
lobby,1
thinner,1
sky,1
beef,1
also,1
restaurant,1
fixed,1
left,1
benches,1
invalids,1
other,1
feeble,1
set,1
gonna,1
helped,1
power,1
upset,1
give,1
forty,1
strike,1
quickly,1
feeling,1
cheesesomething,1
rush,1
yours,1
brains,1
natural,1
secretary,1
darkness,1
drink,1
sunday,1
disgustedly,1
control,1
heavens,1
friends,1
tightly,1
hours,1
slumped,1
remaining,1
grilled,1
experiments,1
shares,1
piling,1
hatched,1
aisle,1
my,1
different,1
packed,1
shows,1
longer,1
killed,1
admit,1
yeah,1
book,1
walk,1
dixon,1
nothing,1
marquees,1
tradition,1
squinting,1
blocks,1
discount,1
harder,1
rye,1
suggesting,1
daily,1
conservative,1
copied,1
plan,1
half,1
afraid,1
dividends,1
money,1
neon,1
returns,1
prided,1
tentatively,1
doors,1
choice,1
post,1
children,1
didja,1
walked,1
daydreams,1
reply,1
guy,1
scheme,1
loud,1
bifocals,1
cady,1
package,1
wore,1
everything,1
anyway,1
ordered,1
wiped,1
barbecued,1
bite,1
hands,1
closest,1
roosevelt,1
foolish,1
limousine,1
dumbfounded,1
big,1
lunches,1
outside,1
date,1
none,1
afternoon,1
following,1
fire,1
beginning,1
plated,1
vehement,1
helping,1
understood,1
informed,1
according,1
rent,1
blow,1
welcome,1
dropped,1
sheet,1
within,1
anymore,1
screamed,1
somebody,1
magazine,1
empire,1
treat,1
income,1
whether,1
rose,1
twist,1
cooking,1
answer,1
defense,1
plenty,1
sound,1
teased,1
peep,1
well,1
takes,1
series,1
placed,1
depending,1
perfectly,1
eye,1
excitedly,1
passed,1
perhaps,1
belief,1
required,1
shall,1
central,1
bronx,1
pleased,1
problem,1
directly,1
east,1
distance,1
gods,1
rinky,1
counselsigns,1
getting,1
crowley,1
number,1
going,1
carried,1
firm,1
handsome,1
unable,1
percent,1
stance,1
chickens,1
remained,1
tour,1
unchanged,1
noticed,1
sociability,1
almost,1
information,1
apartment,1
thursdays,1
creperie,1
relatives,1
future,1
crane,1
envelopes,1
lap,1
salon,1
investment,1
kathleen,1
used,1
missed,1
secured,1
father,1
drive,1
publish,1
yellowstone,1
rocks,1
mom,1
mutual,1
parades,1
bought,1
drugstores,1
stuck,1
presented,1
true,1
careful,1
tuesdays,1
inquirer,1
sundays,1
decent,1
uphill,1
given,1
point,1
through,1
individual,1
twitch,1
river,1
matinee,1
apply,1
closed,1
borough,1
combing,1
mornings,1
enclosing,1
elizabeth,1
returning,1
step,1
fan,1
cream,1
significant,1
use,1
impulses,1
sold,1
open,1
range,1
during,1
needed,1
billboard,1
cheese,1
nervously,1
shalt,1
world,1
lunch,1
issues,1
snap,1
pleasure,1
writing,1
falling,1
mentioning,1
earn,1
think,1
folded,1
pan,1
friend,1
lawrence,1
commandment,1
hour,1
vietnamese,1
services,1
hungry,1
our,1
stewart,1
advertising,1
amendment,1
which,1
pagan,1
named,1
trip,1
brought,1
ice,1
shirlee,1
cry,1
office,1
smack,1
backstage,1
dummy,1
passing,1
rouge,1
shown,1
clapped,1
roberts,1
drafts,1
tears,1
argument,1
touch,1
won,1
negro,1
politely,1
received,1
skyride,1
worry,1
peaches,1
jimmy,1
stumbled,1
against,1
weeks,1
announcement,1
october,1
september,1
laughing,1
national,1
silent,1
movies,1
dazedly,1
prices,1
corner,1
hurt,1
stationery,1
tone,1
wears,1
running,1
horoscopes,1
least,1
intermission,1
although,1
lonely,1
started,1
threw,1
fiona,1
speaking,1
cold,1
romances,1
staying,1
stanton,1
straight,1
assured,1
wednesdays,1
dry,1
piece,1
laugh,1
trueness,1
television,1
order,1
definite,1
rockwell,1
calmed,1
sleeve,1
barbecue,1
wednesday,1
black,1
pension,1
walking,1
event,1
speak,1
family,1
men,1
small,1
lighting,1
keep,1
booth,1
fawns,1
dispatchers,1
limousines,1
state,1
chuckled,1
back,1
coupla,1
between,1
eyes,1
chuckle,1
dollars,1
reread,1
straining,1
attending,1
fellows,1
marry,1
afford,1
desk,1
heatedly,1
yankees,1
exactly,1
wishing,1
chicago,1
dined,1
pure,1
estimate,1
can,1
tripped,1
create,1
visible,1
shouldn,1
y,1
wanna,1
look,1
immediately,1
lawyer,1
fancy,1
versus,1
sharon,1
obscenity,1
notice,1
tendency,1
north,1
advised,1
relative,1
sister,1
quarterly,1
gold,1
gristedes,1
adult,1
born,1
hardly,1
daughter,1
opposite,1
coincidences,1
isn,1
fervently,1
justice,1
glad,1
noon,1
stunned,1
celebrating,1
sunned,1
