WORDCOUNTS,WEIGHT
and,538
the,491
of,437
in,384
to,247
a,195
as,144
with,103
youth,93
young,89
for,85
i,77
that,77
was,70
on,69
their,66
sex,63
vietnam,61
people,61
sexual,60
an,59
vietnamese,57
this,56
women,55
is,54
not,54
social,52
were,48
sexuality,47
hanoi,47
her,46
from,45
urban,44
at,43
which,43
she,43
it,42
s,42
my,42
men,42
love,41
had,40
culture,40
also,40
have,40
internet,39
they,38
but,38
by,36
one,35
society,35
are,32
marriage,31
nguyen,31
other,30
or,30
who,30
has,28
out,28
well,27
among,27
asia,26
relationships,25
such,25
university,25
premarital,25
emerging,25
more,25
them,25
trends,22
when,22
he,22
his,21
research,21
only,21
new,21
dating,21
pp,20
these,20
time,20
number,20
both,20
press,20
family,19
phuong,19
same,19
me,19
been,19
girls,19
market,18
thanh,18
parents,18
behaviour,18
unmarried,18
increasingly,18
relationship,18
be,18
changes,17
do,17
romantic,16
practices,16
eds,16
told,15
friends,15
because,15
life,15
values,15
nien,14
without,14
age,14
southeast,14
two,14
multiple,14
traditional,14
context,13
manderson,13
during,13
own,13
interviewees,13
practice,13
another,13
attitudes,13
studies,12
chastity,12
there,12
further,12
cohabitation,12
example,12
up,12
experiences,12
about,12
contemporary,12
fieldwork,12
male,12
then,12
parental,12
paper,12
courtship,12
tuyet,12
per,11
even,11
whom,11
could,11
however,11
tuan,11
so,11
although,11
state,10
online,10
perceptions,10
cultural,10
aged,10
its,10
gender,10
female,10
under,10
see,10
trend,10
would,10
can,10
education,10
doi,10
freedom,10
need,10
live,9
modern,9
experience,9
way,9
girlfriend,9
all,9
moi,9
some,9
married,9
since,9
data,9
place,9
change,9
least,9
value,9
lenore,9
va,9
law,9
many,9
personal,9
hand,9
where,9
interview,9
woman,9
open,9
liamputtong,9
living,9
gammeltoft,9
between,9
prostitution,8
interviews,8
control,8
rapid,8
lan,8
than,8
liberal,8
based,8
issues,8
towards,8
south,8
various,8
still,8
including,8
lien,8
period,8
collected,8
relations,8
chat,8
over,8
rural,8
while,8
orientations,8
popular,8
met,8
coming,8
you,8
recent,8
gia,7
first,7
desire,7
prior,7
find,7
hoi,7
utomo,7
reforms,7
access,7
late,7
hung,7
planning,7
part,7
night,7
involved,7
local,7
subsequently,7
power,7
economic,7
us,7
home,7
perspectives,7
rise,7
fact,7
stories,7
areas,7
man,7
casual,7
health,7
become,7
increasing,7
vnexpress,7
grammar,7
get,7
regard,7
particularly,7
d,7
early,7
common,6
prostitutes,6
materialistic,6
into,6
before,6
being,6
able,6
government,6
interviewed,6
political,6
within,6
boyfriends,6
money,6
dong,6
taking,6
curzon,6
cases,6
enabled,6
observations,6
view,6
giddens,6
dang,6
information,6
work,6
pranee,6
used,6
encounters,6
desires,6
activities,6
foucault,6
party,6
children,6
nha,6
moral,6
general,6
like,6
we,6
xa,6
employment,6
seen,6
often,6
associated,6
know,6
very,6
ideal,6
through,6
role,6
indonesia,6
chicago,6
interaction,6
conversations,6
now,5
introduction,5
cornell,5
words,5
case,5
engage,5
framework,5
million,5
virginity,5
century,5
liberalisation,5
no,5
rather,5
cuu,5
population,5
four,5
most,5
important,5
graduates,5
users,5
rooms,5
khanh,5
having,5
year,5
socialist,5
ban,5
june,5
will,5
girl,5
make,5
ed,5
addition,5
confucian,5
outside,5
lee,5
accepted,5
perhaps,5
understanding,5
upon,5
morality,5
never,5
spouse,5
dinh,5
stable,5
school,5
partner,5
did,5
making,5
tine,5
subject,5
controls,5
nghien,5
gain,5
our,5
am,5
given,5
roles,5
difficult,4
cent,4
large,4
conducted,4
true,4
ly,4
thuc,4
canh,4
hence,4
fast,4
emerged,4
together,4
reasons,4
ofage,4
take,4
duong,4
viet,4
focus,4
lam,4
move,4
september,4
backgrounds,4
nam,4
relatively,4
turn,4
nor,4
response,4
modernity,4
abortion,4
generation,4
influence,4
giang,4
act,4
xuat,4
importance,4
understand,4
house,4
nowadays,4
beyond,4
generally,4
greater,4
societies,4
typical,4
cau,4
aspects,4
literature,4
constitute,4
away,4
either,4
surrey,4
good,4
whilst,4
le,4
around,4
latest,4
impacts,4
nearly,4
april,4
relaxed,4
heterosexual,4
john,4
end,4
spoke,4
focusing,4
made,4
quan,4
concern,4
use,4
processes,4
pham,4
three,4
individual,4
him,4
high,4
article,4
story,4
saw,4
science,4
sometimes,4
lives,4
insecurity,4
face,4
vna,4
changing,4
known,4
wider,4
set,4
monthly,4
country,4
different,4
involvement,4
theory,4
institute,4
city,4
became,4
modernising,4
singapore,4
until,4
average,4
conditions,4
marr,4
needs,4
go,3
does,3
customers,3
currently,3
o,3
if,3
mchale,3
identity,3
commitment,3
e,3
becoming,3
agency,3
di,3
ideals,3
western,3
romance,3
hour,3
pragmatic,3
great,3
indeed,3
room,3
pornographic,3
concepts,3
those,3
discuss,3
felt,3
west,3
household,3
desirable,3
himself,3
karaoke,3
review,3
due,3
xuan,3
club,3
media,3
affairs,3
david,3
perspective,3
http,3
journal,3
quen,3
via,3
thang,3
erotic,3
york,3
mean,3
earlier,3
pages,3
study,3
reason,3
accounts,3
interviewee,3
amid,3
drummond,3
willing,3
tu,3
m,3
belanger,3
moving,3
affordable,3
found,3
boyfriend,3
youths,3
meet,3
younger,3
specifically,3
cohabit,3
writers,3
brought,3
london,3
farrer,3
knowledge,3
nation,3
nu,3
broad,3
focuses,3
reflect,3
overseas,3
drug,3
working,3
quite,3
small,3
several,3
hiv,3
occasions,3
couple,3
describes,3
marry,3
socialism,3
dam,3
nga,3
therefore,3
second,3
commit,3
july,3
above,3
bill,3
selection,3
single,3
once,3
continuation,3
criticism,3
opportunities,3
soon,3
calculations,3
neither,3
bo,3
disciplinary,3
ho,3
challenge,3
financial,3
tong,3
tien,3
choice,3
enable,3
daily,3
pacific,3
diverse,3
personality,3
reproductive,3
ages,3
chinh,3
jobs,3
rydstrom,3
iwu,3
educated,3
going,3
free,3
background,3
asian,3
engaging,3
ideas,3
pleasure,3
net,3
stay,3
intimacy,3
started,3
lifestyles,3
revised,3
stresses,3
after,3
provides,3
computer,3
educational,3
especially,3
seeking,3
luan,3
attention,3
chu,3
malaysian,3
foreign,3
husband,3
means,3
strongly,3
why,3
matters,3
stivens,3
material,3
simply,3
pace,3
besides,3
here,3
sustained,3
feelings,3
connection,3
themselves,3
passage,3
february,3
places,3
person,3
according,3
particular,3
ma,3
censorship,3
studying,3
boys,3
almost,3
presented,3
son,3
recognition,3
little,3
november,3
went,3
trinh,3
come,3
chaste,3
years,3
twentieth,3
instead,3
include,3
typically,3
roughly,3
propriety,3
drift,3
news,3
lac,3
c,3
informants,3
immediately,3
strong,3
ca,3
sharpe,2
rate,2
child,2
oriented,2
socialisation,2
adoption,2
thai,2
reflective,2
connect,2
everybody,2
group,2
chi,2
remarks,2
hull,2
openness,2
ways,2
mentality,2
policy,2
position,2
something,2
contact,2
durand,2
ooo,2
failing,2
shanghai,2
give,2
enables,2
address,2
hoc,2
definition,2
company,2
gioi,2
continue,2
tradition,2
phong,2
reveal,2
resulting,2
faithful,2
date,2
influences,2
richmond,2
california,2
magazine,2
majority,2
chatting,2
depends,2
preventing,2
governmental,2
hoan,2
copenhagen,2
international,2
foreigners,2
apart,2
conceptual,2
reflecting,2
far,2
familial,2
sach,2
along,2
enter,2
interact,2
economies,2
holland,2
hai,2
pursuing,2
expanded,2
cmt,2
regarding,2
recognises,2
countless,2
g,2
characteristic,2
verghis,2
bus,2
progressive,2
tam,2
reluctance,2
body,2
afford,2
assertive,2
lisa,2
communication,2
bennett,2
jayne,2
aim,2
pay,2
mechanisms,2
simultaneously,2
sue,2
whose,2
ofhealth,2
developed,2
unit,2
explicit,2
doctrine,2
proportion,2
connected,2
keen,2
certain,2
nhan,2
direct,2
xahoi,2
coverage,2
hailed,2
exceptional,2
category,2
bad,2
marketoriented,2
wanted,2
consider,2
behaviours,2
wong,2
emergence,2
dated,2
elsewhere,2
days,2
thirty,2
passed,2
suprasert,2
care,2
decades,2
opening,2
acceptable,2
identifying,2
medicine,2
pulse,2
shared,2
nhung,2
shall,2
rent,2
ofpleasure,2
recently,2
required,2
opposition,2
public,2
scene,2
criteria,2
network,2
future,2
minute,2
trial,2
start,2
emphasis,2
nine,2
subscription,2
r,2
minh,2
oetomo,2
got,2
northern,2
loss,2
whole,2
overview,2
older,2
emancipation,2
illustrative,2
stanford,2
bodies,2
officials,2
hang,2
hard,2
field,2
sittitrai,2
politically,2
order,2
contrast,2
long,2
nguoi,2
chan,2
few,2
pregnancy,2
concerns,2
highly,2
governments,2
cong,2
sites,2
observe,2
reported,2
codes,2
scott,2
user,2
world,2
slept,2
enjoy,2
khuat,2
periods,2
highlights,2
situation,2
may,2
equality,2
variety,2
action,2
overall,2
khoa,2
grandjean,2
acknowledged,2
nias,2
community,2
intervention,2
interesting,2
thien,2
heyzer,2
holzner,2
nghia,2
yet,2
meanwhile,2
recognise,2
makes,2
rules,2
devotion,2
clash,2
light,2
ethnographic,2
literally,2
experiment,2
gay,2
friend,2
maintained,2
present,2
faster,2
vink,2
fan,2
members,2
french,2
popularity,2
spend,2
madonna,2
longer,2
lack,2
consideration,2
huong,2
fernandez,2
fashion,2
discussed,2
phan,2
goodkind,2
establish,2
tre,2
less,2
distance,2
encountered,2
day,2
degree,2
process,2
status,2
invested,2
eighteenth,2
cao,2
writings,2
looking,2
herself,2
phu,2
findings,2
entirely,2
bellows,2
significant,2
expression,2
robinson,2
factor,2
jennaway,2
real,2
urbanites,2
eight,2
unwanted,2
students,2
described,2
vinh,2
reality,2
trong,2
helle,2
express,2
wolffers,2
tinh,2
fellow,2
summer,2
remark,2
submissions,2
decide,2
behind,2
k,2
dollars,2
effect,2
bui,2
arisen,2
equivalent,2
figures,2
content,2
professional,2
fee,2
widely,2
bang,2
model,2
ranging,2
discipline,2
things,2
stage,2
adultery,2
today,2
note,2
intelligence,2
lot,2
bars,2
provide,2
chance,2
five,2
globalisation,2
institutions,2
referred,2
dimensions,2
began,2
rapidly,2
indicate,2
expectations,2
fall,2
achieve,2
centres,2
citizens,2
itself,2
considered,2
fertility,2
any,2
following,2
demonstrate,2
telecommunications,2
glimpse,2
hasten,2
offers,2
established,2
couples,2
berkeley,2
privacy,2
tat,2
down,2
argue,2
current,2
report,2
eventually,2
job,2
obviously,2
rely,2
uphold,2
reflected,2
cities,2
examining,2
diem,2
options,2
better,2
regulations,2
what,2
economy,2
capita,2
month,2
form,2
dwyer,2
lengths,2
harrow,2
too,2
middle,2
spaces,2
researchers,2
kim,2
economist,2
code,2
emphasised,2
intended,2
soucy,2
qualitative,2
phenomenon,2
pair,2
susceptible,2
national,2
accept,2
socially,2
opinions,2
thomson,2
colleagues,2
extremely,2
shift,2
specific,2
wedlock,2
ramazanoglu,2
hotel,2
individualistic,2
enterprise,2
recognised,2
observed,2
should,2
meeting,2
manila,2
chuc,2
gold,2
werner,2
addiction,1
liberally,1
abolition,1
abramson,1
formulated,1
thu,1
forties,1
done,1
customer,1
deny,1
limits,1
ethics,1
estimated,1
declared,1
obey,1
anthony,1
later,1
indicated,1
hacking,1
names,1
groups,1
shawn,1
created,1
nationwide,1
forwardlooking,1
college,1
determine,1
busy,1
inconvenience,1
epidemic,1
considerably,1
appear,1
string,1
notably,1
indonesian,1
glimpses,1
forcing,1
just,1
reflection,1
registering,1
routledgecurzon,1
measurable,1
complex,1
tend,1
constructive,1
mad,1
closure,1
join,1
referring,1
likely,1
schools,1
authority,1
mot,1
underground,1
constitutes,1
h,1
approaches,1
desperately,1
han,1
bdlanger,1
considerations,1
station,1
reasonably,1
acceptance,1
nao,1
fixed,1
cap,1
recreation,1
history,1
inequality,1
behavior,1
total,1
ofanthropology,1
viewpoints,1
nineteenth,1
induced,1
ofaids,1
acquainted,1
nice,1
prostitute,1
permitted,1
contexts,1
arms,1
test,1
highlight,1
rising,1
said,1
else,1
t,1
programmes,1
stressed,1
threats,1
cope,1
wrong,1
every,1
monash,1
caroline,1
duy,1
supposedly,1
preceding,1
upholding,1
production,1
questions,1
interests,1
exclusive,1
originally,1
evolution,1
motivations,1
might,1
attempt,1
waipeng,1
expectation,1
tolerated,1
neil,1
tourist,1
official,1
nature,1
departure,1
encapsulating,1
hong,1
reach,1
principles,1
available,1
divorce,1
belong,1
broadly,1
jahan,1
indulge,1
feminism,1
ben,1
thank,1
accessible,1
farmers,1
cyber,1
portrayal,1
lumpur,1
origin,1
rich,1
narrative,1
train,1
confront,1
maila,1
trip,1
thanks,1
ol,1
delaying,1
anyway,1
volunteered,1
kingdom,1
debt,1
reproduction,1
deemed,1
wealthy,1
help,1
maurice,1
mind,1
dearer,1
airline,1
precisely,1
keith,1
reserved,1
opposite,1
china,1
wage,1
infection,1
rethinking,1
promptings,1
partners,1
side,1
con,1
lthe,1
dissemination,1
existence,1
resulted,1
telecommunication,1
preoccupations,1
recorded,1
eastern,1
key,1
king,1
formulation,1
task,1
unaware,1
blackburn,1
encouraging,1
sought,1
saying,1
right,1
addresses,1
aline,1
tjust,1
account,1
suicide,1
recommended,1
possible,1
politics,1
lich,1
bloom,1
activity,1
illustrate,1
paucity,1
facilitating,1
sale,1
fishing,1
bibliography,1
dinner,1
terence,1
professor,1
restless,1
combination,1
giu,1
point,1
say,1
supervision,1
outlawed,1
intelligent,1
arrested,1
outings,1
apply,1
ritual,1
fiercely,1
dignity,1
joyce,1
acknowledgement,1
controlled,1
exposed,1
succeed,1
exist,1
avenues,1
flaunted,1
daughters,1
central,1
goal,1
thus,1
widened,1
fun,1
severe,1
difficulties,1
dynamics,1
development,1
ethical,1
points,1
pursue,1
medical,1
past,1
daylight,1
against,1
pursuit,1
unpublished,1
quoc,1
interest,1
regarded,1
janet,1
brother,1
establishments,1
te,1
wazir,1
tac,1
price,1
vanguard,1
cf,1
topic,1
xe,1
costs,1
attracting,1
construction,1
leading,1
defacto,1
elements,1
old,1
self,1
disco,1
interactivity,1
refer,1
fond,1
hct,1
approval,1
ha,1
speed,1
holds,1
phd,1
compared,1
left,1
third,1
liberalising,1
drives,1
anonymity,1
undertaking,1
committing,1
businesspeople,1
student,1
essays,1
look,1
spite,1
reformulate,1
hasty,1
jamicson,1
occasion,1
adult,1
malaysia,1
hardly,1
though,1
fierce,1
master,1
virtuous,1
virtual,1
receptionist,1
van,1
rights,1
proverb,1
opposed,1
sixteen,1
town,1
added,1
subordination,1
reflects,1
hesitant,1
dilemma,1
subjected,1
individuals,1
l,1
growth,1
portrayed,1
managing,1
main,1
generations,1
compatible,1
how,1
remain,1
sort,1
administrative,1
dongper,1
sizable,1
huan,1
myself,1
calculation,1
incidence,1
demonstrates,1
represented,1
goes,1
similar,1
grew,1
michel,1
easily,1
clayton,1
cac,1
lawyer,1
uncertainties,1
feel,1
consequences,1
factors,1
front,1
supposed,1
underline,1
support,1
tuoi,1
yang,1
layering,1
provinces,1
ensure,1
tensions,1
locally,1
shaming,1
entry,1
colonialism,1
encourages,1
benefits,1
image,1
literary,1
peasants,1
spent,1
irreversible,1
clearly,1
photographs,1
section,1
disadvantaged,1
sleeps,1
n,1
argued,1
frequently,1
exemplify,1
w,1
meant,1
additional,1
tourism,1
indications,1
organisation,1
notions,1
obstacles,1
iauraj,1
cost,1
always,1
exploitation,1
spinhuis,1
shifted,1
instantaneously,1
helped,1
testify,1
films,1
opinion,1
providing,1
drawing,1
stands,1
tro,1
ithaca,1
experimentation,1
worries,1
expressed,1
lead,1
columbia,1
migrant,1
location,1
wide,1
newspapers,1
ofindonesian,1
uncovering,1
justifiable,1
histories,1
carrying,1
conservative,1
entered,1
begun,1
kleincn,1
called,1
item,1
amsterdam,1
embracing,1
margaretjolly,1
lived,1
vulnerability,1
deal,1
scenes,1
intellectuals,1
events,1
centrally,1
worker,1
evening,1
luxury,1
actresses,1
hospitals,1
illness,1
initial,1
bali,1
employee,1
base,1
stepping,1
punishment,1
conversed,1
academic,1
brothels,1
irony,1
tran,1
understood,1
equal,1
dedd,1
poverty,1
newfound,1
kathryn,1
constraining,1
unemployment,1
cannot,1
energy,1
metro,1
placed,1
commitments,1
tension,1
dodgy,1
ritualisation,1
lyons,1
absolute,1
instrumental,1
reluctantly,1
enough,1
dao,1
professionals,1
sacrifice,1
james,1
stations,1
near,1
governing,1
patriarchal,1
randolph,1
receive,1
globally,1
representatives,1
abuse,1
socialise,1
directly,1
spheres,1
modernities,1
distinguish,1
seminal,1
vanlandingham,1
updated,1
archived,1
already,1
leisure,1
claim,1
concept,1
purpose,1
stir,1
ioo,1
calls,1
cua,1
tuy,1
pasts,1
minority,1
ten,1
genuine,1
gave,1
jamieson,1
policies,1
inherited,1
partly,1
actually,1
survey,1
surpass,1
structures,1
bat,1
director,1
mercenary,1
marketisation,1
call,1
ivan,1
teenage,1
polygamy,1
surrounding,1
regional,1
newspaper,1
formations,1
vang,1
participate,1
favourite,1
characterise,1
teenagers,1
week,1
assembly,1
attend,1
graduate,1
weeks,1
messages,1
citing,1
browsing,1
creating,1
daniel,1
normally,1
sense,1
transformed,1
revolution,1
theoretically,1
suggest,1
individualism,1
villagers,1
phrase,1
barriers,1
heart,1
loan,1
berg,1
openly,1
calling,1
het,1
characteristics,1
sufficient,1
kieu,1
exemplifies,1
yeu,1
renovation,1
acts,1
presence,1
australian,1
decline,1
essentially,1
suddenly,1
individualised,1
boundaries,1
telling,1
tended,1
impossible,1
foremost,1
incurred,1
fully,1
condemned,1
necessity,1
wife,1
paid,1
aids,1
provided,1
preliminary,1
inform,1
moved,1
actions,1
geographical,1
olfa,1
saucy,1
laing,1
cite,1
liberation,1
f,1
voi,1
submissive,1
units,1
graduation,1
communist,1
annum,1
reduced,1
implications,1
hegemony,1
exeter,1
condemnation,1
matter,1
careers,1
protecting,1
functioning,1
faithfulness,1
rachel,1
identified,1
extramarital,1
indicative,1
sinh,1
teasingly,1
short,1
constituents,1
happy,1
expansion,1
limited,1
play,1
tuyen,1
description,1
return,1
wait,1
theorizing,1
transition,1
brief,1
prevailing,1
forbidden,1
breath,1
reduce,1
undesired,1
interactions,1
drink,1
comments,1
builders,1
initially,1
settings,1
aii,1
echo,1
aligned,1
religious,1
direction,1
com,1
positive,1
competitiveness,1
anicle,1
conventional,1
biological,1
label,1
prance,1
inflatable,1
oxford,1
simultaneous,1
competition,1
interpretation,1
victor,1
housing,1
reference,1
surpassed,1
repressive,1
residence,1
dual,1
east,1
technology,1
goals,1
exposes,1
b,1
j,1
easing,1
thesis,1
perceived,1
earned,1
acting,1
included,1
planned,1
homogeneous,1
teaching,1
choices,1
dropped,1
milton,1
belonging,1
narratives,1
registration,1
illustrated,1
department,1
reports,1
noted,1
bar,1
kuala,1
sector,1
chose,1
definitions,1
routes,1
trucking,1
starting,1
unreliable,1
comfortable,1
paul,1
commodification,1
business,1
mark,1
toward,1
again,1
approaching,1
preferences,1
reporting,1
put,1
printing,1
experienced,1
nghe,1
analytical,1
signified,1
efforts,1
lund,1
shows,1
twenty,1
diminishing,1
admit,1
conduct,1
scholars,1
occurrence,1
rents,1
pressure,1
email,1
trips,1
documents,1
enact,1
abstract,1
reform,1
andjolly,1
demonstrations,1
condom,1
grave,1
oneself,1
sexualities,1
hear,1
phap,1
plagued,1
fallen,1
debates,1
cohabiting,1
pattern,1
serious,1
afraid,1
channel,1
smart,1
drove,1
wrestles,1
decisively,1
monitor,1
centre,1
leeds,1
trang,1
daniele,1
developing,1
subordinating,1
income,1
celebrated,1
coincided,1
forth,1
attitude,1
institutionalist,1
ao,1
gdp,1
remarked,1
belief,1
frequency,1
firewalls,1
routledge,1
manifested,1
gives,1
ngan,1
compete,1
panics,1
mobilising,1
fluidity,1
recreational,1
remained,1
oflndonesian,1
argues,1
interpreting,1
thousands,1
published,1
demonstrated,1
meetings,1
singers,1
judgemental,1
reveals,1
hue,1
spending,1
extended,1
vast,1
theirs,1
clients,1
father,1
intimate,1
abide,1
restrictions,1
release,1
easier,1
mothers,1
bear,1
situating,1
helps,1
concluding,1
region,1
deliberately,1
bao,1
desperate,1
contacts,1
ruling,1
complexities,1
medium,1
computers,1
mccargo,1
overheard,1
largely,1
assumption,1
virtually,1
prospective,1
numerous,1
vocabulary,1
conceptualisation,1
labourers,1
comprehensively,1
pack,1
services,1
imposes,1
laboratory,1
ibid,1
trust,1
check,1
chosen,1
full,1
previous,1
option,1
office,1
stayed,1
vu,1
theoretical,1
netherlands,1
underwent,1
whitmore,1
attraction,1
finally,1
andjakarta,1
meanings,1
clear,1
margaret,1
whoever,1
directed,1
authors,1
stress,1
language,1
virtues,1
reputation,1
urge,1
evils,1
lonely,1
workers,1
keep,1
homes,1
guesthouses,1
allowed,1
someone,1
interventionist,1
fidelity,1
features,1
ngo,1
static,1
conversation,1
preservation,1
indulging,1
segment,1
construct,1
latter,1
exchange,1
anybody,1
class,1
tuong,1
sojourn,1
facing,1
random,1
mai,1
constructing,1
transcendence,1
businesses,1
narrow,1
rbrm,1
overcome,1
examine,1
noeleen,1
january,1
implication,1
securing,1
kasim,1
versus,1
invented,1
govern,1
connections,1
engagement,1
aseasuk,1
hope,1
unrivalled,1
guiding,1
applies,1
examines,1
brenda,1
intergenerational,1
operating,1
iinda,1
unexpected,1
entitled,1
populace,1
carried,1
telephone,1
schoolgirls,1
indication,1
aspirations,1
reliable,1
extracted,1
autumn,1
foreseen,1
circle,1
responsiveness,1
footage,1
transformations,1
delhi,1
bureau,1
tiep,1
independent,1
assert,1
kenneth,1
addressing,1
holiday,1
surfing,1
plays,1
ministry,1
program,1
rough,1
imperatives,1
exacerbated,1
foreword,1
lines,1
months,1
ordinary,1
primarily,1
becomes,1
success,1
dai,1
directions,1
obstacle,1
force,1
effectively,1
visual,1
transformation,1
covering,1
worlds,1
inspired,1
hierarchical,1
existed,1
united,1
entertainment,1
respect,1
wives,1
dais,1
types,1
fields,1
centuries,1
humiliation,1
elder,1
articles,1
susan,1
influencing,1
regularly,1
poets,1
teenagerhood,1
detail,1
stephen,1
environment,1
duncan,1
authorities,1
shadow,1
fifteen,1
thinking,1
septlember,1
occasional,1
senior,1
broke,1
firsthand,1
garment,1
conclusion,1
exemplified,1
accordance,1
mentioned,1
version,1
trao,1
must,1
respective,1
cafrs,1
economically,1
pregnancies,1
theme,1
delegates,1
ani,1
confucianism,1
constructed,1
ll,1
willingness,1
quotes,1
sciences,1
defining,1
natural,1
principle,1
asylum,1
each,1
bravery,1
grow,1
rented,1
steven,1
worth,1
novel,1
december,1
industry,1
unknown,1
alexander,1
leaders,1
breaking,1
printed,1
undp,1
bit,1
half,1
scenario,1
inquiry,1
ngam,1
foundation,1
entering,1
regret,1
contradictory,1
jolly,1
physical,1
allocated,1
identities,1
nailed,1
fears,1
driven,1
proposed,1
works,1
risky,1
merely,1
anh,1
bien,1
megan,1
romeo,1
growing,1
keynes,1
widowed,1
jakarta,1
knows,1
born,1
scholarly,1
defending,1
convenient,1
communicate,1
investigation,1
upbringing,1
transmitted,1
unique,1
reactions,1
whether,1
regulates,1
rose,1
want,1
cause,1
sociology,1
quote,1
allowance,1
males,1
add,1
maintain,1
eroticism,1
ceased,1
hinh,1
supplemented,1
getting,1
vitality,1
secure,1
che,1
itchy,1
property,1
influenced,1
brigitte,1
alcohol,1
profile,1
marriages,1
aren,1
qua,1
andpower,1
conference,1
kluver,1
socioeconomic,1
monitored,1
kin,1
tri,1
beach,1
despite,1
marketing,1
wording,1
show,1
confirm,1
regulate,1
easy,1
publishers,1
unrealistic,1
giving,1
impose,1
song,1
confronted,1
finish,1
twenties,1
colonial,1
pleasant,1
coins,1
allows,1
homosexuality,1
representation,1
trung,1
formation,1
tper,1
ultimately,1
models,1
breaks,1
argument,1
unable,1
manageable,1
ignored,1
trc,1
cambridge,1
patriarchy,1
similarity,1
lately,1
travelling,1
web,1
defence,1
liaisons,1
piecemeal,1
charge,1
aware,1
nuoc,1
sufferings,1
wish,1
course,1
joined,1
approximately,1
operational,1
stateowned,1
touches,1
phung,1
enabling,1
crimes,1
activeness,1
regime,1
developmental,1
staying,1
transgressed,1
states,1
regular,1
proposes,1
hours,1
area,1
objections,1
walking,1
association,1
khi,1
showed,1
morally,1
observation,1
searching,1
potential,1
safeguard,1
penetrated,1
valuable,1
clarify,1
bi,1
km,1
elites,1
thing,1
inasmuch,1
negotiate,1
obligation,1
era,1
contrasting,1
create,1
uncertainty,1
nan,1
views,1
exclusively,1
chuong,1
characters,1
participant,1
generalised,1
re,1
eldest,1
enhanced,1
manifests,1
seek,1
prison,1
taylor,1
north,1
philippines,1
modernisation,1
behaves,1
pinkerton,1
offline,1
virtue,1
building,1
termed,1
workings,1
draft,1
customs,1
mataram,1
major,1
occur,1
perception,1
increase,1
hypothesis,1
