WORDCOUNTS,WEIGHT
the,434
of,261
and,225
to,169
is,133
geraldine,123
in,123
a,122
her,112
s,104
bertram,100
as,92
he,85
she,78
with,73
his,72
for,52
browning,49
that,49
barrett,46
lady,45
love,42
by,37
which,36
on,36
not,35
an,32
but,31
from,30
this,29
it,28
more,27
i,27
him,26
when,26
be,26
are,24
has,24
or,23
lover,22
poem,20
than,20
all,19
poet,19
only,19
courtship,19
was,18
woman,18
may,16
at,15
social,15
no,14
voice,14
if,13
such,13
reader,13
beloved,13
other,12
active,12
like,12
both,12
does,11
narrative,11
there,11
romantic,11
most,11
its,11
presence,11
these,11
becomes,11
poems,11
roles,11
first,10
ballads,10
silence,10
sensuous,10
also,10
can,10
relationship,10
vision,10
who,10
have,10
one,9
they,9
their,9
victorian,9
poetry,9
however,9
sense,9
so,9
never,9
while,9
subject,9
early,9
traditional,9
stephenson,8
romance,8
wycombe,8
even,8
my,8
elizabeth,8
quite,8
will,8
new,8
man,8
eyes,8
glennis,8
what,8
little,8
you,8
position,7
nature,7
letter,7
silent,7
how,7
clearly,7
could,7
out,7
up,7
two,7
would,7
become,7
primarily,7
born,7
although,7
views,7
wonder,6
spirit,6
women,6
room,6
far,6
young,6
appears,6
pp,6
soul,6
too,6
show,6
because,6
away,6
above,6
conventional,6
men,6
see,6
upon,6
bitter,6
story,6
me,6
lovers,6
patmore,6
them,6
role,6
concerned,5
worthy,5
into,5
seems,5
sound,5
obviously,5
apparently,5
earl,5
just,5
god,5
frequently,5
democratic,5
friends,5
plot,5
directly,5
actually,5
own,5
noble,5
object,5
stedman,5
desire,5
conviction,5
made,5
tis,5
been,5
life,5
face,5
particular,5
dream,5
almost,5
suggests,5
through,5
song,5
passive,5
later,4
complex,4
true,4
had,4
inequality,4
tells,4
feels,4
smile,4
experience,4
words,4
king,4
point,4
say,4
narrator,4
inner,4
left,4
consequently,4
inviting,4
main,4
importance,4
wealth,4
pure,4
singing,4
spiritual,4
part,4
friend,4
call,4
lowly,4
describes,4
world,4
am,4
society,4
says,4
us,4
should,4
do,4
herself,4
actual,4
effect,4
statue,4
attention,4
often,4
rarely,4
associated,4
comes,4
symbol,4
quickly,4
feelings,4
over,4
wealthy,4
convey,4
works,4
loved,4
must,4
age,4
shown,4
reveals,4
characters,4
images,4
ends,4
now,3
portuguese,3
red,3
ways,3
sudden,3
before,3
eager,3
said,3
sit,3
passion,3
vols,3
might,3
attempt,3
great,3
loves,3
mind,3
within,3
british,3
primary,3
sexual,3
hall,3
right,3
spake,3
scorn,3
leigh,3
since,3
assumes,3
heroines,3
moment,3
response,3
kenyon,3
critics,3
poor,3
york,3
rather,3
thou,3
earlier,3
white,3
means,3
encourages,3
literary,3
gradually,3
mary,3
perspective,3
always,3
important,3
appear,3
greater,3
result,3
romances,3
found,3
events,3
passionate,3
equally,3
shall,3
oh,3
scene,3
concept,3
example,3
where,3
lovely,3
demonstrates,3
believes,3
showing,3
tears,3
tirade,3
responses,3
anger,3
things,3
highly,3
beauty,3
ballad,3
indeed,3
happy,3
description,3
female,3
woods,3
initially,3
movement,3
blush,3
once,3
fair,3
sonnets,3
declaration,3
ed,3
mermin,3
angel,3
murmur,3
shows,3
time,3
present,3
distance,3
another,3
discussion,3
heroine,3
worship,3
concern,3
lecture,3
duchess,3
sees,3
previous,3
theories,3
attraction,3
low,3
aware,3
sensitivity,3
language,3
distinction,3
worldly,3
conversation,3
written,3
successful,3
looks,3
we,3
suggest,3
courting,3
perspectives,3
guests,3
visual,3
any,3
poets,3
aural,3
set,3
nobility,3
interested,3
seem,3
did,3
particularly,3
very,3
silken,3
vainly,3
passage,3
growing,3
writes,3
emphasis,3
turns,3
numerous,3
speaking,3
effects,3
succeeded,3
create,3
focus,3
among,3
o,2
sussex,2
jewels,2
common,2
meaning,2
responds,2
alone,2
nympholeptic,2
sympathetic,2
reflection,2
large,2
replaced,2
mad,2
alive,2
english,2
completely,2
genitive,2
roan,2
hush,2
justified,2
turning,2
being,2
railroads,2
wrong,2
every,2
certainly,2
finger,2
declares,2
dreaming,2
company,2
reasons,2
purple,2
senses,2
resulting,2
nevertheless,2
last,2
precisely,2
those,2
deification,2
employs,2
capable,2
obvious,2
painfully,2
repeatedly,2
throughout,2
review,2
development,2
alternately,2
objective,2
against,2
scarce,2
interest,2
hid,2
overly,2
forced,2
displays,2
subjects,2
recalls,2
honour,2
find,2
momentary,2
spite,2
acknowledge,2
perfect,2
whose,2
essential,2
act,2
superficial,2
basic,2
approaches,2
opportunity,2
b,2
leaves,2
feel,2
tactual,2
moves,2
kneeling,2
lives,2
mrs,2
perceptions,2
alliterative,2
marks,2
recriminations,2
image,2
beaded,2
literally,2
invite,2
days,2
air,2
dominate,2
thee,2
coventry,2
hair,2
experienced,2
superior,2
powerful,2
mitford,2
flow,2
providing,2
character,2
closely,2
whom,2
arrival,2
hands,2
speeches,2
typical,2
p,2
resembles,2
lashes,2
bitterness,2
emerge,2
emotionally,2
remembers,2
reverence,2
meet,2
russell,2
creates,2
possibility,2
silver,2
feminine,2
already,2
ideal,2
leads,2
london,2
confined,2
thoughts,2
positions,2
princely,2
records,2
personal,2
madam,2
hillside,2
holy,2
lips,2
subtle,2
good,2
tone,2
talked,2
grass,2
grow,2
suddenly,2
telling,2
fully,2
generally,2
results,2
marry,2
appropriate,2
finds,2
aurora,2
therefore,2
situation,2
equality,2
attempts,2
letters,2
imagery,2
wrote,2
knight,2
feeling,2
mingling,2
still,2
indicates,2
similarly,2
about,2
foot,2
yet,2
suited,2
soon,2
message,2
thesis,2
ancient,2
emotional,2
gentlemen,2
subjective,2
maple,2
power,2
others,2
death,2
speaks,2
longer,2
sing,2
treatment,2
inevitably,2
angry,2
doubt,2
hand,2
scorns,2
dorothy,2
less,2
blind,2
invitation,2
perhaps,2
belief,2
gives,2
going,2
extended,2
scorned,2
wound,2
entirely,2
significant,2
use,2
mysticism,2
take,2
were,2
full,2
intimacy,2
described,2
significance,2
clear,2
frustrated,2
virtues,2
held,2
pleads,2
high,2
after,2
edmund,2
trying,2
feet,2
reads,2
declare,2
looked,2
hope,2
applies,2
enough,2
singer,2
hears,2
usually,2
unworthiness,2
omniscient,2
attitude,2
seen,2
strongly,2
deals,2
indicate,2
construction,2
continually,2
chamber,2
sweetness,2
woodlands,2
announces,2
detail,2
claims,2
morning,2
finest,2
simply,2
ever,2
satisfying,2
word,2
physical,2
alternative,2
suitors,2
save,2
believe,2
down,2
thy,2
tenderness,2
returns,2
thrushes,2
explicitly,2
emerges,2
better,2
overhears,2
rose,2
form,2
firmly,2
rhyme,2
undo,2
sir,2
praying,2
popular,2
neck,2
adoring,2
staged,2
despite,2
confirm,2
convinced,2
acute,2
pervades,2
tender,2
think,2
continues,2
soft,2
undercuts,2
notes,2
arrows,2
write,2
finally,2
unmistakable,2
climactic,2
speak,2
potential,2
between,2
distinctions,2
hayter,2
steed,2
much,2
strong,2
drew,2
softens,2
glances,1
courts,1
surroundings,1
go,1
parian,1
superiority,1
inward,1
preceeding,1
unobtainable,1
done,1
overflowing,1
page,1
beatings,1
way,1
ambivalence,1
medieval,1
commentary,1
names,1
himself,1
stood,1
nest,1
compensate,1
separated,1
truth,1
pale,1
career,1
everyone,1
deduced,1
asleep,1
instinctively,1
perfection,1
wooing,1
trembled,1
implies,1
magnetic,1
scorning,1
curved,1
chambersurely,1
celebrate,1
string,1
disregard,1
mouth,1
passing,1
suitor,1
joyful,1
group,1
unforgivable,1
coaxes,1
touched,1
star,1
silvercorded,1
merged,1
join,1
likely,1
piquantly,1
sweeps,1
nobleness,1
earthly,1
desperately,1
studies,1
pervading,1
competence,1
romanticizes,1
modern,1
duke,1
assumption,1
gardner,1
earnest,1
fixed,1
distaste,1
pose,1
unlike,1
title,1
encourage,1
crushes,1
vibrantly,1
meanly,1
stirs,1
defiant,1
something,1
permitted,1
grandly,1
painful,1
else,1
either,1
conforms,1
humble,1
cries,1
please,1
barriers,1
specifically,1
highborn,1
voices,1
derives,1
setting,1
implications,1
give,1
colors,1
concentrated,1
enables,1
rush,1
kneel,1
encouraged,1
expectation,1
archer,1
quail,1
allow,1
beautiful,1
rational,1
england,1
dewy,1
replaces,1
resemblance,1
knowing,1
nobly,1
advantage,1
uneasy,1
suggesting,1
together,1
deadline,1
shoulder,1
estimation,1
inflict,1
enduring,1
display,1
skies,1
thank,1
differences,1
exotic,1
rich,1
admittedly,1
verbal,1
able,1
monologue,1
closer,1
reveal,1
generalizations,1
subdued,1
martineau,1
prevail,1
subsequent,1
feature,1
embrace,1
traditionally,1
breathe,1
state,1
stand,1
respond,1
raised,1
serene,1
opposite,1
reading,1
somewhat,1
marries,1
signs,1
kindling,1
confused,1
extreme,1
context,1
alethea,1
system,1
issue,1
side,1
takes,1
supplication,1
listens,1
clarence,1
draws,1
adopts,1
dazzled,1
draw,1
accursed,1
tug,1
struggling,1
gardens,1
porter,1
felt,1
some,1
fitting,1
possible,1
determined,1
marked,1
winfield,1
condition,1
tracing,1
pleasant,1
shame,1
drive,1
veils,1
move,1
invited,1
lyric,1
consequent,1
carlyle,1
sent,1
conception,1
household,1
desirable,1
establishes,1
along,1
sullivan,1
reality,1
stirring,1
collection,1
behavior,1
attract,1
singled,1
succeed,1
winning,1
relies,1
human,1
daughters,1
central,1
thus,1
denying,1
muses,1
surely,1
relationships,1
explained,1
eventual,1
scornful,1
run,1
constantly,1
due,1
raving,1
helen,1
realized,1
covert,1
offended,1
integral,1
paradoxically,1
divine,1
forgotten,1
ability,1
deliberation,1
mixed,1
relations,1
raises,1
overindulgence,1
smiling,1
convention,1
pay,1
topic,1
rebelled,1
expected,1
interprets,1
taste,1
tinged,1
initiate,1
rank,1
adam,1
pessimistic,1
precludes,1
distinct,1
pretensions,1
unhappiness,1
underlying,1
concerning,1
flicker,1
conveys,1
interchangeable,1
marriage,1
body,1
flawed,1
allowing,1
wont,1
drives,1
truly,1
glides,1
explore,1
spitting,1
look,1
mesalliance,1
marital,1
casement,1
sun,1
discovering,1
beeches,1
though,1
quells,1
elope,1
infinite,1
rosalind,1
vibrating,1
aim,1
surprisingly,1
objectionable,1
interesting,1
hero,1
fixes,1
erotic,1
avoids,1
trappings,1
reflects,1
hopes,1
without,1
elevating,1
frustration,1
purely,1
swell,1
ironic,1
aggressive,1
abundance,1
investigation,1
moers,1
levels,1
breast,1
presentation,1
notion,1
pause,1
combined,1
lasting,1
demonstration,1
goes,1
outward,1
phrases,1
persistent,1
manages,1
publisher,1
strands,1
certain,1
leave,1
singingof,1
connects,1
henceforward,1
easily,1
special,1
awareness,1
dismiss,1
polite,1
gathering,1
shining,1
support,1
raymond,1
experimenting,1
send,1
win,1
worshipped,1
coiled,1
praise,1
possibly,1
established,1
daisies,1
suggestiveness,1
peasants,1
peasant,1
proved,1
bunch,1
unimportant,1
gazing,1
preoccupation,1
excitement,1
instrument,1
weak,1
differs,1
companions,1
commonly,1
initiative,1
graces,1
continual,1
encouragement,1
exceed,1
notions,1
asks,1
angrily,1
shifted,1
care,1
escapes,1
taplin,1
intricacies,1
drawing,1
truer,1
grammatically,1
denounce,1
union,1
hours,1
talking,1
opening,1
standards,1
advance,1
treating,1
came,1
attentions,1
acting,1
erfloat,1
habits,1
appearance,1
heavenly,1
demise,1
called,1
color,1
strength,1
compliments,1
access,1
lived,1
betwixt,1
calm,1
pass,1
radical,1
amusing,1
eat,1
tires,1
initial,1
artistically,1
arrogance,1
representative,1
eliminates,1
rebellious,1
irony,1
cultural,1
equal,1
nobles,1
let,1
institute,1
war,1
heaven,1
teacher,1
divide,1
attracts,1
failure,1
appearing,1
grounds,1
fashionable,1
discreetness,1
breathing,1
explain,1
bow,1
public,1
sacrifice,1
divineness,1
schoolgirl,1
impression,1
well,1
none,1
figurative,1
quell,1
basis,1
gloaming,1
revealed,1
inconstancy,1
used,1
unworthy,1
clarke,1
work,1
idealistic,1
dog,1
properties,1
blue,1
stiff,1
comprises,1
heart,1
mister,1
guess,1
silks,1
apparent,1
secret,1
clearer,1
crying,1
caught,1
surprise,1
whole,1
sexually,1
tale,1
describe,1
consistently,1
enraged,1
issues,1
partly,1
clad,1
faint,1
disdainful,1
idly,1
interchangeability,1
ellie,1
spends,1
frederic,1
snob,1
following,1
sshrcc,1
imperially,1
detailed,1
sorrows,1
clings,1
psychologically,1
diversion,1
detracts,1
level,1
dryly,1
cold,1
questionable,1
mutterings,1
distances,1
behold,1
unbearable,1
order,1
swoons,1
emphasizes,1
sharp,1
midst,1
routes,1
admired,1
unimpressed,1
openly,1
dwell,1
sneers,1
weighty,1
interrupts,1
choose,1
revealing,1
cool,1
disaster,1
brought,1
dramatic,1
choosing,1
usual,1
wisely,1
bursting,1
seed,1
progress,1
majority,1
philistines,1
jumps,1
tire,1
proper,1
inverted,1
ellen,1
arrogant,1
regal,1
searches,1
harboring,1
provided,1
displaced,1
claim,1
rest,1
kingly,1
smitten,1
appeal,1
petrarch,1
critical,1
girl,1
onomatopoeic,1
second,1
transform,1
steady,1
quivering,1
coldness,1
various,1
minimizes,1
bringing,1
irrelevance,1
separation,1
doctoral,1
tune,1
blessed,1
wondrous,1
ringlets,1
play,1
wings,1
brief,1
spend,1
islands,1
unconsciously,1
awakens,1
brings,1
acutely,1
breath,1
prove,1
echoing,1
intervention,1
make,1
garden,1
experiences,1
standing,1
outer,1
betray,1
hold,1
direction,1
inspirations,1
bread,1
single,1
dwells,1
interpretation,1
makes,1
flush,1
ensures,1
abasement,1
halls,1
thought,1
seeing,1
restricted,1
whispers,1
relinquish,1
index,1
misses,1
spotless,1
home,1
falls,1
light,1
complete,1
same,1
lord,1
passions,1
warmth,1
antics,1
excellence,1
narratives,1
contempt,1
odds,1
begins,1
goodness,1
handling,1
noted,1
moments,1
learns,1
lingering,1
leans,1
considers,1
cheek,1
fellow,1
worst,1
resolution,1
name,1
successfully,1
unreliable,1
law,1
book,1
challenge,1
swoon,1
figure,1
again,1
admirable,1
rossettis,1
approaching,1
rejects,1
put,1
towards,1
many,1
herbert,1
equating,1
swans,1
idea,1
stories,1
overwhelming,1
collar,1
regret,1
cursed,1
pressure,1
music,1
walked,1
luxurious,1
powerless,1
appeared,1
match,1
silently,1
wetness,1
attempting,1
disturbed,1
sung,1
pet,1
really,1
larger,1
reacted,1
perfumed,1
preferring,1
fallen,1
end,1
contemporary,1
golden,1
fashion,1
joys,1
warmly,1
cinderella,1
favorite,1
observes,1
stepshe,1
simple,1
ought,1
faints,1
forms,1
readers,1
behind,1
lions,1
learn,1
manner,1
discussing,1
creature,1
float,1
developing,1
establish,1
sensual,1
answer,1
royal,1
practice,1
deep,1
denounces,1
angelic,1
temporalities,1
divinest,1
exceeds,1
books,1
conquer,1
stylistically,1
style,1
romaunt,1
shoot,1
convenient,1
reminds,1
violent,1
prouder,1
hesitate,1
kansas,1
understanding,1
mean,1
vast,1
father,1
intimate,1
overhearing,1
hear,1
registers,1
lost,1
examples,1
birth,1
venus,1
rendered,1
accompanying,1
values,1
cadenced,1
hypnotic,1
sworn,1
distinctly,1
dissolve,1
predominates,1
castles,1
merge,1
regnant,1
noblemen,1
amused,1
station,1
shades,1
pleasure,1
garments,1
inflicted,1
throws,1
enfolding,1
continue,1
dismissed,1
complicated,1
helpless,1
landscapes,1
discovered,1
three,1
directed,1
utter,1
characterthe,1
objection,1
pride,1
stooping,1
general,1
mount,1
features,1
leanings,1
mountain,1
kept,1
accurate,1
spirits,1
misunderstanding,1
standard,1
indulging,1
provides,1
quick,1
fawns,1
qualities,1
seductively,1
assures,1
hastily,1
overcome,1
topics,1
womanish,1
deliberate,1
teach,1
seeking,1
divides,1
blood,1
attracted,1
haven,1
thunder,1
radley,1
conveyed,1
dissonance,1
normal,1
nymphs,1
hopeless,1
carpet,1
gifted,1
visit,1
haunts,1
conjuring,1
accepting,1
ganges,1
basely,1
caressing,1
assigned,1
flesh,1
dual,1
dreadful,1
stems,1
erotically,1
independent,1
bars,1
mercies,1
assert,1
sometimes,1
crucial,1
bound,1
pieces,1
ironically,1
grim,1
meredith,1
dashed,1
lines,1
recognizes,1
male,1
success,1
bears,1
returned,1
threaten,1
importantly,1
cynicism,1
recognize,1
thrilling,1
expert,1
slackly,1
volumes,1
insistently,1
class,1
satisfaction,1
proximity,1
uninspired,1
inferior,1
surprising,1
misleads,1
sympathy,1
bestow,1
uneducated,1
itself,1
sake,1
lingers,1
gathered,1
meant,1
rises,1
thinly,1
dramatization,1
abhorrent,1
contained,1
shadow,1
eventually,1
thinking,1
uttered,1
precedence,1
finches,1
believed,1
singles,1
series,1
conclusion,1
flattering,1
version,1
climbing,1
throw,1
circumstances,1
blushing,1
contradiction,1
demonstrate,1
struck,1
beside,1
confounding,1
forests,1
recognizable,1
disapproval,1
intensely,1
text,1
loving,1
disdain,1
creations,1
here,1
command,1
quickened,1
vesture,1
swan,1
know,1
enters,1
natural,1
rushes,1
stem,1
control,1
each,1
dare,1
paper,1
descriptions,1
different,1
attribute,1
seriously,1
masculinist,1
flowing,1
best,1
restrictive,1
villain,1
surprised,1
reminiscent,1
smug,1
wanes,1
then,1
er,1
dared,1
guy,1
storming,1
benefit,1
build,1
iron,1
dost,1
stamped,1
past,1
placing,1
accepts,1
quoted,1
type,1
february,1
instant,1
merely,1
greyhound,1
confess,1
according,1
evocation,1
thoroughly,1
notable,1
carefully,1
wholeheartedly,1
muse,1
magnificence,1
stanzas,1
depicts,1
whether,1
playful,1
making,1
cause,1
endearingly,1
imposed,1
bareheaded,1
interpreter,1
contemporaries,1
passed,1
platonic,1
theory,1
leaving,1
certes,1
extent,1
understandably,1
listen,1
shakespeare,1
healthy,1
abruptly,1
modulates,1
gestures,1
explored,1
agreed,1
virginia,1
ascertain,1
freedom,1
superiorityand,1
languish,1
grand,1
thematically,1
wandering,1
romantically,1
boston,1
presented,1
unsophisticated,1
recognition,1
g,1
pain,1
welcoming,1
chip,1
ashes,1
tried,1
rendering,1
step,1
disappears,1
substance,1
cruelly,1
triumphantly,1
indebted,1
conversely,1
disconcerting,1
memories,1
using,1
vocal,1
representation,1
writing,1
waves,1
detect,1
daring,1
pair,1
prig,1
our,1
prepared,1
antique,1
come,1
question,1
bringest,1
idealism,1
tell,1
breaks,1
youth,1
instructive,1
argument,1
north,1
unable,1
similar,1
difference,1
doubting,1
trembles,1
formality,1
mouths,1
sprung,1
accept,1
pamela,1
hurt,1
flushed,1
register,1
actively,1
instead,1
detached,1
touches,1
land,1
throat,1
green,1
attributes,1
troubadour,1
sexuality,1
objections,1
captivating,1
sides,1
summary,1
nympholepsy,1
needs,1
charlotte,1
virginal,1
actions,1
colorful,1
mystery,1
hills,1
camoens,1
flirtatious,1
valley,1
fatally,1
given,1
lingered,1
fellowship,1
visibly,1
immediately,1
conventions,1
glance,1
mature,1
grace,1
whenever,1
worshipping,1
admiring,1
charms,1
indistinguishable,1
crimson,1
tiresome,1
virtue,1
asked,1
climax,1
owns,1
major,1
occur,1
gold,1
