WORDCOUNTS,WEIGHT
the,304
of,179
to,108
a,100
and,89
her,76
in,72
is,70
s,69
as,61
new,39
with,38
she,36
that,36
this,35
dorothea,31
for,31
woman,31
women,30
by,29
but,28
it,27
from,25
novel,23
heroine,23
an,22
which,21
class,19
not,19
on,18
his,17
are,17
convention,16
be,16
he,14
these,14
edward,13
at,12
their,12
was,12
boomerang,12
have,12
narrative,12
or,11
conventions,11
romance,10
only,10
lucy,10
zealand,10
has,10
novels,10
between,10
sydney,9
who,9
one,9
uterature,9
choice,9
wylding,9
him,9
two,8
contradiction,8
social,8
more,8
might,8
clyde,8
sexual,8
thus,8
were,8
own,8
can,8
wife,8
female,7
life,7
romantic,7
all,7
been,7
had,7
other,7
i,7
work,7
servant,7
bourgeois,7
pagan,7
against,7
like,7
so,7
journal,7
relationship,6
rather,6
lovell,6
ideology,6
evil,6
morality,6
first,6
also,6
added,6
material,6
emphasis,6
both,6
uve,6
status,6
family,6
marriage,6
when,6
up,6
virtue,6
daughter,6
without,5
way,5
main,5
fiction,5
independence,5
submission,5
position,5
they,5
once,5
bad,5
into,5
its,5
colonial,5
make,5
plot,5
domestic,5
out,5
man,5
terry,5
where,5
however,5
characters,5
must,5
part,5
asman,5
role,5
time,5
working,5
stepmother,5
t,5
than,5
ardis,5
does,4
ending,4
economic,4
poor,4
about,4
mother,4
violence,4
wages,4
same,4
york,4
house,4
being,4
if,4
childhood,4
adherence,4
did,4
feminism,4
happy,4
term,4
do,4
mr,4
those,4
what,4
within,4
them,4
particular,4
colonies,4
suggests,4
archieson,4
point,4
apparent,4
gender,4
freedom,4
never,4
back,4
london,4
given,4
traditional,4
describes,4
world,4
miller,3
second,3
off,3
essential,3
no,3
identified,3
usually,3
husband,3
love,3
herself,3
male,3
intellectual,3
fate,3
chastity,3
means,3
many,3
rightful,3
jay,3
necessary,3
eventually,3
any,3
laura,3
most,3
heterosexual,3
fallen,3
text,3
here,3
again,3
over,3
nancy,3
each,3
behaviour,3
fact,3
waihoa,3
whom,3
dixon,3
then,3
children,3
come,3
very,3
attempt,3
helpers,3
take,3
independent,3
anne,3
feminist,3
further,3
left,3
hapke,3
implausible,3
rebellion,3
free,3
me,3
feminine,3
voice,3
almost,3
basis,3
middle,3
fulfilment,3
son,3
through,3
conventional,3
cunningham,3
least,3
need,3
individualism,3
you,3
forced,3
defined,3
kept,3
voluntary,3
unity,3
standpoint,3
edwards,3
ann,3
impossible,3
even,3
necessity,3
victorian,3
ada,3
influence,3
may,2
will,2
opposed,2
emphasises,2
frequendy,2
womanhood,2
power,2
struggle,2
critics,2
opposites,2
dies,2
body,2
privilege,2
examine,2
act,2
english,2
figure,2
novelists,2
bound,2
return,2
lines,2
deaths,2
constance,2
becomes,2
reason,2
army,2
identity,2
seen,2
privileges,2
comments,2
movement,2
plots,2
refuses,2
often,2
inferior,2
yet,2
vera,2
done,2
itself,2
makes,2
respectability,2
heather,2
sex,2
cause,2
child,2
servitude,2
old,2
school,2
necessarily,2
unwin,2
before,2
consciousness,2
send,2
choices,2
something,2
invariably,2
argued,2
narratives,2
simply,2
boarding,2
gail,2
australia,2
specifically,2
oppression,2
unmistakably,2
press,2
interests,2
individualist,2
kind,2
death,2
natural,2
continental,2
fault,2
people,2
modelski,2
worth,2
coupling,2
identifying,2
could,2
opposing,2
arises,2
contradictory,2
real,2
married,2
works,2
living,2
type,2
force,2
mind,2
disapprobation,2
poverty,2
considers,2
returns,2
combined,2
context,2
produced,2
offering,2
desires,2
want,2
frankness,2
duties,2
dialectic,2
losing,2
explain,2
theory,2
circumstances,2
educated,2
gives,2
near,2
because,2
convenient,2
imperial,2
another,2
having,2
conversation,2
brings,2
bounds,2
politics,2
used,2
decides,2
father,2
permitted,2
made,2
explanation,2
move,2
writers,2
happiness,2
delicate,2
far,2
household,2
became,2
individuality,2
giving,2
narrator,2
step,2
moral,2
got,2
went,2
place,2
encounters,2
framework,2
long,2
macmillan,2
neglect,2
chosen,2
away,2
suffrage,2
we,2
debauchery,2
moderate,2
roberts,2
implausibility,2
such,2
accept,2
since,2
leads,2
contradictions,2
wouldn,2
declassed,2
submits,2
author,2
gaining,2
heroines,2
interest,2
finally,2
good,2
offer,2
individual,2
plotting,2
insoluble,2
coupled,2
hero,2
after,2
unpaid,2
plausibility,2
sexuality,2
barriers,2
religious,2
readers,2
outside,2
highly,2
sense,2
acts,2
viewpoint,2
mcclintock,2
ideal,2
degradation,2
would,2
proper,2
paid,2
figures,2
major,2
admirably,1
seems,1
usurp,1
domesticity,1
south,1
subverts,1
maintenance,1
enough,1
succumb,1
lawless,1
impossibility,1
aristocrat,1
encourages,1
superiority,1
happen,1
now,1
suggestion,1
socialist,1
marries,1
simultaneously,1
possessed,1
entail,1
avoids,1
changed,1
veneration,1
minor,1
waitress,1
century,1
conforming,1
matter,1
befalling,1
sins,1
cottage,1
prostitution,1
universal,1
heroes,1
plainness,1
requirement,1
movements,1
aim,1
sometimes,1
generated,1
ironic,1
milieu,1
arising,1
happily,1
developed,1
imported,1
lurid,1
blames,1
rebelling,1
either,1
how,1
created,1
unpleasant,1
presents,1
degraded,1
separated,1
lie,1
secondly,1
support,1
play,1
idea,1
cited,1
market,1
fantasies,1
months,1
unreasonable,1
mirror,1
concerns,1
girl,1
myself,1
met,1
prevailing,1
bonds,1
sensitive,1
hers,1
community,1
relations,1
whereby,1
strongly,1
polemical,1
opportunity,1
fixated,1
gem,1
deprived,1
says,1
prostitutes,1
drink,1
determination,1
ex,1
boy,1
uses,1
sinful,1
group,1
rejects,1
reflection,1
large,1
dignify,1
interesting,1
oudet,1
sensation,1
christian,1
parts,1
extension,1
hold,1
doubted,1
proletarian,1
unavoidably,1
salvation,1
positive,1
leaves,1
satisfaction,1
gratefully,1
consuming,1
properly,1
analysis,1
maternity,1
white,1
deviates,1
impressed,1
deserting,1
fall,1
frank,1
devotion,1
surprising,1
keeps,1
depicted,1
characterises,1
respect,1
wives,1
criticism,1
motivation,1
ways,1
rewards,1
shortage,1
unconventional,1
elder,1
whispered,1
opportunities,1
lives,1
mrs,1
establishment,1
brunswick,1
utterly,1
insistence,1
commonplace,1
deus,1
read,1
figured,1
problematic,1
thought,1
perpetuation,1
financial,1
fought,1
tender,1
marks,1
metropolis,1
spirit,1
god,1
feminising,1
ideals,1
hankering,1
matters,1
challenged,1
j,1
stifling,1
side,1
claims,1
loathe,1
protect,1
supercilious,1
established,1
character,1
assistant,1
exchanged,1
retains,1
charitable,1
home,1
assenting,1
boon,1
equations,1
die,1
presumably,1
ed,1
idiosyncrasy,1
associated,1
divine,1
complete,1
driven,1
conclusions,1
elected,1
rawlingston,1
following,1
considered,1
follows,1
chapter,1
traces,1
righdy,1
methuen,1
result,1
conclusion,1
exemplified,1
speaks,1
descriptions,1
experiment,1
terrifying,1
university,1
contact,1
advancing,1
turning,1
ve,1
dishonest,1
show,1
struck,1
succumbs,1
serve,1
experienced,1
ever,1
lower,1
noted,1
satisfying,1
friend,1
island,1
confront,1
refractory,1
powerful,1
followed,1
journalist,1
totality,1
polar,1
amicably,1
tropes,1
longer,1
rival,1
shorthand,1
allen,1
chose,1
delivery,1
willingness,1
pitiable,1
boomeranging,1
sections,1
definitely,1
writing,1
ceremony,1
requires,1
meant,1
equals,1
puts,1
chloroform,1
instinct,1
freelance,1
suit,1
labour,1
conceal,1
set,1
belief,1
dominant,1
care,1
strictures,1
plotline,1
give,1
journey,1
appeals,1
mark,1
know,1
suggested,1
excess,1
appear,1
refusal,1
remarry,1
similarly,1
thrust,1
hear,1
roudedge,1
refused,1
primarily,1
control,1
avenge,1
flat,1
advanced,1
whereas,1
greater,1
declassing,1
pantheon,1
nature,1
announcing,1
efforts,1
horror,1
conformity,1
true,1
remembered,1
based,1
acceptable,1
reach,1
principles,1
prejudices,1
seem,1
retaining,1
believe,1
allow,1
womanliness,1
bourgeoisie,1
continue,1
tradition,1
leading,1
down,1
materialist,1
succeeds,1
unboyish,1
mass,1
attributes,1
governed,1
found,1
prior,1
borders,1
plan,1
desire,1
argue,1
ambition,1
enable,1
called,1
modernism,1
fleeing,1
exclusion,1
fulfil,1
indeed,1
admission,1
inappropriate,1
philanthropy,1
vicious,1
plays,1
distance,1
origin,1
last,1
ideological,1
warm,1
conspicuous,1
housekeeper,1
together,1
oneself,1
destiny,1
compliance,1
flies,1
demands,1
skill,1
brutalization,1
sexless,1
clearly,1
susceptible,1
farming,1
enemy,1
onto,1
pass,1
rely,1
personality,1
providence,1
discourses,1
diet,1
literal,1
antipathy,1
fashion,1
stepdaughter,1
nuclear,1
help,1
past,1
there,1
accepts,1
feature,1
elaine,1
absolve,1
serious,1
just,1
males,1
minister,1
fellow,1
punishment,1
course,1
advances,1
sort,1
men,1
degrading,1
uving,1
doxa,1
growing,1
fire,1
represent,1
achievement,1
employment,1
satirised,1
activism,1
starve,1
didn,1
proletariat,1
incentives,1
none,1
american,1
manner,1
reading,1
cuts,1
greyness,1
job,1
economy,1
attempting,1
mills,1
digress,1
effect,1
fisher,1
subjugation,1
month,1
indirect,1
accepted,1
reactions,1
form,1
implicit,1
whether,1
viewed,1
terms,1
welfare,1
subsequendy,1
less,1
namely,1
system,1
machina,1
cannot,1
entails,1
making,1
truly,1
case,1
enjoyable,1
explicit,1
indelible,1
comes,1
otherwise,1
takes,1
workday,1
insuperable,1
violent,1
norms,1
existence,1
pretty,1
despite,1
common,1
year,1
banner,1
abuse,1
perhaps,1
renunciation,1
remove,1
firmly,1
evokes,1
tania,1
represses,1
interloper,1
pp,1
problem,1
immoral,1
extent,1
ungrateful,1
pulled,1
public,1
patiendy,1
asylums,1
undoes,1
advice,1
counterpart,1
grandmothers,1
getting,1
particularly,1
doctrine,1
commander,1
patriarchal,1
discuss,1
receive,1
aspects,1
twist,1
degree,1
keeping,1
shape,1
representatives,1
socialites,1
explored,1
institutions,1
heroically,1
hesitate,1
local,1
published,1
too,1
opened,1
hypocrisy,1
some,1
abrupdy,1
suspicion,1
line,1
greatest,1
revealed,1
missed,1
discussion,1
promise,1
drive,1
popular,1
survive,1
personal,1
residents,1
burden,1
treated,1
alliance,1
showalter,1
looser,1
illegitimate,1
level,1
john,1
asides,1
carry,1
bear,1
active,1
clear,1
reader,1
concept,1
trajectory,1
prominent,1
biologically,1
psychological,1
stake,1
thereby,1
aving,1
pure,1
consequent,1
ideologically,1
basement,1
example,1
previously,1
relief,1
landlady,1
knowledge,1
see,1
secret,1
court,1
negative,1
daphne,1
along,1
sexually,1
services,1
firsdy,1
undoubtedly,1
meekness,1
experience,1
subject,1
intended,1
emotional,1
rutgers,1
intelligent,1
sketched,1
affection,1
gave,1
deserted,1
sequentially,1
liberated,1
motherly,1
convenience,1
slime,1
fail,1
sign,1
needed,1
refers,1
granted,1
inherited,1
suffers,1
demonstrates,1
variation,1
prostitute,1
interestingly,1
rebels,1
challenges,1
tales,1
accidental,1
exposed,1
overcoming,1
verso,1
thin,1
actually,1
ucl,1
questions,1
early,1
lady,1
conflict,1
destitution,1
actual,1
obvious,1
fulfils,1
saved,1
expense,1
cruelty,1
nothing,1
imposes,1
prig,1
translated,1
throughout,1
focuses,1
waiting,1
produce,1
sanctioned,1
lechery,1
stultifying,1
advantages,1
yearning,1
facile,1
participate,1
shown,1
tell,1
described,1
explained,1
summarised,1
go,1
utopian,1
reaction,1
conform,1
marry,1
reject,1
points,1
foist,1
illustrates,1
three,1
reality,1
abused,1
reward,1
presumption,1
incomprehension,1
authors,1
assumes,1
restraint,1
scathing,1
express,1
charge,1
thrilling,1
reputation,1
poetry,1
dominated,1
aware,1
intact,1
becoming,1
logic,1
domain,1
workhouse,1
change,1
characteristic,1
worn,1
regarded,1
try,1
resorts,1
insight,1
instead,1
keep,1
removal,1
agreeing,1
characterised,1
although,1
homes,1
allowed,1
disillusion,1
afford,1
skies,1
adult,1
reviewers,1
plyce,1
define,1
price,1
fulfilled,1
hard,1
breaking,1
passionate,1
dramatisation,1
direct,1
n,1
preserve,1
function,1
staying,1
dubbed,1
tempts,1
gaily,1
ruthlessly,1
depiction,1
obstacles,1
expected,1
vengeance,1
meets,1
distinction,1
angel,1
laugh,1
espoused,1
order,1
sermon,1
uather,1
battie,1
phrase,1
quite,1
ward,1
embodies,1
lose,1
roles,1
elements,1
association,1
adopted,1
speak,1
better,1
imagination,1
sweetheart,1
retreat,1
why,1
housewifely,1
fd,1
honest,1
several,1
code,1
characteristics,1
wrongful,1
internal,1
article,1
choose,1
consequendy,1
removed,1
qualities,1
taking,1
imposed,1
expands,1
enjoyment,1
become,1
relation,1
australian,1
successful,1
displeasure,1
climate,1
third,1
single,1
accordingly,1
waterlogged,1
stemming,1
cheeks,1
tomboy,1
masculine,1
pakeha,1
reflecting,1
enjoyed,1
fully,1
irresistible,1
dark,1
matrimony,1
views,1
femininity,1
l,1
impoverished,1
rein,1
essays,1
dependent,1
villain,1
maxwell,1
degeneration,1
gulf,1
complicit,1
versus,1
among,1
saw,1
belongs,1
explains,1
strengthening,1
answers,1
notes,1
achieves,1
simplistic,1
charity,1
responsibility,1
protagonist,1
readership,1
general,1
ago,1
provided,1
plight,1
defeat,1
opposite,1
apparendy,1
peculiar,1
race,1
actions,1
compromise,1
plausibilities,1
twists,1
atheist,1
shocked,1
spare,1
