WORDCOUNTS,WEIGHT
the,37
and,23
of,21
s,19
in,15
teaching,12
for,10
a,10
to,6
on,6
with,5
poetry,4
paperback,4
volume,4
most,4
novel,4
reader,4
new,4
student,4
my,3
york,3
is,3
only,3
useful,3
has,3
enrichment,3
some,3
each,3
aids,3
teachers,3
school,3
or,3
high,3
novels,3
following,3
reading,2
students,2
series,2
teacher,2
hero,2
manual,2
g,2
his,2
shane,2
plays,2
gives,2
green,2
general,2
appreciation,2
ryan,2
thousands,2
e,2
who,2
understanding,2
work,2
after,2
editions,2
are,2
several,2
richter,2
company,2
pearl,2
best,2
study,2
as,2
guide,2
james,2
instances,2
sweetkind,2
face,2
shaefer,2
morris,2
macmillan,2
forest,2
vocabulary,2
readable,2
suggestions,2
activities,2
light,2
boulle,2
folklore,1
themes,1
will,1
developing,1
aspects,1
but,1
background,1
report,1
novelist,1
editor,1
press,1
now,1
horizon,1
interested,1
thorton,1
already,1
he,1
professor,1
san,1
produced,1
form,1
margaret,1
shefter,1
answer,1
ones,1
experience,1
readings,1
sound,1
have,1
particular,1
being,1
rey,1
reflects,1
character,1
write,1
washington,1
author,1
bibliography,1
earth,1
steinbeck,1
spelling,1
she,1
mutiny,1
procedures,1
further,1
iii,1
good,1
ease,1
ability,1
that,1
not,1
an,1
long,1
richard,1
writing,1
meter,1
inspiring,1
mersand,1
short,1
inexperienced,1
manuals,1
helpful,1
hard,1
her,1
how,1
rhyme,1
love,1
many,1
bounty,1
book,1
hall,1
biographies,1
square,1
plans,1
studying,1
motivating,1
features,1
ii,1
luis,1
opinion,1
college,1
use,1
copious,1
jack,1
decades,1
texts,1
taste,1
diction,1
development,1
lost,1
credit,1
symbol,1
poetic,1
furthering,1
richer,1
detailed,1
introduction,1
literature,1
art,1
discussion,1
llewellyn,1
figurative,1
life,1
paper,1
compositions,1
this,1
words,1
genres,1
whether,1
certain,1
based,1
center,1
charles,1
pierre,1
nordhoff,1
other,1
unfamiliar,1
poems,1
available,1
volumes,1
bridge,1
entrance,1
class,1
skills,1
valuable,1
secondary,1
four,1
style,1
wilder,1
stanza,1
print,1
craft,1
analysis,1
myth,1
buck,1
classics,1
choosing,1
imagery,1
frank,1
extra,1
knowledge,1
biographical,1
numbering,1
schools,1
more,1
rhythm,1
publishers,1
concurrently,1
guides,1
ways,1
types,1
norman,1
item,1
valley,1
any,1
john,1
insert,1
year,1
used,1
printed,1
modern,1
tests,1
joseph,1
lesson,1
historical,1
than,1
i,1
handbooks,1
contains,1
patterns,1
ideas,1
hilton,1
improvement,1
anne,1
conrad,1
tone,1
was,1
father,1
covers,1
separate,1
literary,1
comprehensive,1
academic,1
written,1
exercises,1
chapters,1
our,1
music,1
sensitive,1
clarity,1
which,1
topics,1
henry,1
check,1
review,1
fruitful,1
edition,1
language,1
