WORDCOUNTS,WEIGHT
the,809
of,639
a,265
in,225
to,224
and,220
benjamin,161
as,146
that,137
image,131
s,126
for,105
is,103
love,94
this,88
with,83
his,81
language,76
an,76
it,70
dialectical,68
on,63
be,63
from,59
through,59
historical,52
visual,50
he,49
by,49
images,47
which,45
surrealism,43
past,38
esoteric,36
not,35
only,34
must,33
into,32
its,32
breton,32
poetic,31
between,30
history,29
but,29
one,28
baudelaire,26
ernst,26
such,24
moment,23
was,23
can,23
while,23
than,22
or,22
consciousness,21
world,21
historian,21
both,20
poetry,19
more,19
present,19
itself,19
are,19
terms,19
substance,19
these,18
form,18
i,17
process,17
understanding,17
construction,17
at,16
within,16
two,16
medium,16
particular,16
rather,15
their,15
culture,15
street,15
essay,15
so,15
experience,14
other,14
objects,14
requires,14
andre,14
method,14
will,14
aragon,14
philosophy,14
does,13
truth,13
nature,13
some,13
philosophical,13
because,13
content,13
object,13
chris,13
trauerspiel,13
reading,12
has,12
constructive,12
work,12
when,12
becomes,12
historiography,11
himself,11
lover,11
sense,11
order,11
theses,11
here,11
nadja,11
them,11
trans,10
production,10
seems,10
development,10
erotic,10
literary,10
r,10
surrealists,10
distance,10
attitude,10
what,10
have,10
like,9
may,9
sort,9
appears,9
tension,9
movement,9
yet,9
moments,9
toward,9
motifs,9
time,9
contemporary,9
woman,9
theoretical,9
serves,9
relationship,9
then,9
temporal,9
much,9
now,8
later,8
linguistic,8
all,8
point,8
surrealist,8
crowd,8
presence,8
critical,8
about,8
eros,8
social,8
many,8
new,8
never,8
own,8
him,8
eroticism,8
loved,8
ows,8
if,7
thematic,7
being,7
every,7
might,7
beautiful,7
precisely,7
political,7
key,7
capable,7
functions,7
conception,7
thus,7
elements,7
without,7
similar,7
most,7
based,7
events,7
analogous,7
well,7
proper,7
single,7
thought,7
where,7
less,7
upon,7
trajectory,7
attraction,7
would,7
become,7
figure,7
respect,7
any,7
type,7
representation,7
texts,7
virtue,7
way,6
true,6
had,6
t,6
juxtaposition,6
baroque,6
simultaneously,6
york,6
cinema,6
notion,6
space,6
marks,6
understood,6
technical,6
cannot,6
however,6
possibility,6
aspects,6
related,6
place,6
poet,6
hopeless,6
up,6
makes,6
under,6
same,6
power,6
esotericism,6
do,6
model,6
consummation,6
writings,6
were,6
individual,6
she,6
practical,6
material,6
version,6
coincides,6
intellectual,6
particularly,6
works,6
her,6
early,6
allows,6
writing,6
reveals,6
mode,6
meaning,5
represent,5
crowds,5
revolutionary,5
alone,5
they,5
desire,5
state,5
case,5
component,5
de,5
passante,5
response,5
modernity,5
cultural,5
no,5
purely,5
certain,5
study,5
allegorical,5
means,5
photography,5
used,5
part,5
knowledge,5
historiographic,5
encounters,5
prologue,5
notes,5
return,5
still,5
realm,5
represents,5
seeing,5
une,5
also,5
fundamental,5
paris,5
manner,5
formal,5
especially,5
cinematic,5
division,5
who,5
seen,5
force,5
analysis,5
considered,5
montage,5
constructed,5
over,5
tendencies,5
different,5
theory,5
fascination,5
recognition,5
press,5
specific,5
privileging,5
potential,5
materialism,5
element,5
tragic,5
denied,4
presents,4
unlike,4
chastity,4
mind,4
those,4
sexual,4
activity,4
photographic,4
regarding,4
quality,4
author,4
interest,4
progressive,4
person,4
even,4
gaze,4
general,4
infinite,4
understands,4
german,4
levels,4
importance,4
understand,4
clearly,4
traces,4
max,4
beyond,4
instance,4
important,4
character,4
uses,4
could,4
light,4
grounds,4
concept,4
novus,4
advertising,4
adorno,4
construct,4
aphrodite,4
small,4
transform,4
fan,4
technique,4
again,4
artists,4
forms,4
discussion,4
illumination,4
collage,4
graphic,4
atemporal,4
eyes,4
crucial,4
primarily,4
bears,4
angelus,4
often,4
hope,4
side,4
associated,4
each,4
did,4
lacis,4
essentially,4
just,4
implicit,4
presented,4
altered,4
encounter,4
seeks,4
association,4
archaic,4
perpetual,4
produces,3
mystical,3
passing,3
entirely,3
shocks,3
fate,3
mad,3
reflections,3
dialectics,3
position,3
necessarily,3
paysan,3
du,3
first,3
long,3
words,3
tradition,3
origin,3
aesthetic,3
inherent,3
transforms,3
there,3
separated,3
valorization,3
primary,3
mass,3
retain,3
stance,3
richard,3
say,3
conceptual,3
schocken,3
relies,3
human,3
experiences,3
historically,3
since,3
against,3
ability,3
consummated,3
marder,3
walter,3
constellation,3
melancholic,3
media,3
recognized,3
act,3
represented,3
special,3
himeros,3
entry,3
elsewhere,3
articulated,3
displays,3
statement,3
storytelling,3
cut,3
memory,3
dialectic,3
required,3
opposition,3
line,3
relief,3
data,3
industrial,3
consistently,3
people,3
good,3
painting,3
level,3
quite,3
several,3
dust,3
mal,3
always,3
describes,3
beauty,3
appropriate,3
separation,3
guides,3
read,3
us,3
profane,3
shock,3
emotional,3
fill,3
flat,3
fact,3
fleurs,3
treatment,3
children,3
hand,3
practice,3
gives,3
number,3
examples,3
contemplate,3
ideas,3
engaged,3
sees,3
involves,3
clear,3
helpful,3
function,3
static,3
proximity,3
connects,3
ann,3
structure,3
below,3
figures,3
temporality,3
depth,3
recognizes,3
plastic,3
transformation,3
empathy,3
resemble,3
photographs,3
thinking,3
takes,3
university,3
word,3
repository,3
manifestoes,3
seem,3
very,3
living,3
following,3
making,3
writes,3
extent,3
collages,3
radically,3
role,3
possession,3
confronted,3
chaste,3
entity,3
catch,3
instead,3
states,3
photograph,3
remains,3
themselves,3
commodity,3
locates,2
syntax,2
concerned,2
splice,2
eternal,2
identity,2
created,2
extreme,2
e,2
clarifies,2
large,2
properly,2
essays,2
stone,2
foolproof,2
aestheticizing,2
strictly,2
caws,2
mit,2
pessimism,2
before,2
communicating,2
feels,2
moving,2
fulfillment,2
eye,2
leads,2
fabric,2
anything,2
aside,2
expands,2
taken,2
possesses,2
definition,2
laughter,2
producing,2
narrative,2
shot,2
reveal,2
reproduction,2
last,2
infinitely,2
anteros,2
photomontage,2
standstill,2
existence,2
linear,2
loveless,2
manifesto,2
right,2
possible,2
cliche,2
lyric,2
literal,2
behavior,2
otherwise,2
due,2
flashes,2
wreckage,2
threatens,2
thing,2
bustling,2
distinct,2
maintaining,2
asja,2
concerning,2
ephemeral,2
profound,2
body,2
inclusion,2
served,2
poem,2
continuous,2
truly,2
consequently,2
look,2
constructs,2
grasp,2
site,2
profoundly,2
essential,2
how,2
remain,2
particularity,2
appreciation,2
presentation,2
argue,2
unreflective,2
fever,2
after,2
persistent,2
manages,2
idiosyncratic,2
possess,2
theodor,2
theoretics,2
dichotomy,2
aura,2
section,2
n,2
receiving,2
mary,2
surface,2
sexus,2
willfully,2
flow,2
nebraska,2
artistic,2
poetically,2
whom,2
called,2
out,2
radical,2
configuration,2
historicity,2
equal,2
produced,2
intensity,2
energy,2
himeric,2
creates,2
existential,2
suspended,2
basis,2
reader,2
future,2
comment,2
genuine,2
expansive,2
demonstrates,2
relevance,2
vessels,2
away,2
change,2
successful,2
corresponds,2
suggest,2
next,2
discourse,2
components,2
impossible,2
visible,2
progress,2
necessity,2
lincoln,2
finds,2
illuminations,2
casts,2
chirico,2
therefore,2
film,2
situation,2
various,2
action,2
drama,2
dressed,2
nearly,2
rendering,2
particularized,2
charm,2
sensation,2
once,2
intimation,2
differentiate,2
already,2
regional,2
fairly,2
picture,2
memento,2
legible,2
death,2
materialist,2
creative,2
exclusion,2
choice,2
john,2
external,2
consciously,2
everyday,2
assault,2
day,2
argues,2
diverse,2
made,2
incidents,2
louis,2
oscillation,2
denies,2
expression,2
affection,2
largely,2
waking,2
factor,2
aesthetics,2
processes,2
nothing,2
theories,2
synthetic,2
charge,2
helpless,2
significance,2
three,2
reality,2
maintenance,2
allowed,2
transience,2
heartfield,2
depiction,2
longings,2
earlier,2
least,2
latter,2
written,2
edmund,2
constructing,2
relation,2
sight,2
diamond,2
residue,2
story,2
we,2
tendency,2
engagement,2
stick,2
motif,2
separate,2
hopelessness,2
increasing,2
me,2
jephcott,2
independent,2
continued,2
provide,2
movements,2
aestheticized,2
been,2
instinctual,2
face,2
arts,2
susan,2
seeker,2
claims,2
reciprocal,2
precedence,2
believed,2
conjunction,2
wear,2
les,2
offers,2
principle,2
universal,2
foundation,2
mori,2
instant,2
merely,2
evident,2
concrete,2
etched,2
unique,2
ma,2
attitudes,2
storm,2
leaving,2
problem,2
produce,2
information,2
almost,2
too,2
emphasis,2
urban,2
art,2
kn,2
craftsmanship,2
thereby,2
given,2
joining,2
giving,2
subject,2
hegel,2
impulses,2
phenomenon,2
aspect,2
leap,2
models,2
cambridge,2
formulates,2
twentieth,2
finally,2
although,2
need,2
physical,2
derive,2
magical,2
epigraph,2
comparison,2
charged,2
exclusively,2
conventions,2
among,2
resist,2
riga,2
should,2
doing,2
perception,2
glances,1
final,1
affords,1
difficult,1
publicity,1
miraculous,1
explosion,1
possessed,1
corrects,1
audible,1
clippings,1
collides,1
vitrac,1
representing,1
responds,1
blasts,1
names,1
nagasaki,1
attains,1
snapshot,1
heights,1
determine,1
dissolution,1
extends,1
brittle,1
differentiating,1
utility,1
sphere,1
connect,1
sympathetic,1
likewise,1
reflection,1
inconsequential,1
complex,1
agency,1
enhance,1
locked,1
catastrophe,1
consubstance,1
alive,1
sets,1
ways,1
shy,1
completely,1
earthly,1
easily,1
studies,1
favor,1
conscious,1
stoicism,1
culsubstance,1
ms,1
considerations,1
former,1
implosion,1
western,1
vies,1
recreation,1
title,1
occurred,1
communion,1
tells,1
explodes,1
cultures,1
intuited,1
afterimages,1
englewood,1
incredible,1
strikes,1
properties,1
chooses,1
file,1
rising,1
said,1
came,1
consistent,1
passion,1
else,1
provision,1
sibility,1
pink,1
geoffrey,1
chasm,1
certainly,1
seaver,1
fullness,1
convulsively,1
discovers,1
augurs,1
ii,1
give,1
attempts,1
symmetrical,1
deutschen,1
elusive,1
refusal,1
develops,1
articulate,1
analogies,1
joke,1
xudong,1
dreaming,1
latent,1
syncopation,1
sieburth,1
knowing,1
flowers,1
divorce,1
secondary,1
distorted,1
continuities,1
together,1
short,1
reasons,1
thank,1
differences,1
hesitation,1
arises,1
springboards,1
proves,1
link,1
hannah,1
juxtapositions,1
pavement,1
commitment,1
resulting,1
seams,1
subsequent,1
help,1
introduces,1
fresh,1
converts,1
foolish,1
impressionists,1
persistence,1
intuitive,1
robert,1
ditrer,1
investigations,1
embody,1
techniques,1
fencing,1
widening,1
tragedy,1
similarities,1
concision,1
depends,1
slip,1
brassai,1
messianic,1
empty,1
proceed,1
occasional,1
forum,1
depending,1
interpolating,1
bending,1
modernist,1
dialect,1
mortal,1
recuperated,1
formulation,1
dir,1
cleared,1
saying,1
draw,1
discuss,1
trance,1
twist,1
egoism,1
deal,1
reminder,1
gratification,1
archetypal,1
mythology,1
account,1
indirectly,1
vol,1
placement,1
wonders,1
logical,1
politics,1
prospect,1
condition,1
sidered,1
exhibits,1
pleasant,1
vaguely,1
zorn,1
reaction,1
legibility,1
theorizable,1
nicholsen,1
insight,1
occupy,1
investigator,1
mental,1
smooth,1
armature,1
ignores,1
hiroshima,1
climax,1
elissa,1
relate,1
compares,1
dissipated,1
constrained,1
harry,1
chronic,1
zhang,1
unhappy,1
prototype,1
letter,1
handicraft,1
acknowledgement,1
shierry,1
sheltered,1
controlled,1
facets,1
usage,1
linked,1
closes,1
albrecht,1
accessible,1
throughout,1
collapse,1
leigh,1
plato,1
explained,1
spectrum,1
difficulties,1
expressionism,1
inner,1
emotionally,1
pursuit,1
helen,1
realized,1
masquerades,1
silent,1
eduard,1
forgotten,1
viewing,1
lasts,1
consumer,1
heightened,1
grouped,1
unwillingness,1
coexistence,1
melencolia,1
emerges,1
quaintly,1
century,1
privilege,1
pathological,1
vanished,1
asymmetrical,1
gauged,1
forced,1
kind,1
exercise,1
immaculately,1
weaknesses,1
esoterically,1
refuses,1
pessimistic,1
taint,1
manifestly,1
perspective,1
unwavering,1
praises,1
intercourse,1
infrequently,1
back,1
subjects,1
interchangeable,1
editing,1
holds,1
young,1
ursprung,1
allowing,1
compared,1
nondialectical,1
clock,1
misleading,1
destroys,1
mechanical,1
overwhelmed,1
irresistible,1
unequivocally,1
weight,1
explore,1
application,1
crumbling,1
slightest,1
crystallizes,1
apparently,1
hasty,1
deeply,1
departed,1
unmasking,1
discovering,1
traits,1
articulatory,1
anthropomorphize,1
acknowledge,1
reciprocation,1
master,1
intuition,1
poorly,1
readable,1
depoliticized,1
folds,1
higher,1
aim,1
antichita,1
permits,1
behave,1
articulates,1
opposed,1
crepuscular,1
problematically,1
avoids,1
whose,1
leaping,1
juxtaposes,1
identification,1
resists,1
flurry,1
links,1
destroy,1
traffic,1
absent,1
superficial,1
developed,1
adds,1
watch,1
illustration,1
affairs,1
basic,1
thou,1
explicit,1
beholder,1
bond,1
georges,1
realizes,1
opportunity,1
stops,1
flexible,1
disallows,1
kiss,1
supersede,1
generally,1
derived,1
strange,1
induce,1
kingsley,1
melancholia,1
ix,1
revelation,1
pp,1
danger,1
illustrations,1
repeats,1
feel,1
rays,1
awareness,1
something,1
provides,1
keats,1
supposed,1
underline,1
construes,1
suffice,1
qualify,1
defraying,1
aslami,1
recoloration,1
insistence,1
serve,1
nor,1
expects,1
ensure,1
praise,1
postmodern,1
tensions,1
preclude,1
established,1
pyrotechnics,1
rops,1
nyby,1
emergence,1
intrinsically,1
yearning,1
threatening,1
butcher,1
impact,1
solidified,1
additive,1
instrument,1
surpassing,1
differs,1
vitality,1
witnessing,1
indefinitely,1
age,1
suspiciously,1
acknowledges,1
lapidus,1
seared,1
shorter,1
debord,1
follow,1
roxanne,1
tourism,1
unsuitable,1
isolation,1
followed,1
defines,1
idealized,1
definite,1
cost,1
laquered,1
preferably,1
problems,1
terminology,1
eradication,1
fixed,1
permanent,1
endemic,1
imminent,1
antithetical,1
care,1
projected,1
antecedents,1
join,1
drawing,1
widow,1
appear,1
categorical,1
thinks,1
experimentation,1
opening,1
result,1
advance,1
remembered,1
urgency,1
attentions,1
unanimous,1
included,1
analog,1
coexisting,1
critic,1
found,1
conservative,1
search,1
color,1
strength,1
access,1
relating,1
resembles,1
bomb,1
demands,1
scenes,1
shared,1
ocean,1
curiosity,1
pass,1
mythical,1
parisian,1
noting,1
bizarre,1
emerge,1
melancholy,1
reactionary,1
boggles,1
term,1
late,1
confronts,1
heirs,1
exactly,1
poverty,1
buried,1
silence,1
narcotic,1
treat,1
viewed,1
tristan,1
sentence,1
meet,1
ordnance,1
separates,1
scale,1
handled,1
record,1
osborne,1
absolute,1
explain,1
brooklyn,1
valorize,1
directly,1
momentary,1
coin,1
affair,1
criteria,1
proliferate,1
receive,1
justifies,1
having,1
designed,1
participation,1
schultz,1
ode,1
minute,1
figurative,1
dog,1
intense,1
carthusian,1
hang,1
epiphany,1
carry,1
writers,1
locus,1
imagined,1
shiny,1
heavily,1
surrealistic,1
example,1
calls,1
secret,1
brushed,1
supreme,1
revealed,1
thoughts,1
positions,1
description,1
great,1
literature,1
island,1
older,1
fail,1
proust,1
editorial,1
collective,1
contains,1
densely,1
transmitting,1
musters,1
binding,1
device,1
call,1
twig,1
forces,1
focuses,1
agree,1
corollary,1
newspaper,1
appreciated,1
sensibility,1
extensiveness,1
rendered,1
tetes,1
urn,1
nj,1
presentations,1
weeks,1
earth,1
precipitation,1
expended,1
responses,1
domineering,1
atget,1
describing,1
fulfilled,1
hard,1
working,1
bouts,1
cruel,1
talked,1
theoretically,1
seized,1
delirium,1
politically,1
clothes,1
irrelevance,1
melted,1
reaches,1
sharp,1
desires,1
specifically,1
around,1
woodcut,1
contingency,1
specificity,1
proximate,1
sufficient,1
imagines,1
few,1
gradations,1
pregnant,1
accomplished,1
concerns,1
propelled,1
highly,1
breaking,1
strongholds,1
theorist,1
dramatists,1
satiated,1
disparate,1
shaded,1
choosing,1
convulsive,1
goddess,1
suddenly,1
brown,1
barely,1
inability,1
relegates,1
meditations,1
chords,1
correspondence,1
peculiar,1
arbor,1
diminished,1
substituted,1
value,1
relapse,1
championed,1
society,1
inevitability,1
subsequently,1
transforming,1
logotropic,1
portion,1
adamantly,1
fuchs,1
flash,1
excludes,1
minor,1
condemnation,1
binds,1
variety,1
materials,1
entitled,1
architecture,1
requirement,1
recuperation,1
letters,1
identified,1
spell,1
spectacle,1
imagery,1
wrote,1
revival,1
labeled,1
expansion,1
analogue,1
diirer,1
bereft,1
ahistorical,1
inclusive,1
harris,1
slanted,1
mediating,1
gift,1
strains,1
effacement,1
attempt,1
above,1
conceives,1
our,1
purest,1
thinkers,1
intervention,1
expanded,1
indicates,1
folded,1
curtain,1
translates,1
rejects,1
modes,1
evanescent,1
seemingly,1
betray,1
structural,1
vocabularies,1
illuminating,1
percentage,1
performs,1
vegetable,1
sympathies,1
violence,1
reference,1
precondition,1
arendt,1
rubric,1
towards,1
requiring,1
expansiveness,1
builds,1
suspicious,1
array,1
morbid,1
technology,1
formally,1
exposure,1
declaration,1
neither,1
thesis,1
index,1
lovers,1
clarified,1
contemplation,1
anteric,1
symptomatic,1
homogeneous,1
perspectives,1
bind,1
complete,1
delight,1
plicit,1
disjuncture,1
tic,1
outlined,1
literally,1
acknowledging,1
silk,1
nineteenthcentury,1
insights,1
noted,1
speaking,1
pole,1
fugitive,1
functioned,1
canst,1
chose,1
angel,1
transformative,1
disposition,1
lucid,1
epistolary,1
idle,1
grandville,1
paul,1
book,1
juxtaposing,1
bold,1
wittenborn,1
frederick,1
passed,1
available,1
similarly,1
intellect,1
tremendous,1
experienced,1
tiny,1
sky,1
speaks,1
lengthy,1
gritty,1
bordering,1
longer,1
idea,1
valid,1
consideration,1
coincidence,1
overwhelming,1
variant,1
regret,1
recurrent,1
impetus,1
fredric,1
predominant,1
creeping,1
monad,1
documents,1
match,1
essence,1
poe,1
demonstrations,1
contradict,1
named,1
associates,1
atomic,1
justification,1
grows,1
personality,1
everything,1
prosaic,1
dull,1
fashion,1
impending,1
warmly,1
man,1
dramas,1
discussed,1
worn,1
bestows,1
lions,1
discouragement,1
grecian,1
valorizes,1
wallow,1
signifying,1
operating,1
stalking,1
shown,1
devoted,1
developing,1
validity,1
relevant,1
renaissance,1
ultimately,1
see,1
coexisted,1
necessary,1
spoke,1
ahead,1
politic,1
disparity,1
dali,1
perhaps,1
belief,1
vast,1
hamilton,1
counterpart,1
shifts,1
explicitly,1
free,1
thoroughly,1
degree,1
reminds,1
fight,1
able,1
demonstrated,1
fundamentally,1
nonetheless,1
crystals,1
mythic,1
elevations,1
dissimilar,1
admits,1
success,1
restrictions,1
treated,1
reversed,1
bear,1
helps,1
imploded,1
desert,1
including,1
desperate,1
passes,1
strays,1
previously,1
realities,1
zarena,1
retains,1
merge,1
manifestations,1
bergson,1
expand,1
concern,1
listener,1
host,1
theorization,1
significant,1
combining,1
use,1
tawdry,1
mysticism,1
virtually,1
returned,1
resonances,1
vocabulary,1
verso,1
conflicted,1
crevices,1
maintains,1
individuals,1
aids,1
loves,1
previous,1
embark,1
ratified,1
afferent,1
masquerading,1
rejected,1
low,1
xv,1
tzara,1
subtle,1
compressed,1
directed,1
visualization,1
denigrates,1
comprehensive,1
points,1
sustain,1
urge,1
lady,1
faces,1
anxious,1
embrace,1
symposium,1
methodological,1
architectural,1
homes,1
blend,1
period,1
belongs,1
inventing,1
mount,1
played,1
laugh,1
lie,1
profitably,1
conversation,1
expressing,1
intrinsic,1
exchange,1
ture,1
finite,1
witness,1
demarcate,1
facing,1
comparing,1
nos,1
parallel,1
methods,1
feet,1
tree,1
overcome,1
respectively,1
recoverable,1
narrates,1
shallow,1
mainly,1
effect,1
eluard,1
capabilities,1
capitalism,1
advertisement,1
slide,1
dadaist,1
conducting,1
saw,1
destruction,1
connections,1
joint,1
insignificant,1
cliffs,1
productive,1
creativity,1
achieve,1
opposite,1
attention,1
greek,1
decay,1
isn,1
negative,1
widely,1
applies,1
justice,1
overrun,1
mobilizes,1
perform,1
fails,1
ranging,1
farm,1
european,1
things,1
unrelievable,1
indication,1
discussing,1
christian,1
applications,1
stems,1
whomever,1
dominates,1
today,1
erotically,1
loggia,1
invokes,1
suggestibility,1
involving,1
aflamel,1
sometimes,1
chance,1
adequacy,1
vision,1
practitioners,1
suggestive,1
bound,1
imperatives,1
select,1
antidote,1
lost,1
directing,1
transformed,1
began,1
worse,1
importantly,1
lightning,1
pernicious,1
peril,1
recognize,1
try,1
la,1
life,1
why,1
poetics,1
satisfaction,1
spared,1
combines,1
encapsulated,1
continually,1
linguissubstance,1
arriving,1
spark,1
months,1
sympathy,1
figured,1
investigate,1
forest,1
matters,1
shadow,1
rarely,1
eventually,1
tirelessly,1
relates,1
breach,1
impulse,1
ornate,1
series,1
conclusion,1
arrest,1
mentioned,1
incorporated,1
merges,1
detachment,1
demonstrate,1
simply,1
mournful,1
solitary,1
ever,1
accounts,1
continues,1
extension,1
potter,1
precise,1
recognizable,1
totality,1
endows,1
masses,1
quotes,1
applauding,1
text,1
obsolescence,1
appealing,1
sustained,1
mutate,1
set,1
inert,1
swan,1
hafrey,1
mirrors,1
daumier,1
defining,1
bilinda,1
commonplace,1
illuminate,1
readily,1
historicism,1
piranesi,1
correspond,1
erotics,1
inclined,1
coupling,1
capability,1
connection,1
exploration,1
capital,1
nevertheless,1
unknown,1
righted,1
comfort,1
invoke,1
instantaneous,1
indelibly,1
partaking,1
expense,1
entrenched,1
propaganda,1
constructions,1
intrusion,1
allied,1
vibrant,1
abbreviations,1
intelligentsia,1
expresses,1
guy,1
theorized,1
jennifer,1
build,1
imsubstance,1
pictures,1
passage,1
options,1
justify,1
beginning,1
stature,1
boutique,1
storyteller,1
virtual,1
correlate,1
reified,1
ruins,1
affirm,1
perceiving,1
investigation,1
whether,1
namely,1
diacritics,1
eminently,1
lane,1
maintain,1
juxtaposed,1
mere,1
temporally,1
antidotes,1
argued,1
collector,1
vehicle,1
rationality,1
suggests,1
lends,1
unrelenting,1
contain,1
engineer,1
des,1
unnoticed,1
strain,1
gradation,1
massed,1
remember,1
demarcated,1
emergent,1
decisive,1
city,1
despite,1
revolutions,1
became,1
snapshots,1
perpetuates,1
epitome,1
hieroglyphs,1
zeitgeist,1
intended,1
transition,1
lies,1
song,1
jameson,1
rationale,1
commodities,1
operate,1
shiver,1
conversely,1
qualitative,1
sensory,1
using,1
disrupted,1
maintained,1
isolated,1
manifests,1
prenticehall,1
banal,1
subsumed,1
analogy,1
come,1
energies,1
femme,1
producer,1
question,1
wild,1
idealism,1
sustains,1
until,1
argument,1
differentiation,1
authorized,1
difference,1
mutual,1
similarity,1
quest,1
paradigm,1
opens,1
national,1
write,1
crisis,1
regather,1
brain,1
offer,1
actively,1
antiques,1
detached,1
grown,1
humor,1
isolating,1
cognitive,1
surreal,1
unified,1
smaller,1
writer,1
romane,1
glass,1
impossubstance,1
immediacy,1
attributes,1
earthen,1
disguise,1
recourse,1
trumpeting,1
caption,1
tableaux,1
bliss,1
walking,1
shift,1
speak,1
incommensurate,1
subterfuges,1
thousand,1
treats,1
charles,1
coalesce,1
vessel,1
surrender,1
clarify,1
recounted,1
painted,1
discontinuous,1
weber,1
michigan,1
irrelevant,1
partial,1
create,1
dark,1
entire,1
little,1
develop,1
divergent,1
traditional,1
permutations,1
duration,1
nightwalker,1
willing,1
facile,1
telepathic,1
cosmopolitan,1
rude,1
famous,1
building,1
meeting,1
showed,1
delayed,1
workings,1
portrait,1
heterogeneous,1
cited,1
grants,1
occur,1
deeper,1
reigns,1
parisiens,1
