WORDCOUNTS,WEIGHT
the,408
of,365
and,184
in,134
to,112
a,86
is,61
s,60
that,47
as,43
for,41
which,41
love,39
his,36
de,34
this,30
be,29
by,28
p,27
nature,26
but,24
we,24
an,22
are,22
he,21
not,21
at,20
scaglione,20
with,20
it,19
medieval,19
professor,18
from,18
on,17
naturalism,15
if,14
one,14
author,14
cultural,14
some,13
have,13
any,13
abelard,12
has,12
sexual,12
decameron,12
their,12
courtly,12
literature,12
or,12
evidence,12
philosophy,12
were,11
context,11
century,11
literary,11
n,11
most,11
its,11
least,11
boccaccio,11
may,10
l,10
was,10
view,10
late,10
andreas,10
more,10
so,10
historical,10
jean,10
meung,10
attitudes,10
between,10
much,10
human,9
marriage,9
middle,9
pp,9
these,9
treatment,9
ages,9
la,9
problem,9
later,8
such,8
ethical,8
problems,8
m,8
philosophical,8
part,8
will,8
only,8
new,8
moral,8
inquiry,8
important,7
even,7
no,7
poetry,7
also,7
can,7
been,7
must,7
roman,7
them,7
capellanus,6
ethics,6
history,6
into,6
first,6
all,6
against,6
interest,6
kind,6
chaucer,6
chartres,6
had,6
found,6
naturalistic,6
good,6
finds,6
letters,6
about,6
thesis,6
culture,6
social,6
toward,6
original,6
made,6
analysis,6
twelfth,6
works,6
what,6
rose,6
subject,6
alain,6
our,6
fourteenth,6
they,5
studies,5
modern,5
seems,5
within,5
behavior,5
find,5
than,5
without,5
certain,5
theological,5
place,5
brief,5
time,5
do,5
values,5
morality,5
period,5
means,5
terms,5
her,5
among,5
spirit,4
before,4
women,4
experience,4
rational,4
book,4
tradition,4
those,4
point,4
review,4
development,4
rights,4
opposed,4
act,4
doctrine,4
study,4
effort,4
however,4
work,4
justification,4
poet,4
doctrines,4
critical,4
us,4
gilson,4
two,4
other,4
man,4
great,4
men,4
understanding,4
own,4
significant,4
earlier,4
poetic,4
enough,4
become,4
who,4
complexity,4
here,4
intellectual,4
following,4
when,4
both,4
representation,4
lille,4
d,4
should,4
difficult,3
does,3
heloise,3
fiction,3
complex,3
ideals,3
might,3
words,3
laughter,3
desire,3
survey,3
help,3
similarities,3
existence,3
e,3
obvious,3
himself,3
irrational,3
amandi,3
relations,3
nor,3
empiricism,3
traditions,3
honeste,3
whose,3
sort,3
importance,3
reason,3
developments,3
too,3
whom,3
cannot,3
well,3
auerbach,3
knight,3
genuine,3
approach,3
quite,3
wife,3
correspondence,3
pervasive,3
society,3
second,3
matter,3
taken,3
limited,3
judgment,3
relationship,3
criticism,3
official,3
mediaeval,3
picture,3
dante,3
lewis,3
many,3
mln,3
really,3
relevant,3
renaissance,3
see,3
perhaps,3
degree,3
explanation,3
expression,3
questions,3
aesthetic,3
full,3
individual,3
helpful,3
would,3
article,3
troubadours,3
things,3
christian,3
lovers,3
support,3
establish,3
life,3
itself,3
school,3
seriously,3
arte,3
then,3
contradiction,3
simply,3
natural,3
observe,3
clearly,3
far,3
emerges,3
muckle,3
statement,3
theory,3
careful,3
given,3
through,3
au,3
aspect,3
finally,3
realism,3
remains,3
recent,3
formulated,2
humanism,2
sins,2
way,2
concerned,2
trans,2
told,2
discover,2
kinds,2
true,2
h,2
di,2
earthly,2
conscious,2
western,2
presents,2
contexts,2
heloyse,2
anything,2
interests,2
principles,2
differences,2
achievement,2
generalizations,2
i,2
there,2
last,2
erich,2
mind,2
written,2
stand,2
raised,2
case,2
takes,2
constraint,2
chapter,2
account,2
studi,2
reaction,2
morale,2
letter,2
plato,2
chretien,2
expected,2
learning,2
silverstein,2
depend,2
amount,2
troyes,2
poem,2
tones,2
occasion,2
calamitatum,2
hardly,2
influence,2
interesting,2
york,2
rather,2
ml,2
represented,2
after,2
allegory,2
awareness,2
praise,2
university,2
edition,2
xile,2
dominant,2
opening,2
gregory,2
romances,2
critic,2
entering,2
possibility,2
representative,2
irony,2
though,2
public,2
voice,2
aspects,2
conjecture,2
writers,2
charity,2
reader,2
future,2
concept,2
discusses,2
apparent,2
whole,2
tale,2
consistently,2
et,2
chartrians,2
tone,2
solution,2
le,2
medievale,2
involved,2
helolse,2
distinguished,2
progress,2
satiric,2
value,2
promising,2
variety,2
dispositions,2
chenu,2
griselda,2
comments,2
movement,2
put,2
religious,2
once,2
interpretation,2
prof,2
paradox,2
trent,2
evil,2
god,2
historia,2
si,2
begins,2
aristotle,2
figure,2
similarly,2
amour,2
addition,2
valency,2
scholars,2
assertion,2
classical,2
end,2
contemporary,2
serious,2
simple,2
paris,2
present,2
devoted,2
florence,2
council,2
louvain,2
gives,2
rationalistic,2
investigated,2
father,2
background,2
discovery,2
bear,2
manifestations,2
use,2
assume,2
examination,2
chosen,2
nevertheless,2
clear,2
express,2
logic,2
eve,2
general,2
him,2
standard,2
latter,2
never,2
especially,2
realm,2
guillaume,2
delhaye,2
justice,2
entitled,2
respect,2
provide,2
crucial,2
celebration,2
attitude,2
sensitive,2
garin,2
try,2
surprising,2
sympathy,2
announces,2
historian,2
known,2
exposition,2
irrationality,2
text,2
different,2
inclined,2
seem,2
did,2
best,2
argue,2
regard,2
platonismo,2
iii,2
particularly,2
speculation,2
scholarship,2
beginning,2
manuscripts,2
ideal,2
intention,2
circumstances,2
recognition,2
practices,2
role,2
think,2
ultimately,2
argument,2
offer,2
instead,2
although,2
need,2
piece,2
observation,2
c,2
conventions,2
unequivocal,2
major,2
final,1
repay,1
now,1
wishful,1
lust,1
produces,1
done,1
owes,1
child,1
generalization,1
conflicting,1
meaning,1
scholar,1
praised,1
affected,1
extreme,1
legitimate,1
implies,1
submission,1
introduction,1
brilliantly,1
inciting,1
notably,1
sphere,1
disregard,1
passing,1
expect,1
church,1
joyful,1
group,1
juxtaposition,1
guenevere,1
elaborated,1
judicious,1
properly,1
identify,1
superb,1
word,1
songs,1
schools,1
asserted,1
philippe,1
english,1
motivation,1
tullio,1
clumsy,1
sudden,1
easily,1
sublime,1
mentality,1
schlbsser,1
position,1
barest,1
resurgence,1
unlike,1
total,1
ambitious,1
feels,1
nineteenth,1
something,1
douzieme,1
source,1
princeton,1
chastity,1
qualification,1
rome,1
themes,1
appealed,1
being,1
romance,1
based,1
passion,1
t,1
long,1
every,1
infringe,1
fifteenth,1
discovers,1
entailed,1
lottin,1
implications,1
mysterious,1
contrasted,1
anima,1
absurd,1
bastardy,1
j,1
penitential,1
definition,1
equivocation,1
available,1
paramount,1
lessen,1
theologically,1
suggesting,1
sobering,1
indulge,1
sentimentality,1
reasons,1
approximating,1
narrative,1
assembled,1
studied,1
religion,1
take,1
real,1
achieved,1
improving,1
locksley,1
emphasized,1
mr,1
seriousness,1
satire,1
ours,1
reading,1
somewhat,1
theodore,1
lifetimes,1
confused,1
bluntly,1
nowhere,1
issue,1
temptress,1
side,1
fountainhead,1
suspect,1
catharism,1
resumes,1
spinoza,1
key,1
conventionality,1
sought,1
iv,1
hall,1
right,1
changed,1
vol,1
felt,1
possible,1
obviously,1
authentic,1
activity,1
characterize,1
restraints,1
bibliography,1
richard,1
arcite,1
say,1
lovesick,1
very,1
intelligent,1
classifications,1
laws,1
singleton,1
scandal,1
along,1
undoubtedly,1
keeps,1
promises,1
demanded,1
abdlard,1
monastic,1
prejudice,1
commedia,1
pursuing,1
framework,1
learned,1
welcomed,1
conflict,1
della,1
thus,1
conjugali,1
lover,1
cicero,1
xlvii,1
relationships,1
misfortune,1
filosofia,1
explained,1
vigorous,1
difficulties,1
virtues,1
inner,1
run,1
since,1
illustrates,1
objective,1
pursuit,1
assumes,1
g,1
humanists,1
heeding,1
characteristic,1
bardi,1
mixed,1
dismisses,1
raises,1
consolation,1
predicament,1
catholique,1
lorris,1
relatively,1
overt,1
realization,1
assessment,1
codified,1
assured,1
tennyson,1
senecan,1
mundi,1
thing,1
satan,1
adam,1
distinct,1
venerable,1
adopted,1
mistakes,1
rejecting,1
salisbury,1
bernardus,1
endeavoring,1
highest,1
response,1
honesty,1
difficulty,1
wholly,1
spiritualism,1
third,1
truly,1
mistress,1
like,1
undertaking,1
irresistible,1
unequivocally,1
explore,1
unfettered,1
sin,1
look,1
spite,1
critique,1
marital,1
obscenity,1
hasty,1
lettere,1
psychologically,1
master,1
eloisa,1
quarrel,1
kept,1
janssen,1
promised,1
lesser,1
freedoms,1
assessed,1
stilnovisti,1
simultaneously,1
profoundly,1
recognized,1
genuinely,1
reiterates,1
catharists,1
dictionnaire,1
main,1
superficial,1
untrustworthy,1
generations,1
developed,1
angeles,1
convent,1
how,1
remain,1
ironic,1
investigation,1
antem,1
fantasies,1
levels,1
ai,1
presentation,1
bond,1
enseignement,1
incidence,1
twoparagraph,1
idealize,1
associate,1
legal,1
sarah,1
turn,1
derived,1
direct,1
ix,1
contributions,1
oversimplified,1
limitation,1
feel,1
overlooked,1
clarification,1
tailor,1
indispensable,1
exceptional,1
tissue,1
obliquity,1
changes,1
plus,1
wanted,1
hilotse,1
maiden,1
stifling,1
les,1
morals,1
sorts,1
statistical,1
emergence,1
metaphysics,1
reformer,1
elsewhere,1
consciousness,1
mary,1
idee,1
reviewed,1
w,1
xi,1
clash,1
duenna,1
rationally,1
praises,1
surface,1
follow,1
wondering,1
aquinas,1
adulterous,1
instance,1
victorian,1
shifted,1
care,1
weighed,1
opinion,1
admiration,1
minnelehre,1
whereas,1
maze,1
my,1
pastoral,1
bearing,1
could,1
appearance,1
falsify,1
das,1
typical,1
arabs,1
inappropriate,1
jovinianum,1
seven,1
lived,1
ridicule,1
deal,1
demands,1
shared,1
prepare,1
radical,1
atheism,1
successors,1
weltbild,1
emotionally,1
further,1
pure,1
equally,1
let,1
contrived,1
christliche,1
sul,1
obedience,1
scale,1
placed,1
explain,1
wide,1
theseus,1
triumph,1
wonderment,1
hopkins,1
cart,1
expressions,1
affair,1
because,1
probitas,1
undercurrent,1
distinguishes,1
maurice,1
failure,1
exert,1
christianity,1
none,1
having,1
figurative,1
chartrian,1
basis,1
r,1
line,1
revealed,1
gains,1
simone,1
scope,1
received,1
hwlolse,1
continence,1
los,1
claim,1
psychological,1
damnation,1
example,1
norm,1
esp,1
comment,1
caught,1
description,1
surprise,1
used,1
dal,1
felix,1
solemnity,1
positing,1
during,1
issues,1
broad,1
constitute,1
speaking,1
emancipation,1
forces,1
personal,1
pra,1
courtoisie,1
systematic,1
miss,1
alliance,1
challenging,1
helloise,1
related,1
violent,1
remember,1
stylized,1
siecle,1
technicalities,1
sense,1
field,1
below,1
useful,1
venal,1
shaping,1
suggest,1
simpler,1
speculations,1
order,1
sake,1
openly,1
principals,1
characteristics,1
revealing,1
exigencies,1
cool,1
brought,1
dramatic,1
hagiography,1
leges,1
tended,1
impossible,1
unreserved,1
virtuous,1
langue,1
sylvestris,1
generally,1
seed,1
cosmology,1
reconciliations,1
proper,1
notice,1
delilah,1
notes,1
several,1
am,1
humanistic,1
valuable,1
aboard,1
artistry,1
knowledge,1
unselfishly,1
petrarch,1
defended,1
asset,1
typified,1
led,1
ii,1
situation,1
arrangement,1
ironies,1
materials,1
various,1
scientific,1
indeed,1
positions,1
disparagement,1
deadly,1
return,1
unconscious,1
forward,1
nearly,1
assurance,1
instincts,1
whatever,1
still,1
above,1
says,1
make,1
indicates,1
premises,1
amis,1
modes,1
contra,1
suppose,1
tends,1
direction,1
philosophie,1
roberto,1
postulate,1
pliable,1
anticipates,1
simultaneous,1
yet,1
examined,1
repressive,1
happened,1
thought,1
alongside,1
sex,1
clergy,1
inspiration,1
instinctive,1
inconsistencies,1
reconciliation,1
shook,1
vows,1
misses,1
symptomatic,1
light,1
aux,1
um,1
exalt,1
antics,1
eugenio,1
fictions,1
supernatural,1
overpowering,1
fornication,1
friend,1
rise,1
sketch,1
considers,1
volume,1
mimesis,1
persuade,1
resolution,1
theorist,1
sketchy,1
french,1
law,1
courageous,1
challenge,1
rationalism,1
mentions,1
appalled,1
pointed,1
naturata,1
experienced,1
successively,1
speaks,1
fact,1
naive,1
xii,1
areas,1
bourgeoisie,1
regret,1
striking,1
creative,1
sung,1
larger,1
john,1
granting,1
ust,1
appropriately,1
reflect,1
ricerche,1
rhetoric,1
honor,1
devil,1
forms,1
patterns,1
behind,1
hand,1
wellordered,1
v,1
ground,1
remarkable,1
xiiie,1
loyse,1
developing,1
bono,1
shown,1
lancelot,1
ontological,1
judith,1
necessary,1
practice,1
deep,1
woman,1
compelled,1
distance,1
manuals,1
imitators,1
free,1
reminds,1
plane,1
interpreting,1
another,1
apt,1
meaningful,1
discussion,1
degenerated,1
upon,1
range,1
speculates,1
sacramental,1
restrained,1
servant,1
writings,1
formal,1
vexing,1
reside,1
herself,1
complexities,1
encouraged,1
tenets,1
wound,1
empirical,1
amused,1
characteristically,1
inhibitions,1
mysticism,1
ontology,1
jerome,1
trend,1
idealization,1
rare,1
aldo,1
engaged,1
nothing,1
epistles,1
dismissed,1
california,1
students,1
theses,1
xv,1
significance,1
inconspicuous,1
discovered,1
philology,1
reality,1
stress,1
oc,1
sensitivity,1
nelle,1
points,1
bonn,1
peter,1
lady,1
objection,1
times,1
allowed,1
function,1
scholasticism,1
high,1
played,1
lie,1
amore,1
counted,1
practiced,1
renewal,1
provides,1
thomas,1
parmi,1
averroistic,1
honorem,1
guilt,1
anticourtly,1
k,1
eyes,1
parallel,1
exaggeration,1
relation,1
narrow,1
wise,1
contact,1
attendant,1
structure,1
learn,1
implication,1
differ,1
begs,1
astonishing,1
tendency,1
ago,1
controversial,1
incontinence,1
attention,1
offspring,1
complicates,1
examines,1
separate,1
contributes,1
suspects,1
carried,1
diametrically,1
me,1
raise,1
wisdom,1
she,1
continued,1
asclepius,1
sometimes,1
stream,1
johns,1
usually,1
foreign,1
criminal,1
naturally,1
impressive,1
bound,1
begin,1
lines,1
moost,1
recognizes,1
salutati,1
success,1
insist,1
psychologie,1
force,1
worse,1
effectively,1
visual,1
contribution,1
solutions,1
indicate,1
antiquity,1
often,1
satisfaction,1
responsible,1
confronts,1
enforced,1
centuries,1
face,1
articles,1
arts,1
comic,1
meant,1
poets,1
considered,1
matters,1
environment,1
seine,1
storia,1
thinking,1
natura,1
believed,1
extricated,1
impulse,1
antecedent,1
series,1
conclusion,1
exemplified,1
scientifiques,1
biography,1
mario,1
trask,1
detachment,1
extensive,1
aristotelianism,1
theme,1
precise,1
rival,1
xiie,1
amicitia,1
conches,1
premonition,1
darwin,1
sciences,1
sustained,1
alternative,1
set,1
milieu,1
know,1
berkeley,1
dimension,1
over,1
execesses,1
tendencies,1
each,1
specialized,1
nobility,1
contained,1
accustomed,1
half,1
metaphorical,1
reliability,1
theology,1
embodiment,1
reflected,1
placing,1
masterpiece,1
proposed,1
type,1
absolutely,1
irtienne,1
advances,1
merely,1
knows,1
augustine,1
wit,1
circles,1
morali,1
form,1
accounts,1
rebellion,1
thirty,1
thierry,1
add,1
validate,1
moralia,1
platonic,1
adaptation,1
undertones,1
while,1
property,1
information,1
phenomena,1
siecles,1
strain,1
miscellanea,1
outline,1
presented,1
demonic,1
private,1
complexes,1
prevalent,1
press,1
easy,1
transition,1
step,1
confronted,1
conventional,1
substance,1
lesson,1
disconcerting,1
phenomenon,1
mention,1
isolated,1
und,1
remarks,1
apuleius,1
come,1
question,1
cautioned,1
idealism,1
until,1
instructive,1
years,1
reveals,1
twentieth,1
conditions,1
theologie,1
scathing,1
strikingly,1
vernacular,1
accept,1
aware,1
motives,1
ologie,1
contributed,1
joined,1
pleasing,1
typically,1
humor,1
socially,1
green,1
physical,1
opinions,1
cautionary,1
celibacy,1
seeks,1
troubadour,1
area,1
sexuality,1
association,1
shift,1
speak,1
epigraph,1
morally,1
vi,1
specific,1
potential,1
removed,1
intolerant,1
oversimplification,1
massive,1
justify,1
tastes,1
manichaean,1
irrelevant,1
enterprise,1
partial,1
dark,1
cedent,1
fears,1
views,1
substantial,1
little,1
immediately,1
ends,1
chopinel,1
beings,1
clerics,1
rivista,1
virtue,1
tendentious,1
agnosticism,1
mistaken,1
customs,1
