WORDCOUNTS,WEIGHT
the,1066
and,714
of,661
in,421
a,404
to,359
s,319
zhang,273
her,216
as,146
film,122
with,115
for,110
that,107
chinese,104
love,96
is,93
on,87
comedy,86
ailing,78
hong,75
kong,72
an,69
by,64
from,58
hollywood,56
she,54
shanghai,52
his,51
modern,48
was,47
cinema,45
their,44
culture,44
woman,44
into,42
wife,42
who,42
films,41
which,41
comic,41
at,40
between,40
screwball,39
it,38
social,38
sizhen,38
cultural,37
literature,37
new,37
but,36
are,36
urban,36
or,35
gi,35
male,33
mimi,33
mp,33
had,32
husband,31
i,30
family,30
also,29
weifang,29
dir,28
lin,28
he,28
not,28
have,28
danlin,27
long,27
battle,27
marriage,26
zhiyuan,26
screenplays,25
its,25
this,25
female,25
comedies,25
be,25
heroine,24
when,24
popular,24
screen,24
screenplay,23
see,23
one,22
live,22
romantic,22
out,22
genre,22
about,22
cinematic,22
class,22
both,22
has,21
audience,21
political,20
movie,20
writer,20
bride,19
american,19
figure,19
life,19
press,19
because,18
these,18
two,18
wenbing,17
no,17
chen,17
commercial,17
characters,17
dianying,16
romance,16
creative,16
story,16
dai,16
visual,16
university,16
bourgeois,16
women,15
script,15
rongsheng,15
scene,15
june,15
through,15
sequence,15
after,15
city,15
zheng,15
china,14
up,14
gender,14
only,14
local,14
genres,14
made,14
studio,14
courtship,14
money,13
against,13
beauty,13
may,13
us,13
man,13
moral,13
yu,13
while,13
screenwriter,12
production,12
narrative,12
were,12
jifang,12
modernity,12
literary,12
my,12
chang,12
world,12
eileen,12
ed,12
council,12
like,12
postwar,12
been,12
vision,12
fiction,11
they,11
star,11
character,11
all,11
company,11
divorce,11
desire,11
some,11
politics,11
melodrama,11
such,11
de,11
mandarin,11
appeal,11
shusen,11
audiences,11
hu,11
what,11
shi,11
fu,11
ye,11
later,10
shot,10
human,10
how,10
plot,10
affair,10
stage,10
girl,10
various,10
time,10
earth,10
movies,10
so,10
him,10
comedic,10
attention,10
dream,10
wang,10
cantonese,10
traditional,10
famous,10
herself,9
other,9
rich,9
mai,9
reality,9
li,9
jin,9
melodramatic,9
fig,9
zishan,9
qin,9
critics,9
performance,9
artistic,9
however,9
well,9
own,9
society,9
wrote,9
happy,9
object,9
yet,9
home,9
men,9
greatest,9
father,9
adaptation,9
wedding,9
subject,9
broker,9
history,8
zhongguo,8
system,8
ш,8
development,8
relations,8
media,8
young,8
mistress,8
nanbei,8
tao,8
public,8
having,8
work,8
writers,8
during,8
people,8
sensibility,8
couple,8
drama,8
provisional,8
more,8
where,8
generic,8
lovers,8
foreign,8
often,8
over,8
domestic,8
works,8
role,8
song,8
filmmaking,8
spring,8
final,7
party,7
taipei,7
first,7
t,7
musical,7
bai,7
take,7
soong,7
dancing,7
america,7
married,7
lan,7
back,7
k,7
wayward,7
typical,7
tale,7
archive,7
good,7
sense,7
lee,7
actress,7
make,7
once,7
makes,7
toward,7
stories,7
villa,7
style,7
values,7
pin,7
feng,7
ge,7
can,7
space,7
stars,7
united,7
entertainment,7
wives,7
stephen,7
eds,7
wealthy,7
huang,7
suggests,7
middle,7
writing,7
states,7
roles,7
directors,6
does,6
if,6
career,6
market,6
essays,6
mainland,6
before,6
intentions,6
wenhua,6
tradition,6
sang,6
reunion,6
there,6
sophisticated,6
protagonists,6
mass,6
sexual,6
leung,6
шш,6
filmic,6
even,6
yan,6
scripts,6
philadelphia,6
york,6
fantasies,6
fantasy,6
remarriage,6
filmmakers,6
image,6
age,6
body,6
acting,6
societies,6
screenwriters,6
notes,6
though,6
away,6
we,6
stanford,6
monroe,6
industry,6
marry,6
critical,6
womanhood,6
power,6
emotional,6
ji,6
qihua,6
business,6
shows,6
screenwriting,6
dance,6
original,6
use,6
cavell,6
versions,6
novella,6
relationship,6
team,6
taiwan,6
set,6
spectacles,6
did,6
yue,6
them,6
off,6
xun,6
early,6
should,6
tragic,6
ending,5
mostly,5
go,5
creation,5
might,5
nature,5
asia,5
great,5
housewife,5
xx,5
within,5
takes,5
east,5
tianlin,5
almond,5
leo,5
cheng,5
zhou,5
conflict,5
relationships,5
author,5
century,5
left,5
critique,5
failed,5
without,5
similar,5
importance,5
plots,5
changes,5
situations,5
points,5
appear,5
critic,5
scriptwriting,5
meet,5
working,5
second,5
situation,5
above,5
criticism,5
sex,5
under,5
law,5
financial,5
golden,5
reminds,5
another,5
status,5
understanding,5
background,5
yang,5
held,5
eyes,5
become,5
me,5
seen,5
hsia,5
analysis,5
fall,5
then,5
milieu,5
spectator,5
suitors,5
historical,5
turned,5
depicts,5
produce,5
kar,5
became,5
tender,5
found,5
colonial,5
cosmopolitan,5
braester,5
trap,5
although,5
consumption,5
reflexive,5
cangue,5
poshek,4
productions,4
medium,4
identity,4
mobility,4
english,4
leads,4
being,4
fiancé,4
mast,4
give,4
beautiful,4
satiric,4
together,4
follows,4
real,4
mind,4
written,4
amorous,4
jenkins,4
dong,4
howard,4
west,4
xia,4
yao,4
ship,4
fitzgerald,4
engage,4
thus,4
andrew,4
prey,4
narratives,4
cohen,4
marital,4
traditions,4
game,4
xianglin,4
chow,4
kei,4
environments,4
hawks,4
wong,4
director,4
too,4
threat,4
most,4
lu,4
helped,4
opening,4
expressed,4
came,4
could,4
called,4
jiao,4
irony,4
war,4
wealth,4
eager,4
sacrifice,4
psychological,4
year,4
realm,4
place,4
gaze,4
rowe,4
subtle,4
bazin,4
order,4
talents,4
concerns,4
vein,4
finds,4
hypocrisy,4
braudy,4
f,4
xiao,4
nonetheless,4
spectacle,4
exile,4
play,4
xingqian,4
released,4
settings,4
southeast,4
falls,4
light,4
karnick,4
many,4
fact,4
creativity,4
end,4
state,4
camera,4
aunt,4
forms,4
hand,4
wild,4
developing,4
farcical,4
obsession,4
discussion,4
seductress,4
three,4
lady,4
individual,4
precisely,4
adaptations,4
seduction,4
auteur,4
claims,4
any,4
version,4
changing,4
comes,4
glamour,4
desolation,4
here,4
leftist,4
different,4
lying,4
qing,4
happiness,4
pictures,4
beginning,4
william,4
suffering,4
according,4
jihua,4
playful,4
theory,4
escapist,4
shu,4
video,4
zhilian,4
adapted,4
representation,4
ho,4
intercultural,4
unending,4
xin,4
instead,4
era,4
seek,4
deception,3
now,3
child,3
prefer,3
way,3
meaning,3
truth,3
ritual,3
linguistic,3
hot,3
zhanchang,3
cangliang,3
remind,3
flows,3
xinniang,3
position,3
husbands,3
something,3
artifice,3
experience,3
diasporic,3
pleasure,3
lam,3
exhibited,3
address,3
words,3
possibilities,3
skills,3
broken,3
featuring,3
portrayal,3
able,3
lihua,3
ru,3
last,3
cathay,3
robert,3
reading,3
context,3
british,3
partners,3
draws,3
discuss,3
constraints,3
magazine,3
tastes,3
familial,3
resources,3
iconic,3
behavior,3
swimming,3
fun,3
since,3
wansui,3
moment,3
brother,3
learning,3
affairs,3
taste,3
old,3
playboy,3
explore,3
than,3
understood,3
stanley,3
site,3
depiction,3
town,3
rather,3
bring,3
watch,3
remain,3
notion,3
wifely,3
goes,3
supplement,3
b,3
gesture,3
viewed,3
lacking,3
cukor,3
support,3
lives,3
river,3
talk,3
upper,3
show,3
asks,3
instance,3
cut,3
conflicts,3
jinsuo,3
standards,3
wilder,3
centers,3
scenes,3
international,3
criticisms,3
zhufu,3
term,3
charley,3
blondes,3
reviews,3
singing,3
appears,3
projection,3
produced,3
cannot,3
photo,3
patriarchal,3
hierarchies,3
leisure,3
prominent,3
example,3
calls,3
positions,3
highlight,3
contains,3
project,3
sensuous,3
engagement,3
depicting,3
wenyi,3
change,3
apparatus,3
hard,3
theatrical,3
around,3
small,3
xiang,3
pregnancy,3
codes,3
generally,3
reflexivity,3
value,3
provided,3
claim,3
am,3
miserable,3
suggest,3
sophistication,3
inventive,3
action,3
short,3
indeed,3
idea,3
begins,3
still,3
riches,3
voyeurism,3
depicted,3
read,3
exposes,3
fatale,3
schatz,3
already,3
insights,3
gentlemen,3
liang,3
filmmaker,3
meets,3
declining,3
suit,3
taitai,3
others,3
put,3
wenxue,3
fallen,3
contemporary,3
fashion,3
impending,3
serious,3
depict,3
readers,3
do,3
present,3
performances,3
tay,3
xiju,3
distance,3
gives,3
verbal,3
private,3
diverse,3
treated,3
subjectivity,3
upon,3
bear,3
writings,3
billy,3
asian,3
significant,3
illusion,3
affection,3
liuyue,3
conditions,3
styles,3
shilu,3
sees,3
maid,3
westernized,3
ng,3
leave,3
eve,3
times,3
lifestyles,3
would,3
yuan,3
features,3
high,3
collected,3
indulging,3
exchange,3
parody,3
publicity,3
saw,3
satire,3
behind,3
yiliang,3
oxford,3
marilyn,3
adultery,3
window,3
george,3
provide,3
reyher,3
plays,3
fear,3
attitude,3
ordinary,3
success,3
directions,3
contrary,3
inspired,3
construction,3
respect,3
atmosphere,3
pressures,3
fortune,3
xiaoshuo,3
elaborate,3
series,3
tang,3
must,3
detachment,3
proposes,3
introducing,3
café,3
seem,3
down,3
faulkner,3
entrepreneurial,3
placing,3
fazhan,3
just,3
feminist,3
terms,3
despite,3
pool,3
secure,3
episode,3
emphasis,3
art,3
swimsuit,3
seductive,3
zijing,3
rao,3
beijing,3
far,3
staged,3
turns,3
conventional,3
friday,3
our,3
femme,3
years,3
difference,3
sikov,3
sensibilities,3
millionaire,3
finally,3
loke,3
shumway,3
physical,3
disruption,3
you,3
seeks,3
sexuality,3
viewers,3
offered,3
showcase,3
grief,3
texts,3
including,3
puts,3
heir,3
images,3
north,3
major,3
nülang,2
difficult,2
showcases,2
appropriation,2
done,2
companionship,2
ethics,2
heroic,2
commentary,2
defy,2
created,2
melodramas,2
ferdinand,2
affirming,2
deceit,2
dongshan,2
entanglements,2
celebrate,2
ejumpcut,2
center,2
enlightening,2
complex,2
stereotypical,2
tend,2
horton,2
join,2
iconography,2
authority,2
confines,2
yiwen,2
ways,2
cynical,2
zhiqi,2
bias,2
mentality,2
ardent,2
spirit,2
earnest,2
western,2
harsh,2
habits,2
smile,2
xinnong,2
chastity,2
contexts,2
sarris,2
awkwardness,2
www,2
walters,2
please,2
global,2
textual,2
rivals,2
certainly,2
interests,2
rencai,2
expressive,2
repertoire,2
taken,2
vols,2
viewer,2
ни,2
articulate,2
worked,2
absurd,2
jiafeng,2
reach,2
copy,2
capitalist,2
aile,2
artificiality,2
negulesco,2
wave,2
achievement,2
transforms,2
scheme,2
shocking,2
argue,2
reproduction,2
review,2
half,2
help,2
domesticating,2
commercialism,2
respond,2
ying,2
henry,2
transtextuality,2
kenny,2
california,2
temptation,2
slapstick,2
yomi,2
guiyuan,2
ernü,2
employs,2
issue,2
rewriting,2
ambiguity,2
dialect,2
insincerity,2
catches,2
key,2
king,2
bertolt,2
motion,2
politicized,2
ventures,2
right,2
lim,2
authentic,2
andré,2
exhibits,2
drive,2
mm,2
richard,2
professor,2
vanity,2
invited,2
headed,2
asserting,2
realistic,2
kan,2
zhen,2
photographic,2
bachelor,2
pursuit,2
silhouette,2
tied,2
щ,2
perplexed,2
repeatedly,2
dislocation,2
regarding,2
icons,2
crossing,2
lover,2
submit,2
difficulties,2
utopian,2
quality,2
reputation,2
pursue,2
camerawork,2
due,2
hierarchy,2
sentimentalism,2
silent,2
agent,2
remorse,2
heroines,2
characteristic,2
relatively,2
allure,2
gags,2
mating,2
zhuang,2
highlighting,2
insisted,2
supremacy,2
refuses,2
late,2
perspective,2
depend,2
subjects,2
wancang,2
chunshui,2
compared,2
assertive,2
mechanical,2
excelled,2
junli,2
look,2
sun,2
hardly,2
invites,2
talent,2
compromise,2
virtuous,2
jean,2
lyon,2
themes,2
steps,2
poor,2
erotic,2
whose,2
essential,2
license,2
operations,2
sets,2
leading,2
adds,2
mesmerizing,2
yinyuan,2
edward,2
adapt,2
influential,2
zhong,2
borrowing,2
presentation,2
process,2
vs,2
granted,2
earlier,2
developments,2
intoxicated,2
travels,2
direct,2
parts,2
allegory,2
dialogue,2
spectators,2
lawyer,2
apolitical,2
decadence,2
making,2
dyer,2
flirtation,2
clerk,2
mission,2
url,2
tensions,2
consider,2
cardullo,2
established,2
music,2
hostess,2
clearly,2
elsewhere,2
bathing,2
qianhong,2
house,2
companions,2
acknowledges,2
powerful,2
splendor,2
consequence,2
ceremony,2
tragedies,2
m,2
duoshao,2
projected,2
prevailing,2
providing,2
tactfully,2
view,2
trying,2
union,2
greater,2
uses,2
projections,2
advance,2
mambo,2
ostentatious,2
based,2
lead,2
whom,2
pursuits,2
http,2
sexy,2
romances,2
conservative,2
ambition,2
sturges,2
recalls,2
brecht,2
intellectuals,2
ocean,2
luxury,2
actresses,2
shangguan,2
polemics,2
lent,2
intrigue,2
big,2
fans,2
preston,2
embarrassing,2
occupation,2
philandering,2
transactions,2
shifting,2
tianliu,2
xingbo,2
youthful,2
huali,2
devoid,2
manbo,2
unruly,2
sima,2
your,2
narrate,2
rendezvous,2
xiaocheng,2
dao,2
temptations,2
shilin,2
foregrounds,2
yijiang,2
expressions,2
silver,2
aspects,2
feminine,2
used,2
xixiangfeng,2
xiandai,2
lure,2
crafty,2
bolster,2
received,2
provocative,2
part,2
london,2
actors,2
excessive,2
caught,2
loss,2
sorrow,2
describe,2
fit,2
émigrés,2
collective,2
constitute,2
imitations,2
actually,2
runs,2
tr,2
forces,2
intertextual,2
versatile,2
sao,2
novels,2
surfaces,2
tears,2
visions,2
passion,2
encounters,2
errors,2
tone,2
creating,2
manners,2
cold,2
adaption,2
hou,2
things,2
protest,2
fei,2
box,2
contrast,2
theater,2
emphasizes,2
desires,2
archie,2
night,2
several,2
autonomy,2
exemplifies,2
feelings,2
qingcheng,2
xuhuang,2
texas,2
necessity,2
pays,2
oufan,2
fonoroff,2
nanwang,2
шт,2
games,2
childless,2
teo,2
propriety,2
zuolin,2
qingchang,2
artistry,2
smashed,2
domesticity,2
south,2
will,2
fa,2
transform,2
eclectic,2
ironies,2
materials,2
identified,2
economic,2
corliss,2
cai,2
return,2
brings,2
projecting,2
bert,2
charm,2
backdrop,2
recreating,2
undergo,2
frank,2
twists,2
ke,2
communities,2
dramas,2
harbin,2
turmoil,2
relied,2
represents,2
thought,2
soon,2
evil,2
peilin,2
dialects,2
j,2
neither,2
index,2
denounced,2
management,2
included,2
extravagant,2
enigmatic,2
same,2
liangde,2
issues,2
friedrich,2
contempt,2
tricks,2
yiqu,2
noted,2
increasingly,2
eccentricity,2
chose,2
resplendence,2
chusheng,2
fan,2
french,2
lampoons,2
paul,2
challenge,2
again,2
jiang,2
pointed,2
performs,2
tremendous,2
pingqian,2
projects,2
cinemas,2
tong,2
transcultural,2
release,2
efforts,2
designing,2
scholars,2
don,2
bourgeoisie,2
yunzhu,2
choice,2
remarked,2
classical,2
meigui,2
legs,2
taohua,2
reflect,2
concubine,2
shen,2
match,2
learn,2
remarkable,2
conscious,2
mu,2
butterfly,2
marrying,2
celebrated,2
shown,2
mutual,2
strategies,2
imaginary,2
lancheng,2
exotic,2
colony,2
wartime,2
poles,2
yun,2
books,2
routledge,2
free,2
realize,2
runaway,2
stance,2
persona,2
encounter,2
examples,2
restrictions,2
mothers,2
represented,2
opera,2
wen,2
transgressive,2
transmediated,2
delicate,2
shimin,2
looking,2
trends,2
wanzi,2
exploits,2
concern,2
expression,2
largely,2
morality,2
dances,2
bitter,2
nothing,2
frame,2
trip,2
previous,2
flirting,2
complicated,2
nevertheless,2
jinghong,2
mei,2
open,2
significance,2
jump,2
accessed,2
emphasizing,2
virtues,2
admirer,2
zhichun,2
period,2
pathetic,2
stages,2
lie,2
scripted,2
shortly,2
thomas,2
imagination,2
sojourn,2
cup,2
promote,2
qualities,2
study,2
liaisons,2
lei,2
tactics,2
sentiments,2
laughable,2
victim,2
figures,2
infidelity,2
professional,2
adaptive,2
jinsan,2
division,2
reluctant,2
translator,2
performing,2
stands,2
depth,2
deceptive,2
independent,2
redefine,2
gehring,2
chance,2
ideology,2
yueru,2
capricious,2
playing,2
primarily,2
translation,2
force,2
began,2
fang,2
outside,2
html,2
brokerage,2
yijiaqin,2
expectations,2
shooting,2
itself,2
face,2
association,2
seat,2
meant,2
sexes,2
thinking,2
associated,2
shuguang,2
norms,2
deep,2
simply,2
theme,2
known,2
kay,2
borrows,2
buliao,2
output,2
overseas,2
phillips,2
offers,2
couples,2
comparative,2
cousin,2
highly,2
berkeley,2
intellectual,2
partner,2
control,2
each,2
liner,2
qi,2
december,2
zhongnian,2
setting,2
capital,2
disillusionment,2
bu,2
epitomized,2
expense,2
propaganda,2
cui,2
reminiscent,2
ideological,2
qinjia,2
favor,2
sailor,2
humorous,2
caricature,2
zhu,2
cautions,2
born,2
exposing,2
transfers,2
circles,2
rose,2
meticulous,2
form,2
masquerades,2
want,2
trope,2
act,2
agrees,2
appropriated,2
abruptly,2
number,2
voice,2
anticipation,2
almost,2
agreed,2
screens,2
freedom,2
remember,2
transplanted,2
owner,2
org,2
son,2
dianmao,2
scott,2
hen,2
ma,2
chineseness,2
musician,2
owned,2
charisma,2
pathos,2
families,2
named,2
false,2
theatricality,2
promoted,2
ultimately,2
until,2
mayo,2
reveals,2
quest,2
charms,2
paradigm,2
numerous,2
national,2
vernacular,2
crisis,2
contributed,2
offer,2
move,2
humor,2
d,2
madcap,2
need,2
green,2
xiongping,2
meeting,2
integration,2
renders,2
approach,2
guoji,2
stray,2
comparison,2
restored,2
specific,2
charles,2
fenling,2
best,2
materialism,2
c,2
scholarship,2
point,2
individualistic,2
adheres,2
slang,2
fears,2
cong,2
token,2
much,2
conventions,2
strong,2
among,2
doing,2
mock,2
daughter,2
glances,1
resolve,1
ťs,1
ideologicallygrounded,1
intimately,1
playfully,1
hit,1
storylines,1
é,1
shanghainese,1
personify,1
gerald,1
handsome,1
изя,1
transvestitism,1
tourists,1
struggle,1
mocking,1
along,1
exhibiting,1
dies,1
oriented,1
edge,1
imagining,1
cenci,1
conflicting,1
car,1
protests,1
trick,1
furs,1
responds,1
screened,1
suo,1
sojourners,1
strives,1
scholar,1
fengqi,1
fled,1
unpleasant,1
represent,1
internationa,1
delve,1
xianggang,1
jane,1
drawing,1
qiwen,1
worthy,1
enters,1
e,1
liberating,1
swiftly,1
yinke,1
sphere,1
disregard,1
sympathetic,1
speakers,1
wo,1
bainian,1
likewise,1
reminding,1
enables,1
discover,1
interior,1
шзьшшш,1
hook,1
prize,1
comically,1
dispelled,1
lexicon,1
adjective,1
instructions,1
agency,1
fate,1
nostalgia,1
reassessment,1
prime,1
monogamous,1
satires,1
cherished,1
whimsical,1
true,1
forties,1
h,1
irritated,1
approaches,1
фшщшрийё,1
arrangement,1
holdings,1
easily,1
studies,1
enacts,1
sublime,1
environment,1
genius,1
nationalistic,1
hangzhou,1
foreshadows,1
contention,1
masks,1
doubts,1
cangsang,1
overlook,1
prejudice,1
leixingyu,1
columbia,1
шмя,1
committee,1
necessarily,1
split,1
pose,1
unlike,1
title,1
inserts,1
variants,1
cleavage,1
total,1
ambitious,1
question,1
paper,1
tells,1
petite,1
intermixture,1
impulsively,1
щщщщщ,1
eye,1
contest,1
source,1
stereotype,1
chief,1
strikes,1
glossary,1
facets,1
practices,1
permitted,1
craze,1
footing,1
chooses,1
hlsffiïs,1
predominantly,1
nicolai,1
rising,1
said,1
consistent,1
highlighted,1
concocted,1
cast,1
inaccessibility,1
explaining,1
siyu,1
stressed,1
clutches,1
undermine,1
failing,1
sources,1
didacticism,1
every,1
embraced,1
comdies,1
betrayal,1
ensnaring,1
faithfulness,1
shrewdly,1
sad,1
flavor,1
pretentions,1
ii,1
playgirl,1
attempts,1
chaos,1
restoration,1
culturally,1
feeling,1
hire,1
rapid,1
attempt,1
xing,1
íítíl,1
drag,1
vacillate,1
alienation,1
tolerated,1
weekend,1
ourselves,1
è,1
attire,1
tourist,1
official,1
jinyibu,1
seems,1
stock,1
bloomington,1
divorced,1
hatred,1
declares,1
historiography,1
reestablish,1
laughter,1
gary,1
resemblance,1
suicide,1
immense,1
sketchy,1
displacement,1
affinities,1
attractive,1
services,1
packed,1
explores,1
foretells,1
succeeds,1
warm,1
accompanied,1
display,1
simple,1
careers,1
confusion,1
throes,1
thank,1
accessible,1
cues,1
july,1
synthesis,1
sarcastically,1
rewrote,1
normative,1
speeds,1
inherent,1
government,1
incident,1
proves,1
service,1
closer,1
phantasmagoric,1
onto,1
brandon,1
niche,1
lasting,1
alarming,1
inadvertently,1
intimations,1
achieved,1
feature,1
conjugal,1
converts,1
endings,1
tempted,1
exiles,1
polygamous,1
petty,1
pursues,1
say,1
forgiving,1
influences,1
totaling,1
those,1
gifts,1
roster,1
letting,1
p,1
ambiguous,1
marries,1
committed,1
revise,1
declines,1
fakery,1
фнлмвшзшз,1
hostile,1
polarity,1
nuptials,1
curtis,1
mindset,1
worldwide,1
wenji,1
clichés,1
warning,1
tragedy,1
tttbffl,1
majority,1
producing,1
marketed,1
sound,1
titillating,1
acknowledged,1
allegorically,1
conversing,1
con,1
theorizing,1
teasing,1
fused,1
brief,1
broadway,1
epstein,1
зйщ,1
gimmickry,1
intermedia,1
clichéd,1
aspired,1
autonomous,1
stam,1
struggled,1
enchantment,1
advice,1
adapts,1
primary,1
sought,1
я,1
firm,1
draw,1
energetic,1
foxtrot,1
addresses,1
twist,1
representations,1
inhibit,1
laced,1
deal,1
intermediaries,1
struggling,1
jack,1
account,1
stigmatized,1
triangle,1
inner,1
deceptions,1
lends,1
adaptor,1
opened,1
wheel,1
felt,1
escapism,1
recommended,1
яшм,1
marked,1
compelling,1
innocuous,1
scathingly,1
condition,1
entrepreneurs,1
risen,1
ideal,1
characterize,1
keen,1
polygamy,1
lies,1
guan,1
entertainments,1
lodging,1
renowned,1
nicole,1
lures,1
inflated,1
insight,1
creditors,1
vital,1
crossed,1
decipher,1
transcend,1
mastery,1
artful,1
undertakes,1
treating,1
classics,1
cicerone,1
immoral,1
grandiose,1
politician,1
climax,1
radical,1
converses,1
dissipated,1
negotiation,1
constrained,1
promises,1
judgment,1
himself,1
loves,1
marginalized,1
forgoing,1
ffè,1
wm,1
liberated,1
тж,1
physiques,1
harmony,1
pursuing,1
signal,1
бв,1
embraces,1
succeed,1
meiguo,1
tribute,1
zixun,1
preoccupied,1
natives,1
million,1
jg,1
phase,1
disillusioned,1
xiangdongliu,1
ice,1
rã,1
halted,1
reflective,1
surely,1
angles,1
ffiibшш,1
immobile,1
loveless,1
sea,1
facts,1
aborted,1
ethical,1
reject,1
divorcing,1
countless,1
consumed,1
bent,1
past,1
backgrounds,1
converged,1
qingchartg,1
nanny,1
realized,1
exiled,1
stakes,1
sinatra,1
nazi,1
outwit,1
charming,1
animosity,1
interest,1
lectures,1
base,1
reflection,1
hall,1
steals,1
impersonate,1
honest,1
portray,1
predicament,1
taps,1
occurs,1
spot,1
compromised,1
watches,1
veneer,1
application,1
sil,1
hefei,1
clumsily,1
restore,1
aberdeen,1
convention,1
unfamiliar,1
align,1
assured,1
м,1
arena,1
ftili,1
kind,1
understates,1
exercise,1
finesse,1
playfulness,1
transitional,1
turn,1
viewing,1
maladies,1
sanzhong,1
hepburn,1
recommits,1
adam,1
pessimistic,1
precludes,1
fights,1
elements,1
unpredictability,1
pretensions,1
immigrants,1
deluded,1
mistakes,1
keep,1
person,1
xiuwei,1
fees,1
firmly,1
moralistic,1
breakup,1
woo,1
winking,1
spanned,1
scenery,1
defamed,1
dutifully,1
speed,1
rebellious,1
intricate,1
difficulty,1
undervalue,1
raengo,1
served,1
disturbs,1
glossing,1
quit,1
arranged,1
drives,1
frailty,1
weakening,1
compare,1
find,1
veil,1
irresistible,1
weight,1
вж,1
dares,1
iritis,1
multifaceted,1
kirk,1
memoir,1
performative,1
communication,1
шшшш,1
ísbuisísísé,1
journal,1
root,1
spite,1
constructs,1
practically,1
resolutions,1
fool,1
sgffe,1
apparently,1
chicago,1
mí,1
enchanting,1
lens,1
precise,1
sister,1
businessman,1
chris,1
inviting,1
jones,1
composite,1
generation,1
enrich,1
acted,1
sacrficed,1
subversion,1
incarnation,1
bipolar,1
word,1
quiet,1
evenly,1
modernized,1
celebrating,1
worldview,1
battles,1
perfect,1
тшш,1
ethnically,1
aim,1
drained,1
divorcee,1
katharine,1
civilization,1
opposed,1
êfê,1
rests,1
usia,1
avoids,1
wishes,1
visualand,1
understands,1
reflects,1
hopes,1
revivals,1
heroes,1
frustration,1
äähas,1
statements,1
së,1
wutai,1
l,1
virility,1
portrayed,1
troubled,1
across,1
happily,1
pretends,1
blames,1
comedienne,1
ironic,1
agonizing,1
forced,1
gown,1
auteurist,1
unit,1
appreciation,1
notices,1
lamentable,1
capture,1
yuanliu,1
luck,1
knew,1
milieus,1
unique,1
cult,1
parents,1
realizes,1
ahing,1
opportunity,1
dealt,1
pokes,1
shulman,1
deprived,1
bankruptcy,1
eight,1
loses,1
ponder,1
certain,1
dwarfed,1
ongoing,1
contributions,1
rhetoric,1
enabled,1
manipulative,1
inherit,1
mobilize,1
rules,1
impressed,1
cases,1
gratitude,1
impersonates,1
feel,1
productive,1
awareness,1
spurs,1
overlooked,1
factors,1
precious,1
malaise,1
perilous,1
pleasures,1
editing,1
exceptional,1
invested,1
travelogue,1
musicals,1
poolside,1
defies,1
perceptions,1
acquisition,1
win,1
nor,1
partnership,1
bad,1
honored,1
operates,1
notwithstanding,1
rib,1
marks,1
metropolis,1
ftïorafô,1
hongfan,1
counterparts,1
varying,1
maiden,1
bonn,1
dichotomy,1
alessandra,1
carve,1
triumphant,1
organization,1
pastime,1
encourages,1
toy,1
familiar,1
uprooted,1
шшшщ,1
organized,1
ms,1
berry,1
reinvigorating,1
wouldn,1
russell,1
artificial,1
section,1
consciousness,1
weather,1
ideologies,1
air,1
dominate,1
invariably,1
neck,1
displays,1
remaking,1
preoccupation,1
likened,1
portraitures,1
weak,1
argued,1
pragmatism,1
vitality,1
reviewed,1
exemplify,1
margin,1
xi,1
advancing,1
four,1
burgeoning,1
seamless,1
зш,1
juxtaposed,1
linguistics,1
commented,1
exploited,1
tried,1
max,1
resource,1
moviegoing,1
huaqiao,1
n,1
follow,1
readings,1
beyond,1
escape,1
traitors,1
linkage,1
devices,1
instantly,1
enamored,1
storytelling,1
believes,1
zhejiang,1
boundary,1
christmas,1
ïrjgfêïssii,1
restaurant,1
angrily,1
daxue,1
solve,1
plight,1
fifties,1
odd,1
prototype,1
dominant,1
famed,1
improvised,1
rekindled,1
àiífsíh,1
intricacies,1
locale,1
undermines,1
physicality,1
ineffectual,1
commanded,1
unromantic,1
epilogue,1
boisterous,1
thinks,1
carelessness,1
distancing,1
whereas,1
pantheon,1
jubin,1
benny,1
pretending,1
craziness,1
sarcastic,1
censorship,1
blissful,1
arrival,1
allow,1
inspirations,1
appearance,1
embittered,1
transient,1
rule,1
accommodated,1
entered,1
thof,1
reformulates,1
search,1
strength,1
joy,1
зиий,1
item,1
neon,1
ambitions,1
attack,1
adhered,1
renderings,1
resembles,1
debasing,1
generates,1
economics,1
demands,1
replica,1
trs,1
еш,1
curiosity,1
austin,1
gaixie,1
intermediary,1
agendas,1
barry,1
subtext,1
tragicomedy,1
worker,1
nurturing,1
endeavor,1
companion,1
helplessly,1
melancholy,1
vigorous,1
huddle,1
brill,1
constantly,1
sezè,1
flirtations,1
featured,1
videocd,1
brokers,1
superstar,1
symptoms,1
circulation,1
share,1
further,1
david,1
kinship,1
cinematically,1
fables,1
hunyin,1
birthday,1
equal,1
focused,1
buried,1
contrived,1
appeased,1
reaffirms,1
sentimental,1
circular,1
chaoqian,1
studying,1
brokering,1
mate,1
advertise,1
improvise,1
friendship,1
recently,1
venue,1
mistletoe,1
applied,1
шшш,1
qishi,1
isiíjíl,1
separates,1
acquaintance,1
rubber,1
safe,1
placed,1
tiji,1
mandarinand,1
mischievous,1
sport,1
tension,1
expedient,1
explored,1
approached,1
required,1
symbolizes,1
networks,1
wannian,1
frailties,1
creates,1
highest,1
oh,1
depictions,1
ü,1
possibility,1
masculinity,1
до,1
information,1
memory,1
briefly,1
öiü,1
improve,1
globally,1
shape,1
directly,1
keeping,1
participation,1
seeking,1
spheres,1
urbanités,1
future,1
spellbound,1
line,1
sfhžs,1
journals,1
decides,1
emancipated,1
idealistic,1
intense,1
playwright,1
looks,1
captivated,1
nuances,1
carries,1
nostalgically,1
framed,1
glitzy,1
admired,1
reader,1
r,1
sept,1
concept,1
empty,1
unless,1
alerts,1
reined,1
superb,1
uncover,1
purpose,1
denigrated,1
dwells,1
explains,1
threatens,1
xiaoli,1
seminal,1
confined,1
quickly,1
negative,1
indigenous,1
lays,1
crying,1
classy,1
penetrating,1
revealed,1
sly,1
elizabeth,1
surprise,1
tttt,1
repeating,1
hybridity,1
grants,1
peking,1
domestically,1
xu,1
truthfulness,1
partly,1
icon,1
calculating,1
aloe,1
moments,1
underscored,1
rendering,1
gimmick,1
scare,1
extravaganza,1
friend,1
bankrupt,1
yi,1
lanham,1
companies,1
feigned,1
call,1
translated,1
spends,1
occupied,1
focuses,1
preaches,1
employed,1
shelter,1
лшш,1
realms,1
participate,1
entails,1
keji,1
talented,1
forestall,1
resort,1
arrangements,1
won,1
interpreted,1
baby,1
maneuvers,1
shigu,1
fogged,1
contradictions,1
either,1
eccentric,1
exaggerates,1
regions,1
thrived,1
boston,1
quarterly,1
picture,1
lunacy,1
concentrates,1
denouement,1
wounded,1
waltzes,1
pingshuo,1
legacy,1
normally,1
viable,1
successful,1
щщшщщщ,1
fulfilled,1
field,1
anger,1
sentimentalem,1
shaping,1
preferred,1
involve,1
arrange,1
шше,1
politically,1
sings,1
innocent,1
poster,1
destiny,1
squarely,1
reaches,1
heart,1
emerging,1
bank,1
involved,1
veteran,1
wes,1
troubles,1
showed,1
calling,1
ban,1
oct,1
characteristics,1
novellas,1
shidai,1
ignore,1
driving,1
mediocre,1
refashion,1
isra,1
masking,1
assimilate,1
folk,1
transfer,1
competitive,1
brought,1
presence,1
wasting,1
unveiling,1
peak,1
moneyed,1
gene,1
choosing,1
decline,1
essentially,1
attached,1
interpretations,1
usual,1
boundaries,1
motherhood,1
íeâz,1
differing,1
redefinition,1
blessings,1
madly,1
dandy,1
cityscapes,1
fashions,1
dedicated,1
fully,1
managed,1
unbridled,1
woodstock,1
aggressively,1
passivity,1
resistance,1
describes,1
paid,1
tames,1
notice,1
extravaganzas,1
arrogant,1
startling,1
reflected,1
gifted,1
buyi,1
newly,1
extort,1
grateful,1
scarecrow,1
preliminary,1
displaced,1
frontal,1
wangran,1
hongda,1
invidious,1
sobbing,1
зщ,1
seemed,1
collaborated,1
awards,1
prescribed,1
barbara,1
subverts,1
jiejie,1
flourished,1
composes,1
therefore,1
luscious,1
laughed,1
imprint,1
noteworthy,1
шкяш,1
delineating,1
communist,1
deluxe,1
rey,1
authorization,1
equality,1
glittering,1
joyous,1
matter,1
collaborating,1
absence,1
bringing,1
requirement,1
letters,1
freelance,1
psychically,1
interference,1
populations,1
eluded,1
farce,1
foibles,1
tedious,1
separation,1
focal,1
landmark,1
arouses,1
prompt,1
fantastical,1
gathering,1
techniques,1
suitor,1
selfish,1
crossings,1
successes,1
manipulate,1
dressed,1
horrors,1
unconscious,1
argues,1
classic,1
eminent,1
forward,1
nearly,1
oversight,1
exception,1
flair,1
sitting,1
gift,1
prism,1
community,1
boss,1
reaffirm,1
courted,1
confesses,1
necessary,1
mystifying,1
intervention,1
coquettish,1
expanded,1
domination,1
comments,1
translates,1
yingju,1
fairy,1
retelling,1
unprecedented,1
petit,1
movement,1
adjusting,1
modes,1
legend,1
introductory,1
eighty,1
renew,1
seemingly,1
westernstyle,1
ask,1
reception,1
qualms,1
licentious,1
authoritarian,1
zany,1
kills,1
mediator,1
single,1
impulses,1
expansions,1
patches,1
witty,1
betrays,1
glossy,1
recedes,1
sympathies,1
mao,1
interpretation,1
violence,1
fair,1
precondition,1
meanwhile,1
йжй,1
commending,1
opportunities,1
zhonghe,1
security,1
nianqian,1
devotion,1
cowardly,1
dreams,1
happened,1
suspicious,1
щшш,1
sounds,1
borrowed,1
seeing,1
technology,1
freewheeling,1
reversed,1
disrupts,1
challenged,1
fervent,1
amidst,1
drunkenness,1
recruited,1
beams,1
hands,1
marshall,1
duomeiti,1
earned,1
sociological,1
planned,1
conveying,1
positively,1
hazy,1
upside,1
щщ,1
clownish,1
riddles,1
choices,1
lacked,1
chineselanguage,1
popularized,1
performers,1
flight,1
acknowledging,1
clad,1
reconceptualizing,1
psyche,1
щл,1
hunger,1
couch,1
translingual,1
quotations,1
mak,1
lingering,1
contemptuous,1
zitong,1
rise,1
predisposition,1
exploit,1
watching,1
perceptively,1
subsidize,1
published,1
tropes,1
tech,1
cream,1
fix,1
zazhi,1
sam,1
lavish,1
deng,1
tries,1
alluringly,1
members,1
resolution,1
mediates,1
critiques,1
name,1
liu,1
idle,1
shots,1
ventiona,1
omission,1
lubbock,1
singsong,1
hoax,1
inflected,1
upset,1
enchant,1
popularity,1
factory,1
journey,1
mentions,1
pick,1
spend,1
restaurants,1
available,1
aycock,1
rejects,1
lamp,1
safety,1
decorative,1
jinquan,1
water,1
mimic,1
sardonic,1
smith,1
missing,1
barber,1
generational,1
delves,1
communal,1
šíiéíé,1
chicanery,1
nationhood,1
naive,1
longer,1
phantom,1
lack,1
sarcasm,1
holiday,1
intermedial,1
minority,1
consideration,1
fundamental,1
beguiling,1
rituals,1
relates,1
zai,1
belong,1
minnesota,1
overhead,1
copied,1
plan,1
nov,1
afraid,1
intended,1
giddiness,1
nian,1
novelistic,1
lavishness,1
upward,1
layer,1
endowing,1
defamation,1
parting,1
really,1
break,1
associates,1
hear,1
personal,1
volland,1
minneapolis,1
excitement,1
fetishized,1
blonde,1
mold,1
outgoing,1
arguably,1
seldom,1
cinderella,1
favorite,1
observes,1
hill,1
singapore,1
sfigfê,1
disjunction,1
took,1
talkies,1
гт,1
evoke,1
tales,1
ironically,1
ridicules,1
covered,1
model,1
innovative,1
sensitively,1
landscape,1
reckoned,1
reassertion,1
affiliate,1
superficialities,1
establish,1
income,1
compromising,1
sensual,1
jobs,1
щш,1
achieving,1
confrontation,1
sinocentric,1
deceitfulness,1
manipulator,1
duties,1
practice,1
shibao,1
focusing,1
perceives,1
showing,1
кт,1
native,1
belief,1
spectatorship,1
romanticlooking,1
central,1
dumb,1
compelled,1
impoverished,1
ink,1
grave,1
reconciled,1
brutally,1
wryly,1
vamp,1
heed,1
civilized,1
fight,1
spying,1
imagine,1
discourses,1
demonstrated,1
dovetailed,1
matrix,1
commercialized,1
credit,1
crown,1
mean,1
ingenious,1
respectively,1
aptly,1
kathleen,1
sanmin,1
institute,1
registers,1
survive,1
lost,1
issí,1
worth,1
transporting,1
ethnicity,1
failings,1
doomed,1
sacrifices,1
hundred,1
helps,1
illuminate,1
seafood,1
hilarious,1
trajectory,1
formal,1
dupe,1
narrowly,1
affinity,1
fictional,1
bao,1
enhanced,1
onslaught,1
transplantation,1
dazzling,1
distinctive,1
elite,1
shandong,1
xianying,1
complexities,1
sojourns,1
expand,1
idealize,1
seashore,1
societal,1
facades,1
denies,1
characteristically,1
alien,1
unfortunately,1
revealing,1
яжткйшзи,1
confrontational,1
wonderful,1
prospective,1
doubt,1
allowed,1
aesthetics,1
resonances,1
misery,1
collaborative,1
revelations,1
spiced,1
aside,1
harvard,1
admonishment,1
hearsay,1
questions,1
ethnic,1
condemnations,1
throws,1
lifestyle,1
engaged,1
swing,1
continue,1
stay,1
aesthetic,1
full,1
partisan,1
imagery,1
office,1
crook,1
evolving,1
rev,1
nobel,1
dismissed,1
straddle,1
epic,1
rouge,1
preface,1
underwent,1
described,1
grant,1
laughing,1
wenzhang,1
negotiating,1
low,1
prestige,1
explorations,1
worry,1
meanings,1
clear,1
corrupted,1
truths,1
formulaic,1
transformation,1
directed,1
sanlian,1
stress,1
discussed,1
idiosyncratic,1
publication,1
express,1
language,1
anhui,1
health,1
duizhao,1
victory,1
essay,1
formulas,1
spawned,1
co,1
admission,1
august,1
gestures,1
titillate,1
christopher,1
starring,1
collaboration,1
inventing,1
ййшфш,1
rhythmic,1
deeply,1
strange,1
remark,1
winner,1
mask,1
serves,1
distinction,1
bashi,1
revolves,1
configurations,1
anyone,1
яёйх,1
illicit,1
authentication,1
unfaithful,1
commentaries,1
lose,1
latter,1
morals,1
quick,1
why,1
promotion,1
gets,1
exoticism,1
favored,1
migrants,1
especially,1
facing,1
probe,1
problems,1
naïveté,1
enthralling,1
flame,1
rightwing,1
satisfy,1
nicely,1
envision,1
dollars,1
sensuality,1
zengbu,1
pandering,1
relation,1
loveť,1
sight,1
large,1
suffers,1
tree,1
topics,1
blackwell,1
examine,1
awful,1
fake,1
shied,1
masculine,1
hierarchical,1
enjoyed,1
keith,1
structure,1
james,1
leisured,1
woes,1
kristine,1
femininity,1
probably,1
capitalism,1
costume,1
feigns,1
translate,1
advertisement,1
slightly,1
marketization,1
tina,1
overwrought,1
northern,1
attracted,1
slipping,1
trendy,1
authorship,1
save,1
y,1
tendency,1
destruction,1
celebrity,1
beam,1
positioning,1
wendell,1
ambience,1
stick,1
develop,1
embodied,1
rays,1
subjugated,1
yangge,1
urbanité,1
sole,1
illusoriness,1
shuobujin,1
awaiting,1
widely,1
incarnate,1
offspring,1
с,1
mobilizes,1
wildly,1
bickering,1
deviated,1
dangdai,1
zhongjian,1
hindered,1
incongruous,1
scheming,1
unstable,1
fifty,1
hiding,1
aspirations,1
bubai,1
negotiations,1
beset,1
illusory,1
adversarial,1
pay,1
leveled,1
singer,1
chances,1
today,1
courting,1
publishing,1
note,1
perspectives,1
façade,1
recall,1
movements,1
sometimes,1
addressing,1
usually,1
linda,1
fleeting,1
blatantly,1
predilection,1
affectionately,1
observe,1
denton,1
fraudulence,1
erstwhile,1
sunny,1
bound,1
prose,1
consummate,1
pieces,1
exteriority,1
repartee,1
tony,1
begin,1
chuantong,1
bare,1
dec,1
chuanqi,1
institutions,1
ping,1
extent,1
lantern,1
antagonism,1
dimensions,1
sensitive,1
directing,1
transformed,1
detailed,1
festival,1
worse,1
render,1
effectively,1
designs,1
understand,1
markers,1
threaten,1
denotes,1
contribution,1
diaspora,1
repressed,1
sequences,1
recognize,1
sheer,1
anxious,1
indicate,1
delicacy,1
covering,1
walks,1
suppression,1
traveled,1
villainous,1
nuance,1
gaibian,1
borrowings,1
wan,1
michael,1
inferior,1
inherits,1
spark,1
endure,1
composed,1
delineates,1
transcending,1
rehabilitations,1
beauties,1
humiliation,1
get,1
golddigger,1
tapping,1
starred,1
wants,1
mirror,1
figured,1
colloquial,1
grounded,1
rationalize,1
hides,1
earliest,1
anxieties,1
leixing,1
montage,1
detail,1
explicit,1
freeze,1
questioning,1
sections,1
flawed,1
proof,1
dodge,1
neglected,1
seriously,1
bss,1
rarely,1
reproducing,1
mmzm,1
undervalues,1
mainly,1
gangster,1
historian,1
aspiring,1
material,1
growing,1
affluent,1
rea,1
fêfius,1
ornate,1
fudan,1
derails,1
flirt,1
jinan,1
mentioned,1
hang,1
unlikely,1
nervous,1
talking,1
ve,1
existence,1
kuayue,1
demonstrate,1
instructed,1
devout,1
locality,1
recreates,1
ever,1
invoked,1
committees,1
symbolic,1
elicited,1
scrutiny,1
quarrels,1
falsehood,1
observation,1
rival,1
regime,1
ltd,1
trapped,1
dato,1
comedian,1
spots,1
mixes,1
plea,1
md,1
glimpse,1
text,1
wicked,1
accomplished,1
triggers,1
weaves,1
kuawenben,1
routinely,1
groom,1
transplanting,1
defining,1
locate,1
dimension,1
ran,1
lun,1
evokes,1
multinational,1
banished,1
hyperbolic,1
dominated,1
blockbusters,1
extant,1
tendencies,1
scares,1
sure,1
country,1
nuobei,1
finance,1
languages,1
perceptive,1
havoc,1
cultures,1
reversal,1
regrets,1
suggestions,1
novel,1
confident,1
portraying,1
remarrying,1
nets,1
celebratory,1
desolate,1
prototypical,1
unknown,1
lunshu,1
concealing,1
equivocal,1
prominence,1
wreak,1
шьшяш,1
teases,1
assumes,1
printed,1
sensational,1
guild,1
scenario,1
returns,1
report,1
speech,1
feed,1
rivalry,1
dramatic,1
constructing,1
sofa,1
particularly,1
er,1
mcgraw,1
loyola,1
job,1
chuang,1
stopover,1
contradictory,1
urbane,1
countering,1
privileged,1
very,1
attractions,1
mmw,1
uphold,1
anguished,1
precarious,1
resign,1
reconceptualize,1
cities,1
domesticated,1
dominates,1
stamped,1
driven,1
prospects,1
u,1
ethos,1
entrepreneur,1
type,1
merely,1
table,1
function,1
concrete,1
nü,1
ticket,1
following,1
dismissing,1
highlights,1
overhears,1
scholarly,1
realities,1
sincerity,1
flashlight,1
steal,1
cruise,1
enjoyment,1
recollections,1
fuller,1
economy,1
appropriate,1
notable,1
carefully,1
combined,1
deriding,1
spatial,1
whether,1
means,1
reputations,1
elevenyear,1
degree,1
ridiculousness,1
parodies,1
particular,1
tamkang,1
imposed,1
nearby,1
excursions,1
thirty,1
rags,1
add,1
adopted,1
maintain,1
suspicions,1
conclusion,1
eroticism,1
statement,1
fondness,1
launches,1
shanxi,1
writes,1
zoom,1
problem,1
catered,1
yanyi,1
avid,1
fascination,1
appetite,1
periphery,1
charting,1
engagements,1
vehicle,1
healthy,1
pursued,1
dark,1
hypothesize,1
revises,1
rewrite,1
yield,1
orientations,1
proposing,1
influenced,1
girls,1
emblematic,1
observations,1
courtships,1
finale,1
perceptibly,1
unrelenting,1
stardom,1
nii,1
cheerfully,1
travel,1
fourteen,1
finished,1
keyword,1
spaces,1
victimhood,1
radically,1
dialogues,1
naked,1
intention,1
presented,1
trivial,1
conspiratorial,1
malicious,1
watched,1
met,1
introduced,1
befriended,1
joining,1
content,1
prevalent,1
impressing,1
duty,1
beloved,1
publishers,1
jumps,1
tantalizes,1
melded,1
manifold,1
transition,1
juzuo,1
respectable,1
administration,1
agents,1
dismal,1
went,1
deviate,1
appraised,1
southerners,1
target,1
alain,1
focus,1
ost,1
indebted,1
clothing,1
overwhelmed,1
socializing,1
rebels,1
challenges,1
gloss,1
using,1
dock,1
allows,1
moralizing,1
pretend,1
accorded,1
northerners,1
neglect,1
frivolous,1
varied,1
jan,1
remarks,1
luxurious,1
olsin,1
hua,1
indiana,1
comparable,1
disadvantages,1
smack,1
refugees,1
confuse,1
spirited,1
acerbically,1
synopsis,1
locations,1
unable,1
electronic,1
пш,1
julius,1
cambridge,1
patriarchy,1
average,1
arms,1
disarray,1
copies,1
investigae,1
web,1
seduces,1
magnate,1
guest,1
write,1
emotive,1
seduce,1
bibliography,1
accept,1
trauma,1
aware,1
motives,1
dallying,1
wears,1
course,1
actively,1
detached,1
lively,1
include,1
schoenecke,1
touches,1
lured,1
fierce,1
të,1
flçs,1
opinions,1
product,1
штш,1
notions,1
stubs,1
yacht,1
thoughtful,1
regular,1
ï,1
centrality,1
piece,1
alludes,1
harbored,1
disrupt,1
photograph,1
leiden,1
hinder,1
terribly,1
evermore,1
embodies,1
extremely,1
shift,1
speak,1
brunovska,1
folly,1
ranged,1
glorified,1
worried,1
anonymous,1
portrait,1
needs,1
intriguing,1
morally,1
fonda,1
treats,1
decent,1
potential,1
clashes,1
boyish,1
pioneering,1
taking,1
requires,1
ziji,1
colorful,1
stylish,1
southern,1
themselves,1
rejection,1
hotel,1
wanderings,1
bouvier,1
vary,1
obliquely,1
stanwyck,1
irrelevant,1
supporter,1
dictated,1
deemphasis,1
chung,1
views,1
huabao,1
entire,1
little,1
indigenize,1
lity,1
divergent,1
appropriations,1
collaborationist,1
íb,1
fabricated,1
immediately,1
matriarchal,1
ends,1
taylor,1
digest,1
recent,1
nation,1
resist,1
dramatists,1
piette,1
fictions,1
broader,1
alternative,1
conversations,1
ca,1
jealous,1
strategy,1
mistaken,1
close,1
onboard,1
confrontations,1
heterogeneous,1
otto,1
row,1
continuously,1
destabilizes,1
hypothesis,1
