WORDCOUNTS,WEIGHT
the,118
and,107
of,97
to,78
a,65
is,48
in,47
that,46
s,43
her,36
it,34
poetry,34
i,32
she,30
paglia,28
with,24
this,24
are,20
as,17
we,16
poets,15
but,15
by,15
poems,15
like,15
on,15
be,15
all,14
our,14
how,13
one,13
poem,13
not,12
for,12
time,12
who,12
they,11
their,11
or,11
more,11
have,11
an,11
so,11
at,10
us,10
contemporary,10
them,10
can,10
me,9
my,9
up,9
what,8
if,7
about,7
was,7
most,7
t,7
could,7
its,7
which,7
good,7
would,7
poet,7
than,7
make,6
had,6
book,6
reading,6
has,6
own,6
never,6
even,6
world,6
am,6
does,5
no,5
his,5
just,5
out,5
readers,5
some,5
accessible,5
wish,5
pages,5
sylvia,4
plath,4
life,4
criticism,4
god,4
into,4
culture,4
from,4
people,4
why,4
over,4
many,4
wordsworth,4
room,4
very,4
there,4
do,4
robert,4
something,4
making,4
perhaps,4
motion,4
work,4
new,4
say,4
come,4
camille,4
critics,3
now,3
he,3
whose,3
society,3
been,3
you,3
much,3
feel,3
hope,3
classicist,3
thought,3
shelley,3
impact,3
too,3
show,3
way,3
love,3
every,3
also,3
technique,3
important,3
believe,3
best,3
frost,3
break,3
end,3
camera,3
mcdowell,3
man,3
better,3
mind,3
may,3
let,3
power,3
form,3
less,3
wants,3
right,3
well,3
example,3
use,3
bloom,3
hudson,3
think,3
were,3
personal,3
review,3
years,3
course,3
sentence,3
few,3
always,3
because,3
describes,3
baseball,3
sedaris,2
enough,2
things,2
alive,2
rebel,2
commentator,2
bold,2
will,2
commentary,2
generous,2
wonder,2
lines,2
order,2
female,2
funny,2
independence,2
introduction,2
told,2
american,2
discover,2
memorable,2
analysis,2
donne,2
dead,2
wide,2
fair,2
get,2
face,2
read,2
personally,2
school,2
presents,2
burn,2
any,2
literate,2
feels,2
days,2
entertaining,2
weak,2
changing,2
cubicle,2
age,2
cheerful,2
experience,2
being,2
williams,2
first,2
only,2
readings,2
picture,2
writing,2
reach,2
text,2
yes,2
inventive,2
m,2
know,2
might,2
dare,2
shares,2
down,2
vision,2
diverse,2
tells,2
john,2
themselves,2
composition,2
written,2
historical,2
away,2
great,2
beginning,2
blow,2
where,2
lead,2
milton,2
see,2
want,2
takes,2
house,2
woman,2
resembles,2
taught,2
find,2
another,2
really,2
shakespeare,2
thousands,2
don,2
hundreds,2
literature,2
art,2
heart,2
clear,2
reader,2
four,2
point,2
knowledge,2
along,2
audience,2
harold,2
meet,2
relevance,2
statistics,2
kessler,2
write,2
relationships,2
severe,2
blank,2
havrilesky,2
someone,2
ago,2
him,2
high,2
learning,2
television,2
off,2
after,2
prose,2
speak,2
small,2
mitchell,2
state,2
potential,2
sonnet,2
wishing,2
telling,2
d,2
when,2
woodstock,2
student,2
pays,2
re,2
focus,2
these,2
general,2
prizes,2
attention,2
isn,2
cites,2
gifted,2
badminton,2
addiction,1
teeming,1
frequent,1
european,1
intimately,1
eternal,1
syncopated,1
talks,1
take,1
hamlet,1
opposed,1
press,1
saturation,1
sentiment,1
second,1
banality,1
wishes,1
done,1
raison,1
pejorative,1
peers,1
rapture,1
today,1
genuinely,1
composed,1
influential,1
without,1
wisdom,1
higher,1
lot,1
bringing,1
act,1
seventeen,1
true,1
cleaves,1
sometimes,1
bring,1
meaning,1
growth,1
biz,1
rgan,1
hallucination,1
roethke,1
absent,1
wrote,1
c,1
plays,1
created,1
daddy,1
bard,1
springsteen,1
program,1
deepen,1
ecause,1
intricate,1
agonizing,1
baldness,1
represent,1
explain,1
critical,1
coy,1
everyone,1
landscape,1
cinema,1
yearn,1
riffs,1
commit,1
bare,1
euphoria,1
coleman,1
nearly,1
male,1
intriguing,1
romantics,1
slow,1
difficult,1
flair,1
means,1
visionary,1
lost,1
execution,1
concluding,1
pop,1
combine,1
vocation,1
considerably,1
emily,1
phrases,1
civility,1
probability,1
arbiters,1
domination,1
blackburn,1
lives,1
comments,1
experiences,1
passing,1
trash,1
conversion,1
importance,1
receptivity,1
talk,1
group,1
publications,1
center,1
nicks,1
artist,1
recently,1
seemingly,1
volumes,1
class,1
crass,1
inspired,1
often,1
walt,1
responsible,1
fate,1
brassy,1
mankind,1
identify,1
superb,1
lay,1
rules,1
movie,1
jesus,1
songs,1
perloff,1
likely,1
space,1
supplements,1
education,1
english,1
gathering,1
yet,1
ozymandias,1
cold,1
soul,1
onceover,1
understand,1
sonnets,1
worlds,1
unusual,1
soap,1
perceptions,1
devotion,1
win,1
heather,1
singleness,1
modern,1
lucinda,1
bad,1
mission,1
honored,1
sounds,1
dodge,1
under,1
dens,1
greater,1
inspiration,1
consider,1
winning,1
serena,1
b,1
singer,1
entertain,1
comparisons,1
pastime,1
hasten,1
pantheon,1
enticing,1
seems,1
immediate,1
history,1
share,1
title,1
boundless,1
included,1
then,1
aversion,1
thinking,1
biographical,1
dickinson,1
midnight,1
fruitful,1
curiosity,1
marjorie,1
same,1
refine,1
thematic,1
po,1
bruce,1
pithy,1
declares,1
ed,1
conclusion,1
instrument,1
dexterity,1
grand,1
loathed,1
menu,1
doesn,1
insights,1
ringing,1
interpreter,1
spelunking,1
two,1
earnestly,1
begins,1
acclaimed,1
ever,1
learns,1
mazy,1
continues,1
anything,1
layout,1
spectral,1
surface,1
stones,1
wondering,1
thousand,1
jettison,1
predates,1
physical,1
ll,1
volume,1
please,1
wrong,1
comedian,1
long,1
dire,1
beatles,1
gaze,1
name,1
classroom,1
listeners,1
here,1
seers,1
odd,1
other,1
courageous,1
relishing,1
hit,1
care,1
helped,1
consideration,1
propagandist,1
forty,1
gesturing,1
strategy,1
feeling,1
again,1
others,1
counsel,1
spend,1
death,1
compliment,1
conflict,1
approaching,1
revealing,1
cable,1
restive,1
ask,1
asserts,1
clements,1
celebrates,1
readily,1
commercials,1
generously,1
prolong,1
enchanted,1
nature,1
predicting,1
worries,1
quarrels,1
limited,1
horror,1
words,1
gary,1
worth,1
engaged,1
loom,1
fact,1
based,1
company,1
longer,1
eloquence,1
lack,1
misses,1
connection,1
pursuits,1
memory,1
andrew,1
sexy,1
seem,1
rolling,1
king,1
certainty,1
head,1
celebratory,1
did,1
apprenticing,1
confides,1
jarrell,1
critic,1
daily,1
printed,1
desire,1
demonstrating,1
superfluous,1
search,1
agree,1
etre,1
carpe,1
current,1
leda,1
returns,1
speech,1
gives,1
memorizing,1
emotion,1
ambiguity,1
insular,1
spillane,1
myself,1
follows,1
reams,1
infectious,1
co,1
shared,1
hauntingly,1
requirement,1
venus,1
decrying,1
guessed,1
oh,1
amid,1
everything,1
notoriety,1
arthur,1
artistic,1
applauded,1
collecting,1
acclaim,1
forlorn,1
manifesto,1
help,1
past,1
rephrased,1
habit,1
skater,1
simple,1
works,1
living,1
assessment,1
diem,1
trashing,1
eminence,1
rhythms,1
men,1
places,1
academic,1
alarmed,1
conspicuously,1
considered,1
usual,1
stand,1
clarity,1
influences,1
tv,1
present,1
pointing,1
born,1
trying,1
though,1
cultural,1
equal,1
shake,1
theodore,1
intelligence,1
condemning,1
timely,1
leonard,1
butterfly,1
unique,1
context,1
whether,1
relevant,1
hunch,1
majority,1
terms,1
professors,1
holistic,1
handful,1
list,1
system,1
cloying,1
tell,1
sound,1
obediently,1
mistress,1
friendly,1
delights,1
quote,1
material,1
crystal,1
outside,1
add,1
deep,1
hell,1
volatile,1
charged,1
pantomime,1
rocker,1
unforgettable,1
theory,1
stylish,1
ignoring,1
wind,1
scattered,1
kmo,1
key,1
loved,1
ingeniously,1
style,1
method,1
dylan,1
listen,1
advice,1
glistenings,1
hopkins,1
while,1
scene,1
free,1
cleared,1
entice,1
saying,1
sexual,1
hirsch,1
stevie,1
vitality,1
toughness,1
degree,1
feminine,1
shape,1
apprenticeship,1
outlandish,1
satisfying,1
delicious,1
stars,1
wanda,1
having,1
almost,1
wonders,1
infuriate,1
psychology,1
finale,1
excerpt,1
possible,1
e,1
determined,1
hosting,1
politics,1
compelling,1
greatest,1
gaudy,1
data,1
salon,1
ode,1
aren,1
network,1
chops,1
sensory,1
shame,1
intimate,1
popular,1
success,1
bob,1
both,1
wandering,1
fake,1
made,1
metaphysical,1
discovery,1
completed,1
eleven,1
universities,1
range,1
writers,1
bear,1
statue,1
parnassus,1
future,1
desert,1
ruefully,1
recognition,1
occupants,1
reflecting,1
through,1
nea,1
far,1
enhanced,1
altogether,1
ball,1
resources,1
showering,1
conception,1
flaring,1
mickey,1
prolific,1
courses,1
trends,1
still,1
pat,1
pulls,1
compares,1
recover,1
beloved,1
african,1
waning,1
medium,1
thoughts,1
dining,1
brutal,1
techniques,1
top,1
intended,1
impose,1
step,1
explication,1
got,1
atjourney,1
religion,1
com,1
cronkite,1
vast,1
gave,1
screen,1
consistently,1
immaterial,1
millet,1
paganism,1
found,1
refers,1
behavior,1
discussion,1
aggression,1
compassion,1
stunt,1
truncated,1
aside,1
marvell,1
tome,1
repeatedly,1
vendler,1
coming,1
attentiveness,1
pan,1
textbook,1
veins,1
especially,1
nothing,1
merit,1
mentor,1
proceeds,1
buying,1
northeast,1
fun,1
enthusiasm,1
laments,1
achieving,1
impresario,1
influx,1
yeats,1
described,1
characters,1
showing,1
talented,1
defends,1
pictures,1
workaday,1
legs,1
touch,1
won,1
artifact,1
such,1
friendships,1
development,1
sensibly,1
enhances,1
open,1
justifiably,1
slaps,1
chill,1
average,1
challenging,1
since,1
thrill,1
declaration,1
snyder,1
three,1
passion,1
cocktail,1
else,1
seriously,1
backhanded,1
approach,1
helen,1
storied,1
magic,1
national,1
packed,1
jazz,1
language,1
movies,1
finally,1
accounted,1
health,1
charming,1
lore,1
maintenance,1
formulas,1
paul,1
tough,1
regarded,1
creating,1
familiar,1
moment,1
individual,1
least,1
david,1
include,1
kinder,1
totemic,1
ri,1
immersion,1
suffers,1
associative,1
chummy,1
hard,1
epiphany,1
dissolves,1
need,1
honestly,1
rewarded,1
secretly,1
irrefutable,1
occasionally,1
selects,1
media,1
paychecks,1
stage,1
randall,1
rabbis,1
century,1
hipster,1
immediacy,1
attributes,1
possibly,1
next,1
joni,1
twentieth,1
saintly,1
operas,1
playing,1
exhausted,1
minority,1
transforming,1
accurate,1
spirits,1
thing,1
explicating,1
last,1
phrase,1
aiming,1
fred,1
presenting,1
claim,1
canon,1
night,1
comedies,1
elements,1
viewers,1
superintendent,1
around,1
swan,1
instruction,1
mentors,1
evident,1
calling,1
concerns,1
writes,1
caring,1
needs,1
restored,1
devotees,1
feminist,1
treats,1
consensus,1
imagines,1
wondered,1
back,1
news,1
besides,1
highly,1
sinners,1
dwarfs,1
body,1
ear,1
qualities,1
between,1
response,1
painting,1
depression,1
bewitching,1
beautifully,1
disaster,1
patter,1
glimpse,1
inclusion,1
dramatic,1
christmas,1
become,1
radio,1
sharpen,1
exercise,1
unapologetic,1
quibble,1
legions,1
latest,1
cohen,1
exactly,1
third,1
clock,1
explications,1
taxidermy,1
facts,1
walter,1
alliances,1
chatter,1
crazy,1
enjoyed,1
teem,1
early,1
akin,1
clears,1
drawn,1
practice,1
entire,1
given,1
reassess,1
those,1
equivalent,1
look,1
buy,1
critique,1
details,1
strong,1
apparently,1
screwball,1
roots,1
deeply,1
north,1
destruction,1
celebrity,1
mimics,1
beauty,1
famous,1
sister,1
concise,1
appropriate,1
precede,1
should,1
ghost,1
upkeep,1
skill,1
corridor,1
quiet,1
close,1
bigger,1
once,1
madly,1
activities,1
perception,1
reflect,1
seemed,1
looking,1
celebrating,1
quibbler,1
shocked,1
