WORDCOUNTS,WEIGHT
the,218
of,164
and,118
in,76
women,70
to,61
a,48
black,47
s,38
by,26
her,24
is,23
from,21
for,21
as,20
jones,18
with,17
history,16
she,15
their,15
this,15
or,14
that,14
giddings,14
an,13
on,13
which,12
family,12
these,11
work,11
at,11
it,10
each,10
labor,10
sterling,10
letters,9
they,9
white,9
was,9
men,9
century,9
equality,8
are,8
other,8
both,8
our,8
were,8
years,8
we,8
rights,7
community,7
civil,7
douglass,7
book,7
historical,7
jacqueline,7
within,7
while,7
its,7
have,7
when,7
movements,6
who,6
life,6
many,6
slave,6
very,6
struggle,6
afroamerican,6
own,6
national,6
between,6
south,5
nineteenth,5
but,5
most,5
love,5
p,5
time,5
there,5
political,5
racial,5
sexual,5
urban,5
race,5
science,4
slavery,4
been,4
reconstruction,4
about,4
not,4
lives,4
pp,4
us,4
into,4
colored,4
only,4
nacw,4
woman,4
children,4
new,4
personal,4
i,4
where,4
what,4
war,4
dorothy,4
has,4
public,4
free,4
some,4
private,4
understanding,4
resistance,4
paula,4
struggles,4
period,4
core,4
informed,4
society,4
liberation,3
york,3
essential,3
way,3
enter,3
detailed,3
bias,3
sarah,3
b,3
american,3
class,3
study,3
itself,3
modern,3
collection,3
historian,3
mary,3
w,3
first,3
always,3
more,3
forty,3
all,3
had,3
wpa,3
so,3
out,3
almost,3
present,3
activist,3
see,3
gives,3
such,3
voice,3
status,3
discussion,3
upon,3
knowledge,3
sorrow,3
documentary,3
chapters,3
suffrage,3
ida,3
works,3
autonomy,3
back,3
ann,3
progress,3
also,3
much,3
born,3
late,2
educator,2
parks,2
informs,2
me,2
dual,2
bureau,2
testimony,2
commentary,2
strike,2
impressive,2
service,2
how,2
affected,2
fuse,2
male,2
primarily,2
represented,2
julia,2
purpose,2
large,2
southern,2
one,2
analysis,2
united,2
education,2
mrs,2
makes,2
devotion,2
interpretive,2
sex,2
female,2
former,2
cliff,2
university,2
talk,2
then,2
before,2
consciousness,2
migration,2
without,2
two,2
montgomery,2
williams,2
ignite,2
defeat,2
davis,2
oral,2
majority,2
offers,2
heritage,2
important,2
secondary,2
sampling,2
others,2
daughters,2
view,2
over,2
addition,2
be,2
nature,2
analytical,2
moving,2
organized,2
affirmed,2
histories,2
previously,2
daily,2
great,2
teachers,2
lived,2
reveal,2
mississippi,2
burned,2
rural,2
forms,2
murray,2
precisely,2
beginning,2
suffering,2
mother,2
context,2
them,2
form,2
council,2
issue,2
however,2
lynching,2
your,2
narrative,2
books,2
historians,2
task,2
chapter,2
america,2
memory,2
because,2
well,2
information,2
published,2
anna,2
politics,2
journals,2
vast,2
middle,2
abolitionist,2
conference,2
activism,2
slaves,2
apart,2
rosa,2
example,2
role,2
identity,2
forged,2
dignity,2
whole,2
realm,2
describes,2
contains,2
diaries,2
records,2
people,2
story,2
includes,2
front,2
negro,2
reveals,2
countless,2
against,2
washington,2
workers,2
cooper,2
mothers,2
would,2
field,2
useful,2
broader,2
suggest,2
states,2
barrier,2
bus,2
tobacco,2
turn,2
association,2
least,2
institutionalized,2
never,2
small,2
especially,2
highly,2
extraordinary,2
can,2
fannie,2
oppression,2
extent,2
even,2
kin,2
focus,2
wells,2
relative,2
value,2
professional,2
general,2
provided,2
sisters,2
quiet,2
sources,2
womanist,1
promised,1
setbacks,1
may,1
themes,1
carried,1
will,1
depth,1
critical,1
enough,1
conferences,1
archives,1
schools,1
womanhood,1
led,1
relationship,1
underground,1
done,1
provisioning,1
circle,1
whose,1
along,1
personally,1
lerner,1
frederick,1
today,1
attorneys,1
plotted,1
learning,1
oriented,1
sabotaged,1
no,1
fifteenth,1
materials,1
taken,1
continued,1
declared,1
housewives,1
bulk,1
crucial,1
meaning,1
economic,1
federal,1
encompassed,1
erased,1
across,1
generations,1
developed,1
ideology,1
labors,1
providing,1
resisted,1
alliance,1
grimké,1
fear,1
sncc,1
separated,1
agonizing,1
truth,1
limited,1
employment,1
basic,1
admirable,1
trunks,1
particularity,1
personnel,1
arduous,1
stewart,1
introductions,1
forward,1
laundries,1
struggled,1
herself,1
novelist,1
process,1
sewn,1
acutely,1
mean,1
beneficiary,1
success,1
collections,1
still,1
bert,1
tor,1
starts,1
titled,1
make,1
notably,1
manuscript,1
president,1
passing,1
interplay,1
achievements,1
backdrop,1
recognize,1
group,1
contributor,1
complex,1
seemingly,1
trivialize,1
forten,1
spanning,1
squarely,1
hold,1
mercer,1
changes,1
parker,1
special,1
literacy,1
often,1
crusader,1
myth,1
freedmen,1
properly,1
offering,1
superb,1
hope,1
overdue,1
simultaneous,1
library,1
respect,1
wives,1
edited,1
sets,1
delineates,1
ordinary,1
ways,1
auspices,1
support,1
violence,1
strategies,1
sympathy,1
despise,1
means,1
approaches,1
coalition,1
walker,1
union,1
escape,1
competence,1
read,1
results,1
maintaining,1
largely,1
peeved,1
morrow,1
parts,1
conscious,1
intent,1
joseph,1
array,1
under,1
definitive,1
tensions,1
claiming,1
dailiness,1
alone,1
peers,1
detail,1
consigning,1
boundary,1
periods,1
raw,1
established,1
acquired,1
split,1
harsh,1
presents,1
share,1
title,1
encourage,1
railroad,1
individually,1
branch,1
fifteen,1
tells,1
thinking,1
section,1
husbands,1
misinformation,1
culture,1
antebellum,1
following,1
same,1
mapps,1
choices,1
performed,1
impact,1
sharply,1
traces,1
thrilled,1
fisk,1
revision,1
frequently,1
observations,1
already,1
biography,1
disputed,1
rescued,1
provocative,1
four,1
companions,1
show,1
experience,1
provide,1
congress,1
extensive,1
begins,1
anonymity,1
framework,1
rosetta,1
ever,1
accounts,1
noted,1
island,1
innumerable,1
continues,1
cast,1
powerful,1
comes,1
either,1
considers,1
double,1
inc,1
proposes,1
chariot,1
membership,1
fast,1
every,1
rather,1
leader,1
compelled,1
pennies,1
jackson,1
shaped,1
abreast,1
puts,1
chronologically,1
here,1
chronicles,1
skill,1
interests,1
flanked,1
exclusive,1
writes,1
sections,1
wheels,1
founding,1
care,1
coming,1
implications,1
stories,1
wrest,1
contrasted,1
seem,1
enters,1
ended,1
stands,1
stamina,1
refusal,1
perishable,1
mutually,1
terrain,1
privacy,1
artistic,1
paragraph,1
fugitives,1
emerged,1
epilogue,1
experienced,1
edmonia,1
literary,1
pantheon,1
expressed,1
efforts,1
my,1
rhode,1
seriously,1
intrusiveness,1
pursuits,1
key,1
incessant,1
contextual,1
available,1
masculinist,1
if,1
best,1
unknown,1
maternal,1
ghetto,1
could,1
down,1
style,1
occupations,1
eloquent,1
examination,1
compounded,1
frances,1
complementing,1
begun,1
oval,1
called,1
strength,1
intended,1
wrote,1
amendment,1
tanner,1
domestic,1
attempt,1
nclu,1
choice,1
physicians,1
producing,1
plea,1
demands,1
activists,1
xiii,1
dared,1
hundred,1
abolitionists,1
events,1
census,1
image,1
end,1
carolina,1
enforcing,1
room,1
near,1
predominantly,1
vicksburg,1
dillon,1
sight,1
take,1
real,1
away,1
deemed,1
find,1
pattern,1
past,1
introduces,1
observes,1
xx,1
inaugural,1
precedence,1
boycott,1
representative,1
collectively,1
emerges,1
excerpts,1
documents,1
merit,1
question,1
course,1
last,1
academic,1
feminist,1
state,1
interviewed,1
antilynching,1
holidays,1
father,1
cling,1
romanticized,1
sharecropping,1
suffragist,1
tradition,1
heartwrenching,1
william,1
drop,1
understood,1
though,1
according,1
scholarly,1
focused,1
discipline,1
must,1
layers,1
assess,1
purposes,1
validity,1
newport,1
combined,1
dismissal,1
unique,1
establish,1
implicit,1
whether,1
jamaicanamerican,1
terms,1
sexism,1
produced,1
less,1
courage,1
making,1
promise,1
varying,1
appreciate,1
authenticate,1
imposed,1
vantagepoint,1
record,1
bettina,1
focusing,1
advocates,1
deep,1
delegate,1
statement,1
tension,1
dr,1
protective,1
once,1
saving,1
firmly,1
monster,1
biting,1
recorded,1
alice,1
angela,1
holly,1
hamilton,1
controversy,1
assertions,1
widespread,1
educated,1
draws,1
advice,1
shifts,1
primary,1
sought,1
another,1
eminently,1
juggles,1
realize,1
quilts,1
thoroughly,1
victims,1
stability,1
inched,1
remained,1
migrations,1
charleston,1
terrorism,1
vol,1
directly,1
local,1
persecutors,1
remond,1
network,1
prior,1
emphasis,1
virginia,1
future,1
degrees,1
aptly,1
artifacts,1
temperance,1
condition,1
probably,1
periodicals,1
knew,1
sale,1
permitted,1
gerda,1
narratives,1
made,1
researchers,1
boston,1
universities,1
carries,1
writers,1
washerwomen,1
demonstrating,1
arenas,1
preserved,1
concluding,1
odds,1
reader,1
heroics,1
recognition,1
laura,1
losing,1
persecutions,1
aptheker,1
sheer,1
point,1
say,1
combine,1
supervision,1
ohio,1
through,1
individual,1
explains,1
altogether,1
training,1
whites,1
conception,1
vision,1
household,1
calls,1
dynamic,1
press,1
grandmothers,1
november,1
sixteenth,1
inaugurated,1
african,1
intents,1
giving,1
buy,1
contradiction,1
subject,1
interviews,1
plans,1
transition,1
description,1
lies,1
administration,1
sitting,1
initiative,1
assumptions,1
cataclysms,1
went,1
significant,1
fragment,1
engage,1
councils,1
freedom,1
bondage,1
peels,1
during,1
place,1
unrecognized,1
refers,1
taught,1
references,1
families,1
maria,1
fourteen,1
issues,1
reports,1
definitions,1
long,1
segregation,1
freedwomen,1
accorded,1
think,1
collage,1
disfranchisement,1
rare,1
winter,1
opt,1
thus,1
greatgrandmother,1
emancipation,1
domestics,1
solidly,1
accessible,1
frame,1
proceeds,1
energies,1
full,1
speeches,1
triumphs,1
review,1
reflect,1
committee,1
sojourner,1
suing,1
newspaper,1
than,1
employed,1
california,1
intimacy,1
loewenberg,1
pennsylvania,1
michelle,1
bogin,1
bedroom,1
ultimately,1
tell,1
students,1
survival,1
project,1
joys,1
finally,1
spectrum,1
won,1
ties,1
helpless,1
requirements,1
open,1
significance,1
cornerstone,1
indeed,1
since,1
exigency,1
illustrates,1
halle,1
three,1
interior,1
historic,1
hidden,1
directed,1
approach,1
authors,1
stress,1
liaisons,1
publication,1
write,1
express,1
uniqueness,1
logic,1
typescript,1
co,1
dozen,1
ability,1
failures,1
held,1
revolves,1
running,1
brother,1
intertwine,1
relations,1
times,1
santa,1
homes,1
newly,1
sense,1
correct,1
bethune,1
realism,1
define,1
d,1
difficulty,1
respects,1
speaking,1
cotton,1
remembrance,1
arena,1
embodied,1
convention,1
fr,1
reproduced,1
mount,1
enlarges,1
term,1
avalanche,1
poet,1
industrial,1
you,1
publishes,1
politically,1
crafted,1
contrast,1
agonies,1
militant,1
unity,1
consolidation,1
daughter,1
owned,1
provides,1
springs,1
distinct,1
speak,1
latter,1
around,1
plantation,1
rejecting,1
perspective,1
hails,1
ruth,1
enslaved,1
axiom,1
readers,1
consensus,1
few,1
rollins,1
profound,1
amount,1
jefferson,1
article,1
marriage,1
prominent,1
choose,1
mccleod,1
qualities,1
charlotte,1
depression,1
exigencies,1
beautifully,1
county,1
six,1
impressions,1
laundresses,1
young,1
enjoyed,1
themselves,1
narrow,1
convey,1
c,1
distinguished,1
respectively,1
scholarship,1
lewis,1
crusade,1
chicago,1
concommitant,1
impossible,1
do,1
mechanical,1
networks,1
illuminates,1
like,1
james,1
early,1
removed,1
visible,1
postwar,1
up,1
exclusively,1
reluctance,1
norton,1
cary,1
vagaries,1
equivalent,1
traditional,1
northern,1
images,1
immediately,1
contending,1
conventions,1
details,1
correspondence,1
seek,1
stratum,1
institution,1
whenever,1
engaging,1
deeply,1
north,1
recent,1
coordinating,1
patronage,1
cross,1
terror,1
employer,1
hardly,1
invites,1
increments,1
pervasive,1
attention,1
cruz,1
student,1
portrait,1
master,1
questioning,1
shadd,1
dictated,1
repeated,1
cites,1
attended,1
handed,1
undisputed,1
readable,1
separate,1
poverty,1
incentive,1
prevalent,1
