WORDCOUNTS,WEIGHT
the,557
of,358
in,295
to,281
and,280
a,227
he,191
his,168
stevens,135
that,113
her,107
elsie,102
for,97
it,92
is,87
as,76
i,75
with,71
was,70
not,70
she,66
but,63
this,60
s,57
from,57
had,56
you,56
be,56
have,55
by,51
an,46
love,45
which,45
on,43
one,41
at,39
would,38
or,35
when,32
more,30
letter,29
like,29
poems,29
new,28
been,28
were,27
my,25
are,25
l,24
letters,24
poetry,23
never,23
so,23
their,22
world,22
they,21
first,21
him,21
after,21
we,21
who,21
there,20
sp,20
york,20
these,20
all,19
reading,19
poem,19
no,19
only,19
also,19
later,18
could,18
though,17
than,17
has,16
make,16
upon,16
what,16
may,15
two,15
me,15
then,15
years,15
himself,14
your,14
because,14
will,14
p,14
imagination,14
them,14
should,14
if,13
j,13
book,13
yet,13
own,13
life,13
bates,13
pierrot,13
before,12
excerpts,12
milton,12
sense,12
things,12
about,12
once,12
where,12
woman,12
another,12
some,11
even,11
work,11
poet,11
up,11
home,11
do,11
must,11
while,11
both,11
am,11
something,10
might,10
without,10
out,10
its,10
wrote,10
can,10
know,10
country,10
writing,10
between,10
much,10
t,9
felt,9
pleasant,9
interior,9
de,9
self,9
find,9
june,9
paramour,9
wife,9
still,9
read,9
other,9
stanza,9
time,9
man,9
made,9
lost,9
here,9
did,9
audience,9
city,9
being,8
old,8
too,8
people,8
away,8
less,8
written,8
husband,8
little,8
red,7
those,7
right,7
kind,7
feel,7
most,7
moon,7
called,7
year,7
during,7
place,7
good,7
around,7
van,7
light,7
perhaps,7
day,7
weeks,7
relationship,7
began,7
following,7
over,7
muse,7
birthday,7
vechten,7
does,6
alone,6
word,6
proud,6
into,6
title,6
beautiful,6
company,6
such,6
except,6
wallace,6
nor,6
journal,6
how,6
literary,6
friends,6
came,6
found,6
radishes,6
family,6
few,6
always,6
columbine,6
garden,6
thought,6
neither,6
hand,6
harvard,6
op,6
summer,6
poetic,6
itself,6
any,6
don,6
through,6
cp,6
final,5
way,5
college,5
star,5
live,5
genius,5
doubts,5
said,5
anything,5
long,5
trend,5
seems,5
words,5
emotion,5
real,5
mind,5
winning,5
marriage,5
look,5
occasion,5
appears,5
however,5
notebook,5
part,5
thoughts,5
gave,5
bring,5
published,5
next,5
secrecy,5
second,5
july,5
fiancee,5
same,5
voyage,5
appeared,5
dull,5
until,5
previous,5
reality,5
evening,5
arensberg,5
black,5
least,5
spent,5
eyes,5
probably,5
within,5
chamber,5
mother,5
comes,5
jig,5
half,5
places,5
ladies,5
carnet,5
think,5
write,5
among,5
daughter,5
truth,4
fiction,4
mar,4
american,4
source,4
round,4
romance,4
moll,4
taken,4
flowers,4
court,4
loves,4
last,4
est,4
plain,4
say,4
sent,4
unhappy,4
lover,4
against,4
stevenses,4
thing,4
fountains,4
back,4
left,4
apparently,4
general,4
shall,4
rather,4
white,4
jan,4
care,4
seven,4
lived,4
affair,4
heaven,4
public,4
ideal,4
heart,4
cy,4
call,4
stage,4
clothes,4
night,4
several,4
beauty,4
suggest,4
short,4
return,4
makes,4
under,4
inspiration,4
lord,4
put,4
kit,4
many,4
took,4
actor,4
see,4
books,4
remained,4
huntington,4
herself,4
full,4
august,4
hartford,4
story,4
saw,4
verses,4
seen,4
often,4
comic,4
candle,4
version,4
ivory,4
perfectly,4
very,4
moonlight,4
living,4
better,4
particular,4
suggests,4
library,4
wedding,4
pourtraicte,4
our,4
come,4
unable,4
instead,4
magazine,4
off,4
speak,4
early,4
fears,4
characters,4
close,4
surroundings,3
go,3
now,3
important,3
girl,3
told,3
needed,3
touched,3
spirit,3
position,3
eye,3
cast,3
wrong,3
every,3
editions,3
great,3
studio,3
side,3
saying,3
march,3
account,3
move,3
west,3
uncertain,3
evans,3
yeats,3
interest,3
ease,3
taste,3
distinct,3
peculiarity,3
six,3
dear,3
generation,3
kept,3
perfect,3
collected,3
admitted,3
myself,3
risk,3
similar,3
certain,3
strange,3
special,3
stein,3
tree,3
cannot,3
mrs,3
university,3
entry,3
ursula,3
christmas,3
thinks,3
character,3
spaniard,3
moving,3
bearing,3
speaker,3
late,3
let,3
required,3
oh,3
meditation,3
none,3
diction,3
publish,3
received,3
costume,3
experience,3
describe,3
partly,3
speaking,3
newspaper,3
else,3
cold,3
dwell,3
odor,3
betrayed,3
rogue,3
piano,3
fly,3
happy,3
dressed,3
gloom,3
gold,3
us,3
emotional,3
rise,3
chose,3
street,3
french,3
others,3
fact,3
idea,3
music,3
really,3
hear,3
aug,3
doubt,3
paris,3
thirties,3
distance,3
gives,3
won,3
theirs,3
ecstasy,3
knew,3
room,3
actual,3
nothing,3
described,3
solitude,3
profession,3
trying,3
become,3
effect,3
enjoyed,3
sept,3
etc,3
circle,3
continued,3
provide,3
fear,3
spouse,3
milord,3
why,3
norton,3
hope,3
months,3
meant,3
poets,3
addressed,3
shadow,3
radiant,3
simply,3
scarcely,3
trunk,3
each,3
gertrude,3
different,3
best,3
just,3
passage,3
whether,3
offering,3
loved,3
poplars,3
dark,3
apartment,3
art,3
occasionally,3
trees,3
press,3
became,3
role,3
drive,3
courtship,3
tell,3
spring,3
washington,3
finally,3
wish,3
need,3
repeat,3
thousand,3
rest,3
countryside,2
soliloquy,2
done,2
child,2
page,2
since,2
meaning,2
threadbare,2
suggested,2
career,2
e,2
church,2
reliquiae,2
large,2
complex,2
true,2
earthly,2
modern,2
pots,2
sit,2
gossip,2
passion,2
certainly,2
derives,2
quoting,2
season,2
glimpsed,2
nature,2
liberty,2
dreaming,2
possibilities,2
twenty,2
desire,2
imaginary,2
fully,2
purple,2
able,2
harriet,2
take,2
emerald,2
help,2
henry,2
auroras,2
case,2
issue,2
holly,2
aureole,2
america,2
dream,2
condition,2
slight,2
assure,2
folio,2
eleven,2
far,2
dwelt,2
sweet,2
collection,2
harmony,2
learned,2
luxury,2
central,2
thus,2
review,2
married,2
surely,2
inner,2
development,2
september,2
regarded,2
adopted,2
consolation,2
walter,2
assured,2
yourself,2
fountain,2
merely,2
destroyed,2
glory,2
mystic,2
ear,2
response,2
young,2
served,2
truly,2
appreciated,2
sun,2
harmonium,2
enchant,2
springs,2
whose,2
purely,2
remain,2
sort,2
fiance,2
square,2
represented,2
postcards,2
heard,2
legal,2
disguises,2
japanese,2
precious,2
reason,2
serve,2
win,2
bad,2
lighted,2
wanted,2
praise,2
les,2
comedian,2
acquaintance,2
clearly,2
days,2
air,2
frequently,2
resented,2
beyond,2
idealized,2
cost,2
yes,2
legenda,2
m,2
pity,2
footnote,2
appear,2
slave,2
sooner,2
blamed,2
longfellow,2
heavenly,2
entered,2
hands,2
courtly,2
nerves,2
calm,2
amusing,2
emotionally,2
aurea,2
recently,2
younger,2
placed,2
verse,2
rapt,2
impression,2
aspects,2
dove,2
used,2
blue,2
reader,2
london,2
example,2
supreme,2
falling,2
personal,2
reflect,2
accord,2
monroe,2
either,2
latimer,2
earth,2
change,2
siecle,2
grew,2
curios,2
grass,2
theater,2
quite,2
hence,2
reporter,2
fictive,2
eclipse,2
presence,2
suddenly,2
illusions,2
correspondence,2
notes,2
moved,2
settle,2
cite,2
contact,2
noble,2
journey,2
identified,2
play,2
gift,2
april,2
allen,2
above,2
indicates,2
movement,2
religious,2
paling,2
seraph,2
pp,2
ring,2
favorable,2
damozel,2
included,2
courting,2
complete,2
keeping,2
ed,2
social,2
fill,2
party,2
name,2
jubilant,2
metaphysical,2
fell,2
toward,2
again,2
fin,2
death,2
similarly,2
efforts,2
speaks,2
sing,2
pressure,2
creative,2
ought,2
neglects,2
eagle,2
daily,2
everything,2
golden,2
pennsylvania,2
pieces,2
readers,2
enough,2
v,2
present,2
creature,2
inhabit,2
exotic,2
couple,2
native,2
number,2
gladly,2
crows,2
summers,2
excerpt,2
private,2
lofty,2
vast,2
father,2
including,2
sufficiently,2
entirely,2
use,2
sequence,2
arensbergs,2
clear,2
three,2
moral,2
publication,2
clue,2
lonely,2
keep,2
pride,2
impelled,2
spread,2
fellow,2
high,2
losing,2
fancy,2
men,2
especially,2
leaves,2
sight,2
grandmother,2
electric,2
comfortably,2
looked,2
sylvie,2
la,2
tom,2
visit,2
entitled,2
carried,2
adultery,2
lovers,2
belonged,2
humbly,2
five,2
remarked,2
sanborn,2
effectively,2
fecund,2
galliard,2
remaining,2
bynner,2
respect,2
wig,2
get,2
worlds,2
sound,2
considered,2
thick,2
voragine,2
seriously,2
ever,2
turn,2
beside,2
deferred,2
rival,2
palace,2
besides,2
command,2
set,2
ran,2
bridge,2
paper,2
december,2
seem,2
deprivation,2
down,2
domestic,2
returns,2
speech,2
exceptional,2
visits,2
historical,2
table,2
person,2
believed,2
quiet,2
numbers,2
esseintes,2
evenings,2
making,2
want,2
saint,2
abruptly,2
voice,2
almost,2
des,2
remember,2
paintings,2
preserved,2
met,2
nightingale,2
sea,2
innocent,2
turns,2
plans,2
went,2
measure,2
conventional,2
manhattan,2
maintained,2
prolong,2
question,2
soft,2
editor,2
travelling,2
opens,2
aware,2
course,2
land,2
green,2
nightingales,2
autumn,2
playing,2
caption,2
lacerations,2
worried,2
portrait,2
certainty,2
themselves,2
c,2
rejection,2
tastes,2
venting,2
seemed,2
strong,2
observed,2
meeting,2
asked,2
resolve,1
remorseful,1
difficult,1
horror,1
mingled,1
zwerdling,1
unze,1
frail,1
pedrolino,1
unsure,1
handsome,1
possessed,1
forties,1
o,1
robe,1
companionship,1
bride,1
housekeeping,1
medieval,1
kachel,1
productions,1
names,1
recalls,1
pull,1
transmitted,1
generous,1
stood,1
whisk,1
immune,1
begging,1
created,1
ready,1
unpleasant,1
scribners,1
clairvoyant,1
concern,1
amiss,1
pale,1
market,1
changingness,1
occupant,1
busy,1
flute,1
unusual,1
widow,1
ultimate,1
originating,1
mountains,1
succession,1
brilliantly,1
notably,1
lointaine,1
complaint,1
connecticut,1
germany,1
mystically,1
expect,1
everybody,1
minutes,1
elaborately,1
rolled,1
catalogues,1
group,1
becoming,1
reflection,1
discover,1
reverence,1
disclose,1
unsatisfactory,1
integrity,1
denied,1
awed,1
fate,1
judicious,1
properly,1
identify,1
symbolize,1
picked,1
advised,1
artistic,1
songs,1
referring,1
delicatest,1
authority,1
picking,1
circumspect,1
veil,1
holland,1
rounded,1
persuades,1
martyrdom,1
bias,1
drawings,1
studies,1
lass,1
fault,1
conscious,1
expects,1
figuratively,1
dressing,1
motive,1
overlook,1
earnest,1
apprised,1
fixed,1
talking,1
distaste,1
locale,1
necessarily,1
ardor,1
laid,1
holding,1
observing,1
maybe,1
algebra,1
arrived,1
beardsleyish,1
claire,1
explicable,1
du,1
materials,1
assaults,1
women,1
footing,1
journalism,1
brutal,1
boil,1
reprinted,1
satanic,1
minted,1
gap,1
attorney,1
submitted,1
inc,1
failing,1
sources,1
titles,1
embraced,1
pink,1
suburbs,1
jackson,1
intensest,1
roman,1
balm,1
ii,1
steady,1
give,1
adopt,1
feeling,1
address,1
darkness,1
parrot,1
anima,1
rare,1
mirthful,1
poetess,1
princesses,1
ourselves,1
joke,1
england,1
asparagus,1
seminary,1
confirmed,1
affirmed,1
latent,1
reach,1
belie,1
europe,1
disillusionment,1
continue,1
sultana,1
belong,1
advantage,1
assertion,1
sobering,1
together,1
accompanied,1
stalwart,1
indulge,1
display,1
reasons,1
thank,1
sang,1
indifferent,1
producing,1
senses,1
temperamentally,1
clothe,1
verbal,1
transferred,1
hundred,1
reunion,1
launch,1
wore,1
remus,1
subsequent,1
achieved,1
embrace,1
foolish,1
pillow,1
petty,1
meantime,1
state,1
stand,1
orb,1
raised,1
proprietary,1
staff,1
robert,1
evoked,1
opposite,1
weavings,1
adulteries,1
somewhat,1
sheet,1
johns,1
superficially,1
apprentice,1
followers,1
courage,1
magazines,1
nearer,1
empty,1
globe,1
occasional,1
cue,1
wasted,1
existence,1
suspect,1
sophisticated,1
alfred,1
inquire,1
listens,1
simmering,1
supplant,1
ste,1
walks,1
legitimate,1
money,1
weddings,1
sought,1
draw,1
stereotype,1
wept,1
dreaded,1
gardens,1
vol,1
possible,1
invested,1
lifetime,1
melodrama,1
hungry,1
sleeve,1
ripeness,1
darken,1
dinner,1
baudelaire,1
crowned,1
apocalyptic,1
fons,1
estranged,1
invited,1
savored,1
combination,1
drunk,1
handicaps,1
pellucid,1
intelligent,1
grandiose,1
exhorts,1
painfully,1
disinherited,1
along,1
shopworn,1
demanded,1
mat,1
beneath,1
urging,1
recreated,1
prune,1
allayed,1
neglect,1
commedia,1
attract,1
hudson,1
modelled,1
plainly,1
beseech,1
grotesque,1
member,1
phase,1
ditty,1
prey,1
includes,1
virginity,1
postdecadents,1
muses,1
ronald,1
hazards,1
tailors,1
bandusiae,1
relationships,1
historically,1
influx,1
proceeded,1
peculiarities,1
mine,1
facts,1
apprenticeship,1
fragrant,1
village,1
contempo,1
silks,1
illustrates,1
inhibition,1
coached,1
reported,1
christian,1
wind,1
unpublished,1
wrath,1
offended,1
author,1
jester,1
nuptial,1
counters,1
neighbors,1
forgotten,1
domain,1
disappointed,1
dozen,1
deliberation,1
brooding,1
decided,1
leaf,1
price,1
facet,1
suitably,1
cf,1
addressing,1
desireable,1
nurtured,1
restore,1
rooted,1
february,1
extensively,1
clown,1
contributors,1
manuscript,1
wifewhich,1
forced,1
beloved,1
sf,1
deepest,1
finesse,1
splendor,1
moment,1
cases,1
affectionate,1
par,1
items,1
curiously,1
times,1
document,1
balls,1
extremest,1
body,1
satin,1
simplest,1
panorama,1
columbia,1
intricate,1
modernity,1
extraordinary,1
postponed,1
apr,1
third,1
uncalculated,1
damsel,1
pure,1
rendezvous,1
rebuild,1
obscure,1
terrace,1
businessman,1
spite,1
practically,1
marital,1
details,1
chicago,1
weave,1
sister,1
discovering,1
wronged,1
inviting,1
altars,1
weakness,1
coal,1
insisted,1
dust,1
master,1
glad,1
conjure,1
readable,1
promised,1
laforgue,1
deshabille,1
longing,1
typified,1
phases,1
rejoice,1
failed,1
loyal,1
behave,1
opposed,1
simultaneously,1
evinced,1
profoundly,1
seizes,1
urged,1
parlayed,1
town,1
silence,1
commune,1
card,1
growth,1
wanting,1
ways,1
main,1
sentences,1
impetus,1
across,1
happily,1
generations,1
ironic,1
picardy,1
motes,1
gown,1
landscape,1
award,1
sulky,1
powdered,1
coastal,1
pilgrimages,1
bore,1
notion,1
beholder,1
remote,1
mean,1
denseness,1
neatly,1
stranger,1
heizmann,1
parents,1
arts,1
goes,1
arm,1
modishness,1
saints,1
persistent,1
manages,1
connected,1
tolerable,1
importance,1
b,1
sidereal,1
derived,1
locher,1
represents,1
contributions,1
assuming,1
dialogue,1
possess,1
k,1
lay,1
lawyer,1
prophecy,1
awareness,1
morse,1
supposed,1
shining,1
williamsburg,1
bonds,1
soul,1
eighteen,1
send,1
understand,1
downward,1
gallant,1
injury,1
provinces,1
collections,1
romantic,1
worshipped,1
muffled,1
marks,1
legende,1
forget,1
possibly,1
occupational,1
weaves,1
established,1
physically,1
familiar,1
image,1
repeated,1
louise,1
slowly,1
nearby,1
aura,1
inscribed,1
seeing,1
presumably,1
agreeably,1
proved,1
bunch,1
invite,1
alluded,1
alcestis,1
diffuse,1
phosphor,1
traces,1
quoted,1
house,1
sheer,1
saxophone,1
w,1
ville,1
shadowy,1
umbrella,1
presumed,1
age,1
show,1
jacobus,1
acknowledges,1
bridges,1
store,1
legends,1
subliminal,1
occupied,1
ugly,1
flights,1
follow,1
officer,1
shed,1
followed,1
orgies,1
undertaken,1
dramatized,1
consequence,1
madame,1
ceremony,1
blemishes,1
requires,1
overcame,1
hereafter,1
imprisonment,1
beef,1
remarking,1
fifties,1
woodcuts,1
pajamas,1
braces,1
transparence,1
helped,1
mocking,1
escapes,1
hilt,1
princesse,1
strategy,1
feuillet,1
cajolery,1
drawing,1
deceived,1
nortons,1
paragraph,1
disappeared,1
proposed,1
caller,1
enchanted,1
expressed,1
theft,1
based,1
lead,1
whom,1
pitts,1
aftermath,1
nonsensical,1
declined,1
cloak,1
coquette,1
entering,1
railroad,1
traditionally,1
solved,1
reads,1
witter,1
resembles,1
prim,1
changed,1
demands,1
bitterness,1
reply,1
pass,1
requirements,1
hopkins,1
suitable,1
aloof,1
dislocation,1
marguerite,1
constantly,1
instruct,1
big,1
woo,1
further,1
companion,1
oklahoma,1
understood,1
equal,1
signalled,1
coped,1
twice,1
contrived,1
war,1
archetypal,1
stock,1
nether,1
georgie,1
kneeled,1
afforded,1
sentence,1
remoter,1
meet,1
promise,1
suffered,1
deliberations,1
excellent,1
newyorker,1
energy,1
vivid,1
fashionable,1
hypothetical,1
colored,1
wide,1
oysters,1
prayer,1
scene,1
wants,1
marie,1
scribe,1
technical,1
improve,1
brocade,1
well,1
gained,1
having,1
theological,1
ennobled,1
relatives,1
stooped,1
invisible,1
future,1
line,1
bolster,1
listening,1
appeals,1
nunzio,1
concludes,1
start,1
writers,1
leisure,1
distinguish,1
consequently,1
episode,1
prompted,1
brought,1
purpose,1
stir,1
difficulty,1
ferment,1
end,1
approximated,1
deluded,1
recommends,1
crowding,1
compulsive,1
fence,1
reminded,1
distaff,1
got,1
fairy,1
lovely,1
loss,1
afar,1
overhear,1
frequent,1
realm,1
outpouring,1
fail,1
literally,1
collective,1
contains,1
beatiful,1
increasingly,1
periodicals,1
dispense,1
thereafter,1
salad,1
hikes,1
prisoner,1
et,1
improvisation,1
translated,1
surname,1
novels,1
deburau,1
vierges,1
showing,1
smallest,1
miss,1
elephant,1
rendered,1
lafferty,1
feast,1
vacation,1
discreet,1
encounters,1
personally,1
workaday,1
prices,1
arkansas,1
depicting,1
salutes,1
lifted,1
tone,1
barrault,1
construct,1
composite,1
caused,1
describing,1
fulfilled,1
hard,1
roses,1
carriage,1
wildly,1
revolution,1
theoretically,1
molls,1
protest,1
unravelling,1
le,1
contrast,1
discourse,1
ain,1
sack,1
lords,1
fabulous,1
insurance,1
attention,1
inversions,1
fatigue,1
tuned,1
accuse,1
awakened,1
stenographer,1
proximate,1
soil,1
decay,1
ignore,1
pregnancy,1
acorn,1
feelings,1
choose,1
bravura,1
sylvia,1
routine,1
mal,1
coquelicot,1
county,1
spices,1
vicarious,1
convulsive,1
goddess,1
ancestors,1
latest,1
dispels,1
altogether,1
peek,1
crazy,1
vein,1
offending,1
edify,1
patience,1
tracks,1
progress,1
posed,1
mob,1
carolinas,1
vent,1
notice,1
peculiar,1
reciprocated,1
plausible,1
slept,1
florida,1
value,1
grateful,1
provided,1
finds,1
beneficence,1
flour,1
passive,1
parenthetically,1
inform,1
arthritic,1
valuable,1
enjoy,1
dickens,1
luxuries,1
society,1
tormented,1
void,1
jurist,1
hymns,1
therefore,1
grocers,1
led,1
san,1
risking,1
fails,1
furnished,1
zany,1
substituting,1
power,1
arrangement,1
excludes,1
ventured,1
recondite,1
matter,1
incredible,1
various,1
expanse,1
bells,1
architecture,1
mysterious,1
epater,1
picturesque,1
chase,1
octave,1
indeed,1
tune,1
frightful,1
fantastical,1
blessed,1
overpowering,1
wings,1
interiors,1
wronging,1
revolt,1
brief,1
forward,1
edges,1
merits,1
irreverent,1
lies,1
woodland,1
upward,1
sitting,1
visionary,1
convince,1
dread,1
judgment,1
furiously,1
wisest,1
manifest,1
juggling,1
imeditation,1
outer,1
rejects,1
literati,1
spot,1
settings,1
evanescent,1
flickers,1
betray,1
ask,1
inhabited,1
westerly,1
whole,1
reinforced,1
single,1
communications,1
paradis,1
eyebrows,1
likely,1
permission,1
opportunities,1
intense,1
accident,1
vacations,1
exulted,1
evil,1
predecessor,1
blemished,1
disclosure,1
formally,1
hankering,1
official,1
disagreeable,1
lesson,1
ancient,1
quarrel,1
supplanted,1
writ,1
falls,1
planned,1
supplied,1
note,1
shutting,1
lacked,1
lawyerly,1
antics,1
robust,1
excellence,1
silk,1
already,1
onomatopoetic,1
gay,1
department,1
qualified,1
reports,1
goodness,1
moments,1
friend,1
bar,1
stones,1
clipping,1
considers,1
prophecies,1
angel,1
gentleman,1
chagrin,1
tries,1
corporeal,1
cortege,1
endured,1
wretchedness,1
disposition,1
resolution,1
topographically,1
law,1
suit,1
temporarily,1
business,1
childhood,1
entwining,1
nanzia,1
spend,1
approaching,1
disappointment,1
reporting,1
lamp,1
safety,1
tremendous,1
water,1
sky,1
release,1
emotions,1
powder,1
decor,1
meanmilton,1
ursule,1
admit,1
insatiable,1
treatment,1
shade,1
underestimated,1
scholars,1
professed,1
rummages,1
penelope,1
punctuation,1
malign,1
huysmans,1
inept,1
disturbed,1
educated,1
oneself,1
larger,1
classical,1
chaste,1
indemnity,1
fallen,1
belated,1
vignette,1
prose,1
fashion,1
pattern,1
remark,1
simple,1
selects,1
rhythms,1
clapping,1
genealogy,1
overstate,1
proverbial,1
antaean,1
ground,1
psychic,1
manner,1
thou,1
disaffection,1
road,1
obscures,1
dorothy,1
validity,1
blueness,1
afterwards,1
hated,1
celebrated,1
michael,1
answer,1
meditate,1
selfdelusion,1
forth,1
lines,1
deep,1
japan,1
marinoff,1
dramatize,1
belief,1
downtown,1
glistening,1
loafer,1
conceivably,1
free,1
funambule,1
whirl,1
recommend,1
anticipate,1
stance,1
washerwoman,1
shine,1
local,1
imagine,1
original,1
altar,1
credit,1
recognizing,1
gaudy,1
aptly,1
persona,1
composing,1
mihd,1
intimate,1
uncle,1
dislodged,1
triumphing,1
birth,1
knopf,1
venus,1
explanation,1
chiefly,1
virgin,1
scheme,1
speculates,1
ic,1
active,1
surety,1
desert,1
boheme,1
frolics,1
region,1
deliberately,1
craft,1
distinctly,1
judge,1
markedly,1
inmost,1
horatian,1
adventuresome,1
louis,1
wonder,1
overheard,1
cupid,1
honorable,1
waste,1
significant,1
motley,1
sold,1
businesslike,1
persisted,1
transcendent,1
plantation,1
rivers,1
prospective,1
dress,1
assume,1
spouting,1
mutability,1
band,1
spiced,1
aside,1
origin,1
bed,1
pleasure,1
minion,1
variables,1
hour,1
eligible,1
individuals,1
stay,1
aesthetic,1
trip,1
chosen,1
purposeful,1
rosenbloom,1
partisan,1
office,1
dime,1
relinquishes,1
flocks,1
epic,1
gonne,1
baldhead,1
kindred,1
rejected,1
hangs,1
distortion,1
low,1
princess,1
landscapes,1
subtle,1
ashen,1
moralists,1
hurt,1
reward,1
frustrated,1
disheartening,1
express,1
language,1
agreement,1
reputation,1
sustain,1
essay,1
lady,1
resorts,1
gate,1
perverse,1
countries,1
period,1
risen,1
mask,1
played,1
armory,1
serves,1
distinction,1
exerting,1
submissions,1
surer,1
shortly,1
spirits,1
anyone,1
dell,1
tales,1
compromises,1
quick,1
pariah,1
hatching,1
educational,1
witness,1
probe,1
intrusion,1
pearl,1
somehow,1
conspicuously,1
satisfy,1
incapable,1
study,1
allusion,1
exaggeration,1
assures,1
ruefully,1
lift,1
fainting,1
successful,1
specialize,1
rides,1
remembers,1
overcome,1
exactly,1
deliberate,1
maude,1
preeminently,1
assigning,1
cerebral,1
january,1
ten,1
oak,1
continually,1
looks,1
advertisement,1
piqued,1
worms,1
figures,1
save,1
invented,1
clamorings,1
seduction,1
quarterly,1
invocations,1
caution,1
sole,1
greek,1
vilifying,1
repose,1
prescient,1
viola,1
attended,1
ones,1
gifted,1
separate,1
bang,1
tennessee,1
suspects,1
farm,1
advising,1
farce,1
asking,1
accepting,1
noisy,1
speculate,1
twelve,1
inertia,1
ruffle,1
posted,1
imply,1
spiral,1
gloomy,1
slender,1
backward,1
reappears,1
today,1
metaphors,1
initials,1
publishing,1
composed,1
tentative,1
window,1
invokes,1
pans,1
stars,1
sometimes,1
figure,1
crucial,1
foreign,1
elh,1
plays,1
practical,1
practitioners,1
delighted,1
claimed,1
williams,1
risque,1
begin,1
vague,1
select,1
exhalations,1
alternate,1
separations,1
foregoing,1
dislocated,1
resumed,1
male,1
primarily,1
disagreements,1
becomes,1
army,1
health,1
posthumous,1
affinity,1
translation,1
progressively,1
chronically,1
yale,1
lugubrious,1
returned,1
philosopher,1
souvenirs,1
monopolize,1
legitimacy,1
anxiety,1
recognize,1
rapidly,1
try,1
unloosed,1
covering,1
provider,1
insecurity,1
intend,1
inspired,1
lectern,1
strawberries,1
analysis,1
paternal,1
fall,1
commits,1
berks,1
confided,1
kissed,1
ozymandias,1
constants,1
creatures,1
prologue,1
face,1
francisco,1
erudite,1
pleasurable,1
gathered,1
marquis,1
provocatively,1
soiree,1
coterie,1
unreconciled,1
woodcut,1
school,1
acquired,1
proof,1
neglected,1
persecution,1
arte,1
rarely,1
querulous,1
liked,1
coat,1
chafing,1
aspiring,1
terrible,1
corrode,1
calling,1
lessons,1
impulse,1
hanging,1
series,1
mentioned,1
changing,1
denials,1
throw,1
ve,1
founded,1
pretext,1
huns,1
mournful,1
unbroken,1
theme,1
dubious,1
alludes,1
candlelight,1
terrestrial,1
cooled,1
text,1
intently,1
river,1
creations,1
serenade,1
quickened,1
affords,1
gremlins,1
beknown,1
equation,1
cover,1
bright,1
forty,1
withdrew,1
mille,1
dimension,1
spectacles,1
branches,1
banished,1
privacy,1
rue,1
extant,1
owing,1
sure,1
grin,1
readily,1
gazette,1
basking,1
expatriate,1
share,1
backdrop,1
contained,1
connection,1
oranges,1
accustomed,1
believe,1
enfants,1
capital,1
diverting,1
harlequins,1
expense,1
bit,1
somber,1
surprised,1
current,1
scenario,1
burlesques,1
visiting,1
loyalty,1
report,1
drifted,1
eventually,1
iii,1
particularly,1
abbreviations,1
counterpart,1
obviously,1
rely,1
porcelain,1
appreciative,1
precarious,1
applauded,1
narcissism,1
cities,1
happiness,1
past,1
meager,1
freight,1
masters,1
weirder,1
lending,1
turned,1
catalogue,1
dreary,1
romanticized,1
quiver,1
befitting,1
born,1
wit,1
antic,1
bibelots,1
cruise,1
alex,1
heads,1
seamstresses,1
hidden,1
carefully,1
fiddle,1
circles,1
terms,1
hating,1
playful,1
list,1
malaise,1
rebellion,1
miscalculated,1
cause,1
lane,1
warmn,1
quote,1
pertinent,1
comer,1
excursions,1
feb,1
apologized,1
despite,1
eroticism,1
intrepid,1
firmly,1
spinsterhood,1
problem,1
likes,1
extent,1
egg,1
listen,1
waters,1
bridegroom,1
getting,1
butchers,1
rejoinder,1
cwriters,1
studying,1
icic,1
notebooks,1
facsimile,1
cents,1
fling,1
complaisant,1
shouldn,1
frets,1
rehearsals,1
dedication,1
suspicion,1
doree,1
travel,1
strain,1
scold,1
unreasonable,1
popular,1
backstage,1
conveniently,1
bought,1
naked,1
son,1
circumstances,1
amiable,1
peace,1
thereby,1
given,1
graffito,1
cap,1
introduced,1
november,1
charge,1
convinced,1
movingly,1
quilt,1
rendering,1
returning,1
ramified,1
happens,1
commodities,1
recounts,1
immaterial,1
presupposes,1
indebted,1
ranks,1
memories,1
families,1
phenomenon,1
goose,1
mention,1
snow,1
aspect,1
diffidence,1
coming,1
catches,1
despised,1
pair,1
prepared,1
pieties,1
greeted,1
named,1
buying,1
villains,1
promoted,1
piety,1
devoted,1
tinct,1
shown,1
baubles,1
riverand,1
touch,1
background,1
difference,1
reveals,1
conspired,1
donald,1
twentieth,1
rimes,1
national,1
samuel,1
recovering,1
catch,1
accept,1
crisis,1
contributed,1
offer,1
joined,1
fatal,1
opus,1
humor,1
eggs,1
writer,1
willingness,1
france,1
piece,1
disguise,1
hero,1
derive,1
troubadour,1
philosophy,1
tobacco,1
bliss,1
juggler,1
walking,1
remains,1
rout,1
folly,1
postscript,1
financially,1
doubtless,1
writings,1
restored,1
wondered,1
waiting,1
carl,1
surrender,1
passages,1
upstairs,1
reminisced,1
chambers,1
resources,1
laundresses,1
maidens,1
tenderly,1
landlords,1
hotel,1
liquid,1
lehman,1
inasmuch,1
reached,1
resent,1
era,1
sits,1
pleased,1
create,1
virgins,1
views,1
servile,1
predictable,1
element,1
persuaded,1
interaction,1
tiff,1
absences,1
abandoned,1
blessedly,1
immediately,1
fania,1
offers,1
whenever,1
celestial,1
famous,1
perpetually,1
assists,1
hilton,1
fiscal,1
doing,1
signals,1
major,1
mimes,1
richly,1
