WORDCOUNTS,WEIGHT
the,478
of,299
to,202
in,158
and,155
he,129
his,126
is,124
a,91
s,85
that,70
it,57
with,53
narrator,52
as,50
bakhtin,46
for,45
this,44
i,43
not,42
at,39
on,39
beckett,34
but,33
her,33
other,31
she,31
him,30
first,29
from,29
have,29
love,28
time,28
one,27
by,27
which,27
or,26
voice,25
life,24
are,24
be,24
all,23
has,23
an,22
these,20
we,20
dialogue,19
what,19
they,18
menippea,18
own,18
lulu,17
had,17
seems,16
no,16
chronotope,16
world,16
story,16
voices,15
himself,15
when,15
yet,15
you,15
so,14
narrative,13
even,13
only,13
said,12
some,12
out,12
more,12
woman,12
can,12
been,12
literary,11
like,11
any,11
very,11
position,10
into,10
was,10
however,10
reader,10
its,10
man,10
me,10
way,9
if,9
experience,9
clown,9
because,9
well,9
place,9
about,9
father,9
over,9
control,9
them,9
both,9
course,9
here,9
later,8
words,8
point,8
may,8
most,8
my,8
t,8
various,8
think,8
fact,8
forms,8
would,8
then,8
physical,8
through,8
medieval,7
meaning,7
history,7
might,7
laughter,7
throughout,7
such,7
body,7
idyllic,7
up,7
will,7
same,7
see,7
another,7
were,7
never,7
who,7
embodiment,7
while,7
our,7
much,7
different,6
possibilities,6
able,6
say,6
thus,6
self,6
resists,6
their,6
space,6
philosophical,6
part,6
example,6
least,6
things,6
family,6
rabelaisian,6
two,6
tries,6
also,6
death,6
after,6
problems,6
idyll,6
often,6
text,6
each,6
terms,6
must,6
describes,6
does,5
expression,5
word,5
organic,5
being,5
together,5
takes,5
response,5
hero,5
just,5
acknowledges,5
work,5
around,5
indeed,5
says,5
represents,5
under,5
us,5
name,5
idea,5
end,5
personality,5
perhaps,5
use,5
figure,5
principle,5
historical,5
living,5
according,5
finally,5
potential,5
between,5
emerson,4
ultimate,4
conscious,4
room,4
take,4
there,4
last,4
existence,4
mental,4
human,4
stasis,4
century,4
unity,4
marriage,4
find,4
caryl,4
rather,4
levels,4
direct,4
house,4
always,4
important,4
systems,4
view,4
cannot,4
genre,4
next,4
autonomy,4
few,4
appropriate,4
underground,4
situation,4
song,4
chronotopes,4
already,4
longer,4
men,4
lid,4
birth,4
individual,4
relationship,4
prose,4
recognizes,4
recognize,4
poetics,4
bench,4
surprised,4
speech,4
almost,4
don,4
categories,4
beer,4
writing,4
come,4
conditions,4
should,4
represent,3
extreme,3
trans,3
likewise,3
complex,3
integrity,3
essays,3
character,3
attempts,3
stylistic,3
down,3
confront,3
state,3
respond,3
within,3
system,3
u,3
possible,3
mikhail,3
obvious,3
framework,3
exist,3
quality,3
realized,3
elements,3
displays,3
undress,3
differently,3
semantic,3
details,3
than,3
though,3
whose,3
dialogic,3
act,3
interpretation,3
sort,3
basic,3
heard,3
fat,3
sorts,3
too,3
instance,3
m,3
could,3
extraordinary,3
plot,3
rooms,3
events,3
compassion,3
singing,3
possibility,3
whole,3
actually,3
p,3
cries,3
impossible,3
value,3
am,3
brings,3
strategic,3
alongside,3
ed,3
begins,3
power,3
toward,3
many,3
sing,3
abstract,3
doubt,3
hand,3
everyday,3
forth,3
material,3
compelled,3
distance,3
number,3
realize,3
verbal,3
encounter,3
worse,3
ideas,3
nothing,3
involves,3
clear,3
times,3
high,3
mind,3
trying,3
generic,3
exactly,3
ascribe,3
suggest,3
becomes,3
began,3
dead,3
comes,3
circumstances,3
simply,3
ever,3
know,3
novel,3
consciousness,3
person,3
wit,3
whether,3
form,3
resistance,3
allows,3
representation,3
false,3
question,3
ultimately,3
instead,3
need,3
dostoevsky,3
era,3
conventions,3
among,3
go,2
now,2
prostitution,2
conflicting,2
concerned,2
mysteries,2
slum,2
alone,2
grotesque,2
identify,2
songs,2
live,2
ways,2
completely,2
devices,2
feels,2
nonetheless,2
chooses,2
painful,2
every,2
creation,2
ears,2
gary,2
affinities,2
wholeness,2
borders,2
desire,2
potentially,2
juxtapositions,2
real,2
nevertheless,2
introduces,2
precisely,2
holquist,2
somewhat,2
sound,2
side,2
autonomous,2
money,2
adopts,2
account,2
withdrawal,2
reaction,2
functions,2
identifies,2
deserted,2
relationships,2
pursue,2
against,2
characteristic,2
turn,2
old,2
dates,2
third,2
drawn,2
fool,2
furthermore,2
ceases,2
finalized,2
essential,2
silence,2
without,2
bring,2
how,2
process,2
mean,2
eight,2
thing,2
humanity,2
certain,2
leave,2
strange,2
bakhtinian,2
soul,2
romantic,2
naivety,2
familiar,2
agreeably,2
driven,2
threat,2
continual,2
putting,2
back,2
prosaics,2
strategy,2
appear,2
behaviour,2
authority,2
asserts,2
found,2
strength,2
typical,2
effort,2
lived,2
austin,2
ann,2
irony,2
shall,2
rabelais,2
appears,2
sentence,2
verse,2
doesn,2
scene,2
having,2
none,2
basis,2
crude,2
apparendy,2
inevitability,2
irish,2
abort,2
literature,2
people,2
device,2
apparently,2
away,2
surrounding,2
stanford,2
field,2
carry,2
unexpected,2
sings,2
order,2
quite,2
night,2
long,2
graveyards,2
characteristics,2
highly,2
folk,2
notorious,2
suddenly,2
texas,2
fuses,2
roots,2
notes,2
passive,2
disturbing,2
avoid,2
society,2
calls,2
rogue,2
matter,2
contact,2
short,2
thoughts,2
female,2
breath,2
saul,2
still,2
experiences,2
squint,2
renew,2
abrupt,2
once,2
makes,2
read,2
happened,2
thought,2
during,2
orange,2
home,2
moments,2
baby,2
fix,2
kern,2
fire,2
assert,2
hears,2
again,2
others,2
flat,2
experienced,2
tradition,2
efforts,2
ought,2
choice,2
remarked,2
educated,2
oneself,2
hear,2
everything,2
enough,2
do,2
morson,2
michael,2
less,2
answer,2
shifts,2
going,2
free,2
anticipate,2
autobiography,2
greatest,2
made,2
range,2
represented,2
formal,2
contemplate,2
utterance,2
prostitute,2
questions,2
sees,2
significance,2
language,2
function,2
losing,2
imagination,2
qualities,2
political,2
reluctant,2
perspectives,2
meets,2
cowshed,2
crucial,2
attitude,2
modernism,2
means,2
directions,2
force,2
lives,2
length,2
why,2
existed,2
exists,2
remains,2
unusual,2
mud,2
comic,2
stable,2
environment,2
thinking,2
mentioned,2
claims,2
drew,2
natural,2
languages,2
stay,2
eventually,2
expresses,2
written,2
gas,2
childbirth,2
ambivalent,2
scholarly,2
reactions,2
passed,2
anna,2
phenomena,2
level,2
trees,2
ve,2
furniture,2
despite,2
conventional,2
years,2
disposal,2
genres,2
twentieth,2
aware,2
wish,2
parallels,2
move,2
temporal,2
states,2
nettles,2
surrender,2
carnivalesque,2
themselves,2
characters,2
little,2
immediately,2
vulgar,2
asked,2
deeper,2
problem,1
final,1
impossibility,1
rate,1
done,1
child,1
deny,1
hallmarks,1
ejected,1
responds,1
commentary,1
pronoun,1
dictate,1
either,1
till,1
broadest,1
unpleasant,1
abusing,1
truth,1
cradle,1
everyone,1
extend,1
episodes,1
e,1
extends,1
linguistic,1
passing,1
expect,1
unsuccessful,1
juxtaposition,1
interrelationships,1
poetry,1
instructions,1
fate,1
topics,1
pierre,1
referring,1
likely,1
alive,1
motivation,1
remnants,1
sudden,1
contend,1
modern,1
satisfied,1
incidentally,1
realities,1
enjoys,1
western,1
fixed,1
split,1
presents,1
individually,1
fragile,1
siblings,1
interpretative,1
nineteenth,1
something,1
nice,1
contexts,1
turning,1
charity,1
themes,1
anything,1
novy,1
else,1
thighs,1
decidedly,1
sublimated,1
sources,1
wrong,1
hence,1
invention,1
textual,1
winning,1
certainly,1
production,1
interests,1
coexist,1
give,1
taken,1
digressive,1
contrasted,1
acutely,1
austere,1
elysium,1
dreams,1
joke,1
nature,1
departure,1
romances,1
tutor,1
reach,1
principles,1
capitalist,1
withholding,1
suggesting,1
ardently,1
dismayed,1
great,1
reasons,1
astonishingly,1
entryway,1
finalization,1
inherent,1
monologue,1
thanks,1
reveal,1
reproduction,1
subsequent,1
help,1
ancestry,1
resorting,1
consist,1
infinitely,1
mocks,1
stand,1
sacred,1
concepts,1
those,1
staff,1
satire,1
opposite,1
adventures,1
contradicting,1
reading,1
context,1
depends,1
concealed,1
generosity,1
filth,1
sophisticated,1
modernist,1
inquire,1
amorous,1
wordplay,1
conventionality,1
formulation,1
draws,1
propensity,1
primary,1
sought,1
psycho,1
saying,1
sexual,1
draw,1
discuss,1
right,1
capable,1
determined,1
fl,1
goethe,1
skipping,1
insight,1
mastery,1
combination,1
desired,1
eliminating,1
unify,1
cited,1
dynamic,1
literal,1
scandal,1
unrestrained,1
constrained,1
undoubtedly,1
enter,1
ritual,1
plenty,1
acknowledgement,1
collection,1
belly,1
make,1
presently,1
interestingly,1
wherever,1
optimism,1
nostalgic,1
relies,1
weakens,1
shapeless,1
muses,1
collapse,1
announce,1
immobile,1
mine,1
development,1
church,1
surrounded,1
obsesses,1
negation,1
interest,1
forgotten,1
madness,1
logic,1
ability,1
moment,1
raises,1
needed,1
impudence,1
afford,1
vacillates,1
realization,1
topic,1
assured,1
expected,1
insult,1
forced,1
taste,1
weaknesses,1
pessimistic,1
precludes,1
distinct,1
nor,1
selfhood,1
keep,1
fatalism,1
softened,1
profound,1
subjects,1
ha,1
vern,1
modernity,1
six,1
difficulty,1
recalls,1
gauge,1
wholly,1
applying,1
left,1
witnessed,1
disjointedly,1
beginning,1
overarching,1
explore,1
obscure,1
memoir,1
look,1
spite,1
forestall,1
importandy,1
meister,1
occasion,1
understood,1
doubleness,1
enrich,1
acknowledge,1
henk,1
depths,1
grasp,1
subversive,1
phases,1
van,1
employ,1
opposed,1
interesting,1
profoundly,1
unravel,1
links,1
growth,1
destroy,1
generations,1
essence,1
pretends,1
pedantry,1
aggressive,1
organizing,1
antagonistic,1
notices,1
notion,1
knew,1
conceptions,1
hers,1
realizes,1
risk,1
loses,1
beja,1
slippery,1
hearing,1
interrelationship,1
folkloric,1
leaves,1
danger,1
distant,1
lay,1
govern,1
feel,1
productive,1
scattered,1
extremes,1
moves,1
unchanging,1
rising,1
understand,1
category,1
utterly,1
escape,1
proving,1
bad,1
speculative,1
dens,1
consider,1
objects,1
organization,1
physically,1
retained,1
wains,1
sick,1
presumably,1
clearly,1
elsewhere,1
barend,1
weather,1
completion,1
dominate,1
traces,1
gradually,1
contemporaries,1
advancing,1
situations,1
age,1
four,1
provokes,1
stripping,1
connecting,1
shed,1
barring,1
discomfort,1
evolves,1
requires,1
signification,1
thieves,1
dominant,1
psychoanalytical,1
coincide,1
italics,1
artistic,1
experimentation,1
whereas,1
greater,1
based,1
whom,1
sarcastic,1
heteroglossia,1
societies,1
juncture,1
opposing,1
resonate,1
entered,1
speeches,1
called,1
discrete,1
inappropriate,1
attack,1
relating,1
foreground,1
seven,1
conventionally,1
vulnerability,1
served,1
scenes,1
carleton,1
zone,1
configuration,1
melancholy,1
illness,1
constantly,1
struggles,1
suits,1
representative,1
late,1
brothels,1
pure,1
pointing,1
traits,1
cultural,1
licentiousness,1
war,1
block,1
rousseau,1
indirect,1
scale,1
ofdostoevsky,1
handled,1
record,1
tension,1
refuge,1
guidance,1
approached,1
wisest,1
overwhelmed,1
wide,1
public,1
lepping,1
naturalism,1
bilingualism,1
oh,1
expressions,1
verbally,1
wants,1
memory,1
shape,1
existential,1
provincial,1
rescues,1
spheres,1
episode,1
future,1
relief,1
closed,1
revealed,1
arrives,1
criticize,1
bc,1
generative,1
hints,1
imagined,1
protected,1
concept,1
brought,1
favourable,1
guess,1
purpose,1
denigrated,1
related,1
withdraws,1
bettering,1
tune,1
positions,1
surprise,1
genuine,1
legalese,1
follies,1
fail,1
instinctive,1
editorial,1
literally,1
flight,1
contains,1
underscored,1
winter,1
et,1
forces,1
employed,1
wanders,1
confession,1
deeply,1
interpreted,1
status,1
rendered,1
patriots,1
manifestation,1
refuse,1
eccentric,1
enactments,1
menippean,1
earth,1
multiplicity,1
tone,1
stool,1
running,1
normally,1
endowing,1
describing,1
fulfilled,1
useful,1
cold,1
stage,1
volume,1
tested,1
jots,1
contrast,1
insecurities,1
cunts,1
emerging,1
event,1
small,1
calling,1
several,1
imagines,1
pregnant,1
pregnancy,1
concerns,1
negotiates,1
narrating,1
comfort,1
invoke,1
intruding,1
decline,1
styled,1
protect,1
revels,1
boundaries,1
resonant,1
anyhow,1
engages,1
whatsoever,1
occasions,1
alternates,1
finishing,1
necessity,1
results,1
proper,1
faeces,1
cycle,1
structured,1
protagonist,1
grateful,1
finds,1
waiting,1
brothel,1
rest,1
epitaph,1
seemed,1
survived,1
theorizer,1
battle,1
girl,1
challenge,1
edith,1
led,1
second,1
demand,1
minor,1
onset,1
configuring,1
ttie,1
incredible,1
keeps,1
humanist,1
bringing,1
fortunately,1
indicative,1
repulsed,1
intrusions,1
limited,1
accepting,1
brief,1
drops,1
oversight,1
object,1
renames,1
prove,1
attempt,1
community,1
resemblance,1
dread,1
realizing,1
garden,1
drink,1
curtain,1
movement,1
contra,1
artist,1
procession,1
simultaneously,1
direction,1
qualms,1
positive,1
illuminating,1
fighting,1
biological,1
spoken,1
coherence,1
realm,1
unfolds,1
reference,1
meanwhile,1
noonan,1
serve,1
disingenuously,1
soon,1
subservient,1
sounds,1
predecessor,1
disclosure,1
columbus,1
exposes,1
neither,1
ancient,1
contemplation,1
profane,1
ageless,1
insanity,1
light,1
complete,1
shock,1
shifting,1
dropped,1
passions,1
underhanded,1
belonging,1
sociohistorical,1
unusually,1
speaking,1
maintained,1
worldviews,1
cleverest,1
tropes,1
definitions,1
street,1
worst,1
endured,1
provencal,1
members,1
french,1
comfortable,1
heusden,1
lapse,1
carolyn,1
paraphrasing,1
pointed,1
reporting,1
lifeless,1
rejects,1
performs,1
addition,1
water,1
oddities,1
speaks,1
artists,1
seconds,1
bordering,1
expose,1
sniffing,1
astonishment,1
contrasts,1
minnesota,1
instability,1
plan,1
agree,1
afraid,1
exclusion,1
attempting,1
disturbed,1
inevitably,1
grave,1
objectivized,1
really,1
associates,1
somewhere,1
legs,1
grows,1
flees,1
reacts,1
granting,1
itch,1
serious,1
removal,1
conclusions,1
consciously,1
physiological,1
present,1
performances,1
psychic,1
risked,1
remarkable,1
discussing,1
road,1
creature,1
roofless,1
purposes,1
astier,1
establish,1
relevant,1
surprises,1
until,1
ontological,1
uttered,1
regretful,1
minneapolis,1
perceives,1
simplicity,1
verbalizing,1
eds,1
assault,1
impoverished,1
laced,1
gives,1
insecure,1
admittedly,1
defecation,1
obsession,1
unable,1
casting,1
stance,1
reminds,1
pissing,1
plane,1
remove,1
ayers,1
local,1
deaf,1
private,1
understanding,1
admits,1
clients,1
coherent,1
survive,1
examples,1
suicides,1
temperamental,1
doomed,1
upon,1
renders,1
helps,1
sides,1
writings,1
pop,1
fictional,1
desperate,1
passes,1
deserts,1
looking,1
herself,1
exploits,1
conceived,1
overheard,1
refreshment,1
entirely,1
denies,1
food,1
largely,1
confrontational,1
assumption,1
privileges,1
factor,1
blocking,1
jursa,1
freedom,1
eden,1
engaged,1
imposes,1
insults,1
specifies,1
fantastic,1
full,1
previous,1
epic,1
theoretical,1
described,1
rejected,1
deploring,1
open,1
meanings,1
truths,1
three,1
provoked,1
moral,1
reality,1
compressed,1
directed,1
seasons,1
essay,1
faces,1
counter,1
wits,1
expert,1
pride,1
defensive,1
transience,1
grammatical,1
period,1
general,1
mask,1
stages,1
laugh,1
lie,1
incongruence,1
unintentionally,1
unsettled,1
accurate,1
anyone,1
drivel,1
poetic,1
believing,1
expressing,1
intrinsic,1
latter,1
humour,1
cowshit,1
readers,1
probe,1
somehow,1
labour,1
disclosed,1
date,1
imaginative,1
study,1
eyes,1
parallel,1
connectedness,1
sense,1
insists,1
become,1
relation,1
interpretations,1
remembers,1
pro,1
insane,1
deliberate,1
effect,1
masculine,1
james,1
morbidly,1
probably,1
dominance,1
morris,1
figures,1
tendency,1
bounties,1
destruction,1
connections,1
insignificant,1
basically,1
outright,1
propose,1
attention,1
widely,1
performing,1
visit,1
increasing,1
dealing,1
carried,1
diametrically,1
suggestion,1
tests,1
lyrical,1
dominates,1
note,1
stars,1
mixture,1
foil,1
vision,1
suspected,1
rough,1
ironically,1
resistant,1
bare,1
male,1
wearied,1
excluding,1
sensitive,1
abnormal,1
insist,1
affinity,1
ordering,1
parcel,1
overlap,1
importantly,1
remaining,1
originated,1
peril,1
try,1
gravestones,1
wilhelm,1
memorable,1
testifies,1
hyper,1
expectations,1
turd,1
ottawa,1
objections,1
fall,1
confronts,1
types,1
get,1
strategically,1
face,1
interpretive,1
door,1
matters,1
echoes,1
complacent,1
differentiated,1
share,1
contained,1
associated,1
mcgee,1
impulse,1
singles,1
version,1
wasted,1
biography,1
ringing,1
graveyard,1
contradiction,1
invoked,1
continues,1
symbolic,1
implied,1
stuffed,1
ll,1
narrowly,1
forgets,1
sciences,1
labelling,1
gontarski,1
news,1
school,1
defining,1
evokes,1
delimitation,1
intellectual,1
godot,1
shares,1
tomb,1
ancestor,1
debilitating,1
lying,1
inclined,1
save,1
compulsively,1
setting,1
seem,1
gone,1
accommodate,1
explicated,1
current,1
lodgings,1
intrusion,1
domestic,1
returns,1
capacity,1
provoke,1
ideological,1
sofa,1
stretching,1
contradictory,1
obviously,1
speculation,1
infer,1
asserting,1
precarious,1
reflected,1
interconnection,1
associations,1
past,1
accepts,1
works,1
absolutely,1
better,1
parody,1
incorporate,1
aso,1
overhears,1
defend,1
exposing,1
anymore,1
affirm,1
spatial,1
prefers,1
namely,1
degree,1
want,1
particular,1
nauseated,1
shove,1
textbook,1
agricultural,1
attitudes,1
map,1
mere,1
theory,1
ceased,1
leaving,1
faggot,1
extent,1
loved,1
appropriated,1
spasm,1
w,1
defying,1
information,1
crudest,1
suspicion,1
contain,1
circularity,1
universe,1
size,1
garbage,1
mir,1
occasionally,1
altered,1
given,1
conclude,1
exercising,1
ohio,1
dependent,1
introduced,1
role,1
flout,1
giving,1
subject,1
activity,1
impose,1
lies,1
sitting,1
everywhere,1
acute,1
impulses,1
strewn,1
phenomenon,1
credentials,1
mention,1
exploit,1
gain,1
childhood,1
rewarding,1
remarks,1
francois,1
tell,1
authorial,1
score,1
lists,1
resist,1
write,1
samuel,1
mode,1
crisis,1
daydreaming,1
offer,1
joined,1
although,1
humor,1
define,1
canadian,1
jarring,1
evidence,1
unified,1
writer,1
clues,1
limitations,1
philosophy,1
shells,1
instinct,1
sexuality,1
day,1
summoned,1
extremely,1
recalling,1
repeat,1
association,1
speak,1
rudiments,1
fours,1
evoked,1
preclass,1
humanistic,1
assumed,1
clarify,1
recounted,1
rejection,1
justify,1
reached,1
adheres,1
slang,1
dark,1
uncertainty,1
fears,1
element,1
entire,1
backwards,1
strong,1
epochs,1
tired,1
breathed,1
doing,1
linearity,1
close,1
tragic,1
vividly,1
major,1
evidently,1
perception,1
interlaced,1
richly,1
