WORDCOUNTS,WEIGHT
the,440
of,333
to,205
and,177
in,157
is,142
a,127
physicians,84
that,84
physician,79
medical,70
care,66
be,64
are,63
for,54
health,51
this,50
it,48
on,45
which,43
as,43
by,40
but,39
not,39
or,38
more,38
with,36
have,31
if,30
an,30
canada,29
can,27
supply,24
economic,24
would,24
at,23
from,23
one,21
may,21
surplus,20
stock,20
we,20
foreign,20
canadian,20
their,19
will,19
domestic,19
market,18
some,18
services,18
immigration,18
incomes,18
such,17
costs,17
new,17
does,16
utilization,16
s,16
g,16
price,16
large,15
there,15
even,15
prices,15
evans,14
all,14
so,14
has,13
quality,13
could,13
its,13
manpower,13
us,13
these,13
over,13
level,13
argument,13
they,12
schools,12
too,12
public,12
policy,11
those,11
only,11
many,11
do,11
practitioners,11
course,11
between,11
per,10
other,10
population,10
were,10
high,10
then,10
each,10
what,10
should,10
political,9
no,9
economics,9
technical,9
because,9
industry,9
model,9
income,9
general,9
who,9
any,9
them,9
terms,9
surgical,9
e,8
long,8
seems,8
robert,8
fees,8
than,8
how,8
however,8
well,8
up,8
tariff,8
practice,8
substitutes,8
doctors,8
economists,8
patients,8
country,8
hospital,8
i,7
system,7
since,7
output,7
surgery,7
most,7
additional,7
access,7
data,7
excessive,7
et,7
least,7
optimal,7
demand,7
still,7
j,7
social,7
fact,7
time,7
increases,7
made,7
clear,7
must,7
ratio,7
while,7
both,7
arguments,7
world,7
average,7
d,7
evidence,7
product,7
much,7
tend,6
true,6
leads,6
implications,6
real,6
possible,6
patient,6
immigrants,6
restrict,6
higher,6
cost,6
important,6
view,6
work,6
issues,6
about,6
al,6
choice,6
where,6
see,6
number,6
use,6
low,6
enough,6
effect,6
probably,6
been,6
try,6
analysis,6
school,6
simply,6
excess,6
down,6
particularly,6
very,6
among,6
medicare,5
hence,5
might,5
rapid,5
shortage,5
government,5
context,5
issue,5
existence,5
run,5
consumer,5
feldstein,5
positive,5
immigrant,5
university,5
was,5
n,5
numbers,5
generally,5
restriction,5
behaviour,5
distribution,5
out,5
information,5
r,5
training,5
intermediate,5
place,5
collective,5
several,5
always,5
fuchs,5
reduced,5
service,5
make,5
under,5
present,5
discussion,5
pricing,5
increase,5
assumption,5
national,5
students,5
individual,5
relation,5
structure,5
fee,5
moreover,5
quite,5
control,5
current,5
better,5
problem,5
bargaining,5
point,5
go,4
position,4
negative,4
lower,4
being,4
first,4
ii,4
available,4
take,4
respond,4
within,4
primary,4
october,4
consumers,4
except,4
unpublished,4
de,4
estimates,4
response,4
journal,4
rather,4
sort,4
changes,4
presumably,4
clearly,4
powerful,4
result,4
medicine,4
cannot,4
sovereignty,4
literature,4
planning,4
unless,4
example,4
approach,4
field,4
insurance,4
research,4
when,4
newhouse,4
situation,4
reduce,4
conventional,4
makes,4
technology,4
two,4
also,4
areas,4
reasonable,4
perhaps,4
free,4
private,4
assume,4
trade,4
latter,4
sense,4
widely,4
continued,4
provide,4
case,4
paper,4
seem,4
report,4
obviously,4
rising,4
theory,4
unnecessary,4
almost,4
given,4
through,4
role,4
effects,4
increased,4
import,4
close,4
rate,3
common,3
introduction,3
expect,3
group,3
zero,3
studies,3
former,3
necessarily,3
total,3
before,3
projections,3
source,3
sources,3
certainly,3
official,3
somewhat,3
right,3
obvious,3
community,3
along,3
thus,3
emerge,3
differential,3
canadians,3
ability,3
times,3
taxpayers,3
amount,3
generation,3
operation,3
york,3
whose,3
his,3
adds,3
levels,3
roos,3
process,3
determining,3
proportion,3
huge,3
established,3
welfare,3
upper,3
problems,3
trained,3
cut,3
had,3
standards,3
p,3
objectives,3
base,3
wide,3
wants,3
expensive,3
improve,3
future,3
gains,3
part,3
andreopoulos,3
people,3
own,3
change,3
ratios,3
politically,3
emerging,3
characteristics,3
impossible,3
peculiar,3
rest,3
f,3
likely,3
reductions,3
practices,3
short,3
indeed,3
etc,3
suppose,3
competition,3
marginal,3
politiques,3
same,3
ed,3
department,3
power,3
fundamental,3
rents,3
pressure,3
enable,3
ottawa,3
v,3
existing,3
necessary,3
another,3
range,3
significant,3
resulting,3
workloads,3
questions,3
variables,3
reimbursement,3
after,3
promotion,3
become,3
relative,3
professional,3
decision,3
increasing,3
aid,3
favour,3
off,3
ch,3
countries,3
associated,3
known,3
different,3
believe,3
best,3
benefit,3
capita,3
whether,3
want,3
independently,3
inflow,3
balance,3
suggests,3
economist,3
buy,3
subject,3
our,3
years,3
difference,3
institutional,3
instead,3
although,3
surgeons,3
technological,3
resources,3
difficult,2
now,2
stoddart,2
discourage,2
m,2
limits,2
behavioural,2
avoiding,2
cent,2
differentials,2
personnel,2
alone,2
american,2
complex,2
bonham,2
h,2
inconsistent,2
easily,2
perfect,2
earnings,2
paternalistic,2
protection,2
encourage,2
controlled,2
altman,2
experience,2
consistent,2
either,2
production,2
interests,2
address,2
nature,2
company,2
possibilities,2
secondary,2
suppliers,2
prepaid,2
confusion,2
rich,2
assembled,2
able,2
anyway,2
last,2
trouble,2
british,2
takes,2
depending,2
tie,2
assertions,2
key,2
capacity,2
implies,2
determined,2
taking,2
x,2
establishment,2
quantity,2
dynamic,2
requirements,2
review,2
peculiarities,2
due,2
objective,2
scarce,2
rivard,2
expected,2
turn,2
nor,2
quebec,2
depend,2
fond,2
practitioner,2
drives,2
criterion,2
rafferty,2
y,2
citizen,2
influence,2
incentive,2
pay,2
interesting,2
simultaneously,2
wishes,2
recognized,2
adequate,2
hopes,2
lexington,2
l,2
growth,2
across,2
hughes,2
thing,2
direct,2
special,2
study,2
acquisition,2
disequilibrium,2
producers,2
just,2
impact,2
allocative,2
w,2
show,2
resource,2
beyond,2
efficient,2
represent,2
billing,2
mix,2
flow,2
appear,2
graduates,2
tariffs,2
based,2
lead,2
columbia,2
train,2
deal,2
international,2
monitoring,2
hospitals,2
captured,2
evaluate,2
equally,2
traced,2
effective,2
rent,2
appears,2
moore,2
procedures,2
eilers,2
creates,2
possibility,2
failure,2
directly,2
provincial,2
residents,2
imports,2
london,2
positions,2
ten,2
whole,2
year,2
purcell,2
during,2
butter,2
doors,2
regional,2
volume,2
monopoly,2
status,2
sossus,2
graduate,2
officials,2
peterson,2
revolution,2
involve,2
adequacy,2
fast,2
restricting,2
oct,2
few,2
highly,2
grow,2
schedules,2
budgets,2
perlman,2
orthodox,2
resistance,2
using,2
value,2
provided,2
reducing,2
blackstone,2
society,2
appeal,2
threatened,2
therefore,2
io,2
proration,2
protecting,2
various,2
expansion,2
whatever,2
above,2
bill,2
hold,2
decisions,2
phelps,2
yet,2
pp,2
management,2
raise,2
collectively,2
performed,2
without,2
already,2
administrators,2
financial,2
smith,2
conference,2
forces,2
pretty,2
really,2
illich,2
planners,2
billings,2
lippard,2
continuing,2
less,2
books,2
acquire,2
compete,2
insured,2
restrictions,2
cohesion,2
actual,2
office,2
profession,2
keep,2
period,2
function,2
optimum,2
stresses,2
provides,2
educational,2
attendant,2
equivalent,2
achieve,2
normal,2
la,2
applies,2
visit,2
independent,2
movements,2
sometimes,2
arrow,2
lines,2
substitution,2
why,2
responsible,2
fall,2
hope,2
respect,2
education,2
get,2
moyerman,2
itself,2
articles,2
rise,2
ioo,2
extensive,2
here,2
intellectual,2
readily,2
variable,2
appendix,2
er,2
linked,2
associations,2
c,2
merely,2
surpluses,2
unlikely,2
nominal,2
form,2
particular,2
sunk,2
extent,2
infant,2
targets,2
consumerist,2
plans,2
assumptions,2
programs,2
phenomenon,2
evidenced,2
examinations,2
models,2
kessel,2
unable,2
rationalization,2
washington,2
charge,2
include,2
defined,2
association,2
bygones,2
ofphysicians,2
observation,2
externality,2
restricts,2
views,2
comparable,2
recent,2
observed,2
costly,2
final,1
waited,1
cohesiveness,1
modelling,1
undergraduate,1
o,1
inhibits,1
faculties,1
prefer,1
estimated,1
way,1
concerned,1
inaccurate,1
generated,1
groups,1
commitment,1
prolonging,1
levers,1
culminated,1
consume,1
instinctively,1
arrive,1
determine,1
busy,1
red,1
measures,1
empirical,1
eliminated,1
fragmented,1
starts,1
informational,1
settlements,1
needed,1
prediction,1
judged,1
denied,1
illegal,1
properly,1
identify,1
uncomfortable,1
join,1
live,1
authority,1
asserted,1
injuries,1
ways,1
completely,1
bias,1
expenditure,1
competence,1
discriminate,1
decade,1
prefect,1
into,1
individually,1
holding,1
cornell,1
iooo,1
something,1
contested,1
absence,1
strikes,1
spillouts,1
du,1
contortions,1
my,1
turning,1
predominantly,1
diffusion,1
painful,1
explaining,1
ooo,1
permit,1
withdrawn,1
collusion,1
every,1
neglects,1
drugs,1
give,1
attempts,1
hire,1
articulate,1
engineers,1
england,1
paternalism,1
supplied,1
fallout,1
dramatically,1
scientists,1
skills,1
leading,1
correspondingly,1
together,1
converse,1
confirming,1
analyses,1
indifferent,1
borne,1
link,1
farther,1
room,1
beds,1
survey,1
loves,1
graham,1
subsequent,1
resisted,1
feature,1
confers,1
rudimentary,1
state,1
alert,1
precisely,1
monopolistic,1
raised,1
regression,1
staff,1
investigations,1
revise,1
infection,1
stopped,1
papers,1
seminar,1
triggered,1
paying,1
empty,1
ascribed,1
exogenous,1
nber,1
severe,1
constraint,1
u,1
expenses,1
rests,1
march,1
deferring,1
retain,1
design,1
custom,1
vol,1
quantities,1
opened,1
prior,1
constraints,1
activity,1
geared,1
schedule,1
drive,1
manpow,1
appendices,1
reaction,1
powers,1
taxation,1
rid,1
desired,1
say,1
supervision,1
recoup,1
consequent,1
far,1
staffing,1
perlmen,1
apply,1
enter,1
facto,1
opposes,1
inventory,1
diversity,1
framework,1
mid,1
exist,1
nurse,1
human,1
central,1
mistake,1
overshoot,1
million,1
announce,1
disorder,1
influx,1
explained,1
component,1
difficulties,1
losers,1
development,1
ethical,1
points,1
past,1
backgrounds,1
restraining,1
inflation,1
demanded,1
remunerectomies,1
september,1
assumes,1
interest,1
calder,1
resourceeconomizing,1
relatively,1
mixed,1
raises,1
collusive,1
jr,1
honestly,1
overt,1
admission,1
insofar,1
licencing,1
topic,1
century,1
overly,1
substitutions,1
forced,1
kind,1
weaknesses,1
underlying,1
places,1
back,1
contrary,1
squeeze,1
ithaca,1
spectacular,1
compared,1
applying,1
third,1
estimate,1
thin,1
profit,1
weight,1
obscure,1
student,1
macy,1
furthermore,1
simplistic,1
jail,1
shall,1
handful,1
rates,1
businessmen,1
glad,1
react,1
let,1
industries,1
permits,1
poor,1
expansions,1
slowed,1
dangerously,1
reflects,1
act,1
subjected,1
performance,1
proceedings,1
elasticity,1
maximize,1
aggressive,1
overuses,1
basic,1
influential,1
financing,1
notion,1
remote,1
knew,1
approaches,1
represented,1
misallocation,1
risk,1
wiley,1
flexible,1
strands,1
importance,1
se,1
certain,1
balanced,1
slippery,1
reorganizing,1
matched,1
oversimplified,1
evolution,1
dismiss,1
requiring,1
perpetrators,1
lowers,1
bleak,1
support,1
references,1
exactly,1
salaried,1
suppression,1
statistic,1
maintaining,1
proving,1
bad,1
wanted,1
biased,1
budgeting,1
entry,1
imposing,1
organized,1
grounds,1
artificial,1
elsewhere,1
realities,1
house,1
accessibility,1
ignorance,1
statics,1
store,1
origins,1
robbing,1
follow,1
rental,1
followed,1
willing,1
answers,1
entrant,1
shifted,1
internal,1
hit,1
export,1
strategy,1
preference,1
suggested,1
providing,1
footnote,1
perceive,1
regulatory,1
countervailing,1
greater,1
expressed,1
moving,1
advance,1
incomplete,1
acceptable,1
opposition,1
elasticities,1
escalation,1
rule,1
conservative,1
begun,1
enquite,1
generates,1
rebuttal,1
centrally,1
noting,1
unadmitted,1
persist,1
feasibility,1
hadley,1
experts,1
markets,1
unobserved,1
further,1
pure,1
irony,1
pointing,1
informed,1
transactions,1
cultural,1
equal,1
block,1
michigan,1
reviews,1
leonard,1
province,1
tools,1
persons,1
meet,1
excellent,1
scale,1
otherwise,1
handled,1
record,1
perform,1
absolute,1
equilibrating,1
facilities,1
numerous,1
availability,1
premise,1
claimants,1
drain,1
voice,1
impression,1
exert,1
repealing,1
representatives,1
formulate,1
gained,1
differ,1
basis,1
distinguish,1
line,1
justly,1
revealed,1
anecdotes,1
scope,1
bounded,1
strengths,1
externalities,1
sanction,1
interns,1
start,1
preferred,1
printemps,1
scratch,1
significantly,1
brought,1
heavily,1
medniks,1
proportions,1
knowledge,1
curriculum,1
calls,1
esp,1
related,1
oversupply,1
marketplace,1
description,1
loss,1
describe,1
consistently,1
equalled,1
domestically,1
fail,1
policies,1
partly,1
constitute,1
lii,1
relevance,1
predicts,1
earn,1
ontario,1
documented,1
contentious,1
propositions,1
surrounding,1
legislation,1
believes,1
workload,1
interpreted,1
oversubscribed,1
drug,1
refuse,1
regions,1
analysed,1
good,1
solution,1
closing,1
arise,1
correct,1
presented,1
hard,1
below,1
regardless,1
fuzzy,1
wished,1
practising,1
le,1
relevant,1
reaches,1
exclude,1
diagnostic,1
davis,1
small,1
unsafe,1
consensus,1
acts,1
presence,1
dramatic,1
inefficiency,1
usual,1
workforce,1
tended,1
annual,1
progress,1
universities,1
dependent,1
pays,1
productivity,1
paid,1
explains,1
plausible,1
structured,1
reflected,1
appropriate,1
feasible,1
preliminary,1
undershoot,1
annexe,1
aggregate,1
massive,1
activities,1
promising,1
happen,1
highlights,1
he,1
sovereign,1
forever,1
minor,1
advocate,1
variety,1
detected,1
functioning,1
fortunately,1
inadequacy,1
logically,1
separation,1
overall,1
comparative,1
insiders,1
secondly,1
return,1
theorizing,1
nearly,1
upward,1
presently,1
restrictionist,1
sponsored,1
movement,1
undefined,1
southern,1
put,1
tends,1
direction,1
confounded,1
single,1
supplier,1
guide,1
pivotal,1
kingston,1
arrangements,1
serve,1
soon,1
termination,1
perceived,1
sociological,1
home,1
adjusted,1
orders,1
informal,1
rightly,1
assistance,1
sharply,1
reduces,1
counselling,1
qualified,1
reliance,1
controllable,1
noted,1
feebargaining,1
fairly,1
sketch,1
considers,1
useful,1
george,1
goals,1
law,1
stronger,1
toward,1
others,1
statistics,1
preferences,1
backed,1
cheaply,1
complementary,1
efforts,1
shows,1
naive,1
itholly,1
admit,1
valid,1
limit,1
remuneration,1
proposal,1
agree,1
match,1
abstract,1
trainees,1
reform,1
regulation,1
break,1
upgrading,1
diverse,1
understandable,1
john,1
fallen,1
end,1
everything,1
substantially,1
identical,1
considerable,1
charges,1
man,1
discussed,1
utilize,1
serious,1
external,1
question,1
never,1
patterns,1
outside,1
hand,1
ground,1
corps,1
flooded,1
respiratory,1
accepted,1
establish,1
unclear,1
tell,1
moderating,1
irwin,1
ahead,1
agencies,1
eds,1
threats,1
reconciled,1
conceivably,1
shifts,1
distortions,1
convenient,1
ankle,1
lags,1
doubtful,1
nemesis,1
fundamentally,1
classes,1
technologies,1
spending,1
investigated,1
vast,1
intent,1
caring,1
background,1
easier,1
limitations,1
maximized,1
discrimination,1
formal,1
contemplate,1
regulatees,1
enormous,1
upgraded,1
expand,1
budget,1
appalling,1
entirely,1
waste,1
largely,1
emphasize,1
extraordinarily,1
net,1
processes,1
trend,1
story,1
continue,1
homewood,1
option,1
advantages,1
requests,1
manpoii,1
exports,1
similar,1
worry,1
simpleminded,1
josiah,1
increment,1
restraint,1
maligned,1
agreement,1
definitely,1
maintenance,1
workers,1
held,1
vested,1
allowed,1
someone,1
perverse,1
like,1
phoney,1
mount,1
barrage,1
distinction,1
static,1
brain,1
administrative,1
peer,1
men,1
spent,1
payment,1
gets,1
faith,1
especially,1
queen,1
somehow,1
labour,1
commentators,1
costless,1
promote,1
k,1
outmigrating,1
dollars,1
viewpoint,1
nobody,1
deliberate,1
learn,1
judgement,1
inapplicable,1
cruel,1
workshop,1
streams,1
macmillan,1
discretionary,1
separate,1
diseased,1
infants,1
prorationing,1
limiting,1
talked,1
dupuy,1
tests,1
imprime,1
me,1
marginally,1
perspectives,1
tomorrow,1
quo,1
assert,1
stream,1
usually,1
five,1
malfeasance,1
select,1
fewer,1
primarily,1
slow,1
becomes,1
investigators,1
dimensions,1
beneficiary,1
success,1
strongly,1
bears,1
contribution,1
inadequate,1
rapidly,1
whereby,1
margolis,1
confuses,1
applicants,1
often,1
lowered,1
boyars,1
centres,1
types,1
citizens,1
exists,1
contemplating,1
pressures,1
clinical,1
evaluation,1
distributional,1
matters,1
quantitatively,1
quantitative,1
dissertation,1
publicly,1
share,1
authorities,1
magnitude,1
specification,1
precedence,1
recruiting,1
growing,1
broke,1
comes,1
climbing,1
geographic,1
economically,1
damaging,1
medically,1
theme,1
dubious,1
organization,1
unexpected,1
funding,1
organizational,1
alternative,1
set,1
know,1
reinhardt,1
natural,1
principle,1
printer,1
unfeasible,1
expanding,1
global,1
commission,1
connection,1
unambiguously,1
capital,1
straightforward,1
ph,1
printed,1
half,1
berki,1
regard,1
episodic,1
judgements,1
counting,1
foundation,1
iii,1
alternatively,1
losses,1
cramponer,1
perfectly,1
goods,1
constant,1
visits,1
allocated,1
build,1
historical,1
allocation,1
mass,1
emerges,1
assessment,1
february,1
options,1
ideally,1
evident,1
concrete,1
turned,1
helping,1
pooled,1
transfers,1
rose,1
stability,1
underpinnings,1
maintain,1
muscular,1
delegate,1
statement,1
agronomists,1
shortages,1
fully,1
greedy,1
remedies,1
institute,1
require,1
produce,1
influenced,1
minimal,1
agreed,1
profile,1
phenomena,1
emphasis,1
contain,1
rationed,1
strain,1
arbiter,1
herring,1
delivery,1
uncontrolled,1
circumstances,1
careful,1
dismantling,1
tampering,1
multiple,1
ill,1
met,1
slopes,1
city,1
despite,1
confirm,1
sante,1
acute,1
measure,1
pervades,1
target,1
contribute,1
taxpayer,1
results,1
unobservables,1
socializing,1
allows,1
au,1
gain,1
precision,1
formation,1
shown,1
until,1
spring,1
lists,1
generate,1
disappear,1
contract,1
conditions,1
subsidizing,1
leverage,1
strikingly,1
wish,1
documentation,1
approximately,1
richard,1
typically,1
judges,1
land,1
cian,1
cooper,1
meaningfulness,1
need,1
sur,1
gross,1
discounted,1
locate,1
terribly,1
hours,1
area,1
embodies,1
burdens,1
putting,1
needs,1
restored,1
specific,1
removed,1
substitute,1
themselves,1
deployment,1
prospects,1
undesirable,1
justify,1
vary,1
negotiate,1
cheaper,1
irrelevant,1
pool,1
early,1
bargain,1
substantial,1
entire,1
little,1
charging,1
sourcing,1
strong,1
uk,1
seek,1
immoral,1
economize,1
broader,1
inventories,1
major,1
