WORDCOUNTS,WEIGHT
and,103
the,89
of,86
in,45
to,35
a,28
that,24
s,21
gender,18
this,16
for,15
is,14
these,13
with,12
from,12
new,12
she,11
ways,11
by,11
women,11
south,10
western,10
or,10
social,10
dwyer,10
studies,9
culture,9
indian,9
asian,9
on,9
between,9
how,8
lamb,8
are,8
through,8
texts,8
cultural,7
both,7
notions,6
also,6
her,6
its,6
have,6
which,6
theories,6
gendered,6
editors,6
it,5
e,5
sex,5
feminist,5
bourgeois,5
older,5
their,5
they,4
one,4
as,4
not,4
opportunities,4
modern,4
india,4
consciousness,4
same,4
age,4
cultures,4
bourgeoisie,4
men,4
non,4
sexual,4
chapter,4
some,4
hindu,4
indigenous,4
elite,4
relationships,4
g,4
an,4
sexuality,4
especially,4
modernity,4
at,3
critical,3
film,3
perspectives,3
premodern,3
male,3
female,3
combine,3
experiences,3
strands,3
analysis,3
philosophies,3
bias,3
makes,3
urdu,3
but,3
love,3
book,3
important,3
different,3
global,3
scholars,3
young,3
vanita,3
reveal,3
mass,3
context,3
books,3
shifts,3
patriarchal,3
aging,3
categories,3
discussion,3
city,3
people,3
postcolonial,3
theoretical,3
heterosexist,3
old,3
family,3
perspective,3
lesbian,3
become,3
critiques,3
resistance,3
notes,3
society,3
analytic,2
communities,2
delineating,2
struggle,2
bringing,2
economic,2
arising,2
positions,2
argues,2
fiction,2
intersect,2
haute,2
contribution,2
village,2
indicate,2
study,2
about,2
approaches,2
combines,2
thought,2
mobile,2
advertisements,2
salient,2
into,2
arguing,2
materials,2
provocative,2
themes,2
gay,2
show,2
two,2
heterosexual,2
first,2
inflect,2
volume,2
personhoods,2
more,2
attempts,2
taken,2
over,2
body,2
control,2
many,2
authority,2
delineation,2
other,2
explores,2
pulp,2
constructions,2
differences,2
epistemological,2
rich,2
very,2
contemporary,2
nationalism,2
poetry,2
rural,2
equally,2
ground,2
political,2
scholarly,2
what,2
investigation,2
produced,2
magazines,2
however,2
woman,2
public,2
insightful,2
gained,2
translations,2
ties,2
well,2
local,2
account,2
prevailing,2
literature,2
translated,2
contexts,2
bodies,2
values,2
multiple,2
point,2
marginalized,2
angle,2
collection,2
neglect,2
vocabulary,2
bengali,2
identities,2
formations,2
commercial,2
three,2
assumptions,2
change,2
fresh,2
relations,2
tolerant,2
consumer,2
would,2
media,2
effects,2
villagers,2
emphasizes,2
commentaries,2
emerging,2
contributions,2
self,2
underlying,2
upwardly,2
can,2
drawn,2
looks,2
develop,2
timely,2
marital,2
language,2
value,2
enrich,2
kidwai,2
critiquing,2
model,1
imaginatively,1
may,1
chronological,1
rachel,1
portion,1
nonlegitimized,1
phenomena,1
changes,1
perso,1
interesting,1
simultaneously,1
moreover,1
islamic,1
fails,1
noteworthy,1
second,1
impermeable,1
investigating,1
hegemony,1
frequent,1
oriented,1
practices,1
various,1
way,1
independent,1
english,1
medieval,1
links,1
been,1
transnational,1
enlivened,1
groups,1
absent,1
distorted,1
across,1
centered,1
indeed,1
homogenize,1
stresses,1
bengal,1
bound,1
adapt,1
limited,1
caught,1
essentialized,1
begin,1
influential,1
market,1
cinema,1
debates,1
syncretistic,1
procreation,1
binary,1
institutions,1
line,1
resisting,1
portrayals,1
mean,1
dimensions,1
sensitive,1
completely,1
directions,1
seen,1
analyzes,1
specifying,1
imperialism,1
mainstream,1
unevenly,1
legal,1
sarah,1
importance,1
inadequate,1
personhood,1
least,1
complex,1
seemingly,1
procreative,1
religious,1
tends,1
institutionalized,1
class,1
selection,1
sexualities,1
star,1
often,1
vocabularies,1
multifaceted,1
white,1
nouveau,1
caste,1
mahabharata,1
formed,1
erotic,1
elderly,1
openness,1
confines,1
criticism,1
widows,1
bypass,1
relied,1
ones,1
yet,1
contestation,1
canonical,1
evaluates,1
face,1
category,1
read,1
paradigms,1
marginal,1
romantic,1
provocatively,1
pressures,1
hegemonic,1
affect,1
array,1
notwithstanding,1
sociocultural,1
undoing,1
stable,1
realities,1
paradoxes,1
tracks,1
legacies,1
anthropology,1
secularism,1
place,1
comparisons,1
key,1
cycles,1
history,1
languages,1
postmenopausal,1
home,1
gendering,1
specify,1
light,1
asia,1
material,1
viewpoints,1
homoerotic,1
friendship,1
lenses,1
without,1
demonstrates,1
weak,1
changing,1
bombay,1
most,1
attitudes,1
demonstrate,1
ever,1
increasingly,1
common,1
regional,1
frameworks,1
gossip,1
passion,1
either,1
beyond,1
conflicting,1
explaining,1
considers,1
constructed,1
sources,1
insightfully,1
long,1
fire,1
gain,1
oppression,1
hinglish,1
chronicles,1
voices,1
alternative,1
interests,1
underelaborated,1
nonmodern,1
researched,1
implications,1
give,1
astutely,1
selves,1
drawing,1
death,1
attempt,1
globalization,1
conflicts,1
empowerment,1
each,1
challenges,1
presents,1
diachronic,1
had,1
perceptive,1
grow,1
moving,1
standards,1
subjectivities,1
based,1
inclined,1
possibilities,1
shaped,1
introduce,1
path,1
ethnography,1
available,1
excavating,1
societies,1
hybrid,1
buddhist,1
tolerate,1
deconstructionist,1
together,1
found,1
conservative,1
borders,1
wealthy,1
color,1
unaware,1
inappropriate,1
substance,1
feminisms,1
portrayal,1
choice,1
emotion,1
organizes,1
producing,1
time,1
inconsistency,1
particularly,1
objectives,1
enlightenment,1
compliance,1
classical,1
richer,1
xiii,1
personal,1
rebuttal,1
demonstrating,1
forging,1
criticisms,1
ethno,1
xenophobic,1
depictions,1
liberal,1
products,1
generalized,1
historical,1
examining,1
i,1
subsequent,1
westernized,1
works,1
living,1
depict,1
urbanization,1
person,1
further,1
pure,1
do,1
concepts,1
present,1
lens,1
none,1
alike,1
reading,1
purity,1
lifetimes,1
secular,1
stressing,1
similar,1
setting,1
establish,1
pitting,1
similarities,1
terms,1
nationalist,1
shobha,1
heavily,1
cannot,1
making,1
sprawling,1
practice,1
focusing,1
maintain,1
xvii,1
eroticism,1
contrasting,1
normative,1
explore,1
narrative,1
theory,1
eastern,1
somatic,1
adaptation,1
saleem,1
preparing,1
while,1
number,1
determine,1
expressions,1
biographies,1
because,1
outstanding,1
underlie,1
struggling,1
rationality,1
voice,1
consuming,1
treatises,1
discourses,1
modernities,1
interrelated,1
urban,1
flourish,1
activity,1
subaltern,1
visions,1
strand,1
work,1
international,1
middle,1
spaces,1
scope,1
lies,1
socioeconomic,1
made,1
range,1
pave,1
active,1
attentive,1
consumed,1
classes,1
writings,1
apart,1
taking,1
significantly,1
essentialize,1
surveys,1
transformed,1
disallow,1
kin,1
refrains,1
intelligent,1
example,1
elucidate,1
classifications,1
converges,1
charts,1
poststructuralism,1
creatively,1
exploring,1
individuality,1
giving,1
saris,1
subject,1
contain,1
rekhti,1
persists,1
emotional,1
globalized,1
data,1
entirely,1
responding,1
engage,1
sweet,1
paradigm,1
substantially,1
exciting,1
behavior,1
partake,1
much,1
globalizing,1
perception,1
colonial,1
intervenes,1
engaging,1
contains,1
framework,1
homosexuality,1
ideas,1
mangoes,1
waves,1
reexamines,1
enjoying,1
homophobic,1
varied,1
chapters,1
popular,1
throughout,1
aesthetic,1
full,1
issues,1
formation,1
epic,1
sexism,1
models,1
continuities,1
youth,1
anthology,1
versions,1
constraints,1
argument,1
representations,1
years,1
status,1
difference,1
reveals,1
open,1
explorations,1
accommodation,1
own,1
meanings,1
patriarchy,1
interrelations,1
illustrates,1
objective,1
against,1
genders,1
moral,1
diversify,1
emphasizing,1
tolerance,1
stress,1
hierarchy,1
does,1
national,1
de,1
author,1
discursive,1
struggles,1
reductive,1
homoerotically,1
gerontology,1
dozen,1
creating,1
course,1
mixed,1
legacy,1
instead,1
include,1
like,1
fulfilled,1
need,1
madhu,1
broader,1
relatively,1
intergenerational,1
reinforces,1
features,1
distinction,1
devotional,1
linking,1
reversals,1
taste,1
forming,1
weakness,1
presenting,1
expressing,1
speak,1
around,1
exchange,1
illuminates,1
times,1
ruth,1
patterns,1
modernizing,1
inclination,1
thousand,1
heterogeneity,1
migration,1
subjects,1
marriage,1
systems,1
revealing,1
distinctions,1
breaking,1
reads,1
postmodern,1
research,1
themselves,1
distinguished,1
variations,1
kinship,1
negotiate,1
intersectional,1
thoughtfully,1
kishwar,1
conceptual,1
alliances,1
be,1
confusing,1
early,1
formulate,1
when,1
patrilineal,1
landmark,1
consumption,1
slightly,1
story,1
critique,1
describes,1
reiterate,1
cosmopolitan,1
consumerism,1
tired,1
beings,1
command,1
professional,1
developmental,1
theorize,1
nuanced,1
groundbreaking,1
race,1
valuable,1
questioning,1
readership,1
examines,1
securely,1
celebrating,1
