WORDCOUNTS,WEIGHT
the,316
of,152
in,129
is,91
and,88
love,77
that,68
to,67
a,54
it,43
as,43
we,42
his,40
for,40
not,38
gospel,37
he,35
this,30
but,27
jesus,27
i,25
fourth,23
all,22
have,22
be,22
one,21
god,21
so,21
with,20
them,20
are,19
world,19
us,18
times,18
paul,17
loved,17
s,16
who,15
its,15
on,15
no,14
more,14
which,14
ye,14
you,13
or,13
from,13
him,13
word,12
first,12
was,12
words,12
john,12
man,12
has,12
when,12
once,11
here,11
never,11
johannine,11
own,11
at,10
my,10
those,10
christ,10
than,9
an,9
synoptic,9
if,8
by,8
only,8
also,8
friends,8
p,8
what,8
father,8
epistle,8
they,8
will,7
these,7
great,7
new,7
religion,7
loves,7
there,7
even,7
upon,7
christians,7
such,7
would,7
may,6
mark,6
how,6
evangelist,6
mean,6
life,6
about,6
luke,6
then,6
any,6
same,6
testament,6
your,6
uses,6
did,6
out,6
do,6
within,6
less,6
cannot,6
nowhere,6
matthew,6
say,6
our,6
sense,6
into,6
shall,6
brethren,5
make,5
circle,5
something,5
most,5
other,5
others,5
fact,5
whom,5
down,5
real,5
side,5
another,5
used,5
far,5
whole,5
says,5
like,5
were,5
knew,5
ethical,5
language,5
brother,5
jews,5
men,5
journal,5
because,5
much,5
synoptists,5
does,4
verb,4
true,4
truth,4
often,4
yet,4
evil,4
w,4
must,4
either,4
set,4
many,4
had,4
very,4
let,4
r,4
heart,4
affection,4
clear,4
divine,4
their,4
good,4
synoptics,4
acts,4
twice,4
can,4
should,4
evidence,4
christian,3
relationship,3
me,3
always,3
been,3
sermon,3
e,3
church,3
expression,3
lay,3
disciples,3
completely,3
understand,3
meant,3
light,3
simply,3
being,3
said,3
text,3
know,3
noun,3
view,3
each,3
longer,3
could,3
found,3
called,3
seven,3
children,3
passage,3
last,3
reading,3
where,3
hath,3
her,3
while,3
degree,3
well,3
chapter,3
some,3
emphasis,3
work,3
intimate,3
both,3
son,3
story,3
himself,3
die,3
vocabulary,3
commandment,3
false,3
epistles,3
three,3
moral,3
nor,3
few,3
young,3
d,3
enemies,3
given,3
figures,3
limitation,3
yes,3
everlasting,2
justin,2
f,2
now,2
io,2
whose,2
letters,2
faith,2
absent,2
temper,2
fine,2
earlier,2
certain,2
pages,2
lacking,2
pp,2
support,2
itself,2
mrs,2
added,2
cognate,2
seeing,2
dickinson,2
possibly,2
seems,2
title,2
before,2
trypho,2
moving,2
died,2
declares,2
series,2
too,2
already,2
ever,2
concordance,2
speaking,2
came,2
way,2
present,2
long,2
lyman,2
ii,2
give,2
feeling,2
might,2
death,2
elements,2
sure,2
whereas,2
greater,2
nature,2
parallel,2
worth,2
shows,2
book,2
exhibition,2
believe,2
call,2
lazarus,2
simple,2
universal,2
ephesian,2
noting,2
take,2
away,2
montefiore,2
almost,2
devil,2
better,2
mind,2
knows,2
though,2
according,2
corinthians,2
unthankful,2
combined,2
whether,2
case,2
mortal,2
cosmos,2
prayer,2
really,2
ought,2
voice,2
original,2
abideth,2
possible,2
greatest,2
romans,2
writers,2
apostle,2
disciple,2
through,2
passes,2
norm,2
goes,2
beloved,2
supreme,2
everywhere,2
significant,2
ya,2
place,2
documented,2
saw,2
surely,2
until,2
conscience,2
passion,2
historic,2
against,2
galilean,2
reward,2
author,2
value,2
course,2
pray,2
closing,2
occurs,2
particularism,2
kbp,2
mount,2
revelation,2
finds,2
contrast,2
anyone,2
after,2
phrase,2
venerable,2
old,2
document,2
hint,2
positive,2
passages,2
allusion,2
themselves,2
judas,2
declare,2
loveth,2
unelect,2
compare,2
find,2
james,2
news,2
claude,2
os,2
shuts,2
using,2
among,2
occasion,2
am,2
error,2
emily,2
content,2
perfect,1
alike,1
space,1
things,1
eternal,1
impossibility,1
go,1
qox,1
therefore,1
suggestion,1
twelve,1
profoundly,1
flesh,1
rate,1
o,1
adequate,1
proxy,1
demand,1
consonance,1
today,1
creed,1
note,1
ctxo,1
matter,1
cognates,1
philippi,1
rome,1
ardent,1
ethics,1
she,1
meets,1
steadily,1
xw,1
carried,1
priceless,1
crucial,1
l,1
countrymen,1
five,1
foreign,1
affectionately,1
superficial,1
bowen,1
wrote,1
yarrn,1
plays,1
ktxot,1
stresses,1
toward,1
stop,1
suggestive,1
herein,1
persuasively,1
represent,1
strictly,1
thou,1
christos,1
lifefor,1
attitude,1
stopped,1
corinth,1
manly,1
breast,1
sharp,1
friendship,1
myself,1
awakens,1
becomes,1
cared,1
excluding,1
exclusiveness,1
alone,1
whatever,1
seen,1
truer,1
ultimate,1
originating,1
still,1
einziges,1
over,1
stands,1
force,1
notably,1
congenial,1
heard,1
lives,1
shone,1
expect,1
sympathetic,1
kiss,1
remaining,1
consent,1
told,1
try,1
indicate,1
discourse,1
length,1
discover,1
strange,1
suppose,1
instinct,1
saved,1
unserer,1
witness,1
aiyacr,1
sinners,1
leaves,1
responsible,1
clayton,1
properly,1
echoed,1
kyrios,1
spoken,1
xmr,1
second,1
colosse,1
commentaries,1
moreover,1
supposed,1
moves,1
sort,1
saturated,1
od,1
fair,1
instances,1
get,1
refusing,1
perished,1
quiet,1
fellowchristians,1
defies,1
cor,1
sublime,1
thought,1
modern,1
favor,1
interpolated,1
genitive,1
magnificent,1
wanted,1
hateth,1
realities,1
door,1
rom,1
thessalonica,1
vastly,1
whosoever,1
structure,1
detail,1
sorrow,1
claims,1
yrt,1
school,1
necessarily,1
proof,1
image,1
intensive,1
share,1
contained,1
hapax,1
disappointment,1
sick,1
cit,1
loveliest,1
wd,1
oeov,1
elsewhere,1
alluded,1
collectively,1
practice,1
teaching,1
limits,1
sharply,1
fairness,1
thrice,1
sheer,1
scrutinized,1
repeat,1
absence,1
op,1
gets,1
argued,1
kinsmen,1
prevent,1
without,1
forget,1
hoping,1
adjective,1
ties,1
pronouns,1
emotional,1
yearned,1
under,1
superior,1
dichotomy,1
subjective,1
anything,1
synonymous,1
continual,1
spirit,1
query,1
moffatt,1
gospels,1
totality,1
observation,1
generally,1
wrong,1
humanity,1
every,1
winning,1
rather,1
members,1
logos,1
certainly,1
inescapable,1
repeatedly,1
tltxot,1
aloe,1
ay,1
offers,1
command,1
tell,1
law,1
loathing,1
quoting,1
power,1
m,1
taken,1
opinion,1
passed,1
yar,1
dualism,1
bri,1
polemic,1
pointed,1
appear,1
bearing,1
exirl,1
nur,1
trying,1
history,1
perfected,1
rear,1
discourses,1
readily,1
talking,1
hatred,1
sheep,1
definition,1
different,1
practicality,1
unjust,1
rtrr,1
laid,1
idea,1
opposition,1
seem,1
follower,1
occurrence,1
wernle,1
generous,1
sich,1
metamorphosed,1
desire,1
hates,1
exclusion,1
indeed,1
vicious,1
dyd,1
wrest,1
followers,1
naturally,1
heavenly,1
fully,1
oskar,1
iii,1
manifested,1
peter,1
break,1
treasures,1
proves,1
meadville,1
hear,1
theology,1
tells,1
chosen,1
enemy,1
believeth,1
emphatic,1
end,1
merits,1
tx,1
scene,1
dicta,1
fashion,1
succeeding,1
measure,1
darkness,1
believer,1
serious,1
foolish,1
philemon,1
yirtry,1
fitted,1
holtzmann,1
absolutely,1
person,1
readers,1
written,1
xiris,1
further,1
respond,1
beginning,1
learn,1
primitive,1
quiver,1
confess,1
born,1
undfiir,1
manner,1
receive,1
somewhat,1
signs,1
notable,1
dripping,1
carefully,1
galatian,1
impulse,1
receives,1
religious,1
terms,1
bluntly,1
laying,1
mary,1
ibid,1
geden,1
plural,1
particular,1
stirred,1
trinity,1
quote,1
glorious,1
material,1
ed,1
record,1
advocates,1
moulton,1
reiterated,1
admitted,1
above,1
statement,1
outlined,1
mere,1
perhaps,1
saving,1
absolute,1
writes,1
perish,1
courtesy,1
flashes,1
frequency,1
debate,1
bow,1
comprehension,1
repeated,1
jewish,1
unconsciously,1
draws,1
number,1
ltxos,1
free,1
gladly,1
mentioned,1
impression,1
right,1
accursed,1
yarrlrbr,1
weltanschauung,1
shape,1
begotten,1
sound,1
christianity,1
pity,1
imagine,1
none,1
riv,1
theological,1
otov,1
suggests,1
betrayed,1
bousset,1
balance,1
authentic,1
begot,1
ihe,1
gains,1
churches,1
tlla,1
finished,1
translated,1
lost,1
unconcerned,1
evangelists,1
martha,1
detract,1
wandering,1
mutual,1
abundantly,1
made,1
heaviness,1
bear,1
hast,1
slaves,1
professor,1
israel,1
slightly,1
writings,1
anfdnge,1
respect,1
part,1
x,1
ot,1
despite,1
example,1
sixth,1
strictest,1
household,1
strongly,1
hereby,1
calls,1
dynamic,1
literal,1
press,1
due,1
intensiveness,1
along,1
holy,1
parting,1
desirous,1
demanded,1
wonder,1
individualized,1
directness,1
surprise,1
beneath,1
authenticity,1
use,1
gave,1
bestowed,1
tale,1
possessions,1
largely,1
gardner,1
sign,1
complete,1
doubt,1
alexandrian,1
affects,1
phenomenon,1
paucity,1
behold,1
scarcely,1
people,1
ydar,1
usage,1
hilltop,1
writing,1
learned,1
gain,1
aybarj,1
aspect,1
statistics,1
grandeur,1
actual,1
ein,1
binding,1
qtlxo,1
examination,1
mightily,1
trust,1
raising,1
review,1
question,1
enthusiasm,1
inveterate,1
gebot,1
psychologic,1
bidding,1
abroo,1
matt,1
bethany,1
vii,1
dying,1
uniqueness,1
touch,1
immediate,1
destruction,1
neighbor,1
quotation,1
percy,1
since,1
biblical,1
whoever,1
kindle,1
reality,1
dangerous,1
stress,1
breadth,1
t,1
judaism,1
materials,1
jew,1
charge,1
virtues,1
points,1
leaned,1
essay,1
iyrn,1
disappointed,1
truest,1
interpret,1
characteristic,1
ear,1
moment,1
general,1
ryw,1
include,1
sins,1
useful,1
lieth,1
wilhelm,1
kbptos,1
suggest,1
writer,1
prevailingly,1
century,1
protest,1
privilege,1
deceived,1
distinction,1
genius,1
sends,1
held,1
sayings,1
kind,1
order,1
sonal,1
thing,1
axirl,1
makes,1
misunderstanding,1
wish,1
undivine,1
quite,1
miracle,1
intimacy,1
abundant,1
affectionate,1
sake,1
forensic,1
sentence,1
curiously,1
turned,1
preponderance,1
restored,1
especially,1
enough,1
profound,1
back,1
article,1
peruse,1
highest,1
between,1
eighth,1
incidentally,1
igoo,1
become,1
unerring,1
wholly,1
successors,1
gratefully,1
compared,1
charged,1
consciously,1
examine,1
truly,1
loving,1
excluded,1
hedges,1
early,1
samaritan,1
weight,1
virgins,1
seeking,1
dydarr,1
up,1
everysdas,1
probably,1
puts,1
element,1
student,1
sin,1
remote,1
practically,1
souls,1
glance,1
save,1
gould,1
seek,1
peculiar,1
deeply,1
recent,1
plausible,1
famous,1
quarterly,1
protagonist,1
evaluated,1
unbelieving,1
ago,1
understood,1
savage,1
dissonance,1
inferior,1
greek,1
acknowledge,1
lie,1
infinite,1
race,1
mistaken,1
master,1
occur,1
expressive,1
exchanged,1
clearest,1
apology,1
