WORDCOUNTS,WEIGHT
the,110
of,79
in,50
to,44
is,43
a,36
and,36
sexual,26
that,23
it,15
are,14
be,13
for,12
as,10
by,10
some,10
behavior,10
human,10
with,9
material,9
have,9
not,8
from,8
on,8
or,7
any,7
man,7
this,7
no,6
book,6
all,6
been,6
cultures,6
which,6
than,6
comparative,5
selection,5
but,5
these,5
only,5
more,5
also,5
her,5
other,5
because,5
activity,5
women,5
far,5
would,5
an,5
though,5
at,4
how,4
appears,4
they,4
study,4
about,4
breasts,4
its,4
curious,4
might,4
significance,4
out,4
ford,4
has,4
beach,4
full,4
so,4
probably,4
occur,4
may,3
he,3
likely,3
will,3
one,3
preliterate,3
animals,3
face,3
place,3
statistical,3
seems,3
same,3
too,3
rather,3
give,3
great,3
time,3
very,3
patterns,3
mammalian,3
physiological,3
discussion,3
development,3
authors,3
interest,3
mating,3
stimulation,3
extremely,3
involved,3
find,3
when,3
value,3
what,2
territorial,2
short,2
foreword,2
female,2
who,2
judgment,2
yale,2
life,2
kinds,2
true,2
reason,2
dickinson,2
considered,2
selective,2
index,2
before,2
circumstances,2
specifically,2
woman,2
connection,2
here,2
disappointing,2
taken,2
important,2
view,2
had,2
based,2
lack,2
s,2
consideration,2
occurrence,2
universal,2
studied,2
new,2
pattern,2
type,2
forms,2
men,2
readers,2
further,2
left,2
cards,2
covered,2
reviews,2
carefully,2
context,2
whether,2
see,2
particular,2
however,2
dr,2
anthropologists,2
public,2
number,2
really,2
violent,2
possible,2
careful,2
point,2
indicating,2
permissive,2
whole,2
freedom,2
actually,2
evolution,2
nothing,2
peculiarities,2
such,2
approach,2
certain,2
relations,2
files,2
mammals,2
area,2
cases,2
least,2
evolutionary,2
atomistic,2
impossible,2
can,2
structure,2
little,2
practically,2
tendency,2
north,2
recent,2
beauty,2
should,2
evidence,2
generation,2
attention,2
coitus,2
increasing,1
using,1
dealing,1
european,1
aim,1
liberation,1
morphology,1
does,1
girl,1
calm,1
now,1
conjuly,1
interesting,1
sample,1
kings,1
situation,1
robe,1
bavenda,1
whose,1
matter,1
without,1
reviewer,1
various,1
difficult,1
she,1
fairly,1
provide,1
his,1
card,1
statements,1
if,1
indicated,1
purely,1
inadequacy,1
erect,1
ways,1
main,1
spectacle,1
vision,1
indeed,1
hormonal,1
correlations,1
functional,1
suture,1
aggressive,1
fractions,1
reasonable,1
limited,1
play,1
profitably,1
weighted,1
deserve,1
criticized,1
attitude,1
radius,1
remotely,1
breast,1
taste,1
presentation,1
pinches,1
implies,1
prevailing,1
meanwhile,1
dimensions,1
whatever,1
detailed,1
still,1
connecticut,1
proposition,1
connected,1
incomprehensible,1
similar,1
village,1
b,1
inadequate,1
group,1
large,1
jurassic,1
indicate,1
derived,1
covering,1
american,1
japanese,1
parts,1
fat,1
suppose,1
doubted,1
special,1
often,1
unusual,1
preferred,1
mammal,1
white,1
mankind,1
unknown,1
ionic,1
hope,1
frank,1
depends,1
space,1
respect,1
torso,1
education,1
enforced,1
yet,1
inserted,1
hutchinson,1
exists,1
means,1
ontogeny,1
changes,1
pp,1
town,1
partnership,1
rigorous,1
vastly,1
sex,1
overtones,1
evolved,1
exposure,1
excellent,1
consider,1
matters,1
addressed,1
us,1
cycles,1
was,1
ancient,1
anthropological,1
into,1
alberti,1
beaded,1
occurred,1
peasant,1
railroad,1
then,1
presumably,1
just,1
culture,1
amenable,1
believed,1
clusion,1
attractiveness,1
result,1
conclusion,1
latou,1
hymen,1
diversity,1
indian,1
primates,1
incorporated,1
university,1
peoples,1
most,1
emotional,1
simply,1
predominantly,1
baby,1
file,1
lower,1
e,1
prima,1
consistent,1
maintained,1
known,1
implied,1
permit,1
satisfactory,1
considers,1
harper,1
love,1
inc,1
sources,1
cotton,1
every,1
writing,1
members,1
requires,1
unreliable,1
paul,1
odd,1
buoyed,1
agony,1
care,1
similiar,1
preference,1
providing,1
implying,1
exploded,1
pointed,1
primarily,1
control,1
each,1
intraspecific,1
binocular,1
greater,1
nature,1
definition,1
different,1
tc,1
fact,1
setting,1
exploration,1
seem,1
available,1
allow,1
menstruation,1
uncovering,1
leading,1
eschewed,1
societies,1
could,1
belong,1
home,1
striking,1
habitually,1
accompanied,1
desire,1
display,1
wrote,1
regard,1
erotica,1
viii,1
particularly,1
brothers,1
deal,1
atomic,1
reveal,1
omitted,1
ibm,1
pornographic,1
everything,1
scratching,1
survey,1
kingdom,1
loves,1
functionally,1
haven,1
help,1
initial,1
discussed,1
serious,1
judgments,1
enough,1
animal,1
hoeber,1
present,1
robert,1
regulations,1
born,1
normal,1
cultural,1
according,1
unlikely,1
reading,1
where,1
ecology,1
mainly,1
wrongness,1
lead,1
poses,1
them,1
physiology,1
paris,1
inches,1
less,1
system,1
thin,1
otherwise,1
hare,1
takes,1
habitual,1
add,1
mediaeval,1
seasonal,1
statement,1
perhaps,1
amorous,1
foreshadowed,1
tiny,1
behavioral,1
theory,1
persian,1
kinsey,1
problem,1
adolescent,1
going,1
free,1
mass,1
america,1
sir,1
aspects,1
matings,1
representations,1
feminine,1
biting,1
classical,1
figs,1
almost,1
information,1
account,1
vol,1
inverse,1
clellan,1
italian,1
unions,1
sexuial,1
credit,1
bchavior,1
data,1
vast,1
exclusively,1
formerly,1
shame,1
father,1
knew,1
hungry,1
wrenching,1
background,1
both,1
infertile,1
phenomena,1
made,1
chiefly,1
virgin,1
level,1
bear,1
claim,1
coach,1
taking,1
normative,1
surveys,1
except,1
part,1
through,1
purpose,1
autoerotic,1
conception,1
climax,1
apparent,1
prevalent,1
role,1
sapicis,1
disappointingly,1
correlation,1
birds,1
thoughts,1
subject,1
ecologist,1
decrease,1
accustomed,1
significant,1
dignity,1
sexually,1
characteristically,1
sepia,1
consistently,1
discussions,1
during,1
emphasizing,1
skirt,1
partly,1
jacic,1
excitation,1
sequence,1
homosexuality,1
extraordinarily,1
tall,1
long,1
learned,1
bits,1
exhibited,1
rare,1
clitoral,1
documented,1
shapeless,1
somatological,1
machine,1
orgasm,1
question,1
charm,1
peculiar,1
g,1
dimorphic,1
students,1
frazer,1
rejected,1
years,1
hormones,1
universally,1
average,1
there,1
bares,1
opens,1
magic,1
unpublished,1
publication,1
strikingly,1
de,1
genitalia,1
aristocratic,1
definitely,1
agent,1
earth,1
divine,1
good,1
change,1
characteristic,1
relatively,1
workers,1
occurs,1
correlated,1
qnac,1
need,1
demographer,1
physical,1
millimeters,1
regarded,1
suggest,1
wished,1
involve,1
functionalist,1
involving,1
given,1
cries,1
arabic,1
defined,1
apes,1
off,1
after,1
mediterranean,1
last,1
sexuality,1
thereof,1
homio,1
black,1
quite,1
presenting,1
provides,1
nonfunctional,1
phoebus,1
elements,1
around,1
jesuit,1
curiously,1
perspective,1
rightness,1
sufficient,1
chorus,1
few,1
problems,1
profound,1
ists,1
fili,1
body,1
ear,1
normally,1
methods,1
posture,1
acts,1
casino,1
research,1
maxima,1
effective,1
vary,1
extraspecific,1
effect,1
inadequately,1
james,1
biological,1
up,1
mates,1
species,1
blouse,1
instance,1
lobe,1
slightest,1
much,1
paid,1
world,1
instances,1
among,1
organs,1
ubcra,1
ammonites,1
cross,1
professional,1
validly,1
adult,1
ago,1
theatrical,1
hardly,1
tract,1
termed,1
word,1
aspicc,1
metric,1
avoid,1
erotic,1
lend,1
