WORDCOUNTS,WEIGHT
the,736
of,313
and,204
is,175
to,156
in,155
a,128
for,89
line,73
it,71
as,68
that,63
or,63
he,57
with,53
i,47
poem,45
this,45
lines,43
word,40
there,40
are,39
one,38
but,38
speaker,35
by,33
from,33
be,32
meaning,30
his,29
translator,29
not,29
at,27
can,27
which,27
s,26
memphis,26
all,23
only,23
ptah,22
translation,22
on,22
an,21
original,21
text,21
words,20
was,20
city,20
first,19
signs,19
will,19
what,19
has,18
its,18
here,18
stanza,16
last,15
literal,15
no,15
so,15
into,14
my,14
second,14
god,14
where,14
hieroglyphic,14
who,14
egyptian,14
have,14
hieratic,14
river,13
make,13
must,13
four,12
two,12
more,12
some,11
such,11
ferry,11
gods,11
love,11
we,11
been,11
mood,11
then,11
final,10
had,10
since,10
lotus,10
process,10
up,10
time,10
hand,10
were,10
would,10
almost,10
if,9
context,9
t,9
joy,9
phrase,9
once,9
also,9
like,9
her,9
too,9
epithet,9
does,8
experience,8
seems,8
reading,8
old,8
verse,8
girl,8
situation,8
these,8
again,8
another,8
made,8
him,8
next,8
life,8
them,8
come,8
course,8
among,8
they,7
other,7
determinative,7
case,7
third,7
even,7
literary,7
out,7
scribe,7
transcription,7
used,7
either,7
stage,7
several,7
makes,7
lord,7
upon,7
use,7
three,7
justice,7
indicate,7
when,7
mentioned,7
rushes,7
down,7
very,7
nile,7
now,6
sakhmet,6
nature,6
shoulder,6
right,6
sign,6
thus,6
occurs,6
kind,6
reeds,6
how,6
certain,6
instance,6
well,6
tone,6
sense,6
clothes,6
still,6
yet,6
many,6
end,6
do,6
present,6
clear,6
after,6
dawn,6
often,6
any,6
simply,6
set,6
over,6
living,6
go,5
later,5
indicated,5
h,5
before,5
give,5
nefertem,5
vegetation,5
point,5
drawn,5
look,5
tonal,5
n,5
most,5
m,5
though,5
because,5
reader,5
whole,5
goddess,5
always,5
about,5
reference,5
ancient,5
wine,5
new,5
bundle,5
rhythms,5
enough,5
see,5
change,5
equivalent,5
me,5
spelling,5
face,5
transliteration,5
plants,5
both,5
sea,5
our,5
much,5
ends,5
handsome,4
way,4
names,4
songs,4
easily,4
equations,4
said,4
preceding,4
divinity,4
help,4
those,4
gaps,4
u,4
indicating,4
dew,4
against,4
divine,4
back,4
sister,4
similar,4
their,4
lacking,4
watching,4
image,4
just,4
downstream,4
p,4
poetry,4
big,4
r,4
part,4
purpose,4
bowl,4
breaking,4
presence,4
journey,4
harris,4
thought,4
same,4
already,4
picture,4
missing,4
idea,4
choice,4
really,4
going,4
trip,4
individual,4
poetic,4
imagination,4
looks,4
guess,4
crucial,4
becomes,4
referred,4
version,4
each,4
unknown,4
merely,4
through,4
off,4
shift,4
difficult,3
syntax,3
tense,3
modern,3
presents,3
feels,3
something,3
root,3
wrong,3
handwriting,3
restoration,3
feeling,3
might,3
tion,3
great,3
simple,3
emotion,3
mind,3
preposition,3
papyrus,3
less,3
possible,3
activity,3
say,3
uncertain,3
along,3
blossom,3
indicates,3
language,3
difficulties,3
determinatives,3
nor,3
refer,3
difficulty,3
left,3
rhythm,3
dish,3
without,3
remain,3
mean,3
parts,3
established,3
excitement,3
opening,3
came,3
found,3
das,3
fourth,3
blossoms,3
prayer,3
oh,3
feminine,3
brought,3
literally,3
bud,3
away,3
employed,3
own,3
thread,3
good,3
least,3
night,3
clever,3
proper,3
beauty,3
arrangement,3
matter,3
indeed,3
gift,3
whatever,3
under,3
fifth,3
light,3
speaking,3
name,3
business,3
mark,3
death,3
similarly,3
water,3
d,3
man,3
v,3
ur,3
phrases,3
ahead,3
perhaps,3
entirely,3
band,3
sees,3
emphasizing,3
points,3
faces,3
general,3
problems,3
article,3
parallel,3
structure,3
translate,3
attention,3
pictorial,3
she,3
primarily,3
lost,3
seen,3
remaining,3
itself,3
meant,3
comes,3
known,3
command,3
did,3
best,3
offering,3
making,3
problem,3
information,3
geistige,3
translated,3
son,3
epithets,3
tell,3
finally,3
catch,3
you,3
between,3
entire,3
major,3
dann,2
common,2
needed,2
american,2
discover,2
complex,2
referring,2
alive,2
checking,2
conscious,2
ferryboat,2
motive,2
fixed,2
gamble,2
uses,2
alliteration,2
eager,2
lure,2
being,2
nose,2
specifically,2
certainly,2
ii,2
implications,2
worked,2
j,2
supplied,2
belong,2
follows,2
guessed,2
take,2
loves,2
british,2
side,2
takes,2
fruit,2
goethe,2
establishing,2
taking,2
himself,2
goal,2
lover,2
due,2
author,2
moment,2
decided,2
leaf,2
hat,2
turn,2
carefree,2
cases,2
young,2
moving,2
allowing,2
obscure,2
than,2
shall,2
longing,2
strokes,2
rather,2
bring,2
l,2
wanting,2
consonantal,2
sort,2
goes,2
determining,2
connected,2
thing,2
awareness,2
troublesome,2
teile,2
ragged,2
guesses,2
profile,2
w,2
vn,2
follow,2
readings,2
followed,2
ideogrammic,2
asks,2
yes,2
footnote,2
oblique,2
appear,2
result,2
closely,2
identifying,2
deal,2
initial,2
equally,2
aspects,2
seiner,2
energy,2
placed,2
however,2
symbolically,2
directly,2
y,2
arrives,2
work,2
repetition,2
future,2
example,2
knowledge,2
caught,2
incremental,2
loss,2
during,2
place,2
actually,2
device,2
call,2
stylized,2
running,2
solution,2
normally,2
double,2
things,2
dictionary,2
holes,2
long,2
around,2
small,2
telling,2
crux,2
lacuna,2
deepened,2
value,2
finds,2
enjoy,2
seemed,2
f,2
verb,2
may,2
minor,2
fortunately,2
tried,2
experiences,2
recreating,2
spot,2
queried,2
restorations,2
museum,2
fit,2
rain,2
us,2
contemplation,2
choices,2
partly,2
tries,2
addition,2
added,2
erman,2
emotions,2
fact,2
richer,2
john,2
contemporary,2
took,2
fits,2
purposes,2
until,2
watches,2
number,2
day,2
boat,2
demonstrated,2
including,2
lacunae,2
pervasiveness,2
aside,2
pleasure,2
questions,2
real,2
discovered,2
derelict,2
adding,2
lady,2
someone,2
spread,2
function,2
plant,2
stages,2
accurate,2
latter,2
trying,2
qualities,2
easy,2
become,2
sight,2
masculine,2
lovers,2
today,2
fairly,2
vision,2
naturally,2
foster,2
pestilence,2
eddying,2
force,2
began,2
render,2
construction,2
hope,2
ing,2
beauties,2
get,2
unusual,2
detail,2
fertility,2
fifteen,2
following,2
syntactic,2
column,2
phrasing,2
triad,2
know,2
stem,2
interested,2
half,2
obviously,2
passage,2
works,2
better,2
turned,2
beginning,2
want,2
particular,2
add,2
while,2
translators,2
emphasis,2
middle,2
finished,2
little,2
intention,2
alternatives,2
hieroglyphs,2
duty,2
die,2
intended,2
clothing,2
pound,2
think,2
analogy,2
years,2
tether,2
travelling,2
imperative,2
wish,2
parallels,2
offer,2
fecundity,2
observation,2
specific,2
deciding,2
early,2
texts,2
images,2
strong,2
should,2
occur,2
exhibiting,1
pervaded,1
unsure,1
o,1
done,1
page,1
acknowl,1
threadbare,1
gentler,1
created,1
sameness,1
separated,1
truth,1
ending,1
measures,1
alone,1
rterbuch,1
introduction,1
stands,1
starts,1
per,1
mouth,1
philologist,1
empha,1
transcrip,1
becoming,1
partially,1
star,1
neater,1
enhance,1
live,1
transcribed,1
constitutes,1
memphite,1
completely,1
outstretched,1
incidentally,1
genitive,1
ti,1
deadens,1
position,1
equated,1
necessarily,1
unlike,1
connotations,1
descriptions,1
chief,1
geist,1
hymnlike,1
turning,1
relaxing,1
dictionaries,1
negative,1
test,1
round,1
fy,1
anything,1
iw,1
gap,1
steadier,1
fragrance,1
twilight,1
hence,1
every,1
creation,1
perfune,1
girlfriend,1
human,1
sad,1
interests,1
derives,1
address,1
attempt,1
ears,1
generated,1
demonstrable,1
beautiful,1
dreams,1
joke,1
possibilities,1
consonants,1
leading,1
secondary,1
display,1
potentially,1
verbal,1
able,1
reed,1
thanks,1
exuberant,1
mississippi,1
procedure,1
kingdom,1
introduces,1
lilypads,1
written,1
freshly,1
transcendance,1
ruined,1
somewhat,1
ller,1
denotative,1
revise,1
bluntly,1
pads,1
rhetorical,1
problematical,1
delights,1
teasing,1
depending,1
existence,1
forthcoming,1
plain,1
key,1
bird,1
draws,1
divinities,1
hieroglyph,1
primary,1
bones,1
iv,1
residually,1
saying,1
draw,1
apple,1
retain,1
vol,1
felt,1
concentrating,1
condition,1
pleasant,1
slight,1
picks,1
move,1
neuagyptische,1
fine,1
lyric,1
far,1
establishment,1
unleashes,1
bottom,1
apply,1
keeps,1
formula,1
cursive,1
letter,1
cruxes,1
sweet,1
sand,1
says,1
hazard,1
riverbank,1
exist,1
li,1
regarding,1
immediate,1
inner,1
hir,1
past,1
ease,1
brother,1
restore,1
employing,1
seemingly,1
century,1
snake,1
forced,1
unity,1
parallelism,1
distinct,1
footnotes,1
displays,1
concrete,1
frustrating,1
blank,1
depend,1
appelations,1
convincing,1
structural,1
imagism,1
nearness,1
recalls,1
egypt,1
twice,1
truly,1
erst,1
helpful,1
momentary,1
identifications,1
clears,1
student,1
sin,1
beat,1
slightest,1
slower,1
grammatik,1
falcon,1
yi,1
digression,1
deeply,1
traditions,1
hardly,1
leaning,1
celebrating,1
crossroads,1
imaginatively,1
higher,1
employ,1
civilization,1
via,1
wishes,1
understands,1
phallus,1
homonyms,1
exact,1
underway,1
statements,1
traffic,1
across,1
developed,1
adds,1
rsuri,1
abundance,1
determi,1
notices,1
culminating,1
garbling,1
pause,1
pb,1
neatly,1
survives,1
dealt,1
arm,1
neighborhood,1
slipped,1
prepositional,1
quieter,1
b,1
idiosyncratic,1
leave,1
variant,1
tojh,1
k,1
form,1
rules,1
uncertainties,1
feel,1
scattered,1
front,1
paprus,1
vri,1
moves,1
biliteral,1
irp,1
pleasures,1
support,1
understand,1
participle,1
changes,1
romantic,1
wanted,1
owl,1
civilizations,1
skeleton,1
possibly,1
familiar,1
benefits,1
aura,1
unaccounted,1
section,1
days,1
lebendiges,1
numbers,1
receiving,1
traces,1
invariably,1
likened,1
argued,1
ignorance,1
facsimile,1
observations,1
show,1
heading,1
powerful,1
connecting,1
beyond,1
definite,1
putting,1
lengthen,1
destructive,1
lust,1
equivalence,1
important,1
lilies,1
view,1
grammatically,1
perceive,1
conflicts,1
character,1
leaps,1
advance,1
whom,1
introduce,1
could,1
critic,1
smell,1
called,1
meticulousness,1
painstaking,1
accompany,1
approximation,1
late,1
embedded,1
accurately,1
further,1
tran,1
pointing,1
understood,1
polishing,1
let,1
pretentious,1
block,1
careless,1
recently,1
sentence,1
applied,1
vivid,1
pjf,1
procedures,1
ezra,1
your,1
source,1
method,1
criteria,1
ht,1
fertilizing,1
keeping,1
minimal,1
designation,1
distinguish,1
correctly,1
decipherment,1
listening,1
received,1
villager,1
blue,1
rail,1
epiphany,1
locus,1
clean,1
odds,1
concept,1
unless,1
horse,1
fehlt,1
apparent,1
clearer,1
excessive,1
texture,1
surprise,1
describe,1
destroyer,1
pun,1
pyramid,1
flight,1
constitute,1
contains,1
people,1
concentrate,1
seated,1
falling,1
somewhere,1
papyri,1
surrounding,1
stylistics,1
showing,1
parallelling,1
pth,1
weeks,1
sink,1
supplying,1
multiplicity,1
creating,1
brush,1
indicator,1
correct,1
describing,1
hard,1
useful,1
unexpected,1
bjy,1
poet,1
germ,1
order,1
sack,1
quite,1
hole,1
bank,1
buds,1
sufficient,1
imagines,1
few,1
pregnant,1
routine,1
notation,1
observe,1
convey,1
blunt,1
suddenly,1
continuing,1
impossible,1
foremost,1
error,1
visible,1
generally,1
shouldn,1
results,1
brushstrokes,1
und,1
gambler,1
cycle,1
notes,1
dries,1
appropriate,1
am,1
rest,1
avoid,1
limiting,1
south,1
adhering,1
power,1
monotony,1
forever,1
huck,1
saw,1
various,1
aim,1
action,1
wings,1
pesti,1
return,1
tonight,1
released,1
instincts,1
object,1
strains,1
illustrating,1
transferral,1
translates,1
boy,1
cracks,1
movement,1
unfamiliar,1
decisions,1
bread,1
newborn,1
answering,1
patches,1
depicted,1
apples,1
dwells,1
interpretation,1
examined,1
read,1
devotion,1
serve,1
soon,1
den,1
seeing,1
neither,1
jzs,1
flower,1
clarified,1
reedy,1
misses,1
eagerness,1
delight,1
decipherable,1
beschreiben,1
tricks,1
prematurely,1
begins,1
noted,1
arranging,1
skeletons,1
gotten,1
act,1
chose,1
syncopation,1
comfortable,1
waves,1
request,1
ligatures,1
toward,1
others,1
spend,1
ask,1
sky,1
release,1
longer,1
deterioration,1
punctuation,1
sleep,1
match,1
lacks,1
pretty,1
reedshoots,1
omitted,1
harmoniously,1
everything,1
worn,1
honor,1
never,1
drinking,1
adjacent,1
basic,1
signifying,1
manner,1
versification,1
sadly,1
obscures,1
developing,1
accepted,1
intoxicat,1
heavily,1
answer,1
necessary,1
blind,1
photofacsimile,1
woman,1
native,1
inert,1
distance,1
dylan,1
clinch,1
free,1
thoroughly,1
idogrammic,1
argues,1
imagine,1
grouping,1
deaf,1
apt,1
understanding,1
lap,1
envisions,1
discussion,1
sensory,1
strangeness,1
father,1
examples,1
obliter,1
discovery,1
accompanying,1
values,1
cadenced,1
passes,1
previously,1
sixth,1
clause,1
worship,1
wonder,1
top,1
needing,1
irretrievable,1
expression,1
transcribing,1
largely,1
assumption,1
additions,1
emphasize,1
exciting,1
assume,1
vocabulary,1
leider,1
nothing,1
full,1
previous,1
erkennen,1
involves,1
described,1
suffuse,1
attraction,1
versions,1
downriver,1
ties,1
trade,1
open,1
meanings,1
directed,1
authors,1
recognize,1
tail,1
victory,1
interpret,1
travels,1
scribal,1
blend,1
wickerwork,1
satisfies,1
attribution,1
high,1
played,1
pj,1
hazy,1
spirits,1
standard,1
thomas,1
hangs,1
eariler,1
especially,1
sijyn,1
ruining,1
constructing,1
narrow,1
extra,1
exactly,1
syntactically,1
deciphered,1
seeking,1
distant,1
probably,1
working,1
erudition,1
caution,1
basically,1
euphemistically,1
rearranged,1
baggage,1
decay,1
isn,1
gleaned,1
copying,1
visit,1
separate,1
philologists,1
carried,1
depth,1
asking,1
indication,1
relationship,1
flesh,1
alleys,1
musing,1
belonged,1
note,1
loveliness,1
tomorrow,1
recall,1
sometimes,1
usually,1
yifvtyri,1
informing,1
overbalance,1
bound,1
reasonable,1
begin,1
parent,1
attitude,1
fuse,1
recognizes,1
substitution,1
twain,1
returned,1
whisper,1
try,1
length,1
why,1
kicking,1
ciel,1
blood,1
fall,1
dead,1
mother,1
attached,1
months,1
instances,1
colloquial,1
photographs,1
considered,1
matters,1
loaf,1
thinking,1
singular,1
conviction,1
antecedent,1
series,1
exemplified,1
wer,1
knapsack,1
conjunction,1
ultimate,1
extending,1
demonstrate,1
extensive,1
constituted,1
ever,1
clinches,1
unbroken,1
theme,1
implied,1
precise,1
offered,1
lovefeast,1
physical,1
ll,1
besides,1
vw,1
loving,1
alternative,1
snapping,1
quickly,1
edging,1
relaxation,1
noun,1
nur,1
tj,1
principle,1
parallellism,1
actuality,1
different,1
inclined,1
sucht,1
commission,1
sizes,1
connection,1
approximates,1
seem,1
board,1
gone,1
primerbook,1
capital,1
monotonous,1
approxima,1
printed,1
argue,1
recto,1
current,1
speech,1
iii,1
particularly,1
solved,1
exhibits,1
rely,1
ir,1
inference,1
narrowed,1
cities,1
examining,1
happiness,1
pictures,1
translating,1
consciousness,1
smelling,1
inspires,1
risky,1
person,1
hint,1
believed,1
knows,1
didn,1
quiet,1
realize,1
hur,1
runaway,1
stanzas,1
whether,1
terms,1
plural,1
vnn,1
rags,1
hoped,1
mere,1
lengths,1
leaving,1
extent,1
supplemented,1
vehicle,1
voice,1
ascertain,1
lence,1
remember,1
lilypad,1
ill,1
given,1
despite,1
adolf,1
became,1
beloved,1
giving,1
subject,1
clarities,1
rendering,1
step,1
adjoining,1
slangy,1
budge,1
contribute,1
reconstruct,1
connotation,1
describes,1
writing,1
aspect,1
coming,1
catches,1
pair,1
proceeds,1
false,1
strung,1
question,1
wild,1
finn,1
shown,1
spring,1
breaks,1
spacing,1
whitening,1
difference,1
ignored,1
average,1
observed,1
finding,1
obliterated,1
aware,1
nfr,1
instead,1
lively,1
enlightenment,1
vrwt,1
need,1
absorbs,1
evidence,1
herauszutreiben,1
writer,1
symbolizes,1
piece,1
photograph,1
playing,1
remains,1
repeat,1
morning,1
anonymous,1
identifica,1
thousand,1
imaginations,1
recreates,1
ated,1
chastens,1
substitute,1
certainty,1
arrived,1
c,1
drunk,1
catalytic,1
agrees,1
create,1
uncertainty,1
hymn,1
lilt,1
sheer,1
vagaries,1
abandoned,1
controls,1
unobtrusively,1
north,1
unexpectedly,1
slator,1
doing,1
couplets,1
deeper,1
