WORDCOUNTS,WEIGHT
the,15
frogs,7
hawaii,6
in,6
and,6
coquies,5
of,5
from,4
to,4
for,4
is,4
but,3
insects,3
love,3
not,3
loss,3
years,2
caffeine,2
native,2
that,2
been,2
rico,2
slugs,2
dinner,2
an,2
insect,2
control,2
all,2
frog,2
j,2
are,2
they,2
fact,2
article,2
as,2
chirp,2
decline,2
raloff,2
can,2
be,2
species,2
mosquitoes,2
i,2
any,2
puerto,2
n,1
at,1
reading,1
barbara,1
skin,1
applyingfor,1
may,1
penetrates,1
project,1
environmentalism,1
loyola,1
ofplaces,1
does,1
humane,1
worldwide,1
singing,1
mayaguez,1
this,1
hated,1
population,1
ve,1
since,1
hawaiian,1
mario,1
michael,1
contains,1
mostly,1
poisoning,1
sound,1
have,1
whose,1
calif,1
singer,1
ifthe,1
variety,1
beloved,1
predators,1
nocturnal,1
nosier,1
beneficial,1
your,1
carnivore,1
chance,1
has,1
kraus,1
irreplaceable,1
hard,1
also,1
bedisappearingin,1
licensefor,1
here,1
saved,1
liebherr,1
items,1
davy,1
malaria,1
environmental,1
m,1
integration,1
mysterious,1
export,1
you,1
seem,1
ofreasons,1
off,1
populations,1
after,1
prove,1
ask,1
disappeared,1
sn,1
hilo,1
extremely,1
lorien,1
introduction,1
elevations,1
many,1
returned,1
avian,1
several,1
my,1
fora,1
especially,1
s,1
other,1
birds,1
santa,1
confuses,1
easily,1
ithaca,1
why,1
best,1
k,1
methods,1
little,1
kill,1
compound,1
about,1
pahoa,1
andreeducation,1
orchard,1
p,1
macadamia,1
sydney,1
find,1
lots,1
james,1
habitat,1
y,1
new,1
moist,1
stealing,1
unexplained,1
biodiversity,1
invasive,1
develop,1
ross,1
me,1
wife,1
world,1
need,1
among,1
we,1
eat,1
exoskeleton,1
there,1
lower,1
people,1
coqui,1
a,1
was,1
or,1
crickets,1
our,1
maybe,1
proposed,1
question,1
than,1
