WORDCOUNTS,WEIGHT
the,666
of,452
and,279
a,226
to,214
in,201
s,136
that,132
arnim,118
is,112
as,91
his,81
die,78
this,64
which,54
an,54
jews,51
by,51
der,51
her,50
on,50
for,48
jewish,47
und,47
he,43
with,39
at,36
it,36
german,35
christian,35
esther,35
who,35
not,35
von,34
antisemitism,33
jew,32
between,32
its,31
from,30
but,29
into,28
love,28
are,28
be,27
was,23
society,23
has,22
see,22
both,22
only,21
tenant,20
romantic,19
also,19
achim,19
through,19
rather,18
their,18
text,18
than,17
hnung,16
about,16
vers,16
these,16
speech,16
des,16
i,15
because,15
when,15
she,15
colonial,15
one,14
t,14
all,14
narrator,14
against,14
vashti,14
christians,14
social,14
been,14
ein,14
garloff,13
religious,13
out,13
or,13
death,13
idea,13
new,13
judaism,13
after,13
mimicry,13
table,13
tion,12
first,12
other,12
such,12
most,12
instance,12
part,12
we,12
quarterly,12
juden,12
figure,12
joseph,12
wie,12
have,12
rabuni,11
ber,11
even,11
however,11
r,11
during,11
up,11
yet,11
more,11
time,11
own,11
so,11
novella,11
ideology,11
life,11
literary,11
does,10
modern,10
zizek,10
attempt,10
old,10
fantasy,10
sense,10
da,10
identity,10
would,10
kennzeichen,10
can,10
them,10
bhabha,9
antisemitic,9
ambivalence,9
without,9
how,9
prussian,9
ed,9
two,9
nathan,9
father,9
transformation,9
fall,9
physical,9
ideological,9
character,9
while,9
judenthums,9
adoptive,8
j,8
nationalism,8
tyrol,8
interreligious,8
notion,8
das,8
sommerfrische,8
se,8
vision,8
different,8
argue,8
historical,8
ich,8
difference,8
th,8
antisemitismus,7
nicht,7
beautiful,7
there,7
zu,7
con,7
some,7
thus,7
poem,7
act,7
clearly,7
im,7
fully,7
assimilation,7
same,7
arnims,7
toward,7
niemeyer,7
him,7
napoleon,7
es,7
any,7
jewishness,7
what,7
bingen,7
tyrolean,7
texts,7
daughter,7
produces,6
regime,6
women,6
attempts,6
reading,6
existence,6
zur,6
whose,6
earlier,6
parts,6
read,6
image,6
whereas,6
had,6
isabella,6
ambiguity,6
further,6
lessing,6
affair,6
future,6
work,6
contradictions,6
inability,6
return,6
community,6
still,6
makes,6
scholars,6
another,6
jewess,6
actual,6
auf,6
language,6
romantik,6
mother,6
raphael,6
terms,6
weise,6
among,6
aurora,5
estate,5
they,5
true,5
h,5
mit,5
history,5
tween,5
nienhaus,5
term,5
production,5
together,5
bavaria,5
differences,5
imaginary,5
political,5
romanticism,5
racial,5
stereotype,5
e,5
includes,5
aus,5
process,5
b,5
tensions,5
just,5
ideologies,5
k,5
max,5
m,5
pure,5
cultural,5
gypten,5
failure,5
oesterle,5
reader,5
example,5
ist,5
eine,5
order,5
characteristics,5
am,5
slavoj,5
experiment,5
rise,5
power,5
fact,5
ish,5
end,5
hand,5
do,5
model,5
deutschen,5
nothing,5
national,5
were,5
erz,5
internal,5
story,5
recha,5
relationship,5
program,5
becomes,5
itself,5
why,5
blood,5
then,5
each,5
bin,5
form,5
projection,5
peace,5
itzig,5
question,5
literatur,5
defined,5
tischgesellschaft,5
therese,5
re,5
way,4
if,4
later,4
bei,4
environment,4
uses,4
zwischen,4
anti,4
entailed,4
military,4
hoffmann,4
religion,4
precisely,4
within,4
king,4
u,4
brentano,4
since,4
illustrates,4
subjects,4
sich,4
understood,4
cites,4
mechanisms,4
reflects,4
no,4
superficial,4
gesture,4
house,4
war,4
creates,4
possibility,4
well,4
christianity,4
literature,4
homi,4
nation,4
description,4
emancipation,4
serves,4
proliferation,4
change,4
least,4
contrast,4
quite,4
around,4
family,4
describes,4
notes,4
demand,4
economic,4
indeed,4
play,4
procreation,4
object,4
make,4
biological,4
den,4
chris,4
culture,4
um,4
members,4
others,4
durch,4
als,4
man,4
shown,4
necessary,4
original,4
reveals,4
open,4
clear,4
biblical,4
reality,4
fr,4
features,4
exchange,4
faith,4
especially,4
queen,4
probably,4
figures,4
begin,4
means,4
romantische,4
face,4
semitism,4
comes,4
version,4
quickly,4
nur,4
er,4
expresses,4
very,4
past,4
emerges,4
einem,4
sie,4
according,4
enjoyment,4
henel,4
emphasis,4
patriotism,4
screen,4
allows,4
enlightenment,4
integration,4
doing,4
surroundings,3
antis,3
o,3
impossibility,3
girl,3
adoption,3
grotesque,3
conversion,3
partially,3
identify,3
ways,3
sublime,3
tolerance,3
before,3
leads,3
being,3
connection,3
might,3
seems,3
definition,3
herren,3
desire,3
portrayal,3
narrative,3
cannot,3
inherent,3
real,3
hartwich,3
ambiguous,3
signs,3
majority,3
indelible,3
takes,3
meinen,3
incorporate,3
right,3
mites,3
soldier,3
cited,3
fragment,3
illegitime,3
sign,3
g,3
sommer,3
walter,3
stepmother,3
hat,3
romantischer,3
body,3
modernity,3
young,3
left,3
ness,3
truly,3
gegen,3
critique,3
alten,3
may,3
simultaneously,3
erotic,3
aber,3
fantasies,3
reason,3
operates,3
louise,3
too,3
presumed,3
fatherhood,3
defeat,3
majorats,3
mo,3
marriage,3
view,3
appear,3
conflicts,3
frische,3
ersten,3
immutable,3
symptomatic,3
could,3
conflict,3
found,3
constantly,3
late,3
syncretism,3
kunst,3
perform,3
salon,3
kreuzungen,3
purpose,3
explains,3
knowledge,3
calls,3
gave,3
describe,3
away,3
project,3
martha,3
ter,3
alliance,3
debts,3
emphasizes,3
temporary,3
decline,3
bavarian,3
dem,3
wife,3
will,3
second,3
various,3
turns,3
bis,3
mann,3
nietzsche,3
templar,3
opposed,3
york,3
thought,3
christen,3
light,3
complete,3
learns,3
shows,3
behind,3
clemens,3
less,3
norms,3
einer,3
belief,3
books,3
romantics,3
understanding,3
birth,3
made,3
worden,3
einen,3
including,3
expression,3
mehr,3
like,3
fantastic,3
sees,3
theories,3
finally,3
points,3
logic,3
heifer,3
function,3
kabbala,3
high,3
never,3
majoratsherren,3
state,3
article,3
become,3
pro,3
capitalism,3
philister,3
institution,3
provide,3
crucial,3
prose,3
noch,3
parcel,3
meant,3
claims,3
thinking,3
here,3
over,3
sure,3
returns,3
contradictory,3
masks,3
fail,3
erdle,3
whether,3
particular,3
theory,3
grief,3
problem,3
almost,3
suggests,3
necessity,3
role,3
ihren,3
postcolonial,3
expense,3
our,3
come,3
ultimately,3
argument,3
unable,3
argues,3
marry,3
zum,3
although,3
states,3
remains,3
needs,3
cousin,3
create,3
riedl,3
images,3
ends,3
berliner,2
katja,2
ambivalenz,2
doubts,2
limits,2
religions,2
himself,2
extreme,2
friedrichsmeyer,2
ultimate,2
wo,2
group,2
complex,2
replaced,2
saved,2
wingertszahn,2
cherished,2
openness,2
zauberbilder,2
erb,2
former,2
stan,2
enment,2
vernichten,2
flaws,2
du,2
buys,2
efficacy,2
highlight,2
ideas,2
undermine,2
sibility,2
sources,2
frankfurt,2
rtl,2
gesellschaft,2
hatred,2
words,2
artur,2
cial,2
displacement,2
mattenklott,2
christoph,2
great,2
sein,2
riechen,2
exotic,2
schulden,2
closer,2
mag,2
onto,2
procedure,2
court,2
delusion,2
feature,2
integrate,2
written,2
limited,2
those,2
opposite,2
visibility,2
glauben,2
ganz,2
linear,2
money,2
nden,2
suicide,2
possible,2
fianc,2
doubles,2
rela,2
ideologically,2
realistic,2
ahasuerus,2
unhappy,2
harmony,2
colonized,2
human,2
regarding,2
phase,2
throughout,2
inner,2
development,2
interior,2
initially,2
assimila,2
cognizant,2
ability,2
moment,2
relations,2
ern,2
occurs,2
conjures,2
restore,2
kind,2
elements,2
vom,2
profound,2
back,2
difficulty,2
recalls,2
ally,2
effective,2
gemeinsamen,2
schuld,2
apparently,2
soll,2
fusion,2
site,2
acculturation,2
depiction,2
alleged,2
exact,2
l,2
remain,2
posits,2
stranger,2
completely,2
adopted,2
goes,2
strands,2
seiner,2
special,2
space,2
front,2
uncanny,2
changes,2
affect,2
marks,2
sex,2
hostess,2
laclau,2
geschichte,2
emergence,2
presumably,2
enlight,2
w,2
mask,2
hrt,2
age,2
show,2
manor,2
hwald,2
surface,2
readings,2
shed,2
generally,2
testament,2
requires,2
weltkrieg,2
undermines,2
protestant,2
mensch,2
based,2
dieser,2
rule,2
fascination,2
plot,2
total,2
verlag,2
deal,2
events,2
radical,2
ogy,2
schulte,2
fuel,2
ger,2
traits,2
reli,2
explain,2
public,2
scene,2
ther,2
torn,2
shape,2
deutscher,2
zeugung,2
spheres,2
ideal,2
concept,2
psychological,2
ck,2
ten,2
year,2
private,2
surrogate,2
mich,2
actually,2
middle,2
call,2
stelle,2
corollary,2
visions,2
eveline,2
tempered,2
judaica,2
misguided,2
visualizing,2
picture,2
creating,2
protestantism,2
successful,2
manners,2
things,2
next,2
clothes,2
worst,2
openly,2
calling,2
several,2
influence,2
zeichen,2
jeder,2
assimilate,2
hebrew,2
brought,2
notorious,2
wenn,2
impossible,2
orthodox,2
world,2
inverted,2
werke,2
void,2
battle,2
therefore,2
scientific,2
short,2
ideol,2
allen,2
movement,2
hold,2
ofthe,2
structural,2
deutschland,2
once,2
communities,2
simultaneous,2
violence,2
reference,2
arundel,2
serve,2
message,2
under,2
clash,2
inconsistencies,2
ancient,2
kremer,2
shifting,2
insights,2
odds,2
begins,2
assimilated,2
double,2
representation,2
initial,2
fan,2
schachern,2
french,2
magie,2
book,2
gewisse,2
zanken,2
towards,2
many,2
speaks,2
lack,2
lieutenant,2
striking,2
habe,2
colo,2
inconsistency,2
gypsy,2
welches,2
emphatically,2
honor,2
ruler,2
forms,2
men,2
readers,2
v,2
obscures,2
intellektuelle,2
strategies,2
judentum,2
pape,2
jahrhundert,2
children,2
gro,2
alle,2
gives,2
follows,2
shifts,2
shot,2
explicitly,2
al,2
stance,2
sions,2
acknowledgment,2
status,2
mean,2
missionary,2
admits,2
robertson,2
examples,2
effectiveness,2
hlung,2
upon,2
cult,2
writings,2
trajectory,2
region,2
exogamy,2
previously,2
kittler,2
prussia,2
denies,2
significant,2
hosted,2
refers,2
doubt,2
affects,2
verso,2
ethnic,2
heinrich,2
knaack,2
versions,2
rejected,2
ties,2
emphasizing,2
express,2
modernization,2
vagueness,2
peter,2
counter,2
ge,2
course,2
losing,2
provides,2
construct,2
beyond,2
salons,2
include,2
krise,2
mainly,2
excluded,2
psychical,2
industrialization,2
engagement,2
tians,2
motif,2
draw,2
fails,2
carried,2
where,2
kabbalah,2
langmuir,2
sometimes,2
foil,2
aestheticized,2
guests,2
bound,2
syncretistic,2
male,2
primarily,2
seeks,2
riddled,2
seen,2
affinity,2
tive,2
began,2
effectively,2
markers,2
auch,2
athen,2
reconcilia,2
get,2
attachment,2
detail,2
pogroms,2
duncan,2
wars,2
inversions,2
disavows,2
redemption,2
sch,2
ever,2
known,2
proposes,2
krobb,2
offers,2
napoleonic,2
set,2
derogatory,2
butler,2
know,2
evokes,2
deficiencies,2
control,2
persian,2
shares,2
focuses,2
seem,2
did,2
bauman,2
half,2
slippages,2
unter,2
main,2
pictures,2
passage,2
cke,2
works,2
caricature,2
better,2
born,2
concedes,2
references,2
och,2
trope,2
statement,2
mere,2
extent,2
greedy,2
bergmann,2
early,2
produce,2
voice,2
st,2
recognition,2
attachments,2
dice,2
strangers,2
hess,2
became,2
baumgart,2
beloved,2
subject,2
maddening,2
permutations,2
com,2
phenomenon,2
tian,2
aims,2
writing,2
tasies,2
origins,2
spring,2
recent,2
conditions,2
chemical,2
accept,2
gert,2
failings,2
define,2
evidence,2
eigentlich,2
baptism,2
alludes,2
harbors,2
embodies,2
measured,2
catholicism,2
potential,2
harassed,2
nasty,2
point,2
little,2
much,2
manifests,2
establishment,2
unexpectedly,2
famous,2
broader,2
captures,2
hans,2
overlaid,1
deception,1
difficult,1
defeats,1
ments,1
emperor,1
hle,1
battlefield,1
receded,1
tains,1
helped,1
curse,1
deutschsprachige,1
situate,1
deny,1
hallmarks,1
dinners,1
allies,1
concerned,1
medieval,1
ewige,1
stylistic,1
meaning,1
productions,1
wir,1
intellek,1
groups,1
pull,1
ndert,1
innathan,1
pleteness,1
volkssinne,1
accessories,1
propels,1
mystical,1
feld,1
truth,1
admin,1
deserve,1
ant,1
providence,1
gewalt,1
college,1
itism,1
trans,1
rapprochement,1
intriguing,1
implies,1
spreche,1
witticism,1
libat,1
sonnenkelch,1
tate,1
revulsion,1
termine,1
notably,1
sphere,1
berlin,1
per,1
linguistic,1
germany,1
foetor,1
sympathetic,1
articulating,1
center,1
nobleman,1
heteroge,1
judged,1
doom,1
reden,1
rainer,1
stimmenmehrheit,1
fate,1
geworden,1
tend,1
mad,1
ma,1
democratic,1
catastrophe,1
remind,1
ditional,1
regis,1
tors,1
sets,1
gekonnt,1
retracts,1
henckman,1
criticizes,1
affective,1
bias,1
jonathan,1
studies,1
stiftungslied,1
cryptic,1
country,1
mentality,1
wolf,1
cific,1
child,1
ideals,1
earnest,1
policy,1
position,1
detested,1
invectives,1
split,1
organic,1
harsh,1
stefan,1
paleness,1
invent,1
detrimental,1
kann,1
getaufte,1
hlerischen,1
tells,1
dress,1
fragile,1
accomplishments,1
fantasizes,1
matter,1
mourned,1
edu,1
gestattet,1
backfire,1
source,1
aryans,1
tiful,1
symptoms,1
morality,1
specters,1
recog,1
immanent,1
spontaneous,1
gewonnen,1
par,1
experience,1
predominantly,1
summarize,1
klaus,1
fabric,1
cast,1
vandenhoeck,1
entstehungszeit,1
besitzen,1
explaining,1
florian,1
hlliteratur,1
zygmunt,1
failing,1
textual,1
tantalizing,1
supposedly,1
datieren,1
creation,1
victim,1
salonni,1
pervasive,1
derives,1
exclusive,1
contingent,1
juda,1
ii,1
years,1
taken,1
restoration,1
motivations,1
sub,1
bergeht,1
worked,1
freely,1
active,1
diese,1
dreamy,1
experiments,1
malleable,1
ausscheiden,1
endlich,1
laughter,1
resemblance,1
possibilities,1
gypsies,1
affinities,1
zusammenleben,1
route,1
tradition,1
cally,1
explores,1
belong,1
partisanen,1
klopstock,1
christof,1
reasons,1
confusion,1
rombach,1
thank,1
gradual,1
tactic,1
producing,1
arises,1
confront,1
aesthetic,1
physique,1
rooted,1
proves,1
reed,1
quintessential,1
reveal,1
composition,1
strategie,1
paign,1
eigent,1
tskonstruktionen,1
take,1
gestion,1
alignment,1
semiotics,1
help,1
ect,1
verstecken,1
embrace,1
golem,1
keineswegs,1
tangible,1
faithful,1
lect,1
intuitive,1
mind,1
lker,1
trouble,1
greatly,1
raised,1
temporalit,1
freyheit,1
schriftsteller,1
alike,1
hostility,1
segregated,1
vaterl,1
dieses,1
context,1
backlash,1
tablishing,1
nowhere,1
case,1
germanness,1
empty,1
vaguely,1
politik,1
advocates,1
verloren,1
dialect,1
gespr,1
unserm,1
shaken,1
listens,1
himmel,1
attacked,1
gaps,1
ammonia,1
dying,1
gious,1
teleological,1
outlet,1
prone,1
volk,1
inverts,1
effaces,1
pub,1
iv,1
menschenklugheit,1
scapegoat,1
frevelnde,1
representations,1
glichkeiten,1
account,1
kannt,1
opened,1
nationali,1
capable,1
politics,1
compelling,1
deutschsprachigen,1
condition,1
meinung,1
illustrate,1
tesque,1
characterize,1
transformability,1
erased,1
functions,1
october,1
vielmehr,1
insight,1
weakening,1
vital,1
obvious,1
whatever,1
apart,1
mental,1
desired,1
smooth,1
ticism,1
except,1
unify,1
dynamic,1
pleted,1
establishes,1
along,1
gavin,1
wahl,1
acquires,1
ritual,1
formula,1
mlichkeiten,1
gemeinschaftlich,1
pflicht,1
conclusively,1
thinkers,1
collection,1
cornell,1
ous,1
behavior,1
acknowledge,1
unhinge,1
controlled,1
framework,1
disavow,1
ernesto,1
sublimation,1
repeatedly,1
relies,1
antagonized,1
mendelssohn,1
central,1
natives,1
antonien,1
confounds,1
constitutive,1
geliebten,1
lover,1
fun,1
tury,1
histori,1
purportedly,1
relationships,1
historically,1
ineffectiveness,1
haut,1
spinoza,1
used,1
difficulties,1
suitor,1
sociability,1
befreiungskriege,1
golems,1
ferred,1
riot,1
alternately,1
halle,1
due,1
ikonit,1
fortschritts,1
backdrop,1
de,1
cklichen,1
agent,1
similate,1
deems,1
civilizing,1
lady,1
reflection,1
characteristic,1
relatively,1
stands,1
selbstvernichtung,1
dia,1
sadistic,1
gunnar,1
te,1
br,1
stoffe,1
condensation,1
price,1
redeployed,1
uniformity,1
ndliche,1
overt,1
constellation,1
threatens,1
inversion,1
century,1
ndnis,1
nizable,1
wiedergegeben,1
z,1
affairs,1
momentarily,1
guided,1
exponent,1
transitional,1
thing,1
ngen,1
unity,1
cases,1
gl,1
california,1
nor,1
heimlich,1
self,1
blame,1
clark,1
sibling,1
heinz,1
mistakes,1
places,1
achims,1
perspective,1
lenge,1
transcends,1
gottes,1
ithaca,1
bergeben,1
inclusion,1
elicit,1
myth,1
cates,1
spiritualism,1
judas,1
ischen,1
apr,1
scott,1
continuous,1
nachtseite,1
despair,1
rhythm,1
find,1
judenfreunden,1
died,1
stature,1
unequivocally,1
ety,1
stereotypical,1
rosen,1
istrators,1
specter,1
gospel,1
rgen,1
performative,1
journal,1
look,1
werden,1
psychopathological,1
appreciated,1
embod,1
traditions,1
sister,1
einb,1
general,1
delivered,1
invites,1
oder,1
subversion,1
hypnotizes,1
deriva,1
word,1
impressions,1
hlichen,1
jerusalem,1
besserung,1
tausende,1
stiftungstage,1
ment,1
negativity,1
sympathetically,1
schickselchen,1
subversive,1
longing,1
natur,1
rights,1
wounds,1
henckmann,1
ingbert,1
seltene,1
idols,1
bleak,1
utilizes,1
dachte,1
neugierde,1
ohne,1
dance,1
ischa,1
biographie,1
intruder,1
essential,1
sechs,1
fuller,1
unravel,1
vorzu,1
traverse,1
gott,1
devastating,1
performance,1
ostensibly,1
troubled,1
arising,1
generations,1
essence,1
adds,1
blames,1
gewesen,1
binden,1
adapt,1
sort,1
interprets,1
en,1
na,1
antagonistic,1
espouses,1
sagenb,1
pogrom,1
holistic,1
tuelle,1
susanna,1
bond,1
mein,1
aesthetically,1
fissures,1
always,1
einwirkung,1
schickse,1
stench,1
rescue,1
legal,1
ex,1
metropol,1
certain,1
leave,1
jena,1
hearing,1
prussians,1
refered,1
tionship,1
revelation,1
study,1
produced,1
emergency,1
blurs,1
reassess,1
vorbild,1
ludwig,1
productive,1
decompose,1
allegorical,1
mation,1
absorbed,1
characterizes,1
anf,1
teile,1
reinterpretation,1
exceptional,1
accounts,1
conspicu,1
understand,1
pernicious,1
distinct,1
insistence,1
beitr,1
alytically,1
wanted,1
ation,1
cause,1
deflect,1
consider,1
subservient,1
dichotomy,1
herrmann,1
improvement,1
baptized,1
imagination,1
established,1
physically,1
beau,1
continuity,1
ancy,1
emancipa,1
obdurate,1
seeing,1
tention,1
infiltrate,1
represented,1
skinny,1
imitation,1
dienen,1
counteracts,1
articulated,1
tilgungsund,1
argued,1
pragmatism,1
vitality,1
frequently,1
nowadays,1
chal,1
four,1
wurde,1
commonali,1
pedagogical,1
commonly,1
operate,1
superior,1
ihnen,1
piety,1
robbing,1
follow,1
officer,1
hart,1
imag,1
eigentum,1
modeled,1
comparisons,1
definite,1
frau,1
stark,1
kaum,1
soir,1
posal,1
overcame,1
expulsion,1
asks,1
transformatory,1
swensen,1
daugh,1
dominant,1
ruminations,1
projected,1
ziele,1
strategy,1
judaicus,1
suggested,1
dren,1
advocated,1
bundes,1
dc,1
nachbarn,1
disappeared,1
ihre,1
friends,1
greater,1
widerstand,1
expressed,1
exterminatory,1
result,1
ssen,1
suffered,1
my,1
bl,1
conditio,1
bilateral,1
lead,1
herr,1
opposition,1
location,1
inappropriately,1
alienation,1
bearing,1
tra,1
sei,1
frustrations,1
bonds,1
legalistic,1
appearance,1
critic,1
begun,1
larities,1
p,1
exaggerating,1
effort,1
centers,1
secularized,1
alli,1
shared,1
ocean,1
fixates,1
nings,1
compassion,1
dispute,1
occult,1
transfor,1
beholds,1
emerge,1
herrn,1
hebr,1
feasibility,1
jude,1
representative,1
judenweib,1
sends,1
big,1
extracting,1
imagation,1
historicity,1
katholisch,1
traversed,1
impression,1
conversions,1
wieder,1
occupation,1
irony,1
informed,1
equal,1
polishing,1
bestimmt,1
elemental,1
gelassen,1
buried,1
spiegel,1
stock,1
necessi,1
schnell,1
berstimmt,1
appears,1
schuldbuch,1
recently,1
attracts,1
symbols,1
gesetz,1
transforma,1
undermined,1
revive,1
hailed,1
tyrole,1
schweigt,1
biases,1
enlightened,1
younger,1
erratic,1
romantikforschung,1
troops,1
possessor,1
avowal,1
ford,1
einverst,1
tension,1
procedures,1
spiritual,1
rgerung,1
absolute,1
volker,1
enough,1
tensibly,1
converts,1
sacrifice,1
fundamentalism,1
pensity,1
retro,1
viele,1
aries,1
receive,1
aspects,1
distinguishes,1
geist,1
sites,1
keeping,1
basis,1
jedes,1
stances,1
line,1
closed,1
headscarf,1
emancipated,1
gains,1
tr,1
bewegung,1
impos,1
scope,1
auto,1
grimmig,1
received,1
obscure,1
translate,1
writers,1
voted,1
heart,1
imagined,1
landesungl,1
episode,1
differ,1
characterization,1
competing,1
apparent,1
superficiality,1
esp,1
reduction,1
clearer,1
symbolism,1
related,1
confirms,1
brennpunkt,1
thoughts,1
gender,1
unbridled,1
surprise,1
heterosexual,1
attracted,1
insert,1
whole,1
arrives,1
roll,1
realm,1
tale,1
art,1
positing,1
place,1
bedingung,1
tyrolians,1
vasthi,1
issues,1
demonstrates,1
beginnings,1
stipulates,1
people,1
jo,1
maudemarie,1
details,1
lingering,1
stefani,1
et,1
personal,1
reflect,1
gions,1
jealousy,1
sacrament,1
newspaper,1
func,1
conveniently,1
participate,1
matt,1
verzerrtesten,1
mantic,1
indianapolis,1
chste,1
stanford,1
tsein,1
alan,1
interpreted,1
ebene,1
enhances,1
beweisen,1
eben,1
seduction,1
otherworldly,1
manipulation,1
either,1
sic,1
impasse,1
nephew,1
depicting,1
schriftsprache,1
preempts,1
published,1
schlingen,1
pedagogy,1
indi,1
caused,1
field,1
cruel,1
exchanging,1
diminish,1
ausmerzungsphantasien,1
revolution,1
empathetic,1
manipulates,1
stage,1
reliable,1
tested,1
resolving,1
humble,1
exploitative,1
prolifer,1
teil,1
bath,1
generation,1
deadlock,1
andern,1
nial,1
universality,1
blitz,1
discourse,1
endogamy,1
night,1
event,1
perished,1
involved,1
long,1
ckgewiesen,1
sentence,1
nationalismus,1
contingency,1
underscore,1
close,1
epitomizes,1
novellas,1
consensus,1
few,1
ttingen,1
pregnant,1
wider,1
feelings,1
revealing,1
bridge,1
masking,1
clich,1
acts,1
ts,1
bew,1
mel,1
contenders,1
boundaries,1
nization,1
engages,1
sexualized,1
satirical,1
condemned,1
purification,1
dlicher,1
lingsnebel,1
hoffmanns,1
os,1
attended,1
degeneration,1
odor,1
inaccessible,1
filling,1
reimagine,1
anticapitalism,1
theorem,1
peculiar,1
anderen,1
roots,1
structured,1
beauty,1
appropriate,1
zugleich,1
newly,1
tranken,1
wolfgang,1
ewig,1
administra,1
cascade,1
appeases,1
valuable,1
discontents,1
intermarriage,1
casts,1
salonniere,1
nations,1
herminghouse,1
transforming,1
libels,1
hood,1
mimetic,1
liberation,1
eternal,1
f,1
happen,1
originally,1
led,1
aller,1
fa,1
transform,1
business,1
gesetzten,1
mischung,1
sondern,1
withdraws,1
glorifies,1
promulgation,1
roswitha,1
practices,1
minimizes,1
judenfeindliche,1
oin,1
sheila,1
letters,1
populations,1
cheerfulness,1
indicative,1
paralyzed,1
separation,1
ans,1
identit,1
wrote,1
drama,1
arouses,1
located,1
overall,1
haven,1
dickson,1
cloud,1
nigstein,1
nter,1
revolt,1
classic,1
poesie,1
heilsgeschichte,1
drops,1
mandrake,1
brings,1
formative,1
reconstruction,1
conceives,1
rzburg,1
undoes,1
ndetes,1
comments,1
precedes,1
ebenso,1
volke,1
transmuting,1
judengasse,1
degree,1
southern,1
artist,1
echo,1
abend,1
loss,1
voids,1
adapted,1
positive,1
profoundly,1
kills,1
texte,1
single,1
formation,1
verbrechen,1
downplay,1
treuherzigkeit,1
recipe,1
depicted,1
sprachmagie,1
spe,1
meanwhile,1
inwardly,1
ery,1
suited,1
experienced,1
rules,1
uns,1
immaterial,1
darin,1
soon,1
schen,1
gins,1
unidirectional,1
neous,1
augen,1
edict,1
undoing,1
exposure,1
challenged,1
ne,1
ele,1
neither,1
differentiate,1
reconciliation,1
handelsware,1
denounced,1
impera,1
shikutz,1
home,1
falls,1
guten,1
hren,1
symptom,1
compassionate,1
promotes,1
ro,1
tter,1
essentialist,1
popularized,1
ruprecht,1
friedrich,1
ances,1
hergestellt,1
excellence,1
subj,1
already,1
qualified,1
reliance,1
ckgekehrt,1
gekleidet,1
noted,1
increasingly,1
friend,1
erbe,1
ader,1
rogate,1
functioned,1
dischen,1
unifying,1
wegen,1
politi,1
months,1
tropes,1
fill,1
slights,1
etudes,1
tries,1
judengeschichte,1
transformative,1
ndische,1
resolution,1
successfully,1
extracted,1
detlef,1
allusion,1
zuerst,1
verheiratet,1
shots,1
zusammenziehen,1
juxtaposing,1
gew,1
comparison,1
inflected,1
metaphysical,1
factory,1
fell,1
hears,1
luft,1
kupellierofen,1
christ,1
procured,1
ask,1
harmonious,1
impasses,1
transposes,1
ization,1
addition,1
financial,1
emotions,1
theocracy,1
tingent,1
expose,1
birgit,1
speculative,1
sing,1
stories,1
gelegenheit,1
coinage,1
fundamental,1
fremdartigen,1
relates,1
animates,1
tendenzen,1
proposal,1
conference,1
abstract,1
exclusion,1
witnesses,1
developed,1
haben,1
reform,1
lacks,1
educated,1
daily,1
named,1
biguity,1
estrangement,1
thesen,1
fallen,1
vaterlandsdiskurs,1
bewu,1
granting,1
everything,1
contemporary,1
ust,1
nnlichkeit,1
hinges,1
fremde,1
display,1
trennen,1
external,1
sebastian,1
bility,1
ra,1
reformed,1
miene,1
cept,1
frauengestalten,1
berzeugt,1
stuff,1
fledged,1
accusations,1
present,1
performances,1
hrig,1
karfunkel,1
posit,1
ur,1
pistol,1
discussing,1
deceptive,1
secular,1
mu,1
existing,1
empire,1
receives,1
establish,1
non,1
translation,1
uct,1
marrying,1
rgermeister,1
zusammenf,1
answer,1
mostly,1
chil,1
fend,1
judith,1
lines,1
conviction,1
innere,1
perceives,1
above,1
invitation,1
ception,1
perhaps,1
native,1
nase,1
routledge,1
distance,1
gnade,1
hlwerk,1
zweiter,1
germans,1
free,1
remarkably,1
distortions,1
incestuous,1
identifiable,1
casting,1
reminds,1
infatu,1
verbal,1
fight,1
zynismus,1
local,1
mea,1
verfassung,1
ject,1
credit,1
whereupon,1
analyzed,1
apt,1
nichts,1
hackett,1
mythic,1
fest,1
helfer,1
skepticism,1
ills,1
renh,1
druck,1
discovery,1
explanation,1
blumen,1
derision,1
freien,1
contours,1
phantasmatischen,1
heroine,1
haltung,1
derliches,1
patricia,1
scorned,1
refrains,1
passes,1
begr,1
recht,1
launched,1
detailed,1
trat,1
bequeathed,1
eta,1
personality,1
machtphantasie,1
medium,1
mundart,1
cohesion,1
persists,1
murdered,1
empirical,1
wich,1
use,1
mim,1
raven,1
nsebrust,1
largely,1
cher,1
horst,1
inneren,1
eren,1
geburt,1
causes,1
maria,1
mutability,1
sequence,1
zwang,1
overcoming,1
lows,1
conflicted,1
ene,1
engaged,1
munity,1
bauche,1
yearbook,1
full,1
imagery,1
relegated,1
complicated,1
optimistic,1
nevertheless,1
prod,1
fused,1
verleiht,1
attraction,1
displacing,1
trade,1
significance,1
princess,1
similar,1
crises,1
werk,1
directed,1
gration,1
comprehensive,1
aneignung,1
health,1
victory,1
essay,1
rebecca,1
ence,1
admission,1
held,1
lished,1
gestures,1
drenching,1
gate,1
haunted,1
keep,1
unterhaltung,1
philipp,1
helpful,1
pos,1
gruesome,1
summer,1
recon,1
unsatisfying,1
glaube,1
winner,1
unterhaltendes,1
played,1
antisem,1
indisputable,1
static,1
stages,1
counted,1
int,1
minority,1
unbekannter,1
renewal,1
epoch,1
black,1
mourning,1
nstliche,1
baue,1
intrinsic,1
depic,1
ungedruckte,1
artificial,1
genealogy,1
ture,1
gets,1
ages,1
weimarer,1
maxim,1
guilt,1
overgeneralizations,1
systems,1
fits,1
seinem,1
leaves,1
eyes,1
foundering,1
verwirklichung,1
evolutionary,1
methods,1
constructing,1
juncture,1
manipulating,1
reads,1
metonymy,1
relation,1
nie,1
deliberate,1
accordingly,1
effect,1
sentiments,1
attendant,1
imago,1
ceives,1
structure,1
january,1
enemies,1
improbable,1
claiming,1
verdiente,1
vide,1
looks,1
sug,1
ate,1
fe,1
nehme,1
nnen,1
nazi,1
hind,1
willen,1
ruhe,1
daher,1
basically,1
theatrical,1
hervorbringt,1
schriften,1
andreas,1
sur,1
propose,1
horch,1
gleich,1
attention,1
secret,1
embody,1
stereotypes,1
paranoid,1
schuldig,1
exchanged,1
decision,1
visit,1
separate,1
contributes,1
worldview,1
imita,1
tyroler,1
reunites,1
suggestion,1
discrep,1
progeny,1
escaping,1
committed,1
abstracting,1
verses,1
imply,1
circle,1
dual,1
observa,1
mitigate,1
lovers,1
today,1
note,1
dards,1
poet,1
soci,1
trespass,1
usually,1
salient,1
foreign,1
blatantly,1
meine,1
replete,1
politically,1
aunt,1
freundschaftlicher,1
pe,1
vague,1
resistant,1
exacerbated,1
nichtige,1
parent,1
worin,1
attitude,1
insufficient,1
heimlichkeit,1
institutions,1
success,1
army,1
colonizers,1
concluding,1
mirroring,1
strongly,1
yale,1
din,1
coercion,1
force,1
render,1
proposition,1
scherz,1
importantly,1
interplay,1
wisenschaftlich,1
cynicism,1
ch,1
sures,1
furnish,1
ausschlie,1
countries,1
wilhelm,1
stipulate,1
moritz,1
unserer,1
often,1
accusation,1
construction,1
analysis,1
mannigfaltige,1
unrechte,1
scheidung,1
produktionsinstanzen,1
united,1
hope,1
incisive,1
dead,1
wives,1
composed,1
education,1
nighausen,1
assimilates,1
creatures,1
blanken,1
exists,1
matri,1
obstacle,1
served,1
lingers,1
combines,1
commenting,1
problematic,1
interpretive,1
interview,1
gsa,1
thwarts,1
rigorous,1
verh,1
cam,1
flaunts,1
gab,1
signaturen,1
door,1
sara,1
uflinge,1
entertain,1
treue,1
produc,1
versation,1
marr,1
proof,1
rhetorik,1
publicly,1
dislikes,1
persecution,1
judenemanzipation,1
invoca,1
lkern,1
hofer,1
constant,1
freier,1
believed,1
carica,1
ters,1
danach,1
conclusion,1
wer,1
lehnrechts,1
ism,1
principles,1
nervous,1
motive,1
disjointed,1
contradiction,1
simply,1
vulner,1
modernen,1
invoked,1
viel,1
reinforced,1
continues,1
forgetting,1
theme,1
implied,1
discrepancy,1
markably,1
recognizable,1
mueller,1
ambiguit,1
unver,1
temporal,1
blutiges,1
fremdenha,1
aural,1
narrowly,1
vella,1
forgets,1
loving,1
rde,1
sums,1
spatially,1
alternative,1
ambi,1
engelstein,1
downfall,1
mis,1
acquired,1
machinations,1
berkeley,1
dimension,1
recorded,1
natural,1
mutually,1
dische,1
incom,1
derselbe,1
fault,1
thwart,1
legitimize,1
tismus,1
parental,1
cultures,1
faulty,1
autonomous,1
attribute,1
roman,1
hildegard,1
manche,1
exogamic,1
albeit,1
gone,1
capital,1
best,1
denkler,1
down,1
wein,1
style,1
uner,1
temper,1
regard,1
scenario,1
wagner,1
report,1
provoke,1
foundation,1
alternatively,1
particularly,1
meist,1
berlegungen,1
reiteration,1
linked,1
conflating,1
enemy,1
vertauscht,1
embodiment,1
anhang,1
uphold,1
associated,1
ritchie,1
narrowed,1
build,1
identities,1
resentments,1
adler,1
placing,1
hostilities,1
rural,1
proposed,1
emanzipationszeit,1
structed,1
merely,1
evident,1
concrete,1
turned,1
catalogue,1
beginning,1
cal,1
purported,1
subjunctive,1
sexual,1
antijudaismus,1
defend,1
knows,1
lens,1
cated,1
wit,1
majorat,1
kleist,1
avoidance,1
explanations,1
heads,1
ucherte,1
reproduce,1
answered,1
affirm,1
persuasively,1
christenblut,1
depicts,1
darmstadt,1
rose,1
list,1
namely,1
malaise,1
making,1
bruce,1
want,1
supports,1
kabbalistische,1
quote,1
mony,1
series,1
schimpf,1
metaphor,1
maintain,1
covers,1
attitudes,1
eroticism,1
zeit,1
firmly,1
ies,1
perfectibility,1
leaving,1
evinces,1
transaction,1
hegemony,1
burwick,1
seph,1
injunction,1
busi,1
projective,1
array,1
neumann,1
require,1
aver,1
rationality,1
discourses,1
rke,1
magda,1
don,1
richness,1
bey,1
uter,1
contain,1
feminized,1
ueberzeugung,1
anxieties,1
edlen,1
popular,1
ivanhoe,1
diesen,1
gratitude,1
mir,1
burden,1
socioeconomic,1
zerlegt,1
kabbalistischer,1
dialogues,1
gisela,1
son,1
gef,1
gt,1
multiple,1
mod,1
ill,1
thereby,1
grotesken,1
introduced,1
outwardly,1
city,1
jahrhunderts,1
despite,1
unspiritual,1
passivity,1
riddle,1
intended,1
terialism,1
rationale,1
falkenstein,1
recounts,1
similation,1
surro,1
distinguishable,1
gloss,1
using,1
disrupted,1
tall,1
blainville,1
susanne,1
cheap,1
oeuvre,1
behaved,1
zertrennt,1
jan,1
tions,1
proceeds,1
energies,1
berghahn,1
guity,1
determinism,1
lodged,1
macht,1
suhrkamp,1
until,1
models,1
ltnisse,1
seit,1
kernel,1
nun,1
intensified,1
genres,1
similarity,1
replace,1
ihrer,1
web,1
mieszkowski,1
opens,1
frame,1
klassiker,1
washington,1
charge,1
discursive,1
cluding,1
motives,1
nderliches,1
iden,1
crisis,1
wish,1
illegitimate,1
register,1
ended,1
offer,1
bemerke,1
actively,1
germaniques,1
grown,1
typically,1
integrated,1
land,1
rapproche,1
humor,1
need,1
constructed,1
ert,1
unified,1
product,1
dorothea,1
charac,1
stabilizes,1
biographische,1
france,1
effects,1
prospect,1
off,1
pigeons,1
locate,1
michel,1
conversations,1
sexuality,1
freiburg,1
oldest,1
duel,1
shift,1
speak,1
herrlichsten,1
reproach,1
reformation,1
summary,1
ihm,1
vi,1
offered,1
observation,1
tified,1
quelled,1
substitute,1
distinctions,1
spectively,1
ausgang,1
sen,1
doubling,1
rekonstruktion,1
vermi,1
charged,1
wanderings,1
jokes,1
outsmart,1
predicaments,1
chaouli,1
qualification,1
dark,1
uncertainty,1
fears,1
occur,1
psychoan,1
entire,1
eignes,1
arose,1
hometown,1
heir,1
token,1
focus,1
immediately,1
nachla,1
seek,1
keine,1
drew,1
impossi,1
charms,1
judendialect,1
icry,1
should,1
virtue,1
simi,1
built,1
race,1
portrait,1
customs,1
vividly,1
reemerge,1
hostile,1
otto,1
constitutes,1
werner,1
evidently,1
perception,1
scheinbar,1
doch,1
culturalist,1
antisemi,1
destabilizes,1
