WORDCOUNTS,WEIGHT
the,73
of,62
in,38
her,35
to,30
and,26
gertrud,22
das,22
is,20
kolmar,20
die,18
a,17
und,15
that,14
she,12
earth,12
work,11
an,11
life,10
poetess,10
it,9
was,9
s,9
ich,9
things,9
so,8
with,7
du,7
are,7
p,7
which,7
pp,6
published,6
der,6
this,6
werk,6
lyrische,6
their,5
one,5
prosa,5
dichter,5
verse,5
see,5
its,5
berlin,5
german,4
dann,4
jiidischer,4
not,4
nicht,4
or,4
kann,4
spirit,4
ed,4
from,4
by,4
for,4
where,4
them,4
mehr,4
miinchen,4
immer,4
have,4
ist,4
susanna,4
quarterly,4
auch,4
child,3
been,3
imagery,3
truth,3
they,3
nur,3
religious,3
es,3
as,3
soul,3
mit,3
any,3
but,3
most,3
only,3
love,3
volume,3
tradition,3
great,3
poetry,3
jewish,3
gedichte,3
nichts,3
poems,3
people,3
own,3
zum,3
although,3
collected,3
poetic,3
here,3
von,3
girl,2
lyrical,2
whose,2
contact,2
mother,2
service,2
prose,2
pieces,2
knew,2
freely,2
study,2
essays,2
awareness,2
sage,2
jiirgen,2
god,2
worte,2
n,2
leipzig,2
these,2
rilke,2
french,2
might,2
appear,2
ewigkeitsgeschehen,2
words,2
other,2
creative,2
wallmann,2
habe,2
bin,2
man,2
zwischen,2
existing,2
appears,2
rose,2
namely,2
ganz,2
has,2
out,2
pursued,2
some,2
capable,2
both,2
afterword,2
herself,2
song,2
nothingness,2
lippen,2
deutschen,2
ein,2
auf,2
gar,2
throughout,2
bratpfanne,2
lover,2
devoted,2
models,2
biichern,2
sensitivity,2
aus,2
ability,2
braucht,2
eine,2
would,2
him,2
between,2
destiny,2
unborn,2
on,2
special,2
chodziesner,2
those,2
much,2
professional,2
searches,2
wird,1
natur,1
void,1
zeitler,1
rights,1
wunderbarem,1
zuriickgezogen,1
roten,1
robespierres,1
ii,1
relationship,1
afterwords,1
erotic,1
abundance,1
sind,1
understands,1
page,1
dies,1
anthologies,1
resides,1
no,1
immortality,1
russian,1
wechsel,1
way,1
independent,1
exact,1
act,1
rather,1
his,1
aber,1
if,1
mentions,1
meaning,1
five,1
heiben,1
frauengedichte,1
sentences,1
otten,1
miglich,1
indeed,1
stood,1
remain,1
commitment,1
rasch,1
fear,1
friedhelm,1
bis,1
return,1
steinen,1
accords,1
college,1
ainderten,1
worthy,1
maus,1
bernhardt,1
seeks,1
stuttgart,1
buchstaben,1
originate,1
gestalt,1
germany,1
translates,1
xii,1
karl,1
handbuch,1
direct,1
ix,1
herman,1
fate,1
productive,1
word,1
edited,1
english,1
assigns,1
observer,1
itself,1
makes,1
devotion,1
voll,1
country,1
geschichten,1
schnurre,1
hier,1
verlassene,1
earliest,1
den,1
konnen,1
anguish,1
welten,1
slavic,1
realities,1
wandelt,1
triffst,1
consider,1
leben,1
deny,1
jahre,1
position,1
achgedacht,1
schillergesellschaft,1
into,1
acting,1
jiidischem,1
unklar,1
elisabeth,1
cit,1
biographical,1
brauchte,1
keiner,1
quoted,1
verwirrt,1
scheint,1
growing,1
imitation,1
matter,1
iiber,1
beispiel,1
pseudonym,1
op,1
responsive,1
frequently,1
too,1
must,1
insel,1
friichten,1
founded,1
interpreter,1
liebe,1
two,1
experience,1
inzwischen,1
siitze,1
officially,1
mich,1
tod,1
fact,1
extension,1
merkur,1
passion,1
else,1
constructed,1
confessional,1
membership,1
grau,1
testament,1
zauberwort,1
kaum,1
frankfurt,1
majority,1
solomon,1
letters,1
production,1
regung,1
hirschenauer,1
forewords,1
power,1
m,1
locke,1
attempts,1
taken,1
opinion,1
seiende,1
know,1
death,1
judischer,1
excerpt,1
each,1
all,1
regenerate,1
many,1
simplest,1
greater,1
enchanted,1
character,1
nature,1
deutsche,1
expressed,1
reprinted,1
schwarzer,1
verschwinden,1
atmenden,1
december,1
zimmer,1
d,1
stories,1
nennst,1
lyrik,1
did,1
unknown,1
jahrzehnte,1
nelly,1
appearance,1
kayser,1
sein,1
simple,1
documents,1
disturbed,1
drittes,1
rich,1
producing,1
time,1
als,1
freudenmidchen,1
er,1
were,1
brothers,1
blumenthal,1
able,1
metaphorical,1
estrangement,1
check,1
shared,1
hauch,1
theology,1
mag,1
rudolf,1
dazu,1
religion,1
endeavor,1
preussische,1
i,1
sah,1
ganze,1
there,1
xx,1
passage,1
appeared,1
passionate,1
forefathers,1
heimlos,1
siinderin,1
last,1
late,1
never,1
circulation,1
concrete,1
sag,1
bleibende,1
floral,1
hand,1
einem,1
sie,1
xxxiii,1
vielleicht,1
dariiber,1
meine,1
proscriptions,1
elemental,1
dreigestirn,1
jahr,1
communicate,1
salle,1
establish,1
viewed,1
terms,1
kiichendunst,1
form,1
cannot,1
references,1
draus,1
case,1
entstehn,1
issue,1
independently,1
irrt,1
conviction,1
mind,1
however,1
existence,1
zuckungen,1
contemporaries,1
statement,1
erst,1
hermann,1
vogel,1
hdbliche,1
loved,1
task,1
einst,1
hafen,1
sought,1
possibility,1
influenced,1
realize,1
tiefer,1
feminine,1
exception,1
wappen,1
unsterblichkeit,1
anderes,1
gegenwartsliteratur,1
enriching,1
betauten,1
unter,1
mosaiksteine,1
becomes,1
up,1
verblabft,1
kernel,1
nehmen,1
meaningful,1
xlii,1
literature,1
intent,1
schlieblich,1
mir,1
powers,1
bildnis,1
kranke,1
made,1
druck,1
inseln,1
rasend,1
wort,1
claim,1
iiberlegte,1
excerpts,1
distinctively,1
gesicht,1
sagst,1
dab,1
tage,1
story,1
sensuousness,1
heut,1
through,1
explains,1
despite,1
january,1
knowledge,1
content,1
leeren,1
compares,1
expressionist,1
unrestrained,1
steht,1
giving,1
insensitivity,1
mentally,1
common,1
tag,1
denies,1
letter,1
confidence,1
substance,1
brings,1
horst,1
during,1
qermon,1
bildet,1
denke,1
contains,1
des,1
aside,1
tiere,1
human,1
symbolists,1
accorded,1
childhood,1
neue,1
nach,1
identical,1
kinderdiebin,1
almanach,1
fassen,1
irre,1
stelle,1
come,1
wie,1
speise,1
alles,1
siehst,1
bliihte,1
language,1
intimacy,1
until,1
unable,1
schwach,1
development,1
becher,1
quality,1
inevitable,1
currents,1
kleine,1
initiated,1
dinge,1
sachs,1
kunisch,1
formulates,1
reality,1
directed,1
ihrer,1
numerous,1
september,1
judaism,1
entfiihrte,1
g,1
virtues,1
versteht,1
accept,1
essay,1
interest,1
forgotten,1
good,1
kemp,1
wolfdietrich,1
defense,1
sense,1
like,1
jahrbuch,1
gemacht,1
period,1
gegenwart,1
function,1
glaube,1
variously,1
staubgesichts,1
cope,1
weakness,1
frau,1
losing,1
traum,1
quite,1
unfaithful,1
came,1
heart,1
individual,1
glaubst,1
old,1
increased,1
gibt,1
small,1
turned,1
deutlicher,1
la,1
especially,1
separately,1
gerne,1
je,1
gottes,1
highly,1
rupert,1
date,1
ill,1
duft,1
manche,1
hebrew,1
invoke,1
worter,1
dramatic,1
recalls,1
themselves,1
herz,1
attests,1
essentially,1
weber,1
third,1
petitions,1
kasack,1
animal,1
da,1
be,1
blattern,1
langsam,1
always,1
langgiisser,1
zart,1
working,1
even,1
also,1
entire,1
little,1
abandoned,1
werden,1
ascribe,1
images,1
world,1
sich,1
nacht,1
among,1
nazi,1
ends,1
than,1
nachlab,1
irrevocably,1
notes,1
departed,1
unpublished,1
beings,1
worshiper,1
virtue,1
riecht,1
vain,1
gleich,1
attention,1
influence,1
verworfene,1
mutter,1
sisters,1
johanna,1
schreit,1
scholarly,1
organ,1
richly,1
doch,1
petitioner,1
albrecht,1
