WORDCOUNTS,WEIGHT
the,401
of,155
in,111
and,106
a,100
to,88
is,77
poem,56
by,42
this,41
as,40
s,39
that,37
her,29
his,28
from,28
it,26
love,25
for,24
woman,24
he,22
with,22
line,22
ibn,22
not,20
or,20
khalfun,20
are,19
hebrew,19
first,18
lover,18
i,16
poetry,16
like,16
poems,15
between,15
who,14
women,13
my,13
mother,12
but,12
an,12
family,12
on,12
tsur,11
scheindlin,11
see,11
its,11
poet,11
be,11
she,10
rather,10
male,10
also,10
beloved,10
at,9
second,9
himself,9
one,9
circle,9
comic,9
isaac,9
was,9
these,9
other,9
there,9
than,9
within,8
mirsky,8
all,8
out,8
man,8
men,8
style,8
gender,8
have,8
protagonist,8
critics,7
no,7
word,7
only,7
here,7
courtly,7
p,7
honor,7
rhyme,7
another,7
genre,7
lady,7
two,6
if,6
they,6
similarly,6
gazelle,6
linked,6
them,6
when,6
lyric,6
thus,6
which,6
does,5
may,5
leaping,5
translation,5
tova,5
pp,5
read,5
image,5
schirmann,5
social,5
more,5
opinion,5
hanagid,5
typical,5
while,5
what,5
feminine,5
has,5
patriarchal,5
tone,5
fawns,5
order,5
mourning,5
young,5
rosen,5
conventions,5
we,5
deer,5
jerusalem,5
where,4
medieval,4
will,4
been,4
fear,4
over,4
sphere,4
songs,4
exterior,4
hemistich,4
familiar,4
impulse,4
house,4
being,4
each,4
opposition,4
forces,4
uncle,4
do,4
terms,4
sounds,4
ah,4
father,4
our,4
away,4
inner,4
stag,4
interior,4
levin,4
arabic,4
ratzabi,4
spanish,4
members,4
third,4
even,4
charging,4
should,4
girl,3
edition,3
lovers,3
way,3
noble,3
adds,3
how,3
inside,3
son,3
pagis,3
similar,3
movement,3
their,3
about,3
means,3
itself,3
represents,3
us,3
same,3
ve,3
experience,3
passion,3
t,3
palace,3
yehuda,3
into,3
kharjas,3
j,3
words,3
hemistichs,3
fact,3
lack,3
tradition,3
lightness,3
were,3
brothers,3
weightiness,3
humorous,3
last,3
readers,3
further,3
hand,3
muwashshah,3
those,3
born,3
though,3
literature,3
unique,3
context,3
less,3
system,3
well,3
ed,3
verse,3
tension,3
petrified,3
jewish,3
motion,3
sexual,3
some,3
relatives,3
used,3
skipping,3
upon,3
subject,3
use,3
mamma,3
connotes,3
interpreted,3
halting,3
would,3
period,3
so,3
him,3
meeting,3
after,3
long,3
life,3
outside,3
through,3
entire,3
wife,3
beauty,3
daughter,3
uncommon,2
lyrical,2
led,2
recesses,2
noteworthy,2
situation,2
immobility,2
matter,2
zaddik,2
without,2
opening,2
virile,2
later,2
links,2
short,2
door,2
vernacular,2
female,2
notion,2
represented,2
still,2
goes,2
tel,2
b,2
certain,2
length,2
often,2
stability,2
phrase,2
riches,2
song,2
yet,2
dunash,2
reference,2
addition,2
mirror,2
hegemonic,2
earliest,2
seeing,2
considered,2
university,2
structure,2
motions,2
literary,2
any,2
dress,2
light,2
culture,2
conclusion,2
dan,2
chooses,2
emotional,2
begins,2
said,2
cast,2
grimly,2
offers,2
shrink,2
movements,2
tarbiz,2
m,2
evidence,2
enters,2
stands,2
nature,2
naive,2
possibilities,2
seem,2
maa,2
could,2
found,2
desire,2
plays,2
choice,2
follows,2
particularly,2
relation,2
far,2
end,2
anyway,2
noting,2
take,2
fictional,2
ps,2
pattern,2
powerless,2
semantically,2
type,2
aviv,2
mind,2
written,2
ben,2
studies,2
irony,2
didn,2
spatial,2
appears,2
gazing,2
prefers,2
speaker,2
sound,2
issue,2
vehen,2
comes,2
norms,2
rhythm,2
adopts,2
scene,2
masculinity,2
early,2
ibid,2
voice,2
too,2
becomes,2
withdrawal,2
mm,2
mothers,2
preserved,2
hers,2
heart,2
discusses,2
familial,2
cited,2
calls,2
role,2
traditional,2
lies,2
partly,2
virility,2
writing,2
daughters,2
london,2
real,2
personal,2
middle,2
reflect,2
wild,2
vol,2
ultimately,2
described,2
mine,2
surrounded,2
against,2
kharja,2
fallacy,2
want,2
labrat,2
brother,2
instead,2
sense,2
field,2
relics,2
features,2
pathetic,2
serves,2
piece,2
forced,2
poetic,2
nor,2
around,2
facing,2
slave,2
valor,2
point,2
boundaries,2
effect,2
foremost,2
can,2
masculine,2
always,2
arab,2
up,2
rhetorical,2
me,2
look,2
reuven,2
cruel,2
immediately,2
mature,2
hardly,2
tragic,2
buffoon,2
aroused,2
absence,1
swears,1
estad,1
final,1
frequent,1
european,1
themes,1
david,1
letting,1
threatened,1
avoidance,1
ending,1
opposed,1
deviation,1
now,1
link,1
libidinal,1
originally,1
referred,1
simile,1
high,1
relationship,1
adhering,1
generis,1
surround,1
ihn,1
york,1
jest,1
whose,1
opposites,1
deviations,1
violation,1
reflects,1
yecireni,1
fathers,1
note,1
window,1
testify,1
protecting,1
mua,1
solid,1
functioning,1
testimony,1
fell,1
labeling,1
purely,1
los,1
qas,1
argued,1
tion,1
italy,1
separation,1
ahihah,1
generations,1
indeed,1
ideology,1
knight,1
created,1
labeled,1
attains,1
ironic,1
tm,1
hadashim,1
frowns,1
spouse,1
perspectivist,1
represent,1
vedodah,1
begin,1
rnv,1
intended,1
motivated,1
ascribing,1
unconscious,1
lines,1
epigram,1
conservatism,1
manly,1
israel,1
nearly,1
neverthe,1
funny,1
persevering,1
death,1
unconsummated,1
pause,1
brings,1
timv,1
prevailing,1
instincts,1
lost,1
army,1
community,1
seen,1
adoption,1
indicates,1
polysyndeton,1
mountains,1
avo,1
capacity,1
disproportion,1
domination,1
allegedly,1
radically,1
stops,1
threaten,1
loses,1
face,1
expect,1
standing,1
frolic,1
unsuccessful,1
remaining,1
originated,1
gesture,1
becoming,1
reflection,1
juxtaposition,1
vagabond,1
hold,1
loss,1
secluded,1
direction,1
why,1
expression,1
sharply,1
possess,1
k,1
yosef,1
hi,1
analysis,1
mourns,1
tend,1
standard,1
deviates,1
intruding,1
fam,1
halevi,1
list,1
berkeley,1
hope,1
chamber,1
depends,1
live,1
white,1
springs,1
ing,1
introducing,1
cannot,1
rewards,1
pleasures,1
interpretation,1
support,1
raymond,1
approaches,1
rnpa,1
doe,1
ethos,1
angeles,1
additionally,1
empathy,1
confrontation,1
behave,1
coincidental,1
romantic,1
sionistic,1
had,1
day,1
hageniza,1
joseph,1
whereas,1
under,1
poets,1
former,1
metaphor,1
exposure,1
futile,1
fatale,1
deny,1
flight,1
claims,1
signifies,1
neither,1
established,1
imitate,1
prooftexts,1
harsh,1
pose,1
wanted,1
vigil,1
home,1
behavior,1
seeks,1
zabi,1
confront,1
imitated,1
sociofamilial,1
latin,1
artificial,1
before,1
section,1
quoted,1
fianc,1
ntapa,1
feels,1
delphia,1
growing,1
lord,1
n,1
sleep,1
impact,1
chapter,1
prefer,1
result,1
lattice,1
lets,1
lament,1
enhances,1
females,1
culled,1
closely,1
chastity,1
unusualness,1
w,1
frightened,1
frustrated,1
denote,1
yona,1
proclamation,1
alien,1
most,1
show,1
identification,1
relativist,1
chosen,1
panegyrics,1
superior,1
declensions,1
obstructs,1
commented,1
common,1
weighty,1
warns,1
additional,1
highlighted,1
anything,1
confuse,1
sit,1
transla,1
refer,1
accentuating,1
hart,1
weeping,1
double,1
defines,1
include,1
obstacles,1
cries,1
ezra,1
modest,1
caesura,1
hence,1
textual,1
mourn,1
comparing,1
oral,1
amorous,1
commonly,1
terminology,1
suffice,1
asks,1
rvbp,1
victim,1
sad,1
discovers,1
law,1
expressive,1
book,1
marriage,1
comparison,1
peering,1
pauses,1
attempts,1
forty,1
impres,1
alternatively,1
hedonistic,1
preference,1
suggested,1
toward,1
ni,1
defining,1
others,1
impulsiveness,1
natural,1
approaching,1
pointed,1
preserve,1
refusal,1
deserves,1
meaning,1
nmy,1
yana,1
control,1
spain,1
inchoate,1
union,1
experienced,1
hark,1
mub,1
meu,1
guarding,1
seems,1
sentence,1
expressed,1
standards,1
efforts,1
imru,1
shies,1
different,1
worth,1
haifa,1
d,1
pen,1
memory,1
phila,1
fore,1
location,1
pair,1
albeit,1
fulfills,1
shirim,1
flowing,1
head,1
did,1
best,1
divorce,1
itzhak,1
manliness,1
relates,1
appearance,1
viewpoint,1
ofshemuel,1
assures,1
half,1
great,1
called,1
simple,1
strength,1
disproportionate,1
joy,1
qo,1
rrrcd,1
exclusion,1
witnesses,1
extended,1
hesheq,1
shred,1
gives,1
advice,1
emotion,1
reluctance,1
foundation,1
effort,1
narrative,1
achievement,1
counterpart,1
gypsy,1
ephemeral,1
status,1
arriving,1
proves,1
new,1
addressed,1
muruwwa,1
ln,1
flees,1
radical,1
rraar,1
biographical,1
aloof,1
bravado,1
femme,1
identical,1
differed,1
virtus,1
vigorous,1
conjugations,1
discussed,1
serious,1
endings,1
compromised,1
wall,1
passionate,1
fleischer,1
bewilderment,1
places,1
person,1
exaggerates,1
treatment,1
say,1
impression,1
stand,1
following,1
animal,1
v,1
equally,1
absurdity,1
narrates,1
pointing,1
adventures,1
que,1
discuss,1
let,1
hah,1
shown,1
somewhat,1
ambiguous,1
discussing,1
committed,1
war,1
disgrace,1
sentimental,1
secular,1
behind,1
rrom,1
johns,1
orderly,1
victims,1
mate,1
locus,1
existing,1
antecedence,1
bounding,1
relevant,1
vulnerable,1
reconcile,1
playful,1
form,1
ghazal,1
laying,1
optional,1
girdle,1
analogous,1
biases,1
cut,1
stirred,1
syntactically,1
uttered,1
males,1
connoted,1
min,1
however,1
deep,1
produced,1
above,1
passed,1
breaks,1
stupefied,1
grief,1
required,1
compare,1
naaici,1
unnecessary,1
penetration,1
knocked,1
extent,1
captures,1
conspicuous,1
coined,1
repetitive,1
hopkins,1
gazelles,1
simplicity,1
expressions,1
prestige,1
saying,1
vehicle,1
hall,1
mean,1
scenes,1
womanly,1
failure,1
oppositions,1
gross,1
meditenanean,1
smoothing,1
clearly,1
chaotic,1
biographic,1
account,1
suppress,1
don,1
entirely,1
shadowing,1
discrepancies,1
felt,1
prior,1
myself,1
protected,1
private,1
reveals,1
authentic,1
warning,1
effeminate,1
discussion,1
diwan,1
feminization,1
intimate,1
object,1
drive,1
translated,1
designation,1
examples,1
suggests,1
rendered,1
alter,1
impo,1
persistently,1
bibliography,1
ings,1
neck,1
straightforward,1
strict,1
renders,1
uncontrolled,1
must,1
wrote,1
writes,1
r,1
desert,1
eyeful,1
taking,1
fighter,1
leads,1
overcome,1
likely,1
sui,1
characterization,1
sufficed,1
extends,1
part,1
redundant,1
documenting,1
abo,1
kin,1
very,1
intensified,1
temptations,1
blamed,1
muwashshab,1
coquetry,1
laws,1
knowledge,1
oppose,1
realistic,1
dynamic,1
literal,1
press,1
anymore,1
due,1
stuttering,1
victimizer,1
reside,1
solemn,1
narrator,1
attributed,1
ring,1
description,1
mim,1
change,1
permissive,1
perspective,1
simply,1
notions,1
identifies,1
introduction,1
territory,1
irretrievable,1
com,1
illusion,1
genuine,1
budge,1
dronke,1
illustrated,1
contrasts,1
largely,1
peeps,1
da,1
tender,1
derive,1
roe,1
during,1
place,1
emphasize,1
refers,1
solitary,1
conversely,1
factor,1
admirer,1
approach,1
root,1
affects,1
morality,1
receives,1
write,1
world,1
mention,1
imitations,1
noted,1
monorhyme,1
underscored,1
rendering,1
enveloped,1
guarded,1
catches,1
tamed,1
inexhaustible,1
mistake,1
member,1
maintains,1
leap,1
nothing,1
solidarity,1
call,1
rabbinical,1
time,1
obstruct,1
swift,1
chaste,1
claiming,1
wine,1
hapless,1
sees,1
option,1
cry,1
berlin,1
ends,1
de,1
employed,1
intimacy,1
clinging,1
compact,1
rrroa,1
until,1
sublimation,1
involves,1
couple,1
amigo,1
nuclear,1
aaron,1
mtrb,1
severe,1
touch,1
unable,1
such,1
legendary,1
cantigas,1
development,1
difference,1
ignored,1
miss,1
accounted,1
own,1
quotation,1
arrested,1
participates,1
three,1
reality,1
hidden,1
tional,1
lenegdah,1
avihah,1
surrounding,1
assumes,1
comprehensive,1
rmm,1
samuel,1
likewise,1
position,1
uniqueness,1
virtues,1
points,1
anachronistic,1
bodily,1
tent,1
peter,1
pieces,1
preceded,1
adornment,1
whereby,1
birthed,1
parallels,1
precise,1
moment,1
gestures,1
legacy,1
ideal,1
explain,1
macho,1
although,1
normally,1
powerful,1
hang,1
skip,1
undermine,1
price,1
sadness,1
followed,1
constellation,1
unexpected,1
creating,1
suggest,1
stage,1
tribal,1
depiction,1
rob,1
jewel,1
suggestive,1
since,1
rujula,1
echo,1
suitor,1
insinuates,1
kind,1
shemuel,1
typically,1
addi,1
off,1
turn,1
mediterranean,1
emphasizes,1
sexuality,1
wish,1
sharp,1
rejecting,1
commentaries,1
farces,1
night,1
sake,1
notes,1
old,1
venture,1
small,1
restrained,1
sets,1
isa,1
enclosed,1
becet,1
initiating,1
farray,1
ages,1
bereaved,1
moralistic,1
depend,1
freed,1
especially,1
supported,1
few,1
recognize,1
somehow,1
altered,1
internal,1
article,1
feelings,1
jealous,1
trying,1
italicized,1
study,1
eyes,1
hmmah,1
pursue,1
enough,1
psychological,1
acts,1
uncles,1
difficulty,1
certainly,1
presence,1
goitein,1
defeating,1
nosi,1
nestled,1
maiden,1
shrank,1
successful,1
sight,1
large,1
c,1
synonymous,1
suddenly,1
deviant,1
respectively,1
hills,1
encroaches,1
examine,1
accordingly,1
overcomes,1
tended,1
pure,1
loving,1
crude,1
irrelevant,1
reflecting,1
find,1
miro,1
vein,1
supervision,1
momentary,1
create,1
femininity,1
department,1
instance,1
essays,1
spurious,1
delicate,1
present,1
raised,1
appellations,1
preserving,1
focus,1
nkras,1
describes,1
glance,1
strong,1
apparently,1
hasty,1
bedouin,1
rhyming,1
heaviness,1
naivet,1
marry,1
either,1
behaves,1
famous,1
insignificant,1
brody,1
absolutist,1
lore,1
darling,1
feel,1
ahs,1
delivered,1
necklace,1
weakness,1
deviating,1
listing,1
wl,1
termed,1
feeling,1
animals,1
according,1
close,1
household,1
major,1
cites,1
motif,1
erotic,1
society,1
apparent,1
kept,1
hypothesis,1
