WORDCOUNTS,WEIGHT
the,362
of,331
her,279
to,263
in,205
is,151
and,148
a,144
de,142
she,120
s,103
that,102
manon,80
as,71
it,68
for,63
this,63
with,62
des,61
valmont,59
by,56
grieux,55
mme,54
tourvel,51
his,45
who,45
be,45
not,44
their,42
he,38
on,38
life,37
own,36
an,36
him,36
from,35
will,34
la,32
death,31
l,30
je,30
has,29
which,29
one,28
voltaire,27
et,26
but,25
que,24
à,24
les,23
mlle,23
le,23
are,23
ne,21
all,20
m,20
have,20
saintyves,19
virtue,19
does,18
elle,18
terms,18
hercule,18
they,17
authenticity,17
see,17
would,17
what,17
only,16
love,16
so,16
d,16
laclos,15
these,15
herself,15
plus,14
me,14
physical,14
liaisons,14
at,13
because,13
dangereuses,13
can,13
women,12
j,12
en,12
une,12
un,12
vous,12
while,12
freedom,12
son,12
prévost,12
du,11
than,11
qu,11
sa,10
now,10
if,10
studies,10
nature,10
out,10
marie,10
when,10
or,10
moral,10
dans,10
over,10
wellington,10
into,9
est,9
we,9
same,9
also,9
role,9
desire,8
sees,8
présidente,8
point,8
himself,8
cette,8
marriage,8
tout,8
may,8
act,8
rather,8
il,8
female,8
si,8
fact,8
personal,8
paris,8
woman,8
identity,8
relationship,8
been,8
deaths,8
becomes,8
lescaut,8
pour,8
code,8
pas,8
actions,8
arrange,8
way,7
character,7
last,7
such,7
g,7
body,7
young,7
even,7
though,7
no,7
turn,7
lives,7
ingénu,7
however,7
loss,7
vie,7
french,7
power,7
choice,7
end,7
man,7
novel,7
ses,7
both,7
nous,7
au,7
final,6
live,6
being,6
words,6
mind,6
existence,6
sexual,6
thus,6
merteuil,6
whose,6
essential,6
without,6
was,6
n,6
seduction,6
action,6
sans,6
religious,6
more,6
men,6
vision,6
circumstances,6
die,6
esprit,5
ma,5
par,5
seems,5
i,5
subsequent,5
letter,5
century,5
perspective,5
ce,5
danger,5
means,5
reason,5
mon,5
qui,5
had,5
appearance,5
cannot,5
purpose,5
sense,5
lui,5
notes,5
nonetheless,5
once,5
yet,5
light,5
emotional,5
conduct,5
time,5
do,5
lost,5
eighteenth,5
three,5
victory,5
respect,5
text,5
ni,5
foundation,5
them,5
writes,5
must,5
seeks,5
between,5
themselves,5
say,5
doing,5
être,4
ways,4
mais,4
chooses,4
either,4
there,4
moi,4
behavior,4
inner,4
ability,4
moment,4
ai,4
concerning,4
back,4
y,4
virtuous,4
process,4
b,4
se,4
leave,4
too,4
most,4
ou,4
result,4
allow,4
well,4
work,4
part,4
its,4
chevalier,4
activities,4
situation,4
arrangement,4
letters,4
indeed,4
still,4
comments,4
complete,4
preserve,4
really,4
mort,4
another,4
admits,4
explanation,4
nothing,4
like,4
study,4
continued,4
empire,4
success,4
seen,4
faut,4
different,4
person,4
references,4
extent,4
rosemonde,4
through,4
duty,4
femme,4
course,4
instead,4
sur,4
characters,4
go,3
meaning,3
corruption,3
truth,3
littéraire,3
willed,3
true,3
favor,3
avoir,3
unlike,3
source,3
other,3
precisely,3
those,3
context,3
case,3
suicide,3
authentic,3
gasster,3
far,3
libertinage,3
framework,3
regarding,3
against,3
realization,3
siècle,3
nor,3
word,3
romantic,3
image,3
just,3
acceptance,3
imprisonment,3
puts,3
view,3
sacrifice,3
scene,3
affair,3
r,3
faire,3
apparent,3
accord,3
place,3
mademoiselle,3
flight,3
evening,3
était,3
judgment,3
sortir,3
about,3
liberator,3
two,3
noted,3
again,3
polemic,3
plan,3
new,3
follows,3
free,3
desires,3
original,3
understanding,3
father,3
regain,3
morality,3
chosen,3
previous,3
language,3
things,3
délivrer,3
dénouement,3
male,3
tiberge,3
synnelet,3
effectively,3
circumstance,3
recognize,3
why,3
cease,3
itself,3
attachment,3
puis,3
any,3
cusset,3
respective,3
dès,3
each,3
merely,3
maintain,3
ideal,3
level,3
encounter,3
world,3
question,3
jamais,3
states,3
remains,3
removed,3
contrasting,3
amant,3
ends,3
occupe,2
sins,2
preference,2
created,2
commitment,2
resulted,2
fiction,2
e,2
arranges,2
plutôt,2
church,2
conversion,2
ultimatum,2
confidence,2
cœur,2
prince,2
h,2
dressing,2
spirit,2
position,2
necessarily,2
carroll,2
total,2
tells,2
before,2
âme,2
réparer,2
leads,2
first,2
every,2
certainly,2
ii,2
attempts,2
taken,2
enables,2
attempt,2
hoffmann,2
vivre,2
jaton,2
reach,2
principles,2
knowing,2
reasons,2
differences,2
were,2
verbal,2
bailet,2
godmother,2
written,2
peut,2
containment,2
political,2
letting,2
within,2
designs,2
surpasses,2
takes,2
protagonists,2
histoire,2
paraître,2
some,2
logical,2
avait,2
condition,2
pretend,2
volontés,2
étais,2
connaissez,2
entendre,2
victim,2
central,2
review,2
dangereux,2
explained,2
dying,2
since,2
intact,2
self,2
profound,2
minogue,2
arranged,2
unchanged,2
eût,2
despair,2
find,2
quand,2
spite,2
occasion,2
influence,2
grasp,2
perfect,2
interesting,2
hero,2
fort,2
laisser,2
bring,2
mes,2
superficial,2
essence,2
pretends,2
presentation,2
choderlos,2
opportunity,2
manages,2
similar,2
exemple,2
nos,2
consequences,2
consistency,2
psychological,2
escape,2
consider,2
familiar,2
age,2
orientation,2
veut,2
cet,2
surface,2
bonheur,2
imminent,2
appear,2
artistic,2
union,2
acceptable,2
lead,2
whom,2
strength,2
attack,2
demands,2
initial,2
base,2
preston,2
understood,2
aime,2
let,2
comme,2
cohabitation,2
prayer,2
triumph,2
directly,2
having,2
theological,2
don,2
line,2
reader,2
future,2
été,2
knowledge,2
related,2
comment,2
fit,2
increasingly,2
mise,2
t,2
jones,2
below,2
responsibility,2
belle,2
contrast,2
specifically,2
around,2
family,2
séduite,2
ménagement,2
presence,2
choosing,2
moins,2
essentially,2
intent,2
correspondence,2
behalf,2
society,2
smitten,2
dévote,2
eternal,2
therefore,2
aller,2
forever,2
matter,2
donohoe,2
make,2
favre,2
violate,2
oxford,2
toutes,2
rules,2
lovers,2
home,2
aux,2
already,2
clouston,2
arranging,2
social,2
double,2
chose,2
tries,2
récit,2
eighteenthcentury,2
request,2
amour,2
effet,2
erreurs,2
idée,2
longer,2
idea,2
fundamental,2
séduction,2
versailles,2
john,2
external,2
outside,2
present,2
corps,2
reassertion,2
liking,2
non,2
less,2
carnal,2
perceives,2
perhaps,2
narrative,2
discussion,2
coherent,2
made,2
staging,2
upon,2
formal,2
retains,2
anbury,2
grimsley,2
affection,2
ideas,2
catalyst,2
take,2
lifestyle,2
real,2
continue,2
examination,2
full,2
bedroom,2
open,2
directed,2
reputation,2
oui,2
diaconoff,2
heureux,2
conserverai,2
fidelity,2
after,2
intrinsic,2
thomas,2
bonneville,2
garnierflammarion,2
herman,2
decide,2
internal,2
flame,2
satisfy,2
relation,2
effect,2
january,2
story,2
honte,2
conquest,2
restores,2
decision,2
declaration,2
quelque,2
plays,2
practical,2
order,2
dimensions,2
soul,2
cher,2
determination,2
proposition,2
satisfaction,2
rebuffed,2
considered,2
share,2
constant,2
protect,2
continues,2
imagines,2
sujet,2
here,2
natural,2
principle,2
saintpouange,2
interpersonal,2
artifice,2
regrets,2
very,2
therrien,2
past,2
accepts,2
proposed,2
works,2
emerges,2
bien,2
où,2
beginning,2
according,2
pardonne,2
coward,2
whether,2
mere,2
mourons,2
tant,2
information,2
episode,2
pleases,2
toute,2
substance,2
horreur,2
lesson,2
unity,2
allows,2
come,2
reveals,2
crisis,2
consolée,2
enlightenment,2
although,2
attributes,2
effects,2
baptism,2
sgard,2
philosophy,2
volanges,2
morally,2
profits,2
observation,2
substitute,2
mason,2
c,2
séparons,2
early,2
yeux,2
participant,2
focus,2
much,2
seek,2
resist,2
meeting,2
roles,2
merge,1
housekeeping,1
literal,1
smoke,1
possessed,1
ririez,1
deference,1
o,1
madeleine,1
principes,1
doubts,1
hypocrite,1
accomplish,1
ravishing,1
dies,1
enchaîne,1
sais,1
avoiding,1
indicated,1
prix,1
cachette,1
cent,1
quickly,1
names,1
glorieuse,1
generous,1
centering,1
conduite,1
faced,1
prompts,1
represent,1
credibility,1
reconsidered,1
genuineness,1
counsel,1
digresses,1
perfection,1
arrive,1
offset,1
vérité,1
liberating,1
submission,1
ultimate,1
victimization,1
diametrical,1
contradicts,1
linguistic,1
suitor,1
éclatante,1
police,1
becoming,1
reflection,1
résistance,1
liaison,1
engineered,1
séductrice,1
partially,1
judged,1
lazare,1
saved,1
systematically,1
conveys,1
ample,1
correspondance,1
essays,1
deviates,1
forgiveness,1
merged,1
produces,1
catastrophe,1
explicable,1
confines,1
huron,1
motivation,1
approaches,1
amuses,1
lors,1
inconsistent,1
easily,1
malheureuse,1
respectability,1
upheaval,1
modern,1
notwithstanding,1
blows,1
considerations,1
confidante,1
navigational,1
motive,1
implosion,1
deny,1
mille,1
enjoys,1
recreation,1
history,1
presents,1
pose,1
charitable,1
occurred,1
holding,1
comédie,1
unpremeditated,1
unvirtuous,1
avow,1
shrunken,1
cependant,1
impermanent,1
feels,1
eye,1
contest,1
nouvel,1
societal,1
chaillot,1
dexterity,1
permitted,1
assaults,1
inopportune,1
experience,1
rende,1
consistent,1
anything,1
synonymous,1
aside,1
query,1
passion,1
personnage,1
conforms,1
sources,1
please,1
invention,1
fast,1
spiritually,1
briller,1
misères,1
posed,1
fullness,1
interests,1
derives,1
exclusive,1
originally,1
implications,1
give,1
chaos,1
debating,1
possesses,1
suis,1
refusal,1
jeu,1
actual,1
reconnais,1
font,1
valmontmerteuil,1
departure,1
nefarious,1
poison,1
bloomington,1
interprétation,1
reestablish,1
confirmed,1
inhabits,1
replaces,1
resemblance,1
possibilities,1
ressource,1
imposes,1
avec,1
anselme,1
bern,1
succeeds,1
together,1
terminate,1
remark,1
invigorated,1
mettait,1
rallies,1
elude,1
colloque,1
senses,1
confront,1
studied,1
tâchiez,1
link,1
transforms,1
reveal,1
imiterai,1
court,1
sentait,1
resulting,1
départ,1
anger,1
amplitude,1
transposition,1
traîner,1
integrate,1
embrace,1
aventure,1
pursues,1
faithful,1
loose,1
voyezvous,1
succombé,1
sacred,1
amante,1
employa,1
robert,1
vouloir,1
êtes,1
opposite,1
adventures,1
reading,1
ambiguous,1
replies,1
édition,1
avouer,1
romanticism,1
opposais,1
crus,1
indigne,1
depends,1
system,1
refus,1
parlait,1
havre,1
slip,1
issue,1
side,1
fortune,1
aimée,1
charmante,1
admitted,1
enseveli,1
inconnu,1
college,1
replay,1
féminine,1
money,1
draws,1
continuum,1
constraint,1
jeunesse,1
firm,1
america,1
robbery,1
saying,1
rests,1
autorité,1
victims,1
admonitions,1
twist,1
inauthentic,1
presses,1
gallimard,1
design,1
signifier,1
crains,1
account,1
indirectly,1
italian,1
occupying,1
installment,1
determined,1
politics,1
cooperation,1
kidnapping,1
burning,1
coupable,1
reaching,1
unpossessable,1
powers,1
lodging,1
mutual,1
alter,1
october,1
ordre,1
ouvre,1
contes,1
fine,1
bends,1
tastes,1
except,1
resources,1
uncertain,1
dynamic,1
vocation,1
along,1
trio,1
mentally,1
loves,1
forged,1
félicite,1
opposes,1
recreated,1
forme,1
liberated,1
modem,1
sign,1
abode,1
realizing,1
pursuing,1
corresponding,1
consult,1
autre,1
dessein,1
expertise,1
labor,1
loue,1
vides,1
prerequisite,1
goal,1
entrancement,1
virginity,1
selves,1
ronald,1
married,1
leigh,1
romancier,1
séminaire,1
angles,1
disorder,1
elseneur,1
reclaim,1
pursuer,1
aimait,1
blackmail,1
development,1
ethical,1
extinguished,1
accommodation,1
pursue,1
prevails,1
reactionary,1
realized,1
assumes,1
author,1
couvent,1
reprendrai,1
novelistic,1
bodily,1
interest,1
agreeing,1
valerie,1
cornered,1
logic,1
honest,1
savoir,1
predicament,1
perfide,1
application,1
counterbalances,1
assessment,1
threatens,1
universitaires,1
dont,1
stained,1
misère,1
suppléer,1
vengeance,1
pries,1
conte,1
besoin,1
exercise,1
divertissements,1
ravissait,1
occasioned,1
hold,1
refuses,1
cases,1
parallelism,1
figuré,1
perdue,1
elements,1
illuminates,1
mistakes,1
preconception,1
freed,1
fond,1
subjects,1
interchangeable,1
response,1
forgiven,1
served,1
wholly,1
allowing,1
minus,1
agree,1
ally,1
amalgam,1
weakening,1
reveled,1
obliger,1
novice,1
sin,1
fortifies,1
indissoluble,1
reunited,1
atlantis,1
decline,1
guard,1
protects,1
general,1
doute,1
delivered,1
hardly,1
impressions,1
master,1
finishes,1
selfpossessed,1
finances,1
lesser,1
loyal,1
surprisingly,1
talks,1
articulates,1
opposed,1
mimicking,1
definitively,1
preuves,1
weapon,1
conciliated,1
wherefore,1
seizes,1
recognized,1
juxtaposes,1
exact,1
dilemma,1
assuage,1
unintended,1
destroy,1
absent,1
adds,1
arena,1
convent,1
how,1
stop,1
remain,1
sort,1
réduire,1
reproche,1
mieux,1
taste,1
beholder,1
bond,1
comparable,1
didactic,1
hers,1
analyzes,1
goes,1
survives,1
determining,1
rétablit,1
importance,1
derived,1
direct,1
errs,1
elaborate,1
finalize,1
read,1
adulterer,1
devotion,1
space,1
supposed,1
moves,1
unchanging,1
adorait,1
posthumous,1
droz,1
catalyzed,1
handiwork,1
sentit,1
consultation,1
captivité,1
operates,1
praise,1
evil,1
university,1
reverberates,1
flexibility,1
bespeak,1
physically,1
retained,1
literary,1
organized,1
slowly,1
aura,1
clearly,1
leaves,1
tendresse,1
wins,1
underlines,1
days,1
former,1
dominate,1
beauté,1
mary,1
indivisible,1
instrument,1
frequents,1
veines,1
remettre,1
exclamation,1
forget,1
firent,1
show,1
acknowledges,1
ask,1
additional,1
origins,1
powerful,1
pains,1
ceux,1
avatar,1
beyond,1
defeat,1
actes,1
followed,1
undertaken,1
willful,1
consequence,1
cost,1
putting,1
madame,1
atonable,1
willfully,1
requires,1
oppression,1
émanant,1
instance,1
blatant,1
antithetical,1
lust,1
projected,1
contrary,1
strategy,1
bras,1
duel,1
drawing,1
forsake,1
dependency,1
délicatesse,1
arms,1
friends,1
redeeming,1
greater,1
opening,1
avant,1
soient,1
lieu,1
inquest,1
based,1
betrayal,1
decorously,1
opposition,1
walk,1
brumfitt,1
affreuse,1
attributing,1
could,1
internally,1
found,1
demise,1
ferai,1
ambition,1
search,1
called,1
planned,1
henceforth,1
p,1
temptation,1
behavioral,1
lived,1
underneath,1
résolution,1
shared,1
métaphorique,1
expression,1
rebirth,1
relays,1
chacune,1
events,1
douceur,1
tjhey,1
eu,1
welcomes,1
valor,1
possibility,1
mérités,1
pressantes,1
périr,1
attained,1
term,1
intrigue,1
sends,1
termes,1
ardeur,1
offensée,1
further,1
companion,1
devons,1
equally,1
créateur,1
undeniable,1
ceases,1
psychologically,1
religiosity,1
foule,1
faublas,1
aspects,1
awaken,1
orchestration,1
appears,1
intermission,1
viewed,1
boyd,1
persons,1
voyeur,1
meet,1
promise,1
devait,1
intertwined,1
otherwise,1
pensais,1
spiritual,1
yield,1
absolute,1
guidance,1
ces,1
père,1
premise,1
public,1
voice,1
governing,1
wants,1
criteria,1
briefly,1
distressed,1
arrête,1
skillfully,1
fallait,1
très,1
existential,1
errance,1
advisor,1
keeping,1
swords,1
participation,1
imprisoned,1
basis,1
rearranges,1
vivant,1
revealed,1
literature,1
romans,1
plaît,1
douglas,1
scope,1
received,1
étonnait,1
partir,1
start,1
charity,1
overturn,1
claim,1
imagined,1
concept,1
eh,1
elaborates,1
disloyal,1
london,1
discusses,1
damnation,1
bois,1
hypocritical,1
nation,1
brushed,1
experiencing,1
cérémonie,1
genuine,1
tale,1
consentir,1
art,1
during,1
people,1
juger,1
predispose,1
unmistakable,1
samia,1
participated,1
transported,1
forces,1
matrimonial,1
somewhere,1
halfway,1
away,1
reflect,1
novels,1
believes,1
participate,1
entails,1
reste,1
predominance,1
couple,1
manage,1
tears,1
rage,1
échappe,1
stead,1
douse,1
breakdown,1
relative,1
approach,1
manifestation,1
protestations,1
nephew,1
change,1
responses,1
wounded,1
metamorphosis,1
least,1
esteem,1
haydn,1
successful,1
caused,1
fautes,1
working,1
corresponds,1
voiced,1
irrevocable,1
coup,1
reliable,1
tentée,1
dieu,1
insistât,1
josé,1
catholic,1
destiny,1
repetition,1
standpoint,1
reaches,1
spies,1
event,1
involved,1
encompasses,1
talents,1
tuned,1
gouverneur,1
mains,1
inescapable,1
repulsions,1
feelings,1
components,1
legitimize,1
executed,1
brought,1
metamorphoses,1
échouer,1
augmentait,1
objet,1
core,1
paroles,1
occasions,1
managed,1
condemned,1
up,1
reuniting,1
st,1
necessity,1
pays,1
ta,1
paces,1
apparences,1
results,1
describes,1
using,1
surrendered,1
prétend,1
defrauding,1
depravity,1
hélas,1
édifiante,1
intransigence,1
couched,1
protagonist,1
crime,1
paul,1
satisfaite,1
moved,1
consentis,1
rest,1
suggest,1
recompense,1
dictated,1
pouvons,1
fiber,1
avoid,1
comble,1
volontairement,1
conceal,1
survived,1
precepts,1
meaningfully,1
toujours,1
press,1
suellen,1
noteworthy,1
likely,1
valmon,1
proxy,1
chains,1
reduced,1
parrying,1
various,1
gears,1
voir,1
insincere,1
concede,1
ire,1
feeling,1
resisted,1
tempted,1
consacre,1
bisected,1
play,1
return,1
appreciate,1
spencer,1
retrouverai,1
merits,1
reflet,1
object,1
gift,1
elusive,1
converted,1
capacity,1
says,1
puissant,1
experiences,1
precedes,1
moyens,1
choix,1
outer,1
sigrid,1
rites,1
unfamiliar,1
vraisemblance,1
va,1
direction,1
positive,1
improper,1
kills,1
languishing,1
illuminating,1
geneva,1
guide,1
spoken,1
sincere,1
donne,1
turmoil,1
screen,1
wishes,1
elaboration,1
interpretation,1
reference,1
arrangements,1
makes,1
complication,1
encore,1
serve,1
subservient,1
sex,1
under,1
éperdument,1
inspiration,1
clash,1
us,1
calculations,1
neither,1
clarified,1
management,1
espérances,1
complementary,1
included,1
falls,1
adherence,1
miroitements,1
negates,1
eros,1
prenons,1
purity,1
deportation,1
passions,1
xviiie,1
ed,1
gratifying,1
étincelants,1
joins,1
conçois,1
heureuse,1
osmotic,1
belonging,1
overpowering,1
moments,1
strata,1
shattering,1
onedimensionality,1
confirmait,1
avoided,1
picture,1
flee,1
considers,1
maîtresse,1
invests,1
rings,1
dietlinde,1
name,1
epistolary,1
intertextuels,1
aspect,1
skill,1
book,1
temporarily,1
formational,1
afterlife,1
pourtant,1
prompting,1
supérieur,1
toward,1
admirable,1
sûr,1
rejects,1
put,1
éprouve,1
xvllr,1
added,1
residence,1
financial,1
jan,1
release,1
emotions,1
signified,1
barber,1
convertir,1
conformity,1
tête,1
shows,1
lack,1
subscribes,1
admit,1
parure,1
stérilité,1
vôtre,1
amours,1
lieutenant,1
renoncour,1
sleep,1
powerless,1
solidity,1
mien,1
résultat,1
lacks,1
enable,1
grave,1
break,1
habitat,1
associates,1
understandable,1
soin,1
devenir,1
vicomte,1
redresser,1
impending,1
granarne,1
beliefs,1
serious,1
anne,1
simple,1
inviolability,1
honor,1
davantage,1
possession,1
patterns,1
readers,1
took,1
acquiesces,1
hand,1
sighting,1
perfidie,1
ground,1
porte,1
parler,1
manner,1
branding,1
purposes,1
reestablishment,1
refrain,1
relevant,1
séducteur,1
consents,1
answer,1
hides,1
forth,1
necessary,1
coiffed,1
trouve,1
ahead,1
gait,1
nocturnal,1
venger,1
supporter,1
weaken,1
eds,1
confession,1
jolie,1
style,1
gives,1
readies,1
arsenal,1
suivre,1
brûlante,1
realize,1
laudable,1
reminds,1
perseveres,1
indomitable,1
charted,1
rejoining,1
hesitate,1
demonstrated,1
selfish,1
fundamentally,1
emanating,1
vertu,1
balance,1
similitude,1
enseignement,1
extended,1
elevations,1
hear,1
abide,1
indiana,1
examples,1
subjectivity,1
discovery,1
bear,1
values,1
readjust,1
extrapolated,1
fictional,1
including,1
securer,1
distinctly,1
previously,1
looking,1
sufficiently,1
judge,1
recover,1
artificielle,1
concern,1
listener,1
wound,1
controlling,1
enchantement,1
use,1
food,1
sidestep,1
force,1
persevere,1
dress,1
peu,1
complements,1
bed,1
pleasure,1
propre,1
maintains,1
résolut,1
places,1
mounts,1
violated,1
fruits,1
reenters,1
check,1
assertiveness,1
rehabilitate,1
sauver,1
entière,1
accoutrements,1
catherine,1
excused,1
maid,1
tranquille,1
significance,1
bailli,1
ironie,1
candeur,1
celui,1
reality,1
reward,1
authors,1
culminations,1
ceasing,1
transpired,1
utter,1
peter,1
portait,1
lady,1
faces,1
brink,1
admission,1
gestures,1
individual,1
keep,1
period,1
abbé,1
summer,1
admissibility,1
refuser,1
serves,1
static,1
conversational,1
worldly,1
chercher,1
underestimating,1
comforts,1
accurate,1
fièvre,1
authentication,1
misunderstanding,1
malheurs,1
believing,1
unfaithful,1
provides,1
lose,1
construct,1
exchange,1
repeated,1
spent,1
dit,1
tangential,1
faith,1
désolante,1
enumerate,1
especially,1
sentiment,1
possess,1
qualities,1
eyes,1
transcendence,1
insists,1
craft,1
contrition,1
narrow,1
ditesmoi,1
respectively,1
autant,1
reestablishing,1
accordingly,1
sentiments,1
rupture,1
structure,1
wills,1
seeking,1
implication,1
dominance,1
sacrifierait,1
combattre,1
ascribe,1
dissimuler,1
figures,1
save,1
versus,1
juxtapose,1
soumets,1
ieminite,1
anchored,1
école,1
governor,1
méprise,1
lang,1
creativity,1
vain,1
théologie,1
semblaient,1
obliterates,1
justice,1
féminin,1
contributes,1
conflict,1
suffering,1
depth,1
consists,1
accepting,1
yields,1
imaginé,1
straight,1
escaping,1
relegation,1
proposer,1
servira,1
adultery,1
note,1
irregular,1
tentative,1
window,1
independent,1
redefine,1
elevate,1
chance,1
usually,1
chère,1
foreign,1
agitaient,1
consent,1
philosophique,1
bound,1
prose,1
indispensable,1
ironically,1
coy,1
même,1
hôpital,1
bare,1
defined,1
primarily,1
binary,1
emotionally,1
watching,1
beneficiary,1
transformed,1
fils,1
vow,1
dangereuse,1
imposition,1
returned,1
société,1
enlist,1
interplay,1
reverted,1
try,1
indicate,1
disais,1
often,1
expectations,1
analysis,1
adventure,1
infidelity,1
fall,1
types,1
instances,1
get,1
face,1
abdication,1
assez,1
sound,1
quelle,1
thwarts,1
susan,1
surrendering,1
joseph,1
sérieusement,1
unveiled,1
meant,1
freeing,1
matters,1
mène,1
echoes,1
rite,1
bienséance,1
contained,1
exercised,1
shadow,1
propinquity,1
material,1
following,1
breach,1
ici,1
conclusion,1
redemption,1
changing,1
contre,1
comparison,1
throw,1
allaient,1
monsieur,1
thèse,1
scène,1
mournful,1
ever,1
boulogne,1
secourir,1
malheur,1
elicited,1
aurais,1
accorder,1
prude,1
apprehended,1
treats,1
trapped,1
punctuates,1
compensates,1
dupery,1
plea,1
aggressiveness,1
june,1
potency,1
offers,1
alternative,1
psychologique,1
jean,1
downfall,1
shortcoming,1
milieu,1
mis,1
know,1
enters,1
lumières,1
foresees,1
benefits,1
partner,1
control,1
illuminate,1
bretonne,1
guarding,1
interrupted,1
shares,1
attribute,1
commission,1
connection,1
seem,1
chaîne,1
did,1
acts,1
argue,1
prettiest,1
regard,1
scenario,1
ramènera,1
faites,1
selfpunishment,1
metaphorical,1
launching,1
perfectly,1
dalhousie,1
uphold,1
shackleton,1
reflected,1
perdu,1
historical,1
fears,1
entretenir,1
puisqu,1
donc,1
masterpiece,1
rural,1
type,1
options,1
oliver,1
ramener,1
evident,1
hint,1
redefined,1
clarity,1
perseverance,1
integrates,1
pardon,1
game,1
virtual,1
ruse,1
reaffirmation,1
avoidance,1
seducer,1
voulu,1
concedes,1
poses,1
reactions,1
implicit,1
reconcile,1
form,1
making,1
consolation,1
particular,1
châtelet,1
noticeable,1
metaphor,1
résolue,1
edinburgh,1
épouser,1
prepare,1
pensées,1
attaining,1
differs,1
w,1
pursued,1
trahisons,1
élevée,1
horribles,1
fainted,1
emblematic,1
generally,1
observations,1
obtenu,1
suggests,1
dedication,1
threat,1
unrelenting,1
contain,1
rendition,1
bouleversaient,1
strolls,1
outline,1
baisser,1
intention,1
votre,1
difficilement,1
corti,1
protected,1
thereby,1
met,1
attached,1
satiric,1
facilitation,1
despite,1
extraordinaire,1
juanism,1
giving,1
plans,1
impose,1
feeds,1
puissance,1
measure,1
affront,1
recounts,1
obtain,1
themen,1
reconstruct,1
naturelle,1
underestimate,1
lle,1
challenges,1
isolated,1
evidenced,1
progress,1
goals,1
attendre,1
fallut,1
grandeur,1
daring,1
rendre,1
pouvoir,1
aspires,1
our,1
agissait,1
prepared,1
extrémités,1
bicentenaire,1
tuait,1
devoir,1
finisse,1
devoted,1
acceptability,1
spring,1
survival,1
vice,1
difference,1
marry,1
lands,1
trusted,1
disposal,1
murderer,1
suicides,1
après,1
curbing,1
conditions,1
write,1
jeune,1
washington,1
finally,1
parut,1
accept,1
totality,1
aware,1
mode,1
formaient,1
wish,1
never,1
revolves,1
réplique,1
existentielle,1
applicable,1
should,1
define,1
personne,1
arranger,1
need,1
evidence,1
rompre,1
guiding,1
unified,1
cesse,1
completed,1
torts,1
fidèle,1
irreconcilable,1
france,1
prise,1
dépens,1
plentiful,1
gémir,1
mêmes,1
sexuality,1
éprouverez,1
prêche,1
ruth,1
needs,1
offered,1
specific,1
searching,1
vessel,1
deciding,1
removing,1
trysts,1
capitulation,1
rejection,1
showcase,1
stemming,1
agrees,1
barometers,1
blushes,1
matrimony,1
flirtatious,1
substantial,1
exclusively,1
element,1
rein,1
enfant,1
forte,1
impress,1
complementarity,1
immediately,1
manifests,1
charmes,1
supplice,1
succomber,1
taylor,1
vulgar,1
charms,1
employer,1
asked,1
libertine,1
jurai,1
mistaken,1
tragic,1
augmenter,1
rearrange,1
stunned,1
grants,1
