WORDCOUNTS,WEIGHT
the,489
of,294
in,156
s,152
to,150
and,149
is,119
a,106
that,94
as,90
his,83
x,82
mr,80
for,53
by,49
conrad,41
sevrin,38
with,38
an,37
it,35
narrator,34
its,34
love,33
which,32
story,32
amateur,31
be,31
he,30
lady,30
this,28
but,28
informer,25
not,23
or,22
at,20
also,20
her,19
are,17
fiction,16
being,16
has,15
such,15
was,15
from,15
what,15
gestures,15
on,15
narrative,14
human,14
than,14
how,14
more,14
who,14
have,14
into,13
tale,13
sense,13
harper,13
text,13
all,12
short,12
derrida,12
both,12
within,11
himself,11
social,11
only,11
upon,11
would,11
between,11
joke,10
since,10
their,10
i,9
order,9
carabine,9
part,9
friendship,9
moral,9
him,9
she,9
loved,9
writing,9
one,8
first,8
other,8
university,8
because,8
romance,8
own,8
sentiment,8
can,8
anarchistic,7
reading,7
anarchist,7
critics,7
gesture,7
anarchism,7
cultural,7
sentimental,7
work,7
friend,7
understanding,7
terms,7
through,7
press,7
were,6
against,6
opposed,6
without,6
performance,6
ironic,6
romantic,6
just,6
view,6
had,6
my,6
though,6
otherwise,6
away,6
read,6
culture,6
enough,6
original,6
aesthetic,6
publication,6
so,6
political,6
loving,6
over,6
art,6
role,6
instead,6
recent,6
if,5
desire,5
there,5
lover,5
insofar,5
critique,5
rather,5
notion,5
future,5
reader,5
knowledge,5
place,5
whilst,5
when,5
inability,5
critical,5
framing,5
towards,5
financial,5
idea,5
stories,5
hamilton,5
james,5
modernism,5
class,5
itself,5
know,5
very,5
extent,5
despite,5
much,5
although,5
they,4
position,4
before,4
ethics,4
attempt,4
words,4
aimance,4
loves,4
written,4
keith,4
context,4
con,4
modernist,4
design,4
account,4
author,4
genuinely,4
no,4
appreciation,4
humanity,4
aestheticism,4
too,4
whereas,4
none,4
example,4
secret,4
emphasizes,4
anarchy,4
will,4
therefore,4
movement,4
tends,4
oxford,4
two,4
resists,4
lack,4
less,4
exceeds,4
collecting,4
implicated,4
billy,4
narrators,4
nothing,4
reality,4
like,4
fellow,4
particular,4
then,4
any,4
about,4
potter,4
argue,4
mere,4
must,4
conventional,4
authorial,4
unable,4
frame,4
now,3
meaning,3
revolutionary,3
use,3
anything,3
slighdy,3
passion,3
either,3
taken,3
emotion,3
drama,3
expense,3
gibson,3
utopian,3
some,3
politics,3
magazine,3
point,3
far,3
irrational,3
agent,3
forced,3
kind,3
hepburn,3
clark,3
equally,3
even,3
closure,3
process,3
earlier,3
strange,3
however,3
artistic,3
narration,3
could,3
found,3
parisian,3
explain,3
brought,3
satirical,3
denial,3
fail,3
during,3
least,3
contrast,3
impossible,3
up,3
world,3
value,3
society,3
limited,3
make,3
signs,3
yet,3
interpretation,3
under,3
participants,3
same,3
these,3
suzanne,3
resolution,3
critiques,3
fact,3
time,3
rhetoric,3
do,3
actor,3
disaffection,3
see,3
style,3
another,3
made,3
including,3
assume,3
exchange,3
why,3
depth,3
been,3
favour,3
lost,3
daphna,3
event,3
material,3
comes,3
ever,3
natural,3
docherty,3
type,3
better,3
person,3
voice,3
suggests,3
popular,3
thereby,3
bourgeois,3
shown,3
jacques,3
trap,3
writer,3
anonymous,3
arnold,3
final,2
impossibility,2
o,2
truth,2
american,2
complex,2
pinker,2
h,2
studies,2
naturalness,2
something,2
women,2
specifically,2
production,2
darkness,2
progression,2
nature,2
allan,2
europe,2
remark,2
take,2
real,2
achieved,2
embrace,2
last,2
mind,2
those,2
satire,2
return,2
similarities,2
issue,2
felt,2
possible,2
insight,2
realistic,2
framework,2
exposed,2
andrew,2
denying,2
melodramatic,2
development,2
ethical,2
interest,2
ability,2
representative,2
conundrum,2
response,2
emphases,2
failed,2
civilization,2
essential,2
act,2
purely,2
ways,2
sort,2
espouses,2
explicit,2
loses,2
means,2
determination,2
escape,2
praise,2
cause,2
consider,2
objects,2
literary,2
disaffected,2
most,2
show,2
acknowledges,2
beyond,2
willing,2
crucially,2
dominant,2
appear,2
behaviour,2
expressed,2
uses,2
appearance,2
carol,2
compromised,2
intrigue,2
eliding,2
manchester,2
appears,2
cannot,2
absolute,2
comprehension,2
affair,2
briefly,2
well,2
literature,2
framed,2
claim,2
marketplace,2
anarchists,2
walton,2
attributed,2
incomprehension,2
good,2
change,2
cold,2
discourse,2
heart,2
textual,2
feelings,2
progress,2
majority,2
describes,2
finds,2
content,2
may,2
demand,2
matter,2
action,2
economic,2
tide,2
still,2
above,2
mainstream,2
indicates,2
suppose,2
once,2
criticism,2
edited,2
seeing,2
enigmatic,2
published,2
knowing,2
conradiana,2
emotions,2
conradian,2
bourgeoisie,2
lacks,2
grave,2
end,2
lyotard,2
man,2
simple,2
hand,2
where,2
consummation,2
practice,2
distance,2
obsession,2
degree,2
ayers,2
encounter,2
admits,2
range,2
abandons,2
ruling,2
sold,2
scanlan,2
ideas,2
sees,2
significance,2
formulaic,2
reward,2
essay,2
bennington,2
david,2
ted,2
thomas,2
faith,2
fatal,2
relation,2
effect,2
henry,2
engagement,2
attention,2
rachel,2
suggestion,2
ity,2
relationship,2
figure,2
ideology,2
attitude,2
effectively,2
understand,2
cynicism,2
often,2
hope,2
graver,2
articles,2
associated,2
believed,2
redemption,2
complexity,2
existence,2
discrepancy,2
temporal,2
set,2
philistinism,2
artifice,2
seem,2
judgements,2
gives,2
audience,2
historical,2
passage,2
works,2
turned,2
committed,2
form,2
making,2
reification,2
edinburgh,2
writes,2
debate,2
collector,2
emphasis,2
multiple,2
founded,2
little,2
introduced,2
tions,2
come,2
question,2
commercial,2
argument,2
years,2
reveals,2
kipling,2
consumption,2
need,2
evidence,2
product,2
states,2
measured,2
commodity,2
brink,2
early,2
views,2
anodyne,2
among,2
resist,2
should,2
roles,2
close,2
maupassant,1
objectifying,1
deception,1
trick,1
democracy,1
defeats,1
thwarted,1
allegedly,1
produces,1
manque,1
paralleled,1
complic,1
deny,1
appealed,1
way,1
declared,1
objectification,1
heroic,1
modernists,1
concerned,1
adopt,1
indicated,1
lasdy,1
responds,1
commitment,1
unapproachable,1
corrosive,1
engendered,1
market,1
berkeley,1
admiration,1
accords,1
misery,1
resisting,1
baseness,1
decipher,1
arranges,1
adoption,1
sphere,1
distributed,1
per,1
ventional,1
police,1
told,1
womanhood,1
discover,1
studiously,1
determinant,1
drastically,1
kinds,1
stereotypical,1
reassessment,1
bombe,1
conducting,1
word,1
interrupt,1
true,1
english,1
ostensibly,1
rewards,1
pessimism,1
tricked,1
proud,1
omnipresent,1
ideals,1
earnest,1
policy,1
enjoys,1
necessarily,1
classify,1
history,1
presents,1
unlike,1
occurred,1
tells,1
fashioning,1
serialized,1
aesthetics,1
shouting,1
rasping,1
assaults,1
chooses,1
cutting,1
round,1
said,1
highlighted,1
else,1
verso,1
transgressiveness,1
amitie,1
every,1
geoffrey,1
unrepresentability,1
blended,1
interests,1
deterministic,1
attempts,1
culturally,1
motivations,1
feeling,1
might,1
refusal,1
prefigures,1
kent,1
advanced,1
j,1
seems,1
dyne,1
bloomington,1
dreaming,1
unrepresentable,1
condescending,1
capitalist,1
leading,1
assess,1
suggesting,1
sorbing,1
reasons,1
thank,1
accumulated,1
proves,1
loud,1
concludes,1
composition,1
wore,1
help,1
fresh,1
date,1
precisely,1
valorization,1
raised,1
robert,1
discipline,1
item,1
ambiguous,1
replies,1
declines,1
hostility,1
returns,1
contents,1
depends,1
system,1
surpasses,1
british,1
magazines,1
dabble,1
appreciate,1
delights,1
fortune,1
takes,1
elided,1
protagonists,1
key,1
motionless,1
capacity,1
tend,1
motion,1
matthew,1
encouraging,1
sought,1
pub,1
mass,1
conditioned,1
discontent,1
great,1
dissidence,1
twist,1
backing,1
capable,1
determined,1
pre,1
disprove,1
authentic,1
withdrawal,1
strand,1
illustrate,1
collins,1
player,1
hungry,1
solely,1
positioned,1
appreciates,1
fine,1
occurring,1
taking,1
combination,1
tastes,1
scorn,1
regards,1
uncertain,1
cited,1
savours,1
marginalized,1
dignity,1
opposes,1
acknowledgement,1
collection,1
sign,1
rigour,1
surplus,1
optimism,1
exist,1
nostalgic,1
central,1
member,1
divorced,1
thus,1
accessible,1
bracketed,1
relationships,1
eventual,1
mine,1
facts,1
abominable,1
inner,1
calculated,1
conductor,1
coda,1
conserv,1
hierarchy,1
de,1
authoritative,1
moment,1
condescension,1
walter,1
heightened,1
doppelgdnger,1
tacit,1
realization,1
century,1
extensively,1
asymmetrical,1
hat,1
exercise,1
thing,1
refuses,1
pessimistic,1
elements,1
stored,1
freed,1
intercourse,1
profound,1
marriage,1
bloody,1
deterrent,1
speed,1
modernity,1
six,1
compared,1
implicidy,1
ness,1
truly,1
find,1
helpful,1
y,1
mates,1
diverge,1
designed,1
journal,1
taskmasters,1
dismissal,1
traditions,1
stone,1
importandy,1
terror,1
delivered,1
deadliest,1
competitive,1
grossness,1
ment,1
undemanding,1
aim,1
rodopi,1
steps,1
poor,1
ab,1
simultaneously,1
alleged,1
deviations,1
identification,1
frustration,1
montaigne,1
meditating,1
l,1
mes,1
convent,1
mall,1
agonizing,1
square,1
breast,1
taste,1
presentation,1
active,1
deliberately,1
realizes,1
goes,1
opportunity,1
associate,1
manages,1
legal,1
similar,1
b,1
certain,1
deathly,1
brand,1
implicates,1
witness,1
elaborate,1
danger,1
cooking,1
impressed,1
awareness,1
misses,1
overlooked,1
absorbed,1
maga,1
doubly,1
reason,1
mrs,1
utterly,1
finer,1
want,1
tensions,1
possibly,1
comedian,1
established,1
physically,1
familiar,1
prepares,1
disclosure,1
proved,1
sum,1
elsewhere,1
ventions,1
dominate,1
contemporaries,1
circuit,1
advancing,1
age,1
inhuman,1
retrospective,1
consequendy,1
commonly,1
perspicacity,1
additional,1
desperation,1
surface,1
notions,1
cultured,1
always,1
capping,1
spins,1
instance,1
siding,1
destructive,1
interjections,1
approached,1
important,1
motiva,1
preference,1
pity,1
undermines,1
approxi,1
fluid,1
conflicts,1
atlanta,1
friends,1
redeeming,1
union,1
result,1
closely,1
advance,1
attentions,1
whom,1
betrayal,1
identifying,1
location,1
soliciting,1
delectation,1
strength,1
typical,1
cell,1
p,1
impressionistic,1
amsterdam,1
ambiguity,1
lived,1
agrees,1
economics,1
deal,1
necklace,1
events,1
compassion,1
estrange,1
configuration,1
poetry,1
equivalents,1
base,1
im,1
embedded,1
further,1
companion,1
articulates,1
thermore,1
furthermore,1
sociopath,1
chinese,1
understood,1
buried,1
blow,1
cuts,1
cliched,1
viewed,1
absorption,1
produced,1
placed,1
complies,1
ignorance,1
tension,1
confirmation,1
perish,1
demagogue,1
valorize,1
opposition,1
public,1
approvingly,1
triumph,1
foregrounded,1
near,1
possibility,1
foregrounds,1
wants,1
acknowledgements,1
criteria,1
preparations,1
distinguishes,1
knowledges,1
suspended,1
having,1
basis,1
distinguish,1
line,1
conduit,1
intense,1
already,1
writers,1
preferred,1
concept,1
london,1
later,1
deceased,1
reserve,1
calls,1
comment,1
pletely,1
positions,1
excessive,1
minority,1
magnified,1
erdinast,1
truthfulness,1
issues,1
unrequited,1
long,1
translated,1
poe,1
forces,1
personal,1
surrounding,1
novels,1
sensibility,1
cans,1
manage,1
rage,1
interpreted,1
status,1
dystopias,1
protestations,1
sic,1
soup,1
uniqueness,1
analysed,1
unmanaged,1
contests,1
tone,1
hampson,1
commerce,1
describing,1
below,1
corresponds,1
anger,1
revolution,1
suggest,1
impossibly,1
appended,1
protest,1
guardians,1
misjudgement,1
imposition,1
phrase,1
things,1
entrance,1
openly,1
dried,1
characteristics,1
few,1
accomplished,1
atism,1
ship,1
alleviate,1
exigencies,1
gratis,1
presence,1
compromise,1
dramatic,1
traitor,1
texas,1
unreliability,1
characterizes,1
futility,1
patience,1
productivity,1
lacuna,1
results,1
mischief,1
appropriate,1
weigh,1
crime,1
gross,1
passive,1
waiting,1
valuable,1
assizes,1
nations,1
appeal,1
threatened,1
increasing,1
vanderveer,1
affectiveness,1
girl,1
highlights,1
second,1
minor,1
bringing,1
letters,1
meticulously,1
wrote,1
frightful,1
gender,1
comparative,1
selfish,1
play,1
motivated,1
unconscious,1
revolt,1
forward,1
female,1
textually,1
brings,1
object,1
oppressed,1
dissuade,1
judgment,1
says,1
comments,1
experiences,1
standing,1
indignation,1
artist,1
hero,1
seemingly,1
religious,1
direction,1
com,1
antagonisms,1
convictions,1
unmasking,1
rational,1
suspends,1
refusing,1
represents,1
salvation,1
added,1
retreat,1
couched,1
hegemonic,1
counterparts,1
array,1
evolved,1
objectified,1
ingly,1
subjectivities,1
satirizes,1
included,1
watchword,1
fading,1
complete,1
delight,1
editions,1
experimental,1
popularized,1
narratives,1
heterosexual,1
commodified,1
begins,1
frameworks,1
affections,1
happening,1
prospectively,1
name,1
sketchy,1
idle,1
unreliable,1
optimist,1
law,1
book,1
conceal,1
temporarily,1
lubbock,1
hoax,1
fell,1
mark,1
again,1
put,1
bathurst,1
anecdotal,1
shows,1
longer,1
admit,1
terminating,1
consideration,1
treatment,1
deterioration,1
underestimated,1
scholars,1
neutralization,1
striking,1
vision,1
abstract,1
attempting,1
replicates,1
pretty,1
dilettantism,1
suppressed,1
classical,1
hear,1
surfaces,1
fallen,1
personality,1
aggravation,1
infers,1
communicates,1
sentimentality,1
tech,1
serious,1
forms,1
men,1
readers,1
conspicuously,1
elides,1
spain,1
tales,1
derivative,1
model,1
manner,1
anticipating,1
obscures,1
developing,1
existing,1
ensured,1
answer,1
yarn,1
necessary,1
exotic,1
shout,1
undercuts,1
deep,1
ception,1
perhaps,1
woman,1
belief,1
silenced,1
learnt,1
inexperdy,1
number,1
lovence,1
descrip,1
transparent,1
marized,1
civilized,1
silencing,1
argues,1
calculation,1
thousands,1
immutability,1
greatest,1
extended,1
wilderness,1
indiana,1
intent,1
pall,1
subjectivity,1
doomed,1
sacrifices,1
bear,1
values,1
limitations,1
flaw,1
sides,1
writings,1
unstuck,1
formal,1
imbecility,1
transgressive,1
desperate,1
herself,1
medium,1
encouraged,1
fed,1
assumption,1
mutability,1
complements,1
pleasure,1
lows,1
numbered,1
evolution,1
lifestyle,1
pamphlets,1
engaged,1
amateurism,1
vices,1
california,1
optimistic,1
described,1
trade,1
quotation,1
margaret,1
provoked,1
directed,1
emphasizing,1
observatory,1
sensitivity,1
language,1
costumes,1
liness,1
sustain,1
interpret,1
conception,1
counter,1
allowed,1
someone,1
interlocutors,1
period,1
derided,1
high,1
mask,1
played,1
amisy,1
collected,1
distinction,1
after,1
quick,1
internal,1
article,1
guilt,1
eyes,1
chronos,1
viewpoint,1
editors,1
vulcan,1
become,1
hastily,1
sight,1
declare,1
deliberate,1
sentiments,1
enjoyed,1
enemies,1
judgement,1
claiming,1
duping,1
conscience,1
swayed,1
present,1
looked,1
galleries,1
allegiance,1
figures,1
overthrow,1
tendency,1
celebrity,1
connections,1
positioning,1
temporality,1
embodied,1
inferior,1
unrelated,1
canterbury,1
sented,1
carpet,1
decision,1
lawlessness,1
academies,1
unwittingly,1
shocked,1
contributes,1
nodiing,1
carried,1
outstrips,1
worldview,1
fashionableness,1
debts,1
me,1
chances,1
belonged,1
publishing,1
awadalla,1
meets,1
george,1
mixture,1
misanthropy,1
sometimes,1
aestheticized,1
usually,1
criminal,1
nostromo,1
suspected,1
consummate,1
ironically,1
vague,1
iln,1
connoisseurship,1
unconsummated,1
becomes,1
sensitive,1
seen,1
defuses,1
bears,1
returned,1
embodying,1
lawrence,1
hopelessly,1
shoring,1
unpromising,1
frames,1
acquaintances,1
suppression,1
life,1
insistence,1
efficiency,1
united,1
entreating,1
respect,1
ing,1
vestigial,1
reiflcation,1
exists,1
instinctual,1
uneducated,1
face,1
sweetness,1
involuntary,1
ano,1
pressures,1
rationalize,1
joseph,1
meant,1
considered,1
claims,1
acquired,1
peaceable,1
exchanged,1
publicist,1
magnitude,1
coat,1
protracted,1
terrible,1
breach,1
lished,1
accordance,1
comparison,1
ascendant,1
circumstances,1
zine,1
underpins,1
contradiction,1
simply,1
enumerates,1
continues,1
known,1
implied,1
precise,1
disguise,1
robbed,1
appealing,1
useful,1
offers,1
unpersuasive,1
downfall,1
aristode,1
excess,1
intellectual,1
stem,1
principle,1
each,1
monthly,1
sure,1
environment,1
connoisseurs,1
cultures,1
concession,1
novel,1
connection,1
exploration,1
believe,1
did,1
best,1
rudyard,1
monotonous,1
confidential,1
print,1
teases,1
temper,1
substance,1
allied,1
heardessness,1
intolerant,1
er,1
enthuses,1
collectors,1
boasted,1
reproduces,1
deconstruction,1
exhibits,1
expresses,1
obviously,1
guy,1
countering,1
enemy,1
infiltration,1
porcelain,1
pretended,1
jennifer,1
underlines,1
reintroducing,1
past,1
placing,1
vainly,1
rural,1
clarity,1
hardness,1
activism,1
knows,1
suffering,1
quiet,1
carefully,1
condemns,1
depicts,1
them,1
implicit,1
selected,1
pater,1
accounts,1
attentively,1
uncomprehending,1
attitudes,1
glacee,1
theory,1
penetration,1
likes,1
terrorism,1
fascination,1
angularity,1
utopianism,1
pursued,1
textualized,1
rationality,1
information,1
almost,1
nulami,1
hundreds,1
lectors,1
millions,1
haps,1
balances,1
outweighs,1
recognition,1
sounding,1
innocent,1
giving,1
turns,1
undermining,1
returning,1
went,1
bronzes,1
kudos,1
condition,1
contribute,1
immaterial,1
resistance,1
conversely,1
empathize,1
allows,1
twin,1
representation,1
detect,1
think,1
relates,1
analogy,1
legends,1
soft,1
symbolic,1
underworld,1
austerity,1
dupe,1
copies,1
rationalization,1
twentieth,1
defence,1
write,1
washington,1
finally,1
aware,1
artificial,1
motives,1
explanation,1
sat,1
course,1
carelessly,1
integrated,1
socially,1
booby,1
you,1
effects,1
proposes,1
fated,1
presenting,1
blinded,1
association,1
classification,1
heroine,1
foregrounding,1
offered,1
potential,1
surrender,1
gazette,1
penetrated,1
actions,1
certainty,1
compounded,1
fol,1
themselves,1
parody,1
greenwich,1
negotiate,1
matrimony,1
characters,1
given,1
adantic,1
develop,1
re,1
compensation,1
focus,1
accentuate,1
conventions,1
strong,1
aesthetes,1
charms,1
col,1
linearity,1
termed,1
fur,1
draft,1
predicated,1
interrogated,1
maggie,1
major,1
deeper,1
