WORDCOUNTS,WEIGHT
the,24
and,14
of,14
to,11
university,10
be,9
press,7
in,7
for,7
should,7
comparative,6
state,6
all,5
literature,5
s,5
is,5
a,5
edu,4
by,4
this,4
or,4
address,4
c,4
studies,4
pennsylvania,4
at,3
will,3
manuscripts,3
www,3
does,3
ccc,3
psu,3
not,3
with,3
copyright,3
park,3
pa,3
editorial,3
po,2
may,2
baltimore,2
without,2
issue,2
authors,2
page,2
usb,2
copies,2
published,2
johns,2
submit,2
md,2
style,2
registered,2
walter,2
service,2
hopkins,2
an,2
article,2
m,2
issn,2
box,2
submissions,2
electronic,2
relations,2
publish,2
made,2
their,2
changes,2
as,2
faulkner,2
penn,2
its,2
use,2
cls,2
journal,2
under,2
per,2
postmaster,2
suite,2
relationships,1
incorrectly,1
from,1
no,1
within,1
falkner,1
rights,1
are,1
critical,1
jhu,1
years,1
conjunction,1
conform,1
consult,1
biography,1
must,1
manual,1
two,1
department,1
extend,1
directed,1
clearance,1
web,1
authorization,1
author,1
contact,1
accept,1
spelling,1
beyond,1
requested,1
appeared,1
dr,1
change,1
theory,1
documentation,1
that,1
every,1
david,1
notify,1
preferably,1
east,1
members,1
erratum,1
name,1
building,1
guidelines,1
also,1
duplicating,1
auspices,1
local,1
creating,1
return,1
phone,1
regular,1
remove,1
directly,1
information,1
microsoft,1
danvers,1
permission,1
reporting,1
ted,1
jrnlcirc,1
publishers,1
journals,1
transactional,1
i,1
manuscript,1
psupress,1
advertisements,1
subscriptions,1
drive,1
intent,1
ture,1
burrowes,1
document,1
words,1
on,1
concerning,1
center,1
upon,1
other,1
org,1
one,1
permissions,1
litera,1
copy,1
entire,1
between,1
tradition,1
west,1
multiple,1
accompanied,1
nihon,1
printed,1
reselling,1
endnote,1
sent,1
com,1
word,1
knowledge,1
libraries,1
attractions,1
communications,1
chicago,1
duplicate,1
lege,1
reached,1
copying,1
can,1
list,1
edited,1
opportunity,1
classroom,1
concern,1
users,1
subscribers,1
write,1
format,1
send,1
international,1
articles,1
envelope,1
permisssions,1
strange,1
reserved,1
paid,1
immediately,1
plus,1
rosewood,1
correspondence,1
photocopy,1
we,1
issues,1
notes,1
stamped,1
william,1
acceptance,1
matters,1
about,1
addressed,1
quarterly,1
base,1
claims,1
western,1
works,1
provided,1
regarding,1
col,1
encourages,1
fee,1
winter,1
literary,1
academic,1
acknowledge,1
ma,1
further,1
submitting,1
prepared,1
father,1
advertising,1
which,1
cited,1
error,1
any,1
takes,1
before,1
anthologies,1
office,1
culture,1
cultural,1
