WORDCOUNTS,WEIGHT
the,89
of,61
and,60
to,40
museum,34
in,33
a,26
museums,24
for,24
are,23
we,21
as,19
that,15
on,14
with,13
you,11
is,11
must,11
have,11
an,11
not,10
love,10
education,9
staff,9
people,9
at,8
it,8
american,8
community,8
was,8
i,8
when,8
they,7
s,7
she,6
or,6
director,6
by,6
other,6
public,6
work,6
be,6
from,5
exhibition,5
do,5
our,5
were,5
national,5
world,5
will,4
business,4
today,4
provide,4
object,4
tke,4
support,4
into,4
thinking,4
institution,4
different,4
can,4
diana,4
now,3
ana,3
gurian,3
if,3
often,3
deputy,3
united,3
authority,3
yet,3
spirit,3
history,3
same,3
no,3
indian,3
but,3
memorial,3
being,3
only,3
worldviews,3
also,3
journey,3
each,3
all,3
exhibitions,3
leaders,3
smell,3
new,3
terms,3
spiritual,3
has,3
well,3
some,3
artifacts,3
used,3
example,3
holocaust,3
which,3
this,3
own,3
states,3
order,3
even,3
than,3
should,3
me,2
science,2
scientific,2
how,2
program,2
environments,2
importance,2
group,2
their,2
decisions,2
gallery,2
about,2
culture,2
safe,2
volume,2
rather,2
more,2
know,2
death,2
chance,2
ask,2
rational,2
many,2
had,2
cultures,2
moving,2
communal,2
believe,2
did,2
constructions,2
time,2
take,2
forms,2
never,2
places,2
respond,2
where,2
reviewing,2
british,2
dance,2
material,2
your,2
native,2
elaine,2
design,2
future,2
understanding,2
spaces,2
boston,2
remember,2
upon,2
despite,2
heumann,2
laws,2
african,2
torah,2
issues,2
questions,2
think,2
president,2
both,2
quality,2
help,2
church,2
stress,2
offer,2
like,2
working,2
need,2
responsibility,2
doing,2
consensus,2
association,2
progress,2
so,2
building,2
generation,2
ske,2
society,2
increasing,1
reinventing,1
model,1
may,1
rachel,1
spirituality,1
integrating,1
asking,1
opposed,1
communities,1
ola,1
educator,1
explanations,1
simultaneously,1
currently,1
second,1
personally,1
genuinely,1
reexamine,1
note,1
nonetheless,1
without,1
various,1
commune,1
george,1
clinton,1
concerned,1
adopt,1
crucial,1
meaning,1
overthrowing,1
performance,1
indeed,1
ideology,1
practitioners,1
created,1
purposes,1
pieces,1
princess,1
represent,1
does,1
unit,1
personnel,1
return,1
lockedvault,1
kind,1
presentation,1
offset,1
process,1
glasses,1
get,1
collections,1
still,1
opportunity,1
differentiating,1
opportunities,1
atout,1
bill,1
saints,1
interactions,1
similar,1
village,1
recognize,1
center,1
executive,1
wrap,1
one,1
life,1
myth,1
fall,1
guide,1
jesus,1
consequences,1
live,1
moreover,1
edited,1
gathering,1
icom,1
h,1
watching,1
americans,1
itself,1
contemplating,1
understand,1
unusual,1
mentality,1
upheaval,1
interpretive,1
modern,1
serve,1
mission,1
blurred,1
tnomas,1
wanted,1
seeing,1
yourself,1
sturtriage,1
consider,1
ceremony,1
policy,1
objects,1
us,1
position,1
institutional,1
committee,1
bubble,1
management,1
assistant,1
presents,1
cranbrook,1
share,1
laid,1
necessary,1
nuanced,1
tribe,1
any,1
perspectives,1
proved,1
consciousness,1
believed,1
shifting,1
acting,1
underpinned,1
experimental,1
series,1
wright,1
chief,1
palpable,1
excellence,1
desecrated,1
faith,1
someday,1
these,1
forget,1
founded,1
associate,1
show,1
department,1
emotional,1
simply,1
operate,1
officially,1
first,1
member,1
cast,1
powerful,1
officer,1
evolve,1
social,1
physical,1
tkemselves,1
every,1
embraced,1
members,1
oral,1
temple,1
recall,1
willing,1
jessica,1
care,1
power,1
photos,1
give,1
taken,1
detroit,1
toward,1
address,1
nonrational,1
board,1
secretary,1
over,1
christ,1
stupidity,1
perceive,1
ourselves,1
addition,1
environment,1
j,1
vouch,1
acknowledged,1
standards,1
my,1
thus,1
fact,1
based,1
longer,1
whom,1
encourage,1
okay,1
sing,1
inappropriately,1
allow,1
patronized,1
individuals,1
tradition,1
advantage,1
revenue,1
together,1
geniuses,1
begun,1
reasons,1
britain,1
civic,1
attempting,1
listen,1
blind,1
rebuilding,1
children,1
particularly,1
out,1
ceca,1
served,1
isolate,1
job,1
clearly,1
understandable,1
very,1
contemporary,1
shoes,1
there,1
multiuse,1
audiences,1
representative,1
honest,1
oversigkt,1
lent,1
honor,1
portray,1
belongings,1
stuff,1
beginning,1
just,1
present,1
political,1
kad,1
cultural,1
equal,1
let,1
buried,1
institute,1
what,1
tne,1
within,1
confused,1
carefully,1
award,1
lead,1
treat,1
forums,1
them,1
viewed,1
worthwhile,1
see,1
making,1
sound,1
concerts,1
intertwined,1
exploratorium,1
depending,1
however,1
relativism,1
belief,1
professionals,1
those,1
advice,1
her,1
while,1
experiment,1
realize,1
receive,1
societal,1
require,1
secure,1
wrapped,1
noticed,1
struggling,1
almost,1
balance,1
information,1
original,1
able,1
don,1
missed,1
basis,1
degrees,1
line,1
exploring,1
art,1
travel,1
setolt,1
idealistic,1
who,1
drive,1
intense,1
ruskin,1
caring,1
received,1
made,1
presented,1
sturtridge,1
crossed,1
multiple,1
fired,1
lake,1
part,1
through,1
unfairly,1
city,1
depended,1
looking,1
bottom,1
became,1
its,1
interrelation,1
identity,1
stores,1
techniques,1
administration,1
song,1
significant,1
whole,1
use,1
transcribing,1
linking,1
wonderful,1
collection,1
place,1
needed,1
evaluating,1
appointed,1
ever,1
aside,1
optimism,1
relies,1
actual,1
schedule,1
inhabits,1
ty,1
cruelty,1
services,1
continue,1
music,1
allowed,1
planning,1
personal,1
full,1
away,1
reflect,1
embark,1
complicated,1
tell,1
involves,1
smitksonian,1
project,1
weakened,1
losers,1
years,1
generate,1
since,1
exkibit,1
transmit,1
numerous,1
hierarchy,1
t,1
movies,1
unease,1
trauma,1
aware,1
alberta,1
interest,1
logic,1
good,1
change,1
value,1
strove,1
viewing,1
keep,1
closing,1
grown,1
although,1
salt,1
sense,1
someone,1
putlic,1
field,1
provided,1
opinions,1
winners,1
features,1
values,1
serves,1
next,1
hearing,1
exclusionary,1
after,1
discourse,1
mourning,1
extremely,1
night,1
better,1
class,1
times,1
displays,1
person,1
specific,1
charles,1
back,1
trying,1
requires,1
schlereth,1
spilled,1
houses,1
inclusion,1
young,1
become,1
themselves,1
massachusetts,1
ckildren,1
respectively,1
left,1
hills,1
boundaries,1
third,1
displayed,1
effect,1
truly,1
teck,1
died,1
always,1
rebuild,1
weight,1
patience,1
up,1
practice,1
ownership,1
interaction,1
ingrained,1
divergent,1
journal,1
galleries,1
micnigan,1
focus,1
educators,1
appropriate,1
professionally,1
cafés,1
basically,1
bloomneld,1
embodied,1
puhlic,1
built,1
acknowledge,1
word,1
portrait,1
widely,1
owns,1
major,1
concomitant,1
decision,1
retrospect,1
conflicting,1
