WORDCOUNTS,WEIGHT
the,84
of,38
to,27
a,20
in,20
that,18
and,17
as,11
is,11
has,11
on,10
it,9
nrc,9
new,9
for,8
at,7
s,7
be,7
with,6
may,5
tmi,5
or,5
director,5
from,5
by,5
more,5
report,5
court,5
whether,5
institute,5
some,5
mental,5
general,5
epa,5
he,4
been,4
july,4
agency,4
not,4
rules,4
cost,4
are,4
heart,4
ruling,4
have,4
national,4
york,3
tml,3
science,3
dump,3
was,3
impact,3
but,3
institutes,3
most,3
love,3
government,3
state,3
lenfant,3
companies,3
waste,3
says,3
reactor,3
million,3
were,3
this,3
stress,3
homes,3
contamination,3
area,3
canal,3
study,3
sun,3
appeal,2
will,2
his,2
licensing,2
environmental,2
restart,2
center,2
methods,2
yet,2
federal,2
interpretation,2
university,2
maryorie,2
into,2
appeals,2
must,2
only,2
nih,2
commission,2
cleanup,2
scientists,2
out,2
international,2
nuclear,2
last,2
do,2
regulations,2
lung,2
case,2
released,2
statement,2
controversy,2
public,2
residents,2
supreme,2
its,2
budget,2
significant,2
firms,2
which,2
question,2
such,2
clear,2
three,2
chemical,2
held,2
although,2
issued,2
after,2
industry,2
adjacent,2
james,2
when,2
results,2
much,2
should,2
billion,2
decision,2
seems,1
enough,1
cheapest,1
messy,1
does,1
now,1
hazards,1
tests,1
transportation,1
second,1
disposed,1
business,1
no,1
without,1
various,1
solicitor,1
way,1
act,1
interested,1
habitable,1
relieved,1
developed,1
undamaged,1
result,1
site,1
go,1
migrated,1
biggest,1
levels,1
nearly,1
determine,1
slow,1
announced,1
mean,1
who,1
april,1
chairmanship,1
community,1
plealth,1
neighborhood,1
technically,1
make,1
associate,1
mile,1
hearings,1
told,1
hazardous,1
large,1
their,1
covering,1
protection,1
leaves,1
analysis,1
blood,1
congressional,1
hhs,1
handles,1
utilities,1
alive,1
criticism,1
shy,1
victor,1
months,1
commissioners,1
pp,1
conservation,1
anguish,1
under,1
considered,1
delegation,1
b,1
objects,1
position,1
neurological,1
had,1
management,1
restarting,1
then,1
liberal,1
before,1
just,1
days,1
marjorie,1
reviewing,1
sharply,1
subcommittee,1
house,1
conclusion,1
reviewed,1
too,1
largest,1
these,1
two,1
department,1
nlpl,1
gilinsky,1
extensive,1
filed,1
said,1
resource,1
first,1
consistent,1
member,1
justify,1
permit,1
attorney,1
vacant,1
dissenter,1
puts,1
also,1
alternative,1
power,1
request,1
taken,1
might,1
address,1
rapid,1
choose,1
petitioned,1
over,1
ordered,1
methodology,1
regulatory,1
control,1
all,1
addition,1
financial,1
diseases,1
water,1
j,1
cancer,1
smith,1
chemicals,1
based,1
company,1
wyngaarden,1
limit,1
available,1
head,1
areas,1
anxiety,1
reasons,1
florio,1
spokesman,1
p,1
deferring,1
homesites,1
concludes,1
far,1
written,1
uncovered,1
disorders,1
narrow,1
associated,1
contends,1
sorted,1
take,1
appropriately,1
differed,1
disputes,1
representative,1
repudiate,1
late,1
conclusions,1
further,1
hand,1
charged,1
limited,1
paris,1
ground,1
incineration,1
consultants,1
briefing,1
third,1
unlikely,1
what,1
within,1
continuing,1
daniel,1
them,1
appears,1
recently,1
toxic,1
leaching,1
issue,1
stirred,1
necessary,1
safe,1
depending,1
however,1
weaken,1
facilities,1
evacuated,1
number,1
explicitly,1
expenses,1
information,1
because,1
expensive,1
require,1
keeping,1
sites,1
chapter,1
aging,1
account,1
assurance,1
opened,1
r,1
data,1
liable,1
accomplishment,1
formerly,1
drive,1
solid,1
already,1
even,1
owner,1
landfill,1
voted,1
clean,1
evacuation,1
ruled,1
say,1
directorships,1
example,1
resources,1
became,1
apply,1
unaffected,1
samples,1
top,1
resale,1
year,1
island,1
during,1
utility,1
appointed,1
ranks,1
families,1
communicative,1
human,1
faculty,1
processes,1
recovery,1
services,1
review,1
surrounding,1
dioxin,1
modify,1
week,1
conform,1
reject,1
since,1
graduate,1
g,1
washington,1
nlh,1
health,1
feasible,1
would,1
need,1
moynihan,1
operator,1
plant,1
appointment,1
panel,1
high,1
expected,1
senator,1
next,1
affairs,1
interprets,1
order,1
funds,1
estimates,1
association,1
veteran,1
around,1
small,1
calling,1
gets,1
decide,1
habitation,1
june,1
lennett,1
highly,1
biomedical,1
commerce,1
deciding,1
significantly,1
flawed,1
landfills,1
research,1
fogarty,1
compared,1
caused,1
inconclusive,1
effect,1
seattle,1
debate,1
up,1
y,1
implementation,1
consequently,1
little,1
dental,1
attracted,1
immediately,1
than,1
an,1
asked,1
acted,1
sole,1
concluded,1
widely,1
occur,1
claude,1
jeffrey,1
selected,1
