WORDCOUNTS,WEIGHT
the,365
to,321
and,316
of,283
god,215
that,184
we,170
in,163
is,129
a,127
our,110
i,103
for,101
love,98
s,88
as,79
it,72
not,72
one,70
this,54
on,54
other,49
augustine,48
us,45
or,44
may,39
but,39
what,39
do,38
should,38
are,37
with,36
from,33
own,31
be,31
by,29
all,28
such,27
good,27
human,25
press,25
its,24
about,24
can,23
differences,22
normative,22
their,22
will,22
have,22
between,22
neighbor,21
when,21
these,21
an,21
christian,21
ethics,20
wrong,20
ourselves,20
world,20
also,20
life,20
they,19
sin,19
than,19
only,19
another,19
who,19
does,18
neighbors,18
how,18
yet,18
which,18
here,18
at,17
e,17
g,17
university,17
moral,17
them,17
augustinian,16
has,15
journal,15
no,15
he,15
power,15
see,15
those,14
side,14
evil,14
so,14
reciprocity,14
now,13
relations,13
others,13
where,13
way,12
loves,12
claim,12
relation,12
theology,12
ways,11
something,11
take,11
there,11
cannot,11
sake,11
theocentric,11
two,11
new,11
looking,11
society,11
first,10
even,10
relationality,10
more,10
think,10
john,10
nothing,10
things,10
itself,10
commandments,10
both,10
some,9
engage,9
like,9
certain,9
well,9
part,9
legacy,9
honor,9
then,9
must,9
conflict,8
central,8
kind,8
york,8
his,8
my,8
honoring,8
still,8
religious,8
going,8
commandment,8
any,8
gone,8
goods,8
distinctive,8
want,8
while,8
seek,8
beings,8
trans,7
integrity,7
possibilities,7
tradition,7
together,7
within,7
adams,7
response,7
wholly,7
most,7
search,7
esp,7
personal,7
second,7
indeed,7
above,7
book,7
features,7
sense,7
me,7
often,7
creatures,7
claims,7
barth,7
level,7
lies,7
o,6
likenesses,6
being,6
advantage,6
faithful,6
point,6
say,6
donovan,6
outka,6
nor,6
without,6
rather,6
links,6
awareness,6
four,6
important,6
view,6
out,6
place,6
people,6
jesus,6
makes,6
neither,6
toward,6
again,6
oneself,6
everything,6
complexities,6
use,6
three,6
reality,6
points,6
earlier,6
each,6
attachments,6
question,6
given,6
if,5
else,5
either,5
robert,5
right,5
mutual,5
includes,5
obtains,5
de,5
emphases,5
third,5
sort,5
means,5
lives,5
consider,5
respects,5
because,5
example,5
bible,5
status,5
social,5
action,5
short,5
whatever,5
hold,5
devotion,5
death,5
pattern,5
present,5
assume,5
him,5
distinction,5
interplay,5
over,5
believe,5
far,5
associations,5
agape,5
subject,5
cambridge,5
observation,5
themselves,5
traditional,5
much,5
grace,5
go,4
deny,4
limits,4
implies,4
ultimate,4
kierkegaard,4
church,4
fittingly,4
pluriform,4
h,4
into,4
communion,4
before,4
princeton,4
leads,4
every,4
able,4
proves,4
seriousness,4
takes,4
prior,4
possible,4
condition,4
richard,4
cited,4
says,4
thus,4
dei,4
dynamics,4
against,4
self,4
acknowledge,4
vantage,4
basic,4
mean,4
witness,4
praise,4
specify,4
just,4
differs,4
allow,4
p,4
events,4
relate,4
further,4
ranking,4
however,4
creaturely,4
wants,4
christianity,4
supreme,4
actually,4
intoxication,4
alliance,4
someone,4
responsibility,4
suggest,4
order,4
transfer,4
exigencies,4
st,4
appropriate,4
am,4
various,4
domination,4
positive,4
thought,4
salutary,4
rightly,4
ruokanen,4
friendship,4
ed,4
many,4
ought,4
contemporary,4
less,4
sides,4
harms,4
entirely,4
freedom,4
nuclear,4
language,4
would,4
latter,4
attend,4
justice,4
been,4
fear,4
coram,4
matters,4
spring,4
natural,4
correspond,4
oliver,4
subordinate,4
whether,4
form,4
abraham,4
problem,4
engagements,4
come,4
false,4
covenant,4
include,4
actions,4
c,4
interaction,4
focus,4
m,3
common,3
created,3
truth,3
extend,3
combine,3
confessions,3
kinds,3
identify,3
live,3
pessimism,3
western,3
character,3
unlike,3
charity,3
negative,3
certainly,3
attempt,3
nature,3
providence,3
real,3
consume,3
key,3
captures,3
civitate,3
sought,3
mutuality,3
along,3
himself,3
usage,3
succeed,3
optimism,3
disorder,3
difficulties,3
divine,3
center,3
pay,3
depend,3
find,3
deeply,3
infinite,3
whose,3
forbids,3
centered,3
remain,3
generally,3
commend,3
bad,3
marks,3
too,3
follow,3
beyond,3
aquinas,3
puts,3
contention,3
lead,3
combinations,3
though,3
persons,3
wide,3
possibility,3
memory,3
theological,3
emphasis,3
london,3
genuine,3
fail,3
remarks,3
forces,3
haven,3
predominance,3
refuse,3
t,3
least,3
carries,3
warrant,3
phrase,3
encompasses,3
gene,3
christians,3
always,3
correspondence,3
privation,3
critics,3
matter,3
manipulate,3
brings,3
movement,3
oxford,3
criticism,3
under,3
otherness,3
double,3
resolution,3
lewis,3
put,3
niebuhr,3
intimidated,3
ruler,3
never,3
deo,3
hick,3
model,3
time,3
belief,3
desires,3
das,3
intimate,3
made,3
bear,3
pertain,3
retains,3
telos,3
religion,3
questions,3
lord,3
ibid,3
stress,3
keep,3
blend,3
exchange,3
finite,3
internal,3
become,3
wills,3
decisively,3
primal,3
widely,3
separate,3
ethic,3
genesis,3
consists,3
inordinate,3
ecological,3
lines,3
yale,3
recognize,3
insistence,3
examine,3
cease,3
hope,3
face,3
joseph,3
following,3
loving,3
command,3
constructively,3
mutually,3
control,3
save,3
universal,3
regard,3
person,3
feminist,3
william,3
redeem,3
accounts,3
particular,3
westminster,3
attitudes,3
characterizes,3
merrihew,3
presume,3
little,3
impartiality,3
prepared,3
tell,3
extremism,3
grant,3
finally,3
prohibition,3
remains,3
dispose,3
needs,3
virtue,3
final,2
fathers,2
prefer,2
humankind,2
corruption,2
affected,2
enjoins,2
likewise,2
dc,2
nondeception,2
diverge,2
essays,2
join,2
theologica,2
earthly,2
history,2
knox,2
subjection,2
total,2
cornell,2
disconsoled,2
interactional,2
notre,2
imprints,2
jackson,2
implications,2
give,2
degree,2
j,2
hong,2
reach,2
assess,2
belong,2
generalize,2
reasons,2
link,2
quintessential,2
thiemann,2
embrace,2
precisely,2
opposite,2
cause,2
case,2
habitual,2
account,2
fitting,2
ethical,2
georgetown,2
shared,2
interest,2
obvious,2
community,2
except,2
extends,2
plantinga,2
exchanges,2
goal,2
homage,2
dependence,2
since,2
september,2
prevenience,2
author,2
remorse,2
logic,2
reproduced,2
occurs,2
dame,2
jr,2
asymmetrical,2
thing,2
deeds,2
refer,2
fearlessness,2
highest,2
ithaca,2
nearness,2
farley,2
traditions,2
ridge,2
higher,2
threatens,2
exhaustively,2
colin,2
wishes,2
genuinely,2
serves,2
bring,2
destroy,2
adds,2
edward,2
rapids,2
levels,2
doctrine,2
myself,2
depicts,2
active,2
stops,2
similar,2
possess,2
study,2
govern,2
risks,2
proclaimed,2
indispensable,2
escape,2
reeder,2
doctrinaire,2
scale,2
encourages,2
hare,2
imitation,2
dominate,2
traces,2
w,2
show,2
initiative,2
defeat,2
depart,2
answers,2
destructive,2
care,2
constructive,2
thinks,2
union,2
had,2
whom,2
aftermath,2
godself,2
intelligibility,2
harder,2
opposing,2
mandate,2
called,2
demands,2
reply,2
term,2
fourth,2
affirms,2
precept,2
meet,2
abides,2
explain,2
hierarchies,2
directly,2
distinguish,2
honors,2
whole,2
fit,2
hominibus,2
partly,2
call,2
miss,2
connections,2
holy,2
encounters,2
manipulation,2
manipulates,2
contrast,2
heart,2
several,2
underscore,2
autonomy,2
christiana,2
essentially,2
fortress,2
proper,2
value,2
perils,2
miikka,2
f,2
comport,2
transform,2
absence,2
employ,2
etc,2
indicates,2
ask,2
convictions,2
violate,2
corrupts,2
simultaneous,2
philadelphia,2
reference,2
suited,2
seeing,2
orange,2
likeness,2
islam,2
culture,2
same,2
promotes,2
appeals,2
insights,2
goodness,2
leans,2
considers,2
members,2
name,2
christ,2
similarly,2
responsibilities,2
communal,2
lack,2
limit,2
contrasts,2
alvin,2
beliefs,2
conduces,2
end,2
debates,2
patterns,2
outside,2
fits,2
receives,2
council,2
necessary,2
practice,2
exceeds,2
governance,2
rivaling,2
greatest,2
vast,2
range,2
including,2
concern,2
actual,2
sees,2
nevertheless,2
initiatives,2
washington,2
biblical,2
comprehensive,2
talk,2
recipient,2
quests,2
interpret,2
stipulate,2
depiction,2
reversals,2
thomas,2
faith,2
special,2
leaves,2
insists,2
effect,2
seeking,2
directs,2
differ,2
macmillan,2
reverses,2
particularist,2
applies,2
appraisals,2
relationship,2
declaration,2
note,2
provide,2
recall,2
nichtige,2
arrogantly,2
dimensions,2
try,2
responsible,2
connect,2
respect,2
types,2
meant,2
detail,2
reciprocal,2
judgments,2
material,2
version,2
grand,2
scrutiny,2
physical,2
aspire,2
summa,2
eerdmans,2
was,2
dimension,2
different,2
lying,2
distance,2
charges,2
leam,2
adhere,2
benefit,2
historical,2
affirm,2
terms,2
ones,2
mere,2
fruitfully,2
recognition,2
decisive,2
city,2
encounter,2
presupposes,2
allows,2
ultimately,2
difference,2
unilateral,2
doctrina,2
harm,2
wish,2
offer,2
instead,2
realism,2
d,2
staying,2
integration,2
you,2
philosophy,2
objections,2
shift,2
summary,2
substitute,2
mystery,2
johnson,2
chicago,2
reached,2
among,2
asked,2
emulate,1
fallible,1
difficult,1
intimately,1
reckoning,1
amplify,1
possessed,1
sui,1
page,1
sins,1
accommodates,1
saren,1
medieval,1
commentary,1
attains,1
represent,1
peaceful,1
deserve,1
distress,1
laud,1
fiction,1
perfection,1
affirming,1
liberating,1
alone,1
coerce,1
expect,1
reflection,1
large,1
werpehowski,1
discover,1
disclose,1
properly,1
enhance,1
radford,1
blessing,1
crave,1
absolutist,1
sovereign,1
authorize,1
sets,1
injuries,1
murder,1
unmodified,1
equalizing,1
walker,1
marcus,1
studies,1
sublime,1
empower,1
astounds,1
incidentally,1
wonderful,1
former,1
descriptive,1
finitude,1
motive,1
acceptance,1
trace,1
nicht,1
signifies,1
equated,1
necessarily,1
occurred,1
viewpoints,1
rosemary,1
evasion,1
eager,1
qualification,1
intimidate,1
debased,1
intentions,1
myriad,1
said,1
anything,1
cast,1
vandenhoeck,1
passion,1
harvard,1
undermine,1
capability,1
sources,1
specifically,1
distinguishing,1
assail,1
sad,1
pervasive,1
deformations,1
obeying,1
taken,1
abound,1
enables,1
address,1
refusal,1
rational,1
omega,1
externally,1
seems,1
departure,1
declares,1
words,1
friendly,1
knowing,1
disordered,1
wainwright,1
desire,1
undertake,1
great,1
sociality,1
thank,1
rich,1
arises,1
were,1
transferred,1
theocentrism,1
commitment,1
graham,1
subsequent,1
ambition,1
help,1
compatibly,1
creator,1
feature,1
integrate,1
fresh,1
acquisitive,1
state,1
manipulating,1
indispensably,1
soberly,1
respond,1
remainder,1
political,1
ours,1
benziger,1
readiness,1
construe,1
temptation,1
hostile,1
vapid,1
similarities,1
depends,1
british,1
strictly,1
generosity,1
existence,1
indebtedness,1
eastern,1
king,1
walks,1
platitudinous,1
capacity,1
motion,1
diminishments,1
iv,1
draw,1
addresses,1
accountability,1
chapter,1
vol,1
escapism,1
howard,1
hungry,1
solely,1
move,1
vital,1
deceit,1
west,1
apart,1
taking,1
variations,1
eliminating,1
timothy,1
promises,1
awaits,1
interact,1
minimum,1
prototype,1
mystify,1
extramural,1
make,1
framework,1
disavow,1
labor,1
tribute,1
currency,1
regarding,1
retaining,1
constitutive,1
supple,1
centric,1
ronald,1
famously,1
spinoza,1
modify,1
accountable,1
mine,1
agreement,1
attest,1
bracket,1
inevitable,1
pursue,1
consumed,1
bent,1
assumes,1
stakes,1
integral,1
heeding,1
subverts,1
eo,1
characteristic,1
contributors,1
moment,1
mcfague,1
wherewithal,1
mccord,1
inter,1
expected,1
loser,1
affairs,1
interprets,1
exercise,1
estimates,1
cases,1
pessimistic,1
wendy,1
precludes,1
distinct,1
unclean,1
clark,1
illuminates,1
david,1
perspective,1
veto,1
disvalues,1
back,1
contrary,1
tranquil,1
withdraw,1
columbia,1
monarchical,1
restrict,1
stoughton,1
elicit,1
attests,1
judas,1
dearly,1
ally,1
kinship,1
perverse,1
vancouver,1
alliances,1
weight,1
toil,1
gospel,1
instruments,1
hodder,1
ingredient,1
look,1
preserving,1
reformulate,1
dear,1
details,1
exempt,1
unmasking,1
varsity,1
hardly,1
enrich,1
appraise,1
influence,1
master,1
virtuous,1
usurp,1
anders,1
aim,1
permits,1
defection,1
library,1
profoundly,1
alleged,1
block,1
predicted,1
commune,1
nygren,1
english,1
across,1
undeserved,1
glean,1
thou,1
particularity,1
explicit,1
lamentable,1
notion,1
knew,1
longings,1
environments,1
killing,1
requisite,1
sallie,1
suffer,1
goes,1
survives,1
risk,1
saints,1
inordinately,1
tolerable,1
b,1
gesture,1
direct,1
parts,1
fat,1
ongoing,1
salvation,1
revelation,1
vindicate,1
gratefully,1
danger,1
feel,1
animals,1
imperialist,1
space,1
moreover,1
addressing,1
reason,1
modified,1
send,1
pernicious,1
bedrock,1
discipleship,1
fervently,1
susceptibility,1
settled,1
dominican,1
worshipped,1
affect,1
flourishing,1
suffices,1
begets,1
possibly,1
baptized,1
array,1
benefits,1
image,1
emergence,1
candor,1
liberal,1
tenacity,1
elsewhere,1
assumption,1
realities,1
n,1
completion,1
k,1
philosophical,1
ecclesial,1
instrument,1
nowadays,1
age,1
amiability,1
origins,1
surface,1
exceed,1
efficient,1
notions,1
heinous,1
definite,1
cost,1
willfully,1
requires,1
problems,1
oppression,1
instance,1
permanent,1
guidance,1
helped,1
perceived,1
providers,1
strategy,1
encompass,1
ancient,1
constitution,1
plausibly,1
louisville,1
perceive,1
conflicts,1
opponents,1
ranges,1
closely,1
formidable,1
wayward,1
incomplete,1
based,1
bilateral,1
betrayal,1
ruether,1
pursuits,1
introduce,1
bearing,1
histories,1
rule,1
found,1
torrance,1
ambitions,1
painstaking,1
relating,1
theodicy,1
absolutizing,1
users,1
vulnerability,1
deal,1
compassion,1
primacy,1
atheism,1
disorders,1
insisting,1
eros,1
emerge,1
persist,1
instruct,1
fuel,1
passionate,1
big,1
clashes,1
watson,1
gottingen,1
rist,1
equally,1
traced,1
teaching,1
cultural,1
repent,1
let,1
eschatological,1
war,1
wishing,1
heaven,1
fulfillment,1
province,1
recently,1
obedience,1
promise,1
applied,1
sce,1
acquaintance,1
otherwise,1
energy,1
outler,1
absolute,1
required,1
indefatigably,1
crossroad,1
source,1
rationality,1
temptations,1
creates,1
james,1
scene,1
sustenance,1
expressions,1
incorruptibly,1
briefly,1
receive,1
aspects,1
distinguishes,1
deprive,1
shape,1
enrichment,1
keeping,1
having,1
anna,1
adhaerere,1
distinctiveness,1
stances,1
flourish,1
literature,1
work,1
amos,1
benevolence,1
start,1
sakes,1
carry,1
ensue,1
canvassed,1
unless,1
brought,1
stake,1
characterization,1
pessimist,1
explains,1
hypocritical,1
sorrells,1
related,1
data,1
gender,1
dogmatics,1
elizabeth,1
theistic,1
virulence,1
depict,1
v,1
q,1
describe,1
tempestuous,1
truthfulness,1
issues,1
faint,1
records,1
uncompromised,1
focuses,1
away,1
reflect,1
employed,1
believes,1
bidding,1
sexism,1
harmless,1
gustafson,1
gracious,1
dimly,1
challengeable,1
count,1
relentless,1
elects,1
creatureliness,1
momentous,1
ist,1
arise,1
viable,1
successful,1
element,1
hard,1
fruitio,1
corresponds,1
anger,1
peaceableness,1
irrevocable,1
reinforces,1
next,1
fern,1
television,1
discourse,1
reaches,1
quite,1
midst,1
dismpt,1
submit,1
around,1
family,1
openly,1
contingency,1
iris,1
separately,1
pain,1
concerns,1
presuming,1
invoke,1
observe,1
amor,1
research,1
philip,1
annual,1
articulation,1
beacon,1
up,1
necessity,1
slopes,1
horrendous,1
meditations,1
pays,1
passivity,1
resistance,1
describes,1
paid,1
notice,1
notes,1
plausible,1
unduly,1
finds,1
macdonald,1
sinfiil,1
valuable,1
massive,1
enjoy,1
deficiency,1
judaism,1
appeal,1
friendliness,1
believers,1
kant,1
therefore,1
timeless,1
generis,1
arrangement,1
inhabit,1
excludes,1
demand,1
resides,1
contest,1
attributable,1
bringing,1
audi,1
identified,1
distorted,1
service,1
brian,1
comparative,1
erases,1
play,1
trials,1
return,1
accepting,1
fruit,1
hammond,1
prove,1
violates,1
thinkers,1
realizing,1
interactions,1
transgressing,1
initially,1
resurrection,1
ipso,1
seditious,1
competitiveness,1
illuminating,1
gifts,1
dwells,1
fruition,1
refusing,1
albert,1
insofar,1
sounds,1
continuity,1
exposure,1
stems,1
reconciliation,1
denounced,1
imitate,1
adherence,1
orders,1
bind,1
assistance,1
complete,1
compassionate,1
congruent,1
abandon,1
passions,1
ruprecht,1
exalt,1
responsive,1
acknowledging,1
belonging,1
departing,1
contains,1
reports,1
directionless,1
oppressive,1
enforce,1
rise,1
inheritance,1
enterprises,1
misery,1
sketch,1
harper,1
murdoch,1
fire,1
discussions,1
law,1
attacks,1
mark,1
locating,1
available,1
conceived,1
contrarieties,1
addition,1
towards,1
projects,1
release,1
emotions,1
efforts,1
fact,1
shows,1
expose,1
longer,1
almighty,1
consideration,1
endorse,1
deforms,1
plan,1
afraid,1
abstract,1
choice,1
remarked,1
exonerate,1
governed,1
really,1
break,1
larger,1
diverse,1
preferring,1
emphatically,1
doubt,1
inflict,1
venture,1
appropriately,1
prevenient,1
fashion,1
man,1
discussed,1
goad,1
external,1
rhetoric,1
forms,1
conclusions,1
intervene,1
victimizing,1
impinge,1
manner,1
metaphors,1
creature,1
secular,1
dods,1
accepted,1
coercion,1
relevant,1
vulnerable,1
lousville,1
until,1
ontological,1
obliged,1
minneapolis,1
volatile,1
perhaps,1
eds,1
assault,1
mercy,1
presuppose,1
gareth,1
acquire,1
number,1
free,1
rancor,1
idolatry,1
heed,1
distortions,1
unable,1
realize,1
valuably,1
phenomenological,1
simon,1
demonstrated,1
offends,1
lasting,1
nichts,1
associates,1
situated,1
discussion,1
coherent,1
registers,1
robertson,1
examples,1
considering,1
effectiveness,1
doomed,1
conduce,1
effaced,1
disagree,1
matthews,1
values,1
helps,1
limitations,1
israel,1
writings,1
previously,1
inexorably,1
discrediting,1
identity,1
findings,1
host,1
holocaust,1
bears,1
expression,1
station,1
refers,1
causes,1
affects,1
devour,1
inflicted,1
net,1
continue,1
supposition,1
stay,1
optimist,1
envious,1
goading,1
full,1
previous,1
parasitic,1
stopping,1
california,1
theoretical,1
involves,1
usurps,1
exceedingly,1
distortion,1
open,1
prédation,1
humanity,1
directed,1
modem,1
virtues,1
peter,1
evils,1
leave,1
failures,1
held,1
defense,1
characterized,1
supplying,1
incompletely,1
fidelity,1
indisputable,1
lie,1
tranquility,1
anyone,1
prowls,1
intrinsic,1
presidential,1
corrupt,1
peccati,1
enough,1
article,1
enacted,1
edmund,1
juncture,1
eloquent,1
exaggeration,1
reads,1
correct,1
stacy,1
sight,1
commands,1
conuption,1
confidently,1
exactly,1
incompatible,1
accordingly,1
accrue,1
teach,1
january,1
kill,1
baer,1
slightly,1
equivalent,1
parameters,1
collisions,1
figures,1
relative,1
ego,1
imperfectly,1
governor,1
cold,1
innocent,1
attention,1
posit,1
increasing,1
dealing,1
depth,1
alpha,1
speculate,1
suggestion,1
undifferentiated,1
marilyn,1
assigned,1
helmut,1
imply,1
change,1
undoubted,1
commentator,1
veneration,1
today,1
usurpation,1
she,1
movements,1
sometimes,1
elevate,1
vision,1
defenders,1
bound,1
claimed,1
support,1
surd,1
select,1
attitude,1
exhorted,1
ordinary,1
sway,1
edna,1
independence,1
becomes,1
nihilating,1
conceits,1
translation,1
detailed,1
chronically,1
pleading,1
ordering,1
returned,1
bequeaths,1
render,1
effectively,1
hopeful,1
proposition,1
threaten,1
contribution,1
generalizes,1
furnish,1
karl,1
indicate,1
distort,1
testifies,1
strive,1
arts,1
analysis,1
continually,1
vacek,1
wittingly,1
surprising,1
lip,1
mysteriously,1
knuuttila,1
instances,1
get,1
ineliminably,1
combines,1
empathy,1
interpretive,1
occupies,1
thwarts,1
considered,1
erode,1
founders,1
environment,1
unmask,1
share,1
santurri,1
administers,1
thinking,1
proceed,1
associated,1
hinduism,1
alterity,1
lessons,1
antecedent,1
elaborate,1
conclusion,1
redemption,1
accordance,1
mentioned,1
apprehension,1
circumstances,1
burnaby,1
demonstrate,1
simply,1
extensive,1
officially,1
unfittingly,1
continues,1
forgetting,1
isaac,1
narrowly,1
besides,1
calamity,1
offers,1
sustained,1
set,1
affords,1
bomiley,1
pondus,1
evade,1
nonnecessity,1
know,1
dualism,1
outcome,1
berkeley,1
unavailable,1
principle,1
commonplace,1
paper,1
havoc,1
eloquence,1
setting,1
exploration,1
tear,1
specially,1
down,1
wreak,1
perdures,1
current,1
returns,1
loyalty,1
inquiry,1
feed,1
iii,1
brothers,1
stretching,1
accentuates,1
collins,1
usus,1
ordered,1
cohere,1
happiness,1
narrated,1
past,1
prospects,1
disputes,1
bumaby,1
works,1
risky,1
better,1
evident,1
turned,1
confess,1
webs,1
none,1
unfulfilled,1
reproduce,1
transfers,1
unique,1
namely,1
making,1
supports,1
independently,1
revere,1
ma,1
add,1
maintain,1
statement,1
edinburgh,1
writes,1
allude,1
listen,1
injunction,1
getting,1
foundations,1
théo,1
divinely,1
require,1
kaufman,1
constitutional,1
noticed,1
verdicts,1
apprehend,1
observations,1
wrongs,1
suggests,1
nuances,1
contain,1
universe,1
qua,1
vitiated,1
radically,1
boston,1
dialogues,1
son,1
apt,1
ill,1
disparate,1
affecting,1
scott,1
uniform,1
introduced,1
leicester,1
content,1
renounce,1
atrophy,1
creedal,1
unaffected,1
beloved,1
irreducible,1
impose,1
assumptions,1
aptly,1
everywhere,1
acute,1
measure,1
nonhuman,1
obtain,1
arguments,1
summarizes,1
epistemic,1
challenges,1
using,1
harrison,1
coming,1
neglect,1
varied,1
terminal,1
reducible,1
energies,1
unmatched,1
sickness,1
understandings,1
models,1
defends,1
drafts,1
deceptively,1
reveals,1
powers,1
unwelcome,1
kingdom,1
internally,1
accept,1
totality,1
aware,1
glorify,1
register,1
actively,1
although,1
typically,1
adoration,1
upon,1
disordering,1
need,1
preserve,1
opinions,1
score,1
godfearing,1
affirmation,1
effects,1
piece,1
approach,1
seeks,1
voluntary,1
walking,1
speak,1
directedness,1
doubtless,1
inform,1
morally,1
specific,1
simo,1
removing,1
gordon,1
prophetically,1
create,1
fears,1
recur,1
trembling,1
fellowship,1
immediately,1
taylor,1
recent,1
familial,1
resist,1
famous,1
cross,1
promiscuously,1
meeting,1
doing,1
glorified,1
workings,1
race,1
close,1
tragic,1
occur,1
dictum,1
retention,1
continuously,1
