WORDCOUNTS,WEIGHT
the,1207
of,651
and,428
in,381
to,318
that,286
is,278
as,171
a,168
plato,143
it,134
this,128
s,114
with,107
which,101
for,91
his,85
not,84
he,73
one,71
from,64
be,63
love,61
are,61
by,59
but,58
symposium,58
female,55
only,54
at,51
being,50
i,50
on,48
good,46
an,45
or,41
aristotle,41
all,37
plutarch,37
what,37
than,36
who,36
mysteries,34
other,33
erastes,33
true,32
same,32
both,31
between,31
beautiful,30
thus,30
such,30
was,30
also,30
no,29
things,29
principle,29
if,28
into,28
model,28
see,28
can,28
have,28
they,27
active,27
has,26
her,26
male,26
nor,25
matter,25
eros,25
so,25
symp,24
alcestis,24
however,24
its,24
more,24
those,23
birth,23
would,23
socrates,23
letter,22
we,22
them,22
should,22
because,21
lover,20
seventh,20
isis,20
receptacle,20
these,20
language,20
him,20
philosopher,20
terms,20
does,19
himself,19
doctrine,19
dialogues,19
c,19
first,18
most,18
relationship,18
wisdom,18
e,17
t,17
there,17
very,17
erotic,17
l,17
their,17
part,17
harvard,17
itself,17
press,17
beloved,17
kai,17
trans,16
becoming,16
nature,16
loves,16
phaedrus,16
review,16
like,16
after,16
university,16
passive,16
margalit,16
v,16
she,16
mother,16
when,16
finkelberg,16
form,16
platonic,16
cambridge,16
although,16
philosophy,16
say,15
goddess,15
rather,15
theological,15
et,15
beauty,15
yet,15
evil,15
greek,15
seems,14
desire,14
case,14
compare,14
thing,14
revelation,14
my,14
own,14
already,14
timaeus,14
any,14
desires,14
final,13
dialogue,13
soul,13
indeed,13
neither,13
again,13
deficient,13
me,13
then,13
question,13
virtue,13
whom,12
reason,12
gods,12
opposites,12
man,12
la,12
offspring,12
been,12
becomes,12
conclusion,12
way,11
words,11
since,11
may,11
cairns,11
will,11
do,11
hamilton,11
discussion,11
were,11
collected,11
you,11
each,11
speech,11
o,10
context,10
some,10
called,10
philosophical,10
sense,10
stage,10
role,10
once,10
two,10
fact,10
comes,10
loved,10
des,10
truth,9
something,9
great,9
eromenos,9
point,9
de,9
k,9
terminology,9
union,9
had,9
diotima,9
midway,9
knowledge,9
description,9
achilles,9
light,9
another,9
ep,9
why,9
far,9
written,9
never,9
course,9
now,8
within,8
even,8
without,8
nurse,8
n,8
always,8
m,8
could,8
found,8
spiritual,8
well,8
describes,8
above,8
interpretation,8
many,8
teaching,8
ed,8
friend,8
gives,8
physics,8
wise,8
themselves,8
later,7
cornford,7
position,7
long,7
every,7
eleusis,7
take,7
mind,7
motion,7
book,7
direct,7
source,7
four,7
mover,7
view,7
friends,7
whereas,7
greater,7
example,7
place,7
about,7
thought,7
god,7
understanding,7
father,7
use,7
latter,7
science,7
entity,7
must,7
eleusinian,7
connection,7
did,7
works,7
whether,7
while,7
giving,7
d,7
moved,7
among,7
meaning,6
names,6
vols,6
lysis,6
state,6
sacred,6
account,6
cf,6
elements,6
shall,6
perfect,6
whose,6
essentials,6
cannot,6
princeton,6
supreme,6
actually,6
call,6
demeter,6
le,6
suddenly,6
therefore,6
single,6
ancient,6
time,6
identical,6
present,6
woman,6
writings,6
nothing,6
tim,6
earlier,6
become,6
admetus,6
life,6
ever,6
here,6
places,6
republic,6
subject,6
difference,6
given,6
common,5
ultimate,5
appear,5
identifies,5
imperfection,5
prime,5
studies,5
before,5
different,5
platonists,5
years,5
homosexual,5
real,5
pursues,5
last,5
sexual,5
right,5
slight,5
clear,5
says,5
kind,5
concerning,5
find,5
conceive,5
spoken,5
generation,5
how,5
fair,5
b,5
certain,5
moreover,5
moves,5
changes,5
image,5
oi,5
ugly,5
beyond,5
marriage,5
uses,5
p,5
late,5
poverty,5
none,5
away,5
earth,5
discourse,5
few,5
pregnant,5
die,5
still,5
hold,5
fifth,5
contemplation,5
complete,5
friendship,5
noted,5
others,5
death,5
desiring,5
treatment,5
new,5
john,5
doubt,5
serious,5
took,5
explicitly,5
herself,5
belongs,5
general,5
especially,5
metaph,5
exactly,5
accordingly,5
applies,5
husband,5
over,5
par,5
just,5
according,5
middle,5
through,5
initiate,5
turns,5
writing,5
think,5
argument,5
evidence,5
roles,5
possessed,4
les,4
alone,4
philo,4
communion,4
experience,4
anything,4
give,4
friendly,4
together,4
introduces,4
out,4
conception,4
treatise,4
guthrie,4
ai,4
turn,4
deeds,4
contrary,4
highest,4
pythagorean,4
en,4
process,4
goes,4
tel,4
granted,4
possess,4
means,4
space,4
clearly,4
quoted,4
ignorance,4
icai,4
too,4
defines,4
important,4
qui,4
result,4
allow,4
vov,4
though,4
appears,4
younger,4
scale,4
tr,4
claim,4
london,4
training,4
dover,4
used,4
phaedr,4
either,4
correct,4
describing,4
characteristics,4
vein,4
neuter,4
using,4
finds,4
noble,4
identified,4
object,4
make,4
phys,4
oxford,4
makes,4
us,4
initiation,4
picture,4
power,4
kenneth,4
toward,4
academy,4
shows,4
clarendon,4
apuleius,4
pattern,4
men,4
manner,4
necessary,4
deficiency,4
examples,4
made,4
affection,4
aviv,4
neutral,4
patroclus,4
dillon,4
vannus,4
following,4
series,4
known,4
sciences,4
know,4
natural,4
sure,4
passage,4
born,4
making,4
theory,4
ignorant,4
world,4
come,4
touch,4
finally,4
instead,4
offered,4
treats,4
x,4
unwritten,4
much,4
close,4
difficult,3
commentary,3
ready,3
lys,3
kinds,3
myth,3
effective,3
identify,3
word,3
sets,3
sudden,3
potentials,3
history,3
moving,3
women,3
leads,3
negative,3
midwife,3
said,3
philosophers,3
kerenyi,3
kaic,3
ways,3
might,3
definition,3
tradition,3
reasons,3
follows,3
closer,3
hundred,3
religion,3
kc,3
opposite,3
issue,3
takes,3
existence,3
owing,3
primary,3
possible,3
activity,3
move,3
taking,3
laws,3
plenty,3
toi,3
regarding,3
search,3
begetting,3
pursue,3
due,3
movement,3
application,3
body,3
y,3
let,3
higher,3
ov,3
myself,3
mean,3
similar,3
expressing,3
actions,3
porphyrius,3
bad,3
familiar,3
instrument,3
strategy,3
geoffrey,3
bearing,3
transmission,3
une,3
imparts,3
further,3
heaven,3
feminine,3
r,3
work,3
dyad,3
reader,3
esp,3
gender,3
describe,3
consistently,3
intermediate,3
people,3
change,3
order,3
rettig,3
platon,3
involved,3
essentially,3
codes,3
langue,3
generally,3
up,3
cosmology,3
ta,3
emperor,3
am,3
eternal,3
f,3
led,3
second,3
various,3
bollingen,3
microcosmic,3
blessed,3
ia,3
intended,3
brings,3
suppose,3
postulate,3
lloyd,3
serve,3
under,3
heterosexual,3
ev,3
logos,3
fire,3
principles,3
reading,3
paul,3
grasp,3
put,3
addition,3
towards,3
joyce,3
vision,3
imperfect,3
oc,3
sayre,3
honor,3
enough,3
ascent,3
where,3
symposion,3
answer,3
eds,3
elevation,3
ic,3
including,3
expression,3
platonisme,3
francis,3
full,3
described,3
travail,3
discovered,3
three,3
individual,3
david,3
period,3
serves,3
stages,3
saw,3
philebus,3
fifty,3
pure,3
platonis,3
note,3
osiris,3
naturally,3
reasonable,3
parent,3
primarily,3
un,3
analysis,3
face,3
unveiled,3
detail,3
changing,3
physical,3
set,3
particulars,3
dimension,3
partner,3
generatione,3
partaking,3
regard,3
emerges,3
better,3
mysteres,3
namely,3
particular,3
art,3
mystica,3
son,3
met,3
tried,3
du,3
theaetetus,3
interlocutor,3
animalium,3
gen,3
barnes,3
respective,3
supply,3
forms,3
texts,3
participant,3
images,3
ends,3
agathon,3
arrives,2
go,2
rate,2
child,2
companionship,2
contraries,2
entities,2
introduction,2
notably,2
jowett,2
properly,2
essays,2
ostensibly,2
strictly,2
completely,2
easily,2
sophia,2
athenian,2
ti,2
former,2
motive,2
aeschylus,2
character,2
necessarily,2
consorts,2
turning,2
test,2
round,2
cast,2
else,2
sources,2
certainly,2
preceding,2
derives,2
concerned,2
taken,2
possesses,2
iside,2
j,2
company,2
epopteia,2
leading,2
belong,2
gradual,2
evidently,2
fully,2
studied,2
revival,2
avers,2
tv,2
political,2
iai,2
inquiry,2
employs,2
shaken,2
planted,2
u,2
iv,2
prior,2
capable,2
cults,2
except,2
conceptual,2
sent,2
kahn,2
empress,2
apply,2
ritual,2
ross,2
pursuing,2
exist,2
human,2
central,2
possessing,2
kraut,2
throughout,2
arrive,2
mine,2
development,2
points,2
initial,2
pursuit,2
molded,2
divine,2
lectures,2
dynamisme,2
type,2
expected,2
distinct,2
honored,2
perspective,2
refer,2
poros,2
amount,2
deed,2
difficulty,2
young,2
third,2
fourth,2
beginning,2
look,2
dear,2
discovering,2
hardly,2
ma,2
master,2
essential,2
likeness,2
air,2
identification,2
act,2
bring,2
xenocrates,2
explicit,2
levels,2
culminating,2
entre,2
witness,2
danger,2
understand,2
utterly,2
evov,2
greeks,2
consider,2
prepares,2
otherwise,2
proved,2
elsewhere,2
argued,2
show,2
consequence,2
puts,2
answers,2
solve,2
dominant,2
suggested,2
admiration,2
qualities,2
ei,2
expressed,2
came,2
kegan,2
hands,2
speeches,2
relating,2
conspicuous,2
noting,2
possibility,2
celebrated,2
companion,2
macrocosmic,2
treat,2
simple,2
devoid,2
grounds,2
placed,2
guidance,2
yehuda,2
technical,2
almost,2
directly,2
having,2
yev,2
relatives,2
abstracts,2
wolfs,2
concept,2
brought,2
lr,2
foolishness,2
barren,2
accord,2
fit,2
older,2
issues,2
demonstrates,2
reflect,2
il,2
folklore,2
culmination,2
approach,2
composite,2
alcibiades,2
straight,2
xo,2
initiates,2
next,2
contrast,2
emphasizes,2
phrase,2
quite,2
primeval,2
dwell,2
shapes,2
pregnancy,2
grow,2
oral,2
engages,2
visible,2
seed,2
results,2
proper,2
gould,2
casts,2
avoid,2
portion,2
contact,2
receptive,2
islands,2
whatever,2
similarly,2
gave,2
od,2
platonism,2
participants,2
ro,2
friedrich,2
excellence,2
belonging,2
quotations,2
rise,2
au,2
starting,2
flash,2
available,2
adequate,2
water,2
idea,2
scholars,2
striking,2
agree,2
monad,2
plays,2
embryo,2
simile,2
children,2
contradict,2
classical,2
associates,2
everything,2
mor,2
puzzling,2
sort,2
fits,2
hand,2
ground,2
remarkable,2
shown,2
transmitting,2
relevant,2
michael,2
less,2
books,2
routledge,2
realize,2
heart,2
imagine,2
original,2
greatest,2
situated,2
discovery,2
explanation,2
upon,2
bear,2
concern,2
arthur,2
assumption,2
assume,2
causes,2
examination,2
ki,2
whoever,2
moral,2
reality,2
vers,2
recipient,2
revised,2
function,2
filled,2
somehow,2
reads,2
narrow,2
yevvav,2
masculine,2
probably,2
evaluated,2
attention,2
stands,2
contributes,2
consists,2
christian,2
applications,2
surpassed,2
lovers,2
immortality,2
figure,2
ideology,2
delighted,2
ascribing,2
institutions,2
seen,2
affinity,2
detailed,2
bears,2
dppev,2
transformation,2
length,2
antiquity,2
inferior,2
ofaristotle,2
respect,2
spark,2
nevertheless,2
stable,2
considered,2
associated,2
tov,2
females,2
simply,2
qu,2
theme,2
satisfactory,2
text,2
creations,2
xt,2
equation,2
intellectual,2
reversal,2
penia,2
yearns,2
dans,2
universal,2
metaphorical,2
historical,2
metaphysics,2
yearning,2
absolutely,2
person,2
growing,2
william,2
bristol,2
allan,2
list,2
want,2
cause,2
males,2
idee,2
writes,2
osborne,2
main,2
information,2
apprehend,2
episode,2
gallienus,2
categories,2
ritually,2
intention,2
little,2
particles,2
happens,2
intelligible,2
allows,2
associating,2
osiride,2
our,2
cratylus,2
formulates,2
numerous,2
proceeding,2
ye,2
need,2
defined,2
characterless,2
demiurge,2
repeat,2
association,2
speak,2
charles,2
requires,2
passages,2
hackforth,2
inasmuch,2
early,2
occur,2
gotthelf,2
traditional,2
teleology,2
souls,2
seek,2
successive,2
daughter,2
perpetual,2
plotinus,2
courts,1
dynamic,1
postulating,1
jrl,1
affords,1
intimately,1
defective,1
hector,1
literal,1
huntington,1
yeve,1
rilv,1
leipzip,1
duckworth,1
handsome,1
dpxqv,1
produces,1
tiketv,1
robe,1
katopsetai,1
euthydemus,1
flow,1
frequent,1
limits,1
bride,1
bright,1
edge,1
versa,1
itrevlv,1
completer,1
impregnate,1
keeps,1
indicated,1
responds,1
kiai,1
strives,1
consort,1
edouard,1
created,1
libid,1
represent,1
judging,1
aoox,1
ingemar,1
yearn,1
accords,1
legitimate,1
rapprochement,1
trojan,1
axo,1
deceived,1
succession,1
starts,1
imitatio,1
termine,1
plainly,1
contradicts,1
linguistic,1
likewise,1
group,1
otard,1
etablir,1
ytx,1
elementary,1
theaet,1
fittingly,1
adverb,1
orphantotropheas,1
disciples,1
live,1
carpenter,1
alive,1
epatro,1
constitutes,1
h,1
reopen,1
totale,1
mais,1
jonathan,1
environment,1
modern,1
naltra,1
wolf,1
lettre,1
tied,1
kaoitoxraat,1
equated,1
unlike,1
affording,1
iix,1
interrupted,1
total,1
tells,1
cornell,1
ueitv,1
taxo,1
accomplishments,1
oeo,1
postulates,1
induced,1
eivat,1
ou,1
arguing,1
acquainted,1
descriptions,1
indicating,1
itpcoprou,1
leipzig,1
corroborates,1
xenophon,1
indifferenciation,1
properties,1
contexts,1
establish,1
shorey,1
consistent,1
synonymous,1
vandenhoeck,1
passion,1
froidefond,1
morton,1
conforms,1
bed,1
epox,1
hence,1
roman,1
fullness,1
wax,1
cggrlca,1
jusque,1
ii,1
phil,1
gotthelfs,1
enables,1
otoivxoc,1
attempt,1
ears,1
generated,1
permanently,1
winnowing,1
degree,1
absurd,1
adduces,1
toke,1
rumor,1
skemp,1
incapacity,1
eumenides,1
resemblance,1
xoxuou,1
peck,1
aqw,1
plutarque,1
stylometry,1
conceptualized,1
culminates,1
ethics,1
display,1
djt,1
aussi,1
epcov,1
indefinite,1
origin,1
producing,1
pagan,1
borne,1
verbal,1
able,1
vuo,1
thanks,1
till,1
totrcq,1
ol,1
psyche,1
expense,1
pjt,1
resulting,1
volunteered,1
devaient,1
achieved,1
xx,1
feature,1
foolish,1
petty,1
faithful,1
loose,1
priest,1
pottid,1
axdapkcoui,1
trouble,1
stand,1
respond,1
robert,1
edxkkovxat,1
iqr,1
illiberal,1
somewhat,1
committed,1
intelligence,1
oioxaa,1
confused,1
phaedo,1
lecturer,1
seminar,1
tourotoc,1
system,1
akin,1
td,1
nowhere,1
partners,1
scrutinizes,1
evoc,1
cg,1
ascribed,1
suspect,1
wuxi,1
jane,1
forthcoming,1
mortal,1
effort,1
plain,1
gazed,1
philological,1
kustas,1
azxoa,1
icujoaat,1
king,1
eaa,1
unaware,1
capacity,1
adopts,1
vowv,1
causation,1
translations,1
eic,1
incorporate,1
tfc,1
addresses,1
teubner,1
mastering,1
embarks,1
uneven,1
opened,1
griswold,1
marked,1
epaozr,1
authentic,1
avait,1
ball,1
condition,1
azir,1
characterize,1
powers,1
october,1
richard,1
unsuccessfully,1
atque,1
suny,1
occurring,1
combination,1
desired,1
infer,1
oxe,1
decoding,1
intelligent,1
pairs,1
climax,1
desirable,1
likenesses,1
undoubtedly,1
correlation,1
irrational,1
ktvovv,1
ziktetv,1
koa,1
ato,1
denoting,1
eoxtv,1
collection,1
auov,1
dayaoccor,1
framework,1
li,1
learned,1
repeatedly,1
epopsy,1
doubleday,1
goal,1
iei,1
andrew,1
xiktxoaa,1
alban,1
dargestellt,1
eikcbv,1
dependence,1
que,1
dirxv,1
eiic,1
disorder,1
platoniciennes,1
blazes,1
explained,1
immediate,1
llou,1
moyens,1
quality,1
reject,1
platonist,1
countless,1
approximation,1
overlooks,1
against,1
stoiciens,1
reconstituting,1
xospa,1
xroiov,1
dionysius,1
dei,1
clkd,1
agent,1
bodily,1
destructible,1
forgotten,1
prophetess,1
characteristic,1
relatively,1
neanmoins,1
ability,1
juxtaposition,1
teleologique,1
moment,1
accidentally,1
relations,1
dismisses,1
eikeivo,1
te,1
kdcv,1
tac,1
clinging,1
walter,1
yevv,1
jr,1
ins,1
almquist,1
living,1
regarded,1
impregnated,1
insofar,1
socrate,1
rooted,1
sph,1
inversion,1
century,1
preoccupations,1
praising,1
interprets,1
xcopav,1
guided,1
progressive,1
instant,1
cases,1
precludes,1
defense,1
ct,1
termes,1
taint,1
underlying,1
rejecting,1
evident,1
behaving,1
document,1
concrete,1
galliena,1
cotiv,1
importunate,1
intercourse,1
fans,1
back,1
subjects,1
differently,1
ithaca,1
syracuse,1
channels,1
holds,1
hipta,1
served,1
representing,1
emphases,1
poem,1
blunted,1
applying,1
left,1
drives,1
truly,1
avowal,1
avec,1
unequivocally,1
designating,1
obscure,1
kirk,1
kcaxc,1
corpus,1
reared,1
ibv,1
instruments,1
journal,1
vice,1
gaze,1
laquelle,1
eumen,1
demonstration,1
wet,1
seeded,1
digression,1
envisage,1
deeply,1
helping,1
cosmic,1
understood,1
delivered,1
tln,1
prophetesse,1
ooodooav,1
influence,1
reliefs,1
stanley,1
eromeme,1
unfortunate,1
virtuous,1
error,1
intuition,1
gwilym,1
ica,1
promised,1
everlasting,1
longing,1
loatikck,1
secus,1
abiding,1
unintelligent,1
talks,1
behave,1
opposed,1
deviation,1
alexandria,1
simultaneously,1
selfmoving,1
supremacy,1
disposed,1
burkert,1
beget,1
recapitulates,1
reflects,1
gottoburgensia,1
criticism,1
sophist,1
rah,1
heroes,1
genera,1
etudes,1
statements,1
tt,1
variance,1
principally,1
xav,1
negatively,1
phantom,1
oioaav,1
arising,1
quellen,1
stop,1
remain,1
nonsense,1
illustration,1
reinhold,1
possession,1
forced,1
ixto,1
momentarily,1
notion,1
holistic,1
yah,1
appev,1
conceptions,1
hers,1
twixv,1
ce,1
adopted,1
realizes,1
opportunity,1
dail,1
substantiate,1
heard,1
associate,1
teacher,1
flexible,1
talk,1
leave,1
benjamin,1
aozrtc,1
comme,1
cave,1
kcaxrkxv,1
lay,1
repeats,1
persons,1
epist,1
discoveries,1
ooeat,1
practicing,1
eivovoc,1
factors,1
extremes,1
postplatonic,1
supposed,1
addressing,1
inanimate,1
txolz,1
kogco,1
kiac,1
ij,1
participle,1
category,1
participles,1
perceptions,1
soon,1
plus,1
eleusiniaof,1
marks,1
mantinee,1
begets,1
counterparts,1
dichotomy,1
pixo,1
objects,1
improvement,1
sorts,1
imagination,1
established,1
unpolluted,1
literary,1
quote,1
repeated,1
invective,1
integrer,1
den,1
kal,1
emendations,1
montee,1
teaches,1
latin,1
section,1
edition,1
attain,1
receiving,1
invariably,1
honourable,1
paotdc,1
unenviable,1
restricted,1
prevent,1
iddes,1
companions,1
ontologique,1
initiative,1
surface,1
follow,1
readings,1
freed,1
efficient,1
followed,1
comparisons,1
putting,1
ckocievri,1
auvocoia,1
permanent,1
pole,1
erroneous,1
wearing,1
escapes,1
opinion,1
drawing,1
constitution,1
numerical,1
categorical,1
apollo,1
constructive,1
thinks,1
draws,1
paotic,1
pox,1
vvtlatc,1
gregory,1
closely,1
tc,1
identifying,1
opposition,1
arrival,1
endow,1
heavenly,1
habitually,1
ktvooilevov,1
exaggeration,1
extraordinary,1
color,1
strength,1
persephone,1
access,1
treatments,1
amsterdam,1
capij,1
eitriantj,1
wrongly,1
changed,1
demands,1
teeming,1
pass,1
kyovov,1
intermediary,1
kivaotc,1
tiktctv,1
owen,1
successors,1
boekhandel,1
emerge,1
conjectural,1
brill,1
halle,1
poetry,1
attained,1
base,1
representative,1
passionate,1
semen,1
term,1
realizations,1
epo,1
merkelbach,1
gottingen,1
txkeov,1
voit,1
impersonated,1
pederasty,1
equally,1
donner,1
prompt,1
furthermore,1
birthday,1
aux,1
ppox,1
discours,1
cultural,1
evoov,1
transposed,1
mainly,1
archetypal,1
stressing,1
ipepi,1
leonard,1
ontologiques,1
roivuv,1
youths,1
produced,1
meet,1
promise,1
analogous,1
applied,1
excellent,1
phoebe,1
etextllrce,1
timde,1
tifc,1
iooeio,1
xn,1
unforgettable,1
ipok,1
circumstances,1
tont,1
wright,1
public,1
duly,1
graeca,1
near,1
rlc,1
vo,1
expressions,1
eliminate,1
visio,1
sophiste,1
aspects,1
improve,1
exert,1
christianity,1
rosen,1
nourishment,1
spheres,1
basis,1
don,1
degrees,1
telete,1
correctly,1
literature,1
hardiment,1
scope,1
vse,1
received,1
verhaltnisses,1
manheim,1
ikavo,1
generative,1
preferred,1
del,1
aut,1
invisible,1
future,1
unless,1
prominent,1
prompted,1
differ,1
purpose,1
ot,1
explains,1
stimulating,1
apparent,1
pelias,1
faithfully,1
clearer,1
studia,1
ck,1
platt,1
loss,1
whole,1
authenticity,1
opined,1
kindled,1
designate,1
sta,1
q,1
jhs,1
discussions,1
during,1
stcxkouaoxv,1
rdaaov,1
relevance,1
apdpx,1
porxtkcv,1
speaking,1
nach,1
okic,1
swift,1
garden,1
apparently,1
idvl,1
jealousy,1
voie,1
haven,1
employed,1
avaitjamais,1
preparation,1
confession,1
emulously,1
stead,1
status,1
wheat,1
kcait,1
epoptie,1
minds,1
shortcomings,1
iov,1
bodies,1
protestations,1
dcc,1
suffused,1
gictv,1
exemplary,1
learner,1
kcaov,1
closing,1
caused,1
beneficent,1
idiom,1
corresponds,1
beardless,1
etablis,1
involve,1
ckroxtdaw,1
ltyeic,1
assemble,1
epin,1
phileb,1
allusions,1
sake,1
xpe,1
ovvra,1
encompasses,1
inactive,1
kitviaeo,1
htr,1
enslaved,1
oct,1
sufficient,1
dcop,1
accomplished,1
issuing,1
munich,1
revealing,1
components,1
unalloyed,1
hebrew,1
amounted,1
letaxalppdvouovav,1
metamorphoses,1
jacchi,1
beck,1
usual,1
leges,1
impossible,1
characterizes,1
progress,1
unavenged,1
glad,1
und,1
ellen,1
correspondence,1
altogether,1
participates,1
lore,1
nxnui,1
grateful,1
operant,1
depit,1
pot,1
settle,1
hades,1
enta,1
tai,1
vtjc,1
kiati,1
yarmouth,1
winnowed,1
calls,1
periods,1
chronological,1
critical,1
vlastos,1
xexeiou,1
ipa,1
edith,1
tixoooe,1
verb,1
georg,1
uncontaminated,1
io,1
excludes,1
forever,1
introduit,1
comment,1
colors,1
variety,1
absence,1
disputation,1
aiyxpov,1
vlc,1
arist,1
sqi,1
action,1
separation,1
imagery,1
happy,1
overall,1
antiochus,1
phantoms,1
charlton,1
wondrous,1
limited,1
synthetique,1
civilization,1
oac,1
return,1
procreation,1
albany,1
inxr,1
april,1
prove,1
exerts,1
grande,1
conceives,1
threshing,1
purest,1
illustrating,1
intervention,1
presently,1
comments,1
crat,1
boy,1
premises,1
study,1
womb,1
luv,1
rites,1
procession,1
religious,1
direction,1
illuminating,1
pedagogiques,1
omits,1
argumentation,1
tikt,1
frank,1
xtr,1
otc,1
tpa,1
thinker,1
hellenistic,1
springs,1
emerged,1
txo,1
dwells,1
reference,1
precondition,1
ovvoucia,1
worshipers,1
represents,1
read,1
advanced,1
itc,1
sounds,1
fail,1
morgan,1
icoet,1
inspiration,1
chronology,1
theomenos,1
ka,1
thesis,1
consorted,1
earned,1
included,1
home,1
falls,1
cod,1
extinction,1
positively,1
ipcoaoc,1
keeping,1
sharply,1
dialectical,1
outlined,1
ruprecht,1
deliver,1
adduced,1
surcease,1
veritable,1
alien,1
coeur,1
reports,1
leaps,1
goodness,1
innate,1
impenetrable,1
pol,1
iepox,1
considers,1
fill,1
ox,1
delivery,1
representation,1
pronounced,1
tries,1
kvoilu,1
name,1
mentioning,1
successfully,1
unlimited,1
harrison,1
yewovv,1
midwifery,1
courageous,1
bold,1
ovot,1
metaphysical,1
mantinea,1
epoptic,1
admirable,1
approaching,1
tvriooavtoc,1
lifeless,1
rejects,1
robes,1
totod,1
locution,1
gentle,1
benevolent,1
conformity,1
lengthy,1
causality,1
longer,1
wreath,1
xii,1
mesure,1
admit,1
limit,1
pair,1
fundamental,1
votxo,1
padyia,1
misinterpretation,1
epicuriens,1
depict,1
ought,1
abstract,1
viii,1
lacks,1
myesis,1
sapovxoc,1
offers,1
dxkka,1
fallen,1
end,1
emphatically,1
moriax,1
bound,1
unmovable,1
latina,1
golden,1
unsurprisingly,1
kactra,1
fashion,1
vt,1
etre,1
simplicius,1
readers,1
platons,1
fame,1
shakes,1
iatqr,1
parler,1
iteievov,1
xoiov,1
flooded,1
oq,1
compounds,1
eiv,1
purposes,1
equate,1
existing,1
aiming,1
receives,1
dvxz,1
non,1
strategies,1
homer,1
epaottiv,1
forth,1
lines,1
material,1
concomitants,1
ao,1
mystics,1
inevitably,1
perhaps,1
chronologically,1
belief,1
sicily,1
coi,1
scattered,1
arises,1
counterpart,1
conceivably,1
reflected,1
free,1
really,1
revises,1
enmity,1
thoroughly,1
ibid,1
reginald,1
plane,1
interpreted,1
constrains,1
hesitate,1
oio,1
cosmologie,1
classes,1
warning,1
investigated,1
theirs,1
toax,1
treated,1
kcacov,1
easier,1
cdxxa,1
accompanying,1
range,1
blaze,1
branwood,1
inscription,1
israel,1
delicate,1
ratlclkd,1
enormous,1
previously,1
looking,1
sufficiently,1
ixlq,1
critias,1
desirous,1
attributed,1
top,1
epav,1
ktxooooeiv,1
elucidated,1
lecture,1
constantly,1
entirely,1
ick,1
skeptical,1
xri,1
raven,1
votrto,1
emphasize,1
vocabulary,1
ctx,1
begetter,1
ideas,1
oduvvxoc,1
gaye,1
propre,1
satisfactorily,1
uxov,1
disproved,1
throws,1
votlto,1
actual,1
engaged,1
prelude,1
chosen,1
previous,1
advantages,1
vu,1
polarity,1
contribution,1
etav,1
vii,1
versions,1
ektv,1
open,1
significance,1
meanings,1
truths,1
dtdaiz,1
remaining,1
reward,1
authors,1
stress,1
discussed,1
se,1
publication,1
midwives,1
accounted,1
clue,1
amounts,1
prevents,1
tpoqi,1
admission,1
august,1
held,1
ipcolevov,1
pride,1
corr,1
ydp,1
helpful,1
adblp,1
reconstructed,1
charmides,1
depiction,1
distinction,1
dry,1
ended,1
practiced,1
trv,1
epoxoc,1
wish,1
standard,1
pupil,1
provides,1
thomas,1
utciv,1
least,1
eaivrtqc,1
instruction,1
presocratic,1
toiled,1
aiaopdv,1
hardie,1
decide,1
nurture,1
favored,1
special,1
conclusions,1
wicksell,1
aporia,1
conspicuously,1
article,1
commentators,1
trying,1
kcuoaai,1
leaves,1
eyes,1
parallel,1
oik,1
allusion,1
reconstitution,1
editors,1
goteborg,1
sensible,1
interpretations,1
kcacoi,1
overcome,1
respectively,1
beatifica,1
samothracian,1
examine,1
deliberate,1
unites,1
tglrq,1
judgement,1
concluding,1
hard,1
cease,1
levison,1
looks,1
xov,1
greece,1
story,1
jriqaots,1
dividing,1
attracted,1
ascribe,1
liebes,1
authorship,1
grain,1
absolu,1
existed,1
institution,1
tendency,1
destruction,1
attend,1
coai,1
chain,1
embodied,1
ipaaroo,1
jfv,1
daiotoc,1
hope,1
pupils,1
eiutt,1
secret,1
attended,1
examines,1
xai,1
haunts,1
xoi,1
auteur,1
dispersing,1
vta,1
glucker,1
tog,1
kicetv,1
yevviojoa,1
flesh,1
sours,1
oa,1
circle,1
vv,1
umkehrung,1
belonged,1
humanities,1
poet,1
lot,1
kiz,1
loveliness,1
george,1
fuit,1
epi,1
variorum,1
assert,1
nicomachean,1
crucial,1
chance,1
kcai,1
gastmahl,1
lrettig,1
xetv,1
implores,1
hierarchic,1
qualifies,1
icao,1
attitude,1
manly,1
referred,1
lost,1
accepted,1
translation,1
yale,1
tpet,1
scrutinizing,1
force,1
visual,1
lives,1
importantly,1
lightning,1
cok,1
seuil,1
originated,1
recognize,1
deals,1
indicate,1
gnosdologie,1
ptyvvoval,1
strive,1
inspired,1
often,1
derantike,1
combines,1
kill,1
continually,1
cohdrente,1
aoiact,1
fall,1
united,1
otaiavtc,1
surprising,1
breasts,1
dead,1
composed,1
tkiia,1
types,1
catullus,1
canonical,1
alldgorie,1
centuries,1
lcokl,1
get,1
contemplating,1
ldei,1
yevvlatv,1
joseph,1
regularly,1
borrowed,1
aioxpov,1
matters,1
addressed,1
taliok,1
entertain,1
claims,1
epovtec,1
school,1
today,1
axot,1
meant,1
contemplated,1
anrw,1
seriously,1
lcl,1
heavy,1
rarely,1
religio,1
thinking,1
proceed,1
oeov,1
debarred,1
hierophant,1
reckon,1
defend,1
comparison,1
throw,1
forget,1
deep,1
continues,1
devotees,1
dalorlyot,1
implied,1
exposition,1
symbols,1
precise,1
yevoeaock,1
thetis,1
shining,1
effluxes,1
proposes,1
ralph,1
levi,1
borrow,1
dionysus,1
besides,1
loving,1
metaphysique,1
patients,1
alternative,1
ito,1
cybele,1
aovtvvat,1
xrov,1
concurs,1
impregnating,1
dualism,1
defining,1
longs,1
favorably,1
presentee,1
mutually,1
tat,1
inquires,1
metaphorically,1
parable,1
diotime,1
paper,1
actuality,1
worth,1
share,1
seem,1
best,1
down,1
argue,1
scenario,1
dv,1
post,1
neoplatonists,1
eventually,1
foundation,1
iii,1
eot,1
continuum,1
carl,1
partakes,1
sc,1
therae,1
wxaoat,1
gallienae,1
disciple,1
embodiment,1
fills,1
evat,1
winspear,1
deae,1
childbirth,1
wood,1
happiness,1
schofield,1
placing,1
oii,1
frailer,1
otiko,1
etait,1
advances,1
etv,1
table,1
rejoices,1
bien,1
allotment,1
saying,1
reproach,1
rep,1
knows,1
scholarly,1
recapitulated,1
splato,1
imitation,1
oavouoic,1
otvoivxoc,1
reproduce,1
consorting,1
transmitted,1
idem,1
meticulous,1
dvezup,1
independently,1
ny,1
add,1
eikcivp,1
maintain,1
passed,1
ktvoovv,1
mere,1
kytyatx,1
sarapis,1
distribution,1
extent,1
consisting,1
prepare,1
linger,1
meno,1
appetite,1
vehicle,1
healthy,1
rapports,1
require,1
dark,1
babbit,1
riv,1
proposing,1
encounters,1
tioaoxh,1
emphasis,1
hundreds,1
contain,1
naturlichen,1
refers,1
iotiyrtikov,1
universe,1
pc,1
elle,1
exaiphnes,1
gradation,1
involving,1
mysterium,1
tppecaivcp,1
amazed,1
remember,1
presented,1
whence,1
occasionally,1
kitvoji,1
nouns,1
ouiiac,1
tk,1
ikontv,1
oxhc,1
nai,1
recipients,1
introduced,1
city,1
despite,1
xti,1
alternatives,1
oriente,1
landau,1
endlessly,1
pythagoreanism,1
predecessors,1
lies,1
step,1
casual,1
matches,1
substance,1
reconstitute,1
wife,1
contribute,1
immaterial,1
aot,1
lesson,1
partake,1
inclines,1
pcaevrl,1
phenomenon,1
coins,1
mention,1
homosexuality,1
definitions,1
gain,1
glance,1
ein,1
speusippus,1
leap,1
remarks,1
apperception,1
analogy,1
proceeds,1
false,1
statut,1
ultimately,1
models,1
presence,1
distinguish,1
fi,1
background,1
argues,1
opposant,1
dialog,1
reveals,1
solely,1
runia,1
initiated,1
similarity,1
yap,1
finding,1
genders,1
reborn,1
eunuch,1
phrygian,1
xou,1
guest,1
catherine,1
seduce,1
discursive,1
stylometric,1
criti,1
sensibles,1
integral,1
dangerous,1
envisaging,1
offer,1
exists,1
presumes,1
enabling,1
dclop,1
cleit,1
xoc,1
lworei,1
writer,1
dogma,1
aristotelian,1
ipsa,1
rioaoxh,1
fools,1
augustae,1
seeks,1
leiden,1
off,1
paraphernalia,1
haphazard,1
instinct,1
etxoi,1
showed,1
enamoured,1
anonymous,1
specific,1
searching,1
admitting,1
plea,1
removed,1
substitute,1
rest,1
attending,1
det,1
ivv,1
diixt,1
iotitctkov,1
ascendancy,1
zeus,1
succeeded,1
vary,1
upbringing,1
lotc,1
iisrl,1
reproduction,1
bounds,1
substantial,1
asks,1
element,1
characters,1
swiftness,1
interaction,1
corn,1
re,1
immediately,1
counts,1
strong,1
uk,1
technological,1
grace,1
whenever,1
anton,1
recent,1
observed,1
famous,1
aeterna,1
oser,1
inities,1
arnold,1
building,1
broader,1
asked,1
attendance,1
eipfijoai,1
malcolm,1
lia,1
row,1
dav,1
