WORDCOUNTS,WEIGHT
the,1205
of,734
and,421
in,405
to,292
a,277
that,245
is,207
as,198
romantic,137
romance,124
we,115
for,103
or,98
love,96
films,94
are,93
with,91
this,89
not,88
s,85
it,79
have,74
by,67
one,66
film,65
our,64
on,63
be,63
an,60
such,57
but,53
more,51
lovers,51
from,51
has,50
their,47
other,46
social,46
movies,45
at,43
new,43
number,42
cultural,41
these,41
two,41
which,41
than,40
was,40
story,37
all,36
only,35
life,33
hollywood,32
end,32
been,32
comedies,32
genre,31
would,31
york,30
today,30
may,29
most,29
although,29
comedy,28
dramas,28
were,28
they,27
those,27
even,27
american,26
culture,26
there,25
time,25
sociological,24
also,24
when,24
might,23
marriage,23
romances,23
however,23
relationship,23
so,22
affair,21
its,21
world,21
analysis,21
over,21
almost,21
among,21
her,20
produced,19
drama,19
like,19
into,18
no,18
perspectives,18
she,18
any,18
what,18
press,18
you,18
between,18
if,17
university,17
well,17
volume,17
contemporary,17
years,17
example,16
he,16
many,16
do,16
become,16
very,16
movie,16
both,16
second,16
being,15
less,15
since,15
human,15
age,15
war,15
older,15
audience,15
ideal,15
pp,14
because,14
will,14
yet,14
must,14
through,14
sample,13
century,13
his,13
during,13
work,13
rules,13
woman,13
status,13
made,13
significant,13
decade,12
first,12
i,12
far,12
against,12
too,12
couple,12
society,12
us,12
class,12
table,12
annie,12
focus,12
total,11
some,11
could,11
least,11
few,11
economic,11
still,11
once,11
present,11
another,11
times,11
considered,11
past,11
while,11
come,11
characters,11
live,10
history,10
wrong,10
central,10
relationships,10
study,10
sense,10
including,10
actual,10
men,10
who,10
set,10
problem,10
era,10
much,10
way,9
modern,9
women,9
certainly,9
apart,9
interest,9
young,9
without,9
result,9
governing,9
possibility,9
night,9
practices,9
indeed,9
included,9
impediment,9
others,9
stories,9
beliefs,9
never,9
reality,9
excluded,9
case,9
family,9
themselves,9
historical,9
them,9
form,9
art,9
given,9
recent,9
difficult,8
impediments,8
t,8
products,8
take,8
last,8
married,8
english,8
m,8
had,8
out,8
every,8
ghost,8
classic,8
same,8
available,8
man,8
norms,8
day,8
high,8
different,8
type,8
particular,8
groups,7
before,7
experience,7
long,7
reasons,7
behavior,7
elements,7
difficulty,7
remain,7
risk,7
understand,7
postmodern,7
invariably,7
place,7
own,7
order,7
several,7
met,7
equality,7
power,7
considerable,7
forms,7
everyday,7
existing,7
understanding,7
can,7
popularity,7
often,7
hope,7
theme,7
hall,7
shakespeare,7
anna,7
involving,7
reached,7
race,7
tragic,7
now,6
group,6
character,6
princeton,6
passion,6
production,6
ii,6
ourselves,6
words,6
continue,6
real,6
sleepless,6
within,6
system,6
exist,6
patient,6
mixed,6
keep,6
back,6
interesting,6
supernatural,6
rather,6
certain,6
sally,6
clearly,6
important,6
greater,6
schneider,6
future,6
horse,6
part,6
norm,6
gender,6
falling,6
novels,6
successful,6
presence,6
generally,6
up,6
harry,6
depicted,6
sociologists,6
neither,6
longer,6
idea,6
orpheus,6
audiences,6
developing,6
necessary,6
books,6
difference,6
intimacy,6
course,6
seattle,6
socially,6
screwball,6
itself,6
adventure,6
then,6
circumstances,6
couples,6
believe,6
particularly,6
obviously,6
knows,6
carefully,6
categories,6
popular,6
little,6
manhattan,6
families,6
understandings,6
include,6
need,6
potential,6
say,6
traditional,6
conventions,6
should,6
row,6
does,5
common,5
later,5
indicated,5
center,5
true,5
ways,5
position,5
based,5
karenina,5
script,5
rational,5
j,5
nature,5
narrative,5
mr,5
principal,5
mail,5
sexual,5
utopian,5
relatively,5
relations,5
affairs,5
moonstruck,5
find,5
scripts,5
rights,5
across,5
b,5
mrs,5
numbers,5
obstacles,5
instance,5
my,5
typical,5
giddens,5
understood,5
mate,5
cannot,5
otherwise,5
public,5
videocassette,5
having,5
got,5
joe,5
forces,5
approach,5
change,5
heart,5
concerns,5
decline,5
always,5
appeal,5
allen,5
edited,5
complete,5
already,5
emotional,5
addition,5
fact,5
pretty,5
trend,5
casablanca,5
three,5
individual,5
good,5
earlier,5
especially,5
article,5
effect,5
titanic,5
movements,5
eurydice,5
fall,5
united,5
types,5
problematic,5
vhs,5
ve,5
ever,5
alvie,5
continues,5
woody,5
know,5
partner,5
each,5
novel,5
romeo,5
rose,5
don,5
suggests,5
presented,5
despite,5
marry,5
finally,5
states,5
shift,5
increased,5
element,5
images,5
major,5
miller,4
bride,4
commitment,4
truth,4
e,4
becoming,4
easily,4
unlike,4
themes,4
tracy,4
lead,4
attempt,4
seems,4
leading,4
producing,4
loves,4
erich,4
right,4
west,4
point,4
formula,4
prejudice,4
health,4
september,4
concerning,4
inclusion,4
myth,4
general,4
stanley,4
rates,4
perfect,4
distribution,4
recognized,4
notion,4
legal,4
similar,4
importance,4
fromm,4
reason,4
changes,4
literary,4
just,4
house,4
officer,4
chasing,4
view,4
path,4
rule,4
gergen,4
heaven,4
recently,4
reinforce,4
meet,4
criteria,4
line,4
london,4
purpose,4
year,4
tale,4
dowd,4
constitute,4
people,4
actually,4
rows,4
device,4
personal,4
either,4
box,4
television,4
bottle,4
boundaries,4
wife,4
forever,4
matter,4
nonetheless,4
taken,4
play,4
make,4
selection,4
about,4
message,4
under,4
cancian,4
harper,4
members,4
lack,4
children,4
together,4
road,4
see,4
belief,4
whisperer,4
style,4
greatest,4
intimate,4
top,4
use,4
questions,4
roman,4
previous,4
office,4
california,4
leads,4
authors,4
latter,4
relative,4
professional,4
political,4
separate,4
increasing,4
fein,4
force,4
lives,4
warshow,4
amy,4
shaw,4
rarely,4
constructed,4
imdb,4
here,4
receipts,4
berkeley,4
best,4
half,4
happiness,4
merely,4
feminist,4
runaway,4
notable,4
whether,4
marriages,4
became,4
juliet,4
song,4
named,4
underworld,4
twentieth,4
instead,4
physical,4
product,4
prohibition,4
remains,4
specific,4
strong,4
freud,3
final,3
dominant,3
jane,3
fiction,3
eliminated,3
appear,3
told,3
large,3
mike,3
kinds,3
likely,3
devices,3
confluent,3
nineteenth,3
incorporating,3
chaos,3
military,3
habitus,3
dreams,3
daily,3
differences,3
written,3
opposite,3
studio,3
partners,3
side,3
takes,3
america,3
possible,3
richard,3
fine,3
darcy,3
regarding,3
conflict,3
phase,3
weakened,3
development,3
wartenberg,3
due,3
moment,3
decided,3
sabrina,3
old,3
modernity,3
criterion,3
undertaking,3
percentage,3
jones,3
wishes,3
whose,3
lolita,3
main,3
happily,3
how,3
illouz,3
edward,3
after,3
thing,3
white,3
musicals,3
category,3
affect,3
consider,3
filmmakers,3
familiar,3
frequently,3
four,3
bridges,3
powerful,3
random,3
decades,3
conflicts,3
union,3
came,3
disbelief,3
whom,3
walk,3
appearance,3
demise,3
plot,3
search,3
seven,3
events,3
oates,3
late,3
embedded,3
equal,3
expensive,3
nichols,3
directly,3
data,3
student,3
reader,3
concept,3
county,3
knowledge,3
elizabeth,3
loss,3
used,3
call,3
translated,3
trends,3
someone,3
level,3
discourse,3
involved,3
around,3
wider,3
highly,3
differing,3
videotape,3
progress,3
necessity,3
paid,3
therefore,3
business,3
reduced,3
feeling,3
object,3
whatever,3
above,3
backdrop,3
movement,3
austen,3
structural,3
reference,3
serve,3
gross,3
home,3
ideology,3
georgia,3
increasingly,3
foucault,3
chose,3
party,3
lewis,3
name,3
toward,3
death,3
efforts,3
divorce,3
consideration,3
music,3
choice,3
break,3
john,3
desire,3
doubt,3
remarkable,3
where,3
marrying,3
jenny,3
practice,3
fewer,3
manuals,3
imagine,3
simon,3
behaviors,3
investment,3
holt,3
ethnic,3
nothing,3
trust,3
chosen,3
ties,3
workers,3
august,3
pride,3
period,3
counted,3
faith,3
realm,3
examine,3
availability,3
james,3
capitalism,3
analyze,3
adaptations,3
slipping,3
saw,3
haven,3
ago,3
widely,3
pure,3
provide,3
usually,3
holiday,3
unbearable,3
begin,3
male,3
transformed,3
effectively,3
transformation,3
indicate,3
isaac,3
share,3
changing,3
reinforced,3
loving,3
column,3
close,3
natural,3
tendencies,3
current,3
oliver,3
better,3
beginning,3
according,3
theory,3
dream,3
rationality,3
scenarios,3
transgression,3
remember,3
city,3
aspect,3
coming,3
think,3
vivian,3
courtship,3
spirit,3
cambridge,3
wish,3
typically,3
smaller,3
defined,3
attempted,3
sexuality,3
madison,3
tolstoy,3
kauffman,3
c,3
chicago,3
inasmuch,3
create,3
immediately,3
beings,3
sufficiently,2
done,2
struggle,2
dies,2
keeps,2
commentary,2
goldfarb,2
concern,2
sigmund,2
segell,2
career,2
everyone,2
extend,2
girl,2
feel,2
crossing,2
guy,2
fate,2
identify,2
entries,2
services,2
h,2
pathologies,2
soap,2
respectability,2
upheaval,2
diffuse,2
necessarily,2
cartland,2
habits,2
communion,2
tells,2
something,2
seventh,2
negative,2
said,2
gap,2
sources,2
wetherell,2
extraordinary,2
posed,2
letters,2
implications,2
mysterious,2
motivations,2
musical,2
generated,2
attractive,2
europe,2
goodbye,2
tradition,2
secondary,2
great,2
babington,2
analyses,2
rich,2
aesthetic,2
disappearance,2
moon,2
taboos,2
hundred,2
mississippi,2
meg,2
date,2
robert,2
profitable,2
behind,2
racial,2
tragedy,2
issue,2
inseparable,2
clarence,2
college,2
dotted,2
draw,2
prescriptions,2
mythology,2
account,2
felt,2
marked,2
watched,2
compelling,2
condition,2
mutual,2
october,2
move,2
magazine,2
run,2
internet,2
except,2
realistic,2
along,2
constrained,2
enter,2
moral,2
wexman,2
engage,2
succeed,2
evans,2
thus,2
advertisers,2
throughout,2
ryan,2
eras,2
ethical,2
countless,2
bourget,2
demystification,2
pursuit,2
silent,2
g,2
doctor,2
neighbors,2
characteristic,2
faces,2
lonely,2
convention,2
barrier,2
theaters,2
attracting,2
eve,2
adam,2
developments,2
psychological,2
masala,2
hochschild,2
intercourse,2
convincing,2
amount,2
star,2
left,2
third,2
consulted,2
unequivocally,2
look,2
irony,2
deeply,2
acknowledge,2
warner,2
poorly,2
pay,2
erotic,2
philadelphia,2
essential,2
bring,2
soviet,2
basic,2
cinema,2
politicians,2
adopted,2
eight,2
seligman,2
talk,2
leave,2
parts,2
studies,2
danger,2
govern,2
bonds,2
warring,2
nor,2
muir,2
possibly,2
eventually,2
presumably,2
days,2
ideologies,2
bruce,2
prevent,2
esquire,2
overrule,2
additional,2
continual,2
roxanne,2
cost,2
adulterous,2
dying,2
destructive,2
ruin,2
faced,2
arms,2
friends,2
talking,2
impede,2
societies,2
conservative,2
entered,2
bellah,2
erosion,2
called,2
persephone,2
triumph,2
p,2
inappropriate,2
sociologically,2
changed,2
format,2
scenes,2
purdy,2
primacy,2
realize,2
distributor,2
francisco,2
emerge,2
percentages,2
reactionary,2
representative,2
passionate,2
big,2
further,2
fourth,2
furthermore,2
leonard,2
population,2
companies,2
younger,2
scale,2
tension,2
absolute,2
explain,2
approached,2
basicbooks,2
gods,2
creates,2
none,2
spheres,2
basis,2
julia,2
literature,2
writers,2
r,2
significantly,2
ewen,2
civil,2
calls,2
related,2
nation,2
genuine,2
describe,2
doomed,2
issues,2
relevance,2
away,2
coequals,2
stanford,2
president,2
contradictions,2
count,2
segal,2
solution,2
viable,2
useful,2
tom,2
reinforces,2
things,2
wished,2
next,2
sixty,2
dangerous,2
exclude,2
quite,2
attention,2
eco,2
driving,2
industry,2
dramatic,2
peak,2
madly,2
foremost,2
st,2
regardless,2
ellen,2
correspondence,2
value,2
developmental,2
scarecrow,2
barbara,2
usable,2
led,2
san,2
onset,2
absence,2
demands,2
lesser,2
foibles,2
schmidt,2
separation,2
happy,2
depth,2
teen,2
limited,2
successes,2
return,2
released,2
brief,2
exception,2
prove,2
sennett,2
intervention,2
nudity,2
single,2
guide,2
opportunities,2
represents,2
marcuse,2
consuming,2
happened,2
database,2
abundance,2
friendship,2
russian,2
begins,2
exploit,2
picture,2
fill,2
angel,2
french,2
book,2
challenge,2
preferences,2
similarly,2
ask,2
experienced,2
deterioration,2
regret,2
tumultuous,2
metuchen,2
essence,2
lacks,2
larger,2
stop,2
state,2
discussed,2
success,2
ages,2
conclusions,2
hand,2
paris,2
gornick,2
continuing,2
novelist,2
free,2
encountered,2
routinized,2
thoroughly,2
image,2
becomes,2
classes,2
private,2
hess,2
encounter,2
examples,2
genres,2
incidents,2
trajectory,2
formal,2
transgressive,2
realities,2
increase,2
rationalization,2
crease,2
expression,2
began,2
tolerance,2
affects,2
harvard,2
engaged,2
lightness,2
dismissed,2
dating,2
described,2
roberts,2
kiss,2
meanings,2
express,2
peter,2
lady,2
gestures,2
christopher,2
allowed,2
interlude,2
reviewers,2
momentous,2
him,2
oed,2
tribal,2
eagleton,2
black,2
thomas,2
why,2
gets,2
queen,2
sentiment,2
outside,2
overcome,2
exactly,2
sentiments,2
structure,2
henry,2
percent,2
sherrie,2
looks,2
cinematic,2
tendency,2
engagement,2
develop,2
greek,2
brown,2
motif,2
stage,2
me,2
note,2
pat,2
continued,2
chance,2
five,2
plays,2
rattigan,2
ordinary,2
institutions,2
inexplicable,2
seen,2
flare,2
circumstance,2
parsons,2
fated,2
worlds,2
continually,2
norton,2
parentheses,2
michael,2
entertainment,2
citizens,2
exists,2
instances,2
obstacle,2
viewers,2
occupies,2
investigate,2
meant,2
school,2
environment,2
reciprocal,2
contained,2
following,2
focusing,2
bill,2
simply,2
followed,2
scrutiny,2
shop,2
unmediated,2
ll,2
hearts,2
disapproval,2
mixes,2
brehm,2
forty,2
outcome,2
kundera,2
control,2
frequency,2
worth,2
seriously,2
operas,2
setting,2
seem,2
capital,2
eribon,2
did,2
unknown,2
politics,2
argue,2
cities,2
quo,2
works,2
living,2
ideally,2
evident,2
ladies,2
william,2
unlikely,2
adults,2
selected,2
coast,2
ma,2
proven,2
signature,2
leaving,2
extent,2
early,2
video,2
huge,2
urban,2
middle,2
romantically,2
nj,2
occasionally,2
attached,2
unrealistic,2
african,2
die,2
transition,2
creative,2
exceeded,2
conventional,2
screen,2
reunite,2
phenomenon,2
using,2
allows,2
beigel,2
dave,2
until,2
youth,2
argument,2
justifiably,2
average,2
advent,2
finding,2
numerous,2
liaisons,2
corrina,2
grant,2
aware,2
publishing,2
reversed,2
ended,2
approximately,2
realism,2
define,2
consumption,2
meaningfulness,2
evidence,2
weinraub,2
integration,2
association,2
postscript,2
lasch,2
discrimination,2
requires,2
beck,2
dark,2
predictable,2
entire,2
meeting,2
ca,2
roles,2
zhivago,2
costly,2
kurt,1
charade,1
overlaid,1
appeals,1
lowbudget,1
horror,1
housekeeping,1
intimately,1
democracy,1
surroundings,1
defeats,1
superiority,1
ending,1
margins,1
archives,1
customers,1
transportation,1
possessed,1
showbiz,1
anticipates,1
appropriation,1
precipitously,1
child,1
digressions,1
companionship,1
liminal,1
prelaw,1
sins,1
ethics,1
prescription,1
stuart,1
medieval,1
trick,1
religions,1
meaning,1
productions,1
conjoined,1
whisper,1
defy,1
statesanctioned,1
righteous,1
represent,1
market,1
affected,1
melodramas,1
distress,1
emergence,1
environmental,1
hogarth,1
episodes,1
findings,1
revolutionary,1
rapprochement,1
nationalities,1
deinstitutionalized,1
engines,1
madsen,1
diane,1
gere,1
alone,1
gottlieb,1
ultimate,1
considerably,1
introduction,1
compensated,1
utility,1
thriving,1
sphere,1
distributed,1
forth,1
systemic,1
former,1
passing,1
expect,1
minutes,1
church,1
ludicrous,1
inconsequential,1
explosion,1
feuding,1
rick,1
achievements,1
doom,1
integrity,1
safely,1
agency,1
mobility,1
nostalgia,1
enhance,1
constructive,1
designed,1
puritanism,1
stone,1
columns,1
word,1
remind,1
schools,1
library,1
trainer,1
laszlo,1
sets,1
prince,1
mexican,1
strictly,1
situation,1
pressing,1
twenty,1
surmounts,1
genius,1
park,1
predating,1
principled,1
radcliffe,1
ideals,1
acceptance,1
snag,1
teens,1
western,1
filters,1
cynical,1
presents,1
exciting,1
invent,1
subjection,1
question,1
biographical,1
postmodem,1
remedy,1
exceptions,1
defiant,1
thematic,1
edu,1
eye,1
source,1
appropriately,1
claire,1
societal,1
faiths,1
glow,1
playlets,1
lure,1
properties,1
carmen,1
intentions,1
pallotta,1
prohibitions,1
pauline,1
anything,1
coding,1
baser,1
aside,1
gossip,1
holden,1
www,1
bed,1
sublimated,1
failing,1
barriers,1
selfdisclosure,1
constituting,1
cade,1
preceding,1
utopia,1
nonexistent,1
pervasive,1
rinehart,1
concerned,1
demystified,1
introduce,1
deindustrialization,1
originally,1
aftermath,1
abound,1
enables,1
rush,1
viewer,1
rapid,1
acutely,1
interviewer,1
lifestyle,1
bernard,1
blather,1
weekend,1
tourist,1
duplicity,1
genteel,1
circumvented,1
err,1
definition,1
hong,1
dramatically,1
hitchcock,1
declined,1
interrogating,1
skills,1
stringent,1
professions,1
belong,1
advantage,1
broken,1
antimodern,1
shoulder,1
conditions,1
feminism,1
thank,1
kitzinger,1
potentially,1
wave,1
exotic,1
heim,1
arises,1
confront,1
shot,1
studied,1
respondents,1
transferred,1
link,1
breezy,1
coworker,1
expense,1
greatly,1
review,1
listed,1
harvey,1
wealthy,1
help,1
deconstructive,1
traumas,1
quarter,1
pillow,1
persistence,1
devised,1
priest,1
holidays,1
emphasized,1
stand,1
blackwell,1
precisely,1
valorization,1
primitive,1
reserved,1
cell,1
intermezzo,1
satire,1
adventures,1
gays,1
reading,1
ambiguous,1
signs,1
frisson,1
irredeemably,1
delegitimate,1
dissolved,1
romanticism,1
motivated,1
calculus,1
intersection,1
context,1
papers,1
violating,1
filtering,1
chatting,1
courage,1
british,1
magazines,1
sound,1
rewriting,1
dissemination,1
existence,1
sophisticated,1
dr,1
promulgated,1
isolde,1
insincerity,1
recorded,1
anthropologists,1
heights,1
key,1
ste,1
walks,1
waterloo,1
unaware,1
money,1
advice,1
kael,1
primary,1
booker,1
incorporate,1
discuss,1
march,1
ridicule,1
morocco,1
retain,1
crowd,1
custom,1
raging,1
indirectly,1
red,1
italian,1
uga,1
capable,1
fighter,1
leo,1
constraints,1
omissions,1
matched,1
zeffirelli,1
burning,1
vaguely,1
judith,1
oedipus,1
april,1
reaction,1
powers,1
oppressed,1
births,1
obvious,1
terence,1
regretted,1
brentano,1
variations,1
scorn,1
artful,1
ingenious,1
familial,1
resources,1
laws,1
household,1
eva,1
dynamic,1
bottom,1
speechless,1
promises,1
sullivan,1
interact,1
nonrealistic,1
minimum,1
unhappy,1
humoresque,1
prototype,1
hanks,1
joyce,1
indisputably,1
romanticfilms,1
yankee,1
harold,1
outpouring,1
controlled,1
surplus,1
colonized,1
exposed,1
expanded,1
gravity,1
punish,1
segregation,1
consumer,1
frequencies,1
mistake,1
goal,1
million,1
screenplays,1
culminated,1
wonderfully,1
includes,1
accessible,1
lover,1
determinations,1
collapse,1
leigh,1
harcourt,1
atheneum,1
proceeded,1
reverse,1
facts,1
difficulties,1
immediate,1
quality,1
pursue,1
village,1
ilsa,1
deserving,1
aimee,1
mother,1
jocasta,1
attesting,1
categorized,1
students,1
wind,1
millennium,1
intact,1
reflection,1
juxtaposition,1
sp,1
disregard,1
mating,1
plotting,1
price,1
facet,1
application,1
obsolete,1
eurasian,1
noncommissioned,1
operator,1
insisted,1
excommunicated,1
insofar,1
rooted,1
privilege,1
farewell,1
beloved,1
excludable,1
didier,1
momentarily,1
guided,1
progressive,1
turn,1
midsummer,1
popularization,1
pushed,1
arouse,1
religious,1
self,1
juxtaposes,1
clashes,1
truism,1
shoulders,1
stored,1
circulation,1
perspective,1
refer,1
persist,1
disproportionately,1
differently,1
pasha,1
http,1
honesty,1
restrict,1
six,1
elicit,1
races,1
occurs,1
brace,1
dates,1
compared,1
tipton,1
unchanged,1
taming,1
twice,1
witnessed,1
overcomes,1
folkways,1
employers,1
enlightened,1
weakening,1
friedman,1
helpful,1
explore,1
hanff,1
drawn,1
excuses,1
sin,1
wistful,1
communication,1
ingredient,1
journal,1
bennett,1
telemarketers,1
dear,1
industries,1
eventual,1
twentyfour,1
jedidiah,1
sister,1
occasion,1
traits,1
hardly,1
restricting,1
nurtured,1
thesaurus,1
infinite,1
quiet,1
reknowned,1
unfortunate,1
untamed,1
cites,1
anglo,1
ado,1
newer,1
phases,1
higher,1
employ,1
mechanisms,1
cameron,1
steps,1
gaining,1
competition,1
escaped,1
pitiable,1
town,1
governed,1
bull,1
german,1
unhappily,1
hopes,1
predicted,1
transformations,1
act,1
card,1
performance,1
phantom,1
bombers,1
generations,1
developed,1
watch,1
ironic,1
crafted,1
premodern,1
secrets,1
proper,1
antagonistic,1
sizable,1
levels,1
minnie,1
swept,1
revenues,1
capture,1
process,1
altar,1
mean,1
bus,1
soulful,1
represented,1
suffer,1
opportunity,1
dealt,1
slipped,1
heard,1
proportion,1
persistent,1
supplement,1
poetic,1
direct,1
hugely,1
disintegration,1
pages,1
reconcile,1
permissions,1
packaging,1
lacking,1
blurring,1
competence,1
distant,1
read,1
cases,1
preempted,1
awareness,1
overlooked,1
wuthering,1
provides,1
lutheran,1
crispin,1
troublesome,1
guides,1
tumult,1
serfs,1
rife,1
fulfill,1
fantasy,1
soul,1
references,1
send,1
favor,1
makebelieve,1
perceptions,1
win,1
alienate,1
rib,1
tensions,1
q,1
reinforcement,1
formulaic,1
established,1
physically,1
uprooted,1
harder,1
descent,1
organized,1
wong,1
elisabeth,1
grounds,1
workplace,1
russell,1
amid,1
proved,1
driven,1
yearning,1
reconstructions,1
noticeable,1
n,1
marital,1
gradually,1
mary,1
god,1
weak,1
argued,1
w,1
pullman,1
presumed,1
show,1
rebounded,1
monica,1
democratic,1
acclaimed,1
commented,1
resource,1
rationally,1
vietnam,1
surface,1
statement,1
unimpeded,1
beyond,1
defeat,1
indications,1
unsuitable,1
depart,1
straitjacket,1
idealized,1
consequence,1
nightclub,1
intentional,1
illogic,1
consciousnesses,1
witness,1
permanent,1
media,1
hit,1
approval,1
david,1
opinion,1
ostracism,1
hedonistic,1
providing,1
algiers,1
systems,1
postman,1
myths,1
hot,1
disappeared,1
artistic,1
unromantic,1
matching,1
whereas,1
hours,1
opening,1
skewed,1
remembered,1
noir,1
assets,1
occurred,1
premise,1
location,1
allow,1
tycoon,1
wilder,1
critic,1
train,1
found,1
forsyte,1
behalf,1
access,1
taboo,1
effort,1
behavioral,1
lived,1
offilmmaking,1
underneath,1
deal,1
recitation,1
shared,1
calm,1
austin,1
criticisms,1
radical,1
requirements,1
workable,1
initial,1
featured,1
arch,1
masculinity,1
accurately,1
seduction,1
afternoon,1
trusting,1
equally,1
undeniable,1
embarrassing,1
occupation,1
traced,1
disorientations,1
though,1
durham,1
nicest,1
contrived,1
courteous,1
fulfillment,1
cliched,1
clock,1
reviews,1
endow,1
gotta,1
appears,1
viewed,1
promise,1
notes,1
kosovar,1
excellent,1
tiffany,1
franco,1
demanding,1
masculine,1
lesbians,1
thrives,1
spiritual,1
spin,1
terrorism,1
instrumental,1
required,1
facilities,1
valorize,1
cousin,1
opposition,1
professionals,1
blake,1
orientations,1
surefire,1
expressions,1
eliminate,1
patriarchal,1
aging,1
absurdity,1
briefly,1
silver,1
biographies,1
aspects,1
distinguishes,1
shape,1
commitments,1
abuse,1
glossed,1
purposefulness,1
hog,1
minimal,1
differ,1
bachelor,1
screenplay,1
dwindled,1
egalitarian,1
accomplishment,1
lied,1
beseiged,1
pr,1
highligted,1
received,1
steep,1
industrial,1
mobilization,1
clarkson,1
nurtures,1
vote,1
distinguish,1
repetition,1
reestablished,1
spy,1
rat,1
contracts,1
explains,1
emphasis,1
dover,1
apparent,1
almasy,1
comment,1
aged,1
curtains,1
journals,1
carrie,1
criticized,1
ten,1
repeating,1
artists,1
lovely,1
whole,1
continuation,1
fit,1
delancey,1
merciful,1
broad,1
subtly,1
accidental,1
densely,1
moments,1
kings,1
midwestern,1
et,1
surveilled,1
bishop,1
focuses,1
contentious,1
reflect,1
newspaper,1
novelists,1
institution,1
ulu,1
il,1
realms,1
project,1
sun,1
resort,1
tears,1
week,1
anomie,1
pomography,1
cornerstone,1
ethnicity,1
guinevere,1
graduate,1
weeks,1
unmarried,1
camille,1
heartless,1
neglect,1
depicting,1
aided,1
cognizance,1
staple,1
tone,1
creating,1
broadcast,1
mass,1
commerce,1
indicator,1
billion,1
privileged,1
roses,1
garbo,1
manners,1
cold,1
hurdles,1
revolution,1
theoretically,1
simpler,1
conceded,1
enjoys,1
involve,1
appended,1
dictionary,1
kong,1
indicators,1
carol,1
mildest,1
gentleman,1
complicate,1
theater,1
whirlwind,1
modest,1
cassette,1
receiver,1
specifically,1
thankfully,1
iris,1
spanish,1
leaves,1
characteristics,1
purveyor,1
redefine,1
selfconscious,1
serb,1
ship,1
choose,1
dust,1
realists,1
bridge,1
scattering,1
compatibility,1
executed,1
embarrassed,1
acts,1
invoke,1
notorious,1
research,1
shadows,1
essentially,1
codes,1
movieswill,1
urgently,1
happen,1
romancing,1
impossible,1
credible,1
division,1
satirical,1
gofish,1
condemned,1
barely,1
patience,1
dac,1
beacon,1
helene,1
mccall,1
resistance,1
preferable,1
altogether,1
plausible,1
diminished,1
charing,1
displaced,1
frontal,1
interests,1
propriety,1
moved,1
waiting,1
actress,1
enjoy,1
miniseries,1
naturalistic,1
jeffrey,1
nations,1
survived,1
cite,1
transforming,1
impunity,1
eternal,1
recognizing,1
critical,1
fillip,1
naming,1
pertaining,1
horizons,1
risking,1
timeless,1
noteworthy,1
scrutinize,1
irrespective,1
inhabit,1
pairings,1
elimination,1
various,1
summertime,1
steadily,1
deathbed,1
faithfulness,1
mixedgenre,1
wary,1
infomercials,1
irrelevance,1
action,1
extramarital,1
indicative,1
greta,1
wrote,1
shipwright,1
revival,1
located,1
subject,1
tried,1
wait,1
possesses,1
commit,1
chivalrous,1
female,1
funny,1
ghosts,1
innocence,1
brings,1
prevailing,1
forbidden,1
purity,1
poor,1
gift,1
etc,1
reduce,1
dissuade,1
converted,1
july,1
intolerance,1
judgment,1
says,1
mainstream,1
avail,1
estimations,1
jilting,1
indicates,1
comments,1
manifest,1
incredibly,1
passengers,1
fairy,1
luxuriating,1
unprecedented,1
perennial,1
rites,1
artist,1
strategic,1
postmarital,1
put,1
aligned,1
agonized,1
decisions,1
cards,1
direction,1
com,1
positive,1
authenticity,1
improper,1
glencoe,1
resilient,1
frank,1
violate,1
repression,1
chronicle,1
shaper,1
oxford,1
pacific,1
emerged,1
disquisitions,1
criticism,1
selling,1
interpretation,1
liability,1
fringe,1
permission,1
bumps,1
mrshowbiz,1
wake,1
makes,1
requiring,1
alongside,1
acknowledgments,1
soon,1
hegemonic,1
evolved,1
seeing,1
technology,1
columbus,1
fifth,1
restricted,1
formally,1
exposure,1
suzie,1
violation,1
ancient,1
puzzle,1
tootsie,1
jay,1
mildly,1
subgenres,1
raise,1
bind,1
liberty,1
shock,1
magarshack,1
keeping,1
shifting,1
dropped,1
sharply,1
passions,1
umberto,1
flamingo,1
ed,1
repercussions,1
wright,1
deliver,1
performers,1
al,1
middleor,1
reprint,1
nineteenthcentury,1
frightened,1
thorn,1
department,1
touching,1
noted,1
rome,1
penalties,1
innate,1
gentlemen,1
rise,1
apparitions,1
revenge,1
worldviews,1
journalist,1
riesman,1
jon,1
double,1
rings,1
idealizations,1
organizations,1
fire,1
support,1
cartoonists,1
boulanger,1
subplot,1
subjected,1
commodification,1
inventive,1
disappointing,1
request,1
mediation,1
fell,1
accompanies,1
mark,1
marty,1
again,1
spend,1
academy,1
cable,1
patriotic,1
moskowitz,1
projects,1
financial,1
missing,1
release,1
emotions,1
herbert,1
generational,1
cultivated,1
jjdowd,1
soffel,1
unparalleled,1
breakfast,1
subgenre,1
occurrence,1
occupations,1
indies,1
minnesota,1
totals,1
vigorous,1
appeared,1
documents,1
match,1
vision,1
abstract,1
tally,1
attempting,1
teachers,1
inevitably,1
educated,1
angry,1
diverse,1
proceeds,1
indemnity,1
somewhere,1
preferring,1
personality,1
retransmitting,1
mall,1
goodwill,1
arthur,1
claimed,1
golden,1
minimize,1
fashion,1
pairing,1
reisman,1
serious,1
anne,1
simple,1
angels,1
terry,1
afraid,1
maker,1
lone,1
devil,1
psychologists,1
enough,1
disapprobation,1
racist,1
remade,1
likelihood,1
v,1
valorizes,1
journalists,1
subside,1
murphy,1
whereupon,1
manner,1
sold,1
honeymoon,1
purposes,1
dorothy,1
establish,1
non,1
disabled,1
glimpsing,1
underscores,1
flesh,1
foot,1
filmmaker,1
imaginary,1
til,1
ahead,1
fabricated,1
wartime,1
appropriating,1
snickers,1
simile,1
showing,1
subinstitutional,1
perhaps,1
metropolitan,1
socialization,1
conquer,1
wellborn,1
routledge,1
widespread,1
booksellers,1
disconnections,1
counterpart,1
sizzles,1
explicitly,1
garret,1
tattoo,1
nicole,1
degree,1
filmgoers,1
remove,1
argues,1
local,1
instructional,1
outrage,1
credit,1
analyzed,1
pastiche,1
bond,1
conform,1
meaningful,1
kathleen,1
mix,1
discussion,1
dissimilar,1
negated,1
father,1
coherent,1
abide,1
notting,1
considering,1
effectiveness,1
chuckle,1
restrictions,1
treated,1
failings,1
completed,1
lewinsky,1
upon,1
bear,1
potemkin,1
active,1
heroine,1
insist,1
parents,1
fictional,1
conceivable,1
distinctly,1
enormous,1
fetch,1
capturing,1
sixth,1
inexorably,1
billy,1
strongest,1
method,1
showgirl,1
adventuresome,1
birds,1
medium,1
identity,1
wonder,1
persists,1
honorable,1
overwhelmingly,1
affection,1
angle,1
sturdy,1
station,1
ninotchka,1
emphasize,1
refers,1
factor,1
prostitute,1
obsessed,1
sequence,1
ideas,1
extraordinarily,1
pleasure,1
evolution,1
freedom,1
individuals,1
stay,1
fantastic,1
sees,1
niche,1
galvanized,1
unsuited,1
sherlock,1
shelter,1
underwent,1
low,1
significance,1
crises,1
clear,1
allimportant,1
loosely,1
cinderella,1
tango,1
historic,1
archaeological,1
clouds,1
peripheral,1
language,1
profession,1
aaron,1
agreement,1
points,1
sustain,1
logic,1
rains,1
contend,1
travels,1
issn,1
anachronistic,1
characterized,1
revised,1
disclaimers,1
foreclosing,1
belongs,1
japanese,1
fidelity,1
summer,1
heartbreak,1
attribution,1
features,1
seduced,1
discernible,1
collected,1
serves,1
easter,1
filled,1
practiced,1
probable,1
illicit,1
ritter,1
epoch,1
losing,1
standard,1
claim,1
expressing,1
extinguished,1
martin,1
construct,1
imagination,1
exchange,1
strongly,1
special,1
facing,1
reshape,1
silly,1
enacted,1
misunderstandings,1
imaginative,1
employees,1
eyes,1
catherine,1
easy,1
parade,1
arise,1
generic,1
correct,1
sight,1
trouble,1
singlehandedly,1
incompatible,1
maude,1
categorize,1
talcott,1
dumping,1
decisively,1
probably,1
anthony,1
field,1
equivalent,1
copyright,1
carriage,1
wonderland,1
figures,1
sales,1
sine,1
celebrity,1
attend,1
insignificant,1
jerry,1
conveyed,1
caution,1
strachey,1
productive,1
laura,1
achieve,1
normal,1
muchadmired,1
conjoin,1
entanglement,1
unrelated,1
relics,1
convincingly,1
clans,1
isn,1
rationalizing,1
species,1
justice,1
cineaste,1
reluctant,1
decision,1
china,1
unfolded,1
swidler,1
consequences,1
fails,1
homosexuals,1
european,1
rachel,1
suggest,1
departs,1
individualism,1
alpha,1
yields,1
fifty,1
speculate,1
depressed,1
penguin,1
solidly,1
inflection,1
circle,1
adultery,1
chances,1
else,1
wisdom,1
removing,1
stars,1
independent,1
regular,1
george,1
quotidian,1
clinton,1
segments,1
kenneth,1
centrality,1
fools,1
befalls,1
husband,1
impressive,1
practical,1
practitioners,1
maps,1
selections,1
prose,1
program,1
fully,1
fear,1
hill,1
spouse,1
employment,1
grim,1
andcriticism,1
wyler,1
pastime,1
lines,1
attitude,1
insufficient,1
shrew,1
primarily,1
statutes,1
referred,1
lost,1
detailed,1
yale,1
bears,1
anachronism,1
sign,1
polls,1
render,1
philosophy,1
requests,1
recognize,1
crushing,1
try,1
acquaintances,1
herrie,1
valentine,1
displaying,1
amusement,1
idyll,1
strive,1
escape,1
satisfaction,1
expectations,1
hi,1
infidelity,1
impeded,1
sage,1
confronts,1
composed,1
education,1
subdivided,1
simulated,1
saturated,1
deconstructing,1
starred,1
wants,1
articles,1
mirror,1
unusual,1
princes,1
grounded,1
unacceptable,1
finessed,1
grumpier,1
matters,1
claims,1
soulmate,1
fertility,1
jesson,1
valorizing,1
undertook,1
wartenburg,1
punished,1
exercised,1
sexes,1
specification,1
judgments,1
girls,1
aspiring,1
material,1
conviction,1
angst,1
impulse,1
firsthand,1
comes,1
series,1
principals,1
mentioned,1
biography,1
minneapolis,1
athens,1
demonstrate,1
boundless,1
constituted,1
duress,1
cognizant,1
weighty,1
potter,1
implied,1
dubious,1
evolve,1
favors,1
reenergized,1
heartbreaking,1
recapitulating,1
lightweight,1
glimpse,1
temple,1
june,1
squadron,1
offers,1
dreamily,1
turns,1
brazilian,1
agony,1
equation,1
repository,1
cover,1
cliffs,1
defining,1
dimension,1
teenaged,1
uncommonly,1
continental,1
identified,1
spends,1
dare,1
deconstructed,1
cineplex,1
hamilton,1
tristram,1
agentic,1
steven,1
expanding,1
ratio,1
inclined,1
global,1
prolific,1
confident,1
accustomed,1
gone,1
straightforward,1
hugo,1
wiebel,1
appendix,1
clan,1
bit,1
nights,1
fiances,1
scenario,1
domestic,1
vicious,1
speech,1
erotica,1
provoke,1
nadia,1
foundation,1
harvest,1
ideological,1
contradictory,1
edicts,1
wilkinson,1
rely,1
twelfth,1
goods,1
indispensable,1
longstanding,1
separating,1
inauthentic,1
associations,1
identities,1
eponymous,1
prospects,1
roustabout,1
masterpiece,1
rural,1
passage,1
ethos,1
intrepid,1
advances,1
person,1
redefined,1
growing,1
vonnegut,1
overhears,1
economistic,1
born,1
game,1
sectors,1
anymore,1
award,1
month,1
poses,1
implicit,1
terms,1
handful,1
list,1
namely,1
grosbard,1
accounts,1
apace,1
supports,1
sociology,1
imposed,1
thirty,1
wedding,1
eroticism,1
passed,1
mere,1
writes,1
grief,1
angela,1
transaction,1
sleeping,1
engagements,1
yorker,1
vehicle,1
floats,1
require,1
divide,1
rewrite,1
annual,1
pitted,1
produce,1
producers,1
property,1
ritual,1
apartment,1
virginia,1
upper,1
contain,1
feminized,1
universe,1
size,1
qua,1
unreasonable,1
conveniently,1
boston,1
monitored,1
sunrise,1
empirically,1
exhusband,1
severely,1
vronsky,1
paradise,1
code,1
recognition,1
disparate,1
reported,1
conclude,1
daughters,1
resignation,1
corrosion,1
alyssa,1
nadir,1
strangers,1
musician,1
milan,1
perpetuates,1
november,1
semiautobiographical,1
waning,1
buy,1
bourgeois,1
elizabethan,1
intended,1
generalizable,1
lies,1
step,1
cash,1
ignorant,1
went,1
happens,1
acute,1
confronted,1
target,1
programs,1
necessitate,1
oz,1
splendored,1
superior,1
conversely,1
arlie,1
memories,1
dorsal,1
maintained,1
associating,1
writing,1
gain,1
oeuvre,1
varied,1
friday,1
internalized,1
amiably,1
nominated,1
eric,1
buying,1
charlie,1
comparable,1
intent,1
endearments,1
dandridge,1
laments,1
shadowlands,1
ulrich,1
confection,1
multiethnic,1
unable,1
friendships,1
editor,1
manageable,1
knopf,1
resist,1
disarray,1
francesca,1
similarity,1
intern,1
knights,1
desirable,1
national,1
jew,1
precise,1
clifton,1
accept,1
inured,1
contributed,1
consumers,1
grown,1
judges,1
land,1
d,1
mandates,1
dinner,1
specialists,1
green,1
provided,1
unified,1
writer,1
impervious,1
cherish,1
values,1
sports,1
effects,1
piece,1
bodyguard,1
off,1
michel,1
separates,1
implacable,1
repeat,1
comical,1
passive,1
backers,1
magical,1
surge,1
mastery,1
ruth,1
videocassettes,1
respective,1
ensconced,1
vi,1
offered,1
news,1
removed,1
brilliantly,1
qualifying,1
hades,1
albanian,1
encouraging,1
bi,1
draft,1
capra,1
transgress,1
hills,1
needle,1
succeeded,1
jokes,1
yesterday,1
agrees,1
sharing,1
estimable,1
texts,1
fling,1
substantial,1
exclusively,1
interaction,1
routinization,1
winston,1
gulf,1
eldest,1
glance,1
seek,1
technological,1
ends,1
panic,1
north,1
hasn,1
nun,1
cross,1
ga,1
christina,1
asked,1
doing,1
thought,1
kisses,1
jealous,1
customs,1
occur,1
bigotry,1
grants,1
hypothesis,1
