WORDCOUNTS,WEIGHT
the,248
of,165
and,112
in,87
to,70
is,61
usk,60
a,55
that,52
love,48
i,46
pearl,43
as,39
his,38
by,32
it,27
this,27
s,26
for,25
with,25
margarite,20
was,19
her,18
testament,17
lady,17
which,16
we,15
he,15
allegory,14
ii,14
has,14
had,14
so,14
iii,14
manna,12
but,12
also,12
both,12
symbol,12
from,11
on,11
see,10
through,10
be,10
per,9
man,9
were,9
an,9
have,9
at,8
great,8
spiritual,8
pp,8
ed,8
woman,8
three,8
she,8
physical,8
when,8
bodily,7
or,7
p,7
good,7
al,7
only,7
other,7
thomas,7
must,7
between,7
grace,7
one,6
into,6
book,6
jewel,6
heaven,6
how,6
precious,6
w,6
two,6
english,5
all,5
ben,5
est,5
matthew,5
de,5
ut,5
price,5
chaucer,5
their,5
margaritas,5
allegorical,5
my,5
however,5
kynde,5
margarita,5
more,5
xii,5
like,5
can,5
me,5
who,5
wel,5
boethius,5
ever,5
our,5
philosophy,5
much,5
e,4
skeat,4
every,4
nature,4
there,4
perle,4
sought,4
dew,4
body,4
mistress,4
may,4
reson,4
ix,4
most,4
found,4
hath,4
whiche,4
its,4
healing,4
therefore,4
service,4
oxford,4
yet,4
god,4
mediaeval,4
these,4
again,4
et,4
maurus,4
made,4
never,4
christian,4
note,4
lines,4
not,4
then,4
just,4
rabanus,4
c,4
virtue,4
els,4
clere,3
church,3
spirit,3
source,3
vols,3
limmes,3
tradition,3
sacred,3
coeleste,3
iv,3
x,3
thus,3
sacramenta,3
since,3
g,3
author,3
answeringe,3
alliterative,3
heavenly,3
yeveth,3
well,3
herte,3
oon,3
spiritualia,3
wil,3
holy,3
st,3
shappe,3
gemme,3
lyf,3
represents,3
profane,3
christ,3
shulde,3
nothing,3
vii,3
virtues,3
him,3
soule,3
seeking,3
been,3
pe,3
life,3
worlds,3
candida,3
about,3
symbolic,3
here,3
are,3
ff,3
schofield,3
passage,3
works,3
living,3
merchant,3
col,3
attributes,3
pearls,3
vertue,3
should,3
vertuous,3
founde,2
final,2
now,2
bycause,2
common,2
if,2
desyre,2
they,2
complex,2
whan,2
formed,2
earthly,2
thinges,2
v,2
charity,2
leads,2
being,2
first,2
deedly,2
j,2
evangelio,2
together,2
felicite,2
narrative,2
xiii,2
take,2
kingdom,2
those,2
context,2
univ,2
ad,2
mortal,2
summum,2
womanly,2
significance,2
powers,2
wayes,2
point,2
except,2
lapidum,2
still,2
mundane,2
enter,2
himself,2
shal,2
inner,2
honest,2
cf,2
jr,2
mundi,2
thing,2
gemma,2
marvelous,2
even,2
than,2
simultaneously,2
erotic,2
no,2
dilemma,2
duodecim,2
thou,2
earlier,2
revelation,2
means,2
soul,2
elements,2
mary,2
thee,2
jacobus,2
pious,2
m,2
boethian,2
closely,2
called,2
pretiosa,2
lapidaries,2
shall,2
appears,2
xvii,2
apocalypsi,2
oysters,2
dullness,2
parable,2
having,2
nourishment,2
coelesti,2
stering,2
naturalis,2
pliny,2
london,2
calls,2
symbolism,2
work,2
useful,2
charite,2
name,2
bonum,2
world,2
beauty,2
gordon,2
garrett,2
litel,2
eternal,2
f,2
untractable,2
says,2
contra,2
once,2
interpretation,2
reference,2
makes,2
soon,2
workinge,2
reconciliation,2
autem,2
complete,2
same,2
passions,2
scriptures,2
cum,2
goodness,2
lewis,2
suit,2
stated,2
many,2
stoon,2
valid,2
mln,2
viii,2
virtuosa,2
children,2
manifested,2
men,2
readers,2
paris,2
lerning,2
flesh,2
marbode,2
alle,2
explicitly,2
thilke,2
deceat,2
another,2
autobiography,2
thirde,2
eucharist,2
john,2
israel,2
gower,2
greet,2
attributed,2
expression,2
sold,2
quod,2
biblical,2
margaret,2
moral,2
isidore,2
points,2
would,2
period,2
worldly,2
liber,2
satisfy,2
insists,2
xvi,2
spirituel,2
attention,2
wisdom,2
fuit,2
whyt,2
translation,2
homines,2
parva,2
why,2
pmla,2
poets,2
pl,2
voragine,2
university,2
continues,2
text,2
dualism,2
hem,2
dicitur,2
worth,2
save,2
best,2
togider,2
clearly,2
obviously,2
very,2
beginning,2
id,2
what,2
references,2
quae,2
hujus,2
statement,2
desiderium,2
problem,2
knot,2
speces,2
intended,2
mete,2
laments,2
brenne,2
ye,2
need,2
evidence,2
states,2
bliss,2
passages,2
margareta,2
henry,2
betokeneth,2
among,2
prison,2
nicholas,1
miraculous,1
ending,1
yeve,1
engendrure,1
done,1
owes,1
certo,1
committatis,1
legoriw,1
way,1
herself,1
concerned,1
twey,1
meaning,1
speculum,1
liii,1
compensate,1
separated,1
truth,1
perfection,1
mennes,1
determine,1
frenetically,1
beauvais,1
alone,1
ultimate,1
considerably,1
introduction,1
gem,1
hertes,1
evans,1
quem,1
ladde,1
wo,1
knotte,1
highlights,1
ample,1
use,1
properly,1
prime,1
stone,1
reme,1
cxii,1
pryme,1
live,1
library,1
nedeful,1
fletcher,1
persones,1
easily,1
studies,1
spiritus,1
cryptic,1
modern,1
britayne,1
title,1
pasture,1
proces,1
exceptions,1
desiderio,1
connotations,1
cuius,1
properties,1
turning,1
experience,1
nicolai,1
twynne,1
said,1
eets,1
fabric,1
t,1
vestes,1
sources,1
specifically,1
whom,1
quoting,1
give,1
ears,1
assist,1
progression,1
central,1
xxi,1
action,1
naught,1
words,1
equivocation,1
incorporating,1
knowing,1
broadly,1
lessen,1
serjeantson,1
reversible,1
desire,1
babylon,1
virginity,1
imaginary,1
deigns,1
senses,1
glossa,1
venus,1
scheme,1
concludes,1
explicates,1
court,1
resulting,1
migne,1
nevertheless,1
unto,1
efficiently,1
folowed,1
introduces,1
xx,1
embrace,1
faithful,1
sqbfmt,1
shepherde,1
duality,1
edd,1
political,1
embody,1
tolden,1
fynenesse,1
gems,1
solved,1
ambiguous,1
replies,1
flesshe,1
allegories,1
heuenesse,1
seminar,1
delights,1
takes,1
refute,1
ascribed,1
significantur,1
plaint,1
mediwval,1
toto,1
thrist,1
task,1
mass,1
right,1
account,1
vol,1
margaryte,1
some,1
logical,1
etymologiarum,1
doinge,1
oneness,1
obvious,1
joyned,1
erred,1
blisse,1
promises,1
coveyte,1
sithen,1
identifies,1
bibliotheca,1
letter,1
moralizing,1
lyke,1
crystallized,1
facets,1
laudatur,1
muskel,1
realized,1
exist,1
human,1
beseeches,1
therein,1
lover,1
queynt,1
component,1
terrenae,1
whore,1
professor,1
illustrates,1
leches,1
sacram,1
prague,1
corner,1
divine,1
interest,1
ease,1
passionem,1
besy,1
mittatis,1
seke,1
fuerunt,1
topic,1
assured,1
affairs,1
joueler,1
parallelism,1
distinct,1
lyrani,1
nor,1
flourishing,1
underlying,1
rounde,1
turbid,1
ante,1
causing,1
justi,1
foryet,1
traveyle,1
poem,1
minus,1
dewdrops,1
drives,1
despair,1
devynly,1
publications,1
designating,1
deliciae,1
rained,1
vincent,1
thorow,1
delicie,1
pilgrim,1
beckmann,1
poured,1
sanguinis,1
jail,1
terrenis,1
though,1
hys,1
cleped,1
virtuous,1
cites,1
perfect,1
phases,1
operation,1
evinced,1
colour,1
sorow,1
without,1
lxv,1
exact,1
l,1
traffic,1
ways,1
main,1
significances,1
joan,1
basic,1
en,1
ilke,1
analogously,1
levels,1
mente,1
lasting,1
una,1
represented,1
beata,1
goes,1
resonable,1
abstraction,1
determining,1
instanced,1
pointedly,1
strands,1
b,1
certain,1
direct,1
parts,1
doubted,1
assuming,1
special,1
possess,1
k,1
danger,1
debat,1
slepe,1
summarized,1
moreover,1
goodnesse,1
guides,1
pleasures,1
ij,1
understand,1
fervently,1
escape,1
margaritis,1
acquisition,1
swete,1
mission,1
preclude,1
dichotomy,1
objects,1
maners,1
physically,1
familiar,1
foul,1
mane,1
metaphysics,1
quoted,1
edition,1
contemporaries,1
likened,1
fore,1
xi,1
brenning,1
commonly,1
forsoth,1
operate,1
aditum,1
engendred,1
defines,1
keping,1
ful,1
unhindered,1
thinke,1
asks,1
permanent,1
explain,1
legenda,1
hit,1
care,1
faced,1
humility,1
praye,1
view,1
ornaments,1
paragraph,1
qualities,1
whereas,1
ordinarily,1
expressed,1
professedly,1
geoffrey,1
arrival,1
encyclopedic,1
figurata,1
portae,1
arn,1
crist,1
joy,1
painstaking,1
allegorically,1
out,1
stanche,1
demands,1
allegorized,1
humilitatem,1
osgood,1
feling,1
synthesize,1
sene,1
aurea,1
redy,1
gottingen,1
outargues,1
bloode,1
corinthians,1
helthe,1
war,1
jmembers,1
flessh,1
pursued,1
trewe,1
symbols,1
criterion,1
placed,1
fashionable,1
your,1
lyons,1
guidance,1
clerkes,1
renome,1
lament,1
deserte,1
biblia,1
wants,1
hevenly,1
criteria,1
because,1
sperkelande,1
failure,1
xix,1
directly,1
virginitatem,1
r,1
literature,1
island,1
lyra,1
concepto,1
fisshes,1
repetition,1
heart,1
reader,1
debatable,1
adroit,1
purpose,1
explains,1
example,1
esp,1
margaritee,1
interna,1
caught,1
ten,1
knittinges,1
literally,1
paraphrases,1
assayes,1
actually,1
thereafter,1
intencion,1
busshes,1
tempore,1
dewe,1
rene,1
clene,1
surrounding,1
employed,1
realms,1
xviii,1
appetites,1
interpreted,1
strengthened,1
lapidis,1
effusionem,1
own,1
otherworldly,1
studye,1
manipulation,1
annotated,1
sic,1
scripturam,1
quam,1
governs,1
running,1
blype,1
sense,1
nitet,1
inhered,1
tretys,1
things,1
wished,1
simpler,1
propounding,1
debts,1
contrast,1
contrarious,1
hestes,1
emphasizes,1
sixty,1
quite,1
anni,1
prologue,1
specified,1
sufficient,1
few,1
apostolorum,1
concerns,1
transfer,1
comfort,1
observe,1
saeculi,1
altred,1
codes,1
potent,1
impossible,1
cordis,1
finde,1
generally,1
richness,1
habent,1
gignitur,1
achieves,1
worching,1
value,1
sacra,1
physieal,1
am,1
signifyed,1
apparent,1
survived,1
allegori,1
moor,1
ornatum,1
noteworthy,1
glittering,1
binds,1
various,1
noble,1
deliciis,1
amatory,1
douai,1
concede,1
interweaves,1
predestination,1
hye,1
blessed,1
bothe,1
scriptural,1
talks,1
iiistoria,1
repentant,1
gef,1
wantinge,1
brings,1
object,1
community,1
diseses,1
above,1
conceives,1
shippe,1
eucharistic,1
make,1
landed,1
ornata,1
gladnesse,1
esse,1
sinful,1
sayde,1
thronging,1
innovation,1
corruptness,1
corpus,1
sister,1
solde,1
rs,1
leve,1
folde,1
bewails,1
devotion,1
mysteria,1
seeing,1
under,1
fayleth,1
fidem,1
historia,1
ne,1
us,1
wellek,1
tyed,1
luke,1
margarit,1
assistance,1
heninger,1
purity,1
um,1
mowe,1
spirites,1
lxxviii,1
excellence,1
exodus,1
quotations,1
noted,1
commune,1
hauriunt,1
corporeal,1
intrigues,1
seville,1
fleshly,1
law,1
power,1
fell,1
toward,1
academy,1
drink,1
backed,1
motifs,1
sheweth,1
addition,1
ronne,1
imbue,1
shows,1
scholars,1
lives,1
walowe,1
knowe,1
instability,1
utilizing,1
agree,1
ought,1
lindsay,1
bitternesse,1
transcendental,1
striving,1
lovesickness,1
naturale,1
maked,1
classical,1
cure,1
bethought,1
universo,1
contemporary,1
psalmis,1
resolved,1
considerable,1
triumphed,1
beliefs,1
expound,1
do,1
learn,1
shipwreck,1
derivative,1
jegp,1
moche,1
validity,1
accepted,1
non,1
orthodoxy,1
relevant,1
verbatim,1
forth,1
carnal,1
hillmann,1
belief,1
books,1
porcos,1
myn,1
gives,1
reflected,1
morowe,1
unconning,1
ibid,1
lydgate,1
years,1
original,1
liven,1
parfitly,1
liv,1
understanding,1
vestras,1
discussion,1
astray,1
robertson,1
intent,1
explanation,1
hast,1
ayenbringe,1
strongly,1
orig,1
wiste,1
sightful,1
pointes,1
clepen,1
sleeth,1
profitable,1
fed,1
affection,1
worldes,1
wottest,1
renne,1
dress,1
causes,1
ideas,1
pleasure,1
assign,1
regnum,1
sees,1
described,1
margarytes,1
xv,1
craving,1
frustrated,1
studie,1
admission,1
postiula,1
eve,1
nombre,1
orthodoxly,1
gates,1
reconstructed,1
serves,1
obtained,1
profitably,1
loeb,1
after,1
equivocally,1
provides,1
latter,1
faith,1
especially,1
trying,1
prescribes,1
lyking,1
terrente,1
assures,1
relation,1
sight,1
sensible,1
lyfelich,1
mainly,1
eucharistia,1
accordingly,1
seattle,1
enjoyed,1
enemies,1
concepts,1
story,1
begs,1
versus,1
hewe,1
accord,1
thurste,1
mens,1
ago,1
embodied,1
mortality,1
convincingly,1
miraculorum,1
eternalness,1
perils,1
dealing,1
wildernesse,1
carried,1
mlr,1
incongruous,1
reproaches,1
accepting,1
flock,1
lo,1
assigned,1
aid,1
dignite,1
shel,1
meets,1
interpenetrable,1
provide,1
recall,1
popularity,1
stream,1
kinde,1
domains,1
bye,1
fader,1
vision,1
prose,1
begin,1
hert,1
duike,1
manly,1
auegory,1
success,1
concluding,1
privy,1
detailed,1
nihilo,1
goodly,1
lapidary,1
deals,1
vocatur,1
discourse,1
length,1
suche,1
rore,1
worldliness,1
achieve,1
yearnings,1
clerely,1
cxi,1
composed,1
exists,1
remains,1
ayenst,1
cols,1
cam,1
xxix,1
sluggish,1
echoes,1
acquired,1
thinking,1
ned,1
following,1
xxiv,1
comes,1
complexity,1
founded,1
norisshed,1
vertues,1
theme,1
implied,1
claims,1
patently,1
athena,1
richesse,1
blewe,1
moste,1
equation,1
aurum,1
corporeality,1
quadam,1
natural,1
over,1
immundis,1
each,1
illuminate,1
readily,1
sheep,1
gone,1
down,1
fallacia,1
laced,1
thy,1
bratislava,1
goods,1
embodiment,1
wot,1
yearning,1
february,1
better,1
person,1
drawe,1
william,1
purchase,1
mulier,1
notable,1
march,1
them,1
whether,1
terms,1
reconcile,1
ones,1
cause,1
particular,1
pertinent,1
add,1
virtuosity,1
loved,1
forma,1
dere,1
isti,1
indifference,1
agreed,1
suggests,1
ordinaria,1
fayre,1
fetures,1
acording,1
tempest,1
felt,1
lurks,1
bodies,1
boston,1
bought,1
amans,1
code,1
recognition,1
pain,1
flode,1
glosses,1
sacraments,1
prevalent,1
intricacy,1
operationem,1
press,1
coulton,1
went,1
conventional,1
substance,1
obtain,1
shiver,1
sancti,1
divided,1
partake,1
bradley,1
gloss,1
graesse,1
representation,1
writing,1
gain,1
aspect,1
ambiguously,1
analogy,1
question,1
shown,1
until,1
profiteth,1
argument,1
argues,1
reveals,1
numerous,1
defence,1
opens,1
washington,1
mode,1
wolde,1
homiletic,1
loke,1
parallels,1
course,1
sondrye,1
although,1
cochleae,1
inventa,1
d,1
willing,1
pandarus,1
desirableness,1
obscurity,1
sorie,1
symbolizes,1
cressida,1
panes,1
shells,1
presenting,1
beestes,1
recalling,1
shewed,1
christi,1
desert,1
enclosed,1
comparison,1
needs,1
vi,1
observation,1
specific,1
charles,1
ser,1
acordaunt,1
erat,1
lx,1
scholarship,1
vary,1
stemming,1
obligation,1
th,1
disporte,1
virtus,1
drenche,1
pat,1
immediately,1
confortationem,1
strong,1
ends,1
celestial,1
recent,1
observed,1
indistinguishable,1
blisful,1
asked,1
staunching,1
troilus,1
major,1
ende,1
