WORDCOUNTS,WEIGHT
the,239
to,191
of,166
and,125
is,110
in,96
a,90
that,80
we,74
as,65
it,50
with,45
our,44
be,43
are,41
not,35
for,35
love,34
nhat,34
hanh,34
can,33
or,30
concepts,26
s,25
by,23
words,23
this,23
you,23
an,22
on,22
become,22
from,21
if,20
us,20
buddhist,20
what,19
reality,19
how,18
i,17
within,17
rather,16
notions,16
being,15
such,15
have,15
language,15
when,15
experience,14
more,14
here,14
p,14
delpit,14
thich,14
than,14
others,13
all,13
which,13
at,12
liberation,12
beyond,12
new,12
writes,12
knowledge,12
even,12
way,11
they,11
about,11
but,11
buddha,11
there,11
do,11
epistemologies,11
understanding,11
point,11
one,11
buddhism,11
zen,11
will,10
no,10
indeed,10
something,10
cure,10
see,10
epistemology,10
world,10
huebner,9
t,9
my,9
living,9
has,9
connected,8
education,8
means,8
thought,8
other,8
teachers,8
very,8
another,8
learning,8
like,8
he,7
who,7
suffering,7
only,7
gore,7
learn,7
them,7
your,7
universe,7
own,7
york,6
without,6
his,6
notion,6
direct,6
life,6
once,6
cannot,6
ways,6
then,6
any,6
thinking,6
simply,6
know,6
hear,6
form,6
however,6
her,6
work,6
press,6
teachings,6
ideas,6
media,6
sense,6
so,6
educational,6
teach,6
through,6
moreness,6
final,5
difficult,5
does,5
she,5
go,5
truth,5
becomes,5
e,5
talk,5
use,5
kill,5
itself,5
university,5
sedgwick,5
just,5
spirit,5
too,5
also,5
cultivating,5
many,5
registration,5
chapters,5
found,5
time,5
children,5
mind,5
feminist,5
teacher,5
don,5
must,5
used,5
instead,5
around,5
dharma,5
may,4
been,4
basic,4
begin,4
liberating,4
killing,4
their,4
lisa,4
yet,4
pp,4
was,4
critical,4
into,4
poison,4
sangha,4
practice,4
teaching,4
these,4
journeys,4
first,4
book,4
power,4
academy,4
attempt,4
over,4
ourselves,4
j,4
idea,4
knowing,4
sort,4
cling,4
where,4
play,4
addicted,4
while,4
well,4
suggests,4
true,4
claim,4
peace,4
say,4
conceptual,4
part,4
lies,4
human,4
think,4
nothing,4
advance,4
essay,4
good,4
current,4
article,4
postmodern,4
now,3
aid,3
me,3
note,3
placement,3
short,3
community,3
fixated,3
lives,3
similar,3
terms,3
yourself,3
tend,3
word,3
live,3
understand,3
worlds,3
grasping,3
fixed,3
certain,3
culture,3
insights,3
most,3
two,3
pace,3
observation,3
text,3
m,3
toward,3
again,3
juice,3
longer,3
particularly,3
out,3
larger,3
deal,3
tells,3
take,3
struggle,3
great,3
term,3
infatuated,3
state,3
further,3
addicting,3
present,3
cultural,3
letting,3
heads,3
pedagogies,3
pedagogical,3
context,3
receptive,3
whether,3
books,3
money,3
listen,3
free,3
directly,3
because,3
apple,3
skillfully,3
having,3
job,3
some,3
service,3
concern,3
freedom,3
academics,3
people,3
writing,3
net,3
gain,3
lifestyle,3
come,3
review,3
intent,3
touch,3
against,3
foucault,3
notice,3
points,3
moment,3
helpful,3
need,3
meeting,3
order,3
progressive,3
speak,3
forms,3
between,3
always,3
views,3
look,3
much,3
among,3
ca,3
am,3
close,3
educator,2
relationship,2
added,2
stanford,2
interdependent,2
various,2
buddhists,2
faith,2
adopt,2
academic,2
ideology,2
bound,2
purposes,2
parallax,2
myself,2
gaining,2
still,2
began,2
after,2
meaning,2
connect,2
likewise,2
paradoxically,2
movement,2
poetic,2
often,2
hope,2
remind,2
respect,2
promise,2
serve,2
researcher,2
self,2
under,2
issue,2
frameworks,2
possibly,2
school,2
virtually,2
share,2
instance,2
comes,2
dominate,2
fashionable,2
academia,2
consider,2
ever,2
accumulation,2
known,2
vietnam,2
spiritual,2
falling,2
namely,2
comfortable,2
native,2
finger,2
law,2
explain,2
important,2
berkeley,2
make,2
available,2
conceived,2
brannon,2
krishnamurti,2
intellectual,2
control,2
each,2
opening,2
cultures,2
different,2
december,2
believe,2
capital,2
sent,2
moon,2
desire,2
presence,2
right,2
blind,2
oneself,2
impossible,2
fallen,2
contemporary,2
soon,2
help,2
instruct,2
struggles,2
consciousness,2
merely,2
evoke,2
everyday,2
political,2
monk,2
annual,2
spirituality,2
system,2
degree,2
want,2
cover,2
move,2
protective,2
absolute,2
capitalist,2
central,2
hudak,2
ladder,2
getting,2
america,2
realize,2
march,2
stance,2
both,2
turf,2
image,2
possible,2
implies,2
future,2
raft,2
listening,2
received,2
magazine,2
pathology,2
onto,2
including,2
discusses,2
example,2
laws,2
looking,2
curriculum,2
related,2
knoblauch,2
role,2
end,2
its,2
disconnected,2
experiencing,2
drug,2
caught,2
intended,2
whole,2
programs,2
during,2
place,2
alternating,2
refers,2
issues,2
using,2
exist,2
faculty,2
crossing,2
were,2
students,2
distinguish,2
years,2
horizon,2
christ,2
write,2
earth,2
mode,2
eve,2
pedagogy,2
include,2
someone,2
derrida,2
tricky,2
italics,2
realization,2
him,2
talked,2
things,2
lie,2
dana,2
thing,2
transcends,2
nor,2
relations,2
person,2
never,2
perspective,2
especially,2
specific,2
waiting,2
literacy,2
alaskans,2
glenn,2
research,2
themselves,2
marxist,2
contact,2
create,2
uncertainty,2
signifiers,2
l,2
obscure,2
office,2
dependent,2
constructs,2
amplifies,2
deeply,2
recent,2
educators,2
ego,2
employer,2
mean,2
master,2
perception,2
row,2
aera,2
society,2
grasp,2
addiction,1
conceal,1
unexpected,1
precepts,1
pericope,1
pay,1
lawwhen,1
talks,1
contain,1
superiority,1
china,1
interesting,1
simultaneously,1
possessed,1
tasted,1
belabor,1
currently,1
likely,1
urged,1
americans,1
situate,1
nonattachment,1
repressive,1
page,1
stronger,1
lovers,1
blur,1
import,1
flying,1
positions,1
matter,1
antilanguage,1
meditate,1
mysterious,1
act,1
concerned,1
aim,1
bring,1
promises,1
chance,1
identified,1
usually,1
nobel,1
vignettes,1
main,1
rule,1
prize,1
turns,1
labeled,1
coming,1
support,1
description,1
mitigates,1
consume,1
double,1
lines,1
tibetans,1
dimension,1
send,1
increasingly,1
struggled,1
cifically,1
arrive,1
doctrine,1
secure,1
locking,1
independence,1
get,1
success,1
april,1
conceptions,1
active,1
kundun,1
transformed,1
ultimate,1
push,1
above,1
heartfelt,1
tools,1
c,1
appear,1
force,1
presently,1
heard,1
appears,1
beat,1
suburban,1
initially,1
constituted,1
becoming,1
try,1
expert,1
shopping,1
american,1
strange,1
expectation,1
negate,1
touched,1
hold,1
represents,1
makes,1
witness,1
chi,1
intend,1
possess,1
inspired,1
possessive,1
expectations,1
analysis,1
mention,1
fall,1
guide,1
feel,1
alleviating,1
contributing,1
reinforce,1
space,1
oxford,1
authority,1
provides,1
precious,1
supposed,1
answer,1
h,1
applicants,1
fax,1
lose,1
exists,1
completely,1
intellect,1
solutions,1
served,1
leaky,1
utterly,1
commendable,1
read,1
encountering,1
endless,1
older,1
numbers,1
chant,1
sociolinguistic,1
details,1
hegemonic,1
rain,1
affect,1
eviews,1
sounds,1
attachment,1
discussions,1
wanted,1
duke,1
thinly,1
realities,1
monolithic,1
inspiration,1
rom,1
delegation,1
penetrate,1
peers,1
addressed,1
western,1
cartesian,1
organic,1
environment,1
achieve,1
otherwise,1
pharmakon,1
disequilibrium,1
stable,1
scientists,1
suchness,1
viewpoints,1
air,1
calling,1
activity,1
chapter,1
edu,1
instructing,1
lenses,1
proliferating,1
sacrifice,1
source,1
suggest,1
argued,1
version,1
infused,1
reviewed,1
threat,1
prevent,1
dwayne,1
grand,1
illustrated,1
multicultural,1
establish,1
significant,1
slippery,1
experienced,1
potential,1
said,1
speaking,1
services,1
injustice,1
gap,1
picture,1
misery,1
unmediated,1
exchanged,1
resumes,1
intellects,1
position,1
wrong,1
humanity,1
corrector,1
dualistic,1
specifically,1
lead,1
actually,1
embrace,1
willfully,1
theorist,1
problems,1
probation,1
oppression,1
practicing,1
river,1
schooling,1
useful,1
creations,1
turn,1
questions,1
seduced,1
attacks,1
set,1
linear,1
dominant,1
plight,1
challenge,1
approximately,1
philosophy,1
sometimes,1
conditions,1
accompanies,1
coincide,1
decades,1
fragmentation,1
yours,1
death,1
view,1
generated,1
perceive,1
conflicts,1
allow,1
rational,1
puzzle,1
sure,1
illuminate,1
working,1
whereas,1
greater,1
seems,1
possesses,1
wittgenstein,1
analytical,1
wholeness,1
uses,1
efforts,1
spedecember,1
circulated,1
definition,1
worth,1
possibilities,1
park,1
d,1
reach,1
dizzy,1
connection,1
stories,1
societies,1
guarantees,1
wide,1
tradition,1
boynton,1
contextual,1
could,1
san,1
down,1
et,1
prominence,1
remedy,1
assertion,1
interconnectedness,1
train,1
together,1
deadline,1
wedded,1
argue,1
half,1
luther,1
propaganda,1
simple,1
tibet,1
essence,1
behaviors,1
reform,1
list,1
substance,1
cures,1
epistemological,1
fully,1
effort,1
disconnect,1
educated,1
manifested,1
admittedly,1
lover,1
compatible,1
able,1
metaphorical,1
idolatrous,1
circling,1
enemy,1
candidate,1
full,1
embodiment,1
room,1
everything,1
noting,1
patiently,1
jennifer,1
startling,1
away,1
portsmouth,1
captured,1
possibility,1
communicates,1
linguistic,1
integrate,1
reifying,1
salary,1
foolish,1
perish,1
merit,1
analogy,1
course,1
loved,1
weber,1
edge,1
loose,1
contradistinction,1
onks,1
stuff,1
precisely,1
paris,1
same,1
peaceful,1
knows,1
transcending,1
pointing,1
discourse,1
shall,1
prohibited,1
durham,1
discuss,1
let,1
buried,1
reading,1
committed,1
referred,1
heaven,1
silence,1
circular,1
tibetan,1
mediated,1
number,1
rethinking,1
nature,1
jobs,1
devoid,1
underscores,1
less,1
potentially,1
ones,1
meet,1
notes,1
case,1
accomplished,1
obsessive,1
younger,1
ny,1
workplaceacademia,1
eradicate,1
theorizing,1
takes,1
wondrous,1
ed,1
laden,1
norms,1
deep,1
common,1
destruction,1
xiv,1
changeless,1
dr,1
paperback,1
perform,1
isbn,1
theory,1
tie,1
materials,1
employ,1
routledge,1
albeit,1
hierarchies,1
task,1
framing,1
structure,1
reflected,1
encountered,1
chair,1
saying,1
practices,1
spirite,1
receive,1
brothers,1
undercurrent,1
forever,1
reminds,1
remained,1
subverting,1
explored,1
institutions,1
trade,1
regarding,1
gained,1
balance,1
discourses,1
observations,1
wonders,1
increases,1
emphasis,1
king,1
w,1
line,1
authentic,1
extinguish,1
cruikshank,1
xv,1
art,1
emancipated,1
africanamerican,1
composing,1
narrowminded,1
middle,1
quality,1
object,1
publish,1
objectify,1
climb,1
earn,1
sisters,1
dimly,1
alter,1
october,1
multiplex,1
label,1
completed,1
joker,1
insight,1
stuck,1
presented,1
exception,1
meanings,1
bear,1
emancipation,1
ownership,1
nh,1
fine,1
comments,1
writings,1
rapidity,1
g,1
mental,1
elaborates,1
politics,1
attached,1
delivering,1
immediatenot,1
far,1
city,1
ideologically,1
spend,1
truths,1
resources,1
addictive,1
disconnection,1
trends,1
secret,1
along,1
possession,1
publishers,1
journal,1
tendencies,1
marketplace,1
himself,1
technical,1
returning,1
pathologized,1
era,1
surprise,1
controlling,1
intentionally,1
celebrities,1
eurocentric,1
conventional,1
food,1
bible,1
realm,1
sold,1
concept,1
unfair,1
fail,1
transcendent,1
rivers,1
lesson,1
connectedness,1
behavior,1
realizing,1
assume,1
inherently,1
phenomenon,1
challenges,1
contains,1
moments,1
mahayana,1
construed,1
conflict,1
goal,1
engaged,1
vietnamese,1
injustices,1
weeks,1
nominated,1
call,1
stay,1
jacques,1
throughout,1
check,1
personal,1
proliferation,1
silent,1
arguments,1
reflect,1
theologies,1
advantages,1
clinging,1
cast,1
afresh,1
entails,1
montreal,1
described,1
youth,1
rage,1
stillness,1
locations,1
unable,1
birth,1
cycle,1
ghudak,1
difference,1
reveals,1
open,1
significance,1
discursive,1
run,1
observed,1
functions,1
initial,1
accumulate,1
pursuit,1
encounters,1
made,1
hierarchy,1
either,1
founded,1
annotated,1
express,1
guard,1
author,1
finally,1
catch,1
poetry,1
health,1
told,1
drugs,1
logic,1
change,1
prevents,1
interviews,1
consumption,1
stressed,1
tack,1
register,1
pin,1
norm,1
experts,1
cook,1
construct,1
reforms,1
times,1
harper,1
intention,1
occurs,1
derived,1
describing,1
revised,1
would,1
field,1
jr,1
enlightenment,1
function,1
procedures,1
openings,1
catching,1
glass,1
rhetoric,1
century,1
loving,1
expected,1
serves,1
static,1
france,1
doing,1
wishing,1
copies,1
obtained,1
kind,1
earlier,1
candidates,1
standard,1
healthy,1
hence,1
transcend,1
extremely,1
martin,1
street,1
francisco,1
involved,1
lin,1
brook,1
transformation,1
embedded,1
morning,1
fees,1
influence,1
soil,1
scrutiny,1
somehow,1
humanize,1
satisfy,1
trying,1
bridge,1
study,1
commonsense,1
certainty,1
riverhead,1
determination,1
listened,1
certainly,1
nc,1
complete,1
observe,1
single,1
mystery,1
narrow,1
large,1
essentially,1
stand,1
strategic,1
boundaries,1
telling,1
seeds,1
employers,1
whatsoever,1
interbeing,1
compare,1
should,1
up,1
drawn,1
puts,1
extent,1
student,1
tangles,1
purpose,1
communication,1
those,1
ingredient,1
equivalent,1
astonishing,1
aids,1
glance,1
transmuted,1
strong,1
ends,1
tendency,1
answers,1
nun,1
specialists,1
famous,1
iton,1
beings,1
cross,1
professional,1
protects,1
normalized,1
ago,1
provided,1
marx,1
generation,1
immunity,1
malls,1
awareness,1
commonplace,1
built,1
hospices,1
regressive,1
haze,1
jealous,1
actions,1
cetera,1
scholars,1
occur,1
sparks,1
painfully,1
invest,1
avoid,1
content,1
barter,1
constitution,1
cautionary,1
references,1
