WORDCOUNTS,WEIGHT
the,165
of,163
and,134
to,76
a,71
in,62
is,56
for,55
s,51
that,50
patriotism,42
as,38
it,33
its,32
gilroy,31
political,30
with,29
by,29
johnston,27
national,26
love,23
are,22
not,20
how,19
violence,19
power,17
one,15
but,15
this,15
conviviality,13
on,13
he,12
patriotic,12
these,12
racism,10
nationalism,10
forms,10
colonial,10
their,10
an,10
be,10
life,9
or,9
from,9
desire,9
p,9
contemporary,9
work,9
both,9
nation,9
postcolonial,9
britain,9
would,9
his,8
socrates,8
only,8
what,8
british,8
politics,8
who,8
thus,8
race,8
democracy,7
racial,7
they,7
yet,7
might,7
into,7
country,7
other,7
melancholy,7
help,7
violent,7
loss,7
times,7
can,7
at,6
will,6
critical,6
anker,6
does,6
omnipotence,6
nor,6
more,6
death,6
works,6
do,6
war,6
imperial,6
through,6
raced,6
argues,6
difference,6
working,6
examines,6
effects,5
truth,5
why,5
ways,5
university,5
history,5
most,5
democratic,5
social,5
also,5
action,5
new,5
past,5
empire,5
form,5
theory,5
identity,5
world,5
g,5
such,5
like,5
so,5
those,5
than,5
cultural,5
fear,4
citizens,4
american,4
about,4
practice,4
must,4
show,4
book,4
revealing,4
all,4
projects,4
present,4
particular,4
con,4
another,4
suggests,4
up,4
attachments,4
which,4
tragedy,4
ali,4
have,4
hierarchy,4
instead,4
dis,4
subjects,4
between,4
certainty,4
tragic,4
become,4
when,4
if,4
logic,4
practices,3
various,3
economic,3
racialized,3
fantasies,3
address,3
ordinary,3
rather,3
fervor,3
progressive,3
live,3
pp,3
problematic,3
many,3
neither,3
colonialism,3
was,3
seems,3
any,3
dissent,3
production,3
others,3
different,3
fact,3
melancholia,3
vision,3
differences,3
narrative,3
out,3
debates,3
products,3
racist,3
within,3
them,3
accounts,3
books,3
governance,3
public,3
peaceably,3
while,3
america,3
desires,3
account,3
demonstrated,3
bodies,3
level,3
part,3
calls,3
disavowed,3
com,3
pleasure,3
come,3
visions,3
own,3
authors,3
washington,3
primary,3
impossible,3
dark,3
even,3
virtue,3
freud,2
highlights,2
produces,2
demand,2
contestability,2
operations,2
george,2
ambivalence,2
reads,2
memorials,2
transnational,2
organizing,2
nationwide,2
becomes,2
means,2
dimensions,2
redress,2
imperialism,2
ordering,2
force,2
remaining,2
anxiety,2
certain,2
modes,2
denied,2
often,2
analysis,2
criticism,2
ing,2
addressing,2
pleasures,2
fantasy,2
refusing,2
itself,2
thought,2
immigrants,2
seem,2
fixed,2
habits,2
elisabeth,2
provides,2
under,2
resistance,2
reckon,2
no,2
already,2
otherness,2
way,2
politi,2
disciplinary,2
claims,2
disposition,2
potency,2
connection,2
paul,2
resurgence,2
films,2
toward,2
over,2
refusal,2
agonism,2
paper,2
steven,2
nationhood,2
shaped,2
disinterring,2
needs,2
trajectories,2
could,2
together,2
forces,2
arises,2
generates,2
demands,2
estrangement,2
enemy,2
inherently,2
historical,2
examining,2
just,2
persistence,2
merely,2
state,2
stand,2
clarity,2
cal,2
temporary,2
discourse,2
where,2
terms,2
art,2
perhaps,2
writes,2
counterhistory,2
multiculturalism,2
sacrifice,2
possibility,2
cloth,2
well,2
local,2
discourses,2
ideal,2
understanding,2
urban,2
shame,2
sadism,2
some,2
made,2
cultivated,2
translocal,2
springsteen,2
concept,2
resources,2
pre,2
press,2
administration,2
emphasize,2
critique,2
collective,2
people,2
central,2
freedom,2
review,2
fears,2
violences,2
ignored,2
challenging,2
modem,2
author,2
subverts,2
mode,2
essay,2
offer,2
moment,2
individual,2
agonistic,2
allegiances,2
distinction,2
around,2
orga,2
specific,2
necessarily,2
c,2
usual,2
precisely,2
bound,2
demonstrates,2
uncertainty,2
losses,2
recent,2
engagement,2
responsibility,2
disturbing,2
brown,2
strangers,2
sa,1
ask,1
appeal,1
trivialized,1
longing,1
model,1
retells,1
may,1
difficult,1
rights,1
depth,1
discomforting,1
unalloyed,1
therefore,1
tance,1
now,1
online,1
misdeeds,1
parse,1
relationship,1
fixes,1
thinker,1
congeal,1
ical,1
o,1
carol,1
york,1
whose,1
subordination,1
forever,1
essential,1
narration,1
perspectives,1
note,1
resides,1
variety,1
absence,1
hopes,1
mines,1
polit,1
nized,1
stars,1
movements,1
individuals,1
devastating,1
bring,1
upends,1
skilled,1
negation,1
patrio,1
worldview,1
foreign,1
tion,1
managing,1
main,1
interweaves,1
across,1
inflicts,1
sureties,1
conversational,1
service,1
providing,1
losers,1
interpretation,1
britishness,1
upending,1
peaceful,1
philosophic,1
qualifies,1
acknowledged,1
dangers,1
energizing,1
ryan,1
wlx,1
sharp,1
instances,1
invader,1
notion,1
nexus,1
resisting,1
harbors,1
reexperience,1
lost,1
folding,1
preemptive,1
analyzes,1
comforts,1
antihumanism,1
goes,1
conceives,1
contour,1
mar,1
antagonist,1
intervention,1
enemies,1
expanded,1
pushed,1
interactions,1
earlier,1
aligns,1
comments,1
titled,1
case,1
nizing,1
turbulent,1
furnish,1
paradoxically,1
paradoxical,1
personhood,1
needed,1
epoch,1
configurations,1
engendering,1
refuses,1
accedes,1
permeate,1
voids,1
settled,1
leaves,1
answering,1
consuming,1
formation,1
construction,1
enhance,1
continually,1
white,1
rerouted,1
diminishes,1
autogenerating,1
songs,1
eral,1
ining,1
space,1
healthier,1
transform,1
respect,1
embodies,1
time,1
formu,1
rorty,1
ener,1
canonical,1
support,1
bonds,1
experimenting,1
done,1
examine,1
postdoctoral,1
repressed,1
fanon,1
move,1
studies,1
read,1
expe,1
modern,1
serve,1
nationalistic,1
mission,1
pared,1
univocal,1
themselves,1
proclaims,1
comic,1
duke,1
marks,1
former,1
supports,1
psychoanalytic,1
unmaking,1
tied,1
exceptionalism,1
reverberates,1
mitigate,1
position,1
stifles,1
familiar,1
dubois,1
environment,1
unlike,1
organized,1
premises,1
legitimated,1
falls,1
otherwise,1
motherland,1
holding,1
then,1
universality,1
sive,1
candor,1
symptom,1
almost,1
ae,1
presupposing,1
consciousness,1
terrible,1
recalibrated,1
stabilizing,1
limits,1
something,1
broke,1
universalizes,1
exemplified,1
lib,1
complexity,1
responsive,1
dynamic,1
ginalized,1
humane,1
witnessing,1
focusing,1
conjunction,1
immanent,1
predicate,1
deep,1
alien,1
enabling,1
retrospective,1
multicultural,1
negative,1
ferent,1
anti,1
goodness,1
constituted,1
economically,1
being,1
painful,1
unspeakable,1
powerful,1
moral,1
nonviolent,1
dissident,1
follow,1
readings,1
ambiguities,1
visionary,1
reincorporat,1
defines,1
notions,1
possibilities,1
persuasive,1
cost,1
long,1
rightness,1
provide,1
humbling,1
resolution,1
problems,1
galvanizing,1
unbound,1
symbol,1
exploitation,1
begin,1
tivate,1
answers,1
reading,1
human,1
ruin,1
attacks,1
challenge,1
confound,1
sted,1
years,1
give,1
testify,1
exces,1
feelings,1
statecraft,1
lating,1
categorization,1
natural,1
view,1
actively,1
multiculture,1
humans,1
titute,1
conflicts,1
articulate,1
dif,1
each,1
perfected,1
whereas,1
impossibility,1
eyes,1
aberration,1
compelled,1
enced,1
uses,1
deformed,1
harbor,1
trans,1
closely,1
definition,1
problem,1
immutable,1
tions,1
append,1
shows,1
expose,1
necessities,1
lack,1
lead,1
turned,1
idea,1
http,1
nent,1
forming,1
areas,1
sections,1
quick,1
tanciation,1
did,1
best,1
societies,1
down,1
torture,1
pembroke,1
call,1
carrying,1
demise,1
resur,1
entrenched,1
reasons,1
confusion,1
parses,1
thank,1
current,1
intrusion,1
domestic,1
unacknowledged,1
draws,1
naturalizes,1
analyses,1
pressed,1
oper,1
inevitably,1
casualties,1
widespread,1
condi,1
redressing,1
break,1
larger,1
transference,1
richer,1
intellectuals,1
orders,1
contradictory,1
picks,1
outdo,1
melancho,1
personal,1
john,1
demonstrating,1
onto,1
pelled,1
unthought,1
solutions,1
end,1
uphold,1
religion,1
missteps,1
domina,1
take,1
exile,1
cities,1
she,1
chaotic,1
interpretations,1
intruders,1
imper,1
fresh,1
removal,1
ethos,1
success,1
last,1
person,1
pri,1
cup,1
fits,1
weed,1
remade,1
universal,1
everyday,1
imma,1
same,1
ground,1
basic,1
helping,1
drop,1
assistant,1
exactly,1
interrogate,1
aftereffects,1
durham,1
experi,1
somewhat,1
vary,1
responsible,1
block,1
reconfigured,1
techniques,1
exposing,1
relationships,1
continuing,1
mediated,1
existing,1
erful,1
context,1
appears,1
whether,1
investigation,1
citizenship,1
cohabitation,1
regime,1
less,1
system,1
making,1
bruce,1
employs,1
elision,1
cause,1
autonomous,1
publications,1
static,1
cussions,1
norms,1
material,1
conviction,1
viviality,1
colony,1
inseparable,1
remaking,1
irreconcilable,1
weakening,1
forward,1
animated,1
saving,1
untethers,1
consolidates,1
inhibits,1
profit,1
cul,1
extent,1
advise,1
identification,1
discloses,1
appropriated,1
ctobe,1
liberal,1
capacity,1
streets,1
always,1
matthew,1
melodramatic,1
number,1
going,1
demonizes,1
mass,1
confusing,1
varyingly,1
affir,1
enmity,1
routinized,1
equitably,1
secure,1
evangelism,1
compulsions,1
exhilarating,1
produce,1
institutions,1
colonies,1
process,1
ingrained,1
grounds,1
explain,1
ftt,1
constitutionalism,1
phenomena,1
haus,1
distinguish,1
compelling,1
ethical,1
authentic,1
cen,1
proves,1
refers,1
extended,1
legitimates,1
discussion,1
instantiations,1
strangeness,1
dissidents,1
reaching,1
ance,1
stranger,1
obviously,1
fearful,1
powers,1
functions,1
religious,1
explanation,1
insight,1
richard,1
reinvigorates,1
recognizing,1
shape,1
carry,1
vital,1
bear,1
agent,1
mances,1
sacrificial,1
repetition,1
ative,1
professor,1
reader,1
recognition,1
multiple,1
countersubversion,1
cosmopolitanism,1
nc,1
handmaiden,1
given,1
palliating,1
unavoidable,1
ations,1
marily,1
closed,1
polity,1
tenaciously,1
example,1
denial,1
uncertain,1
courses,1
bears,1
brechtian,1
manifestations,1
role,1
along,1
negotiation,1
penetrating,1
complexities,1
himself,1
die,1
unbridled,1
encouraged,1
elizabeth,1
tenets,1
disciplines,1
host,1
formulates,1
feeds,1
happens,1
drops,1
significant,1
pow,1
categories,1
has,1
private,1
sidered,1
deny,1
older,1
geographic,1
fail,1
americans,1
focus,1
congealed,1
cognizant,1
sign,1
refined,1
exciting,1
policies,1
factor,1
describes,1
myriad,1
assume,1
cons,1
issues,1
solidifies,1
challenges,1
disavow,1
us,1
overcoming,1
combating,1
aims,1
writing,1
enabled,1
ho,1
institutional,1
questions,1
ethnic,1
processes,1
weakens,1
varied,1
real,1
tism,1
confounds,1
continue,1
laboratory,1
music,1
irre,1
constitutive,1
throughout,1
were,1
named,1
ina,1
identities,1
full,1
deployed,1
plicated,1
per,1
spells,1
option,1
however,1
office,1
question,1
importantly,1
formations,1
theories,1
il,1
immi,1
systematic,1
internal,1
theoretical,1
models,1
showing,1
disposable,1
arrangements,1
difficulties,1
generating,1
stead,1
destruction,1
points,1
generate,1
disappear,1
television,1
meanings,1
clear,1
perfor,1
engender,1
proclamations,1
marking,1
historic,1
against,1
leads,1
analyzing,1
thinkers,1
pursuit,1
initially,1
conditions,1
gration,1
se,1
decidedly,1
carnival,1
beyond,1
discursive,1
feature,1
mative,1
forgotten,1
satisfies,1
center,1
dangerous,1
tone,1
compellingly,1
unending,1
counter,1
held,1
solution,1
melodrama,1
gendered,1
should,1
scherer,1
sense,1
postracist,1
purports,1
defeats,1
presented,1
recenter,1
mandates,1
unwillingness,1
inter,1
narratives,1
stabilization,1
spread,1
facilitates,1
glib,1
nurtured,1
restore,1
schaar,1
remake,1
installs,1
unexpected,1
militarily,1
venomous,1
stage,1
high,1
century,1
peaceable,1
isagepub,1
punitive,1
centrality,1
shameful,1
melancholic,1
horrifying,1
willingness,1
exclusionary,1
monopolizes,1
fealty,1
unquestioned,1
unsettled,1
foucauldian,1
cohabitations,1
weakness,1
turn,1
unyielding,1
eye,1
hold,1
squarely,1
concordant,1
claim,1
wendy,1
compels,1
rience,1
subvert,1
developments,1
involved,1
speak,1
latter,1
better,1
institutionalized,1
worst,1
underlying,1
tolerant,1
displays,1
nourished,1
frustrating,1
specificity,1
understands,1
foregrounding,1
valued,1
mobilized,1
endowed,1
lederer,1
imag,1
fraught,1
few,1
outside,1
profound,1
articulating,1
patriotisms,1
toler,1
wounding,1
bloody,1
reasonable,1
systems,1
satisfy,1
highest,1
propose,1
study,1
briton,1
columbia,1
engenders,1
holds,1
compounded,1
versible,1
relation,1
hand,1
exported,1
shadows,1
animate,1
orwell,1
importance,1
marxist,1
dominion,1
matrix,1
point,1
sovereign,1
gence,1
reinvigorate,1
deliberate,1
ness,1
task,1
da,1
loving,1
cultivates,1
engages,1
avowal,1
hierarchical,1
find,1
d,1
tral,1
intractability,1
learn,1
seeking,1
hard,1
bounds,1
including,1
gender,1
implication,1
analyze,1
instance,1
postulate,1
guess,1
daring,1
conquest,1
because,1
interlocutors,1
results,1
proper,1
much,1
using,1
figures,1
entails,1
need,1
iraq,1
ends,1
engaging,1
deeply,1
cosmopolitan,1
notes,1
traditions,1
away,1
attend,1
accep,1
diminished,1
appropriate,1
cross,1
value,1
destabilize,1
fellow,1
interrelatedness,1
alternative,1
invites,1
informed,1
conversations,1
sent,1
get,1
sameness,1
lia,1
instigates,1
sole,1
adherents,1
immigration,1
gizing,1
questioning,1
once,1
confrontations,1
embody,1
widely,1
really,1
justice,1
noon,1
society,1
product,1
separate,1
destabilizes,1
mechanism,1
