WORDCOUNTS,WEIGHT
the,534
of,432
a,199
and,175
in,164
to,160
is,153
s,137
breton,111
as,91
it,81
this,75
its,73
love,69
be,62
an,59
which,59
text,59
that,56
with,56
from,46
on,42
mad,41
for,39
by,39
future,35
can,34
only,33
he,30
but,30
time,30
i,28
not,27
has,26
into,25
his,25
at,24
structure,24
life,24
or,23
itself,22
have,20
one,19
prophecy,19
will,19
what,19
reading,18
all,17
no,17
their,17
interpretation,16
madlove,16
book,16
are,16
there,15
about,15
would,15
any,15
new,14
present,14
then,14
between,14
politics,13
than,13
impossible,13
these,13
more,13
trotsky,13
encounter,13
theoretical,13
story,13
must,13
way,12
revolutionary,12
first,12
other,12
though,12
literature,12
we,12
here,12
does,11
trans,11
was,11
retrospection,11
so,11
such,10
retrospective,10
most,10
character,10
when,10
man,10
surrealism,10
been,10
dream,10
art,10
if,9
they,9
political,9
chapter,9
possible,9
narrator,9
even,9
journal,9
york,9
whose,9
benjamin,9
thought,9
balakian,9
part,9
hegelian,9
world,9
toward,9
see,9
each,9
nadja,9
through,9
question,9
modern,8
might,8
narrative,8
read,8
my,8
attempt,8
collective,8
t,8
us,8
stories,8
revolution,8
over,8
historical,8
past,8
works,8
them,8
press,8
much,8
had,7
anticipation,7
university,7
well,7
work,7
place,7
own,7
social,7
once,7
same,7
idea,7
course,7
residue,7
simply,7
passage,7
theory,7
think,7
come,7
later,6
caws,6
aesthetic,6
takes,6
some,6
poem,6
perfect,6
idealist,6
narration,6
called,6
appears,6
cannot,6
andre,6
possibility,6
least,6
may,6
object,6
continuity,6
also,6
many,6
fact,6
another,6
formal,6
individual,6
dawn,6
me,6
hope,6
making,6
voice,6
lamba,6
beloved,6
prophetic,6
writing,6
blanchot,6
himself,5
concern,5
group,5
use,5
true,5
sunflower,5
conscious,5
before,5
conjecture,5
experience,5
great,5
real,5
behind,5
existence,5
letter,5
surplus,5
surrealist,5
human,5
moment,5
men,5
without,5
rather,5
notion,5
means,5
objects,5
found,5
plot,5
sentence,5
genre,5
apparent,5
surprise,5
personal,5
always,5
up,5
necessity,5
play,5
light,5
material,5
perhaps,5
transcendent,5
after,5
adorno,5
who,5
principle,5
unknown,5
jacqueline,5
game,5
terms,5
problem,5
both,5
level,5
content,5
texts,5
immediately,5
meaning,4
truth,4
e,4
told,4
complex,4
word,4
history,4
long,4
andri,4
precisely,4
within,4
hegelianism,4
account,4
point,4
exist,4
utopian,4
objective,4
defense,4
nor,4
critics,4
l,4
remain,4
certain,4
roussel,4
revelation,4
leaves,4
elsewhere,4
just,4
objectivity,4
too,4
obstacles,4
whom,4
effort,4
initial,4
fusion,4
because,4
absolute,4
ihe,4
imagined,4
calls,4
status,4
uniqueness,4
tone,4
arbitrary,4
allegorism,4
action,4
still,4
criticism,4
reconciliation,4
two,4
moments,4
transcendental,4
never,4
readers,4
enough,4
collier,4
entirely,4
were,4
described,4
insurmountable,4
reality,4
times,4
transcendence,4
ann,4
chance,4
often,4
thinking,4
series,4
redemption,4
scarcely,4
natural,4
very,4
merely,4
day,4
form,4
particular,4
novelty,4
subject,4
instead,4
you,4
materialism,4
glance,4
daughter,4
final,3
difficult,3
communicants,3
fiction,3
alone,3
sympathetic,3
tense,3
spirit,3
necessarily,3
hegel,3
biographical,3
negative,3
interweaving,3
preceding,3
dreams,3
desire,3
simple,3
achieved,3
inseparable,3
key,3
task,3
capable,3
activity,3
apart,3
say,3
vases,3
central,3
goal,3
chapters,3
run,3
due,3
against,3
magic,3
adam,3
mystic,3
back,3
difficulty,3
continuous,3
memoir,3
look,3
critique,3
apparently,3
error,3
how,3
aube,3
mean,3
paz,3
earlier,3
pages,3
uncertainties,3
allegorical,3
uncanny,3
understand,3
romantic,3
mary,3
althusser,3
beyond,3
could,3
appearance,3
out,3
events,3
affair,3
promise,3
however,3
dialectic,3
memory,3
almost,3
claim,3
conjectured,3
knowledge,3
description,3
fairy,3
realm,3
project,3
standpoint,3
startling,3
describes,3
exhaust,3
indeed,3
movement,3
single,3
refusing,3
lef,3
complete,3
ed,3
already,3
begins,3
again,3
experienced,3
longer,3
state,3
hand,3
model,3
octavio,3
imagine,3
understanding,3
nothing,3
essay,3
peter,3
like,3
him,3
last,3
amourfou,3
article,3
relation,3
contact,3
tomorrow,3
recall,3
vision,3
program,3
becomes,3
seen,3
transformation,3
try,3
exists,3
interpretive,3
claims,3
today,3
following,3
biography,3
les,3
know,3
different,3
novel,3
did,3
instant,3
better,3
beginning,3
automatic,3
unique,3
implicit,3
allowance,3
uncertainty,3
anna,3
role,3
returning,3
aspect,3
idealism,3
argument,3
mode,3
philosophy,3
themselves,3
marxist,3
little,3
ends,3
virtue,3
retrospect,3
heterogeneous,3
now,2
limits,2
separated,2
needed,2
prediction,2
live,2
easily,2
decade,2
dawning,2
hair,2
trilogy,2
trace,2
presents,2
communicating,2
fulfillment,2
thematic,2
autre,2
being,2
anything,2
antitranscendent,2
every,2
connection,2
utopia,2
importing,2
setting,2
seems,2
nature,2
departure,2
synthesis,2
able,2
link,2
composition,2
take,2
help,2
persistence,2
written,2
issue,2
messianic,2
wasted,2
presentiment,2
manifesto,2
sought,2
saying,2
suppress,2
felt,2
prior,2
conceptual,2
reflecting,2
literal,2
along,2
notably,2
thus,2
development,2
since,2
retrospectively,2
machine,2
de,2
walter,2
insisted,2
given,2
kind,2
thing,2
cases,2
elements,2
pretensions,2
concrete,2
nourished,2
depend,2
cohen,2
effective,2
infinite,2
wishes,2
recognized,2
mexico,2
act,2
completely,2
accurate,2
rigor,2
direct,2
reinterpretation,2
reason,2
speculative,2
consider,2
literary,2
recollection,2
metaphysics,2
proved,2
house,2
schwarz,2
notions,2
asks,2
opinion,2
view,2
appear,2
nebraska,2
based,2
asserts,2
narrated,2
radical,2
woodruff,2
noting,2
further,2
photography,2
viewed,2
exhaustion,2
record,2
explain,2
required,2
creates,2
scene,2
shape,2
provincial,2
none,2
inexhaustible,2
idealistic,2
scope,2
nebr,2
concept,2
proportions,2
thoughts,2
caught,2
criticized,2
whole,2
describe,2
recounting,2
protestations,2
closing,2
sense,2
ego,2
things,2
protest,2
order,2
contrast,2
manchester,2
suddenly,2
tended,2
games,2
notes,2
lincoln,2
am,2
society,2
critical,2
transform,2
chains,2
matter,2
distorted,2
return,2
reminiscences,2
fruit,2
forbidden,2
leon,2
make,2
comments,2
modes,2
selection,2
forecast,2
yet,2
makes,2
paradox,2
theodor,2
seeing,2
perceived,2
futurity,2
une,2
culture,2
dialectical,2
foresight,2
hopes,2
published,2
subjective,2
complementary,2
causality,2
materialist,2
essence,2
dilettantism,2
contemporary,2
doubt,2
resolved,2
oftrotsky,2
trotskij,2
forms,2
breadth,2
do,2
paris,2
existing,2
less,2
tell,2
books,2
style,2
gives,2
ades,2
encountered,2
aleatory,2
anticipate,2
ingenious,2
revelatory,2
discussion,2
birth,2
leone,2
explanation,2
expression,2
confidence,2
vocabulary,2
ideas,2
verso,2
actual,2
open,2
three,2
historic,2
maurice,2
language,2
agreement,2
defensive,2
summer,2
conversation,2
provides,2
repeated,2
especially,2
viewpoint,2
insists,2
exactly,2
judgement,2
figures,2
attention,2
jephcott,2
lovers,2
perspectives,2
note,2
futurists,2
sometimes,2
practical,2
raymond,2
primarily,2
render,2
contribution,2
paradoxical,2
assemble,2
volumes,2
why,2
composed,2
obstacle,2
addressed,2
constant,2
ceaseless,2
comes,2
conclusion,2
version,2
conjunction,2
constructed,2
temporal,2
proposes,2
set,2
quickly,2
image,2
attribute,2
distance,2
episodic,2
obviously,2
exhausting,2
living,2
references,2
want,2
statement,2
mere,2
writes,2
partial,2
vehicle,2
scruples,2
freedom,2
vessels,2
howard,2
occasionally,2
rereading,2
despite,2
giving,2
tried,2
conventional,2
summarizes,2
coming,2
sectarianism,2
until,2
argues,2
finding,2
completed,2
prolonged,2
d,2
off,2
remains,2
increased,2
certainty,2
element,2
entire,2
develop,2
grace,2
arturo,2
famous,2
conversations,2
conception,2
close,2
merge,1
frequent,1
playfully,1
earthlight,1
abolition,1
formulated,1
humanism,1
o,1
misrecognition,1
deny,1
digressions,1
protests,1
designated,1
created,1
imminence,1
clairvoyant,1
snapshot,1
market,1
esprit,1
jane,1
mysteries,1
determine,1
combine,1
considerably,1
stands,1
forgetfulness,1
obliquely,1
berlin,1
ultimatum,1
becoming,1
center,1
large,1
poetry,1
putative,1
referring,1
formed,1
english,1
ways,1
solemnly,1
materialistic,1
trapeze,1
di,1
affective,1
connecting,1
studies,1
dialectically,1
satisfied,1
individualfrom,1
grove,1
tied,1
ascends,1
unknowable,1
position,1
justified,1
surrealismo,1
unlike,1
reinterprets,1
tells,1
appendage,1
defiant,1
induced,1
autobiographyor,1
instructing,1
lenses,1
source,1
princeton,1
sequential,1
offering,1
clair,1
par,1
cutting,1
romance,1
disjoin,1
sit,1
overcoming,1
else,1
either,1
permit,1
geoffrey,1
supposedly,1
paragon,1
nonexistent,1
chronicles,1
novyi,1
ii,1
pellucidly,1
give,1
taken,1
digressive,1
andpolitics,1
composer,1
desperately,1
elusive,1
refusal,1
progression,1
develops,1
ourselves,1
transplant,1
intricately,1
tear,1
definition,1
tres,1
gary,1
damaged,1
latent,1
possibilities,1
immense,1
reach,1
prejudices,1
affinities,1
europe,1
tradition,1
interwoven,1
assess,1
ben,1
throughout,1
producing,1
opposing,1
senses,1
inherent,1
complicity,1
scheme,1
reveal,1
nevertheless,1
krauss,1
introduces,1
embrace,1
endings,1
patterned,1
prescription,1
faithful,1
mind,1
respond,1
sacred,1
lamourfou,1
those,1
seriousness,1
preposition,1
transcendentalidealist,1
alike,1
ambiguous,1
context,1
el,1
similarities,1
nowhere,1
case,1
generosity,1
brief,1
commejejoue,1
modernist,1
harris,1
teleological,1
mass,1
mutation,1
cleared,1
fairytale,1
gallimard,1
design,1
vol,1
logical,1
compelling,1
stance,1
authentic,1
intelligentsia,1
metonymically,1
etienne,1
richard,1
structurally,1
cadre,1
indigent,1
trevor,1
treating,1
uncertain,1
laws,1
cited,1
above,1
anticipated,1
interior,1
representing,1
mingle,1
worker,1
rousselian,1
antinomies,1
collection,1
sign,1
split,1
behavior,1
andrj,1
signal,1
fitfully,1
teide,1
framework,1
labor,1
learned,1
repeatedly,1
bellin,1
generalized,1
childlike,1
accessible,1
indefinite,1
selves,1
reservoir,1
futurism,1
consecrate,1
announce,1
component,1
difficulties,1
representations,1
roger,1
humanly,1
quality,1
reject,1
intractable,1
pursue,1
analyzing,1
overinterpretation,1
september,1
assumes,1
stakes,1
agent,1
divine,1
interest,1
recurs,1
casts,1
agreeing,1
reflection,1
price,1
ofandrj,1
cf,1
eiland,1
assessment,1
blueprints,1
marxism,1
momentarily,1
twayne,1
unity,1
remembering,1
old,1
self,1
late,1
underlying,1
footnotes,1
document,1
marriage,1
simplest,1
holds,1
young,1
wholly,1
allowing,1
spiritualism,1
simultaneity,1
dissimulated,1
arranged,1
left,1
forswearing,1
despair,1
find,1
compel,1
y,1
deeply,1
marx,1
generation,1
shall,1
cultural,1
adjust,1
compromise,1
conjure,1
finishes,1
woodruffin,1
sensorial,1
vantage,1
strangest,1
abiding,1
assessed,1
opposed,1
fruitless,1
ofsurrealism,1
essential,1
reflects,1
oneiric,1
russian,1
supernatural,1
exact,1
purely,1
growth,1
absent,1
superficial,1
across,1
happily,1
developed,1
edward,1
disjunction,1
strictly,1
particularity,1
provocation,1
explicit,1
culminating,1
exhausted,1
myself,1
communism,1
neatly,1
active,1
ce,1
requisite,1
goes,1
abstraction,1
persistent,1
strands,1
importance,1
gesture,1
brand,1
leave,1
recently,1
parts,1
doubted,1
salvation,1
witness,1
echoed,1
distant,1
feel,1
arbor,1
parallelism,1
literalist,1
flea,1
indirection,1
moves,1
brewster,1
proclaimed,1
category,1
utterly,1
escape,1
theorists,1
marks,1
cause,1
revolutionaries,1
disappointment,1
represented,1
assumption,1
utilizable,1
n,1
completion,1
tying,1
articulated,1
preoccupation,1
formellement,1
w,1
uncomplicatedly,1
show,1
commonly,1
fashioned,1
unexhausted,1
itfrees,1
passed,1
shed,1
generally,1
minima,1
surge,1
reorientation,1
crucially,1
founding,1
m,1
contrary,1
important,1
metaphoric,1
personalized,1
suggested,1
cut,1
perceive,1
disappeared,1
reflections,1
bureaucracy,1
descriptive,1
enchanted,1
evanouirait,1
puntas,1
incomplete,1
risolu,1
arrival,1
bearing,1
tra,1
balibar,1
habitually,1
amicizia,1
begun,1
joy,1
critically,1
access,1
livingston,1
separable,1
areput,1
centers,1
lived,1
changed,1
rudolf,1
pass,1
atheism,1
estrange,1
conjectural,1
philosophical,1
negation,1
attained,1
abnormally,1
inexhaustibility,1
inversion,1
symptoms,1
far,1
ceases,1
understood,1
poverty,1
recurrences,1
something,1
keywords,1
hanson,1
friendship,1
invisibly,1
produced,1
underspecified,1
intertwined,1
doesn,1
misshapen,1
yield,1
method,1
expressions,1
impression,1
briefly,1
technical,1
revisits,1
aspects,1
distinguishes,1
directly,1
having,1
designating,1
acknowledging,1
perpetuated,1
accounting,1
contemplative,1
lugubriously,1
revealed,1
reinterpreting,1
nameless,1
received,1
conjured,1
carries,1
repetition,1
unless,1
prominent,1
occluded,1
purpose,1
materialize,1
discusses,1
explains,1
example,1
denial,1
comment,1
oftheoreticalpropositions,1
disclaimed,1
loss,1
precipitated,1
tale,1
solemnity,1
during,1
editorial,1
people,1
unmistakable,1
actually,1
falling,1
intoxication,1
structures,1
nonguilt,1
device,1
call,1
away,1
reflect,1
dusk,1
plurality,1
achieving,1
couple,1
sun,1
interpreted,1
horizon,1
visions,1
relative,1
unwilled,1
suffices,1
attributed,1
approach,1
pluralize,1
suffused,1
funereal,1
causal,1
change,1
multiplicity,1
disjoins,1
creating,1
solution,1
infallible,1
correct,1
field,1
useful,1
cold,1
unexpected,1
stage,1
involve,1
coupled,1
unpredictable,1
interdiction,1
le,1
imposition,1
emphasizes,1
quite,1
emerging,1
around,1
calling,1
axiom,1
ignore,1
imagines,1
classically,1
gramsci,1
multiple,1
revealing,1
bridge,1
comfort,1
certainly,1
presence,1
convulsive,1
presentand,1
aside,1
disagreement,1
slim,1
evaporate,1
prolongations,1
notice,1
choreographed,1
structured,1
beauty,1
abstracted,1
newly,1
structuring,1
altering,1
teleology,1
seemed,1
surrealists,1
f,1
portion,1
happen,1
therefore,1
lenin,1
responsibly,1
led,1
second,1
verb,1
communist,1
exterior,1
forever,1
ventured,1
variety,1
practices,1
spelled,1
easy,1
universalizing,1
fortunately,1
scientific,1
plenitude,1
economic,1
logically,1
wrote,1
happy,1
located,1
exile,1
shambles,1
reinterpreted,1
intended,1
eminent,1
innocence,1
brings,1
unremarked,1
reconstruction,1
purest,1
exculpatory,1
says,1
boy,1
tenses,1
illuminating,1
blush,1
guide,1
chronicle,1
anticipates,1
simultaneous,1
pivotal,1
dwells,1
magus,1
unfolds,1
estranging,1
violence,1
excessively,1
feuerbach,1
suited,1
rules,1
under,1
expounded,1
god,1
formally,1
inspiration,1
pessimism,1
ne,1
neither,1
lesson,1
contemplation,1
profane,1
acting,1
included,1
eagerness,1
shifting,1
intolerable,1
graveness,1
excellence,1
speaking,1
rome,1
gamesmanship,1
chose,1
rings,1
persuade,1
diary,1
unmistakably,1
interview,1
technique,1
power,1
stated,1
mark,1
others,1
death,1
ended,1
controvertible,1
deserves,1
similarly,1
varies,1
put,1
mistrust,1
transposes,1
projects,1
successively,1
smith,1
artists,1
treatment,1
shade,1
professed,1
xii,1
minnesota,1
importation,1
creative,1
wedded,1
enact,1
witnesses,1
attempting,1
exhibitionism,1
grave,1
contradict,1
catalogued,1
paranoiac,1
diverse,1
emphatic,1
minneapolis,1
prejudicial,1
external,1
reasons,1
enactment,1
psychic,1
proletariat,1
manner,1
infallibility,1
where,1
michael,1
answer,1
ontological,1
forth,1
recount,1
ahead,1
sinistra,1
deep,1
perceives,1
nocturnal,1
endangers,1
velleity,1
ignoring,1
mercy,1
explicitly,1
free,1
outgrowth,1
degree,1
belatedly,1
years,1
interpreting,1
autobiography,1
proleptic,1
displace,1
exploring,1
meaningful,1
strived,1
resituate,1
uncannily,1
hurriedly,1
genres,1
made,1
discovery,1
upon,1
bear,1
cult,1
writings,1
contemplate,1
unavailability,1
presiding,1
including,1
desperate,1
passes,1
enormous,1
looking,1
sufficiently,1
illumination,1
louis,1
collectivism,1
wonder,1
persists,1
significant,1
incarnations,1
mysticism,1
aesthetics,1
morality,1
autobiographical,1
sequence,1
pleasure,1
questions,1
roman,1
crevices,1
freudian,1
trust,1
fantastic,1
chosen,1
falsification,1
sees,1
complicated,1
theories,1
involves,1
excused,1
similar,1
meanings,1
clear,1
discovered,1
margaret,1
loosely,1
moral,1
stress,1
accounted,1
disappointed,1
prevents,1
fragments,1
clairvoyants,1
ofprophecy,1
disclaimers,1
period,1
belongs,1
general,1
function,1
unrecounted,1
clef,1
strange,1
mount,1
features,1
pathetic,1
played,1
serves,1
distinction,1
kept,1
comforts,1
proximity,1
reflectionsfrom,1
misunderstanding,1
believing,1
spent,1
glaring,1
abbeville,1
outside,1
cogent,1
coercive,1
internal,1
edmund,1
hesitancy,1
uninterpreted,1
parallel,1
reads,1
sight,1
dans,1
assessing,1
narrates,1
examine,1
unites,1
teach,1
excluded,1
timestructure,1
improbable,1
claiming,1
epiphanic,1
implication,1
slide,1
saw,1
tendency,1
connections,1
decant,1
temporality,1
ago,1
anomaly,1
vain,1
la,1
rifts,1
isn,1
concluded,1
madly,1
examines,1
gist,1
separate,1
dealing,1
european,1
implicitly,1
interpenetration,1
oxford,1
departs,1
relationship,1
diagrams,1
prefix,1
residual,1
edizioni,1
she,1
independent,1
continued,1
croire,1
segments,1
figure,1
five,1
plays,1
locker,1
begin,1
attitude,1
foregoing,1
wing,1
complicate,1
independence,1
lost,1
treacherous,1
un,1
inexplicable,1
affinity,1
translation,1
progressively,1
owens,1
bears,1
returned,1
determination,1
recognize,1
incredulity,1
introductory,1
casually,1
impersonal,1
analysis,1
cease,1
interdit,1
disjunctive,1
confronts,1
night,1
hoist,1
face,1
lej,1
tantamount,1
susan,1
rigorous,1
vuelta,1
ofthat,1
share,1
practised,1
giacometti,1
storia,1
pragmatist,1
singular,1
redemptive,1
changing,1
homogeneity,1
dearth,1
ever,1
continues,1
forgetting,1
dubious,1
precise,1
premonition,1
nuova,1
haphazardly,1
supposed,1
privacy,1
sure,1
metaphorically,1
timms,1
shares,1
manifestoes,1
worth,1
save,1
unambiguously,1
seem,1
gone,1
capital,1
collapsing,1
arte,1
obscurely,1
universal,1
derrida,1
returns,1
particularly,1
clearly,1
contradictory,1
ofnarrative,1
exhaustive,1
useless,1
technicality,1
innumerable,1
masterpiece,1
quoted,1
edition,1
type,1
absolutely,1
pushing,1
person,1
believed,1
bilingual,1
activism,1
helping,1
addressee,1
ofthese,1
answered,1
jennings,1
condemns,1
coward,1
whether,1
rose,1
reconcile,1
selected,1
everything,1
plural,1
trope,1
imposed,1
metaphor,1
maintain,1
moralia,1
rosalind,1
tightly,1
loved,1
tending,1
insightful,1
injunction,1
her,1
while,1
utopianism,1
extricating,1
require,1
projection,1
explored,1
tenerife,1
proposing,1
belknap,1
episode,1
terre,1
suggests,1
reclamation,1
dedication,1
contain,1
hindsight,1
remember,1
poems,1
nouns,1
circumstances,1
careful,1
allows,1
kuenzli,1
code,1
transport,1
staged,1
decisive,1
city,1
intricacy,1
publishers,1
predecessors,1
unexpectedness,1
estrella,1
impose,1
tinge,1
interleaved,1
recounts,1
winkfield,1
hese,1
presupposes,1
arguments,1
divided,1
inclines,1
fleeting,1
using,1
exceptionally,1
gain,1
our,1
analogy,1
unconditionally,1
false,1
determinism,1
enthusiasm,1
ultimately,1
breaks,1
spirited,1
noun,1
unable,1
recent,1
difference,1
cambridge,1
proclamations,1
conditions,1
opens,1
accept,1
polizzotti,1
wish,1
footlights,1
offer,1
xin,1
enlightenment,1
define,1
surreal,1
disjoint,1
evidence,1
reflexive,1
glass,1
attributes,1
rivoluzione,1
playing,1
attempted,1
regain,1
extremely,1
dramatization,1
drift,1
removed,1
historicism,1
passages,1
assumed,1
ceaselessly,1
drifts,1
mystery,1
uninterpretable,1
avowed,1
michigan,1
fictional,1
early,1
paralyzing,1
bounds,1
documentary,1
strunsky,1
reconciling,1
focus,1
among,1
technological,1
indistinguishable,1
meeting,1
tract,1
asked,1
frankly,1
savelli,1
willis,1
thorough,1
