WORDCOUNTS,WEIGHT
the,243
of,143
and,132
in,80
s,79
a,66
browning,59
to,58
shelley,41
that,40
is,27
he,25
love,24
on,22
for,22
not,21
as,21
from,20
ruins,19
was,18
but,17
city,17
among,17
his,16
poem,16
mab,15
queen,15
are,14
by,14
its,13
it,12
roland,12
all,11
i,11
past,11
present,11
this,11
an,11
ii,10
lines,10
childe,10
which,10
influence,10
with,9
p,9
images,9
they,8
their,8
ancient,8
stanza,8
man,8
men,8
such,8
be,8
them,7
sections,7
had,7
two,7
each,7
new,7
robert,7
both,7
since,7
essay,7
now,6
she,6
does,6
tower,6
or,6
palace,6
also,6
iii,6
scenes,6
there,6
glory,6
stanzas,6
see,6
however,6
used,6
women,6
have,6
few,6
will,5
where,5
once,5
thousand,5
ed,5
first,5
only,5
sources,5
parr,5
nature,5
war,5
has,5
made,5
peace,5
roses,5
eyes,5
six,5
philip,5
details,5
raisor,5
gold,5
at,4
york,4
behold,4
one,4
life,4
blood,4
itself,4
same,4
most,4
ianthe,4
many,4
my,4
time,4
composition,4
works,4
mind,4
devane,4
ruined,4
form,4
scene,4
failure,4
shame,4
palmyra,4
earth,4
composite,4
like,4
grass,4
contrast,4
vi,4
when,4
probably,4
than,4
o,3
whose,3
various,3
been,3
wrote,3
site,3
landscape,3
who,3
phrases,3
says,3
similar,3
soul,3
country,3
metropolis,3
prince,3
into,3
these,3
show,3
long,3
more,3
name,3
victorian,3
yon,3
stately,3
seems,3
sheep,3
words,3
came,3
did,3
best,3
glories,3
salem,3
harriet,3
john,3
while,3
golden,3
pattern,3
poetry,3
handbook,3
do,3
noise,3
william,3
what,3
youthful,3
conclusion,3
perhaps,3
ruin,3
vii,3
wide,3
her,3
oh,3
future,3
upon,3
poems,3
r,3
athens,3
colonnades,3
against,3
freedom,3
palaces,3
sequence,3
grandeur,3
central,3
daring,3
dating,3
youth,3
reveals,3
own,3
although,3
so,3
changes,3
old,3
folly,3
comparison,3
structure,3
whole,3
looks,3
sin,3
those,3
evidence,3
may,2
indented,2
uncommon,2
twelve,2
lovers,2
saw,2
no,2
rome,2
edward,2
concern,2
limited,2
secrets,2
rpt,2
through,2
goldsmith,2
dread,2
mountains,2
yet,2
chariot,2
mankind,2
stone,2
overrooted,2
composed,2
continent,2
centuries,2
face,2
multitude,2
turret,2
outcast,2
pmla,2
pp,2
forest,2
marks,2
god,2
bysshe,2
western,2
then,2
iv,2
wealth,2
section,2
just,2
caper,2
traces,2
preface,2
source,2
gay,2
quotations,2
bridges,2
common,2
fact,2
tracy,2
grazing,2
volume,2
every,2
rather,2
preserves,2
oppression,2
here,2
other,2
power,2
give,2
we,2
overscored,2
uses,2
descriptions,2
containing,2
pastoral,2
setting,2
king,2
capital,2
reasons,2
joy,2
haughty,2
early,2
wielding,2
er,2
fallen,2
cities,2
rural,2
johnstone,2
concrete,2
sparta,2
left,2
high,2
within,2
less,2
clyde,2
fane,2
balance,2
revisions,2
day,2
right,2
great,2
awakens,2
gardens,2
suggests,2
possible,2
circuit,2
warning,2
fourteen,2
work,2
presented,2
desert,2
variations,2
far,2
vision,2
apparent,2
unrelaxing,2
turns,2
description,2
looked,2
largely,2
during,2
shameful,2
poetical,2
ix,2
examination,2
were,2
sees,2
triumphs,2
goddess,2
development,2
quality,2
percy,2
numerous,2
curse,2
silent,2
lust,2
ere,2
finally,2
sentinels,2
evening,2
ability,2
rills,2
general,2
include,2
describing,2
would,2
savage,2
him,2
last,2
remains,2
elements,2
speak,2
around,2
domed,2
sufficient,2
spires,2
between,2
passages,2
towers,2
henry,2
study,2
awful,2
up,2
london,2
little,2
games,2
huebenthal,2
provided,2
gorgeous,2
race,2
activities,2
gourd,2
grasp,2
tore,1
perished,1
omission,1
final,1
south,1
alike,1
miller,1
given,1
moxon,1
bernard,1
eternal,1
socrates,1
critical,1
year,1
steps,1
girl,1
fruitless,1
phrasing,1
manifestations,1
alters,1
conquerors,1
simultaneously,1
likely,1
sons,1
freezes,1
speechless,1
realm,1
child,1
progressively,1
senselessness,1
minor,1
likeness,1
beneath,1
stated,1
note,1
succinctly,1
absence,1
quiets,1
wastes,1
sterile,1
stars,1
exact,1
loveliness,1
destroying,1
letters,1
if,1
concerned,1
proud,1
links,1
stylistic,1
chance,1
interested,1
populous,1
extinguish,1
blighted,1
demongod,1
obscures,1
short,1
stood,1
rears,1
practical,1
till,1
blossom,1
blessed,1
claimed,1
breathe,1
forced,1
basic,1
glorytemples,1
hutchinson,1
merits,1
perfection,1
vestige,1
hideous,1
antilyric,1
enriches,1
becomes,1
gloomy,1
weighed,1
unholy,1
unwilling,1
natural,1
july,1
uber,1
establishes,1
judgment,1
succession,1
archiv,1
establish,1
stands,1
beamy,1
worse,1
iidominant,1
render,1
sameness,1
nothingit,1
earthquakes,1
ranged,1
womb,1
spot,1
direct,1
recently,1
plenty,1
summarizing,1
domes,1
imply,1
why,1
systematically,1
attributed,1
absolute,1
k,1
examine,1
hi,1
apocalypse,1
existed,1
declaring,1
causeways,1
awareness,1
sheds,1
consequences,1
thinker,1
oxford,1
simultaneous,1
hearts,1
mother,1
serve,1
unborn,1
drinks,1
tale,1
months,1
uninhabited,1
watching,1
rising,1
smiled,1
herodotus,1
unusual,1
read,1
sublime,1
gathered,1
thought,1
centre,1
frowned,1
trodthe,1
soon,1
victorious,1
multitudes,1
spirit,1
considered,1
greater,1
tresses,1
equally,1
trace,1
alone,1
remnant,1
forests,1
place,1
revising,1
established,1
familiar,1
history,1
rolling,1
yellow,1
pasture,1
any,1
light,1
constant,1
before,1
complete,1
shock,1
edition,1
appear,1
practice,1
days,1
following,1
boast,1
n,1
nineteenth,1
embeds,1
revision,1
hillsides,1
haunt,1
argued,1
too,1
entourage,1
collective,1
must,1
blushing,1
four,1
inhuman,1
different,1
fires,1
reports,1
oppressive,1
couch,1
struck,1
scarcely,1
said,1
exposed,1
compression,1
recites,1
wonder,1
comes,1
follow,1
way,1
either,1
precise,1
laboriously,1
twilight,1
published,1
conventional,1
monarch,1
labor,1
defects,1
comparing,1
gaze,1
problems,1
text,1
sky,1
court,1
unencumbered,1
archae,1
permanent,1
chronicles,1
law,1
explain,1
greatness,1
howled,1
dominant,1
unfailing,1
barbarian,1
vp,1
attempts,1
important,1
chinksmarks,1
expression,1
suggested,1
might,1
necessarily,1
drawing,1
strengthen,1
attempt,1
view,1
over,1
europe,1
progression,1
deserves,1
teeming,1
arms,1
image,1
contention,1
declarations,1
maintains,1
analytical,1
reemphasis,1
grow,1
benevolence,1
cultivated,1
fiends,1
december,1
eloquence,1
theirs,1
idea,1
beheld,1
height,1
treatment,1
contrasts,1
flowers,1
patching,1
head,1
areas,1
could,1
temples,1
punctuation,1
credits,1
mln,1
pharoah,1
reviving,1
together,1
sleep,1
prior,1
shoulder,1
search,1
intended,1
silently,1
universal,1
reminiscent,1
differences,1
returns,1
adds,1
thine,1
sanction,1
imaginary,1
pressed,1
seven,1
yonder,1
lived,1
particularly,1
fruits,1
aping,1
clearly,1
houseleek,1
ocean,1
personal,1
reveal,1
very,1
aqueducts,1
end,1
amid,1
oblivion,1
doubt,1
immortal,1
harvests,1
melancholy,1
expansion,1
busiest,1
c,1
observes,1
philosophical,1
invocation,1
special,1
cried,1
tree,1
wall,1
pq,1
rhythms,1
merely,1
forms,1
written,1
eliminates,1
say,1
hand,1
dominion,1
pro,1
purported,1
fame,1
paris,1
reserved,1
traced,1
though,1
equal,1
topped,1
operating,1
manner,1
due,1
reading,1
mainly,1
heaven,1
tight,1
stock,1
continuing,1
moderate,1
march,1
veii,1
uncultivated,1
kneeled,1
bounding,1
burns,1
univ,1
centenary,1
gazing,1
silence,1
terror,1
similarities,1
terms,1
youtha,1
causeys,1
habit,1
selected,1
prophesy,1
speech,1
cannot,1
tell,1
references,1
pricked,1
forth,1
side,1
away,1
can,1
character,1
troops,1
material,1
spring,1
fighters,1
maintain,1
plains,1
above,1
passed,1
gaming,1
spiritual,1
plain,1
gazed,1
magnificently,1
clarence,1
hath,1
trade,1
taught,1
problem,1
eager,1
tsl,1
triumph,1
gods,1
counterpart,1
shot,1
age,1
thebes,1
memory,1
landscapeperhaps,1
staring,1
dark,1
stonewhere,1
tame,1
years,1
prostrate,1
directly,1
sir,1
almost,1
application,1
italian,1
some,1
implies,1
logical,1
line,1
grassgrown,1
journals,1
surrounded,1
declares,1
art,1
millions,1
discussion,1
result,1
idealistic,1
rearrangement,1
publish,1
element,1
devotes,1
background,1
stern,1
boston,1
bought,1
completed,1
paintings,1
whence,1
trees,1
embrace,1
regain,1
enemy,1
heart,1
clear,1
nineveh,1
significantly,1
simply,1
woe,1
irony,1
lyric,1
purpose,1
cadbury,1
christians,1
basement,1
marble,1
previously,1
sent,1
retains,1
cited,1
detailed,1
confirm,1
ministers,1
press,1
cyclopedia,1
compares,1
nation,1
november,1
solitude,1
easy,1
monarchs,1
pyramids,1
himself,1
subject,1
ten,1
song,1
ripen,1
barren,1
got,1
truth,1
admiring,1
fairy,1
introduction,1
waste,1
letter,1
adapted,1
measure,1
use,1
winks,1
merchandise,1
sold,1
q,1
flocked,1
fehr,1
force,1
brazen,1
additions,1
harmony,1
alternating,1
refers,1
pursuing,1
shut,1
ranks,1
pillar,1
forgetfulness,1
dome,1
accidental,1
mid,1
pleasure,1
writing,1
human,1
structures,1
guessed,1
erspreads,1
steal,1
million,1
thus,1
icons,1
complaints,1
continue,1
our,1
includes,1
fulfil,1
throughout,1
come,1
whither,1
full,1
bud,1
middle,1
review,1
uncultured,1
gauges,1
sojourner,1
frederic,1
wild,1
g,1
fading,1
devoted,1
systematic,1
until,1
encompass,1
described,1
breaks,1
reverse,1
explained,1
won,1
doubtful,1
futile,1
difference,1
run,1
professor,1
feast,1
similarity,1
three,1
traditional,1
nile,1
moral,1
compressed,1
sprang,1
manifestation,1
october,1
infancy,1
write,1
express,1
accounted,1
accept,1
betty,1
makes,1
forgotten,1
failures,1
held,1
contributed,1
hair,1
shamewhat,1
least,1
times,1
arise,1
good,1
land,1
dedication,1
promiscuous,1
ago,1
stange,1
need,1
discover,1
loved,1
brave,1
things,1
columnsbrowning,1
stage,1
preliminary,1
states,1
columnstone,1
century,1
beauty,1
awaits,1
wakes,1
antiquity,1
placid,1
course,1
prosperity,1
order,1
trumpeting,1
proximity,1
limitations,1
turn,1
rushed,1
tales,1
abundant,1
claims,1
inclusion,1
measured,1
thomas,1
nor,1
thornton,1
better,1
ships,1
exchange,1
never,1
intuitive,1
aqueductsrequired,1
ages,1
praises,1
specific,1
convincing,1
specify,1
article,1
commentators,1
columnstones,1
scattering,1
parallel,1
tarquinia,1
rest,1
completing,1
reread,1
appeared,1
presence,1
fondly,1
dramatic,1
single,1
served,1
moving,1
sight,1
dates,1
egypt,1
stand,1
justify,1
mossy,1
hills,1
rush,1
spenser,1
publications,1
virtuous,1
abreast,1
january,1
v,1
enthusiastically,1
priests,1
attitude,1
berdoe,1
exclusively,1
st,1
even,1
characters,1
crumbling,1
reared,1
arose,1
imposture,1
look,1
because,1
save,1
corrupting,1
describes,1
world,1
apparently,1
citizen,1
reiterate,1
sun,1
north,1
recent,1
notes,1
relative,1
structured,1
rude,1
famous,1
blame,1
louvre,1
appropriate,1
glades,1
breathed,1
basically,1
building,1
successive,1
asked,1
councils,1
universe,1
built,1
delayed,1
quiet,1
portrait,1
jerusalem,1
chariots,1
perception,1
kenyon,1
carpet,1
strangers,1
capitals,1
