WORDCOUNTS,WEIGHT
the,667
of,398
and,282
to,259
a,244
in,213
hunting,148
as,133
is,125
that,123
s,119
for,85
men,77
with,69
this,68
women,66
by,65
sexual,57
are,55
animals,54
it,53
hunters,53
his,52
i,51
their,49
hunter,46
they,45
not,45
or,43
on,43
one,42
but,40
he,36
an,34
luke,32
hunt,32
man,31
from,31
be,31
we,30
who,28
her,28
brian,27
sex,27
new,25
so,24
male,24
animal,23
other,22
there,21
york,21
was,21
do,21
all,20
such,20
my,20
also,20
wild,20
can,20
love,19
game,19
deer,19
t,18
power,18
woman,18
like,18
she,18
kill,18
have,18
into,17
trophy,17
heterosexuality,17
thus,17
press,17
see,17
which,17
them,17
if,16
has,16
nugent,16
killing,16
out,16
sexually,16
female,16
sexuality,16
at,15
prey,15
may,15
erotic,15
white,15
example,15
whisker,15
would,15
you,15
being,14
romance,14
some,14
about,14
rape,14
more,14
ted,14
when,14
swan,14
over,14
between,14
does,13
kerasote,13
most,13
common,12
those,12
me,12
against,12
than,12
no,12
because,12
status,12
were,12
him,12
through,12
nature,11
desire,11
image,11
just,11
its,11
people,11
violence,11
many,11
story,11
predatory,11
what,11
both,11
large,10
book,10
fish,10
had,10
sportsmen,10
often,10
antlers,10
way,9
even,9
predation,9
used,9
world,9
once,9
use,9
james,9
becomes,9
blood,9
shooting,9
following,9
university,9
quoted,9
target,9
themselves,9
phallic,8
activity,8
magazine,8
pursuit,8
playboy,8
y,8
pornography,8
position,8
sport,8
shepard,8
part,8
describe,8
mcintyre,8
sexualized,8
describes,8
will,8
si,8
these,8
only,8
hunted,8
species,8
here,8
bucks,8
erotics,8
argument,8
although,8
remains,8
experience,7
nor,7
beyond,7
your,7
own,7
up,7
make,7
domination,7
two,7
head,7
pleasure,7
africa,7
while,7
swimsuit,7
come,7
traditional,7
predator,6
something,6
take,6
feature,6
crocodile,6
killed,6
himself,6
aggression,6
human,6
relations,6
bambi,6
how,6
possession,6
process,6
similar,6
certain,6
romantic,6
ortega,6
possibility,6
well,6
cartmill,6
call,6
sense,6
feelings,6
beauty,6
trails,6
july,6
rules,6
same,6
paul,6
toward,6
fact,6
hand,6
stalking,6
where,6
forth,6
books,6
made,6
expression,6
reality,6
frustrated,6
become,6
why,6
get,6
itself,6
any,6
natural,6
each,6
then,6
domesticated,6
terms,6
targets,6
gasset,6
gain,6
ultimately,6
difference,6
typically,6
states,6
north,6
american,5
park,5
might,5
context,5
draw,5
right,5
felt,5
elk,5
mounting,5
behavior,5
big,5
body,5
according,5
feel,5
hot,5
could,5
hands,5
international,5
term,5
targetted,5
fox,5
good,5
successful,5
mitchell,5
hugo,5
girl,5
costa,5
chase,5
woods,5
year,5
single,5
biological,5
ed,5
others,5
death,5
put,5
identity,5
rifle,5
function,5
masculine,5
dominance,5
shoot,5
gish,5
manly,5
seen,5
lives,5
analysis,5
creatures,5
must,5
know,5
control,5
sure,5
very,5
feminist,5
statement,5
penetration,5
african,5
our,5
connotes,5
models,5
among,5
now,4
names,4
groups,4
market,4
rutledge,4
before,4
said,4
first,4
victim,4
give,4
feeling,4
archer,4
words,4
great,4
cosmopolitan,4
designated,4
robert,4
within,4
magazines,4
issue,4
dworkin,4
panic,4
pursue,4
media,4
intercourse,4
word,4
cameron,4
act,4
rather,4
means,4
n,4
frequently,4
instance,4
fig,4
color,4
attack,4
fishing,4
patriarchal,4
line,4
carry,4
calls,4
instinctive,4
away,4
describing,4
things,4
around,4
small,4
am,4
enjoy,4
various,4
object,4
still,4
similarly,4
us,4
culture,4
heterosexual,4
social,4
water,4
rica,4
model,4
creature,4
children,4
hunts,4
local,4
exciting,4
nothing,4
three,4
mountain,4
thomas,4
been,4
doyle,4
rpt,4
success,4
fall,4
united,4
bitch,4
down,4
whether,4
particular,4
don,4
size,4
antlered,4
nonhuman,4
remarks,4
orgasm,4
sports,4
off,4
instinct,4
taking,4
given,4
re,4
images,4
should,4
difficult,3
go,3
compares,3
ethics,3
stood,3
environmental,3
rapes,3
group,3
identify,3
tend,3
referring,3
live,3
alive,3
ways,3
easily,3
modern,3
spirit,3
comparisons,3
western,3
history,3
tells,3
source,3
passion,3
long,3
viewer,3
season,3
attempt,3
humans,3
reasons,3
exotic,3
follows,3
shot,3
room,3
date,3
normal,3
less,3
bird,3
money,3
constructing,3
move,3
pursuing,3
doubleday,3
central,3
pictures,3
boy,3
eating,3
relatively,3
eroticized,3
overt,3
kind,3
keep,3
refer,3
third,3
simultaneously,3
high,3
identification,3
basic,3
perysian,3
kiss,3
hound,3
lea,3
understand,3
wanted,3
objects,3
excitement,3
show,3
powerful,3
whom,3
extent,3
lion,3
sights,3
archibald,3
further,3
left,3
schneider,3
explain,3
enough,3
photo,3
january,3
literature,3
heart,3
heavily,3
dunayer,3
conan,3
actually,3
fein,3
order,3
discourse,3
night,3
family,3
calling,3
several,3
few,3
maleness,3
kheel,3
always,3
generally,3
ellen,3
capturing,3
south,3
situation,3
indeed,3
hide,3
says,3
buck,3
communities,3
yet,3
doe,3
thought,3
under,3
antler,3
touching,3
begins,3
stroking,3
useful,3
hounds,3
name,3
houston,3
tiger,3
rejects,3
experienced,3
shows,3
arthur,3
outside,3
flesh,3
collard,3
rapists,3
perhaps,3
number,3
ducks,3
violent,3
another,3
understanding,3
father,3
caring,3
upon,3
looking,3
significant,3
food,3
musclemag,3
pack,3
trip,3
theories,3
features,3
forms,3
behind,3
article,3
eyes,3
baskervilles,3
probably,3
saw,3
seduction,3
suggest,3
wegner,3
today,3
lot,3
institutions,3
excited,3
life,3
wildlife,3
forest,3
photographs,3
affluent,3
simply,3
june,3
cover,3
did,3
report,3
eroticize,3
merely,3
better,3
defend,3
want,3
males,3
loved,3
illustrated,3
suggests,3
emphasis,3
seductive,3
bodies,3
andrea,3
easy,3
everywhere,3
families,3
goose,3
think,3
tell,3
quest,3
catch,3
aware,3
d,3
photograph,3
caption,3
comparison,3
charged,3
wicked,3
element,3
entire,3
recent,3
livestock,3
close,3
done,2
later,2
pittsburgh,2
either,2
critical,2
career,2
consume,2
college,2
implies,2
ultimate,2
unsuccessful,2
baskerville,2
properly,2
join,2
h,2
completely,2
studies,2
notwithstanding,2
unnatural,2
scribner,2
character,2
pose,2
title,2
em,2
evasive,2
nominally,2
princeton,2
prostitution,2
nose,2
permit,2
wrong,2
titles,2
thrill,2
ears,2
expectation,2
reestablish,2
available,2
harem,2
together,2
rich,2
closer,2
carp,2
real,2
reproduction,2
last,2
mind,2
state,2
mr,2
reading,2
signs,2
hostility,2
derision,2
existence,2
victims,2
halliburton,2
jack,2
e,2
eroticizing,2
cater,2
richard,2
point,2
unalterable,2
lyric,2
radical,2
desirable,2
above,2
along,2
mentally,2
identifies,2
sand,2
exist,2
possessing,2
includes,2
lover,2
fun,2
lick,2
facts,2
scent,2
assumes,2
plato,2
predators,2
premeditated,2
interest,2
gun,2
heightened,2
smells,2
fischer,2
bowhunting,2
exercise,2
turn,2
connote,2
old,2
larry,2
places,2
perspective,2
back,2
boar,2
marriage,2
served,2
donovan,2
compared,2
kinship,2
explore,2
application,2
critique,2
deeply,2
didn,2
acknowledge,2
cites,2
rights,2
weapon,2
subordination,2
hopes,2
bring,2
wanting,2
across,2
essence,2
remain,2
aggressive,2
joan,2
secrets,2
fair,2
notion,2
females,2
levine,2
fever,2
associate,2
parts,2
possess,2
front,2
pleasures,2
marks,2
consider,2
organized,2
elsewhere,2
placed,2
too,2
periodically,2
situations,2
commonly,2
neither,2
exploitation,2
portrays,2
m,2
preference,2
providing,2
view,2
conquest,2
disempowered,2
came,2
locals,2
smell,2
access,2
p,2
carol,2
transference,2
facilitate,2
noting,2
camouflaged,2
representative,2
wants,2
share,2
cultural,2
let,2
buried,2
tourists,2
reinforce,2
applied,2
doesn,2
absolute,2
find,2
bow,2
near,2
cows,2
torn,2
almost,2
having,2
work,2
responding,2
prominent,2
grouse,2
explains,2
sportsman,2
indigenous,2
gender,2
whole,2
place,2
horn,2
records,2
foxy,2
cry,2
believes,2
nonsexualized,2
matt,2
miss,2
challenging,2
vacation,2
minds,2
josephine,2
remember,2
officials,2
construct,2
marti,2
hard,2
positions,2
field,2
below,2
aroused,2
prevalence,2
next,2
contrast,2
sporting,2
sake,2
specifically,2
dreaming,2
significantly,2
protect,2
suddenly,2
deviant,2
telling,2
annual,2
regardless,2
roots,2
structured,2
value,2
interests,2
waiting,2
undesirable,2
society,2
appeal,2
pictorials,2
imagery,2
wrote,2
overall,2
five,2
instincts,2
community,2
pictorial,2
indicates,2
comments,2
experiences,2
southern,2
kills,2
collect,2
interpretation,2
reference,2
makes,2
added,2
wearing,2
evolved,2
complete,2
skin,2
bowhunter,2
mich,2
friend,2
jon,2
tries,2
disposition,2
fire,2
suit,2
challenge,2
sky,2
release,2
efforts,2
deviance,2
idea,2
time,2
john,2
bunny,2
watch,2
imaged,2
pennsylvania,2
reflect,2
remarkable,2
road,2
existing,2
butterfly,2
sensual,2
royal,2
captions,2
native,2
innately,2
explicitly,2
thoroughly,2
desires,2
imagine,2
sensory,2
lost,2
including,2
herself,2
affection,2
naturalizing,2
presumption,2
morality,2
vocabulary,2
jovi,2
aldo,2
franklin,2
full,2
dating,2
students,2
zebra,2
moral,2
jose,2
points,2
essay,2
defense,2
times,2
blend,2
summer,2
escaped,2
mammals,2
stimulation,2
after,2
black,2
lose,2
never,2
sensuality,2
relation,2
presumes,2
interpretations,2
ann,2
adams,2
percent,2
socially,2
northern,2
need,2
relative,2
basically,2
attention,2
decision,2
necks,2
ethic,2
dogs,2
carried,2
bon,2
cow,2
moves,2
george,2
provide,2
virile,2
sometimes,2
stream,2
hooked,2
chance,2
foreign,2
antihunters,2
hefner,2
claimed,2
arrow,2
vague,2
foregoing,2
abnormal,2
bears,2
provider,2
satisfaction,2
sherrie,2
inferior,2
breasts,2
respect,2
mother,2
beauties,2
dutton,2
usual,2
geese,2
beast,2
material,2
comes,2
mentioned,2
beside,2
extension,2
known,2
physical,2
spots,2
loving,2
equipment,2
belief,2
supposed,2
sheep,2
different,2
worth,2
novel,2
wall,2
enemy,2
going,2
movie,2
binoculars,2
february,2
evident,2
subordinate,2
horns,2
enjoyment,2
unfulfilled,2
march,2
form,2
videotape,2
dream,2
whitetail,2
giraffes,2
advise,2
voice,2
art,2
trees,2
necessity,2
authors,2
thereby,2
little,2
city,2
giving,2
jim,2
matches,2
tender,2
phenomenon,2
allows,2
aspect,2
coming,2
question,2
trophies,2
turkey,2
reveals,2
initiated,2
arrows,2
vance,2
write,2
brain,2
immersion,2
smaller,2
landed,2
piece,2
pluhar,2
ecofeminist,2
morally,2
specific,2
gonna,2
thing,2
grab,2
develop,2
wily,2
focus,2
much,2
immediately,2
ends,2
evidently,2
impotent,2
premise,1
wolves,1
canned,1
final,1
countryside,1
dionysiac,1
transportation,1
possessed,1
o,1
deny,1
euthydemus,1
metal,1
anita,1
pals,1
prefer,1
patriarch,1
drunken,1
stuart,1
canoe,1
indicated,1
generated,1
pull,1
prize,1
freezing,1
salten,1
truth,1
represent,1
pale,1
extend,1
expedition,1
instinctively,1
worthy,1
wound,1
feminization,1
submission,1
propagation,1
feathered,1
alone,1
extends,1
totally,1
blends,1
compensated,1
distributed,1
pools,1
per,1
ustay,1
passing,1
buttocks,1
told,1
tigers,1
camping,1
needed,1
complex,1
bachelors,1
studiously,1
mounted,1
kinds,1
partner,1
valerius,1
stereotypical,1
ya,1
songs,1
explicable,1
lecting,1
constitutes,1
sons,1
prince,1
rewards,1
nuts,1
mals,1
sudden,1
sensed,1
drawings,1
julianna,1
favor,1
flows,1
wolf,1
duke,1
huntin,1
deviants,1
protection,1
page,1
signifies,1
justified,1
fixed,1
ardor,1
harsh,1
laid,1
intensities,1
cornell,1
maybe,1
paddle,1
chased,1
communicating,1
smile,1
constrict,1
induced,1
connotations,1
track,1
pushover,1
ayars,1
geist,1
lure,1
bengal,1
outsized,1
round,1
anything,1
inadvertently,1
else,1
provision,1
attorney,1
dysfunctions,1
undermine,1
riva,1
failing,1
lightly,1
sources,1
please,1
every,1
letting,1
certainly,1
jackson,1
preceding,1
girlfriend,1
production,1
sad,1
flavor,1
malady,1
exclusive,1
expressive,1
entailed,1
perigee,1
originally,1
deterministic,1
attempts,1
taken,1
military,1
combat,1
reptiles,1
worked,1
absurd,1
beautiful,1
weekend,1
stretch,1
safaris,1
j,1
prestigious,1
bloomington,1
parties,1
prototypical,1
unkennel,1
possibilities,1
buildup,1
attractive,1
passenger,1
tradition,1
wooden,1
twenty,1
manliness,1
rhetorical,1
warm,1
tours,1
poverty,1
display,1
feminism,1
locked,1
incongruity,1
portrayal,1
tactic,1
imaginary,1
able,1
transferred,1
hackett,1
link,1
onto,1
cupped,1
invalidate,1
farmer,1
deemed,1
help,1
wapiti,1
search,1
married,1
roosevelt,1
teensiest,1
course,1
vibration,1
glory,1
greatly,1
sacred,1
primitive,1
reserved,1
adventures,1
ours,1
profitable,1
somewhat,1
ambiguous,1
theodore,1
irredeemably,1
dressed,1
romanticism,1
stopped,1
racial,1
venereal,1
photographer,1
insures,1
system,1
theoretical,1
case,1
side,1
empty,1
takes,1
killer,1
dancing,1
advocates,1
harpercollins,1
stuffed,1
mortal,1
indebtedness,1
promulgated,1
attacked,1
manifesto,1
hopewell,1
king,1
capacity,1
continuum,1
motion,1
vitro,1
u,1
america,1
rests,1
therapeutic,1
opened,1
chest,1
determined,1
lifetime,1
tracing,1
dysfunction,1
cap,1
reaching,1
hungry,1
bleed,1
establishing,1
reaction,1
powers,1
lures,1
illegitimate,1
structurally,1
run,1
flank,1
leniency,1
mutuality,1
fine,1
upstairs,1
essentialize,1
desired,1
say,1
except,1
anytime,1
far,1
timothy,1
resources,1
fur,1
climax,1
outings,1
literal,1
columnist,1
apply,1
dementia,1
sexualize,1
representing,1
decreasing,1
newsweek,1
facto,1
stimulates,1
interviews,1
ritual,1
despicable,1
prototype,1
strengthens,1
catskin,1
removes,1
fascinating,1
belly,1
attract,1
interestingly,1
ecstatic,1
exposed,1
usage,1
learned,1
repeatedly,1
regarding,1
bleeding,1
throughout,1
promulgating,1
review,1
instantiate,1
announce,1
relationships,1
beating,1
accuracy,1
explained,1
immediate,1
roger,1
reject,1
inevitable,1
andree,1
calculated,1
tex,1
illustrates,1
elongate,1
analyzing,1
attesting,1
magic,1
swimming,1
bryant,1
g,1
featured,1
faces,1
ability,1
helena,1
unchartered,1
portray,1
shaft,1
mating,1
unfailingly,1
spot,1
excuses,1
satiation,1
co,1
living,1
wantbrian,1
sample,1
trail,1
manager,1
expected,1
insult,1
rank,1
cases,1
nelson,1
individual,1
distinct,1
elements,1
items,1
reluctance,1
bourjily,1
concerning,1
profound,1
approval,1
bloody,1
differently,1
scut,1
wilds,1
ithaca,1
compulsory,1
serving,1
justifiable,1
young,1
occurs,1
myth,1
poem,1
ticket,1
assertive,1
applying,1
trusting,1
truly,1
compare,1
overwhelmed,1
died,1
disobeyed,1
novice,1
beat,1
performative,1
communication,1
look,1
constructs,1
unspoken,1
falcon,1
implanted,1
frequenting,1
apparently,1
wet,1
clientele,1
occasion,1
general,1
hardly,1
kerasotethat,1
minxes,1
acted,1
businessmen,1
adversary,1
ment,1
payoff,1
depths,1
grasp,1
secondarily,1
promised,1
massey,1
longing,1
photographing,1
flinching,1
foot,1
normalcy,1
dial,1
philadelphia,1
foretell,1
kissing,1
bull,1
understands,1
essential,1
license,1
mild,1
without,1
frustration,1
traverse,1
statements,1
subjected,1
centerpiece,1
camp,1
links,1
portrayed,1
main,1
adds,1
lusts,1
stop,1
illustration,1
harpoon,1
paths,1
bra,1
lubrano,1
explicit,1
culminating,1
sow,1
capture,1
myself,1
subsistence,1
bond,1
highlighted,1
hitting,1
politicians,1
active,1
environments,1
parents,1
goes,1
pressing,1
shapiro,1
manages,1
legal,1
connected,1
ex,1
scents,1
variant,1
direct,1
floated,1
greenwood,1
ass,1
dialogue,1
pages,1
special,1
elaborate,1
cave,1
sire,1
rapism,1
offering,1
kocher,1
lawyer,1
impressed,1
disguises,1
consequences,1
provides,1
unting,1
precious,1
doubly,1
proclaimed,1
shining,1
support,1
pits,1
hook,1
velasquez,1
travelogue,1
establishment,1
flirtation,1
contrucci,1
rumors,1
bad,1
ensure,1
licenses,1
prehistory,1
counterparts,1
enviable,1
maiden,1
pastime,1
river,1
cbs,1
sheila,1
louise,1
bit,1
dated,1
wouldn,1
latin,1
section,1
fired,1
ominously,1
threatening,1
squirrels,1
phallicism,1
dena,1
invariably,1
neck,1
articulated,1
house,1
crocodiles,1
add,1
threat,1
thrush,1
presumed,1
age,1
orientation,1
hair,1
companions,1
conqueror,1
gleaming,1
carolina,1
superior,1
resource,1
additional,1
contemplates,1
albuquerque,1
longed,1
determinism,1
selfdescriptions,1
followed,1
longneck,1
consequence,1
monarch,1
painted,1
puts,1
mutilation,1
willing,1
cljanuary,1
founding,1
wyoming,1
likens,1
david,1
contrary,1
important,1
metaphoric,1
suggested,1
drawing,1
stands,1
beams,1
thrust,1
reflections,1
firing,1
matching,1
union,1
draws,1
response,1
moving,1
result,1
oes,1
lock,1
jay,1
participants,1
walk,1
cub,1
agenda,1
appearance,1
holds,1
spawning,1
repugnant,1
found,1
entering,1
tracking,1
called,1
strength,1
joy,1
determines,1
typical,1
boils,1
holding,1
bullying,1
separable,1
centers,1
bait,1
economics,1
nerves,1
necklace,1
ocean,1
vicariously,1
events,1
relate,1
invested,1
dispute,1
getting,1
excite,1
bourjaily,1
jolma,1
quit,1
eat,1
accompany,1
predational,1
initial,1
reactionary,1
commands,1
instruct,1
outwitting,1
passionate,1
paraphrased,1
phenomenology,1
grouped,1
companion,1
numbed,1
perch,1
equally,1
neighboring,1
speciesist,1
though,1
equal,1
durham,1
blow,1
shake,1
fulfillment,1
roe,1
prisons,1
purge,1
mate,1
fisherman,1
teacher,1
viewed,1
recently,1
boyfriend,1
symbols,1
annulled,1
cannot,1
analogous,1
appearing,1
otherwise,1
energy,1
vivid,1
record,1
however,1
alluring,1
tension,1
bumper,1
jessica,1
hath,1
taught,1
eager,1
professionals,1
guns,1
cambridge,1
drain,1
joggers,1
oh,1
scene,1
expressions,1
masculinity,1
affair,1
receive,1
kathryn,1
feminine,1
outstanding,1
pigs,1
aging,1
manhood,1
designation,1
orgiastic,1
distinguish,1
protected,1
degrees,1
correctly,1
revealed,1
liable,1
decides,1
gains,1
dog,1
intense,1
rocks,1
bolster,1
listening,1
already,1
contempt,1
start,1
carries,1
clean,1
imagined,1
reader,1
prized,1
striking,1
pangs,1
characterization,1
purpose,1
discusses,1
bois,1
secret,1
symbolism,1
crying,1
guys,1
recommends,1
thoughts,1
bite,1
ten,1
got,1
bible,1
overview,1
realm,1
gave,1
private,1
consistently,1
shoots,1
obscured,1
overtly,1
pun,1
ethicsdescribed,1
subtly,1
destination,1
dreamt,1
structures,1
erdrich,1
bloodties,1
winter,1
demon,1
aghast,1
phallocentric,1
anticipating,1
participate,1
entails,1
preparation,1
manage,1
indianapolis,1
won,1
caresses,1
horizon,1
enhances,1
elephant,1
breeders,1
ali,1
litter,1
candice,1
sampled,1
manifestation,1
refuse,1
subtle,1
lifted,1
tone,1
ritually,1
joanne,1
stool,1
mckillop,1
rothhaar,1
tacitly,1
revolution,1
wished,1
christened,1
invite,1
excuse,1
rump,1
fury,1
aluminum,1
wrestling,1
struts,1
emerging,1
allusions,1
inquirer,1
heat,1
fatigue,1
characteristics,1
shapes,1
inescapable,1
accomplished,1
members,1
choose,1
biologically,1
tarent,1
kodansha,1
county,1
primary,1
satiated,1
australian,1
diversified,1
dedicated,1
leopold,1
intrigues,1
descendants,1
st,1
majority,1
unclothed,1
meditations,1
wife,1
paid,1
jeffreys,1
rican,1
chinn,1
notice,1
notes,1
florida,1
appropriate,1
chin,1
derisive,1
finds,1
leg,1
fetishizing,1
rest,1
bikinis,1
readership,1
avoid,1
lyrics,1
wield,1
occasions,1
transforming,1
outworn,1
sidney,1
liberation,1
eternal,1
moor,1
uncommon,1
responsibly,1
film,1
noteworthy,1
likely,1
inch,1
scout,1
impressing,1
reduced,1
dall,1
advocate,1
colors,1
european,1
mysterious,1
fortunately,1
reads,1
letters,1
joked,1
stranded,1
wary,1
economic,1
rams,1
grooms,1
experiencing,1
exults,1
play,1
intended,1
demonize,1
motivated,1
wait,1
released,1
forward,1
stating,1
nearly,1
drops,1
bits,1
microns,1
warner,1
jewelry,1
tropical,1
positioned,1
calves,1
establishes,1
judgment,1
garden,1
surviving,1
kerri,1
initially,1
snowmobile,1
strip,1
degree,1
settings,1
sensation,1
surveyed,1
ask,1
almanac,1
decisions,1
zeal,1
selection,1
structural,1
aggressor,1
promoting,1
juxtaposition,1
buddy,1
releasing,1
motifs,1
photographed,1
magnesium,1
hamm,1
edited,1
reel,1
hugh,1
felix,1
represents,1
bet,1
asper,1
instantly,1
builds,1
adrienne,1
exactly,1
england,1
evil,1
sounds,1
buildin,1
freewheeling,1
quantify,1
exposure,1
during,1
whereat,1
corpse,1
penises,1
imitate,1
ancient,1
rode,1
bikini,1
misses,1
chris,1
home,1
light,1
rabbits,1
eros,1
cried,1
ballantine,1
promotes,1
intercepting,1
dropped,1
warmth,1
issues,1
topical,1
al,1
costs,1
organize,1
wisconsin,1
heated,1
provocative,1
challenges,1
bracelet,1
prematurely,1
celebrates,1
increasingly,1
innate,1
sportswomen,1
exploit,1
revenge,1
penis,1
leans,1
avoided,1
picture,1
cage,1
rings,1
soundness,1
pam,1
allusion,1
courageous,1
participated,1
fell,1
mentions,1
figure,1
purely,1
again,1
spend,1
washed,1
conceived,1
cable,1
colbrian,1
flushing,1
tremendous,1
projects,1
unprovoked,1
spear,1
emotions,1
crops,1
speaks,1
joyce,1
admit,1
sing,1
stories,1
antihunting,1
treatment,1
pair,1
fundamental,1
benevolent,1
sexist,1
fleeing,1
walked,1
hottest,1
debrian,1
afraid,1
intimidated,1
abstract,1
developed,1
replicates,1
choice,1
kendall,1
swung,1
dysfunctional,1
maneuver,1
koedt,1
revellers,1
manifested,1
really,1
header,1
causey,1
fallen,1
end,1
shoulder,1
fetishized,1
contemporary,1
camera,1
astride,1
identical,1
pattern,1
daniels,1
rockstar,1
serious,1
azle,1
anne,1
rhetoric,1
devil,1
thompson,1
rhythms,1
anthropologist,1
puzzling,1
sort,1
reproductive,1
procurement,1
readers,1
took,1
stuff,1
lions,1
drinking,1
ivy,1
electricity,1
meant,1
spearing,1
grim,1
manner,1
pulley,1
consummation,1
landscape,1
developing,1
equate,1
validity,1
accepted,1
unwind,1
slings,1
rex,1
immature,1
diminishbrian,1
practice,1
invitation,1
charter,1
rut,1
inert,1
bare,1
conquer,1
ignoring,1
ing,1
bloodshed,1
threats,1
gives,1
stigmatize,1
assimilates,1
nobody,1
dec,1
free,1
primarily,1
day,1
recreational,1
joreen,1
exhilarating,1
attacking,1
raped,1
years,1
interpreting,1
fundamentally,1
credit,1
crown,1
recognizing,1
apt,1
ignored,1
antelope,1
casual,1
kathleen,1
encounter,1
atlantic,1
indiana,1
examples,1
restrictions,1
treated,1
veruschka,1
easier,1
completed,1
virgin,1
implicated,1
represented,1
creativities,1
formal,1
nonhumans,1
patricia,1
analyzes,1
delicate,1
countrysport,1
merge,1
gesticulate,1
birds,1
encouraged,1
top,1
blossoming,1
imbued,1
pornographic,1
admiring,1
encourage,1
nobleman,1
downplayed,1
hypotheses,1
driftwood,1
forsaken,1
bicycle,1
assumption,1
robinson,1
assume,1
returned,1
pelt,1
nude,1
overcoming,1
prominently,1
harvard,1
tips,1
insure,1
evolution,1
throws,1
freudian,1
varmint,1
previous,1
california,1
intimacy,1
sherlock,1
rubs,1
bedroom,1
iconographies,1
lessened,1
described,1
specimen,1
excused,1
maid,1
exertion,1
open,1
significance,1
explorations,1
craving,1
earth,1
eddie,1
reward,1
talk,1
express,1
mt,1
tail,1
sustain,1
decorated,1
peter,1
lady,1
quests,1
subtitle,1
august,1
drains,1
cheetah,1
kerchief,1
someone,1
confers,1
change,1
belongs,1
japanese,1
strange,1
vintage,1
attribution,1
mexico,1
collected,1
sightseers,1
laugh,1
filled,1
vegetation,1
standard,1
abundant,1
expressing,1
legitimating,1
imagination,1
tangents,1
fertilization,1
anybody,1
quick,1
ture,1
subordinated,1
gets,1
somehow,1
internal,1
guilt,1
satisfy,1
trying,1
seductively,1
lesbian,1
dollars,1
viewpoint,1
bellowed,1
package,1
lift,1
mare,1
carr,1
stand,1
consciously,1
wreck,1
humor,1
structure,1
seeking,1
grudging,1
admiringly,1
consumption,1
conscience,1
analyze,1
slightly,1
looked,1
cruel,1
cape,1
sydney,1
destruction,1
jerry,1
hanover,1
naturalization,1
reckless,1
nonhunting,1
isn,1
opinions,1
sticker,1
justice,1
motif,1
lie,1
increasing,1
penetrates,1
entitled,1
tamed,1
provoking,1
dawn,1
faux,1
discussing,1
relationship,1
captioned,1
slender,1
arc,1
daughter,1
coupled,1
raise,1
note,1
adorns,1
independent,1
usually,1
zealously,1
linda,1
guests,1
husband,1
plays,1
fully,1
kashmiri,1
fear,1
menstrual,1
spouse,1
begin,1
select,1
inside,1
lines,1
intimidating,1
preempt,1
subjugation,1
fuse,1
recognizes,1
fantasy,1
burr,1
lesley,1
independence,1
disney,1
harmed,1
concluding,1
prowess,1
invited,1
force,1
privileges,1
worse,1
hopeful,1
keenly,1
solutions,1
maximizing,1
try,1
indicate,1
bows,1
linking,1
intend,1
casually,1
hierarchical,1
sage,1
entertainment,1
dead,1
reiger,1
holmes,1
types,1
instances,1
walking,1
attributions,1
face,1
repressed,1
canada,1
articles,1
estrus,1
gamebird,1
vanessa,1
association,1
rebutted,1
exchanged,1
rises,1
bowyer,1
considered,1
matters,1
detail,1
entertain,1
claims,1
school,1
acquired,1
shirt,1
reciprocal,1
neglected,1
seriously,1
lingerie,1
rarely,1
eventually,1
coat,1
tusk,1
girls,1
series,1
conclusion,1
flirt,1
climbing,1
intensification,1
waterfowler,1
nervous,1
hell,1
manual,1
demonstrate,1
extensive,1
steel,1
ever,1
homoerotic,1
laying,1
antibrian,1
implied,1
mortimer,1
alfred,1
reciprocity,1
favors,1
ll,1
carnivore,1
dualistic,1
besides,1
preserves,1
meat,1
appealing,1
depredation,1
equation,1
couples,1
highly,1
rophy,1
ran,1
principle,1
smeared,1
spreading,1
dare,1
fault,1
markings,1
controversy,1
descriptions,1
lying,1
global,1
posewitz,1
yeah,1
venison,1
sampling,1
seem,1
believe,1
ivory,1
best,1
politics,1
leaders,1
jacobs,1
tandem,1
orgiastically,1
argue,1
propaganda,1
universal,1
regard,1
domestic,1
regaining,1
speech,1
post,1
harvest,1
exploiting,1
rapone,1
degenerates,1
picks,1
guy,1
perfectly,1
rely,1
written,1
moonlight,1
reflected,1
cities,1
frenzied,1
mass,1
passage,1
works,1
flaccid,1
absolutely,1
pushing,1
person,1
turned,1
justify,1
quietly,1
indulged,1
william,1
drop,1
captive,1
quiet,1
surpluses,1
hall,1
penn,1
heads,1
transfers,1
month,1
kidnapped,1
list,1
namely,1
making,1
accounts,1
plants,1
shalimar,1
supports,1
independently,1
emblems,1
feb,1
maintain,1
elusive,1
anticlimax,1
alligators,1
mere,1
theory,1
shall,1
gambling,1
leaving,1
distribution,1
instrument,1
surveying,1
limbs,1
ecco,1
saddle,1
undo,1
correlates,1
bror,1
perpetrated,1
require,1
early,1
protectors,1
huge,1
handmade,1
apartment,1
wonders,1
feminized,1
aren,1
categories,1
middle,1
romanticthat,1
burden,1
wandering,1
varieties,1
naked,1
townspeople,1
leopard,1
feat,1
quadrangle,1
recognition,1
elastically,1
ill,1
beach,1
altogether,1
recounts,1
initiate,1
content,1
rod,1
confirm,1
ingrained,1
became,1
role,1
splits,1
turns,1
tried,1
respectable,1
bathing,1
sitting,1
step,1
cash,1
controls,1
went,1
gang,1
territory,1
measure,1
jungle,1
contribute,1
souls,1
arguments,1
abbott,1
afflicting,1
pound,1
using,1
harrisburg,1
slain,1
isolated,1
aims,1
writing,1
blixen,1
boasting,1
leap,1
cruelty,1
gratifyingly,1
dominant,1
analogy,1
named,1
campus,1
speculating,1
promoted,1
devoted,1
soft,1
elongated,1
spring,1
theme,1
touch,1
lists,1
gloves,1
argues,1
knopf,1
justifiably,1
generate,1
lands,1
average,1
similarity,1
clubs,1
eunuch,1
conditions,1
steam,1
untamed,1
accept,1
naomi,1
irrepressible,1
wish,1
wears,1
slides,1
grown,1
eroticization,1
touches,1
integrated,1
harder,1
certificate,1
sadness,1
throat,1
fooled,1
guiding,1
unified,1
allured,1
reflexive,1
conquered,1
playing,1
defined,1
derive,1
seeks,1
attempted,1
pigeons,1
inequalities,1
philosophy,1
mellow,1
lovemaking,1
extremely,1
compensates,1
subtitles,1
climactic,1
speak,1
increased,1
morning,1
maintaining,1
flooding,1
needs,1
evelyn,1
observation,1
charles,1
barry,1
creamy,1
cull,1
ceiling,1
racks,1
buffalo,1
bends,1
masqueraded,1
posture,1
interlinked,1
encouraging,1
meaning,1
elites,1
musky,1
henry,1
beneke,1
hypothalamus,1
sharing,1
dark,1
exclusively,1
feminizes,1
abroad,1
condone,1
bowhunters,1
mature,1
seek,1
prison,1
grace,1
whenever,1
networks,1
stackpole,1
beings,1
pulling,1
broader,1
doing,1
indicating,1
race,1
cited,1
major,1
perception,1
martin,1
deeper,1
increase,1
