WORDCOUNTS,WEIGHT
the,1131
of,553
in,448
and,380
to,287
a,205
for,157
is,141
that,132
soviet,129
we,109
trade,107
with,106
finnish,99
model,90
finland,87
percent,83
as,79
by,77
sector,73
from,71
was,66
output,65
shock,63
ussr,60
labor,57
energy,57
on,56
at,55
wages,55
price,53
are,51
wage,50
data,49
shocks,48
rate,47
collapse,47
exports,46
economy,46
economic,45
our,45
depression,43
these,43
this,41
can,40
real,39
oil,39
adjustment,38
more,36
be,36
which,34
goods,33
an,32
dynamics,31
costs,31
union,31
investment,31
not,31
consumption,31
interest,30
great,29
than,29
were,29
e,28
drop,28
market,26
panel,26
value,26
countries,25
large,24
after,24
c,24
other,23
also,23
trend,23
sectors,23
g,22
no,22
decline,22
two,22
have,22
all,21
i,21
had,21
tax,21
contraction,21
between,21
it,20
added,20
figure,20
transition,20
o,19
if,19
one,19
s,19
export,19
prices,19
results,19
but,19
financial,19
employment,19
baseline,19
early,19
j,18
since,18
gorodnichenko,18
markets,18
relative,18
t,17
b,17
given,17
evidence,17
american,16
capital,16
review,16
only,16
years,16
ratio,16
economies,15
rates,15
similar,15
however,15
because,15
loss,15
or,15
firms,15
time,15
see,15
when,15
sweden,15
set,15
both,15
deviations,14
cost,14
its,14
good,14
world,14
increase,14
series,14
share,14
level,14
rigid,14
first,13
eastern,13
important,13
well,13
industry,13
fully,13
demand,13
experienced,13
workers,13
exchange,13
each,13
effects,13
observed,13
consistent,12
vol,12
sectoral,12
response,12
across,12
could,12
caused,12
hence,12
about,12
where,12
gdp,12
period,12
analysis,12
etal,12
scenario,12
d,12
imported,11
iv,11
find,11
higher,11
flexible,11
their,11
change,11
responses,11
macroeconomic,11
june,11
service,11
included,11
over,11
tfp,11
tion,10
per,10
western,10
total,10
online,10
l,10
section,10
hit,10
year,10
below,10
aggregate,10
rigidity,10
credit,10
factor,10
assume,10
frictions,10
markup,10
equilibrium,10
table,10
national,10
alternative,10
does,9
into,9
before,9
sutela,9
conesa,9
there,9
growth,9
how,9
factors,9
changes,9
university,9
economics,9
initial,9
trough,9
et,9
small,9
second,9
al,9
shows,9
income,9
deep,9
actual,9
oecd,9
downturn,9
ing,9
appendix,9
increased,9
major,9
calibrated,8
mendoza,8
tesar,8
former,8
those,8
key,8
journal,8
details,8
industries,8
view,8
path,8
equal,8
agreements,8
produced,8
unemployment,8
even,8
research,8
peak,8
same,8
business,8
europe,8
match,8
would,8
features,8
effect,8
quantitative,8
supply,8
specialized,8
different,8
recession,8
nominal,8
extent,8
while,8
size,8
role,8
manufacturing,8
using,8
difference,8
crisis,8
measured,8
policy,7
production,7
thus,7
such,7
relatively,7
http,7
rather,7
m,7
p,7
wjt,7
imports,7
during,7
hungary,7
bank,7
productivity,7
notes,7
tes,7
fell,7
larger,7
new,7
use,7
net,7
variables,7
crises,7
so,7
quarterly,7
foreign,7
substitution,7
subsidy,7
column,7
paper,7
domestic,7
particularly,7
org,7
produces,6
overvalued,6
sets,6
sudden,6
studies,6
quadratic,6
experience,6
ii,6
case,6
exogenous,6
account,6
cooperation,6
depressions,6
inflation,6
compare,6
ment,6
elasticity,6
unit,6
levels,6
nontraded,6
plots,6
ruhl,6
kehoe,6
additional,6
allow,6
kajaste,6
further,6
accounting,6
annual,6
will,6
poland,6
steady,6
short,6
currency,6
exposure,6
reports,6
addition,6
habit,6
cmea,6
significant,6
high,6
played,6
standard,6
compute,6
banking,6
european,6
been,6
fall,6
simulated,6
then,6
specification,6
country,6
argue,6
dramatic,6
through,6
formation,6
values,6
much,6
strong,6
measures,5
fixed,5
presents,5
expenditures,5
long,5
allocations,5
government,5
composition,5
wft,5
state,5
system,5
captures,5
u,5
some,5
west,5
severe,5
development,5
run,5
assumes,5
may,5
persistent,5
seven,5
out,5
representative,5
late,5
stock,5
reservation,5
explain,5
line,5
example,5
negative,5
least,5
socialist,5
republics,5
cycle,5
indeed,5
under,5
light,5
experiment,5
rigidities,5
volume,5
kj,5
frequency,5
another,5
traded,5
sold,5
services,5
previous,5
peter,5
interpret,5
exported,5
examine,5
parameters,5
versus,5
note,5
pe,5
contribution,5
stickiness,5
magnitude,5
markka,5
following,5
nontradables,5
did,5
very,5
hall,5
explanations,5
terms,5
accounts,5
particular,5
suggests,5
press,5
bargaining,5
conditions,5
although,5
close,5
depreciation,5
difficult,4
estimated,4
fraction,4
faced,4
koskela,4
germany,4
they,4
confidence,4
zero,4
crunch,4
greater,4
source,4
aftermath,4
products,4
take,4
persistence,4
declines,4
con,4
rodrik,4
firm,4
condition,4
international,4
dynamic,4
framework,4
million,4
consumed,4
adjust,4
pekka,4
main,4
process,4
qjt,4
enrique,4
organization,4
established,4
show,4
concentration,4
destined,4
unions,4
r,4
xu,4
predicts,4
statistics,4
stationary,4
interpreted,4
trading,4
highly,4
böckerman,4
uusitalo,4
input,4
arrangement,4
wrote,4
sion,4
edited,4
arrangements,4
us,4
german,4
largest,4
aggregates,4
fact,4
reallocation,4
do,4
increases,4
degree,4
exporting,4
parameter,4
largely,4
mst,4
recovery,4
macro,4
clearing,4
three,4
balanced,4
households,4
depth,4
bureau,4
movements,4
linda,4
force,4
united,4
meant,4
predictions,4
log,4
equipment,4
berkeley,4
natural,4
has,4
down,4
according,4
aggregator,4
inputs,4
manufactures,4
interval,4
burden,4
econ,4
benchmark,4
tions,4
institutional,4
finally,4
contributed,4
assumed,4
russia,4
cited,4
row,4
cent,3
shipbuilding,3
intertemporal,3
columns,3
rt,3
induced,3
edu,3
leads,3
hike,3
sources,3
nature,3
words,3
reasons,3
thank,3
timing,3
quarter,3
last,3
political,3
decreased,3
triggered,3
east,3
right,3
cu,3
amplification,3
activity,3
taking,3
x,3
household,3
explained,3
facts,3
due,3
jonung,3
ability,3
relations,3
transitional,3
estimates,3
items,3
ohanian,3
y,3
general,3
mechanisms,3
deviation,3
via,3
york,3
michigan,3
his,3
earlier,3
kekkonen,3
republic,3
assuming,3
downward,3
developments,3
specialization,3
clearly,3
allocation,3
just,3
impact,3
w,3
most,3
olivier,3
required,3
cut,3
result,3
distribution,3
pc,3
introduce,3
devaluations,3
furthermore,3
third,3
cannot,3
equip,3
helibor,3
stats,3
sales,3
accelerator,3
start,3
crude,3
part,3
uc,3
q,3
hikes,3
way,3
president,3
kiander,3
ratios,3
working,3
corresponds,3
unexpected,3
specifically,3
around,3
vartia,3
several,3
observe,3
generally,3
dickens,3
materials,3
various,3
requirement,3
limited,3
still,3
make,3
hold,3
structural,3
technology,3
honkapohja,3
pf,3
falls,3
railroad,3
without,3
department,3
rise,3
useful,3
inflexible,3
kenneth,3
mark,3
others,3
averages,3
botero,3
agree,3
v,3
michael,3
less,3
nokia,3
shimer,3
understanding,3
snellman,3
including,3
ö,3
top,3
findings,3
assumption,3
resulting,3
full,3
theoretical,3
described,3
open,3
aje,3
like,3
curve,3
provides,3
especially,3
computed,3
contracts,3
figures,3
nomic,3
aer,3
negotiations,3
relationship,3
five,3
sec,3
institutions,3
slow,3
tive,3
detailed,3
often,3
any,3
impulse,3
subsidized,3
doi,3
yuriy,3
ß,3
shares,3
dx,3
december,3
calibrate,3
what,3
seppo,3
cause,3
problem,3
weights,3
institute,3
episode,3
little,3
blanchard,3
challenges,3
finn,3
contractions,3
generate,3
average,3
decrease,3
approximately,3
smaller,3
defined,3
bigger,3
comparison,3
reached,3
kim,3
develop,3
focus,3
among,3
lu,3
final,2
now,2
functional,2
cussion,2
money,2
utility,2
expect,2
asian,2
deepest,2
h,2
pst,2
flows,2
perfect,2
unlike,2
stan,2
replicate,2
cpi,2
calibration,2
princeton,2
root,2
downturns,2
lower,2
being,2
painful,2
explaining,2
deterministic,2
taken,2
seems,2
ajeejt,2
paunio,2
available,2
assess,2
broadly,2
governed,2
roland,2
concludes,2
debt,2
depres,2
slovakia,2
raised,2
similarly,2
robert,2
california,2
reading,2
ity,2
llt,2
papers,2
depends,2
est,2
capacity,2
discuss,2
possible,2
implies,2
characterize,2
drive,2
taxation,2
rela,2
timothy,2
cole,2
correlation,2
interviews,2
mar,2
behavior,2
surplus,2
exposed,2
tons,2
central,2
counterfactual,2
relationships,2
points,2
illustrates,2
against,2
unpublished,2
consumer,2
dis,2
defense,2
speculative,2
times,2
document,2
speed,2
precollapse,2
effective,2
macroeco,2
alj,2
function,2
romania,2
orlowski,2
predicted,2
performance,2
federal,2
developed,2
love,2
edward,2
verdier,2
capture,2
importance,2
direct,2
steinberg,2
contributions,2
reforms,2
intensity,2
util,2
means,2
gertler,2
helsinki,2
consider,2
flexibility,2
gradually,2
facturing,2
solid,2
four,2
follow,2
shed,2
followed,2
surge,2
willing,2
setup,2
suggested,2
tradable,2
maliranta,2
raw,2
gregory,2
came,2
declined,2
discount,2
plot,2
resembles,2
demands,2
ket,2
czech,2
evaluate,2
fourth,2
mainly,2
greenwood,2
computes,2
applied,2
purchased,2
scale,2
senes,2
ht,2
lost,2
directly,2
work,2
received,2
industrial,2
buttrick,2
disutility,2
reserve,2
interna,2
ten,2
restructuring,2
fit,2
place,2
collective,2
compensation,2
documented,2
personal,2
away,2
klara,2
manu,2
status,2
trends,2
approach,2
sense,2
petri,2
suggest,2
next,2
adj,2
contrast,2
sharp,2
ptt,2
event,2
involved,2
gt,2
choose,2
components,2
transfer,2
shaded,2
up,2
gross,2
finds,2
capturing,2
nations,2
he,2
units,2
hercowitz,2
bykov,2
overall,2
etc,2
bloc,2
above,2
tor,2
preferences,2
expanded,2
kimball,2
forecast,2
once,2
interpretation,2
thought,2
erkki,2
index,2
kremer,2
home,2
adjusted,2
assistance,2
complete,2
equalized,2
reduces,2
decomposition,2
lee,2
toward,2
many,2
reunification,2
plan,2
urho,2
laaksonen,2
ilmakunnas,2
minneapolis,2
end,2
variation,2
pattern,2
imperfect,2
forms,2
remarkable,2
jobs,2
slovenia,2
private,2
shapiro,2
spending,2
discussion,2
own,2
made,2
yjt,2
helps,2
formal,2
region,2
unionization,2
enormous,2
previously,2
sufficiently,2
virtually,2
juan,2
causes,2
affects,2
sequence,2
multisector,2
sabirianova,2
reces,2
tional,2
adding,2
authors,2
grew,2
agreement,2
amounts,2
individual,2
keep,2
allowed,2
external,2
maximize,2
paths,2
quick,2
beyond,2
internal,2
article,2
structure,2
story,2
nonmanual,2
equivalent,2
redirected,2
separate,2
transi,2
increasing,2
specifications,2
tests,2
roope,2
transformations,2
fairly,2
provide,2
quo,2
bulk,2
reasonable,2
who,2
concluding,2
un,2
began,2
effectively,2
sequences,2
yit,2
why,2
exclude,2
marrese,2
types,2
natalucci,2
unanticipated,2
duncan,2
must,2
regulated,2
qu,2
telecommunications,2
know,2
introducing,2
monthly,2
global,2
vanous,2
setting,2
seem,2
referees,2
current,2
returns,2
iii,2
job,2
pete,2
perfectly,2
adverse,2
gas,2
fibor,2
lending,2
better,2
literature,2
capita,2
reconcile,2
validate,2
liberalization,2
axis,2
produce,2
almost,2
scenarios,2
maximum,2
qlt,2
transport,2
affecting,2
vihriälä,2
assumptions,2
went,2
com,2
measure,2
extended,2
contribute,2
policymakers,2
krasnov,2
remarks,2
invested,2
moderate,2
gilchrist,2
argument,2
argues,2
instead,2
include,2
typically,2
define,2
product,2
states,2
brada,2
shift,2
roughly,2
macroeconomics,2
needs,2
vi,2
drift,2
removed,2
huffman,2
resources,2
vainiomaki,2
chicago,2
haikio,2
duration,2
should,2
indicating,2
occur,2
costly,2
deeper,2
barter,2
scandinavian,1
edita,1
courts,1
inflationary,1
spikes,1
democracy,1
ments,1
go,1
margins,1
gabor,1
formulated,1
detrending,1
page,1
nontradable,1
trast,1
convergence,1
horizontal,1
slows,1
estate,1
ols,1
keller,1
generous,1
designated,1
ata,1
ltesar,1
financed,1
peaceful,1
nationwide,1
episodes,1
profitability,1
resulted,1
college,1
lated,1
connection,1
propagation,1
overpay,1
empirical,1
adoption,1
eliminated,1
considerably,1
andkorolev,1
starts,1
compensated,1
federation,1
evans,1
distributed,1
forcing,1
decentralized,1
lovef,1
likewise,1
tora,1
ajepi,1
obsolete,1
ample,1
identify,1
designed,1
prime,1
ma,1
linkages,1
informative,1
authority,1
omy,1
tors,1
complement,1
ways,1
lorch,1
easily,1
mit,1
bination,1
modern,1
favor,1
licenses,1
earnings,1
boulder,1
gr,1
implosion,1
comparisons,1
perestroika,1
unan,1
necessarily,1
emphasize,1
allies,1
history,1
occurred,1
flex,1
ucts,1
cornell,1
harold,1
standards,1
redirect,1
intertem,1
conjecture,1
turning,1
relaxing,1
rtb,1
chooses,1
fluctuations,1
fares,1
incomplete,1
anything,1
functioning,1
leontief,1
disaggregated,1
deter,1
complements,1
provision,1
tappan,1
unstats,1
assets,1
modest,1
davis,1
swedish,1
fedorova,1
disagreement,1
exclusive,1
implications,1
concentrated,1
motor,1
address,1
rapid,1
sub,1
capitalists,1
utilization,1
expands,1
tilted,1
overnight,1
supplied,1
definition,1
company,1
cial,1
reach,1
impute,1
capitalist,1
fabio,1
textiles,1
leading,1
broken,1
suggesting,1
correspondingly,1
tydings,1
turnover,1
tiate,1
differences,1
gradual,1
augments,1
analyses,1
producing,1
follows,1
rule,1
borne,1
able,1
jing,1
pjt,1
subsequent,1
ngid,1
help,1
maurice,1
feature,1
groshen,1
rafael,1
date,1
miles,1
respond,1
displayed,1
cell,1
classified,1
opposite,1
nal,1
profitable,1
somewhat,1
within,1
ducing,1
retrenchment,1
oblath,1
british,1
side,1
disarmament,1
wasted,1
amplifi,1
ltd,1
westview,1
recorded,1
nber,1
finan,1
constraint,1
tal,1
approximations,1
settles,1
chapter,1
celed,1
quantities,1
prior,1
determined,1
lifetime,1
compelling,1
constraints,1
machinery,1
illustrate,1
cap,1
reaction,1
solely,1
mutual,1
julian,1
consumers,1
obvious,1
dataset,1
combination,1
variations,1
jeff,1
except,1
far,1
owners,1
sent,1
quantity,1
algorithm,1
sachs,1
compares,1
milder,1
zhang,1
identifies,1
lars,1
qí,1
sign,1
ygorodni,1
shut,1
corresponding,1
indicates,1
messina,1
andrew,1
centralized,1
dani,1
throughout,1
targeting,1
helga,1
estimating,1
tail,1
determinants,1
objective,1
analyzing,1
tables,1
simeon,1
djankov,1
unionized,1
agent,1
characteristic,1
regarded,1
precise,1
tumbled,1
santa,1
occurs,1
carlos,1
jeremy,1
conducted,1
coexistence,1
prediction,1
simula,1
coibion,1
emerges,1
materially,1
assessment,1
janet,1
sample,1
century,1
z,1
cations,1
exercise,1
turn,1
maintaining,1
symptoms,1
perspective,1
depend,1
cali,1
back,1
bread,1
machines,1
six,1
gop,1
left,1
continuous,1
employers,1
estimate,1
vanish,1
profit,1
weight,1
coinciding,1
explore,1
unproduc,1
blue,1
instruments,1
ingredient,1
yi,1
nomi,1
hardly,1
influence,1
acknowledge,1
competitive,1
overstates,1
contracting,1
let,1
mechanism,1
jean,1
rights,1
surprisingly,1
serial,1
interesting,1
simultaneously,1
stochas,1
philadelphia,1
recovers,1
ljt,1
cally,1
reflects,1
nationalaccount,1
license,1
lt,1
pstms,1
identification,1
friedlander,1
managers,1
reproduce,1
camp,1
principally,1
aimed,1
en,1
crash,1
vacancies,1
explicit,1
pascal,1
policies,1
responded,1
treat,1
bond,1
active,1
amplifica,1
fed,1
vs,1
pervasiveness,1
risk,1
traction,1
ex,1
millions,1
adjustments,1
rose,1
derived,1
murrell,1
generating,1
tionship,1
k,1
gratefully,1
form,1
lay,1
arbor,1
transforma,1
consequences,1
distortions,1
dependency,1
support,1
reinterpretation,1
understand,1
maximizes,1
discounts,1
park,1
appendixes,1
plus,1
umich,1
dmitri,1
imposing,1
benefits,1
organized,1
jjjt,1
hypothe,1
piekkola,1
n,1
mary,1
house,1
unemployed,1
argued,1
wj,1
quarters,1
too,1
prevent,1
periodically,1
xi,1
orientation,1
mika,1
obstfeld,1
prima,1
textile,1
origins,1
inflated,1
consequence,1
disorganization,1
conditional,1
puts,1
cycles,1
solve,1
shifted,1
restriction,1
labour,1
utiliza,1
erosion,1
projected,1
strategy,1
providing,1
decades,1
martti,1
approxi,1
matching,1
descriptive,1
behaviour,1
ilkka,1
expressed,1
moving,1
skewed,1
endogenous,1
bilateral,1
beveridge,1
lead,1
ilt,1
avenue,1
lodel,1
downwardly,1
transmission,1
elasticities,1
pentti,1
method,1
demise,1
ticipated,1
hav,1
access,1
attack,1
mapping,1
strongly,1
gj,1
objectives,1
generates,1
deal,1
shared,1
events,1
dislocation,1
luxury,1
quadrupling,1
persist,1
possibility,1
approximation,1
experts,1
mined,1
cancellation,1
underpricing,1
pfefi,1
pro,1
equally,1
frisch,1
understood,1
informed,1
though,1
prescott,1
imbalances,1
war,1
block,1
czechoslovakia,1
aspects,1
indirect,1
kjt,1
default,1
absorption,1
suffered,1
excellent,1
explored,1
perform,1
counties,1
guarantee,1
vehicles,1
facilities,1
pjtqj,1
simulations,1
public,1
toral,1
filter,1
elastic,1
rubles,1
improve,1
none,1
minimal,1
militarized,1
qit,1
closed,1
used,1
destinations,1
probably,1
taxing,1
abroad,1
scope,1
josef,1
leisure,1
unsd,1
future,1
significantly,1
steve,1
explains,1
competing,1
knowledge,1
calls,1
reduction,1
kari,1
caught,1
description,1
whole,1
arrives,1
database,1
domestically,1
postshock,1
references,1
broad,1
partly,1
denominated,1
mn,1
point,1
actually,1
falling,1
yst,1
churning,1
binding,1
reflect,1
legislation,1
econo,1
cancelled,1
interbank,1
func,1
seminars,1
miniscule,1
includ,1
exporters,1
enhances,1
intermediates,1
ucla,1
hidden,1
announcement,1
either,1
persistently,1
recessions,1
preceded,1
governs,1
normally,1
goette,1
mately,1
presented,1
elect,1
negligible,1
cold,1
emphasizes,1
quite,1
ward,1
andrei,1
massive,1
troubles,1
melanie,1
eco,1
mineral,1
separately,1
dividend,1
dlt,1
leather,1
temporary,1
oblathand,1
mi,1
credible,1
managed,1
inflexibility,1
ysis,1
invariant,1
predic,1
necessity,1
dependent,1
lorenz,1
regardless,1
cccn,1
promoter,1
pft,1
wolfgang,1
settle,1
rest,1
footwear,1
denned,1
asp,1
society,1
micro,1
barbara,1
cite,1
brookings,1
analytic,1
critical,1
revenuatapor,1
therefore,1
led,1
pharn,1
situation,1
proxy,1
ramifications,1
qr,1
reduced,1
nonetheless,1
gather,1
noncompetitive,1
mottola,1
classic,1
drops,1
gnp,1
upward,1
reduce,1
converted,1
hessenius,1
reserves,1
wjflfl,1
slower,1
comments,1
experiences,1
dramati,1
triggering,1
collapsed,1
rajaste,1
mea,1
echo,1
subsection,1
put,1
positive,1
consump,1
lisa,1
percentage,1
matches,1
metric,1
simultaneous,1
competition,1
pivotal,1
unintended,1
yet,1
wharton,1
intuitively,1
tighter,1
pee,1
tremendous,1
makes,1
marginal,1
happened,1
builds,1
heaviest,1
shleifer,1
counterparts,1
array,1
evolved,1
official,1
aggre,1
ible,1
mies,1
substitutability,1
participants,1
une,1
symptom,1
asia,1
barrel,1
tic,1
switch,1
robust,1
already,1
parties,1
illustrated,1
moments,1
bar,1
generality,1
street,1
fruitful,1
sis,1
members,1
leader,1
holden,1
jeffrey,1
attacks,1
lapse,1
request,1
matthew,1
capi,1
fin,1
bined,1
rejects,1
tbt,1
ask,1
performs,1
smith,1
anecdotal,1
incorporates,1
trols,1
faster,1
culprit,1
ghent,1
contrasts,1
fundamental,1
daily,1
arising,1
pressure,1
striking,1
microeconomic,1
appeared,1
documents,1
numeraire,1
reform,1
regulation,1
replicates,1
together,1
isolate,1
banks,1
decreases,1
hannu,1
anal,1
fallen,1
fjil,1
umd,1
doubt,1
resolved,1
collapses,1
minimize,1
overpricing,1
discussed,1
minister,1
appealing,1
channel,1
reformed,1
overstate,1
conclusions,1
behind,1
akerlof,1
kit,1
plt,1
djt,1
fro,1
covered,1
operating,1
erica,1
weighted,1
cles,1
developing,1
folklore,1
relevant,1
contracted,1
lion,1
strategies,1
notch,1
council,1
borrowing,1
necessary,1
cir,1
volatile,1
simplicity,1
belief,1
project,1
eds,1
sell,1
iar,1
number,1
compete,1
corpo,1
spike,1
insensitive,1
fight,1
interpreting,1
calculation,1
simon,1
aggregation,1
piq,1
greatest,1
exhibit,1
supplies,1
success,1
shipbuild,1
explanation,1
northampton,1
upon,1
aggregated,1
industrialized,1
simulating,1
dollar,1
troughs,1
wf,1
opportunity,1
expand,1
misallocation,1
budget,1
entirely,1
nego,1
denies,1
combining,1
icebreakers,1
jouko,1
heavi,1
academics,1
alloca,1
identical,1
stay,1
chosen,1
stayed,1
lucrative,1
theories,1
prod,1
monetary,1
low,1
significance,1
comple,1
clear,1
bulgana,1
directed,1
comprehensive,1
express,1
tl,1
accounted,1
ceutocals,1
co,1
pin,1
held,1
rationalized,1
defensive,1
spread,1
satisfies,1
gates,1
optimum,1
premium,1
pj,1
static,1
perma,1
shortly,1
pension,1
exporter,1
construct,1
neutral,1
anybody,1
communists,1
ip,1
annually,1
enough,1
satisfy,1
study,1
jarrko,1
disaggregation,1
sensible,1
hits,1
respectively,1
ann,1
pßqjt,1
january,1
learn,1
natu,1
bracket,1
bal,1
translate,1
slightly,1
amplifies,1
slowdown,1
contrac,1
dynam,1
precommitment,1
wlt,1
imperfectly,1
sticky,1
xlt,1
collec,1
redundancy,1
mil,1
zoakerlof,1
la,1
elgar,1
embody,1
widely,1
division,1
variety,1
examines,1
visit,1
macmillan,1
space,1
deepens,1
steinar,1
depressed,1
abstracting,1
cation,1
fueled,1
modification,1
zvi,1
federations,1
reproduc,1
belonged,1
intelligence,1
education,1
equals,1
perspectives,1
continued,1
george,1
usually,1
gigantic,1
lar,1
testing,1
ministry,1
suggestive,1
bound,1
nonmilitary,1
inside,1
fisherian,1
comovement,1
vertical,1
lines,1
primarily,1
sensitive,1
bt,1
stitutability,1
sures,1
stipulate,1
settled,1
expectations,1
fe,1
jaakko,1
liners,1
elderly,1
cr,1
starting,1
yesa,1
months,1
get,1
itself,1
face,1
overexpansion,1
resemble,1
fac,1
rises,1
stable,1
bench,1
school,1
produc,1
environment,1
suggestions,1
extrapolate,1
authorities,1
pumped,1
thinking,1
wd,1
associated,1
simu,1
practice,1
summary,1
lessons,1
comes,1
conclusion,1
complexity,1
version,1
subsidization,1
ao,1
respective,1
twins,1
struck,1
redirecting,1
famil,1
constituted,1
extension,1
pace,1
implied,1
byproduct,1
slope,1
regime,1
membership,1
facie,1
md,1
shooting,1
text,1
lowing,1
simi,1
quickly,1
korean,1
bulgaria,1
partner,1
principle,1
sure,1
finance,1
qi,1
dismantled,1
nent,1
believe,1
best,1
ft,1
leaders,1
half,1
cyclical,1
surprised,1
report,1
creditworthiness,1
proportional,1
post,1
ics,1
benefit,1
constant,1
mendozae,1
finns,1
associations,1
pit,1
distinctive,1
preshock,1
driven,1
otjjce,1
enlarged,1
bration,1
tonnes,1
works,1
living,1
type,1
february,1
marg,1
forecasts,1
beginning,1
defend,1
william,1
gourinchas,1
penn,1
jari,1
experi,1
automatically,1
notable,1
classifica,1
transfers,1
combined,1
unique,1
implicit,1
pakj,1
equilibria,1
maryland,1
pfej,1
tailored,1
thierry,1
min,1
poral,1
maintain,1
lengths,1
theory,1
florencio,1
froot,1
sharing,1
substitutable,1
michaillat,1
allocate,1
studying,1
balance,1
assump,1
anna,1
bundesbank,1
deflation,1
porta,1
conference,1
nj,1
traspon,1
ftyit,1
balances,1
wedge,1
bartered,1
peace,1
reported,1
conclude,1
erally,1
nordic,1
subsidies,1
content,1
juhn,1
became,1
docu,1
november,1
yellen,1
korolev,1
easy,1
gerard,1
concessions,1
buy,1
subject,1
agents,1
omies,1
happens,1
sheets,1
rochester,1
lab,1
arguments,1
trigger,1
qualitative,1
exceptionally,1
twin,1
isolated,1
quku,1
aspect,1
behaved,1
jan,1
precision,1
ance,1
come,1
allo,1
shorter,1
devoted,1
ultimately,1
until,1
models,1
storable,1
unable,1
denvil,1
sumption,1
functions,1
similarity,1
quotas,1
finding,1
twentieth,1
strikingly,1
accept,1
publishing,1
parallels,1
course,1
romer,1
prolonged,1
land,1
normalized,1
environ,1
constructed,1
aircran,1
provided,1
gen,1
disruption,1
exceeding,1
regular,1
attributes,1
ukraine,1
attempted,1
off,1
remains,1
burdens,1
classification,1
lj,1
reorganized,1
anonymous,1
profits,1
offered,1
observation,1
specific,1
supported,1
modeling,1
coefficient,1
decentralize,1
substitute,1
fol,1
physica,1
frb,1
ral,1
vary,1
turunen,1
transitory,1
schweitzer,1
cheaper,1
avg,1
debate,1
bargain,1
exclusively,1
import,1
entire,1
surveys,1
mismatch,1
lucjan,1
christina,1
col,1
ca,1
pjup,1
delayed,1
