WORDCOUNTS,WEIGHT
the,673
of,443
and,273
a,249
in,247
to,223
s,155
her,129
i,121
is,112
that,109
with,88
violetta,86
as,74
by,67
la,66
for,64
love,58
e,56
consumption,55
disease,53
it,50
from,47
which,46
on,46
see,44
alfredo,41
this,40
she,40
at,39
act,39
an,37
was,35
or,34
death,34
traviata,33
be,30
l,29
also,29
its,28
di,26
v,26
che,26
verdi,25
time,24
his,23
marguerite,23
ah,22
del,22
de,21
end,21
life,21
t,20
but,20
more,20
are,20
my,19
first,18
has,18
ex,18
un,18
have,18
between,18
consumptive,17
all,17
r,17
will,17
not,17
iii,17
d,17
one,16
before,16
dumas,16
passato,16
their,16
arthur,16
into,15
addio,15
tb,15
new,15
non,15
opera,15
groos,14
p,14
oh,14
hectic,14
breath,14
phthisis,14
only,14
sheets,14
o,13
aria,13
last,13
century,13
m,13
illness,13
il,13
heroine,13
coughing,13
tuberculosis,13
camelias,12
symptoms,12
than,12
no,12
n,12
scene,12
aux,12
two,12
armand,12
they,11
j,11
treatise,11
dame,11
most,11
because,11
f,11
about,11
fact,11
ch,11
attention,11
been,11
then,11
each,11
you,11
had,10
seems,10
even,10
york,10
fever,10
al,10
other,10
pleasure,10
can,10
beginning,10
although,10
final,9
trans,9
ii,9
marked,9
back,9
pulse,9
stage,9
play,9
si,9
again,9
flint,9
amore,9
after,9
me,9
fils,9
past,9
what,9
while,9
if,8
nature,8
chest,8
b,8
character,8
out,8
let,8
well,8
during,8
sense,8
up,8
ne,8
us,8
ed,8
these,8
williams,8
paris,8
prelude,8
so,8
dell,8
we,8
particular,8
mirror,8
text,8
know,8
them,8
die,8
clymer,8
being,7
room,7
con,7
representations,7
ma,7
could,7
appears,7
pallor,7
line,7
london,7
esp,7
few,7
amor,7
when,7
second,7
io,7
cure,7
do,7
general,7
often,7
piave,7
novel,7
cause,7
lui,7
through,7
affliction,7
c,7
immediately,7
live,6
give,6
musical,6
rapid,6
dying,6
red,6
muore,6
della,6
medical,6
initial,6
osler,6
tu,6
hours,6
already,6
own,6
le,6
contrast,6
am,6
he,6
flower,6
same,6
britannica,6
flat,6
metaphors,6
less,6
feverish,6
causes,6
moral,6
health,6
brindisi,6
tempo,6
usually,6
blood,6
pp,6
tutto,6
universe,6
both,6
representation,6
boheme,6
among,6
now,5
allegro,5
basevi,5
modern,5
former,5
feeling,5
oboe,5
diseases,5
there,5
dr,5
coward,5
some,5
leoncavallo,5
since,5
rhythm,5
quell,5
philadelphia,5
how,5
phrases,5
soul,5
david,5
medicine,5
attack,5
scenes,5
late,5
however,5
example,5
edn,5
xviii,5
quatrain,5
thread,5
variety,5
brief,5
rising,5
begins,5
stanza,5
music,5
refrain,5
andante,5
made,5
identity,5
grenvil,5
latter,5
especially,5
relationship,5
note,5
fors,5
practical,5
widespread,5
slow,5
becomes,5
hope,5
rises,5
metaphor,5
mio,5
physical,5
here,5
set,5
mimi,5
operatic,5
dissipation,5
passage,5
number,5
don,5
acute,5
our,5
shift,5
vi,5
difficult,4
dies,4
common,4
way,4
pale,4
asleep,4
appear,4
per,4
studies,4
felice,4
noi,4
smile,4
nineteenth,4
women,4
gia,4
long,4
operas,4
action,4
scena,4
strength,4
paleness,4
libretto,4
reading,4
returns,4
draw,4
germont,4
moment,4
characteristic,4
farewell,4
rosen,4
spite,4
may,4
alexandre,4
reflects,4
identification,4
reference,4
similar,4
reborn,4
white,4
literary,4
clearly,4
age,4
cabaletta,4
mo,4
called,4
hepokoski,4
opposition,4
puccini,4
heart,4
part,4
tubercular,4
falling,4
nor,4
unexpected,4
mi,4
da,4
eyes,4
notes,4
attempts,4
drama,4
above,4
drink,4
movement,4
vie,4
flush,4
cor,4
andantino,4
medici,4
rise,4
support,4
smith,4
quel,4
contemporary,4
man,4
where,4
practice,4
perhaps,4
duet,4
gives,4
strano,4
another,4
niemeyer,4
use,4
metre,4
recovery,4
were,4
quotation,4
subtle,4
like,4
would,4
him,4
features,4
fervent,4
palpito,4
dio,4
irregular,4
bars,4
guests,4
begin,4
who,4
directions,4
diagnosis,4
construction,4
face,4
any,4
setting,4
half,4
ir,4
pulmonary,4
terms,4
loved,4
te,4
voice,4
almost,4
sottile,4
gasping,4
given,4
fleeting,4
come,4
until,4
symbolic,4
argument,4
cambridge,4
returning,4
specific,4
potential,4
entire,4
tuberculose,3
does,3
ora,3
heroic,3
meaning,3
passing,3
complex,3
word,3
h,3
genius,3
ore,3
imminent,3
history,3
remedy,3
source,3
romance,3
sources,3
every,3
might,3
anima,3
retreat,3
words,3
pianissimo,3
desire,3
cosi,3
survey,3
feature,3
deh,3
infection,3
draws,3
italian,3
violins,3
hemoptysis,3
move,3
richard,3
dinner,3
taking,3
uncertain,3
cited,3
chronic,3
letter,3
sign,3
victim,3
thus,3
chapters,3
simonetta,3
collapse,3
development,3
doctor,3
tuberkulose,3
cases,3
lovers,3
body,3
left,3
thin,3
though,3
hero,3
colour,3
without,3
process,3
goes,3
phthisica,3
factors,3
moreover,3
means,3
references,3
marks,3
forget,3
sick,3
ti,3
frequently,3
w,3
four,3
milan,3
cheeks,3
footnote,3
morendo,3
expressed,3
result,3
based,3
accents,3
changed,3
parisian,3
duettino,3
encyclopaedia,3
irony,3
nel,3
tinta,3
wide,3
prayer,3
near,3
possibility,3
suoni,3
genre,3
prominent,3
hereditary,3
individual,3
year,3
used,3
call,3
fini,3
lungs,3
chorus,3
highly,3
revealing,3
mal,3
always,3
visible,3
progress,3
beauty,3
finds,3
voi,3
battle,3
musically,3
phthisical,3
absence,3
constantly,3
reminiscences,3
short,3
fin,3
return,3
qual,3
sounds,3
neither,3
koch,3
skin,3
increasingly,3
disposition,3
figure,3
lamp,3
addition,3
towards,3
water,3
lack,3
striking,3
spesphthisica,3
fashion,3
never,3
respiratory,3
developing,3
barriere,3
woman,3
grave,3
counterpart,3
reflected,3
going,3
day,3
remained,3
local,3
astray,3
prevention,3
concluding,3
herself,3
previous,3
three,3
se,3
evening,3
high,3
effect,3
james,3
separate,3
ranging,3
waltz,3
morbo,3
sometimes,3
lines,3
sospiro,3
began,3
why,3
expectations,3
dead,3
months,3
itself,3
acquired,3
takes,3
associated,3
naples,3
morte,3
mia,3
charles,3
present,3
ended,3
ricade,3
unknown,3
gaiety,3
plague,3
very,3
tal,3
section,3
person,3
champagne,3
whether,3
list,3
camellias,3
suggests,3
emphasis,3
city,3
became,3
false,3
fi,3
cross,3
register,3
association,3
sorridi,3
close,3
spes,3
inasmuch,3
re,3
col,3
flick,3
major,3
perception,3
ending,2
rate,2
later,2
intero,2
created,2
ni,2
environmental,2
epidemic,2
over,2
enfyclopaedia,2
introduction,2
ineluctable,2
becoming,2
reflection,2
large,2
accompaniment,2
fugace,2
sudden,2
teatro,2
dressing,2
vivo,2
supper,2
necessarily,2
cadence,2
title,2
faded,2
bellezza,2
something,2
dottore,2
eye,2
disputed,2
debilitating,2
arms,2
said,2
painful,2
abramo,2
fuggevol,2
preceding,2
expressive,2
implications,2
gautier,2
vols,2
brains,2
attempt,2
budden,2
ourselves,2
predisposing,2
memorial,2
comparatively,2
principles,2
book,2
attractive,2
origin,2
transient,2
follows,2
verbal,2
bronchial,2
immortal,2
take,2
maladie,2
those,2
principal,2
robert,2
croce,2
contrasting,2
theodore,2
wait,2
context,2
case,2
dancing,2
existence,2
avra,2
perdona,2
preludio,2
bones,2
u,2
iv,2
saying,2
hirsch,2
rests,2
victims,2
struggling,2
chapter,2
capable,2
possible,2
contradictory,2
avowal,2
remission,2
say,2
far,2
laws,2
consumai,2
representing,2
linked,2
central,2
singularity,2
throughout,2
such,2
quality,2
run,2
against,2
g,2
interest,2
ut,2
thedtre,2
heightened,2
cf,2
yourself,2
praising,2
galloping,2
keep,2
fig,2
response,2
dolente,2
young,2
races,2
clock,2
journal,2
apparently,2
according,2
accoglila,2
brillante,2
preventive,2
poor,2
whose,2
deviations,2
suoi,2
performance,2
essence,2
interpretation,2
basic,2
breast,2
stuttgart,2
tutti,2
progresses,2
represented,2
eight,2
poi,2
importance,2
strange,2
revelation,2
leaves,2
soprano,2
feel,2
provides,2
rapido,2
accorda,2
ij,2
giuseppe,2
cough,2
slowly,2
spirit,2
dominate,2
k,2
too,2
commonly,2
prima,2
followed,2
cotton,2
care,2
article,2
important,2
suggested,2
drawing,2
parigi,2
dc,2
artistic,2
whereas,2
opening,2
voce,2
came,2
allargando,2
lead,2
tra,2
opposing,2
piacer,2
recalls,2
countenance,2
austin,2
events,2
meter,2
bagneres,2
pure,2
shall,2
perfino,2
corpo,2
interruption,2
singing,2
sul,2
gone,2
placed,2
breathing,2
public,2
impression,2
none,2
lei,2
closed,2
literature,2
nello,2
intense,2
competing,2
wasting,2
related,2
shortness,2
reminiscence,2
got,2
repeating,2
gave,2
fit,2
older,2
place,2
flight,2
heredity,2
moments,2
winter,2
et,2
rene,2
away,2
surrounding,2
lips,2
either,2
least,2
ridenti,2
eroico,2
roses,2
dissolute,2
framed,2
reaches,2
phrase,2
atmosphere,2
event,2
calici,2
convey,2
decline,2
suddenly,2
ta,2
comfort,2
und,2
organs,2
appropriate,2
bacillus,2
interruptions,2
enjoy,2
chronological,2
film,2
impartial,2
minor,2
mysterious,2
fireplace,2
identified,2
octave,2
quella,2
indeed,2
giocondo,2
brings,2
dubos,2
surprise,2
gioia,2
senario,2
comments,2
morta,2
hold,2
direction,2
single,2
spoken,2
oxford,2
godiam,2
attendo,2
devotion,2
dreams,2
thought,2
soon,2
morbid,2
god,2
termination,2
differentiate,2
falls,2
culture,2
baltimore,2
mosso,2
mossoj,2
hopes,2
emotional,2
couch,2
punctuate,2
exit,2
duetto,2
name,2
french,2
stronger,2
mentions,2
pointed,2
put,2
many,2
dalle,2
signified,2
longer,2
unaccustomed,2
treatment,2
sleep,2
attempting,2
larger,2
proceeds,2
universo,2
appropriately,2
divisi,2
serious,2
mor,2
forms,2
drinking,2
remarkable,2
fro,2
centre,2
model,2
fantasies,2
florence,2
fibre,2
necessary,2
emotion,2
belief,2
als,2
style,2
shifts,2
chair,2
score,2
ibid,2
original,2
remote,2
private,2
discussion,2
certain,2
incidence,2
mezzo,2
discovery,2
eighteenth,2
rapidity,2
sufficiently,2
affirmations,2
individuality,2
stethoscope,2
significant,2
illusion,2
largely,2
hour,2
murger,2
described,2
significance,2
doctors,2
specchio,2
lady,2
times,2
forte,2
vita,2
ge,2
orchestra,2
shortly,2
spirits,2
standard,2
exchange,2
quick,2
loretta,2
study,2
parallel,2
constructing,2
relation,2
enjoyed,2
cara,2
looks,2
tendency,2
controversial,2
mortality,2
nasce,2
invalid,2
space,2
things,2
negotiations,2
devote,2
imply,2
foreseen,2
baldini,2
dominates,2
moves,2
recall,2
linda,2
primarily,2
lawrence,2
visual,2
rapidly,2
indicate,2
idyll,2
disembodied,2
analysis,2
lasceremo,2
surprising,2
measured,2
types,2
receive,2
infiora,2
quiet,2
sapete,2
insolito,2
susan,2
vigor,2
dance,2
curious,2
following,2
copland,2
must,2
adjoining,2
known,2
precise,2
der,2
coincides,2
bright,2
tomb,2
different,2
dolci,2
connection,2
flew,2
capital,2
down,2
ensuing,2
libiam,2
expiration,2
affanno,2
particularly,2
exilis,2
boito,2
historical,2
explicitly,2
emphatic,2
turned,2
ogni,2
pardon,2
suffering,2
notable,2
unique,2
form,2
ones,2
gambling,2
leaving,2
adaptation,2
reminder,2
hutcheon,2
desio,2
lynch,2
tubercle,2
tisica,2
placement,2
mul,2
presented,2
son,2
entrance,2
portraying,2
pain,2
thereby,2
sontag,2
resignation,2
role,2
bourgeois,2
transition,2
puzzled,2
assumptions,2
atti,2
much,2
convalescence,2
hedonism,2
vocal,2
staccato,2
background,2
years,2
difference,2
reveals,2
quest,2
catch,2
discursive,2
mode,2
course,2
exclaims,2
instead,2
fatal,2
fior,2
need,2
evidence,2
off,2
morning,2
offered,2
bartlett,2
themselves,2
chicago,2
progressive,2
reached,2
musica,2
era,2
sits,2
gestures,2
senza,2
strong,2
tired,2
should,2
kisses,2
portrait,2
climax,2
looking,2
glances,1
nicholas,1
moralising,1
countryside,1
rigenerato,1
scoring,1
locates,1
go,1
frail,1
complaint,1
ambiente,1
bacchanal,1
dirmelo,1
emi,1
lorenza,1
struggle,1
speranza,1
audible,1
cover,1
gastone,1
prostitution,1
primo,1
riscaldati,1
ecib,1
prendi,1
stuart,1
enter,1
silences,1
treaties,1
rev,1
stylistic,1
responds,1
commentary,1
censorship,1
arias,1
groups,1
himself,1
deio,1
tronco,1
till,1
histoires,1
melody,1
separated,1
dangers,1
culminated,1
affected,1
ardore,1
fiction,1
imitates,1
girl,1
intriguing,1
resisting,1
announced,1
alone,1
poche,1
eliminated,1
morrai,1
imperceptibly,1
invita,1
notably,1
originate,1
moriuntur,1
affetto,1
mouth,1
pagina,1
sweating,1
bei,1
counters,1
av,1
replaced,1
dolore,1
doom,1
epiteto,1
syphilis,1
shoulders,1
drastically,1
chi,1
fate,1
reminders,1
diffusione,1
closure,1
advised,1
bouquet,1
cours,1
song,1
bohume,1
alive,1
giovane,1
evocative,1
true,1
english,1
sopir,1
memoria,1
approaches,1
tomba,1
rt,1
fra,1
sublime,1
conscious,1
notwithstanding,1
falfredo,1
foreshadows,1
duke,1
kranken,1
ideals,1
trace,1
forever,1
position,1
justified,1
poiche,1
veglia,1
allies,1
scordo,1
habits,1
dramatist,1
tells,1
diisseldorf,1
camflias,1
fragile,1
guise,1
sor,1
bram,1
contest,1
leipzig,1
tut,1
hesitations,1
terrifying,1
egra,1
guisa,1
hugus,1
sempre,1
pallore,1
experience,1
divano,1
completely,1
accento,1
lower,1
diletto,1
invoking,1
else,1
verso,1
explaining,1
natures,1
marco,1
humble,1
hence,1
invention,1
caroline,1
adversity,1
fia,1
consuming,1
pervasive,1
expectoration,1
drastic,1
taken,1
efficacious,1
relying,1
regimen,1
refusal,1
progression,1
nome,1
italica,1
worked,1
poch,1
hoffmann,1
potere,1
heated,1
giocando,1
fuu,1
request,1
immense,1
oval,1
imitazione,1
europe,1
flowers,1
fulfills,1
tradition,1
buttonhole,1
twenty,1
assertion,1
suggesting,1
culminates,1
simple,1
confusion,1
thank,1
witnessing,1
confirming,1
resuscitate,1
narrative,1
purple,1
volar,1
maehder,1
ika,1
potuto,1
valzer,1
miei,1
empire,1
reveal,1
ol,1
ppp,1
kingdom,1
suspensions,1
mutata,1
introduces,1
separately,1
escalating,1
pursues,1
modesto,1
expiring,1
erich,1
state,1
mai,1
truth,1
stand,1
respond,1
precisely,1
universal,1
henry,1
follia,1
indulgence,1
reminiscent,1
creativity,1
normal,1
etiologies,1
studio,1
replies,1
within,1
romanticism,1
petto,1
venereal,1
papers,1
ad,1
morente,1
oleo,1
colpita,1
released,1
issue,1
est,1
pl,1
intuito,1
conversing,1
proceed,1
synchronic,1
cue,1
ascribed,1
forthcoming,1
presentiment,1
plain,1
linear,1
payne,1
tempro,1
formulation,1
money,1
sexual,1
right,1
twist,1
sheridan,1
clinic,1
signifier,1
ethereal,1
dreaded,1
rinasce,1
felt,1
bohemian,1
bloom,1
activity,1
tuberculosi,1
condition,1
zeffirelli,1
pretend,1
burning,1
ih,1
slight,1
gift,1
reaction,1
deformation,1
julian,1
spiriti,1
countered,1
obvious,1
contes,1
fine,1
seizure,1
halting,1
sino,1
jeff,1
idols,1
x,1
birth,1
corre,1
improvvisamente,1
dynamic,1
compares,1
godea,1
ypus,1
altero,1
keeps,1
suo,1
revaluations,1
acquires,1
nd,1
accustomed,1
suspecting,1
urging,1
sweet,1
saperlo,1
inebri,1
culpable,1
tied,1
aita,1
macleod,1
dividere,1
goblets,1
ronny,1
ecstatic,1
gravity,1
optimism,1
li,1
repeatedly,1
regarding,1
poema,1
irreducible,1
ancora,1
includes,1
occulti,1
uncommon,1
married,1
stanca,1
dolori,1
intrudes,1
solo,1
eventual,1
lw,1
mine,1
facts,1
immediate,1
roger,1
dynamics,1
extinguished,1
bracket,1
bent,1
longevity,1
interior,1
flashes,1
dange,1
precipitating,1
veramente,1
fifteenthcentury,1
curse,1
assumes,1
stakes,1
personalities,1
sociale,1
instruct,1
tumults,1
subverts,1
ttto,1
divine,1
finally,1
forgotten,1
simply,1
handbuch,1
impersonal,1
juxtaposition,1
gendered,1
thinned,1
espousing,1
mauriac,1
specialised,1
occurs,1
afford,1
coa,1
merkling,1
ilm,1
handbooks,1
faulted,1
tripartite,1
abrupt,1
taste,1
moonstruck,1
priority,1
contagious,1
thing,1
apollion,1
impending,1
invalidism,1
par,1
fair,1
self,1
rejecting,1
irregularities,1
realisation,1
anachronism,1
scorso,1
ver,1
refer,1
density,1
lainnec,1
enjoying,1
tranquil,1
ha,1
speed,1
schicksal,1
canapi,1
outbreaks,1
modernity,1
boundary,1
six,1
esser,1
iadagio,1
avran,1
pouring,1
compared,1
third,1
recitative,1
helpful,1
tisi,1
tonic,1
realizzare,1
men,1
id,1
drawn,1
midiate,1
obscure,1
remarkably,1
skilfully,1
look,1
constructs,1
storica,1
details,1
jr,1
kimbell,1
cotal,1
guard,1
terror,1
occasion,1
imitative,1
delivered,1
invites,1
lizia,1
offenbach,1
nuanced,1
rhythmic,1
exstinguuntur,1
influence,1
dissoluteness,1
undone,1
constrictive,1
cites,1
gioie,1
finishes,1
rarefied,1
oberto,1
speeds,1
clearness,1
blow,1
sixteen,1
suresnes,1
iti,1
francine,1
ruggiero,1
silence,1
vocatives,1
hesitant,1
lt,1
juxtaposes,1
privilege,1
rather,1
overexertion,1
statements,1
devastating,1
enlivened,1
fermata,1
superficial,1
adds,1
ella,1
illustration,1
roi,1
participates,1
na,1
conflation,1
explicit,1
dijkstra,1
notices,1
fatto,1
culminating,1
won,1
ai,1
plunges,1
scherzevole,1
myself,1
pause,1
salute,1
munro,1
mean,1
wochenschrift,1
knew,1
tinged,1
ills,1
environments,1
occhio,1
parents,1
suffer,1
contour,1
antibiotic,1
edwin,1
pointedly,1
earlier,1
frz,1
gesture,1
leave,1
uopo,1
makes,1
musicale,1
witness,1
awakes,1
complication,1
crusade,1
undercut,1
riposte,1
awareness,1
respectability,1
parola,1
consequences,1
emphasises,1
alcuni,1
ultimo,1
tua,1
troublesome,1
diciamo,1
making,1
lives,1
seduta,1
susceptibility,1
changes,1
jiirgen,1
elements,1
perceptions,1
developments,1
bad,1
partying,1
daime,1
ardent,1
wanted,1
praise,1
supports,1
elle,1
diathesis,1
radiant,1
farmaco,1
scritto,1
signed,1
fast,1
asov,1
occupational,1
filament,1
image,1
descent,1
ultima,1
uoiv,1
emergence,1
latin,1
franco,1
bunch,1
elsewhere,1
gracilis,1
just,1
senici,1
finality,1
conforto,1
buia,1
brillantissimo,1
house,1
extremis,1
preoccupation,1
excitement,1
ollb,1
anche,1
differs,1
upper,1
careful,1
ucciderete,1
presumed,1
theatre,1
jacobson,1
tripudio,1
shorter,1
origins,1
cured,1
flights,1
follow,1
passed,1
reductive,1
predates,1
isolation,1
evaluation,1
putting,1
requires,1
couplet,1
terminology,1
pensare,1
ebstein,1
compensoa,1
endemic,1
coury,1
dominant,1
lunge,1
mocking,1
hcil,1
preference,1
providing,1
quattro,1
view,1
constitution,1
nia,1
categorical,1
hot,1
qui,1
gaudi,1
ihre,1
friends,1
volaron,1
ei,1
cancer,1
bo,1
moving,1
whom,1
compress,1
symptomatic,1
aftermath,1
complications,1
someone,1
location,1
arrival,1
alienation,1
menstruation,1
sensuality,1
caldi,1
egre,1
transcendence,1
future,1
appearance,1
critic,1
found,1
basin,1
entering,1
sarai,1
hands,1
traditionally,1
joy,1
indrawn,1
typical,1
sono,1
idealistically,1
martyr,1
manca,1
strongly,1
fcn,1
conosca,1
andosi,1
klinische,1
calm,1
destined,1
rhyme,1
radical,1
grailis,1
staccarsi,1
disorders,1
aloof,1
michel,1
baci,1
buoyancy,1
opt,1
italiana,1
filo,1
melancholy,1
accompany,1
flying,1
afa,1
luogo,1
inflamed,1
im,1
passionate,1
term,1
macabre,1
fil,1
volo,1
goder,1
urbanisation,1
accurately,1
softly,1
further,1
handbook,1
cups,1
introduzione,1
equally,1
frauen,1
caldwell,1
occupation,1
pointing,1
venia,1
cultural,1
equal,1
brilliant,1
simulate,1
war,1
youthful,1
mediated,1
orchestration,1
viewed,1
atre,1
population,1
schneider,1
alessandro,1
cannot,1
deliberations,1
chusid,1
fni,1
join,1
serviette,1
verse,1
grellet,1
lieti,1
alluring,1
spiritual,1
tranquilla,1
voices,1
bollenti,1
gods,1
died,1
schema,1
sacrifice,1
classicus,1
contagion,1
suicidal,1
vo,1
verbally,1
provincial,1
memory,1
silver,1
biographies,1
affido,1
torn,1
feminine,1
underlie,1
heartbeat,1
cessarono,1
directly,1
having,1
bohemes,1
designation,1
basis,1
degrees,1
relief,1
seminal,1
revealed,1
work,1
formerly,1
finale,1
strophic,1
implement,1
gaudio,1
pr,1
swelled,1
volto,1
maschera,1
start,1
hang,1
turning,1
locus,1
reader,1
laboured,1
episode,1
kruse,1
sorrows,1
quieto,1
differ,1
drammaturgia,1
su,1
ardour,1
explains,1
training,1
soglie,1
proportions,1
knowledge,1
apparent,1
luce,1
reduction,1
chromatic,1
comment,1
doppio,1
domi,1
grow,1
thomalla,1
positions,1
elizabeth,1
aetiology,1
unusually,1
dove,1
dal,1
sta,1
discussions,1
horn,1
dear,1
emphasising,1
inferences,1
literally,1
spenta,1
contains,1
indicando,1
people,1
concentrate,1
point,1
corsi,1
underscored,1
structures,1
statistics,1
friend,1
thereafter,1
abbisognava,1
forebear,1
perversity,1
diaphanous,1
forces,1
greet,1
spends,1
canto,1
justification,1
novels,1
duets,1
couple,1
volume,1
confession,1
mortals,1
gently,1
verbs,1
interpreted,1
adagio,1
ebe,1
quelresc,1
chill,1
convegno,1
chiusa,1
trai,1
markedly,1
passion,1
attributed,1
hidden,1
sink,1
approach,1
manifestation,1
hitherto,1
earth,1
ven,1
good,1
remember,1
tone,1
monle,1
siecle,1
quale,1
running,1
legacy,1
sapesse,1
physician,1
composite,1
carteggi,1
tenuous,1
wildly,1
suggest,1
wished,1
esorta,1
aetiologie,1
delirium,1
patate,1
archaeology,1
stimulated,1
colby,1
diagnostic,1
ward,1
jeanette,1
pronounces,1
night,1
repeated,1
specifically,1
counteracting,1
outbreak,1
jij,1
small,1
calling,1
several,1
specificity,1
characteristics,1
haze,1
molto,1
dire,1
adversely,1
negotiates,1
horrible,1
significantly,1
disaster,1
hugo,1
presence,1
hopkins,1
dramatic,1
research,1
shadows,1
mol,1
protect,1
colours,1
enquire,1
affecting,1
occasions,1
core,1
xxvii,1
articulation,1
voglio,1
gestuale,1
quei,1
dim,1
ensemble,1
appoggiaturas,1
chromaticism,1
frantically,1
extemporised,1
copra,1
world,1
duval,1
florida,1
fossa,1
sad,1
jarring,1
purified,1
lincoln,1
malady,1
evoked,1
haunting,1
commoventissima,1
geographical,1
activities,1
invest,1
lj,1
seemed,1
society,1
lend,1
sorriso,1
culminate,1
atto,1
sung,1
secret,1
ariana,1
naming,1
therefore,1
eternity,1
crescendo,1
led,1
conception,1
uscire,1
valedictory,1
sostegno,1
poignantly,1
rifiorira,1
femmefragile,1
pflege,1
colori,1
saro,1
presso,1
rome,1
beloved,1
altra,1
visually,1
journey,1
gather,1
indicative,1
spell,1
characterise,1
happy,1
alma,1
unfil,1
broaching,1
prognosis,1
ossa,1
modes,1
finallyit,1
legata,1
rush,1
drops,1
lune,1
exception,1
alba,1
modo,1
alai,1
implying,1
still,1
characterising,1
tor,1
says,1
make,1
garden,1
interactions,1
sostenuto,1
curtain,1
experiences,1
precedes,1
standing,1
gallantly,1
initially,1
tempered,1
inhalation,1
jette,1
cupbearer,1
forse,1
soothing,1
reception,1
va,1
parker,1
placido,1
loos,1
frank,1
once,1
beautiful,1
immagine,1
assuring,1
competition,1
designate,1
yet,1
leve,1
urged,1
justifying,1
cessant,1
matlock,1
sparkling,1
derjahrhundertwende,1
security,1
represents,1
tubercles,1
experienced,1
happened,1
albert,1
sovente,1
evil,1
sex,1
under,1
fifth,1
pppp,1
exposure,1
chronology,1
singer,1
sopranos,1
amidst,1
index,1
imitate,1
parte,1
tn,1
technical,1
reprise,1
une,1
fading,1
symptom,1
light,1
delight,1
shock,1
shifting,1
ro,1
passions,1
accruing,1
issues,1
outlined,1
transpose,1
industrial,1
parties,1
psyche,1
gay,1
boiling,1
confirmed,1
departing,1
reports,1
leaps,1
engyclopaedia,1
misterioso,1
celebrates,1
noted,1
etrange,1
foucault,1
espansione,1
cage,1
foste,1
sostenera,1
double,1
solinga,1
cheek,1
fb,1
associating,1
street,1
party,1
fan,1
vivere,1
provide,1
fire,1
lewis,1
etiology,1
belie,1
paul,1
reiterating,1
weakening,1
fremiti,1
inflected,1
business,1
deathbed,1
mark,1
isolates,1
others,1
hebe,1
approaching,1
conceived,1
stricken,1
guiot,1
generously,1
gentle,1
accident,1
penoso,1
seconds,1
causality,1
inverno,1
leading,1
ellychnium,1
sing,1
coincidence,1
head,1
maledica,1
chord,1
occurrence,1
invades,1
occupations,1
instability,1
polluted,1
plan,1
rial,1
mortali,1
wine,1
audacious,1
mondo,1
choice,1
simile,1
children,1
enable,1
parting,1
really,1
tisico,1
alzarsin,1
arriving,1
squandering,1
john,1
focuses,1
grows,1
palliative,1
tempi,1
debates,1
subtlest,1
everything,1
doubt,1
respiro,1
afflicted,1
intimated,1
condensed,1
collapses,1
bitterness,1
pattern,1
dramas,1
oc,1
habit,1
audiences,1
verdiani,1
flecks,1
ages,1
outside,1
took,1
hand,1
evoke,1
ttfh,1
hastens,1
assaiff,1
gaston,1
increases,1
phthisic,1
homologous,1
hopelessness,1
manner,1
vres,1
consummation,1
deceptive,1
retorts,1
quatrains,1
michael,1
answer,1
sorry,1
auscultation,1
palliatives,1
condensations,1
vigile,1
imminente,1
intensify,1
invitation,1
lagrima,1
metropolitan,1
greeting,1
coi,1
cul,1
jj,1
vostro,1
literatures,1
intersperses,1
encountered,1
identifiable,1
anticipate,1
restlessness,1
solicitude,1
valery,1
imagine,1
discourses,1
orchestral,1
debilitation,1
extinguishing,1
necessario,1
literarischer,1
classes,1
whiteness,1
proves,1
aptly,1
oil,1
sottilissimo,1
uterine,1
delusory,1
treated,1
localised,1
explanation,1
conceptions,1
range,1
performativo,1
pathology,1
frits,1
rem,1
trajectory,1
formal,1
fredde,1
lake,1
fictional,1
including,1
alga,1
competes,1
detailed,1
gioir,1
verdiana,1
versa,1
louis,1
camellia,1
immenso,1
utterance,1
unfortunately,1
cher,1
dress,1
camera,1
morality,1
revelations,1
prominently,1
bed,1
censurate,1
real,1
nothing,1
aids,1
examination,1
ida,1
diagnosed,1
chosen,1
full,1
dull,1
caratterizzare,1
involves,1
clearing,1
attraction,1
embellish,1
lfti,1
open,1
dl,1
dolce,1
clear,1
genesi,1
soffre,1
reality,1
malati,1
ascese,1
hai,1
esili,1
ceasing,1
carnival,1
mt,1
points,1
una,1
victory,1
essay,1
interpret,1
co,1
excites,1
august,1
deals,1
pin,1
held,1
anachronistic,1
sed,1
haunted,1
characterised,1
siaf,1
allowed,1
ri,1
delizia,1
spread,1
ripete,1
function,1
summer,1
fr,1
parallels,1
soglio,1
waged,1
played,1
fanni,1
sogni,1
tutta,1
dry,1
nostenu,1
volutta,1
counted,1
intoxicated,1
unrhymed,1
black,1
dissociates,1
segment,1
martin,1
thomas,1
construct,1
asthenia,1
malato,1
gets,1
exhausted,1
ip,1
written,1
berlinische,1
trying,1
moorman,1
typically,1
generic,1
awakening,1
become,1
fainting,1
febbre,1
remembers,1
enabled,1
ashy,1
respectively,1
exactly,1
caused,1
veri,1
pubblico,1
structure,1
mali,1
mantelpiece,1
kill,1
morbidly,1
probably,1
story,1
ye,1
italy,1
poco,1
ascribe,1
slipping,1
revolution,1
nuovo,1
reverses,1
quando,1
seduction,1
behandlung,1
morir,1
ambience,1
expire,1
wick,1
avrebbe,1
greek,1
hague,1
paflh,1
deletion,1
senso,1
justice,1
exchanged,1
lesfi,1
increasing,1
suspects,1
emanuele,1
sigh,1
complet,1
enough,1
seized,1
asking,1
indication,1
dawn,1
altrimenti,1
allarg,1
lo,1
escaping,1
flickers,1
illusory,1
informs,1
ami,1
dreadful,1
declaration,1
lusinghier,1
repetitions,1
complexion,1
adorns,1
continued,1
george,1
enquiry,1
hears,1
johns,1
tempoper,1
onnipotente,1
ariva,1
lends,1
vision,1
plays,1
naturally,1
isabelle,1
impressive,1
suggestive,1
claimed,1
pieces,1
fear,1
suffice,1
vague,1
meredith,1
inside,1
rpt,1
deaths,1
flickered,1
urges,1
male,1
liking,1
fosse,1
nexus,1
mood,1
excluding,1
seen,1
consonant,1
nickname,1
force,1
worse,1
multivalent,1
hopeful,1
recalled,1
joachim,1
confine,1
gli,1
remaining,1
anxiety,1
mottled,1
discourse,1
length,1
remembrance,1
adumbrate,1
confuses,1
introductory,1
unusual,1
extra,1
fiore,1
cease,1
continually,1
dwindles,1
fall,1
tre,1
legato,1
table,1
decreasing,1
supporting,1
mother,1
suscita,1
lingua,1
centuries,1
get,1
punctuated,1
exclamation,1
arts,1
pleasurable,1
dme,1
legitimately,1
crowded,1
surrendering,1
clinical,1
colta,1
libiamo,1
dica,1
soiree,1
jann,1
considered,1
radiance,1
around,1
sara,1
annina,1
sections,1
springfield,1
staggers,1
ballo,1
environment,1
border,1
share,1
seriously,1
variable,1
uno,1
personaggio,1
heavy,1
gni,1
thinking,1
propinquity,1
singular,1
material,1
summary,1
comes,1
conclusion,1
gabriele,1
principals,1
negotiating,1
changing,1
homogeneity,1
indulgently,1
university,1
nervous,1
ve,1
idealising,1
congenital,1
ever,1
incommunicable,1
invoked,1
fran,1
reinforced,1
continues,1
fug,1
deficiente,1
theme,1
bramo,1
shining,1
intermittently,1
disguise,1
rimembranza,1
burke,1
underscoring,1
lyricises,1
creighton,1
nuova,1
loving,1
arda,1
patients,1
pingere,1
alternative,1
tell,1
gran,1
emphasise,1
canap,1
hein,1
melisma,1
pauses,1
quickly,1
courtesan,1
defining,1
ran,1
alternation,1
tnf,1
acuti,1
inedites,1
poliziano,1
control,1
sulle,1
sure,1
country,1
valeana,1
chiese,1
languages,1
interrupted,1
markings,1
shares,1
lying,1
giungon,1
exploration,1
seem,1
believe,1
illnesses,1
byam,1
tear,1
collapsing,1
monotonous,1
prominence,1
acts,1
librettist,1
agita,1
sof,1
current,1
ministrations,1
eventually,1
colla,1
hysteria,1
metaphorical,1
vra,1
sc,1
plangent,1
exhibits,1
expresses,1
perfectly,1
countering,1
doubling,1
rely,1
libera,1
expressing,1
audience,1
constant,1
splash,1
vivace,1
spasms,1
viver,1
invocation,1
consciousness,1
works,1
renegotiate,1
living,1
assessment,1
february,1
better,1
annmina,1
fh,1
growing,1
elevated,1
approccio,1
william,1
didn,1
born,1
polka,1
nomenclature,1
ingenuous,1
jean,1
evocation,1
divided,1
month,1
androcentric,1
implicit,1
rose,1
employs,1
desires,1
varying,1
noske,1
finish,1
anterior,1
maintain,1
invito,1
arousing,1
pains,1
map,1
chiamata,1
gesunden,1
warn,1
significare,1
problem,1
extent,1
cura,1
consisting,1
appropriated,1
pallenti,1
prudence,1
healthy,1
require,1
pedal,1
bronchitis,1
fighters,1
aver,1
strings,1
noticed,1
siede,1
influenced,1
anna,1
alcohol,1
pii,1
pu,1
suspicion,1
inability,1
urban,1
contain,1
zustande,1
luzio,1
avecprefaces,1
fourteen,1
des,1
cluster,1
popular,1
wrenching,1
noticeably,1
involving,1
latino,1
joys,1
marking,1
tumulti,1
boston,1
outline,1
betrays,1
accese,1
epithet,1
dte,1
occasionally,1
burns,1
circumstances,1
ndottore,1
attentive,1
recognition,1
tremulous,1
ill,1
conclude,1
consumptives,1
excesses,1
fftwd,1
rootfin,1
despite,1
content,1
aggiusta,1
press,1
fcamapi,1
ominous,1
innocent,1
subject,1
plans,1
rendering,1
sacrifizio,1
fervido,1
went,1
adapted,1
irritation,1
pervades,1
vero,1
alla,1
sinking,1
clothing,1
afflicting,1
beghelli,1
phenomenon,1
mention,1
au,1
ho,1
coming,1
think,1
grandeur,1
ein,1
terminal,1
diceva,1
silenzio,1
tristi,1
piu,1
sopra,1
understanding,1
femme,1
destandomi,1
anxiously,1
subito,1
sickness,1
ppmorendo,1
eterei,1
formation,1
valediction,1
discorrendo,1
azione,1
laments,1
obliged,1
undercuts,1
conducive,1
breaks,1
caring,1
spasimi,1
drafts,1
exhalation,1
disappear,1
average,1
opere,1
donald,1
conditions,1
trascorsa,1
opens,1
sperar,1
exerted,1
quasi,1
flushed,1
newsletter,1
reversed,1
crisis,1
aff,1
wears,1
depressing,1
neb,1
offer,1
detached,1
whiten,1
salt,1
touches,1
diol,1
suffers,1
realism,1
atro,1
valse,1
giovanile,1
melodic,1
sacrificial,1
glass,1
salma,1
regular,1
attributes,1
frames,1
france,1
effects,1
piece,1
defined,1
exclamations,1
locate,1
cr,1
sexuality,1
comprising,1
flusser,1
diclin,1
extremely,1
recalling,1
secolo,1
folly,1
underlined,1
desert,1
moved,1
flora,1
animata,1
treats,1
indoor,1
drift,1
brightness,1
news,1
spectator,1
invited,1
passages,1
refinements,1
landouzy,1
vedo,1
myers,1
semiquavers,1
lx,1
spins,1
bell,1
tremblings,1
negotiate,1
except,1
th,1
amic,1
uncertainty,1
texts,1
element,1
ohil,1
characters,1
cattanei,1
surveys,1
develop,1
mozart,1
iff,1
focus,1
ritorno,1
recognised,1
mature,1
seamstress,1
grace,1
ss,1
observed,1
limply,1
bene,1
daughter,1
ca,1
couplets,1
classifications,1
transposing,1
gle,1
affanni,1
soffio,1
guarda,1
