WORDCOUNTS,WEIGHT
the,782
of,604
and,503
in,485
a,391
to,354
gay,352
that,234
is,207
zines,190
as,178
this,139
with,134
are,132
for,130
i,122
not,106
from,97
love,96
zine,95
lesbi,84
be,83
s,79
an,78
it,77
by,76
or,75
have,73
but,72
desire,63
national,62
on,62
one,61
indonesian,59
indonesians,58
which,56
they,55
my,55
he,55
nusantara,54
indonesia,51
these,51
men,50
gaya,49
people,47
can,47
who,47
their,45
prestasi,45
other,43
we,43
such,39
his,39
gn,38
nation,37
if,35
see,35
ya,35
when,35
between,35
even,34
also,34
what,34
ga,34
new,33
at,32
society,32
sex,32
only,32
women,30
do,30
has,30
was,29
through,29
all,28
media,28
university,28
two,28
more,28
jaka,28
boellstorff,27
you,27
g,26
will,26
press,26
zones,26
first,25
since,25
man,25
published,24
separation,24
them,24
there,23
sexual,23
most,23
often,23
world,23
many,22
story,22
our,22
than,21
producers,21
had,21
term,21
tom,21
belonging,21
been,21
because,20
social,20
readers,20
life,20
into,19
some,19
just,19
its,19
about,19
recognition,19
sexuality,19
t,18
issue,18
short,18
where,18
so,18
archipelago,18
me,18
now,17
out,17
however,17
stories,17
like,17
would,17
terms,17
while,17
themselves,17
does,16
no,16
sense,16
time,16
discourse,16
any,16
subject,16
although,16
live,15
yogyakarta,15
well,15
part,15
jakarta,15
homosexuality,15
modern,14
english,14
cultural,14
appears,14
reader,14
article,14
lesbian,14
appear,13
state,13
general,13
how,13
found,13
noted,13
present,13
become,13
over,13
homosexual,12
citizenship,12
find,12
after,12
n,12
us,12
instance,12
could,12
personal,12
same,12
must,12
person,12
form,12
given,12
images,12
among,12
mass,11
fig,11
without,11
feel,11
friends,11
zone,11
heart,11
letters,11
community,11
still,11
once,11
culture,11
another,11
discovery,11
use,11
java,11
editors,11
usually,11
then,11
nationalist,11
meaning,10
before,10
together,10
those,10
context,10
self,10
hetero,10
dan,10
whole,10
literature,10
island,10
proper,10
protagonist,10
make,10
ed,10
narratives,10
heterosexual,10
betawi,10
outside,10
fieldwork,10
were,10
language,10
relationship,10
lives,10
articles,10
interzone,10
each,10
print,10
up,10
both,10
sent,10
groups,9
character,9
tradition,9
nationalism,9
political,9
politics,9
york,9
cinta,9
persons,9
your,9
public,9
knowledge,9
place,9
own,9
few,9
always,9
second,9
read,9
woman,9
clear,9
him,9
never,9
figure,9
itself,9
rarely,9
cover,9
know,9
c,9
ethnography,9
early,9
publishers,9
coming,9
geologist,9
struggle,8
way,8
nana,8
group,8
studies,8
else,8
might,8
case,8
key,8
magazine,8
point,8
harold,8
thus,8
marriage,8
parents,8
m,8
having,8
work,8
imagined,8
friend,8
surabaya,8
small,8
feelings,8
activities,8
gender,8
j,8
number,8
free,8
local,8
period,8
sometimes,8
analysis,8
simply,8
very,8
following,8
particular,8
kresna,8
almost,8
archipelagic,8
occasionally,8
city,8
come,8
years,8
should,8
common,7
position,7
har,7
said,7
personals,7
normal,7
goal,7
lover,7
against,7
gl,7
imaginary,7
may,7
l,7
explicit,7
pages,7
clearly,7
beyond,7
data,7
oetomo,7
nj,7
order,7
family,7
subjectivities,7
others,7
interview,7
day,7
discussion,7
continue,7
open,7
three,7
good,7
high,7
mitras,7
figures,7
independence,7
set,7
regard,7
better,7
gb,7
ever,7
think,7
soni,7
publishing,7
texts,7
alone,6
sexualities,6
h,6
duke,6
former,6
every,6
asia,6
words,6
sam,6
hundred,6
take,6
staff,6
within,6
himself,6
million,6
relatively,6
hidup,6
cases,6
ceria,6
ads,6
siegel,6
mean,6
boyfriend,6
means,6
reason,6
show,6
greater,6
result,6
durham,6
produced,6
networks,6
directly,6
network,6
r,6
concept,6
editorial,6
issues,6
away,6
things,6
night,6
am,6
iwan,6
wrote,6
under,6
power,6
toward,6
fact,6
choice,6
end,6
contemporary,6
took,6
identity,6
august,6
replied,6
male,6
seen,6
linked,6
identities,6
references,6
want,6
trope,6
budi,6
despite,6
beloved,6
writing,6
include,6
d,6
asked,6
lust,5
e,5
ways,5
di,5
history,5
something,5
franz,5
being,5
thanks,5
homosex,5
takes,5
primary,5
unity,5
adam,5
refer,5
modernity,5
arranged,5
swara,5
town,5
rather,5
across,5
conceptions,5
shoulder,5
wanted,5
mira,5
sick,5
edition,5
w,5
willing,5
important,5
semarang,5
rion,5
seven,5
used,5
already,5
example,5
long,5
queer,5
change,5
wife,5
edo,5
readership,5
above,5
positive,5
communities,5
yet,5
makes,5
dengan,5
members,5
oneself,5
pattern,5
sulawesi,5
explicitly,5
editorials,5
discourses,5
logics,5
nothing,5
full,5
fear,5
why,5
several,5
ve,5
theme,5
text,5
country,5
routledge,5
ar,5
implicit,5
don,5
urban,5
met,5
wish,5
regular,5
thousand,5
much,5
final,4
yogi,4
created,4
view,4
ultimate,4
true,4
drawings,4
total,4
tells,4
cornell,4
princeton,4
leads,4
romance,4
certainly,4
interested,4
give,4
seems,4
shaped,4
government,4
room,4
lestari,4
hirsch,4
right,4
bangsa,4
internet,4
apart,4
desired,4
x,4
dynamic,4
married,4
due,4
relations,4
portray,4
topic,4
old,4
schlecker,4
young,4
act,4
bring,4
phrases,4
leave,4
special,4
support,4
understand,4
organization,4
ethnolocality,4
silverstein,4
house,4
isolation,4
asks,4
called,4
late,4
circulation,4
left,4
though,4
makassar,4
appearing,4
produce,4
source,4
cambridge,4
kita,4
line,4
publish,4
genre,4
marriages,4
during,4
someone,4
working,4
next,4
textual,4
around,4
notes,4
rodgers,4
calvin,4
female,4
flag,4
boy,4
parker,4
sexually,4
southeast,4
proklamasi,4
reference,4
included,4
home,4
falls,4
complete,4
lamps,4
disjuncture,4
name,4
debates,4
everyday,4
manner,4
forth,4
notion,4
homosexualities,4
upon,4
rare,4
sustain,4
meets,4
exchange,4
written,4
eyes,4
let,4
student,4
fails,4
science,4
movements,4
bulletin,4
subscribers,4
originated,4
indicate,4
michael,4
united,4
face,4
meant,4
associated,4
dede,4
here,4
ran,4
anthropology,4
down,4
beginning,4
whether,4
metaphor,4
theory,4
emphasis,4
freedom,4
duncombe,4
content,4
became,4
role,4
lies,4
oil,4
postcolonial,4
named,4
question,4
editor,4
aware,4
crisis,4
course,4
need,4
remains,4
shift,4
speak,4
masyarakat,4
traditional,4
broader,4
meeting,4
major,4
go,3
imagining,3
later,3
career,3
distributed,3
large,3
integrity,3
linkages,3
schein,3
child,3
contexts,3
proud,3
address,3
attempt,3
beautiful,3
transgenderisms,3
copy,3
individuals,3
secondary,3
simple,3
differences,3
last,3
reading,3
replies,3
intersection,3
magazines,3
occasional,3
described,3
dark,3
politicized,3
discuss,3
representations,3
figs,3
marked,3
relational,3
professor,3
likely,3
sign,3
exist,3
explained,3
run,3
human,3
logic,3
moment,3
difficulty,3
century,3
yourself,3
kind,3
turn,3
selfhood,3
perspective,3
covers,3
body,3
six,3
inclusion,3
fate,3
publications,3
compel,3
communication,3
handful,3
whose,3
air,3
myself,3
active,3
risk,3
eight,3
certain,3
nos,3
white,3
meet,3
sakit,3
serve,3
circulated,3
objects,3
eventually,3
emergence,3
section,3
numbers,3
impact,3
koko,3
too,3
waria,3
four,3
merography,3
schooling,3
opinion,3
providing,3
opening,3
came,3
based,3
lead,3
whom,3
path,3
appearance,3
histories,3
joy,3
p,3
sumatra,3
understood,3
equal,3
anticolonial,3
feminine,3
gupta,3
perform,3
andre,3
oh,3
near,3
shape,3
london,3
attitudes,3
comment,3
positions,3
awi,3
year,3
consistently,3
literally,3
collective,3
beginnings,3
call,3
invoking,3
sutton,3
couple,3
stanford,3
status,3
hidden,3
premiere,3
presented,3
lovers,3
contrast,3
quite,3
event,3
involved,3
leaves,3
acts,3
choosing,3
generally,3
describes,3
ethnolocalized,3
civil,3
actions,3
occasions,3
happen,3
minor,3
materials,3
transnational,3
feeling,3
minority,3
return,3
islands,3
errington,3
song,3
experiences,3
single,3
continuity,3
watson,3
friendship,3
illustrated,3
learns,3
tropes,3
showing,3
representation,3
reciprocates,3
recall,3
europe,3
desiring,3
water,3
efforts,3
lack,3
idea,3
revolution,3
appeared,3
advertising,3
fallen,3
hand,3
receives,3
less,3
material,3
strathern,3
perhaps,3
books,3
gives,3
desires,3
autobiography,3
mankekar,3
subjectivity,3
servant,3
including,3
asian,3
refers,3
ethnic,3
voice,3
california,3
express,3
negara,3
collected,3
class,3
especially,3
relation,3
diri,3
equivalent,3
chain,3
isn,3
today,3
fairly,3
five,3
inside,3
lines,3
becomes,3
success,3
soul,3
samarinda,3
force,3
hope,3
table,3
mother,3
cat,3
forest,3
school,3
photographs,3
share,3
thinking,3
comes,3
known,3
alternative,3
sold,3
partner,3
sure,3
paper,3
did,3
best,3
foundation,3
particularly,3
obviously,3
audience,3
historical,3
helping,3
her,3
peace,3
november,3
turns,3
construed,3
sukses,3
continues,3
tell,3
accept,3
typically,3
consumption,3
states,3
off,3
sen,3
deemphasis,3
persatuan,3
boss,3
strong,3
celebes,3
looking,3
problem,2
ini,2
difficult,2
margins,2
sing,2
handsome,2
o,2
done,2
indicated,2
commentary,2
censorship,2
sulistyo,2
affected,2
worthy,2
louisa,2
extends,2
originating,2
intersect,2
introduction,2
becoming,2
center,2
conducted,2
discover,2
homolove,2
sesama,2
diverge,2
hull,2
underground,2
sets,2
coalition,2
additionally,2
intermittent,2
acceptance,2
justified,2
western,2
necessarily,2
emphasize,2
hegemony,2
occurred,2
maybe,2
cultures,2
exceptions,2
duggan,2
practices,2
proclamation,2
experience,2
consistent,2
anything,2
sting,2
australia,2
ethnologist,2
sad,2
exclusive,2
hoskins,2
kasih,2
nature,2
sejati,2
fantasizing,2
definition,2
skills,2
great,2
analyses,2
origin,2
narrative,2
achievement,2
follows,2
cannot,2
onto,2
berlant,2
sees,2
barnard,2
seri,2
interviewed,2
date,2
murray,2
emphasized,2
greatly,2
cerita,2
lumsden,2
marries,2
behind,2
visibility,2
contents,2
courage,2
side,2
existence,2
eastern,2
anthropologists,2
east,2
possible,2
warner,2
civet,2
brazil,2
withholds,2
emile,2
resources,2
cited,2
judgment,2
interviews,2
letter,2
complained,2
closes,2
central,2
includes,2
throughout,2
regularly,2
manchester,2
terbuka,2
american,2
invisibility,2
development,2
sending,2
reject,2
consumed,2
illustrates,2
mosse,2
corner,2
domain,2
reflection,2
mixed,2
friedman,2
bergembira,2
devan,2
laurie,2
ability,2
progressive,2
distinct,2
elements,2
nor,2
muslim,2
keep,2
depend,2
back,2
deed,2
ithaca,2
channels,2
grammars,2
compared,2
kinship,2
third,2
estimate,2
concretize,2
price,2
compare,2
y,2
tend,2
journal,2
apparently,2
influence,2
word,2
sears,2
rights,2
shelly,2
kissing,2
frustration,2
observers,2
links,2
performance,2
lusts,2
angeles,2
remain,2
process,2
knew,2
goes,2
similar,2
parts,2
tiwon,2
space,2
category,2
smiled,2
mission,2
affect,2
stand,2
image,2
apa,2
elsewhere,2
indo,2
traces,2
mary,2
italicize,2
age,2
orientation,2
concerning,2
consequence,2
problems,2
yes,2
atas,2
care,2
david,2
ian,2
expressed,2
priori,2
allow,2
entering,2
strength,2
sumatran,2
events,2
noting,2
bali,2
poetry,2
demi,2
respects,2
confronts,2
metapragmatic,2
informed,2
population,2
inches,2
brenner,2
fulfill,2
ad,2
scale,2
fish,2
doesn,2
enough,2
died,2
answer,2
possibility,2
periodical,2
memory,2
aspects,2
failure,2
animated,2
none,2
heng,2
participation,2
selingkuh,2
ramadhan,2
carry,2
nine,2
framed,2
differ,2
factors,2
description,2
javanese,2
got,2
ratri,2
frequent,2
photographed,2
older,2
fail,2
runs,2
suryakusuma,2
focuses,2
member,2
sensibility,2
garis,2
ethnicity,2
encounters,2
uniqueness,2
caution,2
los,2
hard,2
field,2
useful,2
loved,2
responsibility,2
claim,2
akhil,2
sake,2
calling,2
rupiah,2
semua,2
shapes,2
choose,2
hiv,2
research,2
distinguished,2
banjar,2
boundaries,2
telling,2
tended,2
dunia,2
liu,2
oleh,2
provided,2
propriety,2
barbara,2
arrangement,2
laurel,2
taken,2
bringing,2
contingent,2
identified,2
economic,2
indeed,2
happy,2
fantastical,2
play,2
acknowledged,2
bowl,2
founding,2
object,2
reduce,2
kesatuan,2
says,2
indicates,2
comments,2
achieve,2
movement,2
hold,2
ofjaka,2
spoken,2
ke,2
coverage,2
thought,2
unattainable,2
fifth,2
referencing,2
thesis,2
incitement,2
islam,2
ethnographic,2
locality,2
natural,2
reply,2
speaking,2
regional,2
foucault,2
disappearing,2
provide,2
organizations,2
reach,2
discussions,2
again,2
merdeka,2
put,2
pemberton,2
complementary,2
hekma,2
educated,2
larger,2
favorite,2
serious,2
rough,2
brotherhood,2
forms,2
learn,2
posit,2
model,2
accepted,2
ahead,2
deep,2
below,2
tidak,2
children,2
lid,2
style,2
durkheim,2
original,2
alisjahbana,2
behaviors,2
examples,2
background,2
treated,2
lands,2
explanation,2
tempat,2
limitations,2
krishna,2
region,2
patricia,2
concern,2
significant,2
complement,2
assume,2
setanah,2
processes,2
beckons,2
imagery,2
theoretical,2
involves,2
joys,2
sukarno,2
ties,2
help,2
volunteer,2
directed,2
publication,2
sekali,2
america,2
faces,2
interpret,2
held,2
individual,2
times,2
eder,2
started,2
adat,2
played,2
standard,2
heteronormativity,2
educational,2
remember,2
mind,2
queen,2
systems,2
k,2
interpretations,2
overcome,2
respectively,2
pada,2
exactly,2
structure,2
james,2
v,2
percent,2
looks,2
hunter,2
versus,2
confesses,2
attention,2
widely,2
shocked,2
increasing,2
ranging,2
carried,2
marilyn,2
imply,2
note,2
scrutinized,2
construe,2
tomo,2
george,2
crucial,2
imbalance,2
husband,2
ideology,2
program,2
spouse,2
beriss,2
transformed,2
majalah,2
remaining,2
whereby,2
linking,2
umum,2
satisfaction,2
phrase,2
unusual,2
membuka,2
entertainment,2
citizens,2
get,2
hatley,2
ngeber,2
circuit,2
matters,2
addressed,2
stephen,2
practice,2
growing,2
extensive,2
buletin,2
pandanaran,2
membership,2
funding,2
purnima,2
colonialism,2
transvestites,2
methodologically,2
berkeley,2
shares,2
rented,2
erotics,2
novel,2
global,2
seem,2
gone,2
unknown,2
bu,2
appendix,2
argue,2
half,2
surprised,2
current,2
greetings,2
yess,2
visits,2
happiness,2
past,2
rural,2
consciousness,2
suddenly,2
works,2
yuzo,2
feminist,2
didn,2
kumpulan,2
hall,2
anymore,2
month,2
list,2
buku,2
ones,2
da,2
proven,2
juxtaposed,2
waters,2
boys,2
borneo,2
die,2
incorporated,2
permeated,2
contain,2
size,2
researchers,2
level,2
respect,2
wawasan,2
duty,2
giving,2
sitting,2
programs,2
colonial,2
definitions,2
gain,2
sickness,2
idealism,2
understandings,2
breaks,2
difference,2
marry,2
generate,2
average,2
twentieth,2
frame,2
finally,2
completed,2
parallels,2
offer,2
linkage,2
shared,2
socially,2
build,2
finds,2
effects,2
piece,2
area,2
merographic,2
association,2
dutch,2
prawirakusumah,2
herlinatiens,2
needs,2
moved,2
braidotti,2
news,2
distinctions,2
indicating,2
chicago,2
sits,2
reflecting,2
debate,2
sharing,2
create,2
embraces,2
views,2
re,2
focus,2
north,2
termed,2
customs,2
household,2
deeper,2
adulthood,1
arrives,1
handicapped,1
democracy,1
entities,1
kisaran,1
menerima,1
jury,1
lateness,1
fmpan,1
produces,1
kdospo,1
personally,1
hypocrite,1
dies,1
phrased,1
oriented,1
bright,1
aihwa,1
stuart,1
avoiding,1
concerned,1
implying,1
sopan,1
strategy,1
privately,1
generous,1
corruption,1
orphanage,1
ready,1
praised,1
separated,1
truth,1
represent,1
everyone,1
market,1
teift,1
wawancara,1
resulted,1
college,1
heights,1
footnote,1
dsogm,1
homeless,1
intriguing,1
red,1
mana,1
reigning,1
jiwa,1
brilliantly,1
originate,1
quandary,1
per,1
trash,1
beneath,1
counters,1
partially,1
inikah,1
achievements,1
denied,1
diverges,1
spyer,1
halaman,1
beraneka,1
myth,1
fed,1
mobility,1
identify,1
essays,1
food,1
referent,1
forgiveness,1
locked,1
formed,1
organic,1
repel,1
hail,1
currency,1
motivation,1
hangout,1
solidarity,1
completely,1
respectability,1
environment,1
interviewee,1
conscious,1
pornography,1
sijy,1
lko,1
sjjijn,1
policy,1
bookcase,1
mupah,1
laklaki,1
equated,1
presents,1
title,1
communion,1
variants,1
holding,1
chased,1
menguak,1
feels,1
smile,1
service,1
edu,1
radway,1
acquainted,1
migration,1
eye,1
utarakan,1
kekeluargaan,1
organisasi,1
theorizing,1
societal,1
selfless,1
maurer,1
hoping,1
prosperous,1
barrenness,1
dictionaries,1
negative,1
np,1
mitigated,1
predominantly,1
dirinya,1
incomplete,1
cast,1
inadvertently,1
homos,1
dewata,1
verso,1
screening,1
hornlasi,1
destabilizing,1
bed,1
inc,1
sources,1
declared,1
barriers,1
titles,1
specifically,1
backlog,1
creation,1
connection,1
enacts,1
production,1
miulai,1
questions,1
discovers,1
pervasive,1
derives,1
diterima,1
nonsexual,1
fund,1
implications,1
kanafa,1
universalizing,1
military,1
exclusion,1
motivations,1
birahi,1
smandang,1
drag,1
lifestyle,1
articulate,1
kiranma,1
emerged,1
freely,1
hark,1
sudah,1
official,1
commemorated,1
departure,1
bloomington,1
strip,1
stolen,1
names,1
layout,1
mati,1
principles,1
yg,1
exemplar,1
height,1
available,1
anal,1
twenty,1
acalam,1
belong,1
uneasy,1
blown,1
suggesting,1
pes,1
featuring,1
undertake,1
enduring,1
feminism,1
azas,1
thank,1
knight,1
sang,1
sosial,1
lydia,1
biographical,1
rich,1
producing,1
verbal,1
fantastic,1
maila,1
jangan,1
link,1
reveal,1
court,1
latar,1
religion,1
anyway,1
survey,1
real,1
loves,1
lasting,1
ambition,1
setting,1
reinterpret,1
memberi,1
almat,1
failures,1
ru,1
devised,1
avonius,1
consist,1
apri,1
stupid,1
respond,1
precisely,1
valorization,1
consulting,1
tap,1
harokid,1
invalid,1
mail,1
china,1
ethnicities,1
honolulu,1
surveys,1
geraldine,1
analytic,1
chandra,1
keterusan,1
oscillate,1
sleeves,1
grafiti,1
kawan,1
depends,1
nowhere,1
employs,1
partners,1
pl,1
globe,1
forum,1
depending,1
cue,1
inseparable,1
deviation,1
followed,1
adrian,1
abbreviated,1
effort,1
queerzines,1
jfa,1
sg,1
hobbies,1
unaware,1
money,1
misunderstood,1
advice,1
continuum,1
motion,1
translations,1
modifier,1
cleared,1
incorporate,1
draw,1
raucous,1
uci,1
originates,1
admonitions,1
addresses,1
twist,1
evince,1
mempersatukan,1
custom,1
reminder,1
busy,1
indirectly,1
cents,1
opened,1
discrepancies,1
felt,1
installment,1
prior,1
howard,1
recommended,1
greg,1
msar,1
coo,1
membujuk,1
semirural,1
vanc,1
drive,1
mailed,1
terence,1
khas,1
rfaempuatxu,1
adopting,1
erased,1
april,1
reaction,1
solely,1
niationalism,1
commonality,1
insight,1
consumers,1
sqf,1
taking,1
bends,1
kayak,1
say,1
except,1
combine,1
sporadically,1
archipelagos,1
wajah,1
lovesick,1
reminding,1
conception,1
bottom,1
literal,1
along,1
ptpuatanmu,1
solo,1
seorang,1
bachelor,1
uninterested,1
selfempowerment,1
globalized,1
marginalized,1
unhappy,1
affluent,1
identifies,1
confessions,1
melting,1
ayo,1
engage,1
celebrate,1
deserted,1
janet,1
removes,1
recasting,1
collection,1
beggars,1
lagu,1
behavior,1
realizing,1
koordinasi,1
membangun,1
diversity,1
stands,1
colonized,1
framework,1
guilty,1
optimism,1
muncul,1
regarding,1
conflict,1
pen,1
andrew,1
andy,1
constitutive,1
athens,1
ngpti,1
review,1
collapse,1
ith,1
responded,1
surely,1
relationships,1
qualifying,1
doris,1
famously,1
voluntaristic,1
himong,1
spectrum,1
imaginejaka,1
bebas,1
ethical,1
yang,1
inevitable,1
killed,1
unruliness,1
injaka,1
jaringan,1
creators,1
accepts,1
assumes,1
software,1
lawillai,1
silent,1
essay,1
author,1
struggles,1
millennium,1
shocks,1
invocation,1
sommer,1
disappointed,1
characteristic,1
reproduced,1
eroticized,1
brother,1
decided,1
shyly,1
overcoming,1
honest,1
consumer,1
tinuw,1
pm,1
kmbmomlahadmim,1
funded,1
employing,1
z,1
learning,1
ai,1
exercise,1
viewing,1
reported,1
precludes,1
touka,1
atya,1
copresence,1
gendered,1
rejecting,1
bagi,1
fanatically,1
factsheet,1
apologized,1
hint,1
profound,1
amount,1
tepian,1
approval,1
ear,1
mskdo,1
terima,1
houses,1
animating,1
thanatica,1
wv,1
unnational,1
forbid,1
manado,1
pure,1
rhythm,1
helpful,1
weight,1
explore,1
drawn,1
flood,1
elated,1
beat,1
performative,1
parachuted,1
vice,1
eager,1
gaze,1
reunited,1
daerah,1
iiwiiat,1
implanted,1
tones,1
citizen,1
mencar,1
indigenous,1
sister,1
hermawan,1
occasion,1
gp,1
arises,1
invites,1
acknowledge,1
impressions,1
compromise,1
evenly,1
translocal,1
conceptually,1
namuin,1
grasp,1
parks,1
perfect,1
uproar,1
shirreffs,1
higher,1
themes,1
aim,1
pay,1
cerpen,1
civilization,1
implored,1
itulan,1
haru,1
gaining,1
kidney,1
interesting,1
hero,1
abbreviation,1
reframing,1
recognized,1
martinique,1
reflects,1
sluruh,1
charm,1
camp,1
semboyannya,1
homo,1
portrayed,1
performatives,1
troubled,1
nax,1
communicate,1
developed,1
morrison,1
otonomi,1
isomorphic,1
ironic,1
edward,1
ra,1
premodern,1
amatir,1
basic,1
influential,1
appreciation,1
nusentara,1
responsibilities,1
preparing,1
silencing,1
remote,1
splashing,1
approaches,1
djto,1
fever,1
granted,1
heard,1
proportion,1
legal,1
nsantow,1
rwsa,1
default,1
thing,1
humanity,1
reins,1
b,1
se,1
personhood,1
derived,1
ongoing,1
contributions,1
assuming,1
dala,1
study,1
aiding,1
airlangga,1
impressed,1
awareness,1
knia,1
sublime,1
complaining,1
consequences,1
celebrities,1
memproklamirkan,1
moreover,1
divided,1
addressing,1
guides,1
proclaimed,1
kesatyakawanan,1
bisu,1
lesley,1
modified,1
ij,1
send,1
metapragmatics,1
changes,1
kja,1
sj,1
bad,1
operates,1
psychoanalytic,1
consider,1
jl,1
maeylakmos,1
established,1
predecessor,1
india,1
typewriters,1
slowly,1
specify,1
jalanrj,1
days,1
assodadel,1
differs,1
pencinta,1
forget,1
retrospective,1
nafsu,1
commonly,1
iaoa,1
hoped,1
fatherhood,1
horizontally,1
resource,1
hamna,1
origins,1
powerful,1
follow,1
peli,1
readings,1
cuba,1
consequential,1
requested,1
bookstores,1
shed,1
notions,1
idealized,1
surge,1
meng,1
kaum,1
neither,1
adjectives,1
undress,1
childhood,1
injustice,1
schor,1
berskala,1
pious,1
wearing,1
dominant,1
mo,1
eantabah,1
helped,1
untuk,1
appeals,1
delinkages,1
rainbow,1
decades,1
windowless,1
strengthen,1
chasing,1
sarinah,1
constitution,1
methodology,1
conflicts,1
thinks,1
kkgln,1
congratulated,1
authority,1
moving,1
bugis,1
trans,1
closely,1
ponorogo,1
introduce,1
extent,1
analog,1
societies,1
feet,1
mall,1
rule,1
gava,1
hands,1
search,1
color,1
typical,1
reverse,1
fau,1
taboo,1
separable,1
gayatri,1
centers,1
prestatie,1
changed,1
subscribe,1
demands,1
condensing,1
sutan,1
bepetalamt,1
rooms,1
pass,1
sampe,1
relate,1
requirements,1
centrally,1
lumpur,1
emerge,1
sah,1
iintna,1
equivalents,1
base,1
reportage,1
representative,1
big,1
academic,1
faul,1
further,1
chauncey,1
weed,1
afternoon,1
impression,1
occupation,1
grandmother,1
focused,1
sagarin,1
reappeared,1
activist,1
treat,1
inserts,1
fabricate,1
domestication,1
recently,1
tourists,1
reinforce,1
metamorphize,1
analogous,1
pacificjournal,1
graphy,1
separates,1
wealth,1
redescribe,1
placed,1
lesbians,1
absolute,1
explain,1
approached,1
clips,1
pendek,1
kerjal,1
wide,1
lhmta,1
benign,1
prays,1
scene,1
sustenance,1
jokingly,1
receive,1
jim,1
imaginer,1
pronounce,1
smoldering,1
future,1
julia,1
akan,1
prioritizing,1
artifacts,1
decides,1
pgy,1
lengan,1
halman,1
abnormal,1
bounded,1
fearful,1
politely,1
received,1
obscure,1
ari,1
gym,1
start,1
surrounded,1
bwi,1
washington,1
brought,1
fosters,1
characterization,1
advancement,1
grow,1
multilayered,1
malang,1
underwear,1
journalism,1
failed,1
apparent,1
labian,1
reduction,1
related,1
actors,1
crying,1
irish,1
curing,1
kie,1
bite,1
tunjukkan,1
ten,1
salon,1
mojokerto,1
roll,1
camus,1
overview,1
kalaang,1
critique,1
san,1
munculnya,1
partly,1
constitute,1
contains,1
incest,1
terbitan,1
actually,1
falling,1
penpals,1
djuna,1
saved,1
emancipation,1
et,1
thwarted,1
forces,1
recounting,1
perjuangan,1
accord,1
corollary,1
excited,1
tcrian,1
intersections,1
entails,1
shouted,1
fromjakajaka,1
tears,1
suara,1
baktikan,1
universally,1
narrativize,1
relative,1
mari,1
graduate,1
straightaway,1
attraction,1
spouses,1
either,1
bodies,1
nationalisms,1
ambon,1
pants,1
kugn,1
tone,1
equator,1
edisi,1
computer,1
bun,1
salons,1
describing,1
cruel,1
brave,1
socialist,1
trading,1
ensue,1
box,1
politically,1
lowly,1
television,1
theater,1
clothes,1
warmest,1
interacting,1
militant,1
diacritics,1
keenly,1
irvine,1
emphasizes,1
sixty,1
exclude,1
midst,1
augustan,1
inked,1
openly,1
abakan,1
underscore,1
autonomy,1
endpoint,1
pain,1
concerns,1
ship,1
revealing,1
nusantama,1
bridge,1
atau,1
sorrows,1
observe,1
invaluable,1
saptapesona,1
australian,1
mtv,1
codes,1
showers,1
usual,1
glamorous,1
villages,1
closeness,1
schiller,1
differing,1
muda,1
methodological,1
coast,1
kalimantan,1
core,1
machos,1
vein,1
disavowal,1
leena,1
visible,1
capitalized,1
lisbong,1
progress,1
renewed,1
tepi,1
education,1
dependent,1
ta,1
lyle,1
inaccessible,1
filling,1
paid,1
using,1
sea,1
girlfriend,1
interchange,1
distinguishing,1
batak,1
reciprocated,1
cycle,1
angin,1
participates,1
beauty,1
reflected,1
flags,1
value,1
padaku,1
energetically,1
displaced,1
antara,1
pot,1
auditory,1
alwabyag,1
humanistic,1
kerja,1
questioning,1
dubbing,1
behalf,1
avoid,1
contacted,1
input,1
calls,1
nations,1
periods,1
bulana,1
cite,1
transforming,1
domesticity,1
south,1
liberation,1
secret,1
buot,1
russo,1
calm,1
womanhood,1
ana,1
sail,1
unsound,1
sovereign,1
berjuang,1
caihyc,1
business,1
inhabit,1
vntuk,1
demand,1
infections,1
linta,1
equality,1
saw,1
matter,1
apprehensive,1
variety,1
absence,1
various,1
entitled,1
persaudaraan,1
employ,1
glq,1
indicative,1
cleanliness,1
amnya,1
genitals,1
negri,1
thoughts,1
labors,1
located,1
overall,1
comparative,1
selfish,1
dam,1
entextualizing,1
penjajahan,1
gemblak,1
classic,1
brief,1
edges,1
procreation,1
nietzsche,1
exception,1
tdmo,1
subscriber,1
etc,1
prove,1
prism,1
samegender,1
july,1
barren,1
mainstream,1
bill,1
aja,1
folded,1
translates,1
standing,1
admonition,1
greed,1
dreaming,1
rejects,1
logical,1
distribute,1
closet,1
eighty,1
mkmikah,1
simultaneously,1
lucky,1
aii,1
permeate,1
globalize,1
tends,1
authoritarian,1
tlits,1
lisa,1
giat,1
corpus,1
diindonasma,1
rubbing,1
repression,1
collect,1
keakraban,1
simultaneous,1
philadelphia,1
gave,1
glossy,1
vignettes,1
sympathies,1
target,1
interpretation,1
indmji,1
euroamerica,1
ourselves,1
maricones,1
revisiting,1
rubric,1
berupaya,1
represents,1
added,1
switching,1
paradox,1
mused,1
veiled,1
alongside,1
joke,1
albert,1
indra,1
unidirectional,1
seeing,1
technology,1
pinggir,1
declaration,1
whispers,1
revitalizing,1
boundary,1
salient,1
elizabeth,1
waltner,1
dooming,1
bucholtz,1
informal,1
positively,1
light,1
lkaemyansya,1
nan,1
keeping,1
teaching,1
choices,1
performed,1
formalized,1
pmua,1
intim,1
friedrich,1
al,1
mpun,1
reprint,1
largest,1
insights,1
collectivities,1
department,1
touching,1
reports,1
emotional,1
boarding,1
increasingly,1
heuristically,1
berkarya,1
twin,1
connectivity,1
apavah,1
kuala,1
sector,1
suzanne,1
independent,1
hawai,1
republishing,1
worst,1
shops,1
aneka,1
statements,1
law,1
temporarily,1
challenge,1
stronger,1
broadened,1
jane,1
strike,1
fell,1
neglect,1
peletz,1
purworejo,1
spend,1
death,1
academy,1
pan,1
pointed,1
similarly,1
flowers,1
stripes,1
gathers,1
lucy,1
safety,1
mri,1
countercultural,1
lelaki,1
addition,1
towards,1
financial,1
clothed,1
speaks,1
incorporates,1
mero,1
naive,1
longer,1
leading,1
uses,1
criminal,1
consideration,1
ponders,1
fundamental,1
explains,1
professions,1
scholars,1
abilities,1
cupboard,1
areas,1
relates,1
striking,1
indies,1
minnesota,1
datang,1
choiceon,1
ukash,1
happily,1
beliefs,1
documents,1
vision,1
umpire,1
jakerta,1
foods,1
distance,1
euroamericans,1
unknowingly,1
contradict,1
daily,1
isolate,1
beg,1
diverse,1
incorporation,1
forge,1
mecca,1
john,1
demonstrating,1
gray,1
grows,1
seksual,1
gopop,1
narrativized,1
everything,1
overwhelmingly,1
inherently,1
okh,1
subscribing,1
identical,1
ktdnra,1
fashion,1
succeeding,1
imperfect,1
hinges,1
reflect,1
pairing,1
semoga,1
ledger,1
worn,1
producer,1
external,1
reasons,1
rhetoric,1
honor,1
ruler,1
smart,1
singapore,1
repayment,1
colloquially,1
insane,1
remarkable,1
ironically,1
covered,1
seluruh,1
metaphors,1
thirties,1
derivation,1
devoted,1
continuing,1
tboellst,1
tay,1
sylvia,1
celebrated,1
underscores,1
parables,1
sedia,1
interstices,1
council,1
informally,1
srikandi,1
antiglobalization,1
necessary,1
blind,1
paired,1
alchemy,1
agencies,1
sayang,1
chronologically,1
belief,1
compelled,1
oxymoron,1
jj,1
mmiylr,1
gays,1
characters,1
encountered,1
ddn,1
fragmentation,1
sixteenyear,1
plane,1
joking,1
shine,1
imagine,1
kelompok,1
week,1
alternatif,1
generala,1
excerpt,1
recognizing,1
exclaimed,1
apt,1
understanding,1
technologies,1
kelainan,1
lauren,1
cure,1
situated,1
electronic,1
extended,1
mix,1
art,1
admits,1
fetish,1
father,1
discos,1
disease,1
hear,1
indiana,1
invested,1
edis,1
caring,1
easier,1
touched,1
prevention,1
eighteenth,1
bear,1
garner,1
ladbian,1
ags,1
marginality,1
greet,1
conceivable,1
yanwso,1
kau,1
rehabilitation,1
previously,1
predominates,1
aa,1
contacts,1
judge,1
bodicuan,1
traversing,1
rc,1
versa,1
kegayan,1
reproductions,1
top,1
sia,1
biak,1
entirely,1
janadas,1
expression,1
newjakajaka,1
unfortunately,1
hypotheses,1
largely,1
persisted,1
tabulating,1
memerdekakan,1
rivers,1
banci,1
virtually,1
sama,1
tchksi,1
shopping,1
ideas,1
prominently,1
tips,1
desktoppublishing,1
humming,1
giiing,1
semiotic,1
styles,1
engaged,1
aids,1
stay,1
exams,1
fanzines,1
chosen,1
deployed,1
markus,1
maa,1
connected,1
bedroom,1
students,1
njj,1
soon,1
heterosexist,1
rejected,1
vernacular,1
discovered,1
upcoming,1
alienating,1
masih,1
expelled,1
moral,1
reality,1
reward,1
adding,1
comprehensive,1
michel,1
scm,1
divorces,1
newsletter,1
agreement,1
definitely,1
indonesianist,1
clue,1
recipient,1
lonely,1
editorship,1
diajetan,1
valorized,1
reviewers,1
zealand,1
geographically,1
indexing,1
foreclosing,1
function,1
romances,1
understudies,1
vintage,1
kisah,1
distinction,1
static,1
credit,1
traveled,1
dry,1
panels,1
filled,1
foucauldian,1
anyone,1
earlier,1
erja,1
seth,1
dual,1
provides,1
sartre,1
legacy,1
ukan,1
different,1
patriotism,1
corrupt,1
imagination,1
sian,1
lighting,1
proclaim,1
strangely,1
mutak,1
migrants,1
conclusions,1
sentiment,1
aki,1
internal,1
ncu,1
pir,1
qualities,1
thematics,1
newspapers,1
constructing,1
accusation,1
reads,1
heterosexualized,1
sight,1
declare,1
ann,1
rosi,1
mainly,1
incompatible,1
effect,1
unites,1
masculine,1
armor,1
orchid,1
seeking,1
implication,1
translate,1
begs,1
lay,1
locales,1
securing,1
attracted,1
interpenetrate,1
selfishness,1
wells,1
save,1
institution,1
tendency,1
amateur,1
dayak,1
connections,1
tanah,1
invocations,1
ipoos,1
ago,1
counterculture,1
creativity,1
dresses,1
delimited,1
alias,1
footprint,1
antimerographic,1
concluded,1
division,1
exiling,1
authentically,1
mas,1
separate,1
bang,1
haunts,1
reinventing,1
european,1
implicitly,1
oxford,1
depth,1
asking,1
unbeknownst,1
unstable,1
takdir,1
heals,1
pertains,1
reflexive,1
valuable,1
christian,1
imajiner,1
informs,1
devote,1
raw,1
senial,1
stems,1
flower,1
infighting,1
road,1
transformations,1
succinctly,1
window,1
transforms,1
soboat,1
she,1
liang,1
particularize,1
shortest,1
bulk,1
blatantly,1
jati,1
plays,1
suggestive,1
bound,1
claimed,1
begin,1
celebration,1
alternate,1
vertical,1
warok,1
fewer,1
recognizes,1
dumb,1
primarily,1
nexus,1
watching,1
dimensions,1
mbmuatkiu,1
qualify,1
tin,1
detailed,1
bears,1
pedigree,1
began,1
parcel,1
apianf,1
embodying,1
circumstance,1
visual,1
wetu,1
requests,1
diseluruh,1
pia,1
bukus,1
fated,1
try,1
la,1
countries,1
frames,1
worlds,1
otobiografi,1
successor,1
extra,1
encapsulated,1
kill,1
orgasmic,1
fall,1
commits,1
slogan,1
surprising,1
prie,1
galand,1
composed,1
mysteriously,1
yaeger,1
enforced,1
ilga,1
creatures,1
exists,1
emerging,1
donated,1
recalling,1
serta,1
combines,1
baju,1
joko,1
kalifornia,1
susan,1
inheres,1
victorious,1
indonesiaku,1
comic,1
veteran,1
considered,1
res,1
petnah,1
tojaka,1
claims,1
merry,1
blurred,1
lengthier,1
proving,1
stivens,1
assistant,1
shirt,1
publicly,1
contained,1
wars,1
variable,1
dpan,1
heavy,1
preventing,1
woweor,1
historian,1
alterity,1
morning,1
series,1
mentioned,1
menambah,1
hajj,1
accuse,1
conjunction,1
comparison,1
peoples,1
menapa,1
minneapolis,1
conflate,1
dishonest,1
nampaknya,1
suspect,1
demonstrate,1
fertig,1
foregrounding,1
solitary,1
framing,1
confounding,1
deferred,1
look,1
shop,1
bodoh,1
gert,1
ridiculed,1
physical,1
shining,1
echoes,1
disapproval,1
tenor,1
temple,1
symbol,1
pt,1
sciences,1
creases,1
column,1
bahu,1
resonance,1
shortcoming,1
milieu,1
jantungnya,1
gulung,1
dimension,1
hak,1
favorably,1
noun,1
heteronormative,1
mutually,1
privacy,1
ttntarng,1
message,1
promotion,1
intellectual,1
principle,1
illuminate,1
interrupted,1
hem,1
tongue,1
kaja,1
par,1
lamp,1
december,1
triml,1
assumed,1
seriously,1
falsely,1
accustomed,1
believe,1
international,1
marginalization,1
capital,1
stack,1
outdoor,1
nasional,1
websites,1
invoke,1
kowtowing,1
bit,1
constructions,1
lelak,1
selffhood,1
returns,1
report,1
speech,1
moments,1
pancasila,1
medan,1
prtama,1
collectors,1
reproduces,1
tmima,1
sc,1
wealthier,1
impossible,1
causing,1
privileged,1
constant,1
lockstep,1
generalized,1
cities,1
examining,1
going,1
guinea,1
fears,1
galang,1
expel,1
meager,1
u,1
tahun,1
pour,1
fellow,1
emerges,1
type,1
options,1
caricature,1
ttalli,1
places,1
turned,1
analytically,1
lsian,1
bewitching,1
phd,1
quietly,1
activism,1
quiet,1
complications,1
unlikely,1
aduh,1
unfulfilled,1
preexisting,1
notable,1
perceiving,1
carefully,1
transmitted,1
unique,1
spatial,1
stability,1
selected,1
bwng,1
making,1
inhabited,1
calif,1
italicized,1
orphan,1
pertinent,1
soeharto,1
add,1
sexualized,1
eroticism,1
contrasting,1
map,1
utama,1
writes,1
ceased,1
diary,1
distancing,1
penetration,1
leaving,1
distribution,1
likes,1
haprl,1
twoo,1
alku,1
ong,1
interviewers,1
hesitate,1
fodder,1
institute,1
kpadaf,1
secure,1
hypothesize,1
fighters,1
sexological,1
aonal,1
bustle,1
vol,1
ksbia,1
information,1
authorizing,1
planet,1
agreed,1
scenarios,1
phenomena,1
duniaku,1
membahu,1
iandra,1
baru,1
photocopy,1
periodicals,1
finished,1
janice,1
presume,1
marking,1
mmqatgnk,1
ijalan,1
uliahmu,1
atkinson,1
nouns,1
son,1
feat,1
dua,1
multiple,1
founded,1
npiri,1
cl,1
febb,1
jfaigms,1
ohio,1
wawanara,1
sydney,1
marketing,1
fortress,1
ahmat,1
harnva,1
rdaita,1
ec,1
dak,1
buy,1
metonymic,1
bathing,1
agents,1
went,1
disappears,1
bulletins,1
contribute,1
monnig,1
obtain,1
twenties,1
resistance,1
linguistics,1
intelligible,1
kirana,1
families,1
motivate,1
mention,1
allows,1
encouraging,1
aims,1
au,1
siak,1
frivolous,1
varied,1
yellowed,1
reducible,1
subsumed,1
analogy,1
eric,1
wholes,1
false,1
wow,1
banyak,1
bawah,1
homologous,1
forgetting,1
sustains,1
dirad,1
drafts,1
touch,1
lists,1
euro,1
reveals,1
referenced,1
kaulpor,1
resist,1
autochthonous,1
copies,1
connecting,1
mitigating,1
nusa,1
rpikir,1
conditions,1
october,1
write,1
ontologizes,1
discursive,1
naomi,1
reciprocity,1
handwritten,1
aln,1
tourism,1
crystallize,1
mindful,1
contributed,1
move,1
instead,1
richard,1
hone,1
immediately,1
touches,1
disagree,1
land,1
promiscuous,1
nonprofessional,1
guiding,1
product,1
clearest,1
worthiness,1
phone,1
petapa,1
photograph,1
approach,1
centripetal,1
pengalaman,1
caption,1
balinese,1
extremely,1
walking,1
francisco,1
climactic,1
recalled,1
fromjaka,1
magically,1
summary,1
returning,1
doubtless,1
anonymous,1
dissent,1
supported,1
potential,1
heterosexuality,1
requires,1
rest,1
interlinked,1
conflated,1
aback,1
iesbian,1
defunct,1
elites,1
rejection,1
orang,1
reached,1
perkawinan,1
bule,1
pustaka,1
partial,1
gestures,1
euroamerican,1
exclusively,1
element,1
fullest,1
noncommercial,1
entire,1
little,1
adopted,1
develop,1
perempuan,1
astpdik,1
conventions,1
aceh,1
recent,1
philippines,1
gahwa,1
charms,1
test,1
punk,1
beings,1
conceptualized,1
building,1
conversations,1
ca,1
built,1
kisses,1
destructive,1
race,1
close,1
occur,1
perpisahan,1
lagi,1
hypothesis,1
