WORDCOUNTS,WEIGHT
the,86
of,63
a,51
and,42
in,33
is,29
s,27
that,26
to,25
it,19
as,19
with,18
love,18
laura,14
food,13
for,13
i,13
her,13
she,12
bruno,10
tequila,10
his,9
are,9
from,9
but,9
on,9
be,9
capella,8
by,8
at,7
one,7
about,7
tommaso,7
book,7
its,7
an,7
we,7
who,6
was,6
or,6
had,6
cheese,6
like,6
if,5
culinary,5
only,5
microbes,5
there,5
while,5
chapter,5
ferrary,5
art,5
through,5
which,5
this,5
have,5
story,5
will,4
life,4
into,4
first,4
romance,4
passion,4
always,4
all,4
my,4
great,4
p,4
new,4
chef,4
reading,4
perhaps,4
reader,4
way,4
few,4
between,4
can,4
up,4
should,4
may,3
f,3
now,3
york,3
rome,3
been,3
make,3
flavors,3
they,3
k,3
not,3
pp,3
same,3
no,3
m,3
novel,3
fact,3
best,3
called,3
out,3
end,3
readers,3
beginning,3
learn,3
fisher,3
them,3
cooking,3
writes,3
has,3
cloth,3
our,3
years,3
least,3
would,3
you,3
never,3
because,3
much,3
so,3
am,3
does,2
inch,2
me,2
anthony,2
square,2
still,2
transformation,2
their,2
pages,2
comes,2
illustrations,2
recipe,2
edited,2
drinks,2
lives,2
makes,2
thought,2
old,2
orange,2
us,2
seems,2
allies,2
history,2
before,2
just,2
penicillium,2
dishes,2
these,2
enjoyed,2
ve,2
most,2
two,2
begins,2
more,2
also,2
appealing,2
creations,2
know,2
others,2
drink,2
caves,2
each,2
lime,2
character,2
different,2
longer,2
genus,2
follows,2
particularly,2
hundred,2
mold,2
humorous,2
roquefort,2
though,2
what,2
youthful,2
form,2
see,2
making,2
quote,2
alice,2
waters,2
sexual,2
kitchen,2
shape,2
invisible,2
made,2
craig,2
even,2
careful,2
example,2
herself,2
turns,2
got,2
eaten,2
surrounds,2
sweet,2
mexicans,2
alain,2
sourdough,2
actually,2
winter,2
courtship,2
however,2
de,2
shower,2
discovered,2
course,2
although,2
hard,2
green,2
him,2
mexico,2
off,2
after,2
quite,2
young,2
mainly,2
characters,2
than,2
roommate,2
awkward,1
depth,1
steps,1
fleming,1
interesting,1
he,1
tasted,1
states,1
relationship,1
fueled,1
produces,1
writer,1
americans,1
cleansing,1
whose,1
child,1
essential,1
cover,1
lovers,1
variety,1
wisdom,1
lot,1
meets,1
internuts,1
rather,1
thizes,1
bring,1
wary,1
meaning,1
main,1
mentally,1
how,1
overall,1
created,1
foodies,1
orellana,1
mystical,1
truth,1
pale,1
begin,1
elizabeth,1
chocolat,1
celebration,1
inside,1
jalisco,1
levels,1
college,1
heights,1
bawdy,1
cuisine,1
imbued,1
slow,1
lost,1
unique,1
giroux,1
boss,1
vicente,1
gourmet,1
gastronomica,1
earlier,1
charm,1
farrar,1
tasting,1
sunrises,1
american,1
strange,1
ongoing,1
handsome,1
bryan,1
bread,1
cave,1
tree,1
slavic,1
describing,1
white,1
margaritas,1
existed,1
bouquet,1
hope,1
ensenada,1
live,1
alive,1
respect,1
happened,1
apples,1
yet,1
ways,1
shy,1
observer,1
fantasy,1
get,1
worm,1
done,1
itself,1
easily,1
read,1
wry,1
mezcal,1
parts,1
carlotta,1
mission,1
corniness,1
infuses,1
sex,1
straus,1
pepper,1
libman,1
considered,1
onecalifornian,1
forget,1
semester,1
position,1
unappetizing,1
juice,1
cheeses,1
familiar,1
unlike,1
organized,1
curious,1
olives,1
bit,1
why,1
combines,1
mouthwatering,1
liked,1
any,1
handled,1
germs,1
delight,1
shock,1
culture,1
growing,1
impact,1
parmesan,1
series,1
tic,1
excitement,1
process,1
too,1
regaling,1
already,1
menu,1
turning,1
experience,1
moments,1
learns,1
friend,1
bookends,1
powerful,1
olive,1
beverage,1
surface,1
t,1
explaining,1
exacting,1
nchez,1
claims,1
hence,1
amidst,1
party,1
ceremony,1
perknow,1
tomato,1
roman,1
here,1
rendered,1
candied,1
set,1
triangle,1
prompting,1
bright,1
taken,1
journey,1
quickly,1
physically,1
mingling,1
attempt,1
over,1
qualities,1
weekend,1
ourselves,1
claiborne,1
many,1
tiny,1
gazette,1
water,1
nice,1
eats,1
descriptions,1
comedy,1
fleurines,1
reach,1
other,1
sexy,1
seem,1
flowers,1
tradition,1
encased,1
prohimself,1
explores,1
secondary,1
recipes,1
squeamish,1
appearance,1
hugo,1
falls,1
fascinating,1
experirome,1
quirarte,1
lacks,1
time,1
milk,1
senses,1
refrigerator,1
scenes,1
vicariously,1
focuses,1
very,1
written,1
brutally,1
take,1
viking,1
italiana,1
help,1
almost,1
favorite,1
reportage,1
serious,1
ricette,1
country,1
sangrita,1
combalou,1
secretly,1
last,1
better,1
loose,1
evident,1
person,1
turned,1
enough,1
took,1
greatly,1
do,1
blowing,1
longincluding,1
mushy,1
indulgence,1
knows,1
let,1
somewhat,1
within,1
dating,1
gratified,1
careless,1
demchinsky,1
legend,1
boyfriend,1
cause,1
excellent,1
meal,1
glorious,1
vivid,1
ed,1
placed,1
dufrais,1
focusing,1
suspicions,1
suspect,1
assortment,1
blossoms,1
produce,1
your,1
amorous,1
unforgettable,1
bakes,1
desserts,1
books,1
find,1
leaving,1
adaptation,1
eager,1
distance,1
jolie,1
beard,1
scene,1
wood,1
ketchup,1
mations,1
right,1
landing,1
fairytale,1
well,1
birthday,1
having,1
when,1
bottle,1
some,1
julia,1
fessional,1
casual,1
literature,1
rosebuds,1
simone,1
solid,1
seductive,1
burden,1
solely,1
farrell,1
culdescriptions,1
remember,1
dowdy,1
upon,1
obvious,1
son,1
someit,1
heart,1
meals,1
invited,1
four,1
beck,1
say,1
borscht,1
part,1
wannabe,1
city,1
beach,1
despite,1
knowledge,1
courses,1
alchemistic,1
stagnant,1
edmond,1
along,1
peacefully,1
keeps,1
solemn,1
spicy,1
endearing,1
description,1
bowl,1
bacteria,1
introduction,1
loss,1
oil,1
genuine,1
glide,1
older,1
tender,1
during,1
place,1
underestimate,1
began,1
sympaand,1
goth,1
gastronomically,1
allows,1
learned,1
gain,1
being,1
ecstasy,1
evolution,1
think,1
thus,1
homage,1
includes,1
virginity,1
throughout,1
come,1
bergerac,1
trip,1
angelina,1
onedimensional,1
surrounding,1
california,1
devoted,1
slapstick,1
until,1
mont,1
montreal,1
talented,1
explained,1
drafts,1
north,1
caramel,1
known,1
difference,1
ence,1
extras,1
seventy,1
own,1
clear,1
corrupted,1
constantly,1
three,1
cyrano,1
table,1
charming,1
encounters,1
seduces,1
errors,1
opens,1
bodies,1
national,1
express,1
washington,1
finally,1
agent,1
chocolate,1
mode,1
lore,1
concentrates,1
florets,1
heartwarming,1
parallels,1
try,1
pecorino,1
sugar,1
lively,1
grown,1
salt,1
sense,1
occurs,1
immersion,1
debauch,1
humor,1
ny,1
maguire,1
useful,1
living,1
jeannette,1
product,1
waiter,1
revolution,1
creating,1
things,1
high,1
dick,1
intiand,1
ge,1
compensating,1
france,1
forced,1
taste,1
anyone,1
thing,1
shells,1
borage,1
penicillin,1
remains,1
long,1
around,1
rostand,1
imagination,1
dialogue,1
exchange,1
romangastronomica,1
every,1
class,1
ture,1
vassar,1
blank,1
freed,1
especially,1
behind,1
back,1
smithsonian,1
cousin,1
shines,1
choose,1
sixtieth,1
region,1
eyes,1
shockingly,1
margarita,1
lovable,1
six,1
attending,1
themselves,1
background,1
chaser,1
c,1
excess,1
wise,1
grandmother,1
liquid,1
telling,1
agave,1
roqueforti,1
alberto,1
overwhelmed,1
d,1
james,1
promising,1
former,1
patience,1
novice,1
including,1
men,1
grandpa,1
addressed,1
blue,1
entire,1
eloquently,1
chefs,1
soups,1
delightful,1
foodie,1
french,1
beauty,1
prote,1
ago,1
delivered,1
alexander,1
la,1
rotten,1
rest,1
hamptons,1
enjoy,1
widely,1
entertains,1
student,1
starter,1
gifted,1
plant,1
cucina,1
