WORDCOUNTS,WEIGHT
the,653
of,191
to,175
a,114
eeoc,109
and,96
that,94
in,94
state,83
commission,78
s,72
charge,70
is,69
with,66
by,58
court,56
filed,51
v,48
at,47
not,45
was,45
it,44
love,42
agency,40
f,39
case,38
be,38
or,36
c,35
procedure,34
on,34
proceedings,32
have,31
filing,30
as,30
cch,30
days,29
its,29
cas,28
lab,28
this,28
deferral,27
complaint,26
has,26
act,24
colorado,23
within,23
for,22
local,22
federal,21
jurisdiction,21
date,21
d,21
may,20
his,20
see,20
r,20
law,19
which,19
would,19
if,18
been,18
before,18
from,18
practice,18
cir,18
u,18
an,18
after,18
must,16
co,16
period,15
he,14
employment,14
b,14
are,14
statute,14
cases,14
alleged,13
under,13
pullman,13
first,13
only,13
also,13
had,13
sixty,13
complainant,13
courts,12
does,12
terminated,12
title,12
vii,12
one,11
file,11
more,11
whether,11
issue,11
because,11
such,11
when,11
no,10
circuit,10
procedures,10
letter,10
were,10
premature,10
note,9
then,9
other,9
time,9
id,9
relief,9
supp,9
than,9
will,8
requirement,8
unlawful,8
july,8
tel,8
party,8
aggrieved,8
complaints,8
did,8
charges,8
thirty,8
however,8
both,8
assume,8
mr,8
even,8
rights,7
practices,7
e,7
opportunity,7
requiring,7
university,7
any,7
following,7
two,7
opinion,7
all,7
regulation,7
supra,7
regulations,7
cannot,7
vol,7
cited,7
review,7
until,7
since,7
individual,7
back,7
so,7
discriminatory,6
earlier,6
consider,6
policy,6
termination,6
occurred,6
cal,6
carl,6
out,6
effective,6
tenth,6
prior,6
civil,6
there,6
chicago,6
can,6
action,5
district,5
above,5
properly,5
second,5
contained,5
holding,5
without,5
agencies,5
deferred,5
either,5
text,5
lapse,5
request,5
subsequent,5
current,5
further,5
where,5
what,5
conclusion,5
statement,5
while,5
but,5
w,5
discussion,5
occurring,5
through,5
thus,5
question,5
argument,5
rejected,5
him,5
already,5
marquez,5
effect,5
seek,5
should,5
therefore,4
now,4
authority,4
who,4
american,4
yet,4
support,4
fair,4
informal,4
same,4
n,4
requesting,4
considered,4
these,4
being,4
alleging,4
position,4
power,4
later,4
attempt,4
december,4
could,4
iii,4
reasoning,4
commenced,4
procedural,4
automatically,4
continuing,4
investigation,4
appears,4
form,4
jefferson,4
proceed,4
iv,4
original,4
porter,4
some,4
amendments,4
notified,4
unless,4
thereby,4
desired,4
upheld,4
november,4
technical,4
requirements,4
received,4
clear,4
correct,4
proceeding,4
receipt,4
attempted,4
nor,4
formal,4
between,4
charging,4
plaintiff,4
behalf,4
entitled,3
states,3
personally,3
matter,3
rather,3
assert,3
process,3
choate,3
still,3
risk,3
effectively,3
lapsed,3
they,3
their,3
provisions,3
tractor,3
processing,3
appeals,3
requested,3
provision,3
here,3
established,3
concerned,3
set,3
give,3
taken,3
might,3
stating,3
union,3
nature,3
handling,3
consideration,3
acts,3
found,3
expiration,3
compliance,3
do,3
those,3
rep,3
corp,3
invalid,3
them,3
required,3
situation,3
number,3
information,3
trial,3
referred,3
intent,3
establishing,3
made,3
timely,3
apply,3
subject,3
returned,3
congress,3
labor,3
allegations,3
insure,3
facts,3
years,3
t,3
g,3
washington,3
simply,3
colo,3
although,3
followed,3
held,3
seeks,3
misunderstanding,3
provides,3
valid,3
adopted,3
person,3
written,3
race,3
assumed,3
third,3
suitable,3
ann,3
commissions,3
seeking,3
need,3
pennsylvania,3
appellant,3
decision,3
caterpillar,3
industries,2
miller,2
seems,2
operation,2
processed,2
whose,2
reflects,2
stated,2
way,2
distinction,2
ibew,2
arising,2
dockets,2
begin,2
brief,2
send,2
ten,2
international,2
detailed,2
legal,2
southern,2
subsection,2
leaves,2
often,2
empowered,2
analysis,2
guide,2
united,2
implies,2
interpretation,2
means,2
reason,2
holdings,2
deadlines,2
day,2
investigate,2
statutory,2
identifiable,2
j,2
neither,2
physically,2
vigil,2
remedy,2
receiving,2
result,2
version,2
most,2
prematurely,2
continued,2
actually,2
notify,2
requires,2
cert,2
alternative,2
suit,2
motor,2
counsel,2
pointed,2
available,2
many,2
paper,2
conductors,2
parties,2
containing,2
fact,2
copy,2
individuals,2
best,2
simple,2
documents,2
burney,2
ever,2
clearly,2
new,2
reveal,2
substantially,2
take,2
section,2
machinery,2
initial,2
essentially,2
utilized,2
bell,2
channel,2
last,2
hand,2
equal,2
validity,2
establish,2
relevant,2
determinative,2
reopening,2
persons,2
sentence,2
answer,2
meet,2
she,2
duties,2
grounds,2
eg,2
nothing,2
ford,2
judicial,2
litton,2
advise,2
certiorari,2
governing,2
moot,2
well,2
interpreted,2
none,2
commencement,2
mandatory,2
institute,2
presented,2
carry,2
careful,2
point,2
content,2
judge,2
fed,2
obtain,2
assumption,2
advises,2
refers,2
allege,2
mention,2
complainants,2
issues,2
relevance,2
denied,2
human,2
conflict,2
examination,2
includes,2
amendment,2
come,2
california,2
i,2
unable,2
reveals,2
against,2
numerous,2
cunningham,2
grant,2
regarded,2
neb,2
running,2
applicable,2
relations,2
objection,2
include,2
files,2
stage,2
high,2
extensively,2
administrative,2
order,2
rockwell,2
voluntary,2
standard,2
lose,2
latter,2
increased,2
classification,2
summary,2
accomplished,2
potential,2
grow,2
reg,2
relation,2
petition,2
find,2
given,2
we,2
north,2
recent,2
document,2
appropriate,2
general,2
preliminary,2
sent,2
though,2
waiting,2
brown,2
major,2
appeal,1
inapplicable,1
cite,1
nondiscriminatory,1
portion,1
rehearing,1
steps,1
inception,1
mo,1
inertia,1
automatic,1
respect,1
informs,1
rate,1
lengthening,1
wishes,1
recognized,1
aid,1
done,1
adequate,1
reduced,1
violation,1
limits,1
locality,1
availed,1
spelled,1
wisdom,1
higher,1
negroes,1
exhaust,1
exact,1
letters,1
subjected,1
adopt,1
bring,1
chance,1
l,1
accord,1
spell,1
stale,1
contrast,1
complexities,1
criminal,1
answered,1
wrote,1
developed,1
informing,1
barred,1
herein,1
ecause,1
basic,1
previously,1
proper,1
manipulate,1
return,1
argues,1
logan,1
heard,1
purposes,1
determine,1
forfeiture,1
brings,1
notifies,1
april,1
sixteen,1
avoid,1
timid,1
authorizing,1
indicates,1
eighteen,1
conform,1
comply,1
determining,1
technically,1
granted,1
bill,1
undercut,1
proposition,1
affirmatively,1
read,1
standing,1
informational,1
sequences,1
initially,1
employees,1
recognize,1
rapidly,1
deals,1
enlightening,1
antonopulos,1
inconsequential,1
rationale,1
conflicts,1
instigation,1
perpetuate,1
imply,1
paragraph,1
approved,1
incorporated,1
difference,1
instructions,1
assigned,1
promptly,1
designed,1
earl,1
fall,1
limitation,1
achieve,1
once,1
referring,1
dismiss,1
recopy,1
space,1
ineffective,1
pacific,1
moreover,1
upholding,1
criticism,1
manipulated,1
constitute,1
h,1
effort,1
reopen,1
refusing,1
walker,1
itself,1
unanswered,1
actions,1
dent,1
easily,1
makes,1
paragraphs,1
francisco,1
rules,1
bank,1
air,1
favor,1
old,1
wages,1
wanted,1
former,1
forth,1
fifth,1
restricted,1
formally,1
claiming,1
protection,1
us,1
periods,1
aba,1
discouraged,1
attack,1
minor,1
into,1
contemplated,1
initiation,1
refiling,1
placed,1
presumably,1
expressed,1
assistance,1
elsewhere,1
quoted,1
threatening,1
forum,1
prohibited,1
record,1
house,1
source,1
necessity,1
chief,1
argued,1
too,1
prevent,1
orally,1
accordingly,1
according,1
four,1
existence,1
department,1
experience,1
accidental,1
instructed,1
appealed,1
georgia,1
noted,1
common,1
sequence,1
additional,1
regional,1
anything,1
carriers,1
terminates,1
gap,1
evidenced,1
beyond,1
fep,1
permit,1
satisfactory,1
technicalities,1
declining,1
conforms,1
physical,1
volume,1
long,1
perhaps,1
cong,1
backlog,1
relies,1
questions,1
appellate,1
ii,1
forty,1
important,1
indicated,1
again,1
make,1
rapid,1
view,1
sub,1
everett,1
rejects,1
responsibilities,1
retained,1
anywhere,1
pipefitters,1
efficient,1
asserts,1
infra,1
worked,1
undeniably,1
belligerent,1
added,1
responds,1
readily,1
allotted,1
official,1
eighth,1
maze,1
problem,1
based,1
shows,1
company,1
incorrect,1
lack,1
reach,1
access,1
seem,1
allow,1
bearing,1
industry,1
toll,1
occurrence,1
down,1
misinterpretation,1
pressure,1
appearance,1
succeeds,1
assertion,1
call,1
carrying,1
rule,1
conciliation,1
restrictive,1
hands,1
moment,1
agree,1
courthouse,1
therein,1
reads,1
report,1
post,1
nom,1
inevitably,1
vest,1
arisen,1
follows,1
filter,1
deal,1
government,1
incident,1
sometime,1
hear,1
hundred,1
distinguishable,1
concludes,1
dispute,1
uphold,1
gas,1
precedent,1
resulting,1
identical,1
insuring,1
invalidate,1
help,1
reflect,1
utilize,1
fresh,1
reasons,1
freight,1
senate,1
peerless,1
imperfections,1
loose,1
function,1
academic,1
turned,1
indicate,1
discouragement,1
heart,1
clarity,1
dismissing,1
beginning,1
equally,1
contact,1
informed,1
opposite,1
whichever,1
powers,1
manner,1
receive,1
brakeman,1
construe,1
remail,1
affirm,1
confused,1
similar,1
posters,1
treat,1
accepted,1
receives,1
afforded,1
contents,1
purporting,1
calif,1
achieving,1
sanctioned,1
dealing,1
benefits,1
necessary,1
occasional,1
maintain,1
resigned,1
indication,1
mere,1
inquire,1
guarantee,1
missouri,1
belief,1
overruled,1
explained,1
merits,1
jenkins,1
conclude,1
plaintiffs,1
paperworkers,1
gives,1
advice,1
motion,1
her,1
sought,1
incorporate,1
value,1
discuss,1
localities,1
require,1
deprive,1
degree,1
failure,1
aerojetgeneral,1
specifically,1
directly,1
thousands,1
facially,1
statutes,1
emphasis,1
subdivision,1
up,1
retaining,1
understanding,1
omissions,1
correctly,1
miss,1
menced,1
certain,1
waiving,1
buckley,1
effectiveness,1
treated,1
litigated,1
craftsmanship,1
founded,1
upon,1
mootness,1
circumstances,1
distinguish,1
defer,1
prevails,1
officially,1
code,1
o,1
discrimination,1
taking,1
brought,1
edwards,1
doubtful,1
rat,1
ohio,1
discusses,1
ignores,1
preferable,1
example,1
denial,1
defendant,1
classifications,1
wording,1
activated,1
over,1
became,1
pracrices,1
pleading,1
ruling,1
formalize,1
herself,1
supreme,1
judgment,1
look,1
intended,1
bypassed,1
initiative,1
rec,1
controlling,1
encourage,1
loss,1
fore,1
prevented,1
substance,1
screen,1
unfortunately,1
papermakers,1
force,1
during,1
place,1
sign,1
virtually,1
wheeler,1
allowed,1
deemed,1
mich,1
challenges,1
contains,1
guilty,1
aside,1
lower,1
falling,1
assuming,1
throughout,1
secrion,1
empowers,1
bohn,1
thereafter,1
real,1
precision,1
services,1
continue,1
complied,1
proceeds,1
apparently,1
full,1
forwarded,1
supplied,1
delay,1
office,1
simplify,1
pumps,1
reverses,1
evidence,1
line,1
described,1
considering,1
timeliness,1
citing,1
open,1
reject,1
caseload,1
own,1
disposal,1
pilot,1
discovered,1
conductor,1
airlines,1
three,1
discretion,1
reconsidering,1
weeks,1
afoul,1
discussed,1
assignment,1
notice,1
precise,1
express,1
accept,1
aware,1
brass,1
undisputed,1
porters,1
relatively,1
creating,1
usca,1
met,1
authorities,1
registering,1
arise,1
deferment,1
likewise,1
renew,1
suggests,1
summer,1
hurdles,1
wished,1
outright,1
failing,1
expected,1
involving,1
chlicago,1
senator,1
next,1
effects,1
inquiring,1
seaboard,1
aluminum,1
initiate,1
estimates,1
thereof,1
expired,1
distinct,1
elements,1
involved,1
meantime,1
ignorance,1
dispose,1
underlying,1
humphrey,1
contemplate,1
several,1
blank,1
needs,1
each,1
dissent,1
refer,1
sufficient,1
supported,1
totally,1
body,1
defects,1
oral,1
ninth,1
six,1
wholly,1
convey,1
reference,1
forbid,1
interpretations,1
left,1
concluded,1
thereto,1
right,1
describing,1
employers,1
hindrance,1
construction,1
structure,1
norman,1
early,1
maximum,1
inability,1
substantial,1
st,1
majority,1
severely,1
present,1
raised,1
abandoned,1
filling,1
pracrcs,1
prohibiting,1
much,1
figures,1
seemed,1
details,1
prerequisites,1
govern,1
away,1
about,1
fiscal,1
restated,1
political,1
moved,1
settle,1
intervals,1
ruled,1
negative,1
fireproofing,1
dictated,1
error,1
improperly,1
perform,1
johnson,1
lend,1
petitioner,1
plumbers,1
