WORDCOUNTS,WEIGHT
the,705
of,370
and,368
in,252
a,221
to,169
is,147
as,128
film,107
s,106
songs,91
song,88
or,86
love,80
for,70
indian,69
that,66
are,61
this,60
with,58
on,55
narrative,54
from,54
music,50
by,49
couple,47
p,44
an,43
musical,40
romantic,39
films,36
but,36
not,35
her,35
often,30
i,29
lyrics,29
cultural,28
pp,28
it,26
hindi,26
emotional,26
heroine,26
such,25
cinema,25
also,25
traditional,25
be,25
at,24
hero,24
their,24
hollywood,24
which,24
audience,24
director,23
popular,23
performance,22
duet,22
india,21
heart,21
while,21
through,21
university,20
female,20
these,20
press,20
emotion,19
world,19
only,19
they,18
most,18
see,18
has,17
his,17
public,17
he,17
all,16
gaze,16
other,15
r,15
singing,15
genre,15
its,15
rasa,15
voice,15
however,14
do,14
private,14
one,13
shot,13
important,13
part,13
example,13
number,13
ltd,13
male,13
bollywood,13
celluloid,13
theatre,12
may,12
numbers,12
union,12
mumbai,12
folk,12
social,12
new,12
she,12
between,12
group,11
tradition,11
raj,11
marriage,11
my,11
family,11
separation,11
techniques,11
emotions,11
function,11
can,11
relationship,11
usually,11
sringar,11
dwyer,11
despite,11
american,10
display,10
natalie,10
found,10
sarrazin,10
dil,10
mujra,10
values,10
hai,10
like,10
cinematic,10
sequences,10
theory,10
you,10
meaning,9
into,9
sources,9
context,9
primary,9
de,9
than,9
rather,9
musicals,9
used,9
embodied,9
culture,9
contemporary,9
dance,9
woman,9
entertainment,9
then,9
associated,9
glimpse,9
particularly,9
type,9
what,9
both,9
have,9
include,9
does,8
western,8
there,8
includes,8
lover,8
erotic,8
image,8
impact,8
tension,8
anand,8
kapoor,8
sings,8
codes,8
ed,8
two,8
more,8
where,8
expression,8
use,8
aesthetic,8
structure,8
singer,8
altaian,8
gopalan,8
must,8
based,7
differences,7
principal,7
metaphor,7
due,7
viewing,7
no,7
m,7
aspects,7
when,7
beauty,7
will,7
about,7
during,7
technique,7
bobby,7
sing,7
audiences,7
ibid,7
krishna,7
him,7
after,7
story,7
who,7
life,7
duets,7
over,7
different,7
them,7
terms,7
arnold,7
cordova,6
common,6
if,6
significant,6
experience,6
t,6
secondary,6
duality,6
some,6
formula,6
occurs,6
modernity,6
even,6
general,6
main,6
how,6
picturisations,6
romance,6
just,6
traditionally,6
poetry,6
chopra,6
sentiments,6
your,6
prasad,6
order,6
dramatic,6
up,6
critical,6
girl,6
play,6
oxford,6
diegetic,6
larger,6
hindu,6
including,6
aesthetics,6
eyes,6
lovers,6
crucial,6
lives,6
set,6
each,6
ideological,6
according,6
form,6
particular,6
early,6
although,6
characters,6
final,5
village,5
urdu,5
altman,5
long,5
every,5
desire,5
bakshi,5
sound,5
melodrama,5
bhansali,5
familial,5
york,5
vs,5
direct,5
tensions,5
commonly,5
appear,5
out,5
international,5
pvt,5
well,5
flourish,5
authenticity,5
personal,5
devotional,5
several,5
religious,5
me,5
us,5
towards,5
time,5
soundtrack,5
forms,5
outside,5
singers,5
discussion,5
identity,5
peer,5
provides,5
sentiment,5
yash,5
sufi,5
class,5
construction,5
analysis,5
global,5
c,5
rising,5
episode,5
contain,5
role,5
typically,5
specific,5
perception,5
productions,4
prem,4
sanjay,4
women,4
first,4
production,4
culturally,4
hum,4
bloomington,4
explores,4
accompanied,4
morcom,4
dancing,4
retain,4
mosque,4
point,4
very,4
regarding,4
inclusion,4
veil,4
explore,4
look,4
raja,4
heroes,4
remain,4
similar,4
importance,4
shyness,4
dancers,4
allow,4
events,4
arranged,4
feuer,4
akhtar,4
london,4
edn,4
indigenous,4
contains,4
away,4
own,4
change,4
hindustani,4
prakash,4
proper,4
wedding,4
value,4
leela,4
drama,4
madhuri,4
settings,4
dual,4
home,4
same,4
dualities,4
pardes,4
many,4
communal,4
musicians,4
classical,4
foreigner,4
day,4
another,4
father,4
indiana,4
examples,4
genres,4
camera,4
sequence,4
theories,4
ki,4
express,4
language,4
would,4
tribal,4
poetic,4
kuch,4
especially,4
consumption,4
we,4
pardesi,4
bells,4
hogan,4
itself,4
caste,4
types,4
arts,4
considered,4
intensify,4
temple,4
villain,4
almost,4
ah,4
ghai,4
content,4
indians,4
using,4
vocal,4
courtship,4
villains,4
notes,4
d,4
states,4
diaspora,4
typology,4
images,4
meeting,4
commentary,3
groups,3
mystical,3
radha,3
alone,3
predilection,3
true,3
earthly,3
modern,3
transcendent,3
ideals,3
acceptance,3
devices,3
signifies,3
unlike,3
uberoi,3
choli,3
themes,3
nayak,3
creekmur,3
certainly,3
utopia,3
expressive,3
roshan,3
repertoire,3
joyous,3
address,3
viewer,3
did,3
raghavan,3
cinemas,3
take,3
last,3
those,3
reserved,3
diwane,3
existence,3
mutual,3
raga,3
hair,3
vocalisations,3
relies,3
since,3
heroines,3
ability,3
moment,3
khal,3
narratives,3
back,3
compare,3
instruments,3
influence,3
industries,3
longing,3
essential,3
basic,3
process,3
appears,3
certain,3
means,3
evil,3
chuke,3
familiar,3
wearing,3
clearly,3
air,3
holi,3
house,3
w,3
show,3
beyond,3
sameer,3
drawing,3
behaviour,3
plot,3
further,3
connotations,3
produced,3
reinforce,3
cannot,3
darsan,3
scene,3
expressions,3
directly,3
having,3
work,3
costume,3
psychological,3
subhash,3
diwani,3
kaho,3
issues,3
solos,3
rituals,3
creating,3
reinforces,3
mani,3
disembodied,3
around,3
components,3
majority,3
south,3
situation,3
various,3
mehra,3
action,3
economic,3
spectacle,3
imagery,3
nearly,3
still,3
boy,3
structural,3
ke,3
represents,3
rain,3
sex,3
under,3
god,3
complete,3
performed,3
tropes,3
challenge,3
don,3
break,3
hear,3
end,3
man,3
relevant,3
heavily,3
until,3
mehfil,3
routledge,3
distance,3
ankle,3
local,3
understanding,3
extended,3
vast,3
pyar,3
schechner,3
background,3
range,3
helps,3
opera,3
silverman,3
listener,3
pleasure,3
styles,3
full,3
attraction,3
three,3
gesture,3
individual,3
serves,3
thomas,3
relation,3
sanam,3
heighten,3
seduction,3
theatrical,3
separate,3
space,3
brockport,3
segments,3
popularity,3
plays,3
fields,3
ddlj,3
detailed,3
visual,3
dixit,3
sippy,3
expectations,3
obstacle,3
chahta,3
shadow,3
rarely,3
following,3
setting,3
good,3
incorporating,3
universal,3
rely,3
far,3
living,3
playful,3
maintain,3
create,3
information,3
middle,3
ratnam,3
given,3
beloved,3
ring,3
pop,3
allows,3
representation,3
aspect,3
motif,3
come,3
additional,3
gazes,3
difference,3
cambridge,3
need,3
west,3
verstraete,3
willemen,3
element,3
little,3
much,3
recent,3
tragic,3
objectifying,2
fiza,2
trajectory,2
go,2
now,2
vasudevan,2
surround,2
devotee,2
flow,2
later,2
represent,2
nirgun,2
red,2
e,2
nagesh,2
collegium,2
nazaar,2
ismail,2
large,2
complex,2
bor,2
ways,2
history,2
malik,2
thematic,2
contexts,2
turning,2
said,2
mukta,2
prominently,2
www,2
creation,2
exclusive,2
coexist,2
might,2
yours,2
england,2
j,2
anu,2
nature,2
containing,2
possibilities,2
shaped,2
height,2
flowers,2
reasons,2
follows,2
able,2
reveal,2
dostom,2
religion,2
resulting,2
separated,2
influences,2
concepts,2
opposite,2
embody,2
somewhat,2
behind,2
within,2
distress,2
less,2
british,2
takes,2
pichhe,2
persian,2
key,2
advice,2
mass,2
incorporate,2
sexual,2
anticipation,2
miniature,2
violins,2
illustrate,2
clang,2
say,2
mehta,2
along,2
negotiation,2
solo,2
ritual,2
solah,2
lush,2
clouds,2
ayoga,2
relationships,2
melodramatic,2
depicts,2
qawwali,2
against,2
fate,2
interest,2
domain,2
adoringly,2
chhum,2
topic,2
pdf,2
playfulness,2
disco,2
perspective,2
burgeoning,2
chhalak,2
refer,2
editing,2
response,2
serving,2
http,2
gawah,2
vice,2
loneliness,2
traditions,2
encyclopedia,2
occasion,2
meera,2
necklace,2
soundscape,2
manuel,2
next,2
rakesh,2
poor,2
sixteen,2
via,2
hey,2
reflects,2
singh,2
portrayed,2
essence,2
na,2
rajasthani,2
notion,2
beeman,2
represented,2
phrases,2
thing,2
humanity,2
se,2
dialogue,2
witness,2
consuming,2
maharaj,2
offering,2
ascending,2
intensity,2
dulhania,2
simpsons,2
fantasy,2
dyer,2
understand,2
downward,2
changes,2
helsinki,2
affect,2
message,2
retained,2
itinerant,2
kukunoor,2
rajadhyaksha,2
days,2
displays,2
differs,2
saxophone,2
situations,2
four,2
ramesh,2
powerful,2
jaipuri,2
hota,2
defines,2
notions,2
generally,2
vipralamba,2
dominant,2
friends,2
character,2
result,2
location,2
could,2
heavenly,2
train,2
entitled,2
moon,2
typical,2
postclassical,2
captured,2
term,2
picturised,2
shifting,2
simulate,2
cuts,2
khalid,2
indirect,2
applied,2
required,2
source,2
wide,2
triumph,2
oh,2
because,2
picturisation,2
keeping,2
participation,2
darbar,2
framed,2
ewen,2
calls,2
zanjeer,2
gender,2
describe,2
johar,2
place,2
broad,2
people,2
haar,2
burman,2
device,2
reflect,2
running,2
tight,2
applicability,2
clothes,2
night,2
small,2
calling,2
specificity,2
diegesis,2
few,2
multiple,2
highly,2
revealing,2
temporary,2
brought,2
sultry,2
occasions,2
crazy,2
always,2
mukul,2
dominates,2
purpose,2
describes,2
protagonist,2
am,2
interruptions,2
dilwale,2
therefore,2
hoon,2
demand,2
shankar,2
realise,2
return,2
season,2
above,2
make,2
mainstream,2
indicates,2
initially,2
wind,2
whole,2
single,2
mein,2
fit,2
read,2
serve,2
sounds,2
ancient,2
gulzar,2
light,2
eros,2
performers,2
bracelet,2
moments,2
regional,2
meets,2
picture,2
volume,2
ragamala,2
street,2
corporeal,2
shots,2
rahman,2
objectifies,2
available,2
l,2
motifs,2
addition,2
vidhu,2
fact,2
shows,2
naive,2
lack,2
dissanayake,2
tolerate,2
mohamed,2
serious,2
dharma,2
khuda,2
present,2
farhan,2
birju,2
material,2
rich,2
perhaps,2
imagine,2
original,2
mythic,2
considering,2
subjectivity,2
easier,2
made,2
accompanying,2
retains,2
looking,2
versa,2
illusion,2
primality,2
dress,2
mehbooba,2
morality,2
dances,2
maintains,2
examination,2
frame,2
gokulsing,2
intimacy,2
epic,2
significance,2
accessed,2
feature,2
worn,2
heightening,2
characterising,2
blend,2
responses,2
standard,2
short,2
foreshadow,2
men,2
artificial,2
valued,2
state,2
internal,2
article,2
apu,2
sacred,2
femininity,2
javed,2
prohibiting,2
tendency,2
quarterly,2
chain,2
dresses,2
division,2
dancer,2
tempo,2
socials,2
verses,2
karan,2
abundance,2
delhi,2
provide,2
figure,2
husband,2
chhaiyya,2
veiling,2
k,2
hasrat,2
watching,2
seen,2
try,2
displaying,2
combines,2
fall,2
get,2
regularly,2
any,2
cinematographically,2
exemplified,2
changing,2
comparison,2
awaara,2
known,2
sangam,2
deepa,2
here,2
pandit,2
was,2
ko,2
courtesan,2
sooraj,2
tendencies,2
country,2
literary,2
paper,2
sharam,2
rk,2
choreography,2
down,2
half,2
reminiscent,2
chastise,2
places,2
suffering,2
list,2
comes,2
attitudes,2
validate,2
devdas,2
distribution,2
ideal,2
cabaret,2
pants,2
paintings,2
sholay,2
code,2
disparate,2
conclude,2
duty,2
nahin,2
sitting,2
target,2
focus,2
soft,2
fi,2
functions,2
utilise,2
travelling,2
instead,2
socially,2
melodic,2
soundtracks,2
temporal,2
attributes,2
sambhoga,2
increased,2
mulvey,2
morning,2
booth,2
aural,2
vinod,2
vary,2
chicago,2
gestures,2
texts,2
exclusively,2
glance,2
uk,2
taylor,2
famous,2
pulling,2
aditya,2
major,2
mandir,2
sa,1
exhibiting,1
frequent,1
directors,1
ending,1
inward,1
amplify,1
thwarted,1
hub,1
fragmenting,1
foreshadowing,1
child,1
deny,1
scarf,1
diligent,1
bride,1
edge,1
polish,1
drunken,1
implemented,1
way,1
conflicting,1
indicated,1
implying,1
responds,1
operandi,1
till,1
tilting,1
created,1
commitment,1
bolstering,1
market,1
consume,1
episodes,1
resulted,1
college,1
disciplining,1
chthonic,1
extends,1
outfit,1
ultimate,1
mountains,1
introduction,1
designer,1
celebrate,1
afghani,1
sphere,1
glimpses,1
expect,1
minutes,1
told,1
tulsi,1
utterance,1
star,1
myth,1
filmi,1
stereotypical,1
identify,1
nigeria,1
chauvinism,1
pieter,1
join,1
referring,1
rogers,1
interrupt,1
shy,1
o,1
cynical,1
utilises,1
studies,1
soap,1
analyse,1
voyeuristic,1
sandeep,1
expects,1
blows,1
imagining,1
duke,1
spirit,1
distractions,1
justified,1
mangalsutra,1
ashq,1
necessarily,1
presents,1
pose,1
total,1
tells,1
recontextualisation,1
something,1
edu,1
descriptions,1
chowta,1
lyricist,1
eager,1
societal,1
lure,1
hoping,1
myriad,1
diasporic,1
lower,1
round,1
fabric,1
highlighted,1
cast,1
synonymous,1
guru,1
forgive,1
inhibited,1
gossip,1
fragrance,1
earning,1
inc,1
modest,1
aankh,1
regulating,1
finger,1
pervasive,1
originally,1
contextualise,1
composer,1
rapid,1
attempt,1
bai,1
moulin,1
expectation,1
worked,1
emerged,1
dreams,1
trinidad,1
tourist,1
seems,1
karuna,1
asia,1
comedy,1
definition,1
laughter,1
dramatically,1
thus,1
subject,1
validating,1
octave,1
knowing,1
accommodate,1
broken,1
daily,1
great,1
pressed,1
fully,1
appel,1
inderjeet,1
daydreams,1
autonomously,1
resonate,1
scheme,1
vijay,1
delaying,1
pornographic,1
festivities,1
kingdom,1
devastation,1
psychoanalysis,1
vtv,1
repertoires,1
maurice,1
soaring,1
copious,1
integrate,1
dev,1
embrace,1
endings,1
written,1
manipulating,1
stand,1
respond,1
tv,1
current,1
creativity,1
snug,1
alike,1
forbidden,1
worldwide,1
digital,1
fulfilling,1
ad,1
courage,1
side,1
melts,1
tim,1
teasing,1
cue,1
described,1
fingers,1
unmediated,1
protagonists,1
chennai,1
linear,1
autonomous,1
albeit,1
walks,1
outlet,1
captures,1
draws,1
weddings,1
nose,1
chants,1
firm,1
muddled,1
right,1
anjan,1
vulnerability,1
reminder,1
chapter,1
account,1
inner,1
placement,1
felt,1
capable,1
possible,1
politics,1
bloom,1
activity,1
wojcik,1
vaguely,1
drive,1
establishing,1
reaction,1
solely,1
positioned,1
tha,1
daydream,1
vital,1
puja,1
suny,1
troupes,1
disadvantage,1
pass,1
smooth,1
uncertain,1
household,1
glamour,1
apply,1
baje,1
trio,1
awaits,1
kraft,1
identifies,1
undergone,1
urging,1
sweet,1
treatise,1
beckoning,1
uae,1
coquettish,1
hudson,1
exist,1
nostalgic,1
steadfastness,1
human,1
conflict,1
goal,1
organised,1
centric,1
timbre,1
review,1
influx,1
reverse,1
dying,1
component,1
immediate,1
representations,1
ambivalent,1
utopian,1
development,1
pursue,1
punjabi,1
flying,1
bhayanaka,1
helen,1
furthering,1
choral,1
assumes,1
g,1
darmesh,1
disconnect,1
corner,1
divine,1
characteristic,1
madness,1
relatively,1
regarded,1
filmic,1
johnny,1
brother,1
mixed,1
relations,1
hid,1
portray,1
enjoying,1
santa,1
highlighting,1
kohli,1
convention,1
deewana,1
overly,1
beshak,1
unwilling,1
arena,1
toe,1
priority,1
turn,1
unity,1
thereof,1
cases,1
remembering,1
maintaining,1
curiously,1
gendered,1
underlying,1
realisation,1
frustrating,1
demonstrative,1
khalnayak,1
amount,1
cancel,1
outtake,1
body,1
sajana,1
speed,1
channels,1
six,1
visualisations,1
young,1
output,1
radio,1
attests,1
compared,1
guardian,1
applying,1
unchanged,1
unison,1
third,1
overcomes,1
casteor,1
overwhelmed,1
committing,1
hybrid,1
drawn,1
masjid,1
student,1
syllables,1
hona,1
barot,1
journal,1
festivals,1
apparently,1
helping,1
invites,1
enrich,1
virya,1
quiet,1
feign,1
cites,1
soloists,1
dvd,1
ghungru,1
confluence,1
sanskrit,1
crow,1
higher,1
employ,1
capitalised,1
interesting,1
high,1
pivotal,1
ka,1
license,1
heroism,1
without,1
identification,1
frustration,1
purely,1
aimed,1
ostensibly,1
absent,1
superficial,1
across,1
hasya,1
adds,1
respectful,1
watch,1
illustration,1
mountain,1
fantasies,1
transmits,1
selflessness,1
explicit,1
presentation,1
excellent,1
unique,1
parents,1
opportunity,1
outward,1
mendicants,1
heard,1
monsoon,1
manages,1
connected,1
ethnomusicology,1
b,1
statement,1
parts,1
contributions,1
references,1
spectators,1
study,1
powerhouse,1
ghazal,1
antithesis,1
piche,1
sunshine,1
factors,1
mediate,1
emphasises,1
centrepiece,1
gathering,1
veiled,1
pleasures,1
brunswick,1
escape,1
discernible,1
loon,1
cinemagoers,1
praise,1
devotes,1
require,1
cause,1
consider,1
triumphant,1
suspense,1
imagination,1
porgy,1
encourages,1
akela,1
behaviours,1
peasant,1
incontestable,1
cassell,1
bit,1
teaches,1
technology,1
elsewhere,1
threatening,1
realities,1
dominate,1
subcategories,1
sheer,1
excitement,1
objectified,1
frequently,1
cliff,1
too,1
incorrectly,1
frozen,1
nayika,1
age,1
dhanashri,1
operate,1
superior,1
legends,1
ibrahim,1
origins,1
stylised,1
badr,1
psychosis,1
characterisations,1
obstacles,1
ornament,1
feudal,1
nightclub,1
perform,1
evolves,1
requires,1
couplet,1
christmas,1
problems,1
tanhaee,1
rutledge,1
permanent,1
portrays,1
admonishing,1
opportunities,1
reconciliation,1
commercialised,1
essays,1
weighed,1
tearful,1
chand,1
providing,1
decades,1
admiration,1
contextualised,1
cut,1
chasing,1
view,1
trajectories,1
vine,1
hot,1
perceive,1
iconography,1
enacting,1
whereas,1
opening,1
expressed,1
uses,1
koun,1
urgency,1
pastoral,1
whom,1
columbia,1
introduce,1
cd,1
concentration,1
abandoning,1
ranjit,1
conflates,1
ann,1
revived,1
responsorial,1
search,1
called,1
color,1
joy,1
curses,1
access,1
inappropriate,1
vocalisation,1
speaker,1
carol,1
ambiguity,1
centers,1
underneath,1
changed,1
crowd,1
sadhu,1
reinvigorated,1
austin,1
resound,1
compassion,1
relate,1
informatively,1
stagger,1
ornaments,1
beholds,1
emerge,1
initial,1
emotionally,1
featured,1
thames,1
markets,1
dvds,1
embedded,1
woo,1
accurately,1
intervening,1
pure,1
cohen,1
dharmesh,1
prompt,1
satirised,1
oklahoma,1
durham,1
buried,1
institute,1
elicits,1
sentimental,1
onlookers,1
choker,1
mediated,1
interruption,1
hurting,1
teacher,1
viewed,1
pinney,1
purchased,1
hurl,1
younger,1
mahadevan,1
maximum,1
surrounded,1
energy,1
wealth,1
placed,1
verse,1
khan,1
outlined,1
sanjeev,1
assigning,1
confirmation,1
prayer,1
negotiated,1
foregrounded,1
sacrifice,1
symbolically,1
al,1
impression,1
technical,1
distinguishes,1
sites,1
diction,1
audiocassette,1
crane,1
modesty,1
network,1
scope,1
ghungroo,1
rainy,1
tour,1
villager,1
blouse,1
start,1
nuances,1
playback,1
raksha,1
reader,1
future,1
prominent,1
unacceptability,1
differ,1
tika,1
discusses,1
line,1
jhoot,1
knowledge,1
actors,1
comment,1
waterfalls,1
description,1
highlight,1
northern,1
shocking,1
lovely,1
afar,1
indianapolis,1
overview,1
realm,1
outpouring,1
paints,1
consistently,1
corrupt,1
saheliyan,1
subtleties,1
khyal,1
beginnings,1
records,1
relevance,1
intoxication,1
stimulate,1
winter,1
garden,1
focuses,1
bud,1
contentious,1
surrounding,1
chevalier,1
oceans,1
splendour,1
entails,1
coding,1
idyllic,1
shayar,1
lejayenge,1
disgust,1
cornerstone,1
wheat,1
tempered,1
connotative,1
gyrating,1
attributed,1
healing,1
dissolving,1
chhupa,1
either,1
unmarried,1
subtle,1
noorani,1
depicting,1
evening,1
tone,1
least,1
painting,1
sense,1
viable,1
caused,1
hard,1
below,1
regardless,1
deity,1
questionable,1
suggest,1
simpler,1
straight,1
involve,1
microfilms,1
poet,1
alto,1
villagers,1
rings,1
complicate,1
wrong,1
things,1
atmosphere,1
subvert,1
normality,1
belt,1
attention,1
openly,1
stare,1
underscore,1
characteristics,1
chorus,1
june,1
concerns,1
floating,1
mtvasia,1
grow,1
leather,1
brides,1
cool,1
industry,1
mi,1
milkmaids,1
kabool,1
texas,1
portions,1
boundaries,1
differing,1
resonant,1
chaguanas,1
core,1
hindrance,1
barely,1
ek,1
shouldn,1
kapadia,1
disconnected,1
inaccessible,1
acts,1
wife,1
roots,1
appropriate,1
timbres,1
jarring,1
finds,1
jhumka,1
anachrony,1
inform,1
valuable,1
enjoy,1
geographical,1
activities,1
behalf,1
avoid,1
society,1
visualised,1
zara,1
mehboob,1
modernisation,1
transforming,1
chronological,1
jayenge,1
consort,1
musically,1
immediacy,1
led,1
unofficial,1
moomalmahendra,1
panoramic,1
timeless,1
second,1
transform,1
republic,1
nation,1
proxy,1
critics,1
chains,1
lawn,1
hathphool,1
minor,1
give,1
matter,1
european,1
visually,1
madan,1
strictures,1
transnational,1
modus,1
resonating,1
jaikishan,1
knight,1
overall,1
bite,1
outlook,1
released,1
fruit,1
commit,1
exception,1
strains,1
fixture,1
housework,1
community,1
says,1
intervention,1
comments,1
experiences,1
precedes,1
movement,1
procession,1
negate,1
seemingly,1
ask,1
hold,1
year,1
spectacular,1
nautanki,1
label,1
juxtaposition,1
guide,1
once,1
competition,1
performs,1
yet,1
exultation,1
kaate,1
marginalises,1
examined,1
extraneous,1
rubric,1
recognise,1
projects,1
happened,1
builds,1
alongside,1
east,1
borrowed,1
caveat,1
seeing,1
parsi,1
performer,1
inspiration,1
filmography,1
differentiate,1
cinematographic,1
perceived,1
dictates,1
reprise,1
included,1
adherence,1
skirt,1
transformations,1
shock,1
lute,1
teaching,1
hesitant,1
ehsaan,1
passions,1
floor,1
literally,1
sales,1
infused,1
lewd,1
appeals,1
boldness,1
illustrated,1
department,1
garland,1
coterminous,1
dever,1
aisa,1
noted,1
overflowing,1
situates,1
bhai,1
unifying,1
honour,1
tries,1
party,1
shops,1
members,1
bazuband,1
admit,1
book,1
juxtaposing,1
temporarily,1
lubbock,1
sometimes,1
subcontinent,1
stream,1
mark,1
satnbhoga,1
kardhani,1
others,1
conceived,1
circulates,1
put,1
harmonious,1
violin,1
biswas,1
nsarrazi,1
investigates,1
bracelets,1
incorporates,1
seconds,1
happening,1
emanates,1
idea,1
unparalleled,1
stories,1
hart,1
head,1
temples,1
endless,1
extenuating,1
recurrent,1
minnesota,1
call,1
gustakhiyan,1
uneasy,1
predominant,1
appeared,1
match,1
talkies,1
abstract,1
krodha,1
trentham,1
exhibitionism,1
lacks,1
children,1
parting,1
warning,1
demonstrating,1
minneapolis,1
badal,1
filming,1
bibhatsa,1
doubt,1
observes,1
consummate,1
roof,1
fragments,1
never,1
hand,1
drinking,1
sighting,1
v,1
everyday,1
performances,1
exoticised,1
ridicules,1
actor,1
ankhon,1
secular,1
float,1
refrain,1
frightfulness,1
coarse,1
establish,1
eliciting,1
sensual,1
strategies,1
aarti,1
homer,1
forth,1
bhakshi,1
kauva,1
exotic,1
ahead,1
focusing,1
deep,1
showing,1
oisambhoga,1
tak,1
preparation,1
exceeds,1
books,1
sung,1
style,1
tawaif,1
reconciled,1
shifts,1
capture,1
identifiable,1
violent,1
fight,1
ephemeral,1
independence,1
matrix,1
retaining,1
greatest,1
investment,1
intimate,1
palm,1
restrictions,1
release,1
comprise,1
explanation,1
upon,1
emote,1
limitations,1
restrained,1
venues,1
region,1
downloaded,1
transgressive,1
fictional,1
gabbar,1
desperate,1
backed,1
dissolve,1
previously,1
barjata,1
bichhwa,1
objectification,1
natal,1
resolve,1
wonder,1
top,1
imbued,1
arm,1
entirely,1
asian,1
enduring,1
combining,1
food,1
largely,1
station,1
advises,1
refers,1
conditions,1
returned,1
kite,1
band,1
ideas,1
origin,1
tips,1
satisfactorily,1
possesses,1
trend,1
actual,1
freudian,1
urbanites,1
engaged,1
jaipur,1
aids,1
insults,1
sonic,1
encumbered,1
previous,1
rrom,1
rouge,1
theoretical,1
involves,1
impending,1
grant,1
subsequent,1
fiji,1
bole,1
substituting,1
jolson,1
syncretic,1
formulaic,1
anklets,1
moral,1
picturizing,1
movies,1
obtaining,1
costumes,1
points,1
safety,1
peter,1
maintenance,1
leave,1
times,1
characterised,1
homes,1
someone,1
lifestyles,1
bandit,1
ny,1
dutt,1
obstructed,1
acquiescence,1
depiction,1
distinction,1
worldly,1
lie,1
filled,1
proximity,1
misunderstanding,1
bashfulness,1
leg,1
craven,1
rajesh,1
mind,1
queen,1
qualities,1
leaves,1
transcendence,1
awakening,1
become,1
narrow,1
sight,1
hits,1
topics,1
displayed,1
effect,1
worldwode,1
lowered,1
blooming,1
unwitting,1
looks,1
conscience,1
idiom,1
slightly,1
divides,1
primal,1
copyright,1
breckenridge,1
partridge,1
anger,1
humour,1
saw,1
waving,1
conveyed,1
memes,1
apke,1
universality,1
sole,1
examines,1
performing,1
limiting,1
ethic,1
fingernail,1
enough,1
subash,1
worldview,1
depth,1
gypsies,1
seasons,1
lyrical,1
modification,1
aid,1
alleys,1
characterisation,1
perspectives,1
note,1
veer,1
africa,1
window,1
residual,1
patel,1
wisdom,1
independent,1
continued,1
regular,1
george,1
embree,1
recall,1
movements,1
overture,1
chance,1
guideline,1
ideology,1
moonbeams,1
begin,1
coy,1
syntagmatic,1
alternate,1
parent,1
lines,1
attitude,1
orchestration,1
becomes,1
mood,1
concluding,1
inexplicable,1
crept,1
team,1
festival,1
mendonsa,1
force,1
gauzy,1
balloon,1
parcel,1
jhoom,1
embodying,1
millennia,1
importantly,1
lightning,1
mother,1
rajadhvaksha,1
transformation,1
rapidly,1
indicate,1
length,1
vagabond,1
disjunctions,1
shortened,1
inspired,1
platform,1
cassette,1
united,1
surprising,1
respect,1
spark,1
composed,1
supporting,1
centres,1
tights,1
beauties,1
comedies,1
pithily,1
face,1
ridges,1
worlds,1
mirror,1
case,1
centre,1
grasping,1
dramaturgy,1
door,1
articulations,1
fertility,1
dissertation,1
school,1
privileging,1
valuing,1
contained,1
magical,1
punished,1
girls,1
practice,1
angst,1
abandonment,1
vexation,1
ornate,1
autorickshaws,1
conclusion,1
depending,1
mentioned,1
bombay,1
barjatya,1
kada,1
watches,1
circumstances,1
purdah,1
agents,1
extensive,1
geographic,1
arbour,1
bluesy,1
invoked,1
shahrukh,1
forehead,1
extension,1
sexualising,1
symbolic,1
theme,1
raudra,1
divisions,1
physical,1
ll,1
excel,1
borrow,1
codifying,1
kumar,1
lightweight,1
potency,1
symbol,1
triggers,1
listeners,1
creations,1
sustained,1
alternative,1
couples,1
integrative,1
why,1
resonance,1
feelings,1
physically,1
partner,1
tunes,1
pahzeb,1
operatic,1
spontaneous,1
hollywoodstyle,1
payed,1
prolific,1
connection,1
deceive,1
capital,1
altering,1
unknown,1
vithal,1
teases,1
websites,1
acoustic,1
ph,1
printed,1
emergence,1
temper,1
fuelled,1
money,1
returns,1
speech,1
eventually,1
hysteria,1
ar,1
besotted,1
expresses,1
brashness,1
pakistani,1
themselves,1
privileged,1
attractions,1
embodiment,1
fills,1
convey,1
historical,1
identities,1
happiness,1
movie,1
burying,1
natyasastra,1
distinguished,1
rural,1
frantic,1
naa,1
bands,1
person,1
romeo,1
scholarship,1
beginning,1
cautions,1
shailendra,1
averting,1
draw,1
fearfulness,1
dekha,1
affirm,1
wholeheartedly,1
milaoongi,1
combined,1
telling,1
lymphoma,1
spatial,1
selected,1
coaches,1
ones,1
making,1
intercultural,1
want,1
supports,1
independently,1
sociology,1
males,1
flames,1
larki,1
kanthi,1
saint,1
sawan,1
bfi,1
dedicated,1
leaving,1
likes,1
ethnography,1
dream,1
insightful,1
rhyme,1
flipping,1
mohan,1
correlates,1
vehicle,1
healthy,1
organising,1
boys,1
produce,1
strings,1
video,1
psychology,1
hain,1
adornments,1
marriages,1
hundreds,1
were,1
adorned,1
categorisational,1
kholi,1
acknowledgment,1
art,1
travel,1
thematically,1
backstage,1
angoothi,1
prior,1
waist,1
occasionally,1
attentive,1
unsophisticated,1
bittersweet,1
recognition,1
scented,1
pain,1
anklet,1
peace,1
met,1
consumerist,1
humanises,1
marketing,1
kya,1
musician,1
sexually,1
unaffected,1
giving,1
eclecticism,1
juliet,1
intended,1
intercut,1
infatuation,1
bhabhi,1
substance,1
putnam,1
contribute,1
tender,1
alternating,1
pathos,1
ragas,1
mention,1
maintained,1
ho,1
waves,1
childhood,1
git,1
relates,1
campus,1
anxiously,1
disadvantages,1
suntv,1
intent,1
terminator,1
cds,1
tell,1
breaks,1
commercial,1
locations,1
unable,1
birth,1
modal,1
reveals,1
disposal,1
similarity,1
illinois,1
numerous,1
national,1
symbolised,1
lounge,1
emotive,1
seduce,1
finally,1
iconic,1
accept,1
aware,1
mode,1
twisting,1
course,1
orchestra,1
offer,1
actively,1
adbhuta,1
magnitudes,1
adoration,1
integrated,1
nimbus,1
realism,1
isolating,1
usa,1
nath,1
product,1
disruption,1
scalar,1
involving,1
defined,1
hours,1
area,1
objections,1
lenses,1
shift,1
climactic,1
speak,1
monty,1
roughly,1
videocassettes,1
needs,1
morally,1
offered,1
sexualised,1
potential,1
spectator,1
removing,1
actions,1
bandhan,1
seventeenth,1
bess,1
harassed,1
regularity,1
ensuring,1
marry,1
endnotes,1
rajasthan,1
doi,1
parody,1
broadway,1
rakhri,1
tranquillity,1
rishi,1
flirtatious,1
substantial,1
loy,1
entire,1
nusrat,1
capturing,1
lecherous,1
generalised,1
reconciling,1
re,1
appealing,1
skit,1
immediately,1
conventions,1
strong,1
offers,1
worshipping,1
north,1
beings,1
broader,1
doing,1
thought,1
ca,1
roles,1
balon,1
pitches,1
customs,1
occur,1
symbiotic,1
