WORDCOUNTS,WEIGHT
the,739
of,541
and,409
in,286
to,257
a,232
as,144
culture,143
american,128
s,127
popular,109
studies,98
on,92
is,91
that,82
german,80
for,77
it,76
by,66
cultural,64
with,62
an,59
pop,54
not,49
are,48
from,46
this,43
his,40
be,39
their,37
essay,37
more,36
amerikastudien,36
such,34
they,32
have,32
ed,30
at,29
what,29
most,28
all,27
how,27
was,26
americanists,26
its,26
und,26
he,26
these,26
which,26
has,25
also,24
between,24
one,23
but,23
der,23
academic,22
about,22
only,22
new,22
contemporary,22
might,21
however,21
we,21
than,20
or,20
writing,20
i,19
there,19
so,19
adorno,19
seems,18
americanist,18
u,18
if,17
reading,17
yet,17
christoph,16
when,16
fluck,16
like,16
theory,16
both,16
author,15
two,15
music,15
argues,15
ribbat,15
meinecke,15
here,15
history,14
no,14
own,14
narratives,14
field,14
text,14
context,13
some,13
work,13
social,13
can,13
intellectual,13
hofmeister,12
point,12
m,12
had,12
ostendorf,12
approach,12
scholars,12
time,12
would,12
article,12
been,12
then,12
recent,12
germany,11
into,11
frankfurt,11
just,11
us,11
astrology,11
many,11
americanization,11
see,11
peter,11
heike,11
die,11
our,11
states,11
themselves,11
other,10
were,10
instance,10
called,10
out,10
calls,10
intellectuals,10
still,10
once,10
criticism,10
fact,10
do,10
thomas,10
life,10
them,10
while,10
should,10
does,9
way,9
political,9
politics,9
even,9
issues,9
sense,9
up,9
make,9
makes,9
wisconsin,9
actually,9
again,9
rock,9
readers,9
ethnic,9
black,9
relationship,9
arts,9
interested,9
wolfe,9
bauerlein,9
für,9
form,9
campus,9
course,9
scholar,8
approaches,8
freese,8
first,8
long,8
america,8
world,8
central,8
since,8
interest,8
jahrbuch,8
scholarly,8
study,8
n,8
my,8
p,8
term,8
kanzler,8
war,8
because,8
literature,8
amerikanisierung,8
things,8
critical,8
reception,8
youth,8
love,8
call,8
academics,8
theories,8
who,8
seem,8
down,8
identities,8
too,8
african,8
instead,8
much,8
e,7
complex,7
diederichsen,7
could,7
very,7
thus,7
established,7
w,7
michigan,7
example,7
discourse,7
may,7
americana,7
observer,7
home,7
transatlantic,7
paul,7
spex,7
less,7
material,7
thanksgiving,7
significant,7
von,7
negotiations,7
you,7
practice,7
cultures,7
global,7
regard,7
writer,7
playing,7
chicago,7
images,7
difficult,6
later,6
straumann,6
kühnel,6
handke,6
contexts,6
being,6
take,6
state,6
those,6
discipline,6
mueller,6
historical,6
peper,6
air,6
hansen,6
process,6
similar,6
literary,6
frequently,6
readings,6
beyond,6
view,6
das,6
used,6
winfried,6
personal,6
around,6
highly,6
notes,6
frank,6
read,6
sounds,6
same,6
emotional,6
larger,6
michael,6
discourses,6
turkey,6
complicated,6
theoretical,6
explorations,6
function,6
especially,6
embarrassment,6
ann,6
arbor,6
attention,6
european,6
analysis,6
over,6
making,6
problem,6
always,6
art,6
jukebox,6
little,6
come,6
national,6
jazz,6
vernacular,6
effects,6
seldes,6
off,6
close,6
katja,5
t,5
nature,5
products,5
within,5
issue,5
ross,5
kind,5
guitar,5
times,5
perspective,5
myth,5
journal,5
york,5
angeles,5
talk,5
porsche,5
important,5
changed,5
abroad,5
los,5
part,5
agnes,5
structures,5
working,5
industry,5
certainly,5
research,5
various,5
transnational,5
indeed,5
comments,5
violence,5
under,5
fan,5
mark,5
similarly,5
debates,5
racist,5
hop,5
everyday,5
present,5
day,5
understanding,5
identity,5
processes,5
blümner,5
emphasizing,5
points,5
individual,5
berndt,5
dealing,5
humanities,5
stars,5
itself,5
problematic,5
school,5
routledge,5
brick,5
raphael,5
audience,5
techno,5
terms,5
hernandez,5
through,5
territory,5
years,5
write,5
texts,5
go,4
now,4
appropriation,4
child,4
extreme,4
passing,4
conducted,4
star,4
essays,4
true,4
english,4
ways,4
necessarily,4
before,4
something,4
pag,4
journalism,4
supposedly,4
claviez,4
taken,4
alessandrini,4
explores,4
real,4
help,4
precisely,4
somewhat,4
side,4
ganz,4
jenkins,4
mass,4
right,4
ickstadt,4
against,4
maase,4
europe,4
moment,4
century,4
young,4
find,4
spite,4
higher,4
media,4
interesting,4
rather,4
generations,4
developed,4
lenz,4
terkessidis,4
special,4
means,4
argued,4
observations,4
multicultural,4
show,4
mikos,4
lubbers,4
doves,4
allow,4
jürgen,4
poetry,4
im,4
late,4
let,4
produced,4
public,4
sieg,4
future,4
writers,4
concept,4
heavily,4
nation,4
gender,4
place,4
winter,4
earth,4
kultur,4
quite,4
several,4
few,4
presence,4
london,4
performing,4
film,4
second,4
matter,4
positions,4
play,4
mainstream,4
deutschland,4
investigates,4
moments,4
disciplinary,4
street,4
book,4
outside,4
idea,4
als,4
everything,4
discussed,4
books,4
made,4
expression,4
use,4
aesthetics,4
questions,4
aesthetic,4
significance,4
workers,4
high,4
after,4
class,4
become,4
need,4
brown,4
foreign,4
seen,4
force,4
why,4
postdocs,4
united,4
matters,4
kafka,4
any,4
thinking,4
comes,4
suhrkamp,4
column,4
control,4
did,4
inquiry,4
holert,4
bode,4
impossible,4
far,4
subcultural,4
c,4
klaus,4
merely,4
rebellion,4
metaphor,4
influenced,4
almost,4
suggests,4
urban,4
occasionally,4
subject,4
difference,4
mode,4
lively,4
piece,4
specific,4
scholarship,4
era,4
early,4
major,4
common,3
created,3
ready,3
berlin,3
hickey,3
country,3
hip,3
eule,3
position,3
hegemony,3
tübingen,3
title,3
diedrich,3
ives,3
problems,3
distanced,3
give,3
feeling,3
narrative,3
able,3
last,3
antiamerican,3
signs,3
case,3
blackening,3
protagonists,3
east,3
firm,3
zur,3
reaction,3
open,3
international,3
functions,3
move,3
vital,3
west,3
mental,3
say,3
diversity,3
usage,3
human,3
million,3
andrew,3
olaf,3
brought,3
representations,3
quality,3
characteristic,3
kusmierz,3
body,3
response,3
jacob,3
publications,3
hybrid,3
border,3
william,3
amerikanische,3
infinite,3
essen,3
whose,3
reflects,3
haselstein,3
without,3
gemünden,3
cinema,3
reference,3
unten,3
titled,3
embarrassing,3
bad,3
genocide,3
university,3
consider,3
den,3
liberal,3
notions,3
confessional,3
appropriations,3
footnote,3
myths,3
franz,3
based,3
lead,3
conservative,3
reply,3
her,3
populärkultur,3
appears,3
comics,3
mcpherson,3
well,3
network,3
mayer,3
framed,3
heart,3
experience,3
people,3
contextualizing,3
strenuous,3
away,3
reflect,3
president,3
hawks,3
responses,3
hard,3
contrast,3
blaue,3
embarrassed,3
boundaries,3
tomboy,3
clever,3
hellblau,3
democracy,3
small,3
will,3
therefore,3
academia,3
above,3
interactions,3
roll,3
chronicle,3
published,3
name,3
power,3
addition,3
analytical,3
emotions,3
areas,3
fascinating,3
extended,3
really,3
diverse,3
end,3
considerable,3
rhetoric,3
question,3
never,3
where,3
appropriating,3
thoroughly,3
myself,3
dialog,3
certain,3
helps,3
communities,3
assume,3
wagnleitner,3
nothing,3
drabness,3
versions,3
с,3
authors,3
language,3
movies,3
oder,3
him,3
serves,3
exchange,3
behind,3
relation,3
schneck,3
lothar,3
ground,3
confesses,3
cold,3
sandra,3
singer,3
independent,3
george,3
movements,3
guests,3
righter,3
heidelberg,3
methods,3
perspektiven,3
entertainment,3
get,3
comic,3
considered,3
following,3
version,3
changing,3
bush,3
irrationality,3
dj,3
butler,3
currier,3
natural,3
henry,3
different,3
style,3
argue,3
emergence,3
half,3
germanamerican,3
ambivalent,3
past,3
days,3
according,3
carefully,3
writes,3
shattuc,3
seriousness,3
burkhard,3
gestures,3
hundreds,3
apparatus,3
grether,3
role,3
subcultures,3
ein,3
remarks,3
mentalities,3
needs,3
commodity,3
debate,3
exclusively,3
valley,3
entire,3
given,3
focus,3
observed,3
learned,3
normalizing,2
diskussionsvorschlag,2
bernard,2
stimuli,2
produces,2
o,2
struggle,2
inaccurate,2
anthony,2
separated,2
everyone,2
jane,2
fiction,2
liberating,2
introduction,2
evans,2
sphere,2
dogmatic,2
group,2
reflection,2
conflicts,2
whip,2
identify,2
imperialism,2
walker,2
mit,2
modern,2
conscious,2
duke,2
spirit,2
decade,2
collection,2
devices,2
dialogics,2
bielefeld,2
leipzig,2
eager,2
cucumbers,2
band,2
lower,2
said,2
concepts,2
vibrancy,2
transitions,2
hence,2
rebelliousness,2
embraced,2
served,2
production,2
sad,2
musical,2
attempt,2
terrain,2
rational,2
hatred,2
genocidal,2
susann,2
separation,2
tradition,2
secondary,2
neal,2
remark,2
analyses,2
rich,2
atlantic,2
closer,2
deemed,2
fanon,2
mind,2
miles,2
zu,2
emphasized,2
raised,2
regression,2
opposite,2
jelly,2
heiß,2
theodore,2
des,2
sophisticated,2
hiphop,2
epiphanies,2
key,2
translations,2
sexual,2
march,2
opened,2
possible,2
marked,2
activity,2
magazine,2
apart,2
except,2
surrealismus,2
fortschritt,2
cited,2
radical,2
safely,2
peckinpah,2
masks,2
rap,2
sign,2
karaoke,2
exist,2
tribute,2
parzival,2
facts,2
professor,2
dominated,2
geographer,2
walter,2
drab,2
taste,2
progressive,2
cases,2
elements,2
old,2
speculative,2
demonstrative,2
back,2
subjects,2
ear,2
http,2
intricate,2
left,2
banal,2
compare,2
veil,2
explore,2
look,2
traditions,2
fellow,2
generation,2
influence,2
quiet,2
master,2
durham,2
cites,2
ensslen,2
nonfiction,2
dish,2
peas,2
blues,2
via,2
sets,2
observers,2
camp,2
across,2
reinhold,2
postnational,2
affairs,2
fringe,2
levels,2
notion,2
completely,2
populism,2
heard,2
eight,2
populäre,2
funky,2
parts,2
white,2
productive,2
space,2
jargon,2
theodor,2
soul,2
dorothea,2
dolls,2
self,2
postmodern,2
bergstraesser,2
intertwined,2
elisabeth,2
astrological,2
linked,2
edition,2
traces,2
solid,2
leipziger,2
democratic,2
commented,2
powerful,2
linkage,2
consequence,2
puts,2
yes,2
suggested,2
appear,2
denounce,2
zoe,2
hours,2
universitätsverlag,2
result,2
gebhardt,2
identifying,2
herr,2
societies,2
critic,2
histories,2
found,2
plot,2
traditionally,2
attack,2
resembles,2
seven,2
pass,2
carolina,2
dirke,2
irony,2
informed,2
though,2
günter,2
modelle,2
fashionable,2
democratization,2
your,2
networks,2
prayer,2
scene,2
possibility,2
masculinity,2
memory,2
specifically,2
ihre,2
seminal,2
minderheiten,2
reader,2
poiger,2
unless,2
prompted,2
stake,2
discusses,2
knowledge,2
related,2
larissa,2
description,2
authenticity,2
unembarrassed,2
realm,2
gave,2
describe,2
alright,2
shuhei,2
survey,2
jahre,2
covell,2
novels,2
project,2
tears,2
won,2
alan,2
lhe,2
hosokawa,2
good,2
change,2
multiplicity,2
least,2
describing,2
current,2
anger,2
anschlüsse,2
politically,2
sake,2
textual,2
diary,2
specificity,2
consensus,2
nc,2
feelings,2
bernd,2
mixing,2
methodological,2
dem,2
pays,2
using,2
protagonist,2
moved,2
nations,2
led,2
rainer,2
idiocy,2
republic,2
narr,2
november,2
minor,2
quip,2
functioning,2
identified,2
cathy,2
economic,2
successes,2
brief,2
disciplines,2
community,2
ja,2
standing,2
interrelations,2
seago,2
modes,2
seemingly,2
griem,2
reifications,2
authoritarian,2
gilbert,2
interpretation,2
vs,2
opportunities,2
intense,2
marginal,2
strange,2
serve,2
spanos,2
evil,2
perceived,2
herzogenrath,2
deutsche,2
enigmatic,2
perspectives,2
planet,2
streef,2
joyce,2
illustrated,2
journalist,2
picture,2
sketch,2
lee,2
volume,2
sam,2
party,2
starting,2
sometimes,2
toward,2
polemic,2
academy,2
madonna,2
minorities,2
generational,2
contrasts,2
departments,2
mitsui,2
solidity,2
hear,2
john,2
yearbook,2
observes,2
serious,2
audiences,2
reasons,2
forms,2
enough,2
hand,2
geography,2
innovative,2
metaphors,2
interventionen,2
strategies,2
judith,2
lemke,2
simplicity,2
hartmut,2
einer,2
native,2
eds,2
number,2
going,2
turf,2
another,2
local,2
imagine,2
original,2
kansas,2
investigated,2
discussion,2
ecstasy,2
intimate,2
dave,2
success,2
background,2
treated,2
range,2
bear,2
writings,2
elite,2
göttlich,2
udo,2
prominently,2
pleasure,2
auf,2
zum,2
heinrich,2
sees,2
heruntergekommene,2
described,2
tragedy,2
theses,2
negotiating,2
kaspar,2
directed,2
favorite,2
health,2
feb,2
counter,2
supplying,2
period,2
sabine,2
hybridifying,2
ernst,2
trek,2
boesenberg,2
transcript,2
toru,2
men,2
quick,2
rohr,2
often,2
oik,2
interpretations,2
overcome,2
exactly,2
mainly,2
effect,2
james,2
macfarquhar,2
gerd,2
günther,2
funktion,2
figures,2
isn,2
separate,2
antonia,2
heinz,2
soziale,2
informs,2
adversarial,2
me,2
today,2
alex,2
note,2
moves,2
cabbage,2
provide,2
mixture,2
figure,2
foil,2
tolerantly,2
holiday,2
connoisseurship,2
lines,2
lawrence,2
understand,2
wilson,2
es,2
introductory,2
respect,2
education,2
completeness,2
keil,2
investigate,2
clinical,2
pay,2
door,2
waegner,2
thick,2
dreiser,2
sketches,2
conclusion,2
simply,2
symbolic,2
constructed,2
perhaps,2
symbol,2
useful,2
offers,2
leftist,2
set,2
each,2
tara,2
multiculturalism,2
novel,2
connection,2
stuttgart,2
believe,2
werkzeugkiste,2
best,2
foundation,2
clearly,2
obviously,2
written,2
taube,2
build,2
movie,2
quoted,2
highbrow,2
risky,2
spike,2
outlines,2
baseball,2
investigation,2
canonized,2
whether,2
professors,2
want,2
particular,2
nearby,2
statement,2
mere,2
distancing,2
dream,2
immersed,2
straße,2
expressly,2
vitality,2
produce,2
loud,2
uta,2
presented,2
bunyan,2
revolutions,2
content,2
became,2
innocent,2
song,2
katrin,2
kids,2
screen,2
entry,2
challenges,2
representation,2
coming,2
think,2
jan,2
rewarding,2
charlie,2
enthusiasm,2
devoted,2
models,2
catch,2
contributed,2
richard,2
realism,2
d,2
socially,2
unified,2
product,2
ruth,2
anonymous,2
ostertag,2
am,2
submersion,2
raussert,2
uncertainty,2
interaction,2
corn,2
strong,2
north,2
race,2
satellite,2
final,1
miller,1
gis,1
locates,1
niggas,1
undertakings,1
margins,1
aflurrywill,1
receded,1
engelmann,1
unterschiede,1
glamorization,1
currently,1
mostly,1
zero,1
dominating,1
nihilism,1
soothed,1
everydaymaking,1
page,1
flow,1
limits,1
prefer,1
phallic,1
atraid,1
edge,1
gass,1
rebounds,1
stuart,1
ambivalence,1
heroic,1
car,1
concerned,1
indicated,1
hannes,1
drag,1
responds,1
contextualizations,1
names,1
groups,1
himself,1
yippie,1
imported,1
prompts,1
praised,1
represent,1
pale,1
career,1
alle,1
announced,1
rufend,1
multilingual,1
koether,1
alone,1
gehen,1
jungle,1
fragmented,1
evokes,1
grotesque,1
defenses,1
per,1
connect,1
sledgehammer,1
impressionism,1
identifies,1
considering,1
speakers,1
potter,1
wo,1
bei,1
steeped,1
large,1
needed,1
methodology,1
replaced,1
touched,1
torschungsansatz,1
ample,1
leib,1
properly,1
tend,1
hannibal,1
word,1
songs,1
disciples,1
linkages,1
renamed,1
poachers,1
hawthorne,1
alive,1
regulations,1
constitutes,1
anläßlich,1
h,1
hoarding,1
sinister,1
tense,1
gatsby,1
easily,1
sublime,1
leer,1
mentality,1
flows,1
ethnischer,1
proud,1
immoderate,1
overlook,1
theatre,1
intersecting,1
raw,1
distaste,1
oroupthink,1
presents,1
v,1
carroll,1
goofy,1
hurston,1
inaugurating,1
txt,1
observing,1
faded,1
tells,1
scorpio,1
conforming,1
feels,1
uses,1
nineteenth,1
edu,1
contested,1
societal,1
pioneers,1
contextualizes,1
practices,1
café,1
switches,1
franca,1
negative,1
kulturelle,1
abbie,1
razzamuffin,1
else,1
standen,1
neuere,1
www,1
dogmatically,1
wrong,1
every,1
letting,1
revisited,1
wool,1
grapes,1
beautifully,1
eltern,1
thrill,1
roman,1
voiced,1
exclusive,1
exaggerated,1
aftermath,1
implications,1
attempts,1
debating,1
culturally,1
shaquille,1
viewer,1
saul,1
darkness,1
lifestyle,1
socks,1
agenda,1
hoffmann,1
goal,1
england,1
sinn,1
j,1
paternalism,1
liberty,1
intricately,1
words,1
definition,1
laughter,1
apologize,1
unlike,1
dessen,1
company,1
possibilities,1
comparatively,1
phase,1
peck,1
capitalist,1
bellow,1
pragmatic,1
assertion,1
andy,1
display,1
simple,1
belächelnd,1
bundesrepublik,1
thank,1
accessible,1
differences,1
potentially,1
wave,1
origin,1
producing,1
whitman,1
shot,1
hostel,1
footsteps,1
glaswegian,1
procedure,1
ruptures,1
collapse,1
ganze,1
schiller,1
achieved,1
integrate,1
embrace,1
critically,1
properi,1
stand,1
respond,1
dispatches,1
containment,1
tv,1
ecocriticism,1
classified,1
bis,1
potpourri,1
hostile,1
lüdtke,1
studienbuch,1
fuck,1
infection,1
stopped,1
pickles,1
forums,1
violating,1
legend,1
depends,1
system,1
followers,1
courage,1
british,1
essayat,1
boyfriends,1
afterword,1
empty,1
takes,1
occasional,1
tapes,1
kulturgescmcntlicner,1
milwaukee,1
advertises,1
shaken,1
attacked,1
manifesto,1
autonomous,1
albeit,1
bird,1
arbeiterkneipe,1
advice,1
motion,1
sought,1
politicized,1
shafts,1
iv,1
hall,1
originates,1
addresses,1
crowd,1
struggling,1
mythology,1
thesenund,1
account,1
vol,1
fitting,1
penisfechterei,1
cooperation,1
hansens,1
strand,1
krautrock,1
pretend,1
player,1
iath,1
promise,1
beverly,1
picks,1
erased,1
schwarze,1
powers,1
columnists,1
consciousness,1
dads,1
consumers,1
obvious,1
evoke,1
tram,1
afroamerican,1
interdisciplinary,1
radicals,1
classics,1
chromolithographs,1
dalloway,1
painfully,1
glamour,1
liberals,1
columnist,1
apply,1
along,1
objective,1
interpretational,1
promises,1
narrator,1
irrational,1
formula,1
beneath,1
confessions,1
plenty,1
dignity,1
doses,1
sweet,1
aachener,1
deserted,1
wallace,1
steiner,1
analyse,1
derrida,1
leben,1
idealists,1
framework,1
exposed,1
während,1
ranked,1
hierarchy,1
productively,1
conflict,1
ш,1
mistake,1
reinkultur,1
bin,1
technologyy,1
elektrische,1
disregard,1
heibig,1
denying,1
silent,1
review,1
refraining,1
de,1
dependence,1
manifesten,1
announce,1
surely,1
relationships,1
julika,1
reverse,1
sympathetic,1
explained,1
inge,1
mine,1
difficulties,1
doveshave,1
dynamics,1
consideration,1
neighbor,1
reject,1
explorers,1
farrar,1
run,1
countless,1
timeone,1
illustrates,1
flying,1
due,1
analyzing,1
rolled,1
creators,1
september,1
magic,1
wrath,1
sozialund,1
americanicity,1
aus,1
circulation,1
einleitung,1
nascar,1
center,1
ray,1
futures,1
einmal,1
relations,1
vorbei,1
gendered,1
raises,1
obtainable,1
carlos,1
alptraum,1
ridding,1
handy,1
coexistence,1
cherries,1
built,1
menominee,1
living,1
realization,1
musik,1
theorized,1
humboldt,1
overly,1
privilege,1
farewell,1
echo,1
addictions,1
forced,1
hat,1
rollthe,1
screening,1
inroad,1
playfulness,1
turn,1
unity,1
fountain,1
warhol,1
defense,1
nor,1
complains,1
preliminary,1
zwischendurch,1
disco,1
transcends,1
parker,1
rooseveltian,1
uncontroversial,1
sehen,1
wollen,1
questionsand,1
amount,1
approval,1
differently,1
structuredby,1
modernity,1
inclusion,1
output,1
occult,1
applying,1
continuous,1
twice,1
einem,1
mudder,1
animal,1
veneer,1
populärer,1
vater,1
profit,1
helpful,1
momentary,1
unequivocally,1
weight,1
austria,1
hollywood,1
sixties,1
remarkably,1
beat,1
stimulating,1
communication,1
practically,1
critique,1
leftists,1
hegemonial,1
sich,1
citizen,1
weave,1
discovering,1
adult,1
vorüberfahrende,1
shall,1
nuanced,1
subversion,1
habitus,1
spannungsfeld,1
adjust,1
phänomene,1
cuttingedge,1
versuch,1
focused,1
usurp,1
reon,1
employ,1
mechanisms,1
offices,1
poor,1
fischer,1
hero,1
profoundly,1
seekers,1
saldern,1
rapper,1
banality,1
wishes,1
recognized,1
americans,1
jochen,1
hamburg,1
understands,1
bva,1
hopes,1
kleinen,1
exact,1
act,1
programmatic,1
statements,1
adornoized,1
purely,1
rocawear,1
l,1
portrayed,1
intellectualization,1
amuck,1
main,1
impetus,1
adds,1
allergic,1
stop,1
gewesen,1
aggressive,1
basic,1
deutschlands,1
influential,1
square,1
fantasies,1
explicit,1
capture,1
queasy,1
nazis,1
lasting,1
concedes,1
contrastive,1
christine,1
didactic,1
levine,1
soulful,1
active,1
parents,1
analyzes,1
visceral,1
goes,1
arm,1
singing,1
jarausch,1
conflictsi,1
thing,1
howeverand,1
redstater,1
importance,1
b,1
vulgarität,1
leave,1
balanced,1
ongoing,1
darkening,1
overused,1
signatures,1
walt,1
evolution,1
rules,1
feel,1
awareness,1
imperialist,1
uncompromising,1
republicans,1
neoconservative,1
extremes,1
expressing,1
characterizes,1
addressing,1
pleasures,1
support,1
anke,1
fantasy,1
involvement,1
sleeves,1
mrs,1
changes,1
escape,1
realizable,1
developments,1
wee,1
verfilmungen,1
monolithic,1
antiauthoritarianism,1
possibly,1
flexibility,1
stifling,1
triumphant,1
mobs,1
river,1
motions,1
basketball,1
exaltation,1
hallways,1
bit,1
latin,1
section,1
elsewhere,1
director,1
baghdad,1
former,1
stabilizing,1
attain,1
placed,1
outamericanize,1
house,1
manitowoc,1
excitement,1
programswill,1
saxophone,1
profile,1
hacker,1
age,1
orientation,1
wurde,1
pedagogical,1
bridges,1
textile,1
origins,1
surface,1
malamud,1
wondering,1
warmed,1
boring,1
bumper,1
peninsula,1
cost,1
putting,1
dissenter,1
rubinpresented,1
aporia,1
reorientation,1
polylog,1
tyler,1
enticing,1
roar,1
dominant,1
likens,1
films,1
strategy,1
hedonistic,1
preference,1
decades,1
ancient,1
dialektik,1
reflections,1
arms,1
epilogue,1
tightly,1
lunatic,1
enchanted,1
transatlantische,1
worries,1
arrived,1
standards,1
closely,1
advance,1
treating,1
americanistslet,1
assets,1
medienanalyse,1
whom,1
realität,1
merging,1
smilingas,1
avantgardě,1
arrival,1
interchanges,1
route,1
katherine,1
coexisting,1
transient,1
method,1
preaching,1
search,1
determines,1
flawed,1
zwischen,1
homogeneous,1
neon,1
combinations,1
ambiguity,1
deal,1
demands,1
introspective,1
chosen,1
calm,1
events,1
dunking,1
relate,1
zone,1
lebendigen,1
coupland,1
sedate,1
stauffenburg,1
proposes,1
andrä,1
constantly,1
reactionary,1
representative,1
ferries,1
arsonists,1
faul,1
fans,1
accurately,1
аал,1
rebellious,1
technicolor,1
pure,1
wieder,1
understood,1
equal,1
ulla,1
purity,1
circular,1
reviews,1
reservation,1
tools,1
seiner,1
recently,1
sticks,1
intensity,1
meet,1
naïve,1
madonnas,1
alf,1
acquaintance,1
appearing,1
otherwise,1
troops,1
introspection,1
safe,1
record,1
ignorance,1
doesn,1
ford,1
postdoc,1
tension,1
outlined,1
anecdote,1
spiritual,1
perform,1
explain,1
approached,1
um,1
required,1
whiteness,1
exploration,1
wide,1
triumph,1
bestselling,1
hicks,1
depictions,1
cows,1
unchallenged,1
wants,1
affair,1
briefly,1
godfather,1
sentimentality,1
aspects,1
bother,1
lom,1
hierarchies,1
gained,1
aging,1
conservatives,1
having,1
feeding,1
postwar,1
identifications,1
stances,1
relief,1
demystify,1
liable,1
hegemon,1
minute,1
unworthy,1
lied,1
maccarone,1
contestations,1
listening,1
maneuvers,1
ueutung,1
already,1
blue,1
josef,1
ueseiiscnart,1
preferred,1
adenauer,1
prominent,1
psychological,1
uncover,1
fortify,1
deine,1
explains,1
zwei,1
anew,1
tenure,1
supreme,1
gutmenschentum,1
woodland,1
anthologized,1
konrad,1
texture,1
got,1
fairy,1
selbst,1
whole,1
tale,1
fit,1
decides,1
during,1
cons,1
broad,1
flight,1
tremendously,1
skins,1
butter,1
runs,1
neue,1
painful,1
nach,1
emancipation,1
rituals,1
kiepenheuer,1
advertising,1
forces,1
breathtaking,1
focuses,1
postreunification,1
douglas,1
weekly,1
elegant,1
newspaper,1
formations,1
employed,1
anything,1
teutonic,1
intersections,1
folklore,1
gretheťs,1
endorsed,1
fieldwork,1
manage,1
immer,1
nba,1
rowe,1
ethnicity,1
challenging,1
cologne,1
grassroots,1
andächtig,1
contradictions,1
hidden,1
verklungen,1
lumbermen,1
em,1
interracial,1
remake,1
tough,1
alacrity,1
legacy,1
pedagogy,1
esteem,1
unpopular,1
correct,1
successful,1
holocausts,1
rappers,1
tight,1
below,1
impeccable,1
distances,1
tom,1
shaping,1
talked,1
psychiatric,1
simpler,1
geweint,1
subjective,1
studiessome,1
level,1
alto,1
foray,1
unbearable,1
television,1
order,1
interacting,1
presumptive,1
emory,1
traum,1
hole,1
formen,1
versprechen,1
event,1
hermeneutics,1
involved,1
patiently,1
inextricably,1
openly,1
airheads,1
calling,1
deutsches,1
autonomy,1
applauding,1
rereading,1
concerns,1
components,1
globalkolorit,1
significantly,1
acts,1
investigations,1
latte,1
choosing,1
poststructuralist,1
urine,1
tended,1
altogether,1
palatable,1
aboutare,1
occasions,1
condemned,1
freiheit,1
st,1
universities,1
renewed,1
ensemble,1
spurious,1
passivity,1
multiracial,1
ot,1
regardless,1
fuses,1
interchange,1
courtney,1
jahrhunderts,1
enormously,1
plausible,1
value,1
voices,1
alienated,1
provided,1
polyvocality,1
augie,1
mutter,1
geographical,1
concomitant,1
avoid,1
sobriety,1
lyrics,1
society,1
jeffrey,1
lend,1
später,1
conceal,1
settlers,1
cite,1
heideking,1
battle,1
node,1
republican,1
usable,1
fuchs,1
fatih,1
transform,1
primitivism,1
ramifications,1
resign,1
forever,1
frederick,1
creed,1
comment,1
advocate,1
astrologer,1
colors,1
incredible,1
diskussion,1
essayistic,1
steinbeck,1
summarize,1
noble,1
bringing,1
schon,1
reads,1
siegrist,1
jörg,1
rule,1
populärkultureller,1
organizedthough,1
hide,1
synthesis,1
versenkung,1
frightful,1
judy,1
unnerved,1
comparative,1
talks,1
underinformed,1
limited,1
wings,1
kraftwerk,1
fencing,1
address,1
unconscious,1
double,1
appreciate,1
classic,1
forward,1
nearly,1
respectable,1
lynen,1
exception,1
meditations,1
vielbevölkerte,1
object,1
positioned,1
prove,1
converted,1
echoing,1
fusion,1
says,1
currency,1
makeovers,1
charm,1
citykultur,1
initially,1
cracks,1
movement,1
aufbereitung,1
artist,1
hiding,1
suppose,1
jesus,1
flurries,1
direction,1
prefigured,1
conventional,1
texte,1
itselfwhat,1
milich,1
label,1
towns,1
contributing,1
coherence,1
cheap,1
depicted,1
sweeping,1
apples,1
edited,1
semiacademic,1
claudia,1
selling,1
precondition,1
simplified,1
sexualalso,1
bonz,1
recommendation,1
happened,1
thought,1
usa,1
mission,1
discussions,1
yore,1
evolved,1
seeing,1
stickers,1
sensationalism,1
windows,1
exceptionalism,1
axiomatic,1
orange,1
nationalist,1
senseless,1
individualizing,1
processing,1
jay,1
acting,1
modestly,1
winnetou,1
adjusted,1
stateside,1
supplied,1
complete,1
shock,1
cried,1
horoscope,1
lord,1
performed,1
enthusiast,1
convincingly,1
generally,1
skin,1
experimental,1
tentative,1
kerstin,1
inexactitude,1
literally,1
friedrich,1
al,1
spectatorship,1
insights,1
hunger,1
forcefully,1
sproß,1
iconic,1
createsthe,1
bar,1
heuristically,1
rise,1
frameworks,1
extras,1
rip,1
longer,1
kino,1
deconstruct,1
routes,1
organizations,1
policing,1
kilograms,1
niklas,1
tour,1
ortlepp,1
underscored,1
sogenannten,1
baseballstar,1
french,1
comfortable,1
law,1
theorist,1
courageous,1
bits,1
prejudices,1
challenge,1
oscillated,1
fragmentation,1
stating,1
death,1
available,1
bestseller,1
put,1
journalistic,1
usually,1
itless,1
flat,1
dehierarchization,1
reworkings,1
towards,1
historicizes,1
tiny,1
anecdotal,1
shultz,1
speaks,1
cultivated,1
seconds,1
shows,1
kanaksta,1
lack,1
publikationen,1
kommerzielle,1
factual,1
laconically,1
sexy,1
limit,1
newly,1
blocks,1
occurrence,1
entschuldigen,1
relates,1
pressure,1
stevens,1
minnesota,1
creative,1
appeared,1
depict,1
smart,1
abstract,1
hinaus,1
musicians,1
ethics,1
occultism,1
germans,1
gerichtet,1
ideology,1
crossing,1
jargonized,1
pmc,1
angelina,1
emphatic,1
weiße,1
personality,1
doubt,1
bound,1
deconstructive,1
mold,1
manifestos,1
fashion,1
succeeding,1
arguably,1
man,1
kulturwissenschaftliche,1
americanized,1
minister,1
feodor,1
ohr,1
transit,1
genealogy,1
blackness,1
learn,1
journalists,1
intermediality,1
actor,1
operating,1
lacan,1
macht,1
discuss,1
purposes,1
soulman,1
idarchiv,1
relevant,1
karl,1
randomly,1
mika,1
pease,1
stirred,1
dance,1
necessary,1
exotic,1
köln,1
palliatives,1
norms,1
answeredby,1
über,1
belief,1
spirited,1
cabbages,1
multikulturalismus,1
narrativity,1
ignoring,1
sell,1
distance,1
laced,1
lange,1
californication,1
gives,1
shifts,1
nobody,1
dec,1
elaine,1
steered,1
deficit,1
obsession,1
rationality,1
marßolek,1
source,1
sowjetisierung,1
stance,1
plane,1
attacking,1
minded,1
noch,1
demonstrated,1
surveillanceand,1
auditorium,1
mirroring,1
matrix,1
gesellschaft,1
analyzed,1
bond,1
balance,1
banalities,1
meaningful,1
mix,1
accuses,1
expertise,1
father,1
registers,1
berghahn,1
examples,1
reversed,1
larry,1
values,1
generalizations,1
formal,1
desperate,1
previously,1
shaq,1
increase,1
holt,1
merge,1
wucht,1
oral,1
wonder,1
listener,1
lerkessidis,1
findings,1
holocaust,1
heath,1
entirely,1
americanize,1
gewählt,1
characteristically,1
sold,1
panacea,1
assumption,1
emphasize,1
advises,1
grappling,1
mehr,1
returned,1
ideas,1
flashed,1
actual,1
canon,1
individuals,1
stay,1
ecosystemcould,1
frame,1
nationalism,1
full,1
falsification,1
previous,1
office,1
relegated,1
nevertheless,1
unsurpassed,1
students,1
continuities,1
pattern,1
kindred,1
low,1
lithographers,1
vagueto,1
strands,1
meanings,1
clear,1
discovered,1
cameras,1
sieglinde,1
diplomacy,1
three,1
pamela,1
historic,1
transformation,1
reality,1
binaries,1
gesture,1
wilfried,1
kursmierz,1
quests,1
subtitle,1
held,1
intellectually,1
unyielding,1
general,1
disappoint,1
david,1
unterhaltung,1
defensive,1
bintunrung,1
exemplary,1
superman,1
summer,1
scholasticism,1
germanic,1
played,1
farms,1
sketching,1
jaeger,1
minority,1
accurate,1
probable,1
fatima,1
connects,1
provides,1
methodologyalmost,1
imagination,1
gets,1
remember,1
arbeitertheater,1
random,1
meagerness,1
trying,1
imaginative,1
elaborate,1
mining,1
chapel,1
klassenspezifischer,1
constructing,1
exaggeration,1
insists,1
awakening,1
editors,1
applegate,1
sensible,1
wise,1
define,1
wisconsineine,1
structure,1
epigraphs,1
electric,1
deforested,1
comfortably,1
capitalism,1
slightly,1
story,1
equivalent,1
scionuntil,1
guattari,1
authorship,1
dunham,1
institution,1
celebrity,1
marshalling,1
relative,1
engagement,1
positioning,1
jerry,1
sterben,1
hanover,1
embodied,1
vain,1
immigration,1
entanglement,1
terrorism,1
rationalizing,1
widely,1
superstition,1
decision,1
shorthand,1
widersprüche,1
restituted,1
visit,1
shocked,1
zeitgeschehen,1
dogs,1
aer,1
admire,1
tempo,1
microand,1
individualism,1
indication,1
noisy,1
speculate,1
suggestion,1
culturesocietypolitics,1
rassismus,1
critics,1
browne,1
stems,1
meditatively,1
speculations,1
transformations,1
succinctly,1
weirdly,1
reviewer,1
wisdom,1
she,1
fieldboth,1
michener,1
cranberry,1
involving,1
mediation,1
five,1
nh,1
vision,1
plays,1
naturally,1
impressive,1
informing,1
prose,1
overdose,1
pieces,1
fear,1
hill,1
begin,1
populist,1
plastic,1
skizze,1
male,1
primarily,1
racial,1
institutions,1
nexus,1
rezeptionsästhetik,1
lost,1
sensitive,1
army,1
transformed,1
strongly,1
gdr,1
stupid,1
appropriators,1
distorting,1
jar,1
philosopher,1
importantly,1
contribution,1
specializing,1
paradoxical,1
album,1
indicate,1
sagamore,1
length,1
robyn,1
linking,1
reconsider,1
whitmanesque,1
extra,1
construction,1
auch,1
existed,1
spotlight,1
achieve,1
bypass,1
mother,1
seinen,1
lingua,1
gerade,1
exists,1
instances,1
giddy,1
resemble,1
sound,1
dass,1
grounded,1
differencemulticultural,1
photographs,1
celia,1
announces,1
addressed,1
detail,1
stephen,1
quantitatively,1
hearts,1
burned,1
enigma,1
tagebücher,1
dissertation,1
vulgarity,1
stimulates,1
recurrence,1
seine,1
abandonment,1
unrewarded,1
rarely,1
fifteen,1
drexciyaall,1
associated,1
judgments,1
spexr,1
girls,1
terrible,1
articulate,1
transnationality,1
categorizations,1
hanging,1
gild,1
series,1
sechziger,1
amerikanistik,1
nationalismus,1
tempting,1
must,1
ve,1
tolkien,1
filmmakers,1
struck,1
devout,1
stepped,1
economically,1
satisfying,1
bestsellers,1
viel,1
htm,1
writerly,1
extension,1
known,1
recombined,1
badly,1
decries,1
masses,1
jutta,1
shapes,1
claims,1
quotes,1
overreaching,1
hypothetically,1
retrogression,1
cliché,1
studiesthe,1
ťopularkultur,1
sums,1
listeners,1
affirmative,1
sinnlos,1
bright,1
rezeption,1
replace,1
altona,1
jnationaiisierenae,1
dimension,1
sauerkraut,1
prophylactic,1
stem,1
asylum,1
monthly,1
deregulation,1
juice,1
guaranteed,1
aberration,1
portraying,1
cautiously,1
resentment,1
cranberries,1
gone,1
flowing,1
alexander,1
monotonous,1
klein,1
aujourďhuihybridityappears,1
ph,1
sensational,1
constructions,1
universal,1
ideological,1
particularly,1
entering,1
deconstruction,1
contradictory,1
capra,1
everydayin,1
kontrollgesellschaft,1
visits,1
ridiculously,1
cities,1
deserving,1
placing,1
rural,1
works,1
type,1
tenuousness,1
involvements,1
lauschte,1
effekt,1
better,1
places,1
concrete,1
fanzine,1
qualitatively,1
forecasts,1
worksby,1
jacqueline,1
researching,1
kewaunee,1
knows,1
helping,1
born,1
vorschlaghammer,1
unlikely,1
methodenseligkeit,1
musekegon,1
ruins,1
enjoyment,1
reproduce,1
answered,1
strained,1
comicbooks,1
conservatism,1
reelection,1
depicts,1
reactions,1
gästen,1
renegotiates,1
reconcile,1
complement,1
list,1
accounts,1
kulturgeographische,1
imposed,1
eulogy,1
thirty,1
nixon,1
add,1
textbook,1
attitudes,1
flashy,1
seasonal,1
map,1
spielte,1
doubled,1
firmly,1
pros,1
leaving,1
adaptation,1
djs,1
consisting,1
appropriated,1
listen,1
engagements,1
bitterly,1
hitler,1
studying,1
morella,1
projection,1
reinvestigate,1
influentialand,1
voice,1
ideathat,1
bauerlem,1
esthetic,1
phenomena,1
emphasis,1
virginia,1
transgression,1
graceful,1
targets,1
travel,1
strain,1
lurks,1
practical,1
selfpositionings,1
boston,1
outline,1
amerikanisierungsdebatte,1
careful,1
ascomplicated,1
code,1
g,1
multiple,1
disparate,1
mandarin,1
decisive,1
dependent,1
introduced,1
city,1
anderen,1
elucidate,1
musician,1
charisma,1
pat,1
cornand,1
popularity,1
convinced,1
metzler,1
outlining,1
prophetic,1
manifold,1
compartmentalized,1
quilt,1
undermining,1
agents,1
kulturwissenschaften,1
everywhere,1
went,1
infatuation,1
happens,1
com,1
persona,1
impulses,1
madonnaor,1
harvesting,1
ihren,1
operate,1
demanding,1
arguments,1
proper,1
intelligible,1
volksbühnen,1
ranks,1
lokaltür,1
manistique,1
allows,1
cap,1
aims,1
susanne,1
gain,1
glance,1
identitiesracial,1
postcolonial,1
aßlose,1
precision,1
nov,1
wie,1
youthful,1
frantz,1
lone,1
laments,1
shown,1
tell,1
radicalism,1
multiethnic,1
muttered,1
fanciest,1
commercial,1
touch,1
lists,1
reveals,1
adelheid,1
average,1
ejaculate,1
mutual,1
donald,1
copies,1
schäferwünsche,1
tackled,1
twentieth,1
camps,1
web,1
numerous,1
detestable,1
funktionsbestimmung,1
errant,1
acknowledges,1
pophair,1
deleuze,1
accept,1
hörer,1
parcival,1
madonnaappears,1
publishing,1
motives,1
verlockenden,1
scholarliness,1
dangerous,1
sat,1
unending,1
actively,1
aufklärung,1
typically,1
participations,1
answeredand,1
consumption,1
green,1
files,1
chronologies,1
heartland,1
obscurity,1
pseudo,1
integration,1
immediacy,1
prefigure,1
centrality,1
fools,1
harbored,1
shortcuts,1
contours,1
globalisierungsprozessen,1
sexuality,1
pluralistic,1
strauß,1
gregarious,1
thinksis,1
association,1
speak,1
magical,1
isa,1
aia,1
ihm,1
schritt,1
offered,1
observation,1
charles,1
conceptualizing,1
territories,1
kusmierzhip,1
potential,1
hegemonie,1
distinctions,1
portrait,1
clarify,1
combination,1
nylon,1
collaborators,1
straw,1
hills,1
perspectivesand,1
groupthink,1
homeopathic,1
akin,1
euroamerican,1
element,1
characters,1
obnoxiously,1
participant,1
informality,1
abandoned,1
traditional,1
wiegman,1
segeberg,1
diverts,1
among,1
lautsprecher,1
amerikas,1
ends,1
emotionality,1
champion,1
arnold,1
tricky,1
broader,1
asked,1
overshadow,1
smarter,1
repräsentation,1
axial,1
striking,1
climax,1
depreciation,1
perception,1
malamuds,1
harmful,1
gleichermaßen,1
thorough,1
hypothesis,1
