WORDCOUNTS,WEIGHT
the,505
of,276
to,253
in,236
and,235
is,172
a,137
that,119
love,94
as,91
be,85
it,78
are,72
for,64
with,54
or,53
this,46
society,41
they,40
by,40
not,39
positions,36
other,32
may,31
social,31
marriage,30
their,30
however,30
individuals,28
have,28
has,27
american,26
one,26
goods,25
at,24
romantic,24
an,24
can,24
system,23
most,23
which,23
we,22
family,21
but,21
so,21
there,20
then,20
all,19
its,18
services,18
what,18
culture,17
pattern,17
analysis,17
our,17
thus,16
more,16
sociological,15
only,15
do,15
material,15
on,15
money,14
america,14
right,14
general,14
valued,14
been,14
achievement,13
behavior,13
no,13
generally,13
position,13
p,13
s,12
people,12
specific,12
complex,11
fill,11
members,11
would,11
united,11
considered,11
both,11
states,11
way,10
rewards,10
modern,10
sexual,10
than,10
adult,10
americans,10
appears,10
when,10
sex,10
these,10
also,10
new,10
time,10
who,10
them,10
form,10
though,9
behave,9
highly,9
any,9
must,9
each,9
functional,8
group,8
women,8
such,8
organization,8
industrial,8
own,8
quarterly,8
marry,8
once,8
same,8
upon,8
person,8
motivate,8
come,8
if,7
tend,7
those,7
within,7
occupy,7
thing,7
mechanism,7
york,7
without,7
how,7
out,7
used,7
place,7
sense,7
economic,7
nuclear,7
fall,7
know,7
role,7
commodities,7
offered,7
roles,7
does,6
done,6
market,6
needed,6
word,6
being,6
able,6
point,6
irrational,6
human,6
married,6
after,6
maintaining,6
was,6
societies,6
persons,6
perform,6
work,6
least,6
proper,6
he,6
still,6
about,6
sector,6
addition,6
income,6
values,6
reward,6
high,6
filled,6
male,6
trait,6
respect,6
from,6
very,6
terms,6
means,6
families,6
stratification,6
groups,5
e,5
large,5
into,5
cit,5
taken,5
might,5
skills,5
primary,5
gratification,5
some,5
activity,5
say,5
modem,5
hunt,5
expected,5
given,5
cases,5
importance,5
special,5
reason,5
m,5
behavioral,5
well,5
working,5
things,5
involved,5
value,5
will,5
rational,5
restricted,5
us,5
two,5
organizations,5
many,5
contemporary,5
present,5
going,5
another,5
success,5
made,5
op,5
individual,5
contribution,5
get,5
over,5
control,5
prestige,5
almost,5
extreme,4
occupant,4
something,4
feeling,4
parties,4
available,4
desire,4
along,4
lover,4
distinctive,4
kinship,4
occupational,4
just,4
important,4
result,4
problem,4
found,4
called,4
mate,4
population,4
cannot,4
otherwise,4
because,4
related,4
activities,4
therefore,4
make,4
emotional,4
fact,4
children,4
man,4
flighty,4
manner,4
necessary,4
belief,4
socialization,4
understanding,4
explanation,4
concern,4
described,4
good,4
function,4
serves,4
anyone,4
increasing,4
she,4
provide,4
often,4
itself,4
comes,4
series,4
paper,4
believe,4
best,4
goode,4
whether,4
loved,4
produce,4
subject,4
voluntary,4
association,4
entire,4
doing,4
formed,3
true,3
history,3
before,3
induced,3
experience,3
said,3
first,3
actual,3
seems,3
follows,3
take,3
real,3
i,3
achieved,3
opposite,3
motivated,3
context,3
victims,3
distributing,3
functions,3
development,3
since,3
relatively,3
items,3
refer,3
even,3
operation,3
essential,3
his,3
unit,3
incidence,3
goes,3
induce,3
sociologists,3
institutionalized,3
consuming,3
support,3
females,3
consequence,3
dominant,3
based,3
term,3
furthermore,3
shall,3
affair,3
directly,3
part,3
example,3
whole,3
falling,3
panacea,3
forces,3
personal,3
employed,3
order,3
talents,3
always,3
majority,3
world,3
tasks,3
matter,3
atypical,3
short,3
brief,3
ask,3
competition,3
technology,3
ethnographic,3
already,3
begins,3
noted,3
williams,3
idea,3
abilities,3
everything,3
patterns,3
enough,3
forth,3
vast,3
range,3
sober,3
use,3
numerous,3
engaged,3
logic,3
times,3
features,3
obtained,3
earlier,3
realm,3
probably,3
lovers,3
note,3
begin,3
institutions,3
abnormal,3
seen,3
life,3
cease,3
associated,3
irrationality,3
symbol,3
universal,3
job,3
associations,3
type,3
pathological,3
purchase,3
males,3
add,3
maintain,3
theory,3
ideal,3
presented,3
ill,3
press,3
obtain,3
phenomenon,3
syndrome,3
offer,3
consumption,3
you,3
between,3
counselors,3
themselves,3
little,3
strong,3
freud,2
now,2
produces,2
companionship,2
oriented,2
contrast,2
created,2
reik,2
stands,2
distributed,2
elaborated,2
conscious,2
descriptive,2
fixed,2
total,2
permitted,2
leads,2
accumulation,2
anything,2
else,2
either,2
davis,2
victim,2
give,2
culturally,2
attempt,2
divorce,2
great,2
emotion,2
reproduction,2
unspecified,2
marries,2
existence,2
alfred,2
philosopher,2
task,2
etc,2
structurally,2
combination,2
desired,2
desirable,2
himself,2
labor,2
central,2
review,2
consumed,2
author,2
kind,2
epileptic,2
cherubino,2
postponed,2
mobility,2
spite,2
hero,2
rather,2
induces,2
performance,2
negatively,2
husbandfather,2
certain,2
parts,2
contributions,2
understand,2
category,2
adolescents,2
established,2
organized,2
linked,2
invariably,2
observations,2
age,2
commonly,2
operate,2
answers,2
care,2
providing,2
character,2
relate,2
requirements,2
emotionally,2
ceases,2
cultural,2
equal,2
santayana,2
explain,2
necessities,2
adolescent,2
keeping,2
basis,2
literature,2
calls,2
genuine,2
describe,2
actually,2
accord,2
psychologist,2
premarital,2
achieving,2
towards,2
someone,2
successful,2
next,2
specifically,2
around,2
small,2
characteristics,2
few,2
acts,2
filling,2
appropriate,2
linton,2
prescribed,2
units,2
lesser,2
extramarital,2
return,2
abnormalities,2
above,2
indicates,2
distribute,2
hold,2
tends,2
percentage,2
robin,2
arrangements,2
kingsley,2
makes,2
experienced,2
accident,2
soon,2
earned,2
falls,2
performed,2
power,2
stronger,2
stated,2
toward,2
pointed,2
put,2
conformity,2
choice,2
state,2
functionally,2
fits,2
where,2
jobs,2
answer,2
perhaps,2
number,2
free,2
compete,2
knopf,2
helps,2
increase,2
significant,2
affection,2
rare,2
students,2
helpless,2
reality,2
maximize,2
hempel,2
adequately,2
never,2
why,2
gets,2
sentiments,2
structure,2
ethnographically,2
institution,2
normal,2
separate,2
culmination,2
science,2
hill,2
select,2
ordinary,2
primarily,2
force,2
parsons,2
class,2
satisfaction,2
achieve,2
exists,2
instances,2
pp,2
thinking,2
practice,2
complexes,2
ever,2
symbolic,2
known,2
carl,2
here,2
country,2
specialized,2
regard,2
happiness,2
quoted,2
ideally,2
believed,2
waller,2
according,2
adults,2
ones,2
want,2
articulated,2
distribution,2
truxal,2
succumb,2
getting,2
while,2
require,2
categories,2
middle,2
attachments,2
attached,2
kin,2
composed,2
ranks,2
goals,2
aspect,2
satisfying,2
question,2
devoted,2
rationally,2
until,2
quest,2
glencoe,2
instead,2
correlated,2
irrationally,2
defined,2
vis,2
much,2
dramatists,2
should,2
final,1
difficult,1
sigmund,1
o,1
validation,1
personally,1
accomplish,1
diligent,1
prostitution,1
indicated,1
meaning,1
designated,1
go,1
hogarth,1
euphoria,1
determine,1
overstated,1
alone,1
manuscript,1
per,1
sympathetic,1
factories,1
determinant,1
drastically,1
agency,1
fate,1
ungovernable,1
referring,1
live,1
convertible,1
constitutes,1
materialistic,1
satisfied,1
delusions,1
child,1
comparisons,1
had,1
laid,1
holding,1
wifemother,1
source,1
amongst,1
dissipate,1
turning,1
hoping,1
negative,1
member,1
synonymous,1
inhibited,1
morton,1
permit,1
philosophers,1
wrong,1
long,1
every,1
production,1
nonexistent,1
interests,1
implications,1
musical,1
worked,1
emerged,1
j,1
nature,1
comedy,1
aforementioned,1
definition,1
possibilities,1
principles,1
attractive,1
suggesting,1
rewardsand,1
differences,1
gradual,1
sang,1
accumulated,1
fully,1
normative,1
train,1
link,1
help,1
feature,1
strength,1
improved,1
separated,1
rudimentary,1
written,1
respond,1
tributed,1
remainder,1
primitive,1
principal,1
rearing,1
signs,1
intelligence,1
racial,1
producing,1
depends,1
case,1
employs,1
partners,1
takes,1
occasional,1
synchronic,1
suspect,1
inquire,1
tie,1
eventual,1
capacity,1
mass,1
trance,1
design,1
account,1
wonders,1
satisfled,1
socialized,1
figaro,1
logical,1
capitalize,1
slight,1
insight,1
obvious,1
prevails,1
climax,1
realistic,1
apply,1
enter,1
promises,1
against,1
minimum,1
engage,1
emphasizing,1
exist,1
learned,1
vides,1
conflict,1
mistake,1
possessing,1
goal,1
andrew,1
cumulatively,1
relationships,1
modemrn,1
doctor,1
quality,1
accumulate,1
objective,1
dryden,1
analyzing,1
hierarchy,1
de,1
interest,1
specifiable,1
characteristic,1
regarded,1
relations,1
consumer,1
occurs,1
conducted,1
jr,1
pay,1
rank,1
elements,1
nor,1
old,1
underlying,1
keep,1
perspective,1
behaving,1
back,1
modifying,1
highest,1
response,1
machines,1
holds,1
extraordinary,1
myth,1
compared,1
truly,1
weakening,1
find,1
arab,1
mates,1
consequently,1
practically,1
bills,1
hardly,1
enrich,1
join,1
master,1
conceptually,1
unfortunate,1
promised,1
rejoice,1
higher,1
aim,1
mechanisms,1
opposed,1
poor,1
bernice,1
disparaged,1
wishes,1
recognized,1
adequate,1
ttalcott,1
act,1
observers,1
bring,1
l,1
absent,1
adds,1
novelists,1
aggressive,1
basic,1
culminating,1
reference,1
notion,1
process,1
mean,1
kept,1
reinhart,1
parents,1
determining,1
granted,1
proportion,1
legal,1
rigor,1
humanity,1
institutionalization,1
idiosyncratic,1
leave,1
therapists,1
drs,1
symbols,1
offering,1
white,1
summarized,1
moreover,1
moves,1
characterizes,1
theodor,1
exceptional,1
modified,1
wages,1
university,1
possibly,1
physically,1
rated,1
specialization,1
intensive,1
energy,1
specify,1
sum,1
air,1
dominate,1
record,1
gradually,1
cooley,1
god,1
argued,1
ignorance,1
raoul,1
four,1
commented,1
voluminous,1
traditionalized,1
encouragement,1
beyond,1
efficient,1
isolation,1
requires,1
merrill,1
restriction,1
helped,1
greenfeld,1
detroit,1
opinion,1
decades,1
view,1
appear,1
famnly,1
friends,1
greater,1
uses,1
standards,1
merril,1
lead,1
priori,1
nancy,1
opposing,1
preaching,1
ascription,1
puritanical,1
explanatory,1
access,1
ambitious,1
separable,1
effort,1
objectives,1
conventionally,1
infrequent,1
noting,1
accompany,1
constantly,1
negation,1
left,1
fourth,1
equally,1
traits,1
focused,1
displayed,1
michigan,1
singing,1
viewed,1
recently,1
moore,1
produced,1
meet,1
applied,1
purchased,1
scale,1
wilbert,1
wealth,1
placed,1
cose,1
dwelling,1
absolute,1
instrumental,1
required,1
taught,1
comprehension,1
rationality,1
acteristics,1
wants,1
aspects,1
deprive,1
hierarchies,1
gained,1
relatives,1
future,1
artifacts,1
formerly,1
idealistic,1
implement,1
sororate,1
emphasis,1
nine,1
heart,1
r,1
goldstein,1
unless,1
psychological,1
occupants,1
london,1
hereditary,1
purpose,1
training,1
apparent,1
thoughts,1
overtly,1
broad,1
calculating,1
structures,1
prescriptive,1
interpreted,1
hollywood,1
socioeconomic,1
minds,1
contradictions,1
approach,1
t,1
unmarried,1
purchasable,1
commerce,1
hard,1
field,1
ego,1
peterson,1
stage,1
excuse,1
poet,1
multitude,1
theater,1
destiny,1
quite,1
functionalism,1
event,1
sake,1
affluent,1
sufficient,1
floating,1
horrible,1
industry,1
amor,1
reported,1
dissociation,1
core,1
hardheaded,1
annual,1
up,1
inability,1
evanston,1
results,1
estates,1
cycle,1
structured,1
provided,1
newly,1
gross,1
structuring,1
actions,1
content,1
analytic,1
sanctions,1
voi,1
tenet,1
statuses,1
noteworthy,1
approximate,1
business,1
neurotic,1
wane,1
materials,1
various,1
requirement,1
action,1
separation,1
wendell,1
wrote,1
indeed,1
service,1
enables,1
cloud,1
outlet,1
exception,1
reproducing,1
ducements,1
july,1
presently,1
comments,1
strife,1
study,1
smney,1
spot,1
simultaneously,1
matchmakers,1
suppose,1
religious,1
structural,1
improper,1
contributing,1
sweeping,1
yet,1
elaboration,1
observer,1
meanwhile,1
security,1
thought,1
serve,1
sociocultural,1
performer,1
challenged,1
differentiate,1
index,1
recruited,1
dominates,1
complete,1
choices,1
ed,1
sales,1
words,1
gainfully,1
wisconsin,1
insights,1
odds,1
enjoyable,1
goodness,1
extras,1
successfully,1
french,1
strike,1
isolates,1
again,1
death,1
performs,1
added,1
emotions,1
efforts,1
longer,1
limit,1
insatiable,1
fundamental,1
recurrent,1
pressure,1
occupations,1
utilizing,1
agree,1
attempting,1
behaviorally,1
dysfunctional,1
striving,1
remarked,1
really,1
larger,1
diverse,1
incorporation,1
faults,1
planners,1
psychologists,1
men,1
reproductive,1
took,1
hand,1
consciously,1
learn,1
physiological,1
road,1
purposes,1
atantic,1
existing,1
establish,1
see,1
tell,1
cynic,1
blind,1
woman,1
conquer,1
counterpart,1
realize,1
thoroughly,1
desires,1
reminds,1
violent,1
imagine,1
demonstrated,1
meetings,1
kansas,1
becomes,1
interrelated,1
exhibit,1
extended,1
understandable,1
survive,1
examples,1
birth,1
treated,1
limitations,1
heroine,1
region,1
reuiew,1
contacts,1
recover,1
medium,1
host,1
expression,1
food,1
sold,1
phrases,1
persisted,1
emphasize,1
factor,1
kite,1
vocabulary,1
insure,1
ethnic,1
trend,1
idealization,1
examination,1
ibid,1
were,1
subsistance,1
chosen,1
full,1
sees,1
epic,1
theoretical,1
versions,1
coexists,1
open,1
clear,1
socological,1
corny,1
movies,1
maintenance,1
evils,1
august,1
counter,1
held,1
symposium,1
pride,1
characterized,1
like,1
revised,1
period,1
variance,1
paths,1
practiced,1
illicit,1
preservation,1
believing,1
abundant,1
provides,1
segment,1
lose,1
exchange,1
strangely,1
educational,1
random,1
sentiment,1
problems,1
somehow,1
article,1
systems,1
elaborate,1
evolutionary,1
uncouth,1
become,1
looks,1
slightly,1
looked,1
tendency,1
beardless,1
evidence,1
basically,1
ago,1
theatrical,1
delimited,1
attention,1
levirate,1
division,1
reluctant,1
performing,1
monthlyi,1
shocked,1
rarity,1
implicitly,1
carried,1
aspirations,1
topography,1
assigned,1
relationship,1
devote,1
imply,1
modification,1
me,1
today,1
continued,1
sometimes,1
crucial,1
plays,1
inducement,1
referred,1
watching,1
lost,1
concluding,1
ordering,1
economists,1
lawrence,1
salaries,1
recognize,1
pens,1
try,1
provider,1
strive,1
responsible,1
examine,1
expectations,1
holmes,1
fields,1
months,1
lurie,1
worlds,1
paying,1
occupies,1
exchanged,1
imitated,1
poets,1
anthropological,1
environment,1
suggestions,1
variable,1
precedence,1
following,1
overriding,1
version,1
throw,1
milwaukee,1
demonstrate,1
constituted,1
scarcely,1
invoked,1
theme,1
satisfactory,1
physical,1
ll,1
membership,1
distributes,1
offers,1
set,1
discharged,1
phrasing,1
couples,1
feelings,1
natural,1
commonplace,1
finance,1
anthropology,1
swillard,1
cultures,1
libidinous,1
worth,1
neglected,1
attribute,1
setting,1
innovations,1
did,1
tenderness,1
hospital,1
exhibits,1
obviously,1
perfectly,1
audience,1
desales,1
historical,1
movie,1
placing,1
u,1
oliver,1
better,1
evident,1
indulged,1
william,1
casler,1
n,1
exposing,1
erwin,1
capita,1
motivating,1
reuben,1
degree,1
particular,1
che,1
statement,1
sociologist,1
firmly,1
warn,1
executing,1
therapy,1
employ,1
occasions,1
appetite,1
studying,1
noticed,1
orientations,1
don,1
psychology,1
suggests,1
phenomena,1
incomes,1
universe,1
art,1
popular,1
romantically,1
bought,1
overworked,1
circumstances,1
careful,1
classes,1
altered,1
thereby,1
met,1
conclude,1
daughters,1
behaviors,1
prevalent,1
alternatives,1
beloved,1
buy,1
tried,1
compartmentalized,1
song,1
rationale,1
measure,1
impulses,1
tender,1
demanding,1
preposterous,1
manufacturing,1
indebted,1
clothing,1
socializing,1
isolated,1
behaviortends,1
think,1
frances,1
intent,1
survival,1
restrictions,1
decrease,1
conditions,1
national,1
write,1
finally,1
immaturity,1
course,1
although,1
typically,1
disagree,1
d,1
socially,1
need,1
crumble,1
product,1
writer,1
seeks,1
attempted,1
area,1
indecent,1
counseling,1
extremely,1
walking,1
blinded,1
remains,1
speak,1
comparison,1
needs,1
searching,1
admitting,1
cousin,1
assumed,1
rest,1
materialism,1
inducements,1
johnson,1
restricts,1
era,1
partial,1
matrimony,1
purchasing,1
mozart,1
mature,1
among,1
technological,1
recent,1
cross,1
asked,1
subsumes,1
household,1
customarily,1
row,1
