WORDCOUNTS,WEIGHT
the,167
to,102
and,88
of,78
a,55
in,42
read,37
program,35
children,34
s,32
born,30
library,28
for,28
parents,27
with,27
at,23
their,23
health,19
they,13
books,13
is,12
by,12
that,12
from,11
reading,11
programs,11
this,11
on,11
babies,11
child,10
expectant,10
department,10
other,10
can,10
be,10
who,9
as,9
i,9
baby,8
have,8
an,8
we,8
newton,7
said,7
love,7
more,7
hospital,7
them,7
series,7
provo,7
services,7
importance,7
young,7
hinton,7
will,6
life,6
these,6
care,6
each,6
are,6
my,6
our,6
project,6
learning,6
libraries,6
not,5
was,5
age,5
partner,5
all,5
skills,5
help,5
staff,5
healthy,5
women,5
mothers,5
parenting,5
city,5
come,5
three,5
county,5
also,5
story,5
it,4
education,4
parent,4
community,4
one,4
or,4
fathers,4
director,4
but,4
utah,4
book,4
time,4
aloud,4
partners,4
has,4
public,4
because,4
sites,4
information,4
new,4
week,4
grant,4
good,4
need,4
so,4
family,4
literacy,4
pro,4
when,4
perry,3
gram,3
provide,3
been,3
housing,3
basic,3
perc,3
american,3
he,3
parade,3
newborn,3
lives,3
alsc,3
university,3
share,3
she,3
first,3
only,3
important,3
promote,3
december,3
reach,3
together,3
out,3
carolina,3
last,3
better,3
see,3
local,3
up,3
agencies,3
part,3
prenatal,3
audience,3
people,3
goals,3
coming,3
which,3
experiences,3
author,3
de,3
times,3
include,3
packets,3
pleased,3
beginning,3
early,3
henderson,3
than,3
north,3
activities,3
final,2
critical,2
now,2
way,2
his,2
later,2
interested,2
service,2
how,2
play,2
leslie,2
success,2
april,2
after,2
ex,2
center,2
class,2
tend,2
about,2
mation,2
mother,2
h,2
months,2
get,2
appointments,2
into,2
participants,2
before,2
must,2
most,2
show,2
visits,2
additional,2
t,2
picture,2
lifelong,2
social,2
allegheny,2
projects,2
many,2
stories,2
advantage,2
very,2
room,2
worker,2
carnegie,2
nurturing,2
jennifer,2
take,2
clubs,2
there,2
featured,2
mind,2
greatly,2
right,2
basics,2
float,2
tools,2
brigham,2
adults,2
everyone,2
meet,2
patty,2
approached,2
facilities,2
clinics,2
her,2
while,2
recent,2
march,2
voice,2
development,2
activity,2
father,2
session,2
birth,2
both,2
reid,2
given,2
became,2
role,2
along,2
two,2
techniques,2
significant,2
engage,2
francis,2
families,2
morris,2
ideas,2
goal,2
sutton,2
component,2
wic,2
such,2
intern,2
although,2
nonmotorized,2
partment,2
off,2
earlier,2
items,2
offered,2
body,2
infor,2
components,2
youngsters,2
introduced,2
focus,2
games,2
attend,2
provided,2
waiting,2
songs,2
attended,2
visit,2
infants,2
chikren,1
kurt,1
setbacks,1
may,1
differ,1
difficult,1
advocated,1
ments,1
talks,1
librarian,1
steps,1
therefore,1
oversees,1
perked,1
orton,1
lo,1
go,1
fa,1
what,1
carla,1
struments,1
me,1
snacks,1
raise,1
terrific,1
variety,1
practices,1
bureau,1
implemented,1
continued,1
opening,1
if,1
sessions,1
chance,1
tion,1
main,1
groups,1
lynn,1
pittsburgh,1
short,1
developed,1
stood,1
overall,1
hardest,1
commitment,1
foster,1
sixto,1
prised,1
playground,1
teen,1
successes,1
en,1
unit,1
administered,1
affected,1
wait,1
pru,1
scoresby,1
annette,1
levels,1
congressman,1
existing,1
male,1
presenters,1
presentation,1
hughes,1
remarks,1
process,1
happier,1
rob,1
approaches,1
active,1
july,1
tant,1
ences,1
opportunity,1
starts,1
began,1
bill,1
heard,1
per,1
importantly,1
professor,1
premises,1
knowledge,1
talk,1
group,1
becoming,1
leave,1
cle,1
foresees,1
elementary,1
ongoing,1
provider,1
chairs,1
selection,1
special,1
positive,1
star,1
strive,1
rethink,1
shampoo,1
soap,1
moms,1
fall,1
ma,1
once,1
formed,1
northridge,1
factors,1
prepare,1
ing,1
charlottesville,1
specialist,1
lots,1
durfee,1
support,1
boon,1
amy,1
itself,1
dential,1
additionally,1
easily,1
makes,1
experienced,1
bet,1
empower,1
builds,1
ert,1
involved,1
serve,1
soon,1
dean,1
message,1
dodge,1
wanted,1
interacts,1
under,1
considered,1
mediately,1
gain,1
touch,1
specifics,1
us,1
vid,1
school,1
basketball,1
familiar,1
benefits,1
presents,1
pose,1
title,1
included,1
home,1
individually,1
branch,1
adjusted,1
positively,1
enced,1
assistance,1
invite,1
just,1
recruiting,1
days,1
same,1
teaching,1
dicts,1
numbers,1
welfare,1
instructing,1
house,1
nice,1
floor,1
wright,1
orem,1
influ,1
accomplish,1
arms,1
experience,1
jacobson,1
gail,1
being,1
assimilated,1
resource,1
pregnancies,1
regional,1
concepts,1
encouragement,1
kay,1
grams,1
cozy,1
lead,1
members,1
certainly,1
diaper,1
sciences,1
restaurant,1
begin,1
discussions,1
pitts,1
voices,1
alternative,1
finger,1
wearing,1
publicity,1
helped,1
m,1
give,1
refresh,1
mark,1
know,1
providing,1
again,1
dren,1
hire,1
musical,1
branches,1
over,1
available,1
kellman,1
ask,1
worked,1
monthly,1
added,1
greater,1
environment,1
talking,1
had,1
parental,1
ambulatory,1
expressed,1
gee,1
memorial,1
packed,1
idea,1
introduce,1
affiliated,1
offers,1
nutritious,1
overwhelming,1
gone,1
conduct,1
head,1
no,1
leading,1
maternal,1
route,1
specially,1
foods,1
medicine,1
found,1
creative,1
featuring,1
great,1
smart,1
ju,1
typical,1
access,1
rearing,1
six,1
plays,1
demonstrations,1
comprehended,1
bigelow,1
foundation,1
observing,1
daily,1
users,1
break,1
able,1
recruit,1
diverse,1
shared,1
district,1
gift,1
john,1
located,1
eos,1
nutty,1
benefit,1
proved,1
allocated,1
discussed,1
feature,1
imagina,1
im,1
anne,1
works,1
living,1
type,1
february,1
interactive,1
places,1
person,1
written,1
took,1
tributed,1
saying,1
do,1
topics,1
learn,1
those,1
supporters,1
refreshments,1
founder,1
informed,1
according,1
california,1
durham,1
gala,1
where,1
thers,1
lifetimes,1
burgh,1
return,1
ala,1
sharpened,1
receives,1
taberna,1
relevant,1
invariably,1
selected,1
persons,1
proposals,1
system,1
achieving,1
donated,1
chil,1
necessary,1
safe,1
shelby,1
however,1
experi,1
burgess,1
banner,1
your,1
dasie,1
youth,1
showd,1
key,1
wide,1
jacobs,1
money,1
gives,1
rhyme,1
getting,1
number,1
going,1
free,1
er,1
incorporate,1
objectives,1
esearch,1
receive,1
generates,1
kitchen,1
madlison,1
enthusiastically,1
president,1
clinic,1
orientations,1
trophy,1
bestor,1
original,1
percent,1
participation,1
re,1
minimal,1
auditorium,1
agreed,1
proudly,1
instilled,1
virginia,1
dedication,1
r,1
hundreds,1
balance,1
nutrition,1
infant,1
vast,1
geared,1
work,1
fami,1
disease,1
popular,1
inviting,1
toys,1
some,1
made,1
bodies,1
bought,1
capable,1
remember,1
consumers,1
start,1
vital,1
student,1
son,1
ic,1
helps,1
instructor,1
addition,1
recognition,1
g,1
prominent,1
bro,1
recipients,1
croneberger,1
including,1
drew,1
discusses,1
despite,1
previously,1
introduc,1
chures,1
fants,1
pre,1
foun,1
judge,1
duce,1
aged,1
allows,1
himself,1
plans,1
lies,1
signed,1
brary,1
formula,1
com,1
year,1
use,1
yuba,1
food,1
targeted,1
linking,1
target,1
inno,1
during,1
make,1
issues,1
di,1
goose,1
world,1
funded,1
response,1
succeed,1
li,1
avenues,1
childhood,1
proves,1
central,1
dad,1
sparked,1
hour,1
continue,1
venture,1
val,1
munity,1
throughout,1
check,1
saw,1
full,1
regularly,1
recruitment,1
dge,1
enthusiasm,1
formation,1
ultimately,1
rector,1
shown,1
until,1
targeting,1
won,1
mom,1
years,1
ter,1
difference,1
ence,1
open,1
medical,1
since,1
pamela,1
minds,1
nual,1
favorite,1
prevention,1
national,1
language,1
citing,1
nates,1
every,1
interest,1
faces,1
intro,1
stressed,1
ability,1
videos,1
held,1
distribute,1
dia,1
morial,1
decided,1
nurture,1
sional,1
club,1
lifestyles,1
presented,1
d,1
working,1
vative,1
sur,1
pers,1
him,1
assessment,1
pay,1
illiteracy,1
ve,1
manager,1
nine,1
regular,1
coordi,1
cho,1
you,1
nurses,1
preschoolers,1
dis,1
cope,1
tenn,1
emphasizes,1
joined,1
provides,1
event,1
profes,1
association,1
immunizations,1
repeatedly,1
taught,1
around,1
coordinator,1
compromises,1
small,1
jenet,1
promotion,1
displays,1
several,1
needs,1
ages,1
especially,1
chorus,1
pregnant,1
back,1
jefferson,1
tapes,1
enjoy,1
highly,1
introductory,1
grow,1
durrant,1
root,1
comfort,1
reads,1
craft,1
become,1
started,1
c,1
partnering,1
therese,1
applying,1
third,1
bag,1
toddlers,1
dation,1
memphis,1
sits,1
rhythm,1
always,1
cal,1
annual,1
visible,1
funds,1
kids,1
pectant,1
looks,1
implementation,1
entire,1
bottles,1
attracted,1
wife,1
much,1
using,1
ground,1
marks,1
clin,1
demonstration,1
cycle,1
educators,1
fers,1
rhymes,1
pulling,1
should,1
learners,1
develop,1
walked,1
skill,1
resources,1
fostering,1
attention,1
valuable,1
sen,1
ue,1
impor,1
formats,1
holding,1
supplemental,1
lowdown,1
seemed,1
grants,1
