WORDCOUNTS,WEIGHT
the,117
in,86
of,77
to,56
s,52
and,50
de,41
a,40
for,33
his,31
houel,31
that,30
with,23
see,22
et,21
family,21
he,20
e,20
p,20
it,19
paris,19
lajess,18
as,18
is,18
had,17
by,17
may,16
was,16
have,16
an,16
la,16
at,15
this,15
religious,14
on,14
l,13
plantin,13
pp,13
cit,13
lajessee,13
be,13
not,11
but,11
n,11
are,11
contact,10
love,10
some,10
establishment,10
who,9
there,9
above,9
d,9
between,9
links,8
protestant,8
works,8
henry,8
anjou,8
des,8
poems,8
which,8
london,8
were,8
tolerance,8
france,8
gohory,7
been,7
familist,7
same,7
ed,7
op,7
maison,7
they,6
one,6
antwerp,6
du,6
published,6
beliefs,6
has,6
netherlands,6
theme,6
poem,6
nicholas,5
no,5
movement,5
their,5
euvres,5
from,5
known,5
into,5
iii,5
time,5
religion,5
i,5
jean,5
hamilton,5
porret,5
yates,5
work,5
ideas,5
que,5
interest,5
le,5
familists,5
several,5
sa,4
planchon,4
ix,4
year,4
familism,4
these,4
two,4
qu,4
christophe,4
also,4
important,4
connection,4
lyceum,4
what,4
valois,4
emphasis,4
peace,4
example,4
significant,4
ses,4
protestants,4
il,4
medical,4
would,4
so,4
him,4
suggest,4
collected,4
pierre,4
hebrew,4
c,4
charity,4
premieres,4
indeed,3
f,3
sect,3
catholics,3
amis,3
friends,3
support,3
many,3
under,3
ne,3
les,3
or,3
history,3
acquainted,3
themes,3
volume,3
long,3
certainly,3
leader,3
more,3
ii,3
m,3
suggested,3
might,3
vous,3
all,3
ou,3
chretienne,3
medicine,3
any,3
kingdom,3
orphanage,3
those,3
centre,3
nicolas,3
whether,3
however,3
dr,3
perhaps,3
jewish,3
well,3
another,3
both,3
household,3
over,3
tapestries,3
its,3
lorraine,3
jacques,3
vostre,3
grevin,3
converts,3
charles,3
charite,3
early,3
even,3
claude,3
seems,2
interesting,2
whose,2
entitled,2
taken,2
fondateur,2
alistair,2
wrote,2
en,2
attitude,2
favour,2
college,2
army,2
un,2
walker,2
importance,2
digos,2
life,2
often,2
correspondance,2
mithridat,2
atmosphere,2
studies,2
arts,2
former,2
thiriaque,2
god,2
spreading,2
jews,2
quoted,2
preface,2
series,2
si,2
amongst,2
hints,2
put,2
fran,2
party,2
name,2
here,2
questions,2
j,2
attempts,2
know,2
qui,2
towards,2
country,2
youngest,2
royal,2
par,2
bibliotheque,2
whom,2
did,2
jardin,2
could,2
great,2
documents,2
followers,2
out,2
recruit,2
ceremonies,2
court,2
apothecary,2
book,2
external,2
appeared,2
secretly,2
took,2
emphasized,2
unite,2
where,2
context,2
setting,2
establish,2
renaissance,2
rooses,2
chapter,2
suggests,2
possible,2
sixteenth,2
livre,2
art,2
faire,2
establishing,2
made,2
son,2
converted,2
brought,2
favourable,2
part,2
including,2
worship,2
knowledge,2
rochelle,2
pineaux,2
collection,2
commercial,2
ovses,2
autre,2
humanisme,2
frances,2
personal,2
tombeau,2
project,2
such,2
authorite,2
judaism,2
jew,2
g,2
joined,2
allowed,2
catholique,2
describing,2
sur,2
century,2
after,2
franfoyses,2
around,2
especially,2
research,2
dans,2
apothicaires,2
prefatory,2
like,2
v,2
when,2
orthodox,2
up,2
instance,2
journal,2
than,2
notes,2
them,2
virtue,2
jones,2
letter,2
herbe,2
influence,2
kirsop,2
flandre,2
increasing,1
south,1
difficult,1
aim,1
belle,1
henri,1
does,1
england,1
now,1
suggestion,1
affaire,1
encyclopaedia,1
secretement,1
christian,1
possessed,1
imply,1
aid,1
principes,1
dual,1
german,1
lovers,1
grammar,1
belonged,1
note,1
vin,1
teaching,1
dictionnaire,1
way,1
rather,1
avoiding,1
if,1
alchimia,1
answers,1
indicated,1
ecole,1
foreign,1
himself,1
stood,1
sans,1
paraphrasing,1
created,1
wonder,1
mystical,1
catholic,1
ijohn,1
peaceful,1
through,1
pleust,1
lines,1
heresy,1
unheard,1
order,1
determine,1
attacking,1
bibles,1
dedicates,1
associated,1
trois,1
ce,1
extends,1
unusual,1
still,1
goes,1
suivit,1
medicee,1
christ,1
xiiii,1
intervention,1
make,1
garden,1
marranos,1
pacification,1
house,1
disregard,1
depict,1
experiences,1
praises,1
dabbling,1
subi,1
joyful,1
certain,1
roms,1
large,1
fort,1
conflicts,1
thereby,1
boderie,1
pages,1
difference,1
responsible,1
danger,1
xvie,1
ofbaruch,1
pinvert,1
about,1
cours,1
join,1
surprising,1
roth,1
second,1
sonnetz,1
library,1
clovis,1
petum,1
xliii,1
dependances,1
supporting,1
prince,1
sympathies,1
h,1
interpretation,1
unconventional,1
permultosque,1
criticizes,1
inwardly,1
involvement,1
itself,1
chrestiennes,1
sonnets,1
faveur,1
heather,1
eugene,1
case,1
cols,1
incidentally,1
plus,1
message,1
discussions,1
praise,1
conclusive,1
matters,1
addressed,1
policy,1
echoes,1
semitism,1
baillius,1
established,1
necessarily,1
puis,1
anversois,1
charitable,1
mahomites,1
courtauld,1
persecution,1
politiques,1
curious,1
practised,1
occis,1
personnes,1
physicians,1
experiments,1
seej,1
encouroit,1
academicians,1
estrange,1
ioo,1
actually,1
trouver,1
growing,1
aux,1
louange,1
bordeaux,1
attain,1
acceptably,1
efforts,1
intervened,1
medici,1
absence,1
lament,1
mentioned,1
institutes,1
too,1
entourage,1
vers,1
already,1
clair,1
frangois,1
confirmed,1
journeys,1
heathen,1
cet,1
parlement,1
campanella,1
possibly,1
heading,1
first,1
continues,1
only,1
charit,1
textes,1
surface,1
indicate,1
seulement,1
frais,1
multiplicatio,1
obstacles,1
disguise,1
circulating,1
supported,1
hence,1
lead,1
britannica,1
astraea,1
learned,1
asks,1
jouissance,1
montmorency,1
extolled,1
chosepublique,1
omission,1
jan,1
projected,1
psalm,1
mentions,1
poisie,1
familistes,1
again,1
others,1
ran,1
death,1
academy,1
solon,1
bellique,1
pointed,1
appear,1
assist,1
drmasilus,1
plaine,1
copy,1
printing,1
simpliste,1
amour,1
tresbien,1
addition,1
financial,1
opponents,1
official,1
royne,1
nature,1
adherence,1
quarrels,1
thomas,1
heresiarques,1
worth,1
sainctmarcel,1
fact,1
plantes,1
longer,1
galliae,1
icy,1
meschefz,1
onwards,1
historians,1
abandoning,1
route,1
scholars,1
very,1
xii,1
jeanne,1
future,1
laboratory,1
pressure,1
honneur,1
nuysement,1
exaggeration,1
printed,1
desire,1
establie,1
reasons,1
une,1
estimeroit,1
gods,1
attack,1
adhered,1
seven,1
fussiez,1
proves,1
haverford,1
new,1
penitence,1
warburg,1
guy,1
scheme,1
subvenant,1
concludes,1
rely,1
far,1
plan,1
suffit,1
contemporary,1
liberal,1
feu,1
poet,1
before,1
insignes,1
concealment,1
sceussent,1
orphans,1
ofdoctors,1
poetry,1
propaganda,1
celebrated,1
baif,1
famille,1
durent,1
devised,1
other,1
faithful,1
possession,1
men,1
academic,1
aussi,1
behind,1
fits,1
peut,1
truth,1
following,1
jeunesses,1
epigrammataon,1
lupinois,1
supporters,1
ficino,1
founder,1
proprement,1
surely,1
fled,1
vie,1
performed,1
amoureus,1
ideological,1
hostile,1
skilled,1
will,1
stressing,1
similar,1
condemns,1
reign,1
albret,1
duret,1
non,1
xeniis,1
ad,1
comme,1
indigne,1
list,1
sentence,1
therapeutiques,1
british,1
meet,1
accounts,1
disapproved,1
paying,1
council,1
trinity,1
otherwise,1
takes,1
practice,1
morocco,1
epigram,1
latins,1
alchemy,1
hesteau,1
spiritual,1
approuver,1
lyons,1
explain,1
prouver,1
roy,1
find,1
epigrammata,1
christianity,1
sell,1
opposition,1
king,1
revived,1
money,1
advice,1
while,1
number,1
io,1
expenses,1
homme,1
discours,1
meserius,1
aspects,1
addresses,1
dite,1
torn,1
remained,1
montano,1
notion,1
orage,1
conviendroit,1
imperial,1
clearly,1
sive,1
pagination,1
laurent,1
basis,1
joindre,1
r,1
gentile,1
w,1
line,1
greatest,1
flourish,1
haag,1
chrestienne,1
temps,1
chose,1
knew,1
esmouvoir,1
cease,1
conveniently,1
verwey,1
ordre,1
upon,1
demonic,1
writers,1
bon,1
unsuccessfully,1
clear,1
emile,1
rabbi,1
unless,1
quelques,1
likely,1
doubtful,1
say,1
viros,1
purpose,1
outwardly,1
fevre,1
despite,1
appartenances,1
pas,1
ofanjou,1
toute,1
curriculum,1
calls,1
edn,1
contacts,1
ayant,1
role,1
nation,1
persecuted,1
paisible,1
seigneur,1
appointing,1
bourgeois,1
encouraged,1
tried,1
aient,1
got,1
choix,1
whole,1
suspecting,1
investigated,1
bible,1
urging,1
treatise,1
mais,1
premiere,1
mysticism,1
turk,1
encor,1
rebels,1
contains,1
foix,1
educating,1
dublin,1
people,1
conflits,1
commented,1
nous,1
au,1
writing,1
tribute,1
fullness,1
choysiroit,1
apothicaire,1
conflict,1
devant,1
ladite,1
thus,1
pouvoir,1
remarks,1
continue,1
produire,1
deux,1
come,1
ordonna,1
review,1
maillard,1
dijon,1
besieged,1
institution,1
francois,1
until,1
echo,1
vii,1
difficulties,1
interpreted,1
passim,1
conform,1
medicines,1
own,1
traditions,1
quotation,1
discovered,1
since,1
biblical,1
herbs,1
against,1
visited,1
healing,1
september,1
defence,1
errant,1
frenchmen,1
strikingly,1
catherine,1
doctor,1
finally,1
virtues,1
points,1
agent,1
alios,1
frangoyses,1
neanmoins,1
civilizing,1
epigrams,1
regarded,1
bords,1
occasion,1
paracelsiens,1
accused,1
least,1
tolerant,1
raises,1
protestantism,1
although,1
divisions,1
voudroit,1
ancient,1
depend,1
oflove,1
pressmark,1
revised,1
allegiance,1
need,1
ceste,1
reformers,1
gre,1
staying,1
languedoc,1
stanses,1
stage,1
states,1
dogma,1
siecle,1
auri,1
distinction,1
imprimeur,1
theologie,1
stresses,1
sources,1
praising,1
kind,1
playing,1
diclaration,1
inimical,1
wrong,1
area,1
unity,1
infame,1
remembering,1
came,1
unorthodox,1
dated,1
involved,1
relations,1
instruction,1
openly,1
why,1
protestante,1
faith,1
bonnes,1
secretaries,1
traitide,1
aucune,1
renounced,1
bareille,1
problems,1
amount,1
wider,1
admitting,1
je,1
meslanges,1
highly,1
quelconques,1
ecrits,1
oral,1
sonnet,1
lajesse,1
alchemical,1
nouveaux,1
soever,1
fauteur,1
fontaine,1
congneussent,1
paracelsan,1
served,1
espoir,1
monseigneur,1
rochelleide,1
assessing,1
pro,1
xvi,1
magnates,1
chicago,1
effect,1
bourgs,1
tended,1
parenthesis,1
dedicated,1
place,1
parisien,1
francoys,1
y,1
recommending,1
probably,1
obscure,1
adopted,1
pays,1
quand,1
esperance,1
section,1
fellowship,1
hoiiel,1
community,1
much,1
figures,1
faux,1
city,1
among,1
apparently,1
we,1
rosicrucian,1
french,1
either,1
connections,1
joubert,1
governor,1
evidence,1
provided,1
hardly,1
united,1
invites,1
ignorons,1
se,1
hague,1
moretus,1
favoured,1
activities,1
advertissement,1
ingman,1
cites,1
magic,1
avoid,1
academies,1
troisieme,1
associations,1
auteur,1
