WORDCOUNTS,WEIGHT
the,235
of,149
in,120
to,108
and,108
a,78
jewett,74
her,57
that,54
s,53
is,52
i,47
fields,34
it,33
for,32
as,31
love,31
was,29
by,27
are,27
which,27
you,26
this,25
with,24
these,23
women,22
we,22
not,21
have,20
one,19
she,18
poems,18
all,17
female,17
an,17
cather,17
been,16
between,16
relationship,15
letters,15
sarah,15
from,15
houghton,15
my,15
orne,15
has,15
on,15
be,15
at,14
new,14
so,14
me,13
their,13
or,13
kate,13
were,13
annie,13
more,12
had,12
other,12
boston,12
letter,12
relationships,12
am,12
than,12
they,11
but,11
published,11
p,11
them,11
poem,11
when,11
howe,10
no,10
your,10
work,10
father,10
library,9
us,9
each,9
could,9
there,9
do,9
another,9
darling,9
dear,9
seems,8
critical,8
how,8
life,8
see,8
dated,8
several,8
two,8
did,8
upon,8
must,8
year,8
think,8
helen,8
early,8
much,8
deephaven,7
after,7
about,7
most,7
first,7
only,7
woman,7
time,7
however,7
out,7
some,7
intense,7
unpublished,7
should,7
may,6
james,6
ms,6
poet,6
university,6
always,6
because,6
sea,6
cited,6
its,6
donovan,6
our,6
adams,6
diary,6
verses,5
way,5
male,5
who,5
true,5
literary,5
days,5
york,5
emotional,5
friend,5
harvard,5
know,5
pointed,5
friends,5
country,5
indeed,5
loved,5
well,5
intimate,5
part,5
away,5
such,5
century,5
written,5
can,5
he,4
later,4
l,4
myself,4
stein,4
many,4
addressed,4
into,4
edition,4
known,4
also,4
permission,4
nature,4
found,4
list,4
lover,4
bostonians,4
passionate,4
forthcoming,4
oh,4
while,4
will,4
made,4
r,4
through,4
song,4
use,4
collection,4
diaries,4
winter,4
like,4
author,4
frontiers,4
following,4
josephine,4
works,4
colby,4
charles,4
article,4
lesbian,4
saw,4
girl,3
now,3
done,3
note,3
if,3
goes,3
reworked,3
comments,3
liaison,3
criticism,3
kissed,3
pencil,3
mrs,3
read,3
thought,3
god,3
character,3
included,3
home,3
presumably,3
before,3
material,3
nineteenth,3
friendship,3
comes,3
heterosexual,3
begins,3
being,3
street,3
every,3
maglin,3
couples,3
bms,3
years,3
give,3
forty,3
again,3
death,3
extant,3
england,3
j,3
novel,3
fact,3
stories,3
scholars,3
together,3
frost,3
far,3
end,3
take,3
man,3
never,3
feminist,3
further,3
henry,3
those,3
used,3
what,3
heavily,3
intensity,3
ed,3
stimpson,3
public,3
primary,3
possible,3
understanding,3
miss,3
heart,3
press,3
arms,3
narrator,3
fiction,3
gave,3
writing,3
september,3
significance,3
olive,3
knew,3
both,3
own,3
clear,3
express,3
wish,3
sense,3
would,3
summer,3
willa,3
next,3
feelings,3
young,3
above,3
maine,3
pool,3
including,3
probably,3
firs,3
world,3
recent,3
notes,3
ago,3
close,3
antonia,2
entitled,2
laura,2
enough,2
till,2
therefore,2
commenting,2
struggle,2
flower,2
today,2
provide,2
cora,2
five,2
names,2
husband,2
developed,2
fear,2
top,2
page,2
acknowledged,2
deaths,2
reference,2
process,2
nickname,2
make,2
manuscript,2
katherine,2
lovingly,2
try,2
hold,2
quoted,2
specific,2
white,2
masquerade,2
existed,2
once,2
beautiful,2
monthly,2
edited,2
yet,2
interpretation,2
support,2
months,2
reason,2
addition,2
articles,2
believe,2
green,2
pp,2
blows,2
under,2
claims,2
carroll,2
laid,2
behavior,2
then,2
any,2
complete,2
nan,2
same,2
something,2
grace,2
version,2
too,2
biography,2
blanche,2
show,2
ella,2
noted,2
t,2
volume,2
discomfort,2
mason,2
perhaps,2
rice,2
book,2
anthony,2
erroneous,2
attempts,2
mentions,2
mark,2
others,2
mifflin,2
appear,2
editing,2
dewolfe,2
dreams,2
gentle,2
genteel,2
gertrude,2
speaks,2
december,2
available,2
copy,2
penciled,2
great,2
wrote,2
typical,2
richards,2
homosexual,2
follows,2
really,2
losses,2
issue,2
lancaster,2
john,2
concludes,2
matthiessen,2
help,2
fictionally,2
nicknames,2
fragments,2
living,2
beginning,2
lee,2
according,2
bauer,2
chicago,2
based,2
whether,2
less,2
cannot,2
case,2
excellent,2
independently,2
otherwise,2
verse,2
patently,2
theory,2
alice,2
college,2
problem,2
lived,2
america,2
boat,2
march,2
ties,2
feminine,2
having,2
almost,2
information,2
none,2
image,2
suggests,2
marriages,2
lifetime,2
literature,2
discussion,2
atlantic,2
birckhead,2
researchers,2
remember,2
level,2
insights,2
o,2
formal,2
founded,2
little,2
point,2
say,2
fictional,2
very,2
unfinished,2
herself,2
grow,2
ring,2
dec,2
fragment,2
older,2
editorial,2
describes,2
people,2
jan,2
come,2
wiesen,2
spends,2
beside,2
question,2
laments,2
chrysalis,2
verena,2
kiss,2
argues,2
friendships,2
compositions,2
against,2
twentieth,2
numerous,2
doctor,2
inserted,2
good,2
relatively,2
walworth,2
course,2
least,2
include,2
critics,2
writer,2
bowling,2
earlier,2
nor,2
involved,2
catharine,2
spent,2
refer,2
especially,2
choose,2
body,2
comfort,2
reads,2
massachusetts,2
c,2
cook,2
reached,2
loving,2
concluding,2
even,2
characters,2
tire,2
ellen,2
strong,2
quarterly,2
evidence,2
gordon,2
major,2
ones,2
decision,2
lyrics,2
society,2
subsequently,1
holds,1
cared,1
final,1
admire,1
awkward,1
f,1
genital,1
inception,1
twelve,1
trustees,1
mcclure,1
interesting,1
signs,1
urged,1
circle,1
kittery,1
whose,1
along,1
child,1
deny,1
essential,1
m,1
road,1
publishing,1
thee,1
resides,1
bright,1
variety,1
materials,1
protecting,1
identification,1
difficult,1
perspectives,1
numerals,1
testimony,1
fell,1
his,1
assert,1
indicated,1
bring,1
bodily,1
gundalow,1
sorority,1
mornings,1
across,1
judgments,1
short,1
happy,1
georgie,1
scholar,1
pity,1
remain,1
unnerved,1
sahli,1
illustration,1
significances,1
hill,1
reevaluate,1
controlling,1
represent,1
begin,1
coy,1
notated,1
wait,1
appreciation,1
transition,1
eminent,1
heard,1
yours,1
commit,1
nearly,1
primarily,1
whirl,1
presentation,1
repudiation,1
busy,1
brings,1
bond,1
means,1
rather,1
lost,1
sensitive,1
reduce,1
off,1
whatever,1
seen,1
collections,1
eastman,1
realizes,1
strongly,1
loring,1
tarrant,1
itself,1
sign,1
indicates,1
gull,1
forth,1
manifest,1
forcing,1
similar,1
remaining,1
just,1
grew,1
lovinglys,1
inadequate,1
movement,1
perennial,1
discredit,1
terly,1
carl,1
complex,1
ongoing,1
fall,1
schirmer,1
why,1
studies,1
parker,1
indecent,1
elaborate,1
spending,1
analysis,1
old,1
entries,1
feel,1
awareness,1
instructive,1
edel,1
graver,1
live,1
motivation,1
harshly,1
knopf,1
gathering,1
ways,1
rewards,1
fairchild,1
exists,1
enl,1
get,1
americans,1
examined,1
wander,1
understand,1
kindred,1
structure,1
towards,1
puerile,1
posthumously,1
eugene,1
referrent,1
susan,1
charities,1
suitors,1
soon,1
pay,1
attachment,1
earliest,1
january,1
fuffif,1
former,1
considered,1
sowe,1
rain,1
nancy,1
minnie,1
beggars,1
length,1
family,1
passionless,1
neither,1
discouraged,1
school,1
mean,1
familiar,1
talk,1
hostess,1
cicely,1
april,1
shadow,1
sketches,1
francis,1
stirs,1
light,1
associated,1
section,1
alluded,1
criticizing,1
weather,1
set,1
crystal,1
welfare,1
arguing,1
series,1
contemporaries,1
hearts,1
meaningless,1
changing,1
inevitable,1
item,1
broached,1
prevent,1
interestingly,1
contact,1
already,1
waterville,1
deep,1
orientation,1
gay,1
orlando,1
experience,1
denis,1
personae,1
ever,1
came,1
romance,1
cast,1
popular,1
longed,1
ungar,1
beyond,1
undeveloped,1
present,1
physical,1
leon,1
pleasure,1
disguise,1
paradigms,1
long,1
nostalgic,1
expands,1
problems,1
telepathically,1
slightly,1
roman,1
compensation,1
hobbs,1
here,1
encoded,1
westward,1
writes,1
scientific,1
care,1
power,1
encode,1
important,1
warmer,1
suggested,1
toward,1
shines,1
drawing,1
differently,1
attempt,1
view,1
imagines,1
bibliographies,1
similarly,1
put,1
allow,1
ourselves,1
union,1
sure,1
whereas,1
environment,1
annotation,1
moving,1
words,1
definition,1
latent,1
shows,1
hoffman,1
until,1
fuff,1
lead,1
whom,1
idea,1
branches,1
seem,1
dearest,1
gone,1
scientists,1
nevertheless,1
twenty,1
regret,1
burt,1
queerest,1
critic,1
music,1
warm,1
printed,1
bulk,1
feeling,1
half,1
surer,1
color,1
nights,1
mildly,1
companioned,1
current,1
temptation,1
chime,1
inquiry,1
analyses,1
maud,1
nineteen,1
particularly,1
commemorate,1
deal,1
denying,1
hear,1
urbane,1
faults,1
reveal,1
shortly,1
charity,1
composition,1
cornillon,1
relate,1
room,1
desire,1
biographical,1
everything,1
near,1
fills,1
contemporary,1
constant,1
doubt,1
blessed,1
clearly,1
real,1
childlike,1
scrap,1
portsmouth,1
pattern,1
pin,1
past,1
anomalous,1
fiske,1
unless,1
enlarge,1
masterpiece,1
motivations,1
reasons,1
stepping,1
assessment,1
strength,1
chancellor,1
last,1
merely,1
better,1
glory,1
feels,1
state,1
took,1
date,1
miles,1
hand,1
left,1
greatly,1
consciously,1
remove,1
ladies,1
thrills,1
step,1
robert,1
sorts,1
crush,1
political,1
shall,1
regard,1
american,1
reading,1
somewhat,1
transposed,1
omitting,1
heaven,1
relations,1
within,1
continuing,1
developing,1
investigation,1
newport,1
bore,1
number,1
setting,1
univ,1
intentions,1
appears,1
unclear,1
sensual,1
wind,1
terms,1
beaten,1
form,1
kisses,1
tell,1
degree,1
wherein,1
sorry,1
obediently,1
want,1
evaluation,1
duplicates,1
empty,1
goldman,1
emma,1
takes,1
safe,1
thirty,1
mind,1
smashing,1
anniversary,1
nothing,1
attitudes,1
lesbians,1
seasonal,1
storm,1
couple,1
lengths,1
chronologically,1
native,1
explain,1
compare,1
courtesy,1
sung,1
ignoring,1
dream,1
weak,1
ofa,1
vein,1
gives,1
advice,1
shore,1
sought,1
going,1
possibility,1
iv,1
affair,1
g,1
day,1
biographies,1
thoroughly,1
addresses,1
heron,1
remained,1
halliburton,1
advise,1
voice,1
local,1
original,1
vol,1
theological,1
don,1
felt,1
learn,1
relatives,1
analyzed,1
future,1
referred,1
ignored,1
journals,1
feminized,1
missed,1
pleasant,1
finished,1
personal,1
sakein,1
adopting,1
stairs,1
martha,1
burden,1
received,1
wandering,1
mutual,1
bibliography,1
reversed,1
richard,1
activism,1
magazine,1
undated,1
writers,1
virginia,1
obvious,1
framed,1
alone,1
reader,1
identifies,1
edit,1
writings,1
comforted,1
spinster,1
austin,1
thereby,1
reported,1
except,1
quardonovan,1
city,1
line,1
spend,1
review,1
example,1
previously,1
denial,1
sent,1
erred,1
apparent,1
omitted,1
kuhn,1
role,1
adversities,1
safer,1
lesbianism,1
wald,1
beloved,1
promises,1
identity,1
common,1
ritual,1
ten,1
signed,1
aug,1
went,1
largely,1
jim,1
urging,1
sweet,1
namesake,1
tortuous,1
entry,1
during,1
place,1
horn,1
refined,1
images,1
refers,1
travel,1
feminists,1
assume,1
references,1
memories,1
collective,1
autobiographical,1
contains,1
records,1
aside,1
falter,1
concentrate,1
definitions,1
exist,1
linked,1
questions,1
moorland,1
central,1
story,1
bravest,1
pair,1
individuals,1
historical,1
prepared,1
documented,1
mentor,1
agoand,1
throughout,1
chosen,1
falsification,1
sees,1
previous,1
suffrage,1
dependence,1
hampshire,1
enthusiasm,1
told,1
intimacy,1
explicitness,1
profession,1
spring,1
described,1
publish,1
weakened,1
charge,1
masquerading,1
severe,1
mine,1
facts,1
themes,1
rejected,1
reveals,1
quality,1
explorations,1
meanings,1
since,1
initiated,1
restraining,1
breed,1
creatively,1
hidden,1
directed,1
chilled,1
inney,1
does,1
liaisons,1
write,1
recognize,1
obliterated,1
aristocratic,1
catch,1
interest,1
aware,1
depicting,1
reminded,1
sun,1
finally,1
lady,1
forgotten,1
networks,1
tone,1
social,1
parallels,1
documentation,1
rural,1
august,1
general,1
christopher,1
times,1
nurture,1
raises,1
relationshipism,1
hillhouse,1
integrated,1
club,1
interlude,1
cycle,1
revised,1
roses,1
socially,1
need,1
inc,1
clef,1
realization,1
him,1
chose,1
things,1
caught,1
lovers,1
autumn,1
remembrances,1
quotes,1
without,1
kind,1
defined,1
undertakes,1
spirits,1
wrong,1
poetic,1
frederick,1
thereof,1
quite,1
satirized,1
theoretical,1
commentaries,1
biographers,1
julie,1
night,1
thomas,1
gulls,1
fast,1
latter,1
complains,1
stray,1
wretched,1
restricting,1
lillian,1
document,1
koppelman,1
secure,1
grown,1
few,1
back,1
pain,1
silly,1
apart,1
trying,1
best,1
around,1
masqueraded,1
mistaken,1
june,1
heretical,1
transcendence,1
vision,1
presence,1
lines,1
become,1
tucked,1
research,1
spiritualism,1
successors,1
sight,1
lasch,1
distinguished,1
weber,1
interpretations,1
rejection,1
justify,1
conclude,1
text,1
midnight,1
deliberate,1
harper,1
pure,1
credible,1
subsequent,1
amended,1
reflecting,1
warned,1
create,1
views,1
up,1
working,1
implication,1
sept,1
guess,1
dependent,1
appleton,1
look,1
focus,1
excerpts,1
mature,1
among,1
taylor,1
tendency,1
fitly,1
als,1
william,1
structured,1
sister,1
tired,1
glenda,1
protagonist,1
died,1
provided,1
revolutions,1
asked,1
doing,1
propose,1
daughter,1
delete,1
eldridge,1
attention,1
glorified,1
moved,1
rest,1
sophistication,1
error,1
odd,1
glad,1
indicate,1
gist,1
visit,1
kept,1
