WORDCOUNTS,WEIGHT
the,84
love,68
of,58
to,49
and,47
is,45
that,45
a,41
in,41
language,27
not,25
it,23
as,23
s,21
we,21
but,19
other,19
about,18
for,17
be,16
when,16
barthes,15
kristeva,15
no,14
they,14
by,14
code,14
he,13
meaning,13
one,13
or,11
so,11
discourse,11
because,10
she,9
talk,9
signified,9
only,9
each,9
like,9
postmodern,9
can,9
than,9
two,8
sign,8
which,8
even,8
if,7
from,7
are,7
what,7
cannot,7
has,7
nothing,7
have,7
would,7
an,7
on,7
does,6
their,6
into,6
words,6
transcendental,6
do,6
says,6
structure,6
his,5
with,5
god,5
any,5
more,5
everything,5
signifier,5
this,5
mean,4
meant,4
us,4
neither,4
something,4
equation,4
all,4
had,4
i,4
there,4
outside,4
theory,4
lover,4
nor,4
always,4
at,3
been,3
repressed,3
wants,3
was,3
t,3
admit,3
encoded,3
know,3
attempt,3
longer,3
whom,3
down,3
desire,3
p,3
levin,3
reveal,3
loves,3
will,3
system,3
gods,3
kitty,3
having,3
revealed,3
both,3
say,3
exist,3
our,3
logic,3
sense,3
need,3
theorists,3
around,3
hix,3
deny,2
m,2
lovers,2
without,2
letters,2
truth,2
account,2
prove,2
make,2
space,2
exists,2
means,2
itself,2
remains,2
understands,2
position,2
expressed,2
under,2
postmodernism,2
n,2
being,2
anything,2
failing,2
every,2
resolution,2
also,2
writes,2
set,2
belief,2
might,2
humans,2
put,2
saussure,2
nature,2
fact,2
lack,2
did,2
together,2
time,2
were,2
signify,2
contradictory,2
half,2
better,2
learn,2
those,2
where,2
signs,2
them,2
whether,2
form,2
sentence,2
speech,2
nowhere,2
russell,2
inseparable,2
amorous,2
her,2
slips,2
shape,2
w,2
who,2
knowledge,2
arms,2
its,2
aristophanes,2
harvard,2
writing,2
learned,2
structures,2
finished,2
review,2
plato,2
such,2
conditions,2
omnisignificance,2
him,2
distinct,2
back,2
repress,2
themselves,2
declare,2
codes,2
teach,2
necessity,2
given,2
apparently,2
y,2
structurality,2
andreas,2
infinite,2
inexpressibility,2
freud,1
appeal,1
ars,1
final,1
believers,1
necks,1
intimately,1
mimetic,1
molly,1
f,1
morphology,1
therefore,1
scriptions,1
o,1
whose,1
declaration,1
today,1
initials,1
escapes,1
absence,1
identification,1
tes,1
act,1
omnisignificant,1
true,1
recall,1
aim,1
later,1
depen,1
l,1
substitutions,1
names,1
genitals,1
argot,1
short,1
wrote,1
indeed,1
identity,1
how,1
sous,1
sort,1
peacock,1
erases,1
play,1
raymond,1
na,1
motivated,1
unseat,1
heights,1
determine,1
mingling,1
becomes,1
implies,1
object,1
represented,1
refusing,1
tive,1
strongly,1
still,1
opportunity,1
subsumes,1
thinkers,1
risk,1
sphere,1
manages,1
expect,1
similar,1
hopelessly,1
rolled,1
b,1
certain,1
group,1
becoming,1
try,1
unity,1
lovely,1
discover,1
parts,1
replaced,1
class,1
possess,1
lacking,1
properly,1
analysis,1
diminishes,1
united,1
tence,1
once,1
ubiquity,1
depicted,1
front,1
table,1
answer,1
ing,1
usages,1
h,1
centuries,1
globular,1
soul,1
borges,1
easily,1
read,1
occupies,1
legitimately,1
sex,1
stable,1
former,1
ovid,1
radiant,1
motive,1
accomplish,1
title,1
unfurl,1
falls,1
semiology,1
blushes,1
then,1
decenter,1
christianity,1
specify,1
signifieds,1
before,1
yearning,1
same,1
completion,1
result,1
series,1
conclusion,1
meaningless,1
transcends,1
already,1
must,1
ve,1
cutting,1
emotional,1
acknowledges,1
linguistics,1
ever,1
scarcely,1
people,1
romance,1
else,1
considers,1
subversively,1
fill,1
tries,1
signifies,1
party,1
ful,1
text,1
symbol,1
asks,1
maxim,1
book,1
cover,1
mirrors,1
chalk,1
ran,1
cut,1
articulate,1
absurd,1
avenge,1
sure,1
readily,1
wittgenstein,1
paper,1
shares,1
cultures,1
definition,1
problem,1
attribute,1
naive,1
identifying,1
limit,1
asserts,1
wholeness,1
twenty,1
could,1
hands,1
agree,1
current,1
captures,1
roland,1
geometrical,1
origin,1
omnipo,1
explanandum,1
out,1
able,1
disappearance,1
relation,1
live,1
legs,1
d,1
atheism,1
contemporary,1
fail,1
going,1
happiness,1
feature,1
just,1
works,1
amatoria,1
merely,1
hand,1
stand,1
thrills,1
unite,1
poetic,1
tales,1
gifts,1
understood,1
according,1
heaven,1
return,1
sheet,1
communicate,1
werther,1
equate,1
depicts,1
similarities,1
persons,1
meet,1
case,1
partners,1
independently,1
scale,1
existence,1
suspect,1
map,1
resembles,1
exceeds,1
books,1
leaving,1
noticed,1
dream,1
gives,1
creates,1
while,1
number,1
explicitly,1
iv,1
transparent,1
right,1
explanans,1
well,1
produce,1
parable,1
discourses,1
anna,1
don,1
conversation,1
long,1
phenomena,1
ideal,1
julia,1
art,1
admits,1
goethe,1
properties,1
pursue,1
functions,1
some,1
remember,1
hemispheres,1
upon,1
claim,1
sides,1
west,1
mental,1
story,1
alas,1
including,1
desperate,1
example,1
denial,1
herself,1
meaningful,1
steals,1
positions,1
subject,1
description,1
scars,1
surprise,1
everywhere,1
territory,1
use,1
engage,1
twentieth,1
realm,1
hephaestus,1
derrida,1
transcendent,1
hegel,1
returned,1
phenomenon,1
overcoming,1
aspect,1
childhood,1
preoccupied,1
denying,1
chemical,1
ends,1
novels,1
g,1
laments,1
until,1
tractatus,1
ex,1
mortals,1
inexpressible,1
interpreted,1
received,1
reveals,1
disposal,1
since,1
initial,1
three,1
transmit,1
healing,1
semiologist,1
adding,1
pantheism,1
interlocutor,1
assumes,1
strikingly,1
de,1
movies,1
proofs,1
paradoxically,1
discursive,1
accept,1
earth,1
mastered,1
divine,1
good,1
interpret,1
characteristic,1
talks,1
offer,1
symposium,1
rature,1
period,1
belongs,1
obsolete,1
things,1
tribal,1
depiction,1
century,1
vengeance,1
next,1
learning,1
unbearable,1
amore,1
photograph,1
seeks,1
dramatized,1
thing,1
transcend,1
enumerate,1
needs,1
offered,1
written,1
between,1
eyes,1
infinity,1
karenina,1
presence,1
rejection,1
exactly,1
third,1
impossible,1
derridean,1
through,1
puts,1
look,1
flung,1
delightful,1
splitting,1
world,1
glance,1
signification,1
carver,1
crucible,1
should,1
general,1
asked,1
dency,1
deriva,1
rest,1
division,1
teleology,1
society,1
welded,1
