WORDCOUNTS,WEIGHT
the,295
i,233
was,151
a,147
to,144
and,139
she,128
my,124
of,110
in,96
that,92
it,84
her,69
he,63
s,61
said,55
t,55
me,55
h,52
for,52
had,50
father,41
you,41
but,40
francine,35
there,35
what,35
d,35
mother,34
on,34
his,33
with,32
when,29
have,28
no,26
would,26
at,25
out,25
about,24
were,24
this,23
so,23
from,23
know,23
edith,22
like,22
they,21
how,21
as,21
not,21
then,21
we,19
all,18
who,18
is,18
didn,18
never,17
been,17
them,17
way,16
something,16
just,16
could,16
your,16
up,16
him,16
did,16
maybe,15
name,15
an,14
after,14
face,14
be,14
old,13
look,13
wanted,13
people,13
by,13
if,12
one,12
first,12
some,12
more,12
time,12
must,12
knew,11
or,11
love,11
new,11
day,11
why,11
ing,11
want,11
while,11
into,10
hall,10
back,10
came,10
eyes,10
are,10
finally,10
off,10
before,9
say,9
their,9
too,9
got,9
always,9
thought,9
do,9
made,9
wasn,9
down,9
years,9
told,8
american,8
room,8
review,8
house,8
m,8
found,8
even,8
only,8
man,8
hand,8
looked,8
get,8
over,8
our,8
north,8
right,7
felt,7
left,7
because,7
its,7
music,7
once,7
under,7
these,7
fire,7
woman,7
door,7
any,7
almost,7
went,7
piece,7
o,6
later,6
anything,6
else,6
every,6
those,6
bird,6
performance,6
thing,6
talking,6
remembered,6
well,6
than,6
around,6
april,6
hadn,6
death,6
head,6
see,6
saw,6
stage,6
ve,6
known,6
don,6
through,6
think,6
much,6
dad,6
truth,5
child,5
might,5
sunday,5
other,5
last,5
against,5
notepad,5
marriage,5
find,5
died,5
b,5
talk,5
watching,5
wouldn,5
beyond,5
symphony,5
let,5
sense,5
things,5
wife,5
rehearsal,5
put,5
maryanne,5
toward,5
fact,5
enough,5
where,5
couldn,5
hara,5
open,5
tim,5
probably,5
cello,5
deck,5
foster,5
here,5
each,5
poems,5
desk,5
re,5
asked,5
done,4
shoulders,4
hair,4
laughing,4
long,4
words,4
together,4
raised,4
nar,4
fl,4
since,4
kind,4
young,4
york,4
front,4
understand,4
clerk,4
hands,4
though,4
gave,4
place,4
newspaper,4
own,4
least,4
hard,4
few,4
holliston,4
seemed,4
still,4
idea,4
call,4
ledger,4
stuff,4
heard,4
wrapping,4
held,4
kept,4
hh,4
behind,4
inside,4
try,4
sound,4
liked,4
sure,4
between,4
paper,4
er,4
living,4
turned,4
born,4
art,4
both,4
boston,4
tell,4
course,4
glass,4
playing,4
morning,4
wondered,4
should,4
now,3
fingers,3
jane,3
word,3
edie,3
take,3
mind,3
motion,3
saying,3
burning,3
sent,3
married,3
mine,3
facts,3
such,3
decided,3
dis,3
keep,3
dates,3
truly,3
packing,3
blue,3
perfect,3
grandchildren,3
across,3
watch,3
arm,3
drawer,3
study,3
feel,3
reason,3
concerto,3
huh,3
bad,3
days,3
k,3
ask,3
someone,3
stroke,3
called,3
lived,3
poetry,3
late,3
afternoon,3
outside,3
doesn,3
bow,3
oh,3
wants,3
minute,3
part,3
caught,3
year,3
being,3
away,3
premiere,3
next,3
quite,3
leather,3
telling,3
will,3
laughed,3
happy,3
standing,3
read,3
us,3
shook,3
ed,3
business,3
feeders,3
really,3
golden,3
took,3
answer,3
spoke,3
practice,3
perhaps,3
going,3
looking,3
bed,3
hour,3
which,3
good,3
started,3
threw,3
played,3
filled,3
become,3
sight,3
exactly,3
story,3
lot,3
sometimes,3
seen,3
feeder,3
hope,3
months,3
meant,3
thinking,3
simply,3
ever,3
ll,3
worth,3
half,3
person,3
william,3
cause,3
loved,3
noticed,3
remember,3
pain,3
became,3
die,3
tried,3
screen,3
ilya,3
c,3
page,2
imagining,2
ready,2
snapshot,2
e,2
mar,2
passing,2
trash,2
center,2
letter,2
true,2
completely,2
shoe,2
spirit,2
western,2
nice,2
turning,2
arms,2
cabin,2
wrong,2
certainly,2
quoting,2
pictured,2
j,2
nature,2
knowing,2
copy,2
twenty,2
great,2
studied,2
anyway,2
help,2
rolltop,2
mail,2
reading,2
sheet,2
stopped,2
con,2
tuna,2
recorded,2
has,2
firm,2
moth,2
red,2
magazine,2
apart,2
solo,2
shut,2
sanitarium,2
conductor,2
realized,2
interest,2
turn,2
tape,2
remembering,2
aviary,2
arkil,2
poem,2
clock,2
men,2
border,2
appreciated,2
engrossed,2
leaning,2
glad,2
may,2
stradivari,2
town,2
without,2
sort,2
secrets,2
mean,2
hers,2
parents,2
witness,2
black,2
white,2
precious,2
supposed,2
mrs,2
w,2
age,2
most,2
plates,2
mix,2
shifted,2
odd,2
closely,2
avenue,2
appearance,2
smell,2
pass,2
boxes,2
memory,2
having,2
guys,2
used,2
work,2
listening,2
nine,2
bm,2
during,2
records,2
doors,2
floors,2
couple,2
week,2
sink,2
evening,2
running,2
wished,2
box,2
night,2
pregnant,2
embarrassed,2
barely,2
peculiar,2
grateful,2
waiting,2
rest,2
second,2
jerked,2
giving,2
play,2
return,2
criticized,2
forward,2
gift,2
make,2
surprise,2
folded,2
curtain,2
jayne,2
foot,2
yet,2
home,2
floor,2
breeze,2
already,2
two,2
moments,2
picture,2
gotten,2
hj,2
louder,2
law,2
childhood,2
again,2
flowers,2
many,2
barber,2
lack,2
coincidence,2
sleep,2
plucked,2
pretty,2
gestured,2
everything,2
program,2
favorite,2
habit,2
until,2
sorry,2
stirred,2
books,2
nobody,2
chair,2
imagine,2
strings,2
birth,2
upon,2
apology,2
herself,2
encouraged,2
full,2
assertiveness,2
three,2
times,2
mount,2
daddy,2
lose,2
quick,2
trying,2
can,2
throat,2
ago,2
manner,2
note,2
movements,2
chance,2
husband,2
bags,2
onstage,2
returned,2
life,2
fall,2
respect,2
mirror,2
believed,2
contradiction,2
dining,2
sailboats,2
quickly,2
ran,2
dismay,2
rented,2
different,2
lying,2
believe,2
best,2
argue,2
hospital,2
very,2
bin,2
type,2
quiver,2
whether,2
railing,2
making,2
loony,2
leaving,2
getting,2
voice,2
burden,2
bought,2
tucked,2
met,2
pre,2
named,2
question,2
recording,2
guest,2
harm,2
sat,2
orchestra,2
pulling,2
bso,2
cousin,2
ated,2
carole,2
doing,2
gagliano,1
clos,1
resolve,1
waited,1
ticked,1
go,1
panicked,1
inward,1
annoy,1
stubbornly,1
personally,1
certo,1
devot,1
tuning,1
polish,1
masterfully,1
car,1
estate,1
drag,1
names,1
pity,1
raya,1
personnel,1
yearn,1
euphoria,1
arrive,1
naming,1
filing,1
announced,1
swiftly,1
alone,1
brittle,1
mountains,1
starts,1
gripping,1
yankee,1
string,1
grotesque,1
per,1
mouth,1
expect,1
everybody,1
church,1
group,1
privacy,1
large,1
touched,1
saved,1
spine,1
lugged,1
conveys,1
bor,1
browning,1
slight,1
tend,1
mad,1
picked,1
advised,1
crave,1
live,1
parate,1
prince,1
nuts,1
nifying,1
sensed,1
cryptic,1
ly,1
headband,1
decade,1
backs,1
unlovely,1
bookcase,1
position,1
fixed,1
bubble,1
busied,1
dignified,1
yard,1
history,1
laid,1
occurred,1
strappy,1
evasive,1
uj,1
miere,1
criticizing,1
impulsively,1
eager,1
postmark,1
buys,1
laura,1
fires,1
cutting,1
jammed,1
bot,1
hips,1
twilight,1
balcony,1
humble,1
titles,1
handwriting,1
inching,1
handle,1
taken,1
feeling,1
address,1
secretary,1
progression,1
scorecard,1
dreamy,1
grandfather,1
anyways,1
definition,1
company,1
ums,1
peeking,1
route,1
packed,1
ble,1
warm,1
borders,1
reasons,1
confusion,1
decid,1
pressed,1
nodded,1
guessed,1
nondescript,1
hundred,1
mag,1
onto,1
friend,1
real,1
reproduction,1
distracted,1
soaring,1
damage,1
state,1
stand,1
respond,1
sacred,1
henry,1
silence,1
principal,1
robert,1
waving,1
normal,1
fearfully,1
nal,1
tonight,1
bluntly,1
triggered,1
subsides,1
nowhere,1
case,1
bowing,1
side,1
generosity,1
badly,1
dr,1
gazed,1
pulled,1
swallows,1
encouraging,1
planted,1
mass,1
cleared,1
glamor,1
draw,1
auction,1
rachmaninoff,1
jumping,1
retain,1
stepped,1
account,1
opened,1
marked,1
creak,1
machinery,1
condition,1
violins,1
pleasant,1
shame,1
schedule,1
sale,1
scis,1
move,1
sweetly,1
driver,1
rid,1
stubborn,1
fine,1
mental,1
bbwe,1
bell,1
far,1
flatly,1
along,1
himself,1
quizzing,1
plenty,1
cere,1
sepia,1
bumping,1
factored,1
penetrate,1
expecting,1
monday,1
guilty,1
doll,1
microfiche,1
thus,1
phase,1
pocket,1
timber,1
montreal,1
soar,1
eventual,1
scent,1
run,1
consumed,1
perfor,1
alternately,1
machine,1
agent,1
neighbors,1
johnny,1
riage,1
eekhn,1
worn,1
quicker,1
barrier,1
century,1
manager,1
congregational,1
candy,1
yourself,1
guided,1
feathers,1
cases,1
distinct,1
deeds,1
quebec,1
concrete,1
locks,1
deed,1
fig,1
cellist,1
assertive,1
silently,1
unchanged,1
thin,1
weight,1
storage,1
drawn,1
sin,1
brigade,1
garbousova,1
dear,1
gaze,1
crack,1
sun,1
pluck,1
weave,1
truck,1
lashed,1
reflex,1
generation,1
bypassed,1
quiet,1
master,1
bothered,1
briskness,1
strangest,1
cing,1
mb,1
loyal,1
dish,1
peo,1
steps,1
poor,1
hihihi,1
woolworth,1
mild,1
resigning,1
rather,1
gripped,1
bring,1
podium,1
l,1
traffic,1
cleaned,1
cushions,1
mesmerizing,1
mustering,1
square,1
hiss,1
scream,1
pause,1
remote,1
stranger,1
pressing,1
abstraction,1
slipped,1
awk,1
strands,1
certain,1
costs,1
wrap,1
parts,1
tan,1
pages,1
scrub,1
opposite,1
tree,1
distant,1
lay,1
practicing,1
scattered,1
healthier,1
plaza,1
poised,1
utterly,1
changes,1
romantic,1
appar,1
costing,1
consider,1
possibly,1
quartet,1
poisoned,1
spreading,1
slowly,1
bit,1
sick,1
clearly,1
section,1
threatening,1
breaths,1
mary,1
instrument,1
weak,1
watery,1
fashioned,1
filed,1
wire,1
longed,1
statement,1
cotton,1
testament,1
surge,1
christmas,1
ming,1
roving,1
delude,1
grief,1
bb,1
guilt,1
important,1
fed,1
faced,1
counsel,1
cut,1
cadence,1
pany,1
crackle,1
fluid,1
reflections,1
thinks,1
greater,1
hours,1
moving,1
standards,1
recog,1
lock,1
applause,1
sarcastic,1
cd,1
stiffened,1
squeamish,1
lain,1
skim,1
grasped,1
bricks,1
joy,1
p,1
mur,1
baton,1
recite,1
ering,1
changed,1
rustling,1
shared,1
aroni,1
eat,1
initial,1
lent,1
big,1
peeled,1
darted,1
weed,1
spotted,1
skater,1
equally,1
pointing,1
understood,1
equal,1
reentered,1
buried,1
simulate,1
cringe,1
war,1
performed,1
vibrato,1
circular,1
newfound,1
teacher,1
recently,1
shush,1
suffered,1
dicted,1
conversa,1
perform,1
fussed,1
granite,1
photo,1
knjkkfi,1
kitchen,1
bother,1
sounded,1
aging,1
smoldering,1
charred,1
line,1
closed,1
hung,1
platinum,1
start,1
admired,1
cleaning,1
knowledge,1
apparent,1
secret,1
brushed,1
excessive,1
eucalyptol,1
ple,1
describe,1
fit,1
older,1
policies,1
broad,1
snap,1
actually,1
encour,1
rows,1
lingering,1
staid,1
personal,1
elegant,1
jealousy,1
employed,1
shoved,1
won,1
splattered,1
skates,1
graph,1
strongest,1
weeks,1
origi,1
unmarried,1
ridged,1
lifted,1
tone,1
published,1
creating,1
wednesday,1
closing,1
painting,1
giant,1
successful,1
caused,1
sharper,1
tight,1
cold,1
tom,1
buildings,1
talked,1
simpler,1
volume,1
excuse,1
order,1
ward,1
perished,1
fast,1
unrelentingly,1
dwell,1
calling,1
amiable,1
feelings,1
awhile,1
choose,1
horrible,1
folk,1
plunged,1
presence,1
subsided,1
startling,1
suddenly,1
hopeless,1
annoyingly,1
ent,1
casings,1
crazy,1
grunted,1
kkkk,1
st,1
envelope,1
parakeet,1
submitting,1
notice,1
kid,1
notes,1
appropriate,1
chin,1
moved,1
seats,1
void,1
f,1
girl,1
perked,1
sail,1
fly,1
matter,1
plucking,1
gears,1
squared,1
descending,1
carton,1
bulldog,1
short,1
hide,1
messy,1
corporation,1
acknowledged,1
scandalous,1
nearly,1
assurance,1
apologizing,1
breath,1
whatever,1
weary,1
ears,1
reconstruction,1
pointed,1
purest,1
slower,1
veins,1
sibelius,1
movement,1
relaxed,1
contra,1
artist,1
hold,1
answering,1
single,1
violinist,1
inex,1
lids,1
tractecj,1
thursday,1
makes,1
devotion,1
mused,1
message,1
wearing,1
kk,1
gesturing,1
clarified,1
cod,1
cried,1
shutting,1
conductors,1
same,1
dropped,1
sharply,1
necktie,1
waved,1
watched,1
emotional,1
lined,1
lunch,1
badge,1
vermont,1
birdfeeder,1
rise,1
baby,1
rip,1
exit,1
cage,1
pick,1
happening,1
fix,1
clanged,1
murmur,1
starting,1
birthplace,1
also,1
flash,1
ended,1
shelf,1
porch,1
stricken,1
backed,1
violin,1
translucent,1
wanting,1
gentle,1
missing,1
cedar,1
gee,1
aisle,1
artists,1
longer,1
admit,1
overwhelming,1
blur,1
appeared,1
afraid,1
intimidated,1
affronted,1
possi,1
choice,1
hhh,1
children,1
ried,1
grave,1
end,1
blonde,1
clearing,1
stadi,1
simple,1
clapping,1
rosined,1
drove,1
hop,1
v,1
present,1
riding,1
dozed,1
keys,1
tinct,1
ultimately,1
heavily,1
deep,1
swing,1
teeth,1
mance,1
lean,1
sell,1
distance,1
rancor,1
remained,1
infatu,1
wrapped,1
shine,1
orchestral,1
stouffer,1
breakdown,1
private,1
understanding,1
lasting,1
lap,1
ecstasy,1
intimate,1
considering,1
dered,1
fake,1
handwritten,1
explanation,1
tionate,1
blaze,1
catbirds,1
darting,1
loud,1
snakes,1
deliberately,1
primadonnas,1
vision,1
recover,1
birds,1
solemn,1
top,1
waste,1
forgot,1
use,1
affection,1
sold,1
assumption,1
ledgers,1
lamplight,1
dress,1
factor,1
cacophonic,1
smoothly,1
aside,1
curb,1
questions,1
actual,1
pack,1
services,1
merit,1
trust,1
chosen,1
stopping,1
stayed,1
sadder,1
wheel,1
clear,1
quietly,1
snatching,1
tional,1
blindly,1
grew,1
bi,1
definitely,1
leaned,1
disappointed,1
faces,1
co,1
pride,1
allowed,1
fellow,1
rhythmic,1
satis,1
remark,1
appointment,1
versations,1
laugh,1
darkening,1
gliding,1
anyone,1
intoxicated,1
peer,1
believing,1
spent,1
rubens,1
finality,1
chairs,1
finite,1
somehow,1
whispering,1
flame,1
smoky,1
fied,1
hbhi,1
ribs,1
pro,1
awful,1
mr,1
certificate,1
field,1
merly,1
slide,1
cape,1
freckled,1
relative,1
professional,1
evidence,1
stick,1
dresses,1
vain,1
bubblewrap,1
hedge,1
isn,1
brown,1
wildly,1
performing,1
separate,1
arriving,1
relationship,1
today,1
window,1
checked,1
gram,1
continued,1
stove,1
sors,1
five,1
buyers,1
naturally,1
impressive,1
rough,1
vague,1
flickered,1
recognizes,1
bare,1
plastic,1
pop,1
began,1
announ,1
lightning,1
sandwiched,1
recognize,1
bows,1
settled,1
masking,1
inspired,1
often,1
hi,1
existed,1
spotlight,1
united,1
sympathy,1
giddy,1
figured,1
gathered,1
crowded,1
investigate,1
seat,1
ripped,1
considered,1
matters,1
addressed,1
hearts,1
eyed,1
hardwood,1
disap,1
rarely,1
eventually,1
blocked,1
finches,1
lessons,1
hanging,1
comes,1
mentioned,1
changing,1
luminous,1
throw,1
nervous,1
tered,1
audition,1
bulging,1
struck,1
satisfying,1
log,1
beside,1
precise,1
drapes,1
mac,1
premonition,1
disdain,1
river,1
set,1
ihhbh,1
agony,1
der,1
cover,1
exploded,1
natural,1
kundera,1
tat,1
stamp,1
working,1
birdhouses,1
llp,1
seem,1
gone,1
stack,1
outdoor,1
unknown,1
okay,1
straightforward,1
wall,1
surprised,1
visiting,1
macaroni,1
post,1
searched,1
housekeeper,1
scanned,1
hn,1
obviously,1
sidewalk,1
huff,1
written,1
dumped,1
jagged,1
pretended,1
narrowed,1
liq,1
childbirth,1
pit,1
stamped,1
past,1
realtor,1
chilly,1
pensive,1
pup,1
ladies,1
noise,1
knows,1
according,1
jean,1
unlikely,1
strained,1
scrambled,1
investigation,1
fiddle,1
month,1
burns,1
evenings,1
form,1
list,1
concerts,1
nauseated,1
cel,1
flames,1
hoped,1
storm,1
signature,1
lengths,1
firmly,1
spinsterhood,1
alice,1
problem,1
listen,1
healthy,1
climbing,1
birthday,1
information,1
apartment,1
listed,1
agreed,1
finale,1
rehearsals,1
hopefulness,1
aren,1
haps,1
finished,1
spaces,1
weird,1
soloist,1
preserved,1
furniture,1
decisive,1
city,1
musician,1
press,1
buzzing,1
unaffected,1
endlessly,1
associ,1
buy,1
infamous,1
subject,1
sitting,1
com,1
memories,1
fleeting,1
spiky,1
palms,1
ized,1
tall,1
writing,1
firms,1
waves,1
reaching,1
leap,1
fished,1
smist,1
come,1
acoustics,1
ure,1
canvas,1
touch,1
lists,1
difference,1
marry,1
sid,1
strid,1
extin,1
disarray,1
samuel,1
errands,1
motives,1
affec,1
wish,1
slides,1
twisting,1
offer,1
joined,1
instead,1
although,1
define,1
zip,1
dinner,1
impatiently,1
need,1
hhhhj,1
settling,1
clues,1
photograph,1
defined,1
whacker,1
ging,1
allegra,1
transcending,1
speak,1
practiced,1
am,1
hutch,1
specific,1
charles,1
cert,1
gazette,1
logs,1
juilliard,1
recounted,1
km,1
themselves,1
snatched,1
birding,1
rejection,1
point,1
reached,1
coty,1
guish,1
debate,1
wellesley,1
early,1
little,1
stair,1
focus,1
images,1
immediately,1
eb,1
among,1
stupidly,1
breathed,1
gold,1
daughter,1
tuesday,1
showed,1
jealous,1
close,1
tragic,1
grease,1
pausing,1
hovered,1
