WORDCOUNTS,WEIGHT
the,219
and,199
of,121
a,109
i,108
to,102
in,75
that,73
it,67
was,47
for,38
you,36
with,34
my,33
he,32
is,32
his,31
me,27
so,27
on,24
livy,23
but,21
as,20
not,20
this,20
be,19
at,18
all,18
have,18
out,15
there,15
them,15
were,15
an,15
when,15
we,15
no,14
she,14
day,14
which,14
one,13
are,13
her,13
from,12
had,12
s,12
would,12
they,11
shall,11
will,10
home,10
t,10
do,10
now,9
its,9
their,9
then,9
by,9
love,9
mark,9
great,9
new,9
just,9
time,9
away,9
such,9
like,9
up,9
world,9
again,8
twain,8
face,8
read,8
into,8
before,8
two,8
said,8
long,8
know,8
together,8
your,8
got,8
after,8
never,8
hymn,8
am,8
or,7
ever,7
over,7
last,7
see,7
father,7
upon,7
heart,7
people,7
us,7
think,7
years,7
good,7
night,7
old,7
always,7
darling,7
go,6
happy,6
house,6
life,6
makes,6
often,6
these,6
make,6
choir,6
oh,6
letter,6
church,6
him,6
eyes,6
can,6
look,6
saw,6
beauty,6
way,5
if,5
lost,5
about,5
any,5
something,5
first,5
been,5
came,5
other,5
flowers,5
could,5
did,5
minister,5
recollections,5
don,5
felt,5
made,5
must,5
our,5
full,5
times,5
more,5
little,5
knew,4
heaven,4
sometimes,4
ing,4
mother,4
yet,4
god,4
following,4
comes,4
every,4
many,4
gone,4
take,4
review,4
behind,4
has,4
well,4
peace,4
music,4
three,4
earth,4
ll,4
things,4
haven,4
should,4
girl,3
done,3
today,3
note,3
letters,3
five,3
wrote,3
toward,3
unconscious,3
parents,3
began,3
american,3
feel,3
get,3
lives,3
praise,3
days,3
same,3
ahead,3
without,3
most,3
friend,3
natures,3
here,3
turn,3
elmira,3
give,3
put,3
j,3
only,3
humorous,3
horse,3
men,3
may,3
stand,3
those,3
let,3
where,3
what,3
return,3
pulpit,3
try,3
because,3
almost,3
another,3
future,3
hear,3
some,3
say,3
through,3
sent,3
along,3
worship,3
gave,3
during,3
point,3
come,3
than,3
high,3
brother,3
around,3
jl,3
back,3
ear,3
qualities,3
tenor,3
young,3
left,3
wife,3
dear,3
north,3
sister,3
how,3
evidently,3
appeal,2
front,2
san,2
settled,2
matter,2
edge,2
mysterious,2
noble,2
bring,2
l,2
exile,2
sort,2
sermon,2
anniversary,2
e,2
sensitive,2
preach,2
above,2
steeple,2
boy,2
went,2
village,2
unsatisfactory,2
gallery,2
soprano,2
sunshine,2
live,2
true,2
utterly,2
town,2
hair,2
melodeon,2
bursts,2
bit,2
light,2
received,2
women,2
four,2
experience,2
simply,2
tears,2
applause,2
angel,2
cries,2
whose,2
few,2
sad,2
set,2
refresh,2
familiar,2
sunday,2
intellectual,2
history,2
beautiful,2
friends,2
each,2
hours,2
nature,2
pain,2
sing,2
walk,2
seem,2
head,2
boyhood,2
down,2
warm,2
thy,2
orion,2
visiting,2
gives,2
sofa,2
hundred,2
end,2
room,2
while,2
mightiest,2
francisco,2
happiness,2
passage,2
february,2
pillow,2
sounding,2
mind,2
miles,2
hand,2
gods,2
effect,2
telling,2
papers,2
study,2
des,2
quote,2
bass,2
ears,2
near,2
particularly,2
going,2
boys,2
birthday,2
local,2
stood,2
missed,2
possible,2
line,2
used,2
missionary,2
middle,2
both,2
wandering,2
heard,2
alone,2
fianc,2
brought,2
headed,2
part,2
far,2
wedding,2
household,2
langdon,2
secret,2
himself,2
lecture,2
bible,2
sweet,2
own,2
solitary,2
winter,2
thus,2
voice,2
ex,2
obliged,2
finally,2
miss,2
mirth,2
interest,2
wish,2
hard,2
resembled,2
period,2
loved,2
sur,2
stage,2
alto,2
paths,2
kind,2
playing,2
dis,2
thing,2
ward,2
event,2
laughter,2
wednesday,2
narrowing,2
morning,2
thousand,2
written,2
ship,2
between,2
stranger,2
jokes,2
deacon,2
spite,2
sun,2
engagement,2
ago,2
hardly,2
poles,2
rest,2
sundays,2
attended,2
glad,2
visit,2
blessing,2
perfect,1
humorist,1
hurricanes,1
model,1
seats,1
cadences,1
lad,1
sigh,1
given,1
enough,1
failed,1
faithfully,1
homely,1
late,1
devious,1
grieved,1
color,1
lo,1
pacific,1
hauled,1
ii,1
cending,1
deck,1
ugliness,1
blinds,1
york,1
realm,1
dreadful,1
inimitable,1
succession,1
ingenuity,1
tread,1
clara,1
window,1
ling,1
nphen,1
waves,1
exact,1
steadily,1
mingled,1
sets,1
lessly,1
figure,1
chance,1
pealing,1
equable,1
tion,1
solemn,1
criminal,1
separation,1
absent,1
blessedness,1
superficial,1
across,1
expand,1
everett,1
practical,1
itants,1
till,1
stop,1
blessed,1
slaughter,1
wonder,1
play,1
grim,1
thou,1
everyone,1
pathos,1
somebody,1
teach,1
afterwards,1
tonight,1
lutely,1
appreciate,1
yearn,1
notices,1
yours,1
islands,1
lecturing,1
extracts,1
warmth,1
drops,1
ques,1
myself,1
pause,1
red,1
guess,1
sewing,1
step,1
prove,1
sixteen,1
shortly,1
un,1
outfit,1
dread,1
still,1
opportunity,1
mar,1
says,1
remembrancers,1
presently,1
render,1
pushed,1
designs,1
inhab,1
absentee,1
charm,1
contribution,1
expect,1
comment,1
tinted,1
likewise,1
reflection,1
large,1
steadfast,1
hot,1
strange,1
cracking,1
handsome,1
murmur,1
religious,1
robber,1
isted,1
confounded,1
owned,1
strive,1
leaves,1
imprint,1
spared,1
unusual,1
scales,1
pacing,1
cease,1
order,1
white,1
evenings,1
whole,1
success,1
midst,1
fall,1
songs,1
timbrel,1
scattered,1
polite,1
dead,1
heartless,1
precious,1
modification,1
dreadfully,1
travelling,1
tinguished,1
h,1
dejec,1
rock,1
wide,1
thought,1
months,1
making,1
reason,1
soul,1
tribune,1
thursday,1
leave,1
giddy,1
india,1
sweetness,1
cleveland,1
fra,1
rider,1
communing,1
instantly,1
believe,1
wee,1
eyelids,1
honored,1
joseph,1
rain,1
transpired,1
want,1
gladness,1
sounds,1
wearing,1
cough,1
anguish,1
under,1
fought,1
spirit,1
windows,1
yourself,1
increased,1
evil,1
lace,1
forever,1
fervent,1
triumphant,1
hearts,1
smirking,1
river,1
statistical,1
school,1
drooped,1
ancient,1
sim,1
beau,1
yard,1
wails,1
contemplated,1
reedy,1
wanted,1
weariness,1
oby,1
fort,1
flies,1
fiancee,1
pil,1
pipes,1
illuminated,1
delight,1
consciousness,1
proces,1
ineffable,1
lord,1
air,1
impulse,1
population,1
dainty,1
mary,1
garment,1
venetian,1
holiest,1
absence,1
softened,1
tempting,1
character,1
grand,1
prodi,1
age,1
gay,1
needs,1
journeys,1
hove,1
emotional,1
earnestly,1
remembered,1
herod,1
noted,1
being,1
echo,1
restless,1
forehead,1
rise,1
sit,1
doon,1
longed,1
congenial,1
lot,1
awe,1
nobler,1
beyond,1
fragrance,1
picture,1
company,1
awful,1
tricks,1
fill,1
cherish,1
reading,1
thankfulness,1
gossips,1
complaining,1
rrphere,1
learned,1
certainly,1
uproars,1
pear,1
text,1
velvet,1
intently,1
preceding,1
name,1
conditional,1
consumptive,1
also,1
tour,1
command,1
detested,1
seemed,1
explain,1
interested,1
clandestinely,1
hysterical,1
perish,1
jan,1
care,1
ride,1
cover,1
proud,1
sion,1
class,1
journey,1
opinion,1
zenith,1
feelings,1
feeling,1
selfish,1
might,1
others,1
peculi,1
drawing,1
spectacles,1
board,1
brains,1
chasing,1
share,1
darkness,1
bald,1
glowed,1
vanished,1
anywhere,1
loudest,1
nevada,1
roared,1
sure,1
goal,1
comforted,1
generously,1
episcopal,1
descends,1
tunes,1
dearest,1
expressed,1
moving,1
leaving,1
speaks,1
emendation,1
engaged,1
shows,1
including,1
longer,1
expression,1
affects,1
idea,1
mendous,1
raved,1
mercy,1
fractional,1
best,1
twenty,1
sandwich,1
drizzling,1
belong,1
wanderings,1
generous,1
rye,1
call,1
public,1
favorite,1
listened,1
shoulder,1
entering,1
ribbons,1
qhe,1
starchy,1
reasons,1
strength,1
gun,1
confusion,1
vision,1
plicity,1
refined,1
right,1
sang,1
vicious,1
capacity,1
babes,1
glories,1
unpack,1
missouri,1
capitulated,1
assembled,1
fifteen,1
lived,1
achievement,1
memories,1
franklin,1
able,1
somehow,1
bitterness,1
aloud,1
cure,1
wailed,1
farther,1
thinking,1
beauti,1
gray,1
fallen,1
pass,1
very,1
state,1
cowboy,1
mystery,1
audience,1
bonnie,1
number,1
packages,1
dull,1
jumped,1
phantoms,1
man,1
philoso,1
jump,1
speeches,1
burst,1
contented,1
imper,1
suggestions,1
sleeping,1
arly,1
abso,1
fellow,1
reverent,1
hurrah,1
scores,1
course,1
big,1
symptoms,1
joy,1
phan,1
took,1
grimage,1
tioning,1
clemens,1
unison,1
sacred,1
beginning,1
mr,1
coffins,1
grandmother,1
intervene,1
remarkable,1
trying,1
opposite,1
quiet,1
rough,1
ours,1
rent,1
drawl,1
twice,1
domestic,1
better,1
consummation,1
card,1
creature,1
couldn,1
month,1
accepted,1
separated,1
establish,1
whether,1
disposition,1
vacancy,1
playful,1
form,1
marched,1
tre,1
sentence,1
cheeks,1
speech,1
courage,1
nally,1
meet,1
viewless,1
sorry,1
vain,1
sound,1
cloth,1
anyhow,1
pretended,1
fortune,1
con,1
uttered,1
thirty,1
however,1
deep,1
hoped,1
lonely,1
sexton,1
fount,1
simplicity,1
trifying,1
anecdote,1
spiritual,1
perform,1
woman,1
refuge,1
self,1
required,1
solitude,1
olivia,1
bow,1
gious,1
stretched,1
stole,1
distance,1
pulled,1
plush,1
elec,1
money,1
died,1
listen,1
shine,1
scene,1
ponderous,1
pews,1
sciousness,1
heed,1
mons,1
preached,1
memory,1
thoroughly,1
cent,1
kep,1
aching,1
solicitude,1
benediction,1
fight,1
surf,1
property,1
none,1
photo,1
cents,1
sphere,1
firmament,1
miniature,1
deaf,1
symbol,1
emphasis,1
marked,1
king,1
superstition,1
greatest,1
unutterable,1
passengers,1
melody,1
simple,1
comrades,1
secured,1
pleasant,1
work,1
imagi,1
jacksonian,1
who,1
disease,1
pumps,1
strains,1
stern,1
rainy,1
amazed,1
boston,1
ings,1
splendid,1
even,1
water,1
peanut,1
stiff,1
carry,1
flank,1
virginia,1
refused,1
hurled,1
r,1
loud,1
bent,1
west,1
altered,1
apart,1
taking,1
argumen,1
nestled,1
attached,1
doubles,1
happening,1
peered,1
sea,1
city,1
truthful,1
marvel,1
knowledge,1
tongues,1
calls,1
heedless,1
nary,1
pleading,1
persecuted,1
decorate,1
feet,1
object,1
beloved,1
solo,1
bloom,1
tune,1
heaved,1
diffident,1
subject,1
top,1
intended,1
comprehend,1
thankful,1
ful,1
ceeded,1
straighten,1
dec,1
anecdotes,1
tire,1
furtive,1
groans,1
year,1
bright,1
cordant,1
vast,1
sorrow,1
private,1
directed,1
fail,1
lesson,1
lecturer,1
dress,1
much,1
highway,1
unex,1
broad,1
families,1
fast,1
monday,1
grander,1
aside,1
comprehensible,1
cribed,1
purposeless,1
tall,1
actually,1
falling,1
victim,1
tative,1
coming,1
sky,1
sweetest,1
date,1
rare,1
possessing,1
coaxing,1
friday,1
hour,1
bed,1
nothing,1
liest,1
stay,1
nov,1
horrified,1
pray,1
charlie,1
beside,1
married,1
office,1
pleasure,1
express,1
ob,1
necessarily,1
enthusiasm,1
arrive,1
growing,1
evidence,1
rector,1
tell,1
depth,1
startles,1
couple,1
manu,1
youth,1
outraging,1
maid,1
severe,1
fireside,1
won,1
dar,1
week,1
difference,1
horizon,1
seventy,1
distributed,1
conn,1
graph,1
run,1
chill,1
fectly,1
past,1
subtle,1
stumbled,1
smile,1
indexed,1
against,1
freighted,1
hidden,1
conceited,1
count,1
olden,1
sprang,1
authors,1
human,1
winged,1
clouds,1
write,1
ceasing,1
whisper,1
charge,1
catch,1
agent,1
health,1
bought,1
planation,1
lady,1
faces,1
duty,1
evening,1
whereby,1
magnif,1
ray,1
sum,1
ability,1
anxious,1
quit,1
footlights,1
phy,1
joined,1
ow,1
riage,1
crime,1
consummated,1
pride,1
immediately,1
heightens,1
afraid,1
exquisite,1
change,1
ghost,1
roses,1
below,1
spread,1
dozen,1
dozing,1
living,1
tom,1
occasionally,1
type,1
save,1
wished,1
inflection,1
saddle,1
collected,1
miracle,1
tifully,1
shameful,1
z,1
laugh,1
le,1
filled,1
persistence,1
trapped,1
voluntary,1
feathers,1
moods,1
pected,1
black,1
scalp,1
tuesday,1
saved,1
comeli,1
eter,1
ap,1
curls,1
purses,1
looks,1
doubtless,1
several,1
audiences,1
closing,1
blank,1
gaped,1
unpropitious,1
siege,1
plain,1
inclination,1
tidings,1
revelation,1
eleven,1
kinds,1
caesar,1
birds,1
acouple,1
marriage,1
highly,1
body,1
speed,1
voices,1
prompted,1
olation,1
disaster,1
lovable,1
six,1
wheezy,1
inspiring,1
tried,1
fellows,1
shadows,1
sensible,1
trouble,1
show,1
distinguished,1
sullen,1
greatly,1
arranged,1
pro,1
clergyman,1
concluded,1
succeeded,1
midnight,1
ness,1
warned,1
fourth,1
treble,1
marching,1
icent,1
describes,1
find,1
tenors,1
vein,1
managed,1
learn,1
wondered,1
ohio,1
lang,1
bucking,1
ris,1
hartford,1
flayed,1
death,1
elated,1
heedlessly,1
pat,1
reverend,1
delightful,1
souls,1
gaze,1
streams,1
eternity,1
avoided,1
fool,1
strong,1
twichell,1
among,1
knows,1
marseillaise,1
resist,1
tired,1
cross,1
value,1
occasion,1
discords,1
richly,1
scripts,1
centre,1
teeth,1
thunders,1
infinite,1
settle,1
grossness,1
vividly,1
isn,1
enjoy,1
sparks,1
once,1
corpse,1
girlish,1
haunts,1
kept,1
