WORDCOUNTS,WEIGHT
the,423
of,236
in,175
and,136
a,127
to,122
is,83
which,69
that,58
tibullus,57
with,57
love,50
as,46
or,40
it,38
had,38
by,38
his,34
venus,31
on,29
but,28
her,28
its,27
religion,26
at,25
one,25
for,25
are,25
world,25
be,25
from,24
who,23
has,21
this,21
more,20
can,20
they,17
she,17
poems,17
delia,17
s,16
he,16
not,16
roman,15
religious,15
out,14
all,13
poem,13
was,13
used,13
motifs,13
have,13
into,12
their,12
god,12
only,12
an,12
been,12
than,11
could,11
these,11
new,11
see,11
any,11
created,10
first,10
deity,10
poet,10
two,10
also,10
where,10
were,10
nemesis,10
der,10
will,9
lover,9
mistress,9
amor,9
domina,9
elegy,9
like,9
him,9
note,9
what,9
course,9
countryside,8
now,8
if,8
experience,8
moods,8
i,8
himself,8
elements,8
may,8
no,8
b,8
literary,8
most,8
even,8
tib,8
motif,8
lines,8
through,8
die,8
much,8
associated,7
word,7
book,7
w,7
dominant,7
when,7
up,7
fact,7
personality,7
would,7
often,7
detail,7
each,7
heilmann,7
art,7
way,6
use,6
hair,6
there,6
antitheses,6
robert,6
above,6
changes,6
suggested,6
poetry,6
gods,6
well,6
genre,6
und,6
tibullan,6
palmer,6
other,6
propertius,6
time,6
man,6
we,6
poets,6
must,6
loved,6
given,6
meaning,5
true,5
ways,5
elegists,5
within,5
against,5
turbata,5
thus,5
votaries,5
idealized,5
my,5
whom,5
though,5
work,5
part,5
least,5
goddess,5
superstitio,5
about,5
vs,5
dreams,5
purity,5
power,5
scholars,5
votary,5
another,5
bacchus,5
so,5
sacred,5
immortality,5
osiris,5
mood,5
worlds,5
door,5
over,5
both,5
peace,5
syntheses,4
e,4
bei,4
sudden,4
attempts,4
words,4
zur,4
diss,4
say,4
since,4
g,4
curses,4
certain,4
understand,4
called,4
however,4
capillos,4
longos,4
et,4
holy,4
second,4
etc,4
still,4
ancient,4
mediatrix,4
discussed,4
cosmos,4
made,4
grimal,4
outside,4
feet,4
become,4
tendency,4
relationship,4
becomes,4
life,4
why,4
rural,4
them,4
making,4
emphasis,4
introduced,4
finally,4
although,4
themselves,4
c,4
krefeld,3
identify,3
live,3
h,3
studies,3
passion,3
stressed,3
sources,3
worked,3
j,3
nature,3
studied,3
take,3
help,3
pede,3
mind,3
date,3
case,3
side,3
pax,3
sexual,3
supplex,3
some,3
cf,3
nor,3
back,3
gallus,3
nudato,3
erotic,3
york,3
developed,3
derived,3
study,3
latin,3
argued,3
age,3
appear,3
found,3
p,3
term,3
understood,3
prayer,3
postes,3
scene,3
affair,3
r,3
example,3
secret,3
description,3
texture,3
device,3
subtle,3
quite,3
atmosphere,3
long,3
characteristics,3
highly,3
figura,3
f,3
variety,3
rome,3
techniques,3
bucolic,3
corpus,3
oxford,3
criticism,3
lieberg,3
tibullianum,3
borrowed,3
same,3
experimental,3
ed,3
missus,3
again,3
death,3
lack,3
do,3
style,3
ecstasy,3
ceremonies,3
described,3
reality,3
language,3
sometimes,3
usually,3
bare,3
itself,3
serta,3
comes,3
control,3
down,3
then,3
works,3
form,3
while,3
putnam,3
deities,3
baca,3
jacoby,3
numerous,3
accept,3
d,3
attributes,3
association,3
mystery,3
little,3
nock,3
whenever,3
lilja,3
close,3
does,2
done,2
medieval,2
religions,2
commentary,2
commitment,2
mysteries,2
berlin,2
juxtaposition,2
needed,2
essays,2
tibull,2
position,2
eris,2
women,2
said,2
based,2
either,2
blended,2
shrine,2
give,2
taken,2
elysium,2
beautiful,2
seems,2
experiments,2
tradition,2
elegiac,2
great,2
dichtung,2
gamos,2
loose,2
state,2
precisely,2
sacral,2
pacis,2
existence,2
eastern,2
gottheit,2
key,2
draws,2
prior,2
sellar,2
burning,2
bibliography,2
move,2
cited,2
keeps,2
ritual,2
ecstatic,2
sacrilege,2
experiences,2
such,2
demanded,2
magic,2
de,2
divine,2
madness,2
moment,2
decided,2
tumbled,2
pudoris,2
century,2
topos,2
sed,2
beziehung,2
body,2
apparently,2
influence,2
without,2
rather,2
statements,2
bring,2
signaled,2
after,2
salvation,2
rules,2
builds,2
puella,2
clearly,2
marathus,2
preoccupation,2
origins,2
surface,2
followed,2
couplet,2
epithalamium,2
tu,2
marriage,2
uses,2
lead,2
appearance,2
das,2
amsterdam,2
im,2
ara,2
heaven,2
method,2
because,2
aspects,2
riimischen,2
suppliant,2
y,2
literature,2
carry,2
repetition,2
london,2
lays,2
whole,2
nunc,2
contains,2
sensibility,2
approach,2
manifestation,2
suggest,2
augustan,2
pain,2
suddenly,2
isis,2
illusions,2
dem,2
always,2
divina,2
describes,2
notes,2
beauty,2
value,2
am,2
videar,2
seemed,2
led,2
various,2
religio,2
short,2
synthesis,2
service,2
limited,2
brings,2
echoing,2
blending,2
rites,2
direction,2
tenses,2
sincere,2
hellenistic,2
wishes,2
yet,2
reference,2
den,2
us,2
home,2
experiment,2
worshipper,2
others,2
pointed,2
many,2
head,2
temples,2
beliefs,2
als,2
break,2
end,2
never,2
enough,2
empire,2
horace,2
pease,2
norms,2
simplicity,2
books,2
controversy,2
shifts,2
violent,2
remove,2
examples,2
upon,2
manifestations,2
identity,2
claudian,2
ideas,2
nothing,2
pagan,2
epic,2
passim,2
points,2
times,2
blend,2
serves,2
anyone,2
lose,2
especially,2
article,2
sense,2
stand,2
effect,2
greece,2
basically,2
european,2
wished,2
figure,2
vision,2
ekstasis,2
referred,2
force,2
tragedy,2
deals,2
achieve,2
system,2
qualis,2
contained,2
rarely,2
eventually,2
constant,2
ever,2
theme,2
known,2
precise,2
here,2
set,2
enters,2
ritualistic,2
sure,2
country,2
interested,2
distance,2
garlands,2
linked,2
ff,2
type,2
person,2
according,2
sincerity,2
elegie,2
terms,2
signature,2
problem,2
caelo,2
geliebten,2
almost,2
too,2
disparate,2
sancti,2
writing,2
romer,2
instead,2
evidence,2
effects,2
hieros,2
exclamations,2
recourse,2
messalla,2
remains,2
shift,2
godhead,2
aphrodite,2
needs,2
between,2
ceres,2
artemis,2
element,2
stroh,2
tunc,2
bedeutung,1
genetic,1
impossibility,1
romischen,1
o,1
flow,1
common,1
indicated,1
stylistic,1
scholar,1
mystical,1
peaceful,1
lucra,1
shrines,1
coll,1
nec,1
college,1
blister,1
worthy,1
sola,1
ultimate,1
introduction,1
triiger,1
stripped,1
group,1
counters,1
integrity,1
maritis,1
mad,1
picked,1
papillas,1
likely,1
evocative,1
continent,1
dronke,1
easily,1
mit,1
dyskolos,1
genius,1
conscious,1
satisfied,1
burnshaw,1
considerations,1
fanatismus,1
earnest,1
nicht,1
devices,1
equated,1
solmsen,1
sondern,1
history,1
originality,1
turns,1
diisseldorf,1
biographical,1
before,1
demythologized,1
feels,1
fulfillment,1
ruris,1
princeton,1
prays,1
saturn,1
themes,1
liebe,1
juno,1
comas,1
being,1
deserved,1
transitions,1
poiesis,1
signifies,1
every,1
grapes,1
frankfurt,1
loosened,1
certainly,1
celerinae,1
reappear,1
unmittelbaren,1
assist,1
develops,1
callimachus,1
advanced,1
supplied,1
superstitiones,1
staatsform,1
definition,1
replaces,1
company,1
fresco,1
shaped,1
fulfills,1
leading,1
anredeformen,1
together,1
tibulle,1
prop,1
proserpina,1
differences,1
emotion,1
fully,1
follows,1
aesthetic,1
verbal,1
impious,1
room,1
entering,1
loves,1
evolving,1
nihil,1
arw,1
failures,1
last,1
manipulating,1
obeys,1
harrauer,1
primitive,1
those,1
normal,1
somewhat,1
committed,1
behind,1
guards,1
dating,1
context,1
posts,1
glauben,1
evaluation,1
pl,1
takes,1
occasional,1
rimischen,1
bases,1
mass,1
discuss,1
passus,1
account,1
italian,1
capable,1
reaction,1
powers,1
obvious,1
atque,1
transcend,1
west,1
apart,1
taking,1
variations,1
supply,1
establishment,1
laws,1
literal,1
lassen,1
apply,1
along,1
formula,1
identifies,1
ross,1
neoteroi,1
collection,1
sign,1
harmony,1
bildet,1
controlled,1
framework,1
exist,1
vergili,1
central,1
iron,1
throughout,1
review,1
plato,1
proceeded,1
haut,1
explained,1
blast,1
loquaces,1
inevitable,1
initial,1
nam,1
blond,1
helen,1
curse,1
assumes,1
dei,1
bodily,1
bridging,1
characteristic,1
ease,1
mollibus,1
southern,1
bone,1
kinetic,1
witt,1
obermenschlichen,1
fleckeisen,1
employing,1
pay,1
z,1
exercise,1
transitional,1
initiate,1
distinct,1
old,1
evident,1
hampering,1
ante,1
bloody,1
tranquil,1
wholly,1
wimmel,1
third,1
misleading,1
rendezvous,1
compare,1
beginning,1
maidservants,1
sanguine,1
zusammenhang,1
drawn,1
obscure,1
blue,1
sin,1
beat,1
spite,1
unspoken,1
dynamis,1
details,1
traditions,1
luna,1
hanfmann,1
sacer,1
elegikern,1
pallet,1
utque,1
urformen,1
wird,1
failed,1
surprisingly,1
konnte,1
integrated,1
avoids,1
manipulated,1
essential,1
penates,1
vocatives,1
avaritiapaupertas,1
identification,1
act,1
subjected,1
sacris,1
l,1
doorposts,1
main,1
how,1
remain,1
adapt,1
givens,1
landscape,1
poetaster,1
plunges,1
responded,1
process,1
stuttgart,1
cult,1
goes,1
trite,1
outward,1
associate,1
tense,1
mallarme,1
turn,1
similar,1
leave,1
romanticized,1
parts,1
deonna,1
brandmarkt,1
liber,1
distant,1
lay,1
gegeniiber,1
von,1
qualify,1
radin,1
helsinki,1
bad,1
worshipped,1
wanted,1
marks,1
inpietas,1
university,1
established,1
pales,1
familiar,1
harder,1
hostess,1
einzelmenschen,1
aura,1
proved,1
just,1
faciundis,1
n,1
house,1
instrument,1
listed,1
cousins,1
wurde,1
seamless,1
suspiciously,1
lesbia,1
duenna,1
validate,1
latomus,1
stewart,1
contemplates,1
powerful,1
maronis,1
miinster,1
comparisons,1
paraclausithyron,1
filtered,1
intentional,1
problems,1
puts,1
instance,1
willing,1
solve,1
vocative,1
pious,1
m,1
strategy,1
mensch,1
retirement,1
view,1
union,1
nuntiet,1
contention,1
esse,1
closely,1
negativen,1
pastoral,1
game,1
opposing,1
rule,1
begun,1
search,1
determines,1
ambiguity,1
effort,1
resembles,1
igrr,1
scenes,1
penna,1
events,1
requirements,1
emerge,1
syrian,1
shoes,1
constantly,1
base,1
lent,1
late,1
limina,1
further,1
impression,1
equally,1
reasons,1
oculi,1
natam,1
war,1
archetypal,1
blendings,1
appears,1
recently,1
produced,1
persons,1
intensity,1
unites,1
meet,1
appearing,1
wealth,1
placed,1
samedomina,1
absolute,1
explain,1
ring,1
drain,1
near,1
possibility,1
information,1
criteria,1
skillfully,1
failure,1
having,1
sepulchral,1
refracted,1
revealed,1
listening,1
schuster,1
ideal,1
otherness,1
reader,1
unless,1
leads,1
explains,1
apparent,1
calls,1
auerbach,1
comment,1
crawl,1
supreme,1
thoughts,1
mercurial,1
pensa,1
niitzlichkeitstopik,1
describe,1
surrogate,1
place,1
abel,1
merciful,1
johann,1
adesse,1
aeneidos,1
knees,1
participated,1
pan,1
call,1
okla,1
personal,1
reitzenstein,1
prescriptive,1
believes,1
participate,1
sicily,1
mortals,1
verbs,1
interpreted,1
ter,1
own,1
gracious,1
sensuous,1
cults,1
iuvare,1
violated,1
suffused,1
good,1
change,1
quam,1
ist,1
normally,1
arise,1
viable,1
composite,1
describing,1
below,1
seized,1
stage,1
initiates,1
transgressions,1
next,1
cer,1
wing,1
erscheinen,1
jede,1
mediterranean,1
reaches,1
phrase,1
night,1
allusions,1
rixa,1
inextricably,1
encompasses,1
liebeselegie,1
few,1
bridge,1
grow,1
acts,1
presence,1
prefigures,1
managed,1
mythological,1
visible,1
resistance,1
using,1
stir,1
participates,1
florida,1
sacra,1
finds,1
wolfgang,1
society,1
friihe,1
prescribed,1
sentimentalize,1
critical,1
happen,1
therefore,1
topoi,1
tartarus,1
critics,1
casta,1
minor,1
observations,1
positions,1
identified,1
action,1
stratagems,1
comam,1
wrote,1
drama,1
blessed,1
intrusions,1
socalled,1
successes,1
deadly,1
epigram,1
capillis,1
mingling,1
sitting,1
object,1
reduce,1
prove,1
allen,1
wrench,1
establishes,1
quartus,1
passis,1
rhm,1
studien,1
strips,1
hold,1
menander,1
heu,1
once,1
interpretation,1
ferrea,1
romische,1
templa,1
definable,1
suited,1
makes,1
read,1
hera,1
veiled,1
thought,1
serve,1
soon,1
sounds,1
shortcomings,1
seeing,1
under,1
matron,1
miiller,1
official,1
loosening,1
neither,1
presupposes,1
koch,1
contemplation,1
hands,1
enshrined,1
eros,1
complete,1
primire,1
culture,1
faultless,1
tranquilla,1
exurgit,1
until,1
already,1
odds,1
supernatural,1
moments,1
williams,1
rise,1
myrtle,1
lavish,1
niceties,1
name,1
landleben,1
solomon,1
aber,1
paul,1
comparison,1
technique,1
mighty,1
fragmentation,1
hearths,1
harmonious,1
elegies,1
reappearance,1
gentle,1
epiphanie,1
erasmus,1
equating,1
longer,1
idea,1
valid,1
stories,1
blocks,1
villa,1
cursed,1
torture,1
striking,1
tersus,1
sullivan,1
wine,1
abstract,1
exclusion,1
essence,1
gegenteil,1
choice,1
immortalite,1
everything,1
potes,1
arthur,1
chs,1
considerable,1
fashion,1
stratis,1
conferred,1
appeared,1
patterns,1
hand,1
ekstase,1
consciously,1
v,1
hesiod,1
aeneas,1
ground,1
clusters,1
gnomon,1
consummation,1
niirnberg,1
vincla,1
accepted,1
less,1
amatorius,1
bezeichnung,1
homer,1
blind,1
rapacity,1
deep,1
frightening,1
perhaps,1
woman,1
belief,1
mercy,1
jener,1
explicitly,1
free,1
ziirich,1
realien,1
handy,1
reminds,1
remained,1
hesitate,1
original,1
matrix,1
crown,1
understanding,1
patrii,1
calderone,1
simple,1
discussion,1
campaigns,1
intent,1
amoris,1
genres,1
easier,1
nemus,1
doomed,1
values,1
inscription,1
wretched,1
haltung,1
custosfrugum,1
looking,1
galinsky,1
vexing,1
universitiit,1
arm,1
fed,1
illusion,1
religiously,1
overtones,1
assumption,1
emphasize,1
metre,1
permeates,1
evolution,1
rare,1
chosen,1
previous,1
collapses,1
california,1
aufstieg,1
capillus,1
ager,1
rejected,1
sostratos,1
clear,1
discovered,1
three,1
individual,1
characterized,1
brussels,1
stylized,1
darby,1
stresses,1
pompeii,1
amore,1
filled,1
kept,1
earlier,1
poetic,1
hommages,1
intrinsic,1
palladius,1
leg,1
somehow,1
internal,1
promote,1
qualities,1
k,1
eyes,1
saara,1
correct,1
propos,1
xvi,1
quisquam,1
structure,1
consummates,1
alfonsi,1
denizens,1
resolvit,1
relative,1
pervigilium,1
diana,1
hope,1
la,1
veniam,1
fails,1
supervising,1
niedergang,1
rac,1
me,1
ianua,1
lovers,1
intecta,1
meets,1
mixture,1
fuit,1
plays,1
bound,1
bickel,1
begin,1
wandel,1
attitude,1
order,1
defined,1
emerita,1
publi,1
translation,1
ordering,1
propempticon,1
began,1
gestalt,1
epulas,1
length,1
linking,1
tearing,1
analysis,1
numa,1
elegans,1
existed,1
win,1
bellona,1
hildesheim,1
constants,1
catullus,1
exists,1
elder,1
palladio,1
celerina,1
gathered,1
virgil,1
considered,1
genetical,1
aquitanian,1
addressed,1
dissertation,1
tibtll,1
growing,1
ovid,1
series,1
conclusion,1
pbistgens,1
mentioned,1
corfu,1
priapus,1
scarcely,1
reinforced,1
pace,1
donna,1
hypostases,1
thetis,1
ralph,1
plate,1
welt,1
plutarch,1
resonance,1
phaeacia,1
know,1
lares,1
motivkatalog,1
domo,1
tongue,1
par,1
meadows,1
bless,1
connection,1
seem,1
tandem,1
kult,1
argue,1
half,1
nights,1
dominae,1
domestic,1
returns,1
knots,1
epiphanies,1
ennoble,1
werbende,1
obviously,1
perfectly,1
catull,1
far,1
jagged,1
scripps,1
historical,1
arabian,1
steeped,1
past,1
invocation,1
passage,1
living,1
better,1
places,1
hermes,1
itsphysis,1
subjunctive,1
suffering,1
carefully,1
transfers,1
combined,1
unique,1
prolixe,1
darmstadt,1
physiology,1
temporini,1
polytheistic,1
list,1
references,1
particular,1
mitis,1
contemporaries,1
firmly,1
theory,1
tibi,1
gibttlich,1
produce,1
influenced,1
emblematic,1
lucr,1
suggests,1
mortales,1
incorporated,1
contain,1
des,1
middle,1
level,1
helpmate,1
careful,1
deifies,1
messalinus,1
excesses,1
city,1
became,1
role,1
beloved,1
predecessors,1
subject,1
extrinsic,1
song,1
entstehung,1
measure,1
recedes,1
figural,1
tender,1
underestimate,1
callim,1
appointed,1
mention,1
servitium,1
goethe,1
internalized,1
subsumed,1
cp,1
come,1
subito,1
question,1
devoted,1
ultimately,1
krieg,1
imbribus,1
argues,1
cambridge,1
conn,1
sensibilities,1
quindecimviri,1
web,1
frame,1
write,1
dangerous,1
joined,1
veneris,1
gereligion,1
product,1
rothstein,1
koister,1
presenting,1
measured,1
moved,1
supported,1
assumed,1
scholarship,1
point,1
greenwich,1
reached,1
antiken,1
norman,1
ministra,1
east,1
exclusively,1
conventions,1
among,1
recent,1
scribbler,1
should,1
virtue,1
col,1
antiphila,1
otto,1
household,1
lucretius,1
major,1
dea,1
verlangt,1
