WORDCOUNTS,WEIGHT
the,545
of,307
in,239
to,233
and,230
a,211
is,139
her,128
that,110
s,107
as,75
de,71
jer,66
nima,65
with,62
it,57
el,57
for,56
la,56
from,56
she,54
n,53
love,50
but,49
this,44
amor,43
by,39
not,39
que,37
or,37
at,36
which,36
has,35
m,35
be,34
tirso,33
y,31
his,31
was,30
play,30
woman,30
male,30
on,30
an,29
no,28
female,28
so,28
who,28
are,28
one,25
dico,25
en,24
he,24
do,24
i,22
its,22
their,21
into,19
latin,19
herself,19
women,18
learning,18
when,18
have,18
between,18
first,17
mind,17
they,17
more,17
other,17
isabel,17
will,16
them,16
however,15
two,15
had,14
own,14
queen,14
gaspar,14
intellectual,14
both,14
emerson,13
all,13
con,13
though,13
like,13
would,13
then,13
por,13
very,13
does,12
even,12
whose,12
los,12
su,12
upon,12
es,12
d,12
emotion,11
learned,11
rather,11
study,11
most,11
only,11
him,11
greek,11
thus,10
marriage,10
se,10
because,10
good,10
up,10
may,10
sister,10
these,10
man,10
father,10
un,10
can,10
itself,10
any,10
las,10
what,10
much,10
l,9
beatriz,9
feminine,9
knowledge,9
yet,9
also,9
new,9
great,9
quiteria,9
me,9
philosophy,9
some,8
phaedrus,8
than,8
medicine,8
spanish,8
voluntad,8
were,8
over,8
don,8
through,8
feeling,7
doctor,7
lady,7
brother,7
after,7
whom,7
could,7
called,7
well,7
physician,7
sense,7
under,7
intellect,7
classical,7
accordingly,7
masculine,7
dialogues,7
castile,7
inclinaci,7
among,7
spirit,6
barbosa,6
being,6
there,6
such,6
york,6
les,6
prescott,6
lope,6
therefore,6
eros,6
same,6
begins,6
name,6
where,6
real,6
another,6
margaret,6
lo,6
henriette,6
seen,6
comes,6
each,6
roxana,6
desd,6
cambridge,6
c,6
now,5
way,5
studies,5
t,5
might,5
armande,5
takes,5
portugal,5
object,5
symposium,5
body,5
mistress,5
sin,5
general,5
sisters,5
how,5
just,5
union,5
philosophical,5
del,5
example,5
place,5
charioteer,5
either,5
angel,5
dramatic,5
wife,5
drama,5
once,5
al,5
emotional,5
made,5
health,5
those,5
socrates,5
here,5
mujer,5
des,5
role,5
dama,5
sickness,5
course,5
you,5
moli,5
matrimony,5
re,5
later,4
ferdinand,4
e,4
h,4
affective,4
aristophanes,4
if,4
give,4
declares,4
desire,4
scholar,4
take,4
opposite,4
sexual,4
leonor,4
thrones,4
classics,4
allen,4
human,4
married,4
medical,4
nor,4
finea,4
drives,4
consequently,4
about,4
emersonian,4
influence,4
without,4
act,4
main,4
una,4
similar,4
dominant,4
view,4
isabella,4
out,4
further,4
irony,4
r,4
gender,4
call,4
quien,4
dictionary,4
order,4
finds,4
society,4
make,4
molina,4
artes,4
steer,4
language,4
thought,4
england,4
home,4
comedia,4
friend,4
affections,4
again,4
fact,4
husband,4
time,4
men,4
less,4
royal,4
como,4
gives,4
chair,4
desires,4
yo,4
translation,4
expression,4
education,4
been,4
savantes,4
gonzalo,4
wilson,4
comic,4
physical,4
natural,4
did,4
speech,4
metaphorical,4
plague,4
person,4
beginning,4
femmes,4
metaphor,4
theory,4
almost,4
boston,4
must,4
little,4
despite,4
harrison,4
years,4
daughter,4
final,3
flow,3
moreto,3
jane,3
succession,3
likewise,3
authority,3
true,3
easily,3
sublime,3
esto,3
inequality,3
before,3
something,3
helm,3
certainly,3
taken,3
seems,3
nature,3
words,3
definition,3
company,3
tutor,3
tradition,3
rich,3
found,3
link,3
loves,3
case,3
fernando,3
task,3
desirable,3
himself,3
engage,3
lover,3
plato,3
madrid,3
patient,3
since,3
winged,3
struggles,3
charming,3
interest,3
adams,3
kind,3
altogether,3
old,3
young,3
student,3
apparently,3
hardly,3
talent,3
critics,3
sarah,3
tan,3
possess,3
moreover,3
reason,3
university,3
rudder,3
mckendrick,3
age,3
my,3
term,3
brilliant,3
stock,3
persons,3
intensity,3
cannot,3
taught,3
public,3
tambi,3
epiphany,3
dissatisfaction,3
calls,3
et,3
erudition,3
boba,3
saber,3
citing,3
least,3
esteem,3
field,3
son,3
catholic,3
le,3
discourse,3
quite,3
nise,3
ship,3
mi,3
tanto,3
usual,3
beauty,3
protagonist,3
sail,3
matter,3
indeed,3
still,3
standing,3
positive,3
bluestocking,3
powerfully,3
competition,3
matrimonio,3
god,3
rightly,3
querer,3
already,3
fin,3
death,3
addition,3
many,3
emotions,3
educated,3
latina,3
golden,3
bradford,3
rhetoric,3
hand,3
v,3
model,3
dio,3
books,3
free,3
laurencio,3
encouraged,3
use,3
affection,3
maid,3
autoridades,3
moral,3
victory,3
defense,3
period,3
belongs,3
high,3
opposition,3
especially,3
sentiment,3
toledo,3
we,3
sole,3
edition,3
team,3
michael,3
months,3
obstacle,3
deep,3
rival,3
pasiones,3
worth,3
connection,3
seem,3
rivalry,3
expresses,3
passage,3
respect,3
bien,3
ladies,3
terms,3
form,3
series,3
sus,3
steeds,3
while,3
delicious,3
virginia,3
subject,3
conventional,3
come,3
named,3
until,3
fue,3
extremely,3
third,3
point,3
should,3
difficult,2
o,2
struggle,2
volver,2
tion,2
suc,2
strives,2
consort,2
abhorrence,2
estefan,2
commitment,2
truth,2
career,2
worthy,2
marian,2
universities,2
sphere,2
hommage,2
suitor,2
group,2
reflection,2
deepest,2
prime,2
discriminate,2
han,2
position,2
history,2
unlike,2
guise,2
jerome,2
source,2
chief,2
du,2
ingenio,2
leads,2
beneficial,2
familiarity,2
long,2
ay,2
ellas,2
tiempo,2
waldo,2
liberty,2
attractive,2
philoso,2
display,2
feminism,2
kaleidoscopic,2
court,2
mujeres,2
conjugal,2
stand,2
sacred,2
henry,2
principal,2
cuerpo,2
daniel,2
existence,2
followed,2
dr,2
draws,2
primary,2
masked,2
rests,2
dream,2
account,2
possible,2
authentic,2
activity,2
pretend,2
scorn,2
pairs,2
daughters,2
goal,2
exercises,2
acceptation,2
inborn,2
viva,2
divine,2
calder,2
madness,2
ease,2
moment,2
occurs,2
dame,2
convention,2
turn,2
turned,2
dades,2
profound,2
deed,2
response,2
infantas,2
attainments,2
wholly,2
effective,2
cultivates,2
destroys,2
died,2
drawn,2
estudiar,2
aim,2
disesteem,2
profoundly,2
german,2
operations,2
dilemma,2
alonso,2
ella,2
doctrine,2
notion,2
poses,2
active,2
rescue,2
galindo,2
derived,2
balanced,2
sick,2
gaskell,2
moves,2
means,2
soul,2
mrs,2
susceptibility,2
acquisition,2
praise,2
entry,2
image,2
talk,2
devoting,2
branch,2
teaches,2
presumably,2
liberal,2
four,2
superior,2
ibsen,2
gustos,2
follow,2
inclino,2
asks,2
important,2
admiration,2
stands,2
conquest,2
character,2
applause,2
asserts,2
speeches,2
strength,2
ngel,2
ndose,2
prima,2
amusing,2
emerge,2
echar,2
facultad,2
aux,2
equal,2
war,2
skilled,2
aunque,2
younger,2
energy,2
spiritual,2
triumph,2
repugnance,2
throne,2
tr,2
pr,2
concept,2
part,2
purpose,2
explains,2
desprecio,2
hedda,2
lovely,2
literature,2
describe,2
libre,2
defoe,2
pues,2
falling,2
hacer,2
speaking,2
feigned,2
rivals,2
misma,2
cautiva,2
benevolencia,2
opini,2
intellec,2
voiced,2
around,2
talents,2
acts,2
potent,2
fully,2
divina,2
st,2
antibody,2
tanta,2
woolf,2
marry,2
manuel,2
apetito,2
liberales,2
f,2
battle,2
second,2
fortunate,2
erixymachus,2
excludes,2
temperament,2
equality,2
nonetheless,2
noble,2
letters,2
plenitude,2
action,2
alma,2
return,2
classic,2
whatever,2
haza,2
coimbra,2
boy,2
movement,2
contra,2
hold,2
tends,2
direction,2
spoken,2
oxford,2
fair,2
refusing,2
makes,2
soon,2
sex,2
seeing,2
us,2
neither,2
ancient,2
profane,2
orders,2
light,2
hermano,2
hay,2
alien,2
hunger,2
proclivities,2
ellos,2
micaela,2
resolution,2
luis,2
others,2
responsibilities,2
vega,2
efforts,2
idea,2
limit,2
sullivan,2
choice,2
children,2
wantonness,2
end,2
observes,2
serious,2
granada,2
ripley,2
paris,2
spain,2
remarkable,2
metaphors,2
establish,2
models,2
medicina,2
origin,2
material,2
denounces,2
perhaps,2
recognizes,2
disease,2
network,2
evacuation,2
attainment,2
yvonne,2
cosa,2
significant,2
hooper,2
assume,2
affects,2
maria,2
band,2
sequence,2
evolution,2
tual,2
nothing,2
lightness,2
full,2
students,2
involves,2
three,2
directed,2
disappointed,2
nombre,2
emplea,2
direct,2
primer,2
never,2
reina,2
insists,2
probably,2
newnham,2
professional,2
yokes,2
strachey,2
theatrical,2
diana,2
suggestion,2
repletion,2
devote,2
dual,2
note,2
deploys,2
usually,2
lytton,2
primarily,2
becomes,2
melveena,2
began,2
understand,2
medrano,2
inferior,2
dead,2
ing,2
mother,2
rises,2
acquired,2
cherubim,2
seriously,2
rarely,2
simply,2
precise,2
collaborate,2
native,2
set,2
equation,2
sure,2
languages,2
tongue,2
believe,2
half,2
temper,2
seconded,2
particularly,2
homme,2
brothers,2
filosof,2
equilibrium,2
brilliance,2
climate,2
masters,2
siendo,2
feminist,2
heavenly,2
knows,2
hombres,2
according,2
wit,2
epiphania,2
fuller,2
reign,2
unique,2
asservie,2
involvement,2
particular,2
eulogy,2
statement,2
writes,2
mathematics,2
appetite,2
projection,2
produce,2
vil,2
freedom,2
art,2
middle,2
level,2
lois,2
os,2
ill,2
disparate,2
sea,2
mayor,2
plans,2
autori,2
describes,2
exceptionally,2
femme,2
extension,2
powerful,2
touch,2
cas,2
alguna,2
fulness,2
hus,2
aware,2
instead,2
lively,2
although,2
ll,2
states,2
undertakes,2
offered,2
specific,2
themselves,2
seraphim,2
thing,2
afecto,2
early,2
exclusively,2
given,2
heir,2
gabler,2
cuando,2
race,2
customarily,2
harmful,2
ima,1
compita,1
dynamic,1
disbarred,1
entities,1
ajena,1
portuguese,1
frail,1
handsome,1
unloving,1
produces,1
rate,1
done,1
modulation,1
gram,1
along,1
page,1
mara,1
ofrece,1
savante,1
drunken,1
emptiness,1
desestima,1
masterfully,1
destroying,1
cono,1
bonding,1
responds,1
moliere,1
hacen,1
sabidur,1
extempore,1
modern,1
poitiers,1
raya,1
praised,1
concern,1
negativos,1
cradle,1
engendered,1
extreme,1
vuelvas,1
enjoins,1
cautivando,1
heights,1
trans,1
fut,1
quent,1
wholehearted,1
omnes,1
considerably,1
memoire,1
introduction,1
firstborn,1
compensated,1
tienen,1
linguistic,1
rolled,1
edith,1
deje,1
discover,1
achievements,1
unsatisfactory,1
utterance,1
rodrigo,1
properly,1
ma,1
referring,1
algunas,1
metaf,1
peas,1
niece,1
dismay,1
sets,1
motivation,1
ways,1
congeners,1
otra,1
earthly,1
conclusively,1
favor,1
elevan,1
ardent,1
embebecido,1
sym,1
porque,1
distractions,1
earnest,1
enjoys,1
obligaci,1
ardor,1
title,1
encourage,1
dramatist,1
aversion,1
tells,1
stirs,1
juris,1
feels,1
vehemently,1
siblings,1
nineteenth,1
dramaturgia,1
instructing,1
acquainted,1
contest,1
milnes,1
princeton,1
permitted,1
assaults,1
sic,1
chooses,1
educating,1
said,1
notre,1
anything,1
tes,1
passion,1
hence,1
every,1
labor,1
defects,1
empleen,1
soeur,1
simplicities,1
victim,1
interests,1
derives,1
gained,1
antiguas,1
hood,1
bulas,1
attempts,1
diego,1
possesses,1
quiero,1
frivolousness,1
terrain,1
initially,1
rare,1
allow,1
tuition,1
undeniably,1
princesses,1
conjoined,1
heredera,1
oposici,1
latent,1
gymnasium,1
book,1
prejudices,1
exemplar,1
height,1
phase,1
seneca,1
comediantes,1
skills,1
secondary,1
together,1
triunfe,1
convert,1
reasons,1
constituents,1
honneur,1
increas,1
sigo,1
aliis,1
grounding,1
opponent,1
precisa,1
irrepressibly,1
studied,1
able,1
government,1
harriet,1
onto,1
reunion,1
ascendant,1
religion,1
attains,1
grip,1
wealthy,1
magnanimity,1
alden,1
introduces,1
achieved,1
differential,1
embrace,1
pursues,1
improved,1
madre,1
state,1
spiritualize,1
fullest,1
precisely,1
captivity,1
reserved,1
robert,1
bataillon,1
pinioned,1
satire,1
moi,1
discipline,1
reading,1
somewhat,1
readiness,1
replies,1
intelligence,1
hostile,1
within,1
attack,1
barred,1
confused,1
traiciona,1
calculus,1
legend,1
ad,1
resque,1
promptings,1
isabeline,1
fortune,1
ascribed,1
decins,1
antidotal,1
downhill,1
amorous,1
plain,1
yoked,1
college,1
tie,1
king,1
mysteriously,1
revival,1
money,1
aphrodites,1
propensity,1
logoi,1
jam,1
prolegomena,1
conditioned,1
firm,1
discuss,1
right,1
cu,1
blanca,1
passiones,1
ferdi,1
vol,1
anticipation,1
restoring,1
wonders,1
capable,1
determined,1
chronicler,1
estudio,1
temperance,1
imagi,1
tiene,1
reaction,1
powers,1
functions,1
move,1
driver,1
vital,1
fianc,1
epistle,1
miguel,1
apart,1
taking,1
supply,1
surrounded,1
regards,1
artful,1
x,1
nea,1
padres,1
far,1
intelligent,1
selecting,1
cited,1
bottom,1
imiter,1
enter,1
lous,1
suposici,1
unhappy,1
formula,1
macchiavelli,1
letter,1
siempre,1
liberated,1
hephaestus,1
preceptora,1
behavior,1
intervenes,1
guilty,1
exposed,1
cumbs,1
succeed,1
winning,1
repeatedly,1
hombre,1
err,1
homage,1
indefinite,1
deux,1
denying,1
nuestro,1
reservoir,1
surely,1
proceeded,1
reverse,1
disposed,1
immediate,1
development,1
conceals,1
quality,1
reject,1
pursue,1
pilot,1
bent,1
lusitania,1
resembling,1
against,1
letras,1
pursuit,1
fate,1
rminos,1
assumes,1
g,1
malo,1
confer,1
lectures,1
retarded,1
tutelage,1
characteristic,1
domain,1
relations,1
raises,1
altiva,1
goddess,1
catholique,1
friedman,1
kirk,1
american,1
dishonored,1
regarded,1
employing,1
victims,1
prota,1
supremacy,1
inversion,1
conten,1
disrepute,1
cipher,1
admitted,1
bachillera,1
taste,1
norte,1
priority,1
hyperphania,1
adamant,1
refuses,1
dia,1
candidates,1
severed,1
conforme,1
desta,1
salubrity,1
affectionate,1
individual,1
elements,1
self,1
complains,1
sibling,1
curiously,1
rejecting,1
places,1
tradicional,1
document,1
transcends,1
ver,1
freed,1
concerning,1
back,1
interchangeable,1
highest,1
lici,1
sonnet,1
castilian,1
peculiarity,1
six,1
healer,1
extraordinary,1
myth,1
suitable,1
displeasure,1
quit,1
lix,1
dates,1
fines,1
guardian,1
silently,1
continuous,1
profit,1
empleada,1
supplants,1
pausanias,1
rme,1
communication,1
constructs,1
compl,1
primum,1
unresponsiveness,1
hispanicos,1
unpedantic,1
unpub,1
operative,1
deeply,1
hymeneal,1
professionally,1
occasion,1
embebecerse,1
acted,1
mathilde,1
maleness,1
overstates,1
sabia,1
adversary,1
cites,1
ceptrice,1
linkages,1
coimbre,1
poverty,1
tarnished,1
perfect,1
tragically,1
disquisition,1
higher,1
committed,1
seventh,1
rights,1
avoidance,1
operation,1
poor,1
grandchild,1
steed,1
simultaneously,1
fixes,1
invaded,1
philadelphia,1
fija,1
condici,1
century,1
air,1
teaching,1
russian,1
constitutes,1
resists,1
exact,1
observers,1
links,1
versos,1
ishing,1
catedr,1
impetus,1
essence,1
lucrativae,1
sublimely,1
edward,1
worldly,1
carefully,1
seraphic,1
permitidme,1
ascent,1
basic,1
investigation,1
leonard,1
testaments,1
antagonistic,1
misinterprets,1
resident,1
galinda,1
culminating,1
fascinating,1
process,1
pause,1
filled,1
mean,1
knew,1
excellent,1
parents,1
analyzes,1
realizes,1
goes,1
deprived,1
retreats,1
aston,1
inclinaciones,1
menos,1
appears,1
loses,1
ex,1
plenitud,1
humanity,1
almohadilla,1
entre,1
ejemplo,1
completas,1
contributions,1
assuming,1
dialogue,1
estudiaba,1
grosero,1
creek,1
ensures,1
patristic,1
inherit,1
oeuvres,1
standard,1
read,1
diminishes,1
awareness,1
pasmado,1
alessandro,1
onwards,1
addressing,1
builds,1
support,1
gongoristic,1
references,1
determination,1
gallant,1
utterly,1
settled,1
win,1
maintaining,1
romantic,1
shelling,1
bad,1
satisfied,1
capitalization,1
conocido,1
dichotomy,1
adroitness,1
physically,1
cartesian,1
familiar,1
retained,1
shimmering,1
validates,1
asombre,1
bit,1
clearly,1
wins,1
males,1
imitation,1
perspective,1
house,1
likened,1
aguja,1
differs,1
frequently,1
too,1
quae,1
w,1
determino,1
outspoken,1
hellenism,1
agust,1
provokes,1
serv,1
fashioned,1
heading,1
resource,1
additional,1
occupied,1
voluntarism,1
refer,1
unimpeded,1
linkage,1
isolation,1
themis,1
defines,1
intellects,1
undertaken,1
discomfort,1
ceremony,1
always,1
couplet,1
graduaci,1
impotence,1
algerian,1
exploitation,1
oliveira,1
fato,1
angrily,1
bisection,1
destructive,1
helped,1
disproportionately,1
inheriting,1
metaphoric,1
womanly,1
trained,1
drawing,1
fuese,1
calidades,1
categorical,1
ha,1
consulta,1
incapable,1
marta,1
expressed,1
uses,1
ou,1
result,1
closely,1
remembered,1
fount,1
based,1
traduci,1
betrayal,1
path,1
premise,1
habits,1
elegancies,1
casamenteras,1
pasa,1
pher,1
purport,1
habitually,1
inherent,1
evinces,1
difficulty,1
masculinas,1
typical,1
p,1
uninstructed,1
inteligencia,1
amsterdam,1
resembles,1
lived,1
conspicuous,1
wrongly,1
diotima,1
changed,1
lashes,1
estudios,1
reply,1
barca,1
destined,1
events,1
pair,1
primacy,1
endeavor,1
configuration,1
attests,1
valor,1
vigorous,1
convertido,1
poetry,1
base,1
passionate,1
intrigue,1
extracting,1
peste,1
lead,1
academic,1
simetr,1
dynamically,1
equally,1
decin,1
heirs,1
supporters,1
mascu,1
urgent,1
perfecto,1
nobles,1
focused,1
repair,1
youthful,1
sexualidad,1
ness,1
disproportion,1
discoursed,1
modulates,1
recently,1
sentence,1
promise,1
sovereignty,1
failure,1
chimes,1
maurel,1
eternally,1
grounds,1
join,1
amenable,1
record,1
ib,1
excluded,1
astonishes,1
perform,1
suscit,1
acci,1
absolute,1
required,1
femi,1
entera,1
gods,1
sacrifice,1
creates,1
potencias,1
pone,1
governing,1
memory,1
anticipat,1
aspects,1
distinguishes,1
deprive,1
hierarchies,1
misstates,1
having,1
pedro,1
unequal,1
dotor,1
gobernando,1
indiscretions,1
flamed,1
distinguish,1
line,1
used,1
diction,1
unworthy,1
existentialist,1
work,1
properties,1
vives,1
parades,1
blue,1
qualifications,1
preferred,1
toothache,1
competent,1
embelesado,1
urgings,1
future,1
garnett,1
curar,1
tico,1
significantly,1
brought,1
corona,1
london,1
indigna,1
quedarse,1
discusses,1
compass,1
imitalla,1
marvel,1
quently,1
reciprocate,1
clearer,1
italy,1
lewdness,1
nation,1
studia,1
penetrating,1
vasalla,1
discriminates,1
surprise,1
lectured,1
whole,1
year,1
sponsor,1
medico,1
vassalage,1
genuine,1
sta,1
utero,1
luces,1
older,1
fail,1
flight,1
contains,1
disdainful,1
semanti,1
liege,1
remembering,1
forces,1
intertextual,1
matrimonial,1
bishop,1
focuses,1
mated,1
away,1
reflect,1
corollary,1
employed,1
il,1
realms,1
ciencia,1
mortals,1
ter,1
vincula,1
miss,1
contempla,1
relative,1
healing,1
interested,1
earth,1
superbly,1
ais,1
wounded,1
essais,1
previously,1
ritable,1
start,1
normally,1
successful,1
caused,1
manners,1
discerns,1
diminish,1
eslabona,1
delivered,1
alcibiades,1
misdirected,1
things,1
leisure,1
straight,1
poet,1
next,1
exclusionary,1
contrast,1
dramatique,1
phrase,1
heart,1
night,1
profes,1
family,1
falseness,1
several,1
llama,1
endowed,1
sufficient,1
imagines,1
few,1
christiana,1
amiable,1
dividend,1
highly,1
logos,1
este,1
pane,1
hebrew,1
engenders,1
presence,1
startling,1
protect,1
distinguished,1
weapons,1
impossible,1
da,1
deprecation,1
vein,1
customary,1
significa,1
visible,1
articulation,1
progress,1
grados,1
spurious,1
decine,1
edad,1
results,1
citations,1
ellen,1
peculiar,1
achieves,1
provided,1
amorosa,1
denial,1
erudici,1
passive,1
propriety,1
am,1
casarme,1
rest,1
undesirable,1
activities,1
promising,1
seraphicus,1
teleology,1
deste,1
wield,1
cite,1
discreci,1
domesticity,1
pares,1
concessere,1
uncommon,1
decodes,1
debido,1
heretofore,1
mariana,1
units,1
verb,1
situation,1
rey,1
absence,1
innocent,1
functioning,1
rivalries,1
dispositions,1
sensuelle,1
catchment,1
pushes,1
agassiz,1
ridicu,1
ans,1
wrote,1
service,1
depth,1
enables,1
discurso,1
puede,1
wings,1
admirable,1
dressed,1
siguen,1
nand,1
postulation,1
ten,1
llego,1
exception,1
awakens,1
brings,1
parnaso,1
gift,1
ambiguous,1
converted,1
inhibiting,1
says,1
symmetry,1
dicos,1
delante,1
translates,1
premises,1
conversation,1
valo,1
seemingly,1
put,1
philosophie,1
adapted,1
unmatrimonial,1
pervades,1
biological,1
relationship,1
sponsorship,1
intrusted,1
omits,1
helmut,1
unas,1
primicias,1
witty,1
marques,1
burlas,1
francisca,1
springs,1
criticism,1
interpretation,1
toutes,1
sparkling,1
ojos,1
fit,1
represents,1
pp,1
rules,1
coser,1
disingenuously,1
counterparts,1
subservient,1
array,1
sate,1
serge,1
cieuses,1
mobile,1
pre,1
inspiration,1
ingly,1
desestimado,1
tica,1
indifferently,1
sentencia,1
perceived,1
guerra,1
contemplation,1
parte,1
platonism,1
representa,1
une,1
deservedly,1
apasionan,1
complete,1
delight,1
correcting,1
unrequitedly,1
performed,1
androgyne,1
warmth,1
baltimore,1
ed,1
nine,1
ticos,1
vespers,1
equi,1
deliver,1
si,1
reprint,1
yearning,1
churlishly,1
gay,1
juana,1
goodness,1
increasingly,1
situates,1
innate,1
gentlemen,1
predisposition,1
double,1
bloomsbury,1
volume,1
nous,1
party,1
diary,1
simulation,1
peregrina,1
disposition,1
fire,1
emplearse,1
femina,1
insidious,1
seville,1
skill,1
seduced,1
estrecha,1
deleitosa,1
aguilar,1
reasserting,1
mighty,1
toward,1
subse,1
filos,1
reporting,1
deserves,1
rejects,1
obra,1
amour,1
transposes,1
rocking,1
incorporates,1
dissatisfactions,1
gravely,1
longer,1
cairns,1
diminishing,1
admit,1
consideration,1
treatment,1
remarks,1
fundamental,1
conduct,1
head,1
abilities,1
sarcasm,1
maternal,1
punctuation,1
occupations,1
causa,1
happily,1
ought,1
attempting,1
estudiado,1
declaring,1
manifested,1
mediando,1
really,1
angry,1
examinations,1
caballero,1
uncle,1
antonio,1
personal,1
preferring,1
fallen,1
alcal,1
inspired,1
rica,1
reacts,1
consults,1
devenir,1
everything,1
variation,1
afflicted,1
resolved,1
fashion,1
pattern,1
indulge,1
cari,1
minister,1
angels,1
match,1
mockery,1
possession,1
contradistinction,1
bestia,1
duraci,1
intentase,1
contrapone,1
consciously,1
articula,1
afici,1
psychic,1
latines,1
deploy,1
ridicules,1
shown,1
luego,1
isabelle,1
competitors,1
accepted,1
sensual,1
marrying,1
celebrated,1
mourns,1
renaissance,1
tre,1
see,1
foot,1
graci,1
igualdad,1
duties,1
pretence,1
moyenne,1
mundo,1
poles,1
invitation,1
parted,1
magnificently,1
eds,1
reasoning,1
hamilton,1
enable,1
blotched,1
amantes,1
harnessed,1
shifts,1
explicitly,1
compete,1
fled,1
irresistibly,1
reminds,1
remained,1
civilized,1
solicitude,1
scant,1
constance,1
dormant,1
original,1
logue,1
proudly,1
dominions,1
haya,1
greatest,1
arch,1
envisions,1
extended,1
sepa,1
discussion,1
success,1
examples,1
aparentemente,1
apogee,1
range,1
renders,1
helps,1
locate,1
instructor,1
trajectory,1
region,1
hint,1
bitterly,1
libertades,1
befitting,1
hispanistes,1
passes,1
solomonic,1
chauvinist,1
deplores,1
looking,1
recover,1
desirous,1
omit,1
lesser,1
entirely,1
encierra,1
illusion,1
ya,1
asym,1
incarnations,1
hasta,1
largely,1
horst,1
ontology,1
rysperger,1
importuning,1
desolating,1
causes,1
univers,1
aside,1
bed,1
shorn,1
bostonian,1
reciprocals,1
martineau,1
actual,1
objeto,1
needy,1
merit,1
contentment,1
mole,1
chosen,1
sees,1
previous,1
cavana,1
conjugations,1
hostil,1
embark,1
shortly,1
jeune,1
dieron,1
described,1
desluce,1
cansarme,1
trade,1
homeric,1
princess,1
help,1
afectivo,1
olvidan,1
armas,1
actos,1
stress,1
fastens,1
estudi,1
express,1
certain,1
virtues,1
reputation,1
logic,1
counter,1
resorts,1
versed,1
daresay,1
pleads,1
variant,1
grammatical,1
function,1
privaci,1
appointment,1
caso,1
cally,1
querr,1
collected,1
serves,1
stresses,1
crafted,1
congratulatory,1
vulgate,1
saurons,1
hacienda,1
kept,1
offer,1
earlier,1
subservience,1
perfecci,1
ted,1
estable,1
claim,1
provides,1
repelled,1
lose,1
allegory,1
resorting,1
instruction,1
humour,1
obras,1
quick,1
sufferance,1
castilla,1
decide,1
faith,1
sanctuary,1
ages,1
amusement,1
written,1
lifts,1
arizona,1
dowered,1
qualities,1
lebrija,1
eyes,1
parallel,1
pocos,1
dona,1
topic,1
reads,1
sight,1
enabled,1
overcome,1
pro,1
exactly,1
reaffirms,1
cessfully,1
chatter,1
sirs,1
natu,1
dominance,1
sophical,1
poco,1
appropriateness,1
alc,1
existed,1
saw,1
persuasiones,1
carapace,1
steers,1
engagement,1
morir,1
plaisirs,1
geraldino,1
miento,1
sailing,1
repose,1
holroyd,1
concluded,1
madly,1
division,1
applies,1
restores,1
examines,1
pero,1
diseased,1
heiress,1
alcaide,1
ended,1
european,1
implicitly,1
carried,1
admire,1
accepting,1
elder,1
galeno,1
christian,1
esta,1
para,1
informs,1
renuncia,1
seclusion,1
chances,1
lovers,1
grammar,1
transformations,1
demostrar,1
succinctly,1
astonished,1
estar,1
fairly,1
loveliness,1
categor,1
asclepius,1
science,1
sometimes,1
troublesome,1
five,1
foreign,1
extinguish,1
imbalance,1
vision,1
consent,1
replete,1
naturally,1
maps,1
bound,1
claimed,1
aunt,1
decamerone,1
fear,1
reasonable,1
employment,1
begin,1
qualifies,1
lines,1
attitude,1
ryan,1
urges,1
substitution,1
bulletin,1
enriches,1
hermosa,1
pestilence,1
referred,1
rob,1
lecturer,1
excluding,1
treacherous,1
publi,1
fica,1
tive,1
force,1
lemaistre,1
librium,1
quisieron,1
contribution,1
excited,1
nyuge,1
enfermedad,1
area,1
pasi,1
life,1
chairs,1
quiet,1
often,1
uncouth,1
dans,1
analysis,1
partiendo,1
figuraciones,1
annoyance,1
fostered,1
expla,1
tricted,1
cr,1
pasar,1
wou,1
fields,1
edifying,1
admitir,1
arts,1
princes,1
occupies,1
intelectualidad,1
dramaturgy,1
meant,1
zares,1
res,1
estimaci,1
addressed,1
stephen,1
pitiable,1
lexi,1
school,1
stimulates,1
regularly,1
publicly,1
voragine,1
phony,1
unusually,1
uno,1
sexes,1
heavy,1
riques,1
agente,1
grossiers,1
historian,1
following,1
inculcate,1
sens,1
persiguiendo,1
pinta,1
lessons,1
impulse,1
lished,1
conclusion,1
exemplified,1
version,1
anonymous,1
notado,1
appointed,1
aphrodite,1
grand,1
finest,1
botanist,1
circumstances,1
medi,1
llaman,1
respective,1
athens,1
curtius,1
tedra,1
primero,1
geographic,1
ever,1
granger,1
efectivamente,1
damaging,1
fran,1
qu,1
word,1
ndo,1
elicited,1
inferiority,1
known,1
marcel,1
decorum,1
intermittently,1
quotes,1
charles,1
translatable,1
tengo,1
rapturous,1
metry,1
acumen,1
disdain,1
offers,1
cedes,1
parse,1
pondus,1
sexuality,1
ni,1
berkeley,1
dimension,1
enters,1
partner,1
vous,1
stamp,1
country,1
conducted,1
grow,1
cultures,1
concen,1
nobility,1
descendant,1
setting,1
iras,1
cine,1
heliodorus,1
sentimientos,1
barcelona,1
emergence,1
contrariamente,1
clitandre,1
universal,1
scenario,1
domestic,1
vicious,1
cuyos,1
diagnostician,1
spaniards,1
ar,1
theology,1
privileged,1
veces,1
attractions,1
nary,1
appreciative,1
cultivation,1
surnomm,1
past,1
humourous,1
uppermost,1
stendhal,1
saludable,1
glory,1
mentales,1
salomon,1
joins,1
empieza,1
dismissal,1
william,1
adjudicated,1
day,1
unlikely,1
orden,1
ruins,1
enjoyment,1
speras,1
inasmuch,1
celestials,1
archaelogy,1
mirando,1
duabus,1
combined,1
idem,1
whether,1
prefers,1
nebrija,1
making,1
fabrica,1
tarde,1
want,1
cause,1
quote,1
preside,1
maintain,1
hoped,1
recreaba,1
juicios,1
sunk,1
canadiense,1
predisposi,1
penetration,1
leaving,1
problem,1
progresses,1
fascination,1
greedy,1
shakespeare,1
intereses,1
gonista,1
complain,1
healthy,1
yield,1
imperial,1
enslavement,1
juan,1
balance,1
proposing,1
indifference,1
wanton,1
observations,1
encumbrarse,1
suggests,1
rally,1
italian,1
ascertain,1
revista,1
humors,1
aragon,1
radically,1
amazed,1
retentive,1
dispassion,1
consta,1
agent,1
careful,1
lexicography,1
multiple,1
ruled,1
companions,1
casarse,1
decisive,1
interchange,1
tious,1
renounce,1
beloved,1
monarchs,1
hilar,1
die,1
impose,1
disciplines,1
progressing,1
controls,1
huntingdon,1
com,1
obtain,1
temerle,1
merchant,1
botany,1
inclines,1
world,1
mention,1
representation,1
gain,1
faculty,1
think,1
frivolous,1
daring,1
leap,1
precision,1
contrasts,1
protesting,1
our,1
lucia,1
considero,1
menester,1
false,1
confirmatory,1
envidiarle,1
devoted,1
ultimately,1
youth,1
argument,1
reveals,1
notes,1
conn,1
kingdom,1
navegaci,1
opens,1
sangre,1
guest,1
remiendo,1
afectos,1
beings,1
lucrando,1
cleaver,1
idiot,1
wish,1
jerarqu,1
documentation,1
cido,1
phy,1
approximately,1
sional,1
immersion,1
dense,1
pertenece,1
delineate,1
need,1
postponement,1
haste,1
constructed,1
product,1
uncontrolled,1
writer,1
dogma,1
thoughtful,1
affirmation,1
attributes,1
genius,1
france,1
piece,1
defined,1
mantinean,1
fated,1
instinct,1
wiliness,1
comedies,1
shift,1
comical,1
dutch,1
rudiments,1
michaeline,1
reformation,1
cascade,1
needs,1
inclination,1
supported,1
wedlock,1
vessel,1
admitting,1
vanity,1
surrender,1
dictio,1
esclave,1
ser,1
preserves,1
salamanca,1
elo,1
alabe,1
forms,1
sits,1
agrees,1
sharing,1
aucun,1
hyperfan,1
element,1
characters,1
jacopus,1
lisbon,1
pteros,1
develop,1
traditional,1
disdaining,1
focus,1
immediately,1
manifests,1
raz,1
ends,1
sworn,1
resist,1
loin,1
opuestos,1
generates,1
darling,1
liberalia,1
meeting,1
doing,1
attendance,1
mock,1
suppresses,1
workings,1
close,1
tragic,1
charioteers,1
trates,1
major,1
elegance,1
perpetual,1
eagerly,1
