WORDCOUNTS,WEIGHT
the,1137
of,649
to,362
in,295
is,287
and,278
a,276
love,157
that,146
s,126
as,117
it,115
poetry,111
this,110
for,107
by,106
with,94
his,92
not,92
but,91
hebrew,73
are,72
poem,69
on,65
which,63
from,63
her,63
he,58
poems,57
beauty,56
be,56
medieval,55
an,53
we,53
beloved,52
have,50
p,49
poet,48
or,48
its,47
at,39
was,39
one,38
ibn,38
i,37
their,37
wine,36
they,35
me,34
has,34
about,32
so,31
arabic,31
verse,30
like,30
my,28
only,28
more,28
would,28
see,27
all,26
even,26
no,26
who,25
word,24
him,24
been,24
if,23
life,23
there,22
lover,22
them,22
does,21
than,21
same,21
two,21
other,20
these,20
she,20
may,19
literature,19
fawn,19
world,19
pp,19
here,19
n,18
out,18
use,18
way,17
sexual,17
used,17
us,17
into,16
source,16
first,16
raymond,16
descriptive,16
scheindlin,16
what,16
were,15
some,15
such,15
speaker,15
schirmann,15
jewish,15
ezra,15
verses,15
itself,15
poets,15
our,15
much,15
boy,14
individual,14
image,14
story,14
any,14
meaning,13
sun,13
also,13
never,13
lovers,13
type,13
between,13
different,12
since,12
means,12
character,12
part,12
many,12
when,12
themes,11
being,11
beautiful,11
great,11
point,11
kind,11
most,11
though,11
your,11
well,11
tamar,11
must,11
t,11
girl,11
new,11
described,11
standard,11
living,11
ideal,11
both,11
women,10
experience,10
might,10
words,10
real,10
thus,10
hair,10
r,10
amnon,10
phrase,10
cheek,10
man,10
biblical,10
moses,10
theme,10
feelings,10
very,10
form,10
while,10
motion,9
rather,9
l,9
b,9
just,9
age,9
had,9
because,9
will,9
make,9
j,9
book,9
power,9
really,9
do,9
translation,9
own,9
poetic,9
can,9
blood,9
know,9
did,9
gazelle,9
speech,9
you,9
jews,8
seems,8
mind,8
far,8
person,8
find,8
mean,8
masculine,8
dove,8
gender,8
night,8
object,8
yet,8
god,8
stanza,8
men,8
less,8
woman,8
expression,8
sometimes,8
addressed,8
over,8
whether,8
particular,8
subject,8
homosexuality,8
come,8
important,7
introduction,7
songs,7
true,7
western,7
body,7
york,7
without,7
familiar,7
petitionary,7
courtly,7
understood,7
description,7
bible,7
lips,7
makes,7
social,7
party,7
name,7
fact,7
pleasure,7
eden,7
golden,7
anthology,7
reality,7
class,7
eyes,7
exactly,7
probably,7
relationship,7
then,7
material,7
known,7
temple,7
paradise,7
instead,7
should,7
images,7
common,6
red,6
qasida,6
expect,6
large,6
mankind,6
last,6
within,6
against,6
left,6
similar,6
k,6
literary,6
m,6
friends,6
called,6
color,6
joy,6
affair,6
genre,6
purpose,6
whole,6
people,6
actually,6
tears,6
order,6
second,6
imagery,6
community,6
religious,6
ed,6
end,6
where,6
secular,6
children,6
another,6
nothing,6
cup,6
figures,6
lines,6
types,6
face,6
mentioned,6
each,6
beginning,6
almost,6
translated,6
through,6
song,6
conventional,6
now,5
stone,5
said,5
tradition,5
origin,5
homosexual,5
take,5
those,5
indoors,5
translations,5
possible,5
regularly,5
affairs,5
elements,5
nor,5
old,5
young,5
nuwas,5
third,5
truly,5
breast,5
understand,5
sick,5
opening,5
deal,5
directly,5
work,5
reader,5
leads,5
describe,5
away,5
describing,5
several,5
return,5
female,5
still,5
ring,5
action,5
already,5
others,5
death,5
time,5
necessary,5
degree,5
imagine,5
made,5
individuality,5
three,5
tone,5
readers,5
effect,5
v,5
rhetorical,5
usually,5
male,5
why,5
mother,5
thinking,5
intellectual,5
seem,5
universal,5
audience,5
brody,5
unique,5
ghazal,5
given,5
turns,5
intended,5
think,5
devoted,5
abu,5
comparison,5
am,5
traditional,5
go,4
extreme,4
adjective,4
halevi,4
referring,4
completely,4
before,4
every,4
originally,4
give,4
daughters,4
laundry,4
desire,4
context,4
u,4
miniature,4
along,4
treatise,4
due,4
characteristic,4
thing,4
slave,4
leadership,4
jerusalem,4
gabir,4
whose,4
bring,4
goes,4
after,4
muwashshahat,4
thought,4
reason,4
carmi,4
house,4
cheeks,4
closely,4
lead,4
could,4
home,4
found,4
philosophical,4
term,4
muslim,4
stock,4
appears,4
spiritual,4
possibility,4
y,4
example,4
data,4
lovely,4
loss,4
adonai,4
literally,4
reflect,4
least,4
heart,4
sake,4
highly,4
always,4
up,4
content,4
society,4
led,4
situation,4
matter,4
european,4
epigram,4
single,4
sonnets,4
light,4
pun,4
warmth,4
friend,4
members,4
andalusian,4
put,4
emotions,4
speaks,4
idea,4
choice,4
simile,4
forms,4
learn,4
celebrated,4
practice,4
perhaps,4
teeth,4
persona,4
father,4
background,4
upon,4
sensitivity,4
zaidun,4
lady,4
troubadours,4
need,4
attention,4
entitled,4
penguin,4
ihn,4
vision,4
often,4
family,4
simply,4
environment,4
down,4
thigh,4
goblet,4
according,4
references,4
theory,4
shakespeare,4
don,4
conveniently,4
nykl,4
khalfon,4
course,4
d,4
involving,4
sexuality,4
root,4
inward,3
o,3
moshe,3
commentary,3
names,3
created,3
ending,3
trans,3
mouth,3
live,3
uniquely,3
verb,3
prince,3
h,3
former,3
history,3
po,3
member,3
based,3
passion,3
either,3
long,3
certainly,3
preceding,3
repertoire,3
colors,3
taken,3
genres,3
articulate,3
official,3
parties,3
imaginary,3
narrative,3
able,3
reading,3
con,3
king,3
capacity,3
advice,3
right,3
account,3
except,3
conception,3
himself,3
message,3
usage,3
inner,3
denote,3
pay,3
topic,3
century,3
back,3
ki,3
rhythm,3
drawn,3
obscure,3
sin,3
absalom,3
acknowledge,3
let,3
erotic,3
frustration,3
main,3
how,3
watch,3
reference,3
tamid,3
connected,3
kiss,3
special,3
rules,3
roth,3
space,3
inanimate,3
objects,3
w,3
comparisons,3
pious,3
admiration,3
view,3
artistic,3
rule,3
gabirol,3
delight,3
consecration,3
meter,3
cannot,3
however,3
tension,3
technical,3
line,3
anecdotes,3
london,3
play,3
related,3
partly,3
falling,3
gibeah,3
gently,3
monroe,3
good,3
stylized,3
chick,3
contrast,3
quite,3
atmosphere,3
spanish,3
generally,3
wedding,3
deer,3
rest,3
separation,3
classic,3
garden,3
shocking,3
answering,3
interpretation,3
tp,3
read,3
sex,3
culture,3
emotional,3
picture,3
solomon,3
seville,3
ammar,3
sleep,3
rhetoric,3
honor,3
took,3
rabbinic,3
drinking,3
day,3
cure,3
clear,3
judaism,3
language,3
arouse,3
concubine,3
function,3
practiced,3
short,3
pearl,3
reads,3
become,3
priests,3
greek,3
division,3
provide,3
addressing,3
celebration,3
secluded,3
analysis,3
fall,3
composed,3
exists,3
get,3
resemble,3
hemistich,3
associated,3
comes,3
circumstances,3
ever,3
devotees,3
syntactic,3
exposition,3
physical,3
current,3
brothers,3
perfectly,3
latin,3
embodiment,3
historical,3
sie,3
ruse,3
stanzas,3
kidnapped,3
terms,3
mere,3
platonic,3
rhyme,3
original,3
categories,3
middle,3
wallada,3
city,3
despite,3
confirm,3
gesture,3
question,3
difference,3
ny,3
samuel,3
although,3
adoration,3
throat,3
palace,3
off,3
philosophy,3
association,3
wealth,3
themselves,3
caress,3
exclusively,3
conventions,3
among,3
dynamic,2
horror,2
syntax,2
handsome,2
mostly,2
heroic,2
designated,2
deserve,2
affected,2
e,2
stylization,2
mar,2
celebrate,2
swallow,2
dangerousness,2
identify,2
english,2
veil,2
strictly,2
studies,2
modern,2
position,2
royal,2
uncourtly,2
occurred,2
tells,2
biographical,2
feels,2
smile,2
something,2
attuned,2
intentions,2
round,2
anything,2
forgive,2
else,2
sources,2
connection,2
derives,2
setting,2
feeling,2
saul,2
actual,2
ourselves,2
leading,2
together,2
display,2
help,2
consist,2
written,2
languor,2
raining,2
raised,2
somewhat,2
checked,2
behind,2
nagid,2
case,2
denomy,2
crystal,2
yearn,2
judah,2
nasib,2
homonym,2
coals,2
bohemian,2
pre,2
activity,2
renowned,2
consciousness,2
occupy,2
lci,2
resources,2
cited,2
representing,2
sefarad,2
beneath,2
ofra,2
behavior,2
human,2
chapters,2
indefinite,2
chiefs,2
stasis,2
moved,2
mine,2
brought,2
suitor,2
development,2
quality,2
resembling,2
de,2
g,2
moment,2
mishne,2
occurs,2
heightened,2
gall,2
rabbis,2
items,2
displays,2
refer,2
contrary,2
response,2
started,2
compared,2
arab,2
look,2
details,2
came,2
maleness,2
celebrating,2
longing,2
opposed,2
interesting,2
philadelphia,2
avoids,2
essential,2
patron,2
homo,2
absent,2
developed,2
remain,2
unmoved,2
heresy,2
notion,2
represented,2
niv,2
ij,2
fever,2
certain,2
leave,2
parts,2
assuming,2
impressed,2
von,2
extremes,2
precious,2
gozal,2
soul,2
rising,2
send,2
susceptibility,2
yearning,2
neck,2
thee,2
too,2
show,2
passed,2
putting,2
ceremony,2
neither,2
couplet,2
cut,2
appear,2
grammatically,2
union,2
nb,2
ordinarily,2
result,2
heavenly,2
wipe,2
typical,2
arabs,2
resembles,2
intellectuals,2
shared,2
illness,2
expressions,2
late,2
furthermore,2
block,2
sentence,2
failure,2
anecdote,2
explain,2
creates,2
scene,2
absurdity,2
having,2
participation,2
gathering,2
figurative,2
designation,2
kitab,2
looks,2
strict,2
nuances,2
translate,2
distinguish,2
calls,2
thoughts,2
discourage,2
couched,2
place,2
ephebe,2
call,2
doors,2
outdoors,2
employed,2
interpreted,2
enjambment,2
level,2
hard,2
cold,2
next,2
small,2
dwell,2
sis,2
rr,2
few,2
bottle,2
clich,2
shirmann,2
dod,2
convey,2
kt,2
majority,2
passivity,2
wife,2
proper,2
describes,2
enjoy,2
impor,2
behalf,2
f,2
portion,2
fund,2
minor,2
variety,2
drinkers,2
noble,2
amatory,2
indeed,2
adonijah,2
says,2
charm,2
echo,2
risala,2
innovation,2
brow,2
depicted,2
designate,2
eyebrows,2
doe,2
devotion,2
paradox,2
happened,2
ancient,2
contemplation,2
islam,2
complete,2
lord,2
rape,2
exodus,2
odds,2
confirmed,2
contains,2
begins,2
stones,2
resolution,2
aspect,2
law,2
toward,2
pointed,2
motifs,2
sky,2
efforts,2
communal,2
outside,2
lack,2
contrasts,2
head,2
scholars,2
striking,2
angry,2
contemporary,2
doubt,2
mold,2
external,2
ages,2
enough,2
present,2
consummation,2
dripping,2
refrain,2
hated,2
emotion,2
blaming,2
compelled,2
chasteness,2
free,2
oppress,2
group,2
understanding,2
examples,2
explanation,2
including,2
strays,2
looking,2
warrior,2
identity,2
minds,2
wonder,2
entirely,2
unfortunately,2
torah,2
refers,2
morality,2
questions,2
rare,2
individuals,2
full,2
eleventh,2
theoretical,2
maimonides,2
seduce,2
courtier,2
princess,2
auden,2
frustrated,2
stress,2
points,2
david,2
grammatical,2
belongs,2
general,2
zinberg,2
collected,2
serves,2
static,2
anyone,2
earlier,2
abundant,2
martin,2
uriah,2
finite,2
fawns,2
sentiment,2
internal,2
article,2
satisfy,2
parallel,2
judges,2
craft,2
relation,2
sight,2
accordingly,2
structure,2
astonishing,2
delightful,2
la,2
widely,2
attended,2
genesis,2
things,2
arriving,2
rebel,2
figure,2
naturally,2
prose,2
sensitive,2
seen,2
tive,2
force,2
contribution,2
originated,2
kill,2
continually,2
breasts,2
centuries,2
metrical,2
event,2
unusual,2
sound,2
eyelids,2
cognate,2
hapless,2
door,2
isaac,2
zemach,2
acquired,2
prooftexts,2
sexes,2
heavy,2
girls,2
summary,2
antecedent,2
version,2
predicate,2
dalliance,2
curtius,2
extensive,2
text,2
creditor,2
symbol,2
linear,2
outcome,2
easy,2
fault,2
commission,2
flowing,2
half,2
distinctive,2
past,2
essentially,2
merely,2
clarity,2
knows,2
william,2
suffering,2
wit,2
sincerity,2
affirm,2
panegyrical,2
rose,2
making,2
abraham,2
want,2
add,2
ezekiel,2
attitudes,2
statement,2
heavier,2
circle,2
discussion,2
panegyric,2
exegesis,2
stern,2
nj,2
son,2
preserved,2
pain,2
four,2
kin,2
marble,2
ram,2
went,2
pi,2
matches,2
families,2
remarks,2
epithets,2
ugly,2
tell,2
touch,2
unable,2
finding,2
aristocratic,2
aware,2
andalouse,2
jewry,2
piece,2
attempted,2
blameworthy,2
pearls,2
speak,2
morning,2
needs,2
morally,2
offered,2
specific,2
passages,2
drunk,2
norman,2
vis,2
element,2
entire,2
abandoned,2
willing,2
whenever,2
unexpectedly,2
tired,2
doing,2
built,2
close,2
gold,2
courts,1
final,1
resolve,1
difficult,1
arrives,1
bernard,1
impossibility,1
superiority,1
portuguese,1
consonant,1
forceful,1
thwarted,1
awake,1
transfix,1
medicinal,1
encountering,1
stereo,1
tersely,1
arberry,1
jewels,1
drunken,1
equipoise,1
herself,1
documen,1
anthony,1
proud,1
implying,1
bedolakh,1
particulars,1
speculum,1
groups,1
pronoun,1
pnq,1
suggested,1
till,1
sequestered,1
amvf,1
consume,1
ipti,1
jocular,1
accords,1
fiction,1
naming,1
submission,1
alone,1
mountains,1
pagis,1
grotesque,1
berlin,1
crossing,1
sympathetic,1
ventional,1
alluded,1
told,1
hot,1
complex,1
replaced,1
touched,1
hate,1
fate,1
copyist,1
tend,1
kv,1
revelers,1
remind,1
syntacti,1
authority,1
constitutes,1
sinister,1
cynical,1
di,1
spiritualization,1
inconsistent,1
commonplace,1
attrac,1
tsq,1
ux,1
favor,1
satisfied,1
monolithic,1
io,1
considerations,1
tect,1
greater,1
collection,1
ideals,1
py,1
deny,1
keshoresh,1
nqn,1
bedeck,1
classify,1
calf,1
presents,1
reliably,1
total,1
observing,1
aversion,1
thematic,1
dainty,1
descriptions,1
eye,1
revision,1
rjazm,1
offering,1
du,1
nst,1
coldness,1
appraisal,1
turning,1
negative,1
np,1
panegyrics,1
personae,1
reddens,1
hm,1
eets,1
eat,1
decidedly,1
smiles,1
nop,1
stressed,1
undermine,1
failing,1
beggar,1
wrong,1
hence,1
gaze,1
thrill,1
alluding,1
unifies,1
flavor,1
pervasive,1
loathing,1
earlocks,1
military,1
vols,1
talmud,1
address,1
possesses,1
darkness,1
progression,1
expectation,1
worked,1
hittite,1
princesses,1
analogies,1
advanced,1
joke,1
begged,1
nature,1
hatred,1
fantasizing,1
definition,1
seminary,1
containing,1
friendly,1
roxrps,1
latent,1
grimly,1
reproached,1
wonderous,1
shaped,1
principles,1
casis,1
europe,1
route,1
pampered,1
secondary,1
broken,1
elegiac,1
suggesting,1
warm,1
accompanied,1
rebuilt,1
poverty,1
simple,1
spokesman,1
pivot,1
fully,1
assembled,1
achievement,1
borne,1
obeyed,1
smith,1
quzman,1
aping,1
moderns,1
frightens,1
link,1
djrq,1
chosen,1
penniless,1
court,1
room,1
delusion,1
anyway,1
fuor,1
versified,1
survey,1
loves,1
abjectness,1
achieved,1
feature,1
uttres,1
embrace,1
tempted,1
tippling,1
devised,1
syl,1
muwashshah,1
greatly,1
robert,1
deriving,1
classified,1
contrasting,1
political,1
normal,1
staking,1
invalid,1
regular,1
turned,1
intelligence,1
techniques,1
pji,1
tinb,1
associates,1
depends,1
subsides,1
employs,1
evaluation,1
messianic,1
delights,1
takes,1
pv,1
pretext,1
suspect,1
sophisticated,1
lam,1
embracing,1
maqor,1
eastern,1
tie,1
openings,1
key,1
pintprv,1
israelite,1
procreation,1
immerse,1
arrive,1
primary,1
sought,1
firm,1
america,1
incorporate,1
draw,1
discuss,1
conventionally,1
chapter,1
isnot,1
gardens,1
futile,1
despairing,1
felt,1
capable,1
implies,1
oy,1
meditative,1
cantigas,1
prosody,1
pretend,1
international,1
vaguely,1
drive,1
ephramite,1
inevitable,1
amigo,1
infer,1
ings,1
eleven,1
ojik,1
narcissus,1
nehemia,1
stubborn,1
fine,1
timad,1
taking,1
morale,1
variations,1
say,1
conceptual,1
privileged,1
lyric,1
rela,1
licentiousness,1
exchanges,1
medicine,1
desirable,1
literal,1
apply,1
keeps,1
spain,1
ritual,1
fiercely,1
ttjjtp,1
dignity,1
leviticus,1
signet,1
conclusively,1
ldn,1
brilliance,1
ashaq,1
belly,1
mainstream,1
zaby,1
exist,1
nostalgic,1
ydit,1
poignancy,1
luxury,1
central,1
allegorization,1
cayin,1
accessible,1
married,1
widened,1
debauchery,1
que,1
relationships,1
kb,1
reciting,1
explained,1
nn,1
ticular,1
forcing,1
facts,1
definitely,1
cloven,1
countless,1
calculated,1
approximation,1
mores,1
pursuit,1
tuqan,1
magic,1
personalities,1
offended,1
author,1
paradoxically,1
charming,1
snared,1
interest,1
pyy,1
disappointed,1
ability,1
reminding,1
brother,1
frantic,1
subtle,1
relations,1
consummated,1
portray,1
ridding,1
pluck,1
restore,1
convention,1
employing,1
ammon,1
lpny,1
expected,1
admitted,1
propound,1
learning,1
nautt,1
guided,1
cases,1
lending,1
ciation,1
self,1
blame,1
underlying,1
lances,1
frustrating,1
pri,1
raises,1
intercourse,1
cali,1
profound,1
unassuming,1
highest,1
malibu,1
serving,1
peculiarity,1
six,1
listened,1
goitein,1
site,1
served,1
myth,1
suitable,1
peni,1
exquisite,1
avidly,1
ness,1
despair,1
cardinal,1
mechanical,1
died,1
deuteronomy,1
designating,1
dares,1
uniformity,1
ptfrp,1
unresolved,1
journal,1
spite,1
dear,1
drank,1
yi,1
spread,1
deeply,1
handbooks,1
didn,1
traits,1
pronounced,1
hardly,1
shall,1
rhythmic,1
influence,1
unreality,1
ma,1
adjust,1
evenly,1
semikhuyot,1
addressee,1
cites,1
ment,1
walls,1
banquet,1
kept,1
perfect,1
rejoice,1
higher,1
employ,1
mb,1
surprisingly,1
recurrences,1
downright,1
automatic,1
fianc,1
shevuot,1
dangerously,1
silence,1
whimsical,1
elevating,1
heroes,1
exact,1
act,1
tt,1
tential,1
lbs,1
portrayed,1
happily,1
lecher,1
adds,1
shy,1
laugh,1
hadashim,1
sort,1
praising,1
joan,1
afaf,1
weighted,1
bra,1
na,1
kaffah,1
explicit,1
patronage,1
presentation,1
remote,1
poses,1
adopted,1
betrayed,1
mechanics,1
allude,1
risk,1
stimulation,1
locks,1
associate,1
manages,1
legal,1
captives,1
importance,1
idiosyncratic,1
attributing,1
direct,1
balanced,1
andalusia,1
pages,1
tionship,1
possess,1
fangs,1
henna,1
tree,1
black,1
distant,1
mourning,1
diminishes,1
feel,1
bibliographical,1
allegorical,1
scattered,1
tance,1
emanate,1
provides,1
suffice,1
involve,1
fantasy,1
numinousness,1
tooth,1
dunning,1
escape,1
likeness,1
expe,1
bad,1
affect,1
freeze,1
wanted,1
devotes,1
cause,1
salacious,1
item,1
university,1
possibly,1
dichotomy,1
reinforcement,1
neo,1
wight,1
prepares,1
devoting,1
tryst,1
bit,1
irreversible,1
teaches,1
specify,1
elsewhere,1
vidual,1
days,1
spirit,1
air,1
completion,1
quoted,1
strangely,1
instrument,1
weak,1
frequently,1
companions,1
gabirolian,1
vicis,1
superior,1
concerned,1
heading,1
additional,1
ibrahim,1
powerful,1
surface,1
freed,1
beyond,1
shed,1
isolation,1
willard,1
terminology,1
recur,1
angrily,1
epithalamium,1
tiveness,1
destructive,1
tarbiz,1
dominant,1
lust,1
breastplate,1
marriage,1
yahweh,1
providing,1
trained,1
rrasn,1
consecrated,1
myths,1
fluid,1
franz,1
kevu,1
fortable,1
opponents,1
prevails,1
expressed,1
arrived,1
advance,1
doves,1
pastoral,1
game,1
senhals,1
whom,1
path,1
censorship,1
location,1
arrival,1
improvised,1
bearing,1
transmission,1
restrict,1
habitually,1
moon,1
begun,1
traditionally,1
nagging,1
allegorically,1
recite,1
ambiguity,1
centers,1
lived,1
faded,1
energetic,1
changed,1
bii,1
prepare,1
ocean,1
curiosity,1
pass,1
proverbial,1
prudence,1
mythical,1
realize,1
bizarre,1
divan,1
pouring,1
minutely,1
jug,1
emotionally,1
flirtations,1
breeze,1
imper,1
representative,1
passionate,1
unspecific,1
further,1
pure,1
standardized,1
informed,1
cultural,1
heartbreaks,1
focused,1
precursor,1
spiegel,1
war,1
heaven,1
skilled,1
lethal,1
languidly,1
reservation,1
interruption,1
tools,1
viewed,1
impropriety,1
persons,1
rabbinically,1
intensity,1
criterion,1
promise,1
surrounded,1
otherwise,1
energy,1
join,1
productively,1
exegetical,1
fashionable,1
metals,1
psrj,1
dan,1
confirmation,1
cludes,1
leieur,1
noticed,1
prayer,1
method,1
toar,1
sacrifice,1
hopkins,1
near,1
ramification,1
meditation,1
masculinity,1
wants,1
memory,1
aspects,1
feminine,1
outstanding,1
representatives,1
glossed,1
ferrante,1
midrashic,1
keeping,1
theological,1
diction,1
detractors,1
distinc,1
nntfft,1
criticize,1
ceptible,1
inferred,1
strophic,1
dawud,1
scope,1
asexual,1
improvisations,1
received,1
whimsically,1
responding,1
pitiless,1
blue,1
nine,1
hints,1
repetition,1
claim,1
inconclusive,1
goldstein,1
concept,1
empty,1
unless,1
prominent,1
significantly,1
pangs,1
wasting,1
bm,1
dover,1
coolness,1
apparent,1
clearer,1
weinberger,1
nwx,1
department,1
promiscuity,1
brutal,1
preludes,1
reminiscence,1
anthologized,1
surprise,1
repeating,1
shrink,1
gave,1
sorrow,1
kindly,1
q,1
fit,1
solemnity,1
lishing,1
during,1
refined,1
subtleties,1
inherited,1
viol,1
reduces,1
faint,1
tsevi,1
concentrate,1
runs,1
statistics,1
speaking,1
pinn,1
demon,1
rituals,1
unreasonable,1
improvisation,1
popular,1
theologian,1
justification,1
versatile,1
millenium,1
cancelled,1
blaze,1
achieving,1
idyllic,1
predominance,1
couple,1
mortals,1
perplexing,1
verbs,1
status,1
enhances,1
swore,1
rendered,1
nni,1
radically,1
ali,1
indexed,1
attributed,1
towards,1
approach,1
iby,1
uniqueness,1
earth,1
concentrates,1
occa,1
reticence,1
psychologically,1
punctuated,1
indi,1
sense,1
correct,1
caused,1
working,1
field,1
carries,1
anger,1
tacitly,1
irrevocable,1
adherents,1
aroused,1
reinforces,1
brave,1
suggest,1
shyness,1
cumstances,1
balances,1
capriciousness,1
innocent,1
clothes,1
ennobling,1
prances,1
dangerous,1
allowances,1
allusions,1
bank,1
specifically,1
around,1
samson,1
openly,1
rollicking,1
calling,1
buds,1
initiating,1
characteristics,1
gradations,1
altered,1
disposition,1
choose,1
revealing,1
lug,1
deco,1
tation,1
rience,1
somber,1
presence,1
ts,1
denotes,1
ps,1
protect,1
distinguished,1
petition,1
christendom,1
abduction,1
impossible,1
ek,1
evanston,1
progress,1
dim,1
complicates,1
goat,1
dependent,1
harping,1
maintained,1
nrprp,1
fcntn,1
roots,1
cycle,1
intransigence,1
mouths,1
diminished,1
confidant,1
substituted,1
value,1
rn,1
provided,1
finds,1
ub,1
inform,1
reducing,1
schematic,1
activities,1
concomitant,1
seemed,1
avoid,1
incident,1
nbyi,1
ask,1
appeal,1
survived,1
domesticity,1
meqor,1
flourished,1
spirituality,1
eternal,1
uncommon,1
calm,1
kinn,1
noteworthy,1
sons,1
neutral,1
reduced,1
outsider,1
anthologies,1
resides,1
practices,1
protecting,1
various,1
letters,1
timm,1
symmetrical,1
economic,1
israel,1
descending,1
proverbs,1
jbk,1
wrote,1
service,1
located,1
ivrit,1
captors,1
resisted,1
analogue,1
irony,1
limited,1
bite,1
knrirn,1
whim,1
tried,1
diametrically,1
appreciate,1
bilingual,1
yours,1
wutpyn,1
nearly,1
aptowitzer,1
brings,1
upward,1
beware,1
gift,1
etc,1
reduce,1
believing,1
ears,1
above,1
judgment,1
prophet,1
buck,1
wind,1
atop,1
literati,1
paint,1
renew,1
negate,1
abrupt,1
cultivate,1
betray,1
approve,1
sodom,1
kills,1
ventionality,1
juxtaposition,1
xb,1
once,1
witty,1
communities,1
edited,1
modulating,1
justifying,1
tale,1
violence,1
observer,1
vs,1
cashaq,1
revealed,1
recommendation,1
avicenna,1
azm,1
niorn,1
serve,1
rain,1
sate,1
borrowed,1
east,1
under,1
performer,1
paradoxes,1
formally,1
exposure,1
challenged,1
puns,1
boundary,1
imitate,1
quarrel,1
platonism,1
mortality,1
included,1
hageniza,1
indebted,1
stole,1
rightly,1
lamps,1
performed,1
friendship,1
passions,1
baltimore,1
floor,1
intim,1
lament,1
si,1
al,1
eiazm,1
ghaz,1
belonging,1
provocative,1
departing,1
ferent,1
heterosexual,1
ji,1
suck,1
noted,1
typed,1
rise,1
exploit,1
nuisance,1
longer,1
volume,1
recycled,1
rings,1
dante,1
emaciation,1
management,1
abducted,1
delaying,1
quiet,1
camel,1
visitor,1
tour,1
whichever,1
nlrr,1
technique,1
mighty,1
purely,1
again,1
rows,1
ended,1
available,1
drink,1
recited,1
amour,1
quarreled,1
experienced,1
evoking,1
complementary,1
ht,1
lute,1
lighter,1
cultivated,1
expose,1
hinting,1
stories,1
shirim,1
conduct,1
lisp,1
moistened,1
creative,1
luxurious,1
mascara,1
unidentified,1
agree,1
intimidated,1
nathan,1
crush,1
essence,1
connotes,1
shire,1
reasoning,1
pet,1
educated,1
larger,1
classical,1
hayyim,1
uncle,1
throbbing,1
pray,1
midrash,1
grows,1
clause,1
personality,1
arthur,1
variation,1
identical,1
appropriately,1
fashion,1
rhythmically,1
dulcie,1
entertained,1
patterns,1
dichotomized,1
hand,1
evoke,1
paris,1
ground,1
remarkable,1
hashaq,1
manner,1
versification,1
laundress,1
obscures,1
noun,1
emanated,1
relevant,1
sensual,1
ambiguousness,1
coexisted,1
forth,1
dance,1
spoke,1
sionally,1
feigned,1
ao,1
nyn,1
nocturnal,1
weaken,1
bvb,1
intangible,1
jj,1
style,1
amounting,1
gives,1
thighs,1
ayyim,1
reflected,1
explicitly,1
heed,1
obsession,1
descrip,1
thoroughly,1
fight,1
shine,1
autobiography,1
thousands,1
qasidas,1
flirtatiousness,1
fundamentally,1
trait,1
excerpt,1
apt,1
thirteenth,1
murders,1
guessed,1
nbf,1
nyp,1
intimate,1
disease,1
astray,1
lost,1
treated,1
bear,1
values,1
heard,1
forced,1
formal,1
snakes,1
conceivable,1
delicate,1
inflame,1
distinctly,1
sufficiently,1
bequeathed,1
minister,1
elite,1
beloveds,1
wound,1
monorhyme,1
poignant,1
overheard,1
outward,1
yehude,1
significant,1
knock,1
affection,1
adi,1
sold,1
dronke,1
largely,1
overtones,1
virtually,1
dress,1
causes,1
vocabulary,1
ideas,1
officious,1
proposed,1
engaged,1
frustrate,1
ibid,1
fitted,1
lightness,1
aesthetic,1
alliterations,1
sees,1
strikingly,1
office,1
separator,1
qiddushin,1
intimacy,1
shalom,1
bedroom,1
washington,1
guadalquivir,1
worshippers,1
lusty,1
shevuol,1
quotation,1
adding,1
welcomed,1
wormhoudt,1
otsar,1
aaron,1
bi,1
vagueness,1
soldiers,1
mead,1
peter,1
kia,1
attach,1
someone,1
derived,1
skip,1
change,1
collaboration,1
siib,1
gruesome,1
features,1
cally,1
ernst,1
stresses,1
transcedent,1
mountain,1
provin,1
filled,1
conversation,1
tangible,1
captivate,1
pupil,1
expressing,1
narcissistic,1
latter,1
imagination,1
admirers,1
spent,1
quick,1
rippled,1
rnay,1
unambiguous,1
remember,1
valued,1
problems,1
trying,1
qualities,1
imaginative,1
elaborate,1
typically,1
moist,1
ysii,1
arise,1
allusion,1
feet,1
spreads,1
wise,1
pro,1
displayed,1
deliberate,1
sentiments,1
teach,1
ib,1
excluded,1
replenished,1
enjoyed,1
james,1
recalled,1
femininity,1
admiringly,1
alliteration,1
costume,1
idiom,1
similes,1
slightly,1
differ,1
arisen,1
fancied,1
equivalent,1
attracted,1
vpy,1
occupied,1
hind,1
institution,1
tendency,1
bearer,1
famine,1
seduction,1
attend,1
blamers,1
embodied,1
rays,1
hashira,1
spirituel,1
achieve,1
vain,1
weep,1
repose,1
applies,1
ishut,1
visit,1
stands,1
discriminating,1
trifle,1
dealing,1
reproaches,1
accepting,1
fifty,1
dawn,1
suggestion,1
lyrical,1
islamic,1
flesh,1
mozarabic,1
shoot,1
born,1
grammar,1
pw,1
note,1
complexion,1
wisdom,1
indicators,1
lot,1
loveliness,1
mu,1
johns,1
five,1
nh,1
behold,1
plays,1
ideology,1
practitioners,1
shrouds,1
mw,1
delighted,1
implores,1
fear,1
select,1
attitude,1
cir,1
humiliation,1
ordinary,1
lutfi,1
primarily,1
institutions,1
nexus,1
becomes,1
referred,1
mood,1
universals,1
inviting,1
concluding,1
transformed,1
obstacle,1
flare,1
began,1
render,1
lawrence,1
visual,1
lives,1
overlap,1
threaten,1
strangling,1
remaining,1
improvising,1
deals,1
length,1
nearing,1
vagabond,1
bows,1
adumbrate,1
memorable,1
antiquity,1
nty,1
displaying,1
kevudda,1
nected,1
introductory,1
rnm,1
dans,1
saqbel,1
nptf,1
hope,1
yefat,1
caste,1
surprising,1
education,1
coordination,1
superimposing,1
creatures,1
bestow,1
grounded,1
hahol,1
mirror,1
iowa,1
completeness,1
israelites,1
occupies,1
shift,1
uwb,1
attachment,1
exchanged,1
udah,1
xxix,1
radiance,1
slipperiness,1
matters,1
forests,1
stumbled,1
hearts,1
berber,1
stimulates,1
meant,1
ration,1
shadow,1
cakes,1
avigdor,1
following,1
ineffable,1
broke,1
series,1
implicit,1
watches,1
prot,1
demonstrate,1
summarize,1
reinforced,1
continues,1
symbolic,1
implied,1
detail,1
hamori,1
les,1
masses,1
quantitative,1
ha,1
mourn,1
rightness,1
besides,1
grunebaum,1
glimpse,1
wicked,1
triggers,1
useful,1
ambi,1
appre,1
established,1
wretch,1
minerals,1
set,1
agony,1
dj,1
binges,1
echoes,1
milieu,1
natural,1
glowing,1
romanes,1
extant,1
introducing,1
stamp,1
supplications,1
routine,1
juice,1
possessors,1
turn,1
proponents,1
paper,1
rushing,1
cultures,1
encoun,1
par,1
intrinsically,1
relieve,1
unambiguously,1
strated,1
cautiously,1
deceive,1
gone,1
nevertheless,1
alexander,1
leaders,1
sensational,1
argue,1
cyclical,1
sure,1
wagner,1
emphasis,1
stained,1
foundation,1
particularly,1
losses,1
intro,1
expresses,1
conceivably,1
dared,1
ausubel,1
weakling,1
twelfth,1
earthbound,1
situdes,1
fills,1
talkers,1
inference,1
wwz,1
associations,1
examining,1
placing,1
oskaloosa,1
specially,1
pour,1
rjlazim,1
passage,1
ethos,1
unmiti,1
instant,1
concrete,1
nuisances,1
dallied,1
qualitatively,1
parody,1
cal,1
quietly,1
tenth,1
captive,1
hall,1
aloni,1
lakh,1
experi,1
frigidity,1
sermonic,1
automatically,1
unfulfilled,1
evocation,1
perceiving,1
prefers,1
stability,1
selected,1
list,1
namely,1
ones,1
expansive,1
induction,1
era,1
burts,1
desirability,1
min,1
metaphor,1
maintain,1
rrm,1
ruby,1
sounds,1
fi,1
raped,1
extent,1
loved,1
estab,1
rny,1
utilitarian,1
getting,1
seriousness,1
prestige,1
brilliant,1
modulates,1
dark,1
moyen,1
boys,1
produce,1
protectors,1
hayim,1
tant,1
bonner,1
agreed,1
diwan,1
die,1
targum,1
placement,1
art,1
dk,1
thematically,1
burden,1
pvtj,1
bought,1
waist,1
craftsmanship,1
intention,1
epithet,1
nouns,1
code,1
verisimilitude,1
babylonian,1
ill,1
tered,1
introduced,1
fair,1
synagogue,1
talmudic,1
intricacy,1
press,1
became,1
role,1
epitome,1
trask,1
giving,1
elizabethan,1
transition,1
lies,1
mishna,1
rigid,1
recklessness,1
infatuation,1
confronted,1
watchers,1
contribute,1
focus,1
presupposes,1
connotation,1
intelligible,1
treasury,1
memories,1
aggada,1
using,1
mention,1
whine,1
isolated,1
burning,1
com,1
gated,1
coming,1
blasphemy,1
frivolous,1
prepared,1
rpj,1
susceptible,1
false,1
guity,1
sickness,1
clouds,1
ultimately,1
youth,1
instructive,1
responsa,1
authorized,1
notes,1
disappear,1
chirp,1
arrows,1
dazzling,1
national,1
write,1
epithalamia,1
ently,1
sprung,1
compari,1
sieglinde,1
flushed,1
mode,1
harm,1
wish,1
sumably,1
fecundity,1
include,1
suffers,1
humor,1
isolating,1
nsyi,1
unified,1
worthiness,1
messiah,1
attributes,1
ntpjcn,1
defiance,1
defined,1
derive,1
helps,1
paraphernalia,1
walking,1
remains,1
definitive,1
brook,1
restored,1
treats,1
indoor,1
brightness,1
cantor,1
admitting,1
psalm,1
gazai,1
invited,1
contemplating,1
substitute,1
actions,1
drying,1
regularity,1
c,1
justify,1
tastes,1
chicago,1
cook,1
buffoon,1
loving,1
mp,1
irrelevant,1
pleased,1
create,1
early,1
puts,1
kim,1
documentary,1
little,1
interaction,1
arose,1
develop,1
souls,1
immediately,1
glance,1
seek,1
grace,1
celestial,1
dif,1
famous,1
crimson,1
rhymes,1
rosenthal,1
darling,1
sent,1
adorn,1
signals,1
frankly,1
uncertain,1
prosodie,1
tragic,1
predicated,1
climax,1
occur,1
liturgical,1
nevel,1
hani,1
welded,1
eagerly,1
rouged,1
