WORDCOUNTS,WEIGHT
the,350
of,280
to,189
and,189
in,159
is,145
a,131
that,115
or,104
it,82
not,78
for,77
as,74
about,72
we,71
be,67
what,66
this,56
love,52
are,47
will,44
but,44
with,41
one,40
frankfurt,37
our,37
something,35
he,33
s,33
question,33
on,33
can,33
may,31
us,31
care,28
which,28
person,27
by,25
there,24
final,23
his,23
life,23
reasons,23
caring,23
at,21
their,21
such,21
value,21
other,20
ambivalence,20
way,19
how,19
do,19
role,19
own,18
an,18
also,17
pursued,17
desires,17
its,17
ends,17
kind,17
than,17
reason,16
all,16
some,16
would,16
any,15
only,15
philosophical,15
both,15
have,15
does,14
unity,14
from,14
wholeheartedness,14
goals,14
sense,14
so,14
things,14
they,13
importance,13
same,13
more,13
human,13
no,12
sake,12
has,12
when,12
if,11
itself,11
just,11
being,11
questions,11
book,11
i,11
cares,11
even,11
much,11
values,10
live,10
rather,10
here,10
over,10
cannot,10
else,10
without,9
make,9
lives,9
desire,9
work,9
means,9
place,9
review,9
up,9
because,9
should,9
thought,8
matter,8
thematic,8
first,8
inquiry,8
time,8
them,8
through,8
essay,8
themselves,8
given,8
makes,7
then,7
must,7
most,7
either,7
moran,7
choice,7
end,7
however,7
necessities,7
richard,7
story,7
nothing,7
argument,7
agent,7
like,7
between,7
valuable,7
two,6
meaning,6
philosophy,6
mean,6
volitional,6
important,6
control,6
each,6
ourselves,6
greater,6
nature,6
different,6
emotion,6
whether,6
answer,6
particular,6
having,6
another,6
true,6
immediate,6
clear,6
t,6
him,6
intrinsic,6
activities,6
always,6
world,6
need,6
coherence,6
relationship,5
practical,5
ways,5
under,5
seems,5
these,5
themes,5
emotions,5
fact,5
seem,5
could,5
together,5
out,5
cognitive,5
form,5
see,5
empty,5
while,5
really,5
well,5
point,5
people,5
aims,5
conflict,5
conditions,5
beliefs,5
voluntary,5
after,5
response,5
relation,5
necessity,5
course,5
vain,5
provide,4
sometimes,4
seen,4
direct,4
ask,4
considered,4
objects,4
simply,4
philosophers,4
admit,4
belief,4
others,4
inchoate,4
many,4
merely,4
reasoning,4
doubt,4
ambivalent,4
further,4
begin,4
pursue,4
case,4
takes,4
attitudes,4
instrumental,4
activity,4
claim,4
say,4
part,4
unfinished,4
confidence,4
think,4
goal,4
good,4
thing,4
provides,4
several,4
requires,4
find,4
among,4
appeal,3
consists,3
genuinely,3
raise,3
conflicting,3
concerned,3
bring,3
factual,3
fear,3
sort,3
play,3
idea,3
might,3
concern,3
cared,3
who,3
still,3
harry,3
told,3
systematically,3
special,3
agency,3
yet,3
get,3
various,3
claims,3
sorts,3
necessarily,3
proof,3
finding,3
delight,3
abandon,3
completion,3
comes,3
source,3
hence,3
specifically,3
interests,3
power,3
toward,3
reduction,3
desiring,3
active,3
explanatory,3
lack,3
exploration,3
very,3
contradiction,3
disgust,3
job,3
everything,3
remain,3
forms,3
understood,3
regard,3
otherwise,3
mind,3
require,3
failure,3
commitments,3
rationality,3
rely,3
object,3
skepticism,3
tennis,3
basis,3
calls,3
related,3
himself,3
fail,3
morality,3
come,3
somewhere,3
described,3
go,3
since,3
condition,3
someone,3
reflection,3
relations,3
raises,3
type,3
obvious,3
theoretical,3
arbitrary,3
self,3
concerning,3
contrary,3
structure,3
unequivocally,3
perception,3
instrumentally,3
deeper,3
shaping,3
freud,2
kant,2
tasks,2
done,2
accomplish,2
binds,2
identification,2
act,2
avoiding,2
action,2
needn,2
real,2
indeed,2
incoherent,2
commitment,2
basic,2
genuine,2
nearly,2
disillusioning,2
happen,2
notion,2
becomes,2
ultimate,2
goes,2
preferences,2
thinkers,2
priority,2
determination,2
large,2
suppose,2
satisfaction,2
powerfully,2
reflections,2
authority,2
respect,2
divided,2
support,2
phenomenological,2
actions,2
favor,2
bad,2
satisfied,2
array,2
meant,2
seeing,2
restricted,2
university,2
policy,2
into,2
acting,2
instance,2
princeton,2
comparison,2
test,2
experience,2
said,2
anything,2
powerful,2
known,2
follow,2
picture,2
published,2
wrong,2
name,2
puts,2
useful,2
achieving,2
set,2
give,2
later,2
provisional,2
possesses,2
austere,2
articulate,2
principle,2
aspect,2
binding,2
based,2
reach,2
fundamental,2
conduct,2
down,2
call,2
display,2
differences,2
ambitions,2
normative,2
arises,2
oneself,2
cure,2
full,2
room,2
contemporary,2
take,2
called,2
serious,2
passage,2
friends,2
analogy,2
puzzling,2
manage,2
precisely,2
concepts,2
raised,2
ground,2
rent,2
anymore,2
motivating,2
terms,2
less,2
ones,2
degree,2
issue,2
norms,2
capacity,2
earlier,2
going,2
possibility,2
wants,2
criteria,2
day,2
chapter,2
don,2
felt,2
determined,2
aspects,2
discussion,2
personal,2
made,2
stronger,2
little,2
located,2
range,2
taking,2
incompatibility,2
bottom,2
undoubtedly,2
description,2
moral,2
attaining,2
concept,2
passages,2
incoherence,2
writing,2
satisfying,2
central,2
plato,2
participate,2
involves,2
difference,2
challenging,2
initial,2
against,2
desirable,2
grounded,2
virtues,2
points,2
interest,2
lectures,2
pursuits,2
authoritative,2
characteristic,2
resultant,2
defense,2
although,2
typically,2
sakes,2
general,2
involve,2
willingness,2
configurations,2
account,2
elements,2
family,2
why,2
autonomy,2
valued,2
few,2
somehow,2
concerns,2
deciding,2
realm,2
become,2
mystery,2
justification,2
drives,2
purely,2
impossible,2
truly,2
those,2
focus,2
preliminary,2
doing,2
passive,2
moved,2
rest,2
continuity,2
major,2
irrationality,2
society,2
discernment,1
cooperation,1
distinct,1
suspects,1
difficult,1
enough,1
moving,1
contain,1
motivator,1
responsibly,1
inertia,1
explanations,1
features,1
enjoys,1
led,1
possessed,1
topic,1
fails,1
second,1
passion,1
regardless,1
unsystematically,1
struggle,1
whose,1
demand,1
forever,1
essential,1
request,1
contribute,1
settled,1
summa,1
absence,1
hopes,1
stock,1
taken,1
aim,1
promises,1
been,1
wanting,1
jointly,1
names,1
managing,1
strike,1
synthesis,1
overall,1
created,1
providing,1
prose,1
interlacing,1
truth,1
secondly,1
everyone,1
particularity,1
recommended,1
parent,1
attitude,1
brief,1
discredited,1
characterization,1
ordinary,1
introduction,1
primarily,1
myself,1
process,1
affirming,1
constraints,1
sustaining,1
success,1
wholehearted,1
natural,1
insist,1
parents,1
interfere,1
near,1
originating,1
judgment,1
purest,1
bears,1
determining,1
got,1
reflective,1
loses,1
start,1
fulfilling,1
similar,1
compromising,1
certain,1
paradoxically,1
center,1
enables,1
simultaneously,1
parts,1
country,1
hooker,1
reception,1
pays,1
decisions,1
pages,1
positive,1
kinds,1
strive,1
study,1
often,1
lacking,1
spared,1
specific,1
identify,1
tend,1
essays,1
read,1
uncertainties,1
confronting,1
ineluctably,1
guide,1
productive,1
borgna,1
animals,1
dismiss,1
alter,1
due,1
supposed,1
criticism,1
motivation,1
resolution,1
shy,1
interpretation,1
creatures,1
centuries,1
effort,1
aversive,1
involvement,1
intellect,1
treated,1
category,1
intelligible,1
worlds,1
impose,1
removes,1
paradox,1
alongside,1
candidate,1
finished,1
better,1
repulsion,1
benefitted,1
spirit,1
conclusive,1
consider,1
ideals,1
frankfurtian,1
matters,1
deny,1
relevantly,1
weaves,1
easily,1
familiar,1
debunking,1
unlike,1
diseases,1
vulnerable,1
notes,1
rarely,1
considerations,1
conversely,1
associated,1
schubert,1
collectively,1
days,1
quest,1
choices,1
attract,1
every,1
sensibly,1
revision,1
foundationalist,1
redemption,1
political,1
complexity,1
finality,1
responsive,1
changing,1
too,1
elimination,1
reasonably,1
grand,1
belonging,1
organize,1
situations,1
deep,1
orientation,1
recognition,1
needs,1
show,1
ties,1
motivates,1
touched,1
clarifying,1
serve,1
aristotle,1
solitary,1
lying,1
situationally,1
operations,1
cast,1
possibilities,1
fraction,1
withdrawing,1
beyond,1
reductive,1
sufficient,1
succeed,1
preparing,1
fill,1
notions,1
lightly,1
sources,1
persuade,1
lead,1
actually,1
creature,1
certainly,1
convincing,1
doubts,1
compel,1
remarkably,1
appealing,1
offers,1
frankfurtiana,1
paul,1
expressive,1
exaggerated,1
enactment,1
unconditionality,1
welter,1
metaphysical,1
mysterious,1
quickly,1
preference,1
faced,1
decades,1
social,1
crucial,1
enters,1
attractive,1
stands,1
develops,1
similarly,1
stripes,1
put,1
allow,1
discussions,1
rational,1
tendencies,1
towards,1
dreams,1
simplest,1
literary,1
troubling,1
uses,1
standards,1
lacked,1
disinterested,1
lost,1
reasoner,1
advance,1
my,1
attentions,1
foundational,1
whom,1
identifying,1
principles,1
guarantees,1
imposes,1
tradition,1
did,1
tation,1
secondary,1
professions,1
recurrent,1
relates,1
epistemic,1
potentially,1
argue,1
short,1
seriousness,1
designing,1
sure,1
surprisingly,1
intrusion,1
selfdefeat,1
indifferent,1
counterpart,1
lose,1
demands,1
exhibits,1
international,1
contradictory,1
obviously,1
plagued,1
closer,1
john,1
alone,1
concludes,1
begging,1
bind,1
inherently,1
within,1
identical,1
elsewhere,1
pattern,1
imperious,1
help,1
past,1
habit,1
invocation,1
judgments,1
strain,1
coherently,1
works,1
unthinkable,1
musician,1
persistence,1
extend,1
last,1
parallel,1
never,1
places,1
patterns,1
ages,1
readers,1
outside,1
following,1
requirements,1
present,1
shaped,1
unless,1
knows,1
inescapably,1
distinterestedness,1
thus,1
let,1
career,1
avoidance,1
somewhat,1
where,1
committed,1
purity,1
fuller,1
circular,1
couldn,1
constrains,1
continuing,1
intentions,1
renders,1
effect,1
impulse,1
tell,1
unique,1
conceiving,1
distinguishes,1
papers,1
relevant,1
complexities,1
defining,1
thinking,1
list,1
system,1
until,1
making,1
purchased,1
global,1
suspect,1
ultimacy,1
look,1
lacks,1
maintain,1
analogously,1
existence,1
irreducibly,1
above,1
core,1
invitation,1
mere,1
perhaps,1
shaken,1
criticisms,1
behavioral,1
theory,1
required,1
directions,1
beta,1
difficulties,1
controversy,1
problem,1
eager,1
wide,1
enable,1
public,1
task,1
nonetheless,1
gives,1
imagined,1
bestselling,1
caprice,1
occasions,1
primary,1
particularly,1
directly,1
risks,1
consisting,1
third,1
healthy,1
right,1
march,1
stirring,1
confronts,1
produce,1
equally,1
design,1
doubtful,1
infirmity,1
imagine,1
none,1
original,1
vol,1
wanton,1
steadfastness,1
agreed,1
psychology,1
prior,1
emphasis,1
possible,1
distinguish,1
marked,1
accounting,1
degrees,1
liberating,1
pets,1
meaningful,1
ideal,1
strand,1
shared,1
simone,1
cost,1
drive,1
disease,1
thirst,1
survive,1
reached,1
suggests,1
orienting,1
nj,1
worth,1
phenomena,1
varieties,1
intention,1
hang,1
presented,1
characters,1
attempt,1
endowment,1
writings,1
provocative,1
apt,1
formal,1
restless,1
brought,1
stake,1
except,1
purpose,1
far,1
extending,1
preferable,1
despite,1
norm,1
kappa,1
profusion,1
invites,1
alternatives,1
chronically,1
clearer,1
press,1
objective,1
penetrating,1
giving,1
warming,1
commonly,1
subject,1
succession,1
looked,1
compulsive,1
chronic,1
change,1
ambiguity,1
assumptions,1
lecture,1
ordering,1
skeptical,1
expression,1
steady,1
vast,1
alien,1
hypotheses,1
describe,1
freedom,1
suv,1
antecedently,1
demanding,1
harmony,1
critique,1
began,1
tolerance,1
savor,1
issues,1
constitute,1
motivate,1
mention,1
stress,1
overcoming,1
harvard,1
definitions,1
conflicted,1
structures,1
opened,1
describing,1
terminal,1
compatible,1
refutation,1
engaged,1
continue,1
supposition,1
prey,1
disconfirmation,1
check,1
focuses,1
purposeful,1
sees,1
grace,1
surely,1
charges,1
rationally,1
jostle,1
historically,1
asking,1
project,1
contrasted,1
subsequent,1
theme,1
mortals,1
moralists,1
frustration,1
argues,1
trifling,1
interested,1
quality,1
intractable,1
worry,1
winning,1
accept,1
three,1
exposition,1
inflation,1
lxxiv,1
seriously,1
count,1
terminus,1
interlocutor,1
comprehensive,1
misplaced,1
express,1
g,1
position,1
author,1
avoided,1
imperative,1
aware,1
discovery,1
mode,1
completed,1
precludes,1
stressed,1
leave,1
corrective,1
structuring,1
running,1
infects,1
infallible,1
absolute,1
risking,1
enlightenment,1
immediately,1
upon,1
explicated,1
virtue,1
dense,1
define,1
level,1
enabling,1
hard,1
nick,1
rigorously,1
perfectly,1
sweep,1
anger,1
belongs,1
criticize,1
guiding,1
constellation,1
complex,1
lee,1
preparation,1
reflexive,1
worthiness,1
dealings,1
played,1
division,1
serves,1
separate,1
costs,1
inquiring,1
quotes,1
playing,1
contrast,1
accurate,1
anyone,1
unyielding,1
explicating,1
discourse,1
quite,1
aspire,1
repelled,1
actively,1
remains,1
nor,1
involved,1
least,1
around,1
late,1
dialogue,1
repeated,1
small,1
fatigue,1
favored,1
bottoming,1
depend,1
inclination,1
facing,1
feeling,1
driving,1
demonstrative,1
amount,1
pain,1
admitting,1
news,1
highly,1
choose,1
satisfy,1
trying,1
tolstoy,1
mental,1
pride,1
conscientiously,1
admirability,1
difficulty,1
agents,1
analogous,1
dramatic,1
single,1
research,1
epistemology,1
brunner,1
distracted,1
compared,1
illuminating,1
correction,1
exactly,1
tastes,1
incompatible,1
accordingly,1
perverse,1
loving,1
experiential,1
profit,1
managed,1
utterly,1
wills,1
uncertainty,1
seeking,1
explore,1
exclusively,1
progress,1
energies,1
st,1
dependent,1
primal,1
passivity,1
interlocking,1
halpern,1
dear,1
meaningfulness,1
strong,1
submitting,1
demonstration,1
shouldn,1
altogether,1
articulating,1
relative,1
paying,1
stone,1
recalling,1
weil,1
professional,1
beholden,1
deficiency,1
hardly,1
asked,1
discovers,1
admire,1
roles,1
uncertain,1
effectiveness,1
error,1
martin,1
restores,1
avoid,1
perform,1
undivided,1
readable,1
lend,1
