WORDCOUNTS,WEIGHT
the,435
of,292
and,264
is,241
to,239
that,199
in,195
a,130
it,113
ii,104
butler,84
conscience,83
as,79
i,79
this,78
be,75
not,70
or,67
but,57
we,57
he,56
our,51
are,50
interest,49
s,48
by,45
for,45
real,41
which,40
his,39
happiness,36
sermons,36
cool,36
virtue,35
from,34
right,34
mcpherson,34
an,33
what,32
on,32
view,31
with,31
if,28
man,28
only,27
there,27
passage,27
p,26
cp,25
may,24
their,24
men,24
action,23
being,23
will,22
e,22
they,22
these,22
other,22
have,22
good,22
at,21
principle,21
says,20
supposed,19
all,19
my,19
any,19
does,18
do,18
no,17
often,17
reason,17
was,17
nature,17
has,17
advice,17
between,17
one,16
then,16
duty,16
moral,16
would,16
so,16
can,16
though,16
very,15
whether,15
even,15
g,15
motives,15
course,15
sermon,14
its,14
conflict,14
own,14
seems,13
think,13
more,12
here,12
them,12
upon,12
when,12
than,12
natural,11
makes,11
yet,11
consider,11
motive,11
us,11
most,11
case,11
point,11
hour,11
such,11
passion,11
distinction,11
latter,11
obligation,11
always,11
actions,11
act,10
preface,10
must,10
world,10
without,9
various,9
indeed,9
etc,9
reflection,9
about,9
had,9
considered,9
dictates,9
passions,9
called,9
superior,9
first,9
rational,9
concession,9
principles,9
consideration,9
never,9
disposition,9
because,9
affection,9
either,9
him,9
philosophy,9
passages,9
themselves,9
appeal,8
later,8
means,8
show,8
over,8
could,8
desire,8
particular,8
ibid,8
ethical,8
since,8
pursuit,8
cases,8
contrary,8
should,8
things,7
bernard,7
ethics,7
common,7
therefore,7
b,7
life,7
itself,7
pp,7
under,7
god,7
same,7
certainly,7
many,7
ought,7
present,7
answer,7
cannot,7
admit,7
influenced,7
prior,7
sense,7
passionate,7
call,7
suggest,7
acts,7
usual,7
views,7
given,7
general,7
way,6
reasonable,6
make,6
true,6
two,6
affections,6
rightness,6
italics,6
fact,6
shall,6
within,6
see,6
practice,6
explicitly,6
clarke,6
arbiter,6
both,6
made,6
part,6
above,6
were,6
clear,6
much,6
shaftesbury,6
virtuous,6
mean,5
plainly,5
certain,5
hope,5
reflective,5
understand,5
position,5
just,5
mentioned,5
wrong,5
creature,5
interested,5
ourselves,5
character,5
analogy,5
out,5
religion,5
doubt,5
temper,5
hand,5
born,5
expressly,5
where,5
lead,5
necessary,5
theory,5
capacity,5
obligations,5
private,5
admits,5
who,5
treated,5
whole,5
immediately,5
faculty,5
argument,5
agent,5
least,5
d,5
quite,5
proceeding,5
early,5
through,5
mankind,5
alleged,4
convinced,4
meaning,4
strictly,4
xi,4
guide,4
authority,4
creatures,4
support,4
intuitively,4
thought,4
considerations,4
former,4
edition,4
gladstone,4
xxiv,4
frequently,4
already,4
greatest,4
goodness,4
ever,4
speaking,4
known,4
follow,4
justify,4
every,4
also,4
law,4
sometimes,4
taken,4
important,4
opinion,4
coincide,4
others,4
coincidence,4
did,4
down,4
raphael,4
quoted,4
ground,4
regards,4
otherwise,4
saying,4
degree,4
some,4
understanding,4
alone,4
say,4
far,4
himself,4
whatever,4
letter,4
use,4
selfishness,4
broad,4
question,4
surely,4
shown,4
heart,4
kind,4
nor,4
depend,4
sufficient,4
especially,4
article,4
those,4
influence,4
perfect,3
frequent,3
iio,3
inward,3
me,3
usually,3
been,3
know,3
explicit,3
notion,3
becomes,3
object,3
goes,3
appear,3
after,3
similar,3
approved,3
security,3
inconsistent,3
distinct,3
detail,3
neither,3
exercised,3
grounds,3
clearly,3
before,3
comes,3
chief,3
quotations,3
sit,3
implied,3
statement,3
considers,3
claims,3
hence,3
submit,3
according,3
expressed,3
shows,3
nothing,3
advantage,3
argue,3
regard,3
time,3
inconsistency,3
absolutely,3
better,3
hint,3
following,3
criteria,3
let,3
side,3
well,3
hath,3
circumstances,3
felt,3
emphasis,3
used,3
pursue,3
little,3
including,3
example,3
judge,3
due,3
subject,3
rather,3
human,3
thus,3
strong,3
bishop,3
single,3
considering,3
approbation,3
against,3
xxiii,3
publication,3
times,3
evidence,3
sentence,3
morally,3
relation,3
c,3
deliberate,3
criterion,3
find,3
christians,3
up,3
vice,3
taylor,3
tendency,3
value,3
higher,2
superiority,2
now,2
suggestion,2
mostly,2
likely,2
situation,2
power,2
foreshadowing,2
doubts,2
passim,2
give,2
note,2
fairly,2
aimed,2
opponent,2
practical,2
till,2
remain,2
selflove,2
fear,2
difficult,2
idea,2
ordinary,2
determine,2
get,2
intuitionist,2
insist,2
seen,2
relations,2
detailed,2
still,2
dealt,2
per,2
manifest,2
importance,2
se,2
deals,2
discover,2
doubted,2
religious,2
revelation,2
satisfaction,2
system,2
distant,2
objections,2
feel,2
word,2
violate,2
numberless,2
namely,2
interpretation,2
concerning,2
conscious,2
notwithstanding,2
evil,2
improvement,2
familiar,2
into,2
depends,2
rarely,2
seeing,2
cit,2
takes,2
rightly,2
elsewhere,2
unnatural,2
weak,2
leads,2
simply,2
published,2
quotes,2
interests,2
inseparable,2
adapted,2
might,2
footnote,2
christ,2
deficiencies,2
secured,2
whereas,2
greater,2
behaviour,2
benevolence,2
disinterested,2
speaks,2
expression,2
sarcastic,2
opposition,2
seem,2
conduct,2
xii,2
together,2
found,2
agree,2
sure,2
throughout,2
indifferent,2
iii,2
come,2
strictest,2
how,2
end,2
audience,2
approve,2
take,2
really,2
last,2
mind,2
further,2
truth,2
mr,2
somewhat,2
attain,2
carefully,2
liking,2
settled,2
appears,2
less,2
disapproved,2
supports,2
placed,2
your,2
perhaps,2
plain,2
explain,2
agrees,2
applied,2
problem,2
clinch,2
doctrine,2
pursued,2
amongst,2
secure,2
design,2
rationality,2
voice,2
another,2
keeping,2
vol,2
brings,2
competent,2
r,2
work,2
suggests,2
realized,2
remember,2
strict,2
future,2
restrained,2
unless,2
force,2
soever,2
x,2
proved,2
supreme,2
administration,2
entirely,2
fragment,2
appetities,2
constituted,2
although,2
obvious,2
like,2
prepared,2
vices,2
review,2
office,2
spooner,2
favourite,2
difficulties,2
development,2
accounted,2
reality,2
op,2
points,2
naturally,2
attended,2
wish,2
misery,2
deliberation,2
held,2
happy,2
individual,2
arise,2
judges,2
occurs,2
change,2
perfectly,2
need,2
immediate,2
correct,2
type,2
delivery,2
consists,2
recourse,2
anyone,2
thing,2
unguarded,2
obiter,2
phrase,2
persuade,2
sake,2
ignorance,2
honest,2
several,2
supported,2
dishonesty,2
allowed,2
conduciveness,2
distinguished,2
mossner,2
away,2
rest,2
below,2
resentment,2
abstracted,2
occasion,2
provided,2
reflex,2
awareness,2
manner,2
justice,2
dictum,2
constitution,2
incentive,2
discernment,1
final,1
affords,1
productiveness,1
marked,1
bring,1
expense,1
opposed,1
matters,1
fallibility,1
propension,1
led,1
possessed,1
assigned,1
debated,1
avoids,1
seizes,1
added,1
whose,1
natures,1
page,1
magisterially,1
matter,1
imitate,1
interpret,1
obey,1
mentions,1
purely,1
wanting,1
five,1
concern,1
criminal,1
hy,1
judgments,1
short,1
adds,1
appearances,1
abhorrence,1
signs,1
created,1
result,1
claimed,1
calmness,1
sort,1
enlightened,1
represent,1
judging,1
asking,1
influential,1
deserve,1
affected,1
address,1
stopped,1
drawing,1
insufficient,1
merits,1
purports,1
succour,1
incapacitate,1
accepted,1
noticing,1
exerts,1
truer,1
ultimate,1
opportunity,1
bias,1
priority,1
determined,1
non,1
connected,1
ex,1
nay,1
wickedly,1
movement,1
length,1
christian,1
strange,1
cultivate,1
mistaken,1
denied,1
inspired,1
hypothesi,1
opposes,1
imperfection,1
properly,1
immovable,1
tend,1
white,1
sidgwick,1
impulses,1
undergo,1
loc,1
advised,1
productive,1
prevalent,1
formed,1
respect,1
english,1
enforced,1
types,1
h,1
comment,1
infinitely,1
fair,1
injury,1
intimation,1
studies,1
insistence,1
perceptions,1
spurs,1
modern,1
carelessness,1
effectual,1
bad,1
satisfied,1
affect,1
coincident,1
blows,1
dodge,1
manifestly,1
censure,1
university,1
possibly,1
structure,1
inconsistencies,1
objects,1
supply,1
fixed,1
talking,1
established,1
supposing,1
necessarily,1
arguments,1
duties,1
history,1
summarizes,1
repeated,1
cover,1
laid,1
appearing,1
home,1
dated,1
small,1
fifteen,1
presumably,1
light,1
conceding,1
seemsi,1
something,1
indifferency,1
swayed,1
ed,1
conclusion,1
source,1
words,1
listed,1
prevent,1
apud,1
hints,1
age,1
damaging,1
inclinations,1
said,1
reprinted,1
additional,1
too,1
continues,1
piety,1
pace,1
powerful,1
refer,1
t,1
beyond,1
indications,1
unsuitable,1
observation,1
rival,1
love,1
temporal,1
philosophers,1
alteration,1
immediateness,1
dispositions,1
members,1
requires,1
engrosses,1
uniformly,1
preceding,1
hereafter,1
instance,1
connection,1
useful,1
willing,1
turn,1
thesis,1
alternative,1
belief,1
care,1
originally,1
likewise,1
regarding,1
stated,1
wicked,1
rebelliously,1
consitution,1
vols,1
again,1
stating,1
similarly,1
forcibly,1
perverseness,1
prescribes,1
discussions,1
quarrel,1
prudential,1
summarize,1
each,1
towards,1
concede,1
opponents,1
nice,1
summing,1
injuring,1
editions,1
virtuously,1
definition,1
different,1
worth,1
unjust,1
professed,1
inclined,1
able,1
rivals,1
pronouncement,1
estimation,1
viz,1
allow,1
head,1
best,1
recurrent,1
uneasy,1
suggesting,1
opposing,1
daily,1
eudaemonism,1
strength,1
vicious,1
multiplicity,1
choice,1
imaginary,1
origin,1
children,1
enable,1
contradict,1
rule,1
compatible,1
eudaemonist,1
pointed,1
reply,1
calm,1
badness,1
determinately,1
composition,1
slight,1
delusion,1
near,1
contemporary,1
false,1
prevail,1
scepticism,1
imperfect,1
seldom,1
help,1
nullify,1
believed,1
interpretations,1
habit,1
philosophical,1
attaining,1
base,1
reasons,1
works,1
fellow,1
term,1
main,1
merely,1
consist,1
person,1
state,1
took,1
date,1
disapprobation,1
emphasized,1
secondly,1
beginning,1
follies,1
access,1
variance,1
briefly,1
equal,1
advantages,1
offered,1
day,1
alike,1
replies,1
mainly,1
professes,1
economy,1
accordingly,1
affirm,1
purposes,1
condemns,1
discharge,1
tries,1
context,1
distinguishes,1
relevant,1
sensual,1
recently,1
ad,1
persons,1
cause,1
british,1
making,1
references,1
want,1
nind,1
happier,1
priori,1
conformably,1
however,1
deep,1
reiterated,1
hypothetical,1
spur,1
college,1
darkness,1
plea,1
unnecessary,1
asleep,1
leaving,1
directly,1
extent,1
advise,1
triumph,1
gives,1
apt,1
everything,1
fully,1
utilitarian,1
notice,1
primary,1
actuating,1
contrariety,1
moralists,1
realize,1
rests,1
wrongly,1
require,1
labours,1
seth,1
produce,1
indirectly,1
assumes,1
struggling,1
almost,1
imagine,1
original,1
demonstrated,1
rectitude,1
scheme,1
capable,1
referred,1
steady,1
egoist,1
simple,1
xv,1
implications,1
shame,1
intimate,1
drive,1
develop,1
astray,1
appeals,1
easier,1
reflectionalmost,1
move,1
epithet,1
level,1
carries,1
irrational,1
writers,1
matthews,1
necessity,1
son,1
expected,1
claim,1
prevails,1
favourable,1
adjudged,1
forsaking,1
uniform,1
purpose,1
previously,1
sent,1
conception,1
calls,1
sufficiently,1
apply,1
regulate,1
easy,1
undoubtedly,1
judgment,1
identity,1
clearest,1
inviolable,1
directness,1
ignorant,1
denies,1
corrupts,1
practically,1
unfortunately,1
theirs,1
absurd,1
obtain,1
prejudice,1
earlier,1
granted,1
pursuing,1
assume,1
partly,1
morality,1
commendable,1
institution,1
qua,1
stress,1
people,1
pleasure,1
render,1
writing,1
runs,1
proportion,1
actual,1
business,1
maintains,1
eligible,1
consideriag,1
remarks,1
merit,1
upheld,1
theological,1
violated,1
chosen,1
full,1
deliverances,1
appreciative,1
ones,1
promoted,1
peculiar,1
selfpartiality,1
sensibility,1
ultimately,1
generation,1
showing,1
vii,1
distinguish,1
alan,1
argues,1
knew,1
observable,1
open,1
diverted,1
relative,1
equates,1
three,1
rationalization,1
else,1
count,1
modem,1
refuse,1
hierarchy,1
restraint,1
demonstrably,1
blindness,1
urge,1
harm,1
objection,1
anticipate,1
joined,1
infallible,1
authoritative,1
thirdly,1
degrade,1
piece,1
belongs,1
fidelity,1
features,1
writer,1
seldomer,1
excuse,1
immediacy,1
generality,1
you,1
philosop,1
utmost,1
forced,1
order,1
defined,1
summarizing,1
probable,1
endeavouring,1
emphasizes,1
instinct,1
preservation,1
pronounces,1
long,1
denote,1
pages,1
places,1
seeks,1
behaving,1
decide,1
ages,1
characteristics,1
inclination,1
specific,1
intercourse,1
few,1
convincing,1
pain,1
concerns,1
body,1
highest,1
strongest,1
parallel,1
methods,1
distinctions,1
temporary,1
unreflective,1
psychological,1
second,1
difficulty,1
agents,1
tautological,1
happinessloving,1
suitable,1
accustom,1
reference,1
resolves,1
honour,1
conclude,1
justification,1
consulted,1
declares,1
misleading,1
reached,1
scorn,1
prevalency,1
gratify,1
compare,1
firstly,1
follows,1
reasonableness,1
egoism,1
upholding,1
secures,1
intention,1
lie,1
treating,1
repeats,1
results,1
proper,1
save,1
sine,1
impressed,1
among,1
y,1
deeply,1
answers,1
recent,1
govern,1
plausible,1
attend,1
famous,1
guard,1
honestly,1
consciences,1
understood,1
doing,1
advises,1
weakness,1
attention,1
hull,1
feeling,1
nearest,1
infinite,1
dictated,1
error,1
excellently,1
occur,1
perception,1
clarification,1
seemed,1
avoid,1
xxv,1
collates,1
hypothesis,1
