WORDCOUNTS,WEIGHT
the,529
of,272
in,227
and,140
to,137
a,135
is,98
as,81
p,58
that,52
manuscript,49
kelpius,48
with,48
for,47
be,47
by,45
it,44
s,39
this,39
not,38
are,36
music,34
journal,33
which,32
on,32
i,31
have,31
his,29
was,27
one,26
an,25
from,24
at,23
also,22
we,22
there,20
no,20
new,20
been,20
der,20
had,19
or,19
german,18
only,17
may,16
more,16
can,16
they,15
such,15
von,15
its,15
pp,15
two,15
pennsylvania,15
bass,15
american,14
however,14
religious,14
who,14
has,13
hidden,13
love,13
time,13
sachse,13
d,13
ms,12
first,12
f,12
original,12
voice,12
known,12
church,11
other,11
philadelphia,11
found,11
society,11
he,11
york,11
name,11
book,11
considered,11
e,10
composer,10
lamenting,10
j,10
when,10
musical,10
same,10
but,10
evidence,10
group,9
english,9
m,9
part,9
wrote,9
so,9
germantown,9
rosenroth,9
while,9
our,9
early,9
if,8
history,8
being,8
all,8
vol,8
some,8
even,8
hymns,8
under,8
appeared,8
hand,8
pietists,8
number,8
figured,8
very,8
them,8
die,8
years,8
texts,8
hymn,8
arnold,8
handwriting,7
words,7
etc,7
letter,7
thus,7
than,7
n,7
show,7
johann,7
small,7
und,7
letters,7
these,7
many,7
shows,7
any,7
text,7
according,7
between,7
much,7
page,6
melody,6
word,6
h,6
into,6
title,6
before,6
leipzig,6
seems,6
written,6
america,6
realization,6
dates,6
johannes,6
their,6
consider,6
w,6
london,6
musicological,6
magister,6
identical,6
christian,6
sometimes,6
usually,6
pietism,6
few,6
did,6
zimmermann,6
continuo,6
c,6
should,6
does,5
songs,5
cit,5
long,5
ii,5
script,5
those,5
knorr,5
century,5
left,5
without,5
rather,5
pages,5
appear,5
could,5
singing,5
used,5
tune,5
contains,5
gottfried,5
notes,5
matter,5
indeed,5
still,5
above,5
complete,5
see,5
belief,5
wilderness,5
made,5
use,5
op,5
would,5
period,5
after,5
probably,5
initials,5
composed,5
tunes,5
down,5
then,5
particularly,5
form,5
statement,5
both,5
given,5
mostly,4
o,4
way,4
true,4
mit,4
character,4
sources,4
follows,4
ephrata,4
far,4
chorale,4
since,4
author,4
expected,4
nor,4
old,4
find,4
accompaniment,4
baroque,4
general,4
l,4
earlier,4
b,4
certain,4
quoted,4
edition,4
das,4
appears,4
because,4
r,4
example,4
whole,4
place,4
people,4
around,4
notation,4
will,4
minor,4
octave,4
settings,4
us,4
toward,4
death,4
fact,4
great,4
enough,4
do,4
where,4
less,4
practice,4
examples,4
ibid,4
were,4
held,4
parts,4
him,4
niedt,4
practical,4
often,4
wissahickon,4
mentioned,4
each,4
different,4
historical,4
particular,4
neuer,4
des,4
translated,4
helicon,4
organists,4
writing,4
shown,4
similarity,4
playing,4
themselves,4
among,4
frequent,3
go,3
done,3
concerned,3
later,3
mystical,3
alderfer,3
introduction,3
sophia,3
source,3
else,3
t,3
modest,3
setting,3
taken,3
containing,3
able,3
alignment,3
robert,3
british,3
case,3
translations,3
right,3
howard,3
marked,3
pietistic,3
except,3
mensural,3
divine,3
characteristic,3
relatively,3
melodies,3
peculiarity,3
instruments,3
apparently,3
gott,3
ex,3
similar,3
lay,3
space,3
reason,3
soul,3
university,3
dated,3
clearly,3
days,3
instrument,3
drummond,3
frequently,3
warmer,3
footnote,3
changed,3
poetry,3
im,3
late,3
method,3
well,3
line,3
work,3
own,3
someone,3
poet,3
always,3
kumber,3
rosicrucian,3
therefore,3
arrangement,3
awkward,3
arrangements,3
read,3
god,3
williams,3
skill,3
mentions,3
christ,3
lack,3
idea,3
john,3
everything,3
fashion,3
v,3
keyboard,3
existing,3
necessary,3
perhaps,3
dots,3
sufficiently,3
mysticism,3
pansophistic,3
described,3
like,3
claim,3
study,3
figures,3
european,3
me,3
note,3
seen,3
translation,3
detailed,3
life,3
praise,3
eventually,3
following,3
version,3
must,3
here,3
over,3
paper,3
connection,3
capital,3
gesangbuch,3
report,3
type,3
person,3
william,3
what,3
references,3
problem,3
her,3
generally,3
up,3
falckner,3
freylinghausen,3
zahn,3
song,3
come,3
julius,3
copies,3
instead,3
justus,3
regular,3
organ,3
evidently,3
difficult,2
librarian,2
now,2
keller,2
know,2
scholar,2
created,2
considerably,2
spener,2
xviiith,2
transcribed,2
earthly,2
easily,2
francis,2
lower,2
said,2
came,2
seidensticker,2
stressed,2
certainly,2
creation,2
originally,2
aria,2
repr,2
downstroke,2
copy,2
leading,2
simple,2
polyphonic,2
imaginary,2
composition,2
kirchen,2
hands,2
feature,2
mind,2
date,2
zu,2
mr,2
somewhat,2
within,2
ad,2
nowhere,2
dr,2
printz,2
unfigured,2
say,2
sent,2
apply,2
tablatures,2
himself,2
explained,2
development,2
quality,2
g,2
interest,2
reproduced,2
cf,2
musik,2
cases,2
served,2
brackets,2
compare,2
look,2
handleitung,2
corrected,2
details,2
occasion,2
master,2
festschrift,2
seventh,2
ab,2
whose,2
identification,2
performance,2
possession,2
gliickseligkeit,2
goes,2
special,2
hocker,2
devotion,2
lutheran,2
settled,2
kummer,2
k,2
upper,2
four,2
important,2
preference,2
protestant,2
view,2
closely,2
lead,2
whom,2
path,2
out,2
abbey,2
arched,2
halle,2
base,2
realizations,2
founder,2
oder,2
shall,2
indirect,2
improvise,2
seiner,2
final,2
instrumental,2
prayer,2
near,2
transcription,2
having,2
basis,2
island,2
writers,2
konrad,2
composers,2
art,2
during,2
sich,2
dolmetsch,2
doubtful,2
miss,2
xviith,2
dresden,2
errors,2
ist,2
field,2
lee,2
straight,2
next,2
order,2
quite,2
family,2
several,2
mitchell,2
sufficient,2
organist,2
quakers,2
chords,2
world,2
hermann,2
tacitus,2
am,2
gordon,2
haas,2
led,2
likely,2
strokes,2
spelled,2
service,2
community,2
july,2
movement,2
unfamiliar,2
positive,2
single,2
relationship,2
about,2
oxford,2
ed,2
scriptures,2
friedrich,2
already,2
misery,2
considers,2
satirical,2
stated,2
again,2
others,2
discussed,2
occurrence,2
pressure,2
copied,2
children,2
man,2
tablature,2
forms,2
niirnberg,2
rounder,2
free,2
degree,2
private,2
greatest,2
considering,2
upon,2
frowned,2
microfilm,2
attributed,2
expression,2
forsaken,2
refers,2
services,2
sic,2
complicated,2
significance,2
compositions,2
inconspicuous,2
three,2
vitaliano,2
express,2
ephratense,2
curve,2
ge,2
kept,2
anyone,2
latter,2
repeated,2
anybody,2
inscribed,2
comparing,2
article,2
beissel,2
mainly,2
authorship,2
basically,2
she,2
claimed,2
chronicon,2
itself,2
earliest,2
poets,2
wr,2
ever,2
too,2
characteristics,2
giitersloh,2
welt,2
tendencies,2
seem,2
believe,2
sonneck,2
modality,2
lancaster,2
continuos,2
auffiihrungspraxis,2
einem,2
penn,2
whether,2
list,2
ich,2
signature,2
schering,2
strings,2
bukofzer,2
occasionally,2
through,2
became,2
ac,2
subject,2
conventional,2
seelig,2
merchant,2
manfred,2
voyage,2
max,2
models,2
unable,2
course,2
contributed,2
geistreiches,2
states,2
writer,2
you,2
speak,2
reformation,2
specific,2
reached,2
treble,2
christina,2
occur,2
mouth,2
thorough,2
kurt,1
bietigheim,1
kan,1
miraculous,1
huntington,1
inward,1
personally,1
deny,1
babilonish,1
dann,1
horizontal,1
common,1
hoef,1
indicated,1
implying,1
rev,1
ttlichen,1
personalized,1
prudentius,1
unmiindigen,1
praised,1
represent,1
saiten,1
extreme,1
jane,1
kelpiana,1
mysteries,1
perfection,1
trans,1
ordination,1
flute,1
decipher,1
undecided,1
string,1
disregard,1
germany,1
center,1
transylvanus,1
needed,1
obsolete,1
denied,1
cadences,1
identify,1
stone,1
kumr,1
formed,1
second,1
continent,1
ways,1
autograph,1
wccuh,1
mundus,1
completely,1
jonathan,1
ecstases,1
spirit,1
planatations,1
doubts,1
sperrt,1
position,1
western,1
necessarily,1
cadence,1
proven,1
unlike,1
piping,1
elbow,1
accomplishments,1
schaffhausen,1
kinkeldey,1
eye,1
du,1
neun,1
curves,1
women,1
gewidmet,1
experience,1
miinchen,1
consistent,1
member,1
anything,1
evangelischen,1
dichter,1
titles,1
swedish,1
frankfurt,1
faithfulness,1
voices,1
discovers,1
interests,1
illuminations,1
constable,1
derselben,1
missarum,1
deutschen,1
might,1
spencer,1
progression,1
rare,1
hark,1
hermits,1
nature,1
gerson,1
editions,1
deutschtums,1
comedy,1
ausland,1
gerrevink,1
principles,1
oval,1
europe,1
atl,1
blown,1
babylon,1
remark,1
bavaria,1
sang,1
agrippa,1
pivot,1
studied,1
transferred,1
revival,1
hundred,1
thut,1
liturgy,1
loops,1
resulting,1
real,1
hbrii,1
grul,1
chancellor,1
improved,1
erich,1
greatly,1
precisely,1
sacred,1
raised,1
indulgence,1
aterbenl,1
ours,1
favoring,1
signs,1
daniel,1
bohemia,1
papers,1
contents,1
trumpets,1
system,1
con,1
apostles,1
habitual,1
cabalist,1
niirnberger,1
plain,1
key,1
av,1
advice,1
sects,1
motion,1
arrive,1
gesprdch,1
jack,1
chapter,1
pagination,1
unter,1
prior,1
possible,1
joh,1
upward,1
chiliastic,1
rutherford,1
ih,1
slight,1
establishing,1
powers,1
alter,1
october,1
bibliography,1
kirkpatrick,1
triads,1
kleine,1
weisheit,1
roumania,1
doctrinal,1
variations,1
mum,1
x,1
therunto,1
gesangbiicher,1
bottom,1
copie,1
persecuted,1
resembling,1
spinnet,1
solo,1
representing,1
earand,1
pastorius,1
holland,1
sign,1
harmony,1
corresponding,1
literaturgeschichte,1
doll,1
evans,1
learned,1
repeatedly,1
human,1
regarding,1
pupil,1
pen,1
throughout,1
married,1
bridle,1
proceeded,1
dotted,1
aus,1
peculiarities,1
facts,1
representations,1
inner,1
village,1
bethle,1
farfetched,1
objective,1
calligraphic,1
embellishments,1
dei,1
spel,1
mlusicological,1
chordal,1
works,1
reconvalescent,1
witt,1
cabala,1
extensively,1
congregational,1
hat,1
kind,1
ai,1
priority,1
turn,1
wah,1
elements,1
ausschuss,1
self,1
immigrants,1
auswahl,1
david,1
document,1
chiliasts,1
mystic,1
depend,1
refer,1
body,1
quill,1
six,1
extraordinary,1
wiser,1
compared,1
libraries,1
third,1
consulted,1
jacob,1
frommer,1
rhythm,1
rawski,1
died,1
emigrating,1
vollends,1
student,1
purposefully,1
beat,1
spite,1
practically,1
reunited,1
eezifferung,1
deeply,1
posaunen,1
departed,1
coasts,1
worffen,1
auflage,1
pronounced,1
hardly,1
scripts,1
satyrischer,1
acted,1
ma,1
forgeries,1
sensations,1
quaint,1
longing,1
fourpart,1
van,1
higher,1
aim,1
disconsolate,1
wounds,1
poor,1
transposed,1
eines,1
wishes,1
simplified,1
biographie,1
oprest,1
town,1
added,1
hamburg,1
ka,1
essential,1
changings,1
upright,1
operations,1
exact,1
mistranslations,1
sulzbach,1
main,1
padta,1
across,1
developed,1
melodien,1
how,1
remain,1
edward,1
avocation,1
fessel,1
en,1
salecker,1
testaments,1
theil,1
myself,1
process,1
active,1
dealt,1
johanne,1
phrases,1
probability,1
teacher,1
thing,1
neuwied,1
direct,1
strange,1
disintegration,1
elaborate,1
cave,1
caspar,1
distant,1
bach,1
supposed,1
support,1
raymond,1
means,1
ungluckselige,1
determination,1
serve,1
servants,1
cause,1
possibly,1
signed,1
entry,1
established,1
philadelphianism,1
branch,1
wolffgang,1
latin,1
idiosyncrasy,1
elsewhere,1
former,1
house,1
strassburg,1
weak,1
argued,1
facsimile,1
listed,1
frag,1
bilder,1
most,1
montgomery,1
anonymously,1
heading,1
zimmerman,1
piety,1
ver,1
leidenschafften,1
readings,1
beyond,1
fiir,1
aufl,1
lubertus,1
overflown,1
ceremony,1
requires,1
isometric,1
terminology,1
chiliasm,1
componist,1
instance,1
answers,1
untrained,1
pious,1
care,1
lieg,1
opinion,1
coincide,1
neven,1
drawing,1
amazing,1
paragraph,1
disappeared,1
altdorf,1
kirchenmusik,1
nb,1
greater,1
hours,1
ordinarily,1
uses,1
result,1
my,1
clavichords,1
downstrokes,1
reprinted,1
gtre,1
accidentals,1
lovable,1
stroke,1
rule,1
begun,1
joy,1
typical,1
accents,1
adhered,1
amsterdam,1
conspicuous,1
deal,1
watermarks,1
facilitate,1
events,1
radical,1
melancholy,1
preacher,1
almost,1
handwritings,1
copernicans,1
geheimnis,1
further,1
fourth,1
correction,1
harve,1
transylvanian,1
embarrassing,1
furthermore,1
traced,1
traits,1
poverty,1
contrived,1
wishing,1
witnessed,1
purge,1
skilled,1
reservation,1
careless,1
recently,1
schneider,1
inches,1
persons,1
cannot,1
dispersal,1
correll,1
waldthurn,1
meininger,1
appearing,1
nothing,1
spiritual,1
guidance,1
required,1
beatitude,1
taught,1
ybungen,1
impression,1
scribe,1
shape,1
christianity,1
kirchenlieder,1
provincial,1
scripture,1
theological,1
trial,1
pietist,1
betrayed,1
correctly,1
strophic,1
unpartheyischen,1
received,1
preferred,1
hautboy,1
seligkeit,1
nearest,1
imagined,1
consequently,1
concept,1
county,1
purpose,1
knowledge,1
calls,1
secret,1
symbolism,1
related,1
hinausgeblasen,1
octaves,1
though,1
selbst,1
lovely,1
year,1
wiinsch,1
realm,1
gave,1
giiter,1
felix,1
older,1
editorial,1
literally,1
collective,1
sickbed,1
neue,1
nach,1
hikes,1
binding,1
et,1
popular,1
knorrm,1
personal,1
justification,1
millenium,1
lazy,1
xviii,1
queer,1
showing,1
strengthened,1
urn,1
holy,1
markedly,1
minds,1
count,1
approach,1
lamech,1
landeskunde,1
dissenters,1
earth,1
ren,1
published,1
least,1
tudor,1
describing,1
presented,1
below,1
elect,1
cold,1
revolution,1
seized,1
dictionary,1
speculations,1
urfey,1
contrast,1
fibrige,1
reichmann,1
settlement,1
heart,1
event,1
zesen,1
intervals,1
wrist,1
habitation,1
beenr,1
shapes,1
eleven,1
june,1
betook,1
concerns,1
highly,1
lufft,1
colloquium,1
leather,1
depression,1
temporary,1
hebrew,1
brought,1
gefangniis,1
revaled,1
adhere,1
reported,1
distinguished,1
mel,1
geheimer,1
endued,1
yielded,1
miracles,1
churches,1
treasures,1
customary,1
annual,1
photographically,1
dependent,1
gloria,1
proper,1
pa,1
correspondence,1
teutsch,1
peculiar,1
appropriate,1
value,1
newly,1
finds,1
erhalten,1
fortsetzung,1
waiting,1
valuable,1
onger,1
seelen,1
musically,1
thon,1
churchill,1
san,1
approximate,1
situation,1
piano,1
astrologer,1
territorial,1
ridge,1
entitled,1
abovementioned,1
numerals,1
geistliche,1
cabbalistic,1
appearances,1
located,1
ia,1
cumber,1
vols,1
limited,1
embarkation,1
somebody,1
hubert,1
warner,1
visionary,1
april,1
prove,1
weary,1
judgment,1
make,1
indicates,1
experiences,1
standing,1
pedals,1
gute,1
wind,1
suppose,1
betray,1
hold,1
kelpio,1
inspirations,1
inspeakings,1
vicinity,1
bodys,1
lutheranism,1
once,1
edited,1
magus,1
interpretation,1
museum,1
liebhaber,1
reference,1
thru,1
emigrants,1
albert,1
soon,1
england,1
hier,1
den,1
formally,1
inspiration,1
deviations,1
neither,1
specimens,1
protestants,1
siebenbiirgische,1
home,1
modestly,1
assistance,1
watson,1
teaching,1
warmerin,1
colored,1
performers,1
si,1
oswald,1
envr,1
reports,1
emotional,1
leaps,1
thowu,1
erliiuterung,1
replaces,1
noted,1
increasingly,1
apparitions,1
erkdntniss,1
chose,1
hermannstadt,1
fb,1
party,1
disposition,1
leader,1
lewis,1
wohl,1
orbilius,1
heritage,1
power,1
available,1
conceived,1
similarly,1
printing,1
towns,1
evangelische,1
flat,1
watermarked,1
experienced,1
deutsche,1
accompanist,1
lengthy,1
coincidence,1
scholars,1
striking,1
stanza,1
xlv,1
creative,1
unidentified,1
beliefs,1
husband,1
musicians,1
divergencies,1
sli,1
kendall,1
educated,1
manifested,1
theologian,1
faults,1
loop,1
duluth,1
contemporary,1
doubt,1
dull,1
polymeter,1
pieces,1
cooperated,1
christlicher,1
patterns,1
conclusions,1
leade,1
model,1
secular,1
ketzerhistorie,1
orthodoxy,1
karl,1
underlaying,1
council,1
psalms,1
apears,1
mystics,1
brauwer,1
books,1
sung,1
heinichen,1
style,1
gives,1
mill,1
day,1
remained,1
minded,1
hesitate,1
compose,1
microscopic,1
hess,1
strunk,1
investigated,1
discussion,1
background,1
observable,1
tonality,1
discovery,1
accompanying,1
eighteenth,1
represented,1
inscription,1
desert,1
bookbinder,1
instrumentalmusic,1
moan,1
coffin,1
sixth,1
blume,1
donald,1
cier,1
missives,1
worship,1
identity,1
encouraged,1
mitilenus,1
entirely,1
unfortunately,1
religiously,1
falscher,1
wonderful,1
additions,1
virtually,1
ien,1
harmonized,1
revelations,1
gepfeiffe,1
gliick,1
bed,1
questions,1
trend,1
actual,1
resolved,1
continue,1
merit,1
babes,1
full,1
heinrich,1
congregation,1
dismissed,1
deserto,1
vii,1
versions,1
warmers,1
edification,1
whoever,1
baptists,1
jose,1
stress,1
vat,1
ah,1
essay,1
august,1
eve,1
individual,1
christopher,1
times,1
pride,1
ri,1
philipp,1
auss,1
fellow,1
features,1
leanings,1
serves,1
ernst,1
obtained,1
fastings,1
spirits,1
attributing,1
last,1
vom,1
thomas,1
pills,1
chedi,1
ktster,1
schwebenden,1
graves,1
facing,1
outside,1
labour,1
eingeffihret,1
reads,1
lift,1
relation,1
einsiedler,1
topics,1
nobody,1
teach,1
unto,1
structure,1
january,1
enemies,1
heilige,1
improbable,1
slightly,1
attracted,1
bsr,1
nacht,1
pensylvaniam,1
tendency,1
attend,1
cenfturies,1
professional,1
transfigurations,1
ago,1
synoptic,1
deranm,1
greek,1
widely,1
brown,1
separate,1
infants,1
grout,1
dealing,1
musikalische,1
momfort,1
accepting,1
indication,1
bon,1
verses,1
amicos,1
pro,1
circle,1
spelling,1
bars,1
apprentices,1
chance,1
bodky,1
plays,1
gethan,1
gleichsam,1
widespread,1
edna,1
multitude,1
lost,1
un,1
modified,1
bears,1
basso,1
philosopher,1
sensual,1
improvising,1
deals,1
compiling,1
why,1
es,1
inspired,1
responsible,1
extra,1
lowered,1
analysis,1
pennsylvanian,1
blood,1
existed,1
fall,1
united,1
kassel,1
dead,1
respect,1
ing,1
xxviff,1
seinen,1
trills,1
rath,1
centuries,1
face,1
peculier,1
combines,1
problematic,1
eugene,1
seeberg,1
harmonies,1
investigate,1
blurred,1
addressed,1
voltl,1
dissertation,1
school,1
assistant,1
kempis,1
contained,1
curious,1
sexes,1
herausgegeben,1
schule,1
comes,1
vania,1
alchemy,1
gelangen,1
changing,1
comparison,1
someday,1
sch,1
ve,1
struck,1
wisahickon,1
unbroken,1
hochwilrden,1
ridiculed,1
invitation,1
ralph,1
occurrences,1
rotterdam,1
doi,1
loving,1
set,1
agony,1
historie,1
uja,1
natural,1
sure,1
dare,1
country,1
hem,1
repaid,1
inclined,1
interested,1
best,1
alle,1
nothi,1
practised,1
sittenlieder,1
printed,1
suspensions,1
half,1
luther,1
vielem,1
regard,1
counting,1
iii,1
compliance,1
hermitage,1
ff,1
ir,1
fills,1
geschichte,1
examining,1
past,1
just,1
conrad,1
oliver,1
pensive,1
better,1
evident,1
turned,1
hint,1
beginning,1
stature,1
born,1
wit,1
felssecker,1
unlikely,1
todtl,1
explanations,1
erwin,1
carefully,1
reign,1
prefers,1
ones,1
calif,1
copia,1
imposed,1
add,1
feb,1
textbook,1
bernhard,1
mere,1
extent,1
tending,1
zur,1
expressly,1
presumable,1
anfiinge,1
require,1
produce,1
property,1
influenced,1
treatises,1
observations,1
vereins,1
contain,1
exclusively,1
size,1
phrynis,1
spaces,1
agreeable,1
wahren,1
gratitude,1
mir,1
romantically,1
marking,1
biography,1
outline,1
apparatus,1
level,1
owner,1
circumstances,1
preserved,1
met,1
introduced,1
dy,1
wording,1
easy,1
minnesota,1
turns,1
activity,1
fu,1
lies,1
step,1
happens,1
territory,1
adapted,1
families,1
phoenix,1
counts,1
think,1
varied,1
leap,1
named,1
devoted,1
until,1
editor,1
prophesies,1
difference,1
nun,1
pseud,1
mirth,1
stoudt,1
allgemeine,1
numerous,1
accept,1
mitteln,1
laymen,1
joined,1
transylvano,1
umlaut,1
although,1
integrated,1
followed,1
gen,1
scalar,1
celibacy,1
clues,1
steven,1
limitations,1
oldest,1
extremely,1
remains,1
chiliast,1
classification,1
keyed,1
ruth,1
vi,1
clarionette,1
cantor,1
musen,1
hans,1
virginal,1
klein,1
fol,1
arrived,1
kauffman,1
lily,1
smooth,1
palatine,1
egmond,1
era,1
germantaun,1
literarum,1
element,1
valley,1
documentary,1
little,1
traditional,1
eb,1
paradysical,1
grace,1
cba,1
tasker,1
unexpectedly,1
famous,1
infancy,1
cross,1
deula,1
meeting,1
ca,1
andacht,1
close,1
otto,1
anastasius,1
musicalische,1
hypothesis,1
