WORDCOUNTS,WEIGHT
the,38
to,15
and,15
of,14
on,14
in,13
at,12
will,12
a,11
i,10
love,9
is,8
that,8
as,7
my,7
are,6
her,6
still,5
with,5
has,5
been,4
they,4
inches,4
o,4
but,4
great,4
art,4
pipe,4
it,3
me,3
their,3
specimens,3
n,3
from,3
w,3
by,3
s,3
appear,3
could,3
shall,3
con,3
sent,3
have,3
concert,3
find,3
mr,3
no,2
his,2
brief,2
who,2
april,2
american,2
kaldenberg,2
length,2
into,2
these,2
carl,2
was,2
give,2
beautiful,2
j,2
for,2
stand,2
them,2
form,2
cannot,2
firm,2
hall,2
heart,2
sea,2
city,2
its,2
bowl,2
sweet,2
friday,2
our,2
which,2
messrs,2
this,2
lonely,2
change,2
evening,2
so,2
an,2
next,2
lie,2
standard,2
cert,2
loving,2
those,2
may,1
carved,1
f,1
battle,1
eternity,1
now,1
shiall,1
philadelphia,1
wishes,1
recognized,1
m,1
likeness,1
clara,1
coldness,1
overflowing,1
oin,1
george,1
l,1
short,1
couldl,1
tempted,1
winds,1
trenton,1
edmpe,1
en,1
return,1
trunk,1
ant,1
sorely,1
nigh,1
perfection,1
tb,1
ting,1
gift,1
prove,1
nestling,1
faitli,1
tor,1
sublimed,1
shone,1
surmnount,1
admira,1
one,1
life,1
star,1
commend,1
chlaste,1
bosom,1
ebbs,1
about,1
hope,1
once,1
buit,1
dead,1
expositlon,1
gave,1
rock,1
poznanski,1
months,1
ebb,1
olfsohn,1
vow,1
thursday,1
addition,1
represents,1
changes,1
morrow,1
genius,1
worshipped,1
flows,1
morgan,1
hair,1
place,1
or,1
toy,1
familiar,1
dramatist,1
any,1
watson,1
jersey,1
instrument,1
beautifal,1
macbeth,1
hegiet,1
grand,1
artists,1
most,1
arms,1
sundtay,1
ever,1
rack,1
moments,1
store,1
rison,1
rise,1
tears,1
known,1
exposition,1
sinks,1
surmounted,1
street,1
onie,1
fire,1
feiffrr,1
bly,1
more,1
also,1
deathl,1
drew,1
witches,1
shaks,1
fotr,1
fund,1
flow,1
peare,1
mighty,1
others,1
musical,1
quench,1
death,1
sunday,1
mme,1
mv,1
blest,1
all,1
rocklmy,1
grace,1
hours,1
head,1
only,1
advance,1
carving,1
reach,1
tour,1
height,1
good,1
europe,1
mlaking,1
entertainments,1
sprinxef,1
cecept,1
sleep,1
joy,1
solace,1
mlle,1
halall,1
time,1
out,1
ar,1
new,1
hear,1
john,1
worker,1
ligures,1
unto,1
there,1
living,1
deatlh,1
horses,1
men,1
places,1
meersebanin,1
readers,1
woo,1
aching,1
henry,1
paris,1
bg,1
present,1
napolcon,1
ber,1
heaven,1
andi,1
tist,1
burns,1
whether,1
recently,1
celebrated,1
see,1
orthly,1
she,1
excellent,1
concerts,1
globe,1
thirty,1
eye,1
deep,1
passed,1
tbe,1
twoin,1
your,1
woman,1
plain,1
lid,1
dream,1
linger,1
near,1
going,1
draw,1
ht,1
tlhese,1
mfr,1
imperial,1
years,1
none,1
almost,1
ancl,1
grouping,1
up,1
line,1
hoube,1
meerschaum,1
infant,1
ionable,1
work,1
andt,1
made,1
portraits,1
son,1
prest,1
roese,1
say,1
scorn,1
thickness,1
steinway,1
altogether,1
stairs,1
faitfiless,1
giving,1
muore,1
ten,1
owni,1
raven,1
canissa,1
audience,1
coime,1
steinkvay,1
monday,1
seated,1
surpass,1
exhibited,1
rare,1
hour,1
surveyingthe,1
were,1
elegant,1
than,1
whro,1
ficklle,1
flne,1
specimen,1
few,1
attraction,1
fickle,1
frout,1
doubtful,1
since,1
holy,1
amuber,1
course,1
orchestra,1
wednesday,1
te,1
field,1
ye,1
followed,1
sensation,1
exhausted,1
off,1
whoml,1
vain,1
thomas,1
mind,1
sufficient,1
organist,1
eleven,1
highest,1
eyes,1
executed,1
accorditng,1
faithless,1
certs,1
c,1
gaged,1
fash,1
usua,1
amber,1
be,1
hoboken,1
concrrts,1
liar,1
patterson,1
botb,1
when,1
aze,1
blue,1
df,1
journal,1
delightful,1
we,1
commence,1
beauty,1
cross,1
expire,1
wilr,1
occasion,1
meeting,1
altier,1
tuesday,1
tbrobbing,1
greek,1
am,1
rest,1
close,1
newark,1
mig,1
