WORDCOUNTS,WEIGHT
the,105
of,67
to,59
that,39
a,31
in,30
is,26
and,26
canal,22
love,21
study,20
it,19
for,18
be,17
as,13
not,11
with,11
by,11
picciano,11
from,10
are,10
epa,10
at,9
they,9
health,9
will,8
chromosome,8
science,8
have,8
if,7
was,7
any,7
s,7
residents,7
can,7
been,6
studies,6
scientists,6
what,6
has,6
justice,6
environmental,5
department,5
being,5
t,5
more,5
other,5
court,5
there,5
do,5
its,5
aberrations,5
such,5
value,5
does,4
cytogenetic,4
prove,4
about,4
albert,4
exposure,4
university,4
only,4
new,4
real,4
problem,4
chromosomal,4
don,4
says,4
evidence,4
would,4
panel,4
we,4
should,4
hooker,4
may,3
he,3
york,3
provide,3
scientific,3
risk,3
center,3
conducted,3
second,3
yet,3
under,3
or,3
shaw,3
but,3
cdc,3
problems,3
aberration,3
cytogeneticists,3
according,3
controversy,3
public,3
some,3
disease,3
roisman,3
apparent,3
apply,3
controls,3
families,3
people,3
were,3
review,3
harm,3
august,3
an,3
on,3
lawyers,3
effect,3
much,3
than,3
asked,3
things,2
situation,2
done,2
attorneys,2
no,2
his,2
corporation,2
still,2
began,2
legal,2
certain,2
kinds,2
when,2
citizens,2
dump,2
makes,2
epidemiological,2
give,2
us,2
proof,2
before,2
these,2
already,2
two,2
first,2
additional,2
anything,2
known,2
bender,2
defects,2
also,2
had,2
chemicals,2
came,2
lack,2
conduct,2
did,2
could,2
agree,2
issue,2
doubt,2
considerable,2
conclusions,2
continuing,2
tools,2
them,2
whether,2
everyone,2
see,2
toxic,2
case,2
cause,2
kimbrough,2
year,2
answer,2
right,2
produce,2
directly,2
information,2
having,2
almost,2
possible,2
future,2
relief,2
data,2
birth,2
bear,2
despite,2
show,2
dioxin,2
commissioned,2
measure,2
issues,2
broad,2
questions,2
think,2
which,2
relocation,2
believes,2
this,2
medical,2
arkansas,2
against,2
approach,2
national,2
chemical,2
next,2
panels,2
involved,2
potential,2
certainty,2
texas,2
impossible,2
debate,2
up,2
immediately,2
need,2
among,2
advised,2
decision,2
courts,1
vantage,1
barbara,1
final,1
resolve,1
ridge,1
difficult,1
threatened,1
rall,1
assessed,1
steps,1
defended,1
now,1
interesting,1
likely,1
experience,1
mess,1
accomplish,1
stated,1
without,1
wastes,1
galveston,1
way,1
meets,1
bringing,1
letters,1
concerned,1
anthony,1
humanitarian,1
bring,1
wary,1
willingly,1
convened,1
short,1
adds,1
defy,1
district,1
how,1
remain,1
claimed,1
renata,1
reasonable,1
notoriously,1
ordinary,1
get,1
object,1
politicians,1
community,1
neighborhood,1
bill,1
group,1
hazardous,1
executive,1
complex,1
one,1
peer,1
why,1
protocol,1
responsible,1
properly,1
uncertainties,1
fall,1
animals,1
consequences,1
criticism,1
auspices,1
harmed,1
reason,1
determination,1
contend,1
serve,1
requiring,1
happened,1
country,1
soon,1
rigorous,1
foreshadows,1
whereas,1
definitive,1
matters,1
policy,1
protection,1
legator,1
necessarily,1
included,1
dated,1
branch,1
instance,1
associated,1
complete,1
watson,1
margery,1
something,1
controlled,1
verdict,1
acknowledging,1
accumulating,1
situations,1
disputed,1
must,1
most,1
reports,1
lower,1
said,1
fact,1
exposed,1
rise,1
decidedly,1
beyond,1
attorney,1
continued,1
physical,1
dumps,1
wrong,1
dante,1
fast,1
rather,1
besides,1
buffalo,1
willing,1
jointly,1
human,1
law,1
houston,1
suit,1
causing,1
set,1
prompting,1
attempts,1
taken,1
quickly,1
know,1
faced,1
anomalies,1
drawing,1
renewed,1
acutely,1
attempt,1
over,1
humans,1
atlanta,1
control,1
each,1
all,1
thinks,1
addition,1
sure,1
baseline,1
residence,1
diseases,1
j,1
present,1
standards,1
efforts,1
spontaneous,1
different,1
explode,1
idea,1
fundamental,1
unknown,1
assess,1
our,1
pressure,1
together,1
plan,1
smoothly,1
broken,1
search,1
wall,1
planned,1
confusion,1
civic,1
report,1
choice,1
children,1
particularly,1
out,1
deal,1
able,1
demands,1
linked,1
demonstrating,1
criticisms,1
far,1
granting,1
thalidomide,1
survey,1
away,1
nevertheless,1
illness,1
vigorous,1
past,1
u,1
suits,1
boycott,1
assessment,1
term,1
hazards,1
last,1
marvin,1
academic,1
state,1
took,1
date,1
further,1
concepts,1
those,1
chain,1
subside,1
buried,1
technical,1
where,1
personnel,1
month,1
accepted,1
appears,1
offering,1
michael,1
less,1
want,1
particular,1
necessary,1
handled,1
biogenics,1
however,1
required,1
roy,1
explained,1
agrees,1
task,1
interpreting,1
gives,1
number,1
going,1
another,1
wants,1
draw,1
institute,1
require,1
solving,1
well,1
sites,1
original,1
jack,1
vol,1
thousands,1
quantities,1
hundreds,1
artifacts,1
used,1
minute,1
implement,1
i,1
who,1
throw,1
rocks,1
both,1
made,1
researchers,1
tool,1
clear,1
unless,1
apart,1
given,1
point,1
part,1
very,1
explains,1
relocated,1
laws,1
looking,1
calls,1
play,1
negative,1
duty,1
convinced,1
excessive,1
concern,1
plans,1
criticized,1
findings,1
waste,1
entrammeled,1
kids,1
stirring,1
fit,1
speedy,1
lesson,1
make,1
oak,1
tons,1
submitted,1
learned,1
laboratory,1
throughout,1
come,1
personal,1
false,1
surrounding,1
thrash,1
dismissed,1
nor,1
abortions,1
participate,1
shown,1
chaired,1
severe,1
won,1
years,1
difference,1
quality,1
own,1
pilot,1
following,1
endangerment,1
aware,1
interest,1
amounts,1
interpret,1
neoplastic,1
exerting,1
reconciling,1
officials,1
least,1
david,1
although,1
started,1
caused,1
genetics,1
collaboration,1
like,1
hard,1
american,1
useful,1
exam,1
pay,1
trees,1
involving,1
you,1
effects,1
forced,1
kind,1
order,1
devise,1
complicate,1
seeks,1
funds,1
precedent,1
refuses,1
quite,1
cases,1
extremely,1
decided,1
probabilities,1
presidential,1
increased,1
attention,1
quick,1
summary,1
perspective,1
needs,1
negotiations,1
soil,1
specific,1
june,1
accomplished,1
chromosomes,1
leaves,1
between,1
viewpoint,1
difficulty,1
presence,1
agency,1
research,1
straw,1
catalytic,1
aspirin,1
culliton,1
aaas,1
january,1
early,1
fears,1
seeking,1
distraught,1
sciences,1
surveys,1
develop,1
abandoned,1
copyright,1
re,1
results,1
aide,1
seek,1
recent,1
observed,1
longterm,1
brookhaven,1
hardly,1
handful,1
moved,1
settle,1
reluctant,1
increase,1
society,1
tennessee,1
