WORDCOUNTS,WEIGHT
the,72
and,39
of,34
a,33
to,33
in,25
prenuptial,18
agreement,16
for,15
or,13
s,13
be,11
that,10
issues,9
are,8
agreements,8
case,8
one,7
is,6
support,6
parties,6
property,6
software,6
an,6
at,5
may,5
as,5
with,5
management,5
by,5
law,5
drafting,5
prenup,5
ethical,5
on,5
master,5
often,4
consider,4
more,4
tabs,4
financial,4
divorce,4
agree,4
iii,4
time,4
children,4
sti,4
key,4
include,4
event,4
family,4
should,4
will,3
ments,3
go,3
estate,3
how,3
they,3
their,3
not,3
synchronization,3
forth,3
addressed,3
from,3
source,3
w,3
these,3
must,3
surface,3
billing,3
set,3
protect,3
serious,3
what,3
practice,3
your,3
discussion,3
uniform,3
user,3
representation,3
tions,3
which,3
need,3
you,3
elements,3
marriage,3
between,3
can,3
ment,3
courts,2
rights,2
it,2
critical,2
dual,2
attorneys,2
negotiation,2
advocate,2
client,2
act,2
later,2
been,2
generous,2
tial,2
starts,2
legal,2
group,2
religious,2
life,2
special,2
provisions,2
lawyer,2
prenups,2
consequences,2
morgan,2
considerations,2
disclosure,2
any,2
ed,2
seamless,2
provision,2
love,2
couples,2
enforceable,2
important,2
timeslips,2
palm,2
dren,2
assets,2
explores,2
timing,2
particularly,2
new,2
free,2
tracking,2
do,2
outset,2
those,2
manner,2
litigation,2
developing,2
them,2
ventrelli,2
chil,2
issue,2
con,2
has,2
divide,2
well,2
information,2
don,2
prior,2
clients,2
planning,2
pricing,2
both,2
laura,2
strategy,2
plans,2
com,2
factor,2
premarital,2
this,2
against,2
have,2
author,2
maintenance,2
resolving,2
integration,2
emphasizes,2
article,2
ts,2
c,2
frailty,2
when,2
focus,2
fee,2
anita,1
higher,1
schools,1
abacus,1
stl,1
currently,1
fa,1
second,1
impermeable,1
essential,1
obligations,1
today,1
dies,1
stilegal,1
no,1
ballman,1
lem,1
common,1
supporting,1
independent,1
schlissel,1
handicapped,1
linda,1
foreign,1
mark,1
stepchildren,1
spouse,1
cussion,1
intended,1
parent,1
college,1
preparing,1
handhelds,1
combined,1
bonds,1
who,1
etc,1
parents,1
view,1
coercion,1
says,1
expanded,1
activ,1
lives,1
passing,1
conversion,1
pclaw,1
costs,1
balanced,1
ongoing,1
hold,1
kinds,1
evidentiary,1
k,1
jurisdictions,1
lay,1
likely,1
respect,1
ing,1
drafted,1
sets,1
hotdocs,1
h,1
cab,1
watching,1
reason,1
factoring,1
understand,1
articles,1
modern,1
many,1
conscious,1
licenses,1
affect,1
want,1
matters,1
ne,1
stephen,1
protection,1
us,1
entry,1
ele,1
was,1
encourages,1
benefits,1
history,1
into,1
encourage,1
included,1
home,1
total,1
cushman,1
complete,1
juris,1
hnologyinc,1
negotia,1
same,1
requesting,1
lessons,1
fairness,1
comes,1
absence,1
reprint,1
without,1
four,1
mario,1
economically,1
being,1
duress,1
first,1
deferred,1
disclo,1
follow,1
scrutiny,1
sometimes,1
t,1
paperport,1
www,1
rebill,1
willard,1
party,1
every,1
prob,1
dasilva,1
also,1
calendaring,1
challenge,1
m,1
gather,1
outcome,1
planting,1
rapid,1
ears,1
over,1
reporting,1
deserves,1
sour,1
all,1
coordinate,1
sure,1
residence,1
j,1
destroy,1
amicus,1
different,1
bless,1
cial,1
other,1
focuses,1
authorities,1
best,1
could,1
outlook,1
pressure,1
entered,1
great,1
reasons,1
current,1
p,1
attack,1
er,1
users,1
handheld,1
reveal,1
full,1
court,1
invalidate,1
inherently,1
golden,1
i,1
subsequent,1
help,1
initial,1
living,1
cou,1
state,1
vlslt,1
gifts,1
contact,1
day,1
untitled,1
alimony,1
purchase,1
ity,1
continuing,1
protections,1
execution,1
require,1
whether,1
addresses,1
disabled,1
persons,1
reinforce,1
interview,1
cannot,1
strategies,1
upaa,1
younger,1
occasional,1
existence,1
sophisticated,1
statement,1
explored,1
perhaps,1
trust,1
required,1
problem,1
respec,1
task,1
money,1
lease,1
her,1
balance,1
primary,1
tal,1
undo,1
expenses,1
out,1
firm,1
realize,1
because,1
impact,1
anticipate,1
ravdin,1
produce,1
retain,1
interpreting,1
parley,1
nuances,1
interface,1
r,1
marriages,1
host,1
greatest,1
reveals,1
drive,1
scope,1
establishing,1
reduce,1
tent,1
explanation,1
worldox,1
careful,1
future,1
private,1
combination,1
patricia,1
x,1
through,1
tive,1
laws,1
knowledge,1
along,1
duty,1
vaca,1
easy,1
its,1
expand,1
louis,1
contract,1
techniques,1
top,1
ple,1
confidence,1
q,1
older,1
titled,1
during,1
sign,1
mention,1
aside,1
enforce,1
firms,1
goals,1
regarding,1
winter,1
strong,1
services,1
relates,1
throughout,1
come,1
selling,1
proliferation,1
vantaged,1
review,1
office,1
surrounding,1
complicated,1
prerequisites,1
versions,1
facts,1
such,1
years,1
editor,1
quality,1
celebrations,1
since,1
there,1
camps,1
authors,1
annotated,1
custodial,1
discovery,1
litigated,1
forgotten,1
premari,1
although,1
price,1
wi,1
disad,1
codified,1
debts,1
pensation,1
thoughtful,1
ware,1
devise,1
get,1
dis,1
turn,1
cerns,1
thereof,1
standard,1
settlement,1
provides,1
exchange,1
affluent,1
document,1
fees,1
needs,1
demo,1
charles,1
obliga,1
searching,1
intend,1
concerns,1
feelings,1
editing,1
lawyers,1
litigating,1
codes,1
wise,1
defensive,1
seeds,1
annual,1
explore,1
including,1
designed,1
pays,1
details,1
chinn,1
greer,1
marry,1
ago,1
provided,1
lincoln,1
settle,1
close,1
draft,1
division,1
overlooked,1
spe,1
separate,1
thorough,1
