WORDCOUNTS,WEIGHT
the,726
of,518
and,321
in,296
to,291
a,226
that,146
was,125
s,123
poetry,116
is,115
by,110
as,101
i,95
his,91
wang,85
hu,84
chinese,81
for,77
on,73
it,71
not,71
love,66
were,62
with,61
poems,60
this,58
be,56
shi,55
from,52
new,47
jingzhi,46
he,46
modern,45
which,45
or,44
at,41
one,41
their,40
literature,39
they,37
an,37
poets,37
wind,36
orchid,36
are,36
have,34
menghua,33
de,32
like,31
there,29
collection,29
poem,29
more,29
if,28
all,28
poet,28
poetic,28
modernity,27
form,27
you,27
had,26
hockx,26
also,25
first,24
may,23
however,23
between,23
early,23
but,22
only,22
would,22
so,22
m,21
most,21
out,21
work,21
who,21
shanghai,20
those,20
other,20
me,20
been,20
what,20
writing,20
vol,19
even,19
him,19
xin,19
morning,19
zhu,19
zhou,18
than,18
my,18
verse,18
up,18
many,18
modem,18
yu,18
them,18
has,17
very,17
young,17
fourth,17
study,17
did,17
being,16
some,16
its,16
when,16
can,16
following,16
written,15
guo,15
since,15
no,15
about,15
see,15
made,15
after,15
article,15
hangzhou,14
into,14
reading,14
sound,14
am,14
will,14
language,14
period,14
male,14
discussion,14
critics,14
t,13
huaichen,13
supplement,13
well,13
free,13
any,13
traditional,13
words,12
aesthetic,12
rules,12
literary,12
published,12
content,12
two,12
readers,12
often,12
both,12
much,12
said,11
china,11
such,11
chenbao,11
line,11
during,11
society,11
above,11
same,11
lamp,11
time,11
classical,11
do,11
another,11
students,11
years,11
although,11
yeh,11
news,11
should,11
taken,10
experiments,10
author,10
rather,10
term,10
oh,10
these,10
others,10
use,10
individual,10
especially,10
collections,10
historical,10
does,9
wo,9
tradition,9
yuying,9
rhythm,9
section,9
called,9
fukan,9
own,9
feelings,9
female,9
still,9
fact,9
ziqing,9
moruo,9
she,9
lines,9
far,9
xu,9
xun,9
little,9
lu,9
now,8
word,8
du,8
nature,8
within,8
right,8
student,8
romantic,8
university,8
her,8
ed,8
deng,8
le,8
xue,8
щ,8
make,8
social,8
liu,8
teachers,8
feng,8
five,8
zuoren,8
considered,8
school,8
preface,8
over,8
works,8
rhyme,8
while,8
must,8
come,8
large,7
western,7
before,7
seems,7
context,7
ш,7
born,7
across,7
wenxue,7
imitation,7
phrases,7
certain,7
future,7
example,7
knowledge,7
whole,7
place,7
second,7
short,7
kang,7
book,7
never,7
less,7
calinescu,7
anthology,7
publication,7
we,7
foreign,7
mentioned,7
here,7
baihua,7
among,7
way,6
later,6
theatre,6
sacrifice,6
might,6
together,6
point,6
himself,6
human,6
development,6
against,6
sun,6
chao,6
too,6
came,6
hui,6
heart,6
reader,6
realm,6
wangjingzhi,6
sense,6
involved,6
various,6
movement,6
seeing,6
bo,6
baiqing,6
again,6
tong,6
contemporary,6
present,6
going,6
nothing,6
described,6
clear,6
reality,6
august,6
shoulu,6
translation,6
chubanshe,6
case,6
then,6
theme,6
bian,6
bu,6
movie,6
according,6
want,6
theory,6
bacteria,6
entire,6
press,6
easy,6
jun,6
models,6
instead,6
off,6
go,5
math,5
e,5
yihou,5
eye,5
reasons,5
emotion,5
conservative,5
take,5
west,5
sent,5
due,5
cf,5
kind,5
back,5
without,5
anhui,5
edition,5
argued,5
ugly,5
important,5
friends,5
based,5
extent,5
could,5
critic,5
almost,5
because,5
basis,5
genre,5
used,5
writers,5
year,5
pan,5
quanji,5
night,5
long,5
few,5
yadong,5
matter,5
ziju,5
criticism,5
read,5
us,5
already,5
ji,5
sometimes,5
man,5
where,5
perhaps,5
style,5
original,5
morality,5
ideas,5
chou,5
structure,5
below,5
entitled,5
ж,5
attitude,5
blood,5
tushuguan,5
qu,5
highly,5
natural,5
each,5
ft,5
whether,5
don,5
art,5
beijing,5
subject,5
went,5
named,5
argument,5
themselves,5
strong,5
famous,5
delin,5
looking,5
zhi,5
final,4
ä,4
common,4
meaning,4
college,4
introduction,4
songs,4
true,4
completely,4
easily,4
specifically,4
j,4
best,4
differences,4
able,4
room,4
last,4
ying,4
mr,4
political,4
issue,4
translations,4
october,4
central,4
forgotten,4
turn,4
person,4
find,4
themes,4
whose,4
l,4
basic,4
notion,4
process,4
parents,4
parts,4
taolun,4
bonds,4
reason,4
familiar,4
days,4
shiqiu,4
points,4
moon,4
six,4
suanxue,4
shall,4
let,4
your,4
xiuren,4
climb,4
criticized,4
partly,4
people,4
friend,4
michelle,4
either,4
change,4
least,4
grass,4
order,4
phrase,4
family,4
da,4
using,4
altogether,4
shiji,4
readership,4
girl,4
therefore,4
thoughts,4
exception,4
standing,4
hero,4
selection,4
under,4
ф,4
light,4
lee,4
technique,4
lack,4
treatment,4
stanza,4
forms,4
hand,4
native,4
realize,4
upon,4
elite,4
questions,4
individuals,4
express,4
faces,4
times,4
reformers,4
yuan,4
high,4
mountain,4
correct,4
liang,4
usually,4
leiden,4
seen,4
life,4
poetics,4
beauties,4
sexes,4
regulated,4
zhongmi,4
seem,4
leaders,4
printed,4
day,4
ones,4
statement,4
categories,4
despite,4
role,4
november,4
song,4
think,4
examples,4
write,4
finally,4
piece,4
defined,4
debate,4
shiren,4
immediately,4
immoral,4
doing,4
frequent,3
done,3
page,3
names,3
hinsch,3
fiction,3
likely,3
english,3
studies,3
pornography,3
history,3
яь,3
predominantly,3
every,3
quoting,3
definition,3
principles,3
available,3
leading,3
display,3
normative,3
closer,3
beds,3
iconoclasm,3
contents,3
majority,3
tide,3
occasional,3
dialect,3
great,3
red,3
leo,3
taking,3
cited,3
authors,3
li,3
accessible,3
lover,3
te,3
learning,3
ai,3
concerning,3
amount,3
contrary,3
scenery,3
characterized,3
communication,3
critique,3
general,3
generation,3
talent,3
though,3
influence,3
higher,3
shangwu,3
ba,3
camp,3
main,3
influential,3
mean,3
earlier,3
thing,3
publisher,3
pages,3
guiqu,3
decadence,3
eighteen,3
category,3
impact,3
mohua,3
yunuo,3
view,3
whereas,3
result,3
whom,3
joy,3
typical,3
effort,3
intellectuals,3
big,3
pingbo,3
further,3
mainly,3
bore,3
aspects,3
gained,3
part,3
london,3
related,3
daode,3
fit,3
issues,3
records,3
actually,3
mofang,3
translated,3
personal,3
employed,3
talented,3
describing,3
hard,3
around,3
small,3
xiang,3
june,3
county,3
always,3
results,3
pa,3
activities,3
seemed,3
challenge,3
situation,3
anthologies,3
wrote,3
indeed,3
limited,3
once,3
thought,3
serve,3
hupan,3
л,3
home,3
ci,3
complete,3
jingzhťs,3
illustrated,3
volume,3
name,3
pointed,3
put,3
towards,3
head,3
occurrence,3
appeared,3
break,3
considerable,3
jump,3
discussed,3
simple,3
ziyou,3
took,3
accepted,3
haft,3
practice,3
number,3
divided,3
wen,3
xuefeng,3
top,3
expression,3
assumption,3
story,3
taboos,3
mei,3
ren,3
moral,3
comprehensive,3
allowed,3
started,3
distinction,3
immorality,3
repeated,3
yinshuguan,3
tiao,3
sight,3
displayed,3
filial,3
workshop,3
liangpei,3
visit,3
consists,3
popularity,3
achieve,3
respect,3
articles,3
defeng,3
addressed,3
acquired,3
seriously,3
comes,3
ever,3
yinjie,3
known,3
implied,3
set,3
why,3
know,3
ni,3
languages,3
toilet,3
past,3
just,3
zhixin,3
turned,3
boundaries,3
unlikely,3
rose,3
particular,3
consisting,3
freedom,3
popular,3
presented,3
four,3
given,3
through,3
confronted,3
arguments,3
indebted,3
phenomenon,3
world,3
aspect,3
waves,3
exerted,3
wish,3
snowy,3
ye,3
writer,3
comparison,3
specific,3
hotel,3
element,3
conventions,3
tf,3
asked,3
difficult,2
pervaded,2
deny,2
pipingjia,2
created,2
starts,2
linguistic,2
passing,2
yizhong,2
needed,2
hurry,2
knock,2
shan,2
artistic,2
live,2
schools,2
sticking,2
ways,2
ingrid,2
rhymed,2
park,2
giants,2
ti,2
wuhan,2
fixed,2
ffi,2
cadence,2
title,2
lamplight,2
something,2
connotations,2
qiangwei,2
source,2
institutes,2
women,2
hoping,2
anything,2
cast,2
sources,2
titles,2
certainly,2
creation,2
sad,2
give,2
conflict,2
darkness,2
allow,2
beautiful,2
è,2
commentary,2
parties,2
flowers,2
piao,2
enrolled,2
homosexual,2
follows,2
jing,2
scholars,2
resulting,2
ru,2
baoliang,2
opposite,2
system,2
й,2
я,2
mass,2
march,2
renmin,2
dong,2
account,2
felt,2
shared,2
ih,2
reaching,2
mutual,2
dinner,2
except,2
yao,2
yoonwah,2
letter,2
engage,2
singled,2
framework,2
thus,2
review,2
reputation,2
categorized,2
september,2
group,2
relatively,2
brother,2
adopted,2
convention,2
topic,2
hanlei,2
century,2
extensively,2
yinyuan,2
beloved,2
cases,2
mistakes,2
evening,2
convincing,2
ik,2
suitable,2
yuanli,2
compared,2
left,2
third,2
outlook,2
terrace,2
look,2
yi,2
loneliness,2
pronounced,2
hardly,2
ma,2
bosheng,2
peisheng,2
receptionist,2
simultaneously,2
heaven,2
prosodies,2
developed,2
kewei,2
watch,2
reference,2
knew,2
active,2
eight,2
michel,2
shang,2
í,2
white,2
awareness,2
supposed,2
soul,2
understand,2
changes,2
nor,2
xiaoshuo,2
river,2
established,2
image,2
wong,2
emergence,2
underlying,2
clearly,2
quoted,2
elevated,2
shige,2
traces,2
gradually,2
house,2
age,2
dajiangji,2
follow,2
passed,2
refer,2
zhejiang,2
â,2
instance,2
childhood,2
essays,2
alumni,2
body,2
escorted,2
reflections,2
standards,2
treating,2
histories,2
inherent,2
hands,2
search,2
seven,2
symphony,2
library,2
cultural,2
recently,2
intensity,2
cannot,2
bret,2
blossoms,2
anecdote,2
scene,2
none,2
having,2
xiandai,2
stiff,2
shuo,2
concept,2
prominent,2
heavily,2
dou,2
description,2
roll,2
gave,2
discussions,2
literally,2
contains,2
des,2
relevance,2
ü,2
winter,2
xian,2
garden,2
away,2
couple,2
status,2
miss,2
minds,2
approach,2
depicting,2
wenyi,2
preceded,2
fuhan,2
teasdale,2
caused,2
level,2
lot,2
please,2
contrast,2
quite,2
bank,2
openly,2
calling,2
crescent,2
several,2
folk,2
usual,2
impossible,2
correspondence,2
cycle,2
appropriate,2
newly,2
propriety,2
huayuan,2
tea,2
critical,2
variety,2
materials,2
reads,2
zhao,2
play,2
forward,2
fruit,2
community,2
july,2
got,2
comments,2
purposefully,2
guanglu,2
yet,2
lloyd,2
intense,2
marginal,2
soon,2
qijin,2
в,2
sex,2
east,2
dialects,2
fandui,2
teaching,2
pseudonym,2
reply,2
hong,2
aristotle,2
allows,2
lingering,2
prc,2
fellow,2
members,2
congcong,2
statements,2
correspondences,2
skill,2
heritage,2
stated,2
deserves,2
shenme,2
yuebao,2
nianxuan,2
lengthy,2
valid,2
consideration,2
stories,2
fundamental,2
zai,2
afraid,2
goddesses,2
declaring,2
educated,2
parting,2
really,2
larger,2
doubt,2
claimed,2
anne,2
fame,2
road,2
establish,2
explicit,2
necessary,2
norms,2
deep,2
woman,2
demonstrated,2
genres,2
matei,2
formal,2
sworn,2
asian,2
virtually,2
assume,2
autobiographical,2
vocabulary,2
pulp,2
discontinuity,2
full,2
philosopher,2
solitude,2
open,2
three,2
unable,2
consult,2
idiosyncratic,2
dominated,2
essay,2
held,2
revised,2
rhythmic,2
lakeside,2
played,2
collected,2
suru,2
expressing,2
random,2
commentators,2
qualities,2
inspired,2
eyes,2
feet,2
awakening,2
effect,2
shixuan,2
haven,2
lü,2
attention,2
concluded,2
guangming,2
separate,2
standard,2
guanbuzhu,2
discussing,2
verses,2
relationship,2
flesh,2
decadent,2
science,2
ideology,2
prose,2
discard,2
means,2
sensitive,2
strongly,2
yale,2
force,2
anxiety,2
indicate,2
proletarian,2
months,2
get,2
fenlei,2
meant,2
matters,2
claims,2
shadow,2
rarely,2
conclusion,2
climbing,2
tearyeyed,2
fuchun,2
temple,2
willows,2
useful,2
der,2
principle,2
gu,2
monthly,2
dare,2
readily,2
paper,2
controversy,2
worth,2
inclined,2
assumed,2
zhongguo,2
flowing,2
print,2
half,2
er,2
dared,2
enemy,2
huide,2
liberal,2
outrage,2
concrete,2
ladies,2
attain,2
stanzas,2
terms,2
moonlit,2
plants,2
quote,2
poplars,2
getting,2
rejoinder,2
studying,2
require,2
produce,2
birrell,2
generally,2
reprinted,2
periodicals,2
responded,2
mimesis,2
became,2
wenyan,2
bourgeois,2
tried,2
step,2
simply,2
cherry,2
describes,2
definitions,2
jian,2
heian,2
jianglai,2
question,2
singapore,2
until,2
youth,2
putonghua,2
gossamer,2
copies,2
beauty,2
shuju,2
land,2
need,2
product,2
cao,2
regular,2
bianhu,2
fuyuan,2
surge,2
lake,2
including,2
abandoned,2
glance,2
carlyle,2
meeting,2
oí,2
yanling,2
г,2
mistaken,2
major,2
brighter,1
ýl,1
shrinks,1
romance,1
chenguang,1
regularities,1
foreshadowing,1
unrestrained,1
xiaoge,1
rennen,1
edge,1
polish,1
declared,1
protests,1
concerned,1
mouldable,1
anthems,1
effected,1
scholar,1
suggested,1
rhythmical,1
praised,1
separated,1
career,1
deduced,1
elaborating,1
reconstructed,1
resulted,1
trans,1
determine,1
resisting,1
vogue,1
alone,1
zixu,1
mountains,1
notably,1
defenses,1
predilection,1
per,1
mouth,1
expect,1
sympathetic,1
speakers,1
bei,1
paradoxically,1
reflection,1
complex,1
denied,1
shoulders,1
kinds,1
shouts,1
confidence,1
syllables,1
insertion,1
advised,1
referring,1
remind,1
alive,1
lyiang,1
kyüshü,1
h,1
bamboo,1
contend,1
authoťs,1
pervading,1
paradigms,1
originals,1
conscious,1
mature,1
duke,1
former,1
greater,1
child,1
position,1
rivers,1
throwing,1
unlike,1
jiqi,1
occurred,1
habits,1
resplendent,1
variants,1
tunes,1
total,1
yindao,1
fathers,1
crystallized,1
biographical,1
criticizing,1
nineteenth,1
hesitated,1
summarily,1
syllable,1
descriptions,1
princeton,1
strikes,1
chastity,1
contact,1
ungrammatical,1
leads,1
petals,1
responsible,1
experience,1
diaries,1
urgency,1
highlighted,1
sit,1
forgive,1
passion,1
else,1
voices,1
beneficial,1
inhuman,1
failing,1
familiarity,1
wrong,1
fearing,1
pai,1
frankfurt,1
preceding,1
secreti,1
mingshengdi,1
production,1
flavor,1
jfcif,1
exclusive,1
gao,1
attempts,1
restoration,1
meters,1
planting,1
musical,1
rapid,1
yifeng,1
cisni,1
ok,1
anywhere,1
kyõtõ,1
tuition,1
heavens,1
emerged,1
qingriian,1
lyrischen,1
жтьи,1
pashang,1
bisyllabic,1
containing,1
consciousness,1
canon,1
privately,1
company,1
reproached,1
onwards,1
prejudices,1
goodbye,1
aiqmg,1
skills,1
pungent,1
succeeds,1
accompanied,1
featuring,1
restrictive,1
remark,1
confusion,1
thank,1
tinted,1
achievement,1
studied,1
government,1
incident,1
streams,1
aloud,1
court,1
dreißiger,1
xinshi,1
incite,1
deemed,1
cíto,1
help,1
creator,1
feature,1
strength,1
lulu,1
hao,1
affair,1
trouble,1
greatly,1
respond,1
secondly,1
raised,1
rui,1
waving,1
california,1
changjiang,1
p,1
everyone,1
baihtia,1
revise,1
dating,1
return,1
forums,1
yanyan,1
triggered,1
magazines,1
employs,1
booked,1
side,1
globe,1
refute,1
advocates,1
imntíj,1
arise,1
indebtedness,1
linear,1
attacked,1
manifesto,1
historians,1
teleological,1
money,1
paved,1
advice,1
guidelines,1
encouraging,1
iv,1
firm,1
saying,1
sexual,1
killed,1
apprenticeship,1
aiyinyuan,1
žl,1
chapter,1
indirectly,1
uneven,1
weimian,1
wonders,1
possible,1
determined,1
liberating,1
disprove,1
concentrating,1
illustrate,1
éj,1
mm,1
appendices,1
reaction,1
solely,1
heijdra,1
meihua,1
baudelairean,1
strayed,1
jinhua,1
eating,1
hair,1
apart,1
x,1
masaaki,1
xia,1
monosyllabic,1
selecting,1
establishes,1
along,1
dirty,1
undoubtedly,1
juvenile,1
increase,1
yuanliu,1
financed,1
blossom,1
melting,1
bianji,1
beggars,1
realizing,1
noting,1
shouting,1
recitals,1
corresponding,1
shou,1
tiaowu,1
shangjin,1
succeed,1
learned,1
relies,1
kou,1
regarding,1
prerequisite,1
mistake,1
ends,1
ty,1
pen,1
chinesischen,1
prefaces,1
sponsored,1
relationships,1
merchants,1
obtains,1
soar,1
ал,1
mine,1
slïïjfyîlwl,1
shiyue,1
vitt,1
boy,1
quality,1
pursue,1
run,1
countless,1
professor,1
aiwo,1
illustrates,1
initial,1
spurt,1
shushe,1
jade,1
peter,1
tengqi,1
animosity,1
ifa,1
interest,1
correcting,1
interchangeably,1
contributors,1
moment,1
decided,1
tit,1
inspiring,1
issued,1
rigorously,1
sceneries,1
nurtured,1
expected,1
bus,1
playfulness,1
pertained,1
sleeve,1
jfëîii,1
distinct,1
runners,1
old,1
keep,1
perspective,1
document,1
blank,1
moralistic,1
depend,1
severed,1
profound,1
star,1
subjects,1
tranquil,1
imagism,1
holds,1
output,1
chongwen,1
cohen,1
consulted,1
fees,1
beginning,1
died,1
scenic,1
seawaves,1
y,1
men,1
rickshaw,1
corpus,1
beat,1
preserving,1
corrected,1
diyi,1
fouth,1
departed,1
helping,1
gest,1
invites,1
quiet,1
kitsch,1
mottos,1
react,1
focused,1
uncalled,1
longing,1
divergence,1
rights,1
surprisingly,1
mimicking,1
definitively,1
profoundly,1
recognized,1
kissing,1
german,1
hesitant,1
heroes,1
frustration,1
exact,1
programmatic,1
dilemma,1
mutatis,1
bring,1
impetus,1
happily,1
adds,1
district,1
stresses,1
remain,1
sort,1
lie,1
unit,1
zhong,1
borrowing,1
levels,1
taste,1
presentation,1
myself,1
aesthetically,1
ce,1
neologisms,1
lave,1
proportion,1
associate,1
lasted,1
stops,1
loses,1
similar,1
grew,1
leave,1
crowd,1
butterflies,1
direct,1
hearing,1
tan,1
benjamin,1
chongdong,1
contributions,1
publishes,1
special,1
matched,1
adversaries,1
repeats,1
xinwen,1
feel,1
rays,1
consequences,1
space,1
miscellaneous,1
supplements,1
moreover,1
happened,1
making,1
send,1
escape,1
clerk,1
tonight,1
sj,1
wanted,1
praise,1
postmodern,1
shisun,1
officiai,1
organization,1
improvement,1
goldman,1
neutral,1
slowly,1
disappointment,1
repair,1
latin,1
disgrace,1
bunch,1
elsewhere,1
mutandis,1
air,1
numbers,1
k,1
yueye,1
upwards,1
sanwen,1
sichuan,1
show,1
emphamodern,1
favored,1
origins,1
readings,1
arranged,1
defeat,1
pervert,1
boring,1
followed,1
discarded,1
neither,1
terminology,1
unbound,1
о,1
xiaoying,1
restaurant,1
permanent,1
undress,1
destructive,1
lust,1
pity,1
decades,1
drawing,1
strengthen,1
cut,1
advocated,1
appear,1
ifc,1
opponents,1
descriptive,1
behaviour,1
expressed,1
arrived,1
closely,1
advance,1
sociological,1
introduce,1
walk,1
location,1
alienation,1
completing,1
caoer,1
declined,1
dichtung,1
traditionally,1
access,1
discrete,1
temptation,1
кшт,1
ambitious,1
recite,1
metapoetical,1
conventionally,1
deal,1
demands,1
tétfâ,1
international,1
rooms,1
events,1
radical,1
agendas,1
xieyi,1
adolescence,1
amusing,1
emerge,1
persist,1
taiyang,1
vigorous,1
brill,1
flying,1
featured,1
harvard,1
representative,1
passionate,1
expressions,1
overcome,1
late,1
outbursts,1
pure,1
zuopin,1
irony,1
traced,1
durham,1
profited,1
hinterland,1
mate,1
sharpened,1
thematic,1
teacher,1
enlai,1
viewed,1
produced,1
sentence,1
tili,1
notes,1
separates,1
younger,1
suspected,1
gone,1
mind,1
repetitiveness,1
catapulting,1
dwelling,1
explain,1
instrumental,1
cnws,1
dwellers,1
stemmed,1
prepositions,1
ascendance,1
public,1
duly,1
xieqing,1
ллт,1
coin,1
information,1
impression,1
briefly,1
improve,1
reacting,1
flagpole,1
glossed,1
lost,1
directly,1
provincial,1
žfci,1
diction,1
designation,1
reprint,1
restrain,1
dares,1
network,1
criticize,1
chunhui,1
scope,1
wilt,1
ý,1
narratives,1
jiaoyu,1
strict,1
comprises,1
nine,1
condoned,1
ku,1
r,1
stitute,1
unless,1
prompted,1
brought,1
crumbling,1
discusses,1
denial,1
calls,1
secret,1
nation,1
crying,1
tune,1
gender,1
modernizers,1
caught,1
reminded,1
surprise,1
shocking,1
dozens,1
overview,1
sorrow,1
kindly,1
older,1
forjudging,1
size,1
dear,1
jiangsu,1
collective,1
constitute,1
reportedly,1
unmistakable,1
mentioning,1
middle,1
lady,1
ít,1
jahre,1
emancipation,1
et,1
call,1
focuses,1
cliangshi,1
imploring,1
halfway,1
snowwaves,1
schwartz,1
elegant,1
rise,1
newspaper,1
xieshi,1
il,1
realms,1
chang,1
qingming,1
tears,1
smallest,1
rouyu,1
enthusiastic,1
shuyong,1
ali,1
betraying,1
sanlu,1
xie,1
substituting,1
oriental,1
someone,1
tone,1
responses,1
solution,1
accused,1
tolerant,1
salons,1
commerce,1
viable,1
successful,1
field,1
carriage,1
spatially,1
intonation,1
cold,1
revolution,1
things,1
hiding,1
next,1
xiejing,1
discourse,1
claim,1
talents,1
stare,1
modernizing,1
leaves,1
consensus,1
fct,1
concerns,1
floating,1
choose,1
cool,1
breaking,1
presence,1
ts,1
adhere,1
goddess,1
attached,1
jtm,1
anthologizers,1
seeds,1
tended,1
dedicated,1
tianjin,1
managed,1
offending,1
visible,1
rendition,1
finishing,1
necessity,1
posed,1
zhimo,1
lüyi,1
ta,1
bookshelves,1
wife,1
regardless,1
paid,1
und,1
ргао,1
jahrhunderts,1
heralding,1
undergoing,1
protagonist,1
harboring,1
ffî,1
linii,1
valuable,1
rang,1
tai,1
fanteng,1
objected,1
lyrics,1
congkan,1
good,1
ťki,1
subsequently,1
phrased,1
eaves,1
yanjiu,1
eternal,1
f,1
defended,1
republican,1
яп,1
fa,1
verb,1
business,1
demand,1
forever,1
joyous,1
dandang,1
architecture,1
letters,1
zwanziger,1
identified,1
separation,1
misty,1
happy,1
positions,1
comparative,1
tempted,1
fu,1
motivated,1
pocket,1
merits,1
drops,1
terrified,1
prevailing,1
sitting,1
object,1
april,1
xianyi,1
prove,1
allen,1
judgment,1
illustrating,1
mainstream,1
zunxian,1
fâ,1
veins,1
charm,1
sending,1
repeating,1
м,1
harvardyenching,1
spot,1
seemingly,1
ask,1
hold,1
dasui,1
lmmeiyuan,1
sexually,1
prostitutes,1
adage,1
single,1
roof,1
impulses,1
guide,1
sincere,1
ià,1
pivotal,1
pressuring,1
swept,1
excessively,1
wed,1
zhiyin,1
represents,1
added,1
devotion,1
instantly,1
veiled,1
freely,1
rain,1
inspiration,1
b,1
challenged,1
selective,1
thesis,1
ancient,1
unwin,1
earned,1
participants,1
included,1
planned,1
extinction,1
copper,1
liberties,1
cried,1
culture,1
ashamed,1
passions,1
experimental,1
floor,1
al,1
experiment,1
imitating,1
dreaming,1
pronouns,1
emotional,1
silvery,1
disagreed,1
noted,1
situates,1
íil,1
regional,1
japanese,1
baby,1
independent,1
tropes,1
sunlight,1
complaining,1
starting,1
theorist,1
tš,1
coming,1
argumentative,1
power,1
discontinued,1
ťkí,1
stating,1
jiang,1
printing,1
shouxing,1
financial,1
water,1
gentle,1
sky,1
longer,1
tingshuo,1
idea,1
overwhelming,1
lovelier,1
imagist,1
isms,1
jottings,1
bourgeoisie,1
yundong,1
music,1
plan,1
changshiji,1
agree,1
intimidated,1
xm,1
zhenglun,1
nian,1
choice,1
oneself,1
wu,1
arriving,1
warning,1
demonstrating,1
borders,1
emphatically,1
confucian,1
shallow,1
fashion,1
arguably,1
ífp,1
override,1
advocacy,1
success,1
rebuke,1
qrnnji,1
outside,1
drinking,1
lun,1
likelihood,1
v,1
ground,1
yinqi,1
remarkable,1
covered,1
model,1
manner,1
innovative,1
thirties,1
discuss,1
digress,1
existing,1
ultimately,1
answer,1
forth,1
duties,1
til,1
radicalism,1
carnal,1
volatile,1
zhovgguo,1
showing,1
invitation,1
parted,1
belief,1
momo,1
ignoring,1
inconsistency,1
xiansheng,1
encountered,1
refuted,1
jmgzhi,1
thoroughly,1
staring,1
degree,1
reminds,1
italicized,1
xiangfeng,1
youdian,1
hesitate,1
local,1
meetings,1
credit,1
analyzed,1
nanjing,1
understanding,1
exploring,1
vast,1
dissimilar,1
intimate,1
intent,1
crudely,1
hurriedly,1
restrictions,1
easier,1
discovery,1
stuck,1
mothers,1
values,1
cult,1
ziji,1
yo,1
shanban,1
delicate,1
distinctly,1
enormous,1
detailed,1
contacts,1
microfilm,1
sap,1
formalist,1
т,1
них,1
varying,1
entirely,1
torn,1
wuyun,1
affection,1
characteristically,1
sold,1
утушп,1
disclosing,1
largely,1
licensed,1
exciting,1
aesthetics,1
sequence,1
survey,1
pharisee,1
seethe,1
baihiia,1
tuiqiao,1
evolution,1
rare,1
bianjibu,1
persistent,1
stay,1
national,1
xinhua,1
rewritten,1
dime,1
complicated,1
optimistic,1
nevertheless,1
xisheng,1
dummy,1
netherlands,1
publish,1
attraction,1
ties,1
kiss,1
shihou,1
appraisal,1
idema,1
earth,1
fluttered,1
frustrated,1
stress,1
rhymeless,1
modernization,1
agreement,1
definitely,1
catapulted,1
proofs,1
materializations,1
objection,1
wangjingihi,1
magone,1
fang,1
íf,1
exquisite,1
diqiu,1
chubanbu,1
interpolate,1
imitator,1
summer,1
wei,1
honor,1
obtained,1
course,1
iconoclasmi,1
tiaobo,1
kept,1
illicit,1
misunderstanding,1
prolonged,1
mourning,1
íp,1
martin,1
latter,1
spent,1
artificial,1
opposition,1
decide,1
margin,1
roofs,1
ль,1
conclusions,1
facing,1
state,1
internal,1
parallel,1
plum,1
become,1
interpretations,1
tree,1
respectively,1
exactly,1
influences,1
rupture,1
availability,1
monographs,1
materialized,1
claiming,1
probably,1
looks,1
horse,1
fe,1
northern,1
attracted,1
figures,1
saw,1
overthrow,1
tendency,1
destruction,1
guang,1
relative,1
quarterly,1
gossamers,1
stick,1
lang,1
recurring,1
bannong,1
decay,1
gungun,1
unified,1
exchanged,1
vu,1
modernized,1
reevaluated,1
compendium,1
taibei,1
dealing,1
guanyu,1
biaoxian,1
lyrical,1
unii,1
devote,1
backward,1
today,1
qiaosen,1
publishing,1
note,1
zhehuipubie,1
tentative,1
hubbub,1
equals,1
replied,1
fairly,1
continued,1
redefine,1
george,1
provide,1
movements,1
musicality,1
crucial,1
continue,1
relieved,1
defenders,1
bound,1
rephrased,1
fear,1
unwarranted,1
iìtfl,1
employment,1
inside,1
rpt,1
iwasa,1
favour,1
fewer,1
modernism,1
widespread,1
lies,1
ía,1
referred,1
transgress,1
festival,1
began,1
render,1
credited,1
jimo,1
shone,1
яр,1
tëioha,1
cynicism,1
stmktur,1
recendy,1
try,1
ад,1
stimulated,1
acquaintances,1
class,1
strive,1
ziran,1
jingzhis,1
soaked,1
pond,1
construction,1
qi,1
fall,1
philosophies,1
surprising,1
chamber,1
concubine,1
jf,1
education,1
sympathy,1
served,1
premier,1
rigorous,1
fought,1
blurred,1
earliest,1
door,1
sara,1
grudge,1
detail,1
paragraph,1
dance,1
vigor,1
contemplated,1
suggestions,1
rolling,1
practised,1
thinking,1
associated,1
girls,1
aspiring,1
material,1
xxiv,1
yongyong,1
series,1
version,1
luminous,1
incorporated,1
juewu,1
finest,1
baikua,1
founded,1
demonstrate,1
extensive,1
constituted,1
blames,1
continues,1
pace,1
recognizable,1
shunned,1
iä,1
palace,1
teng,1
bathwater,1
spots,1
generic,1
besides,1
text,1
symbol,1
alternative,1
labelling,1
cover,1
quickly,1
berkeley,1
pinewaves,1
dwarfs,1
sanbaishou,1
banished,1
mutually,1
intellectual,1
partner,1
exclamatory,1
control,1
introducing,1
tendencies,1
country,1
unfeasible,1
cultures,1
publicly,1
engagé,1
impetuous,1
different,1
novel,1
december,1
connection,1
eventful,1
zhe,1
resentment,1
believe,1
marginalization,1
incorporating,1
unknown,1
down,1
subdeties,1
comfort,1
epitomized,1
partaking,1
constructions,1
associating,1
recounted,1
redded,1
moshi,1
particularly,1
stretching,1
hinted,1
doubts,1
bingxin,1
research,1
privileged,1
huanyuan,1
ir,1
uphold,1
лт,1
benefit,1
primary,1
cities,1
sum,1
ducks,1
suddenly,1
living,1
elders,1
instant,1
merely,1
better,1
places,1
hint,1
rejection,1
shengtao,1
latest,1
animal,1
reproach,1
conditioned,1
defend,1
lashed,1
guilin,1
enjoyment,1
snoury,1
retranslate,1
month,1
professors,1
selected,1
namely,1
references,1
rebellion,1
cause,1
trope,1
ich,1
epigone,1
males,1
textbook,1
mere,1
writes,1
novelty,1
daoyan,1
mathematics,1
leaving,1
ìitéo,1
huang,1
loved,1
dream,1
gutter,1
zur,1
fully,1
fé,1
sleeping,1
autobiography,1
bitterly,1
institute,1
dark,1
changing,1
boys,1
annual,1
textual,1
noticed,1
voice,1
influenced,1
observations,1
agreed,1
phenomena,1
aiqing,1
ideal,1
mended,1
marriages,1
contain,1
ah,1
fourteen,1
policemen,1
anxieties,1
boston,1
waist,1
intention,1
emergent,1
trees,1
bath,1
careful,1
calligraphy,1
paradise,1
epitomizes,1
ruled,1
де,1
met,1
mandarin,1
zhuyin,1
maruyama,1
introduced,1
city,1
sydney,1
particles,1
regulate,1
convinced,1
concessions,1
die,1
yuanren,1
re,1
recounts,1
twenties,1
treasury,1
tâ,1
zuile,1
maintained,1
snow,1
aims,1
categorization,1
daring,1
our,1
unstressed,1
prepared,1
неге,1
belated,1
yiduo,1
zhongjiu,1
shown,1
spring,1
deceptively,1
editor,1
difference,1
ignored,1
marry,1
cambridge,1
disappear,1
miaoyu,1
finding,1
envisaged,1
twentieth,1
surrounding,1
defence,1
opens,1
uttering,1
scathing,1
carlton,1
vernacular,1
aware,1
mode,1
documentation,1
ended,1
contributed,1
joined,1
actively,1
include,1
mťi,1
realism,1
d,1
autumn,1
aristotelian,1
ï,1
settling,1
playing,1
attempted,1
limitations,1
philosophy,1
area,1
poeti,1
sexuality,1
fê,1
presenting,1
walking,1
laughter,1
increased,1
staying,1
anonymous,1
moved,1
wubaishou,1
supported,1
searching,1
admitting,1
д,1
invited,1
distinctions,1
rest,1
regularity,1
charged,1
reached,1
consisted,1
era,1
create,1
rethought,1
nan,1
mew,1
substantial,1
zagan,1
renascence,1
fellowship,1
focus,1
gui,1
observed,1
pharisees,1
cross,1
rhymes,1
universe,1
delayed,1
prosodie,1
fingerprints,1
