WORDCOUNTS,WEIGHT
di,499
in,226
e,218
la,215
a,187
che,160
i,150
and,146
il,143
dryden,130
of,128
thè,122
love,120
per,119
l,116
for,113
un,103
cleopatra,98
to,97
del,95
è,90
della,86
si,77
non,76
the,75
da,74
con,70
una,70
antonio,68
come,65
le,63
au,63
didone,56
his,48
my,48
nella,48
sua,47
nel,47
al,47
dei,45
dell,42
ma,41
all,40
due,39
me,39
s,36
anche,36
her,36
ad,35
iv,34
suo,34
is,34
not,34
alla,34
più,33
as,33
delle,33
you,32
questo,32
he,31
enea,31
that,30
tra,30
by,30
with,29
or,28
amore,28
p,27
lo,27
but,26
cui,26
aeneis,25
suoi,23
se,22
alle,22
virgilio,22
aen,21
nell,21
testo,20
veste,20
vicenda,20
tragedia,20
it,19
are,19
prosperi,19
solo,19
dall,19
d,19
be,19
dal,18
v,18
questa,18
on,18
ha,17
dalla,17
regina,17
morte,17
shakespeare,17
your,16
antony,16
from,16
loro,15
sono,15
ali,15
pp,15
nei,15
gli,15
quale,15
ogni,15
ii,14
ai,14
sul,14
quanto,14
this,14
queen,14
dido,14
così,14
at,13
ventidio,13
y,13
sia,13
libro,13
stesso,12
prima,12
traduzione,12
more,12
primo,12
an,12
rispetto,12
she,12
confronto,12
what,12
testi,12
have,12
era,12
now,11
if,11
lettura,11
no,11
ο,11
shall,11
su,11
own,11
modo,11
lei,11
sloman,11
quando,11
col,11
one,10
già,10
has,10
proprio,10
eroe,10
was,10
aveva,10
et,10
agli,10
sulla,10
protagonisti,10
death,10
altro,10
made,10
opera,10
so,10
vita,10
ivi,10
opere,10
essere,10
scena,9
enéide,9
propria,9
ah,9
dunque,9
dove,9
rapporto,9
degli,9
valentina,9
fa,9
yet,9
mondo,9
which,9
infatti,9
him,9
can,9
senso,9
lost,9
traduttore,9
dopo,9
storia,9
each,9
plutarco,9
può,9
episodio,8
could,8
quali,8
were,8
last,8
protagonista,8
tutti,8
ultimo,8
secondo,8
ruolo,8
gods,8
well,8
fonti,8
anni,8
lui,8
quindi,8
ne,8
would,8
attraverso,8
who,8
preface,8
dramma,8
dovere,8
world,8
modello,8
vi,8
viene,8
analisi,7
sull,7
fate,7
english,7
sempre,7
quello,7
uomo,7
inglese,7
de,7
aeneid,7
nor,7
egli,7
essa,7
sue,7
thou,7
leave,7
incontro,7
abbiamo,7
had,7
part,7
contro,7
secret,7
tutte,7
sentimenti,7
principale,7
letteratura,7
parte,7
ed,7
causa,7
never,7
aeneas,7
forza,7
grandi,7
eroina,7
we,7
life,7
tutto,7
when,7
parallelo,7
c,7
go,6
nec,6
volta,6
maggiormente,6
book,6
quel,6
within,6
kind,6
volte,6
w,6
most,6
umana,6
pity,6
before,6
poetry,6
luogo,6
let,6
antichità,6
stata,6
dolabella,6
will,6
tradizione,6
dalle,6
name,6
other,6
frost,6
end,6
man,6
do,6
ciò,6
nelle,6
their,6
classici,6
eyes,6
entrambi,6
figure,6
been,6
quelle,6
then,6
donna,6
ugualmente,6
relazione,6
while,6
art,6
both,6
our,6
amanti,6
particolare,6
parole,5
però,5
they,5
proposito,5
every,5
abbandono,5
nome,5
great,5
versi,5
hanno,5
himself,5
poema,5
base,5
livello,5
walentina,5
poem,5
even,5
look,5
than,5
literary,5
grief,5
whom,5
literature,5
queste,5
stato,5
fatti,5
though,5
hâve,5
femminili,5
altri,5
tanto,5
atto,5
dimensione,5
piano,5
quella,5
produzione,5
tragedie,5
èrcole,5
sui,5
edizione,5
john,5
confronti,5
originale,5
legame,5
like,5
ultima,5
mai,5
fosse,5
roma,5
virgil,5
uno,5
dato,5
woman,5
plutarch,5
iam,5
very,5
classico,5
sotto,5
amato,5
anna,5
latino,5
entrambe,5
die,5
vero,5
azione,5
quelli,5
did,5
does,4
coppia,4
stile,4
miti,4
sola,4
autrice,4
live,4
teatro,4
character,4
history,4
into,4
cit,4
long,4
j,4
ben,4
venus,4
till,4
take,4
eroi,4
mind,4
amante,4
questi,4
est,4
some,4
resa,4
classica,4
morale,4
vows,4
lover,4
amico,4
paradigmi,4
forced,4
siano,4
chi,4
mistress,4
find,4
oltre,4
how,4
fatto,4
hughes,4
momento,4
allusioni,4
patria,4
prospettiva,4
freed,4
dietro,4
presenta,4
ora,4
fronte,4
voce,4
ou,4
lived,4
out,4
gratitudine,4
perché,4
because,4
materia,4
politica,4
drammi,4
strumento,4
sense,4
aut,4
molto,4
oro,4
news,4
argomento,4
vedere,4
altra,4
sé,4
decisione,4
poeta,4
donne,4
den,4
ci,4
passione,4
honour,4
antica,4
dentina,4
beneficiis,4
power,4
stessa,4
may,4
see,4
autore,4
rivela,4
levine,4
realtà,4
sarà,4
there,4
tis,4
tutta,4
conseguenza,4
farron,4
traduzioni,4
appian,4
interno,4
tempo,4
eros,4
occasione,4
translation,4
poetics,4
né,4
importante,4
poets,4
alone,4
separazione,4
regine,4
down,4
iii,4
atteggiamento,4
er,4
semplice,4
works,4
fino,4
quae,4
nonostante,4
ovidio,4
esempio,4
meno,4
aver,4
through,4
fu,4
autori,4
giudizio,4
possibile,4
false,4
quasi,4
sofocle,4
comunque,4
johnson,4
senza,4
sentimento,4
enfasi,4
viceversa,4
antichi,3
altrettanto,3
heroic,3
voi,3
poiché,3
resta,3
storici,3
leggere,3
anno,3
nota,3
first,3
t,3
invece,3
pur,3
give,3
egitto,3
quid,3
seneca,3
modelli,3
narrata,3
presenza,3
scopo,3
carena,3
those,3
tragedy,3
takes,3
tali,3
politics,3
ultimi,3
femminile,3
corrispondenza,3
move,3
ostacolo,3
anziché,3
classics,3
drydeniana,3
contemporanea,3
ognuna,3
human,3
facilmente,3
excursus,3
precedente,3
such,3
translating,3
risulta,3
cominciare,3
detto,3
te,3
famiglia,3
turn,3
num,3
marriage,3
charms,3
left,3
doveri,3
died,3
ragione,3
fables,3
dear,3
language,3
notizia,3
avviene,3
cartaginese,3
addirittura,3
via,3
hero,3
secoli,3
sacrificato,3
york,3
without,3
dilemma,3
bring,3
main,3
inghilterra,3
individui,3
bensì,3
derek,3
serve,3
too,3
dettagli,3
abbandonare,3
m,3
qui,3
dipinti,3
diversa,3
against,3
comunicare,3
maniera,3
introduzione,3
sarebbe,3
same,3
ragioni,3
pone,3
vedi,3
alessandria,3
disperazione,3
work,3
nello,3
heart,3
sottoposto,3
knowledge,3
its,3
gave,3
tale,3
taglio,3
tears,3
either,3
good,3
dignità,3
poet,3
spiegare,3
fast,3
struttura,3
figura,3
visto,3
distruttiva,3
amorosa,3
luce,3
interpretazione,3
trova,3
happy,3
forse,3
familiarità,3
va,3
épisode,3
potrebbe,3
bear,3
ama,3
us,3
suicidio,3
affrontare,3
fanno,3
two,3
dire,3
dono,3
frontespizio,3
mito,3
ought,3
seconda,3
time,3
presente,3
took,3
fame,3
meant,3
where,3
maggiori,3
horace,3
dea,3
oh,3
judith,3
insieme,3
incapacità,3
coi,3
another,3
deianira,3
storica,3
riguardo,3
unica,3
emotiva,3
dedication,3
fascino,3
verso,3
piace,3
hour,3
commento,3
moral,3
volontà,3
demetrio,3
posto,3
augusto,3
mercurio,3
caso,3
dry,3
patterns,3
written,3
incapace,3
unione,3
spirito,3
poco,3
indotto,3
riferimenti,3
lovers,3
dum,3
identificazione,3
considerare,3
possono,3
naturalmente,3
paradigma,3
delyeneide,3
conclusioni,3
thème,3
reazioni,3
tratti,3
tradito,3
tema,3
any,3
saggio,3
mario,3
word,3
difficoltà,3
ego,3
sulle,3
dare,3
protagoniste,3
personaggio,3
storiografiche,3
latin,3
past,3
william,3
dagli,3
cura,3
forma,3
cuore,3
superiore,3
finale,3
must,3
think,3
affermazione,3
subito,3
eracle,3
vite,3
esplicitamente,3
affatto,3
dipendenza,3
lato,3
suppliche,3
charmion,3
riesce,3
το,3
presentano,3
pleased,3
jove,3
much,3
should,3
carlo,3
personaggi,3
trama,2
lumina,2
predicamene,2
grazie,2
qualità,2
esclusivamente,2
o,2
common,2
mitopoiesi,2
unlawful,2
tono,2
termine,2
needed,2
dolore,2
thrust,2
citazioni,2
essays,2
true,2
done,2
divini,2
latini,2
modern,2
rinuncia,2
decade,2
considerazione,2
stesura,2
branded,2
em,2
nostro,2
romana,2
comportamenti,2
straniero,2
arms,2
said,2
anything,2
passion,2
accennato,2
fabula,2
paradossalmente,2
anima,2
haec,2
quotiens,2
diviene,2
hoc,2
nature,2
morire,2
excellency,2
aspro,2
corrente,2
dion,2
significato,2
discendenza,2
paradigmatica,2
perfidious,2
aspira,2
prologo,2
tesi,2
moglie,2
date,2
riservato,2
nuovo,2
studio,2
familiare,2
return,2
trono,2
addio,2
clava,2
fonte,2
fortune,2
esposto,2
parziale,2
ungrateful,2
pelle,2
maschili,2
tradimento,2
right,2
vol,2
prior,2
erede,2
altrui,2
sfera,2
divergenze,2
intero,2
cautela,2
tiene,2
padre,2
motore,2
fine,2
influenza,2
far,2
distacco,2
rimane,2
negli,2
restaurazione,2
dedicò,2
unhappy,2
interventi,2
figlio,2
pongono,2
teatrali,2
hère,2
descrivere,2
juno,2
cassius,2
cassio,2
li,2
implicita,2
vergili,2
affetto,2
andrew,2
accusa,2
importanza,2
dying,2
pari,2
rovina,2
since,2
g,2
lady,2
interprete,2
nostra,2
pani,2
lettori,2
rintracciare,2
subtraction,2
semidio,2
old,2
fond,2
cali,2
fili,2
vede,2
assertive,2
altre,2
chaucer,2
drawn,2
unico,2
regno,2
temi,2
fourth,2
francese,2
high,2
r,2
favourably,2
enciclopedia,2
ov,2
fair,2
fatali,2
punto,2
commentatori,2
suffer,2
passato,2
heard,2
poi,2
personalità,2
percorso,2
antiche,2
funzionale,2
zwicker,2
applicazione,2
delv,2
whither,2
vergil,2
pratica,2
insensibilità,2
presta,2
patris,2
chiamato,2
imitation,2
lascia,2
age,2
composto,2
portava,2
n,2
powerful,2
studiosa,2
injustice,2
scontro,2
afferma,2
cases,2
eleganza,2
forsake,2
ear,2
fama,2
serenità,2
lacerato,2
incarnazione,2
maggiore,2
closely,2
title,2
evidente,2
ormai,2
vento,2
polemica,2
underneath,2
pygmalion,2
replica,2
livelli,2
sight,2
emerge,2
tratto,2
scelta,2
commands,2
greater,2
occhi,2
pure,2
bracciale,2
rito,2
equal,2
complain,2
heaven,2
valutare,2
direzione,2
elementi,2
soprattutto,2
vain,2
delinea,2
questione,2
abilità,2
centrale,2
nelveneide,2
source,2
wide,2
public,2
impression,2
classicità,2
tornasi,2
justly,2
minute,2
confrontare,2
romans,2
francesi,2
dovrà,2
lavoro,2
virgiliana,2
iärbas,2
fondamentale,2
interna,2
significative,2
serapione,2
perversa,2
sta,2
place,2
nunc,2
dialoghi,2
personal,2
cast,2
harmless,2
testuale,2
denunciare,2
alcune,2
sapere,2
spiega,2
delay,2
uomini,2
inferi,2
statua,2
rieh,2
manners,2
alexas,2
esplicita,2
behold,2
prova,2
esauriente,2
cidno,2
accuse,2
bottkol,2
balance,2
occorre,2
citata,2
st,2
wife,2
tanta,2
beauty,2
analoga,2
promised,2
betrayed,2
corrisponde,2
fly,2
verbale,2
request,2
minor,2
risolve,2
rome,2
vaeneis,2
action,2
tuttavia,2
modus,2
firma,2
drama,2
espressione,2
comparative,2
play,2
grande,2
appare,2
make,2
charm,2
storico,2
completamente,2
nutre,2
fiducia,2
dimostra,2
dialogo,2
corpus,2
once,2
immagine,2
oxford,2
criticism,2
kindly,2
testimone,2
nuove,2
sullo,2
presto,2
many,2
message,2
orazio,2
amata,2
seems,2
hands,2
departure,2
miserae,2
light,2
sorella,2
words,2
these,2
cum,2
aristotle,2
heroes,2
aeneidos,2
fact,2
nicety,2
rise,2
only,2
eccezionale,2
published,2
rifiuto,2
french,2
arco,2
sistema,2
siamo,2
teli,2
others,2
molte,2
dione,2
dedicata,2
dettaglio,2
elisabettiani,2
idea,2
lasciata,2
head,2
lega,2
mera,2
perfezione,2
definizione,2
presupposto,2
new,2
universo,2
denuncia,2
omero,2
evoluzione,2
readers,2
capace,2
sufficiente,2
model,2
italiam,2
tre,2
royal,2
ricorda,2
simile,2
doveva,2
breast,2
gives,2
free,2
straniera,2
oculis,2
altronde,2
process,2
peraltro,2
succour,2
riconoscenza,2
rintraccia,2
errori,2
father,2
mezzo,2
pensiero,2
heroine,2
didascalia,2
appiano,2
again,2
brano,2
herself,2
invia,2
cosa,2
mutamenti,2
parting,2
poesia,2
yon,2
samuel,2
tradition,2
sovrana,2
pacificazione,2
cioè,2
significance,2
philology,2
ritengo,2
brevemente,2
sighed,2
referente,2
sposo,2
trovano,2
infine,2
herculean,2
imprese,2
meditazione,2
posizione,2
caratterizzazione,2
witness,2
caesar,2
conto,2
volere,2
become,2
maggior,2
dimostrare,2
veri,2
pubblico,2
vide,2
lay,2
eccezione,2
pochissimo,2
proteste,2
cede,2
alcide,2
greek,2
linguaggio,2
beg,2
portare,2
mortem,2
properzio,2
primi,2
debito,2
faith,2
discosta,2
offre,2
senecano,2
letture,2
dai,2
seen,2
corte,2
tenta,2
linea,2
periodo,2
senecana,2
why,2
psicologica,2
specious,2
renaissance,2
avrebbe,2
cercare,2
legato,2
famous,2
sebbene,2
passa,2
situazioni,2
lingua,2
face,2
migliore,2
ovid,2
school,2
land,2
share,2
natura,2
carica,2
versione,2
émotions,2
thèse,2
costituisce,2
imminente,2
ever,2
ambito,2
command,2
waith,2
anzitutto,2
sure,2
évidence,2
cultura,2
believe,2
conflitto,2
rileva,2
thy,2
detenere,2
dat,2
letto,2
stampa,2
themselves,2
diversamente,2
fail,2
resto,2
friends,2
diretto,2
destroyed,2
troppo,2
sì,2
π,2
fled,2
deve,2
mihi,2
fedele,2
discussione,2
anchisae,2
want,2
westminster,2
comprensione,2
yeneide,2
loved,2
triumviro,2
odio,2
preso,2
delineare,2
riluttanza,2
rivale,2
doppio,2
provoca,2
tear,2
qua,2
des,2
affrontato,2
norma,2
aspetto,2
dice,2
falsa,2
heaving,2
cadaveri,2
virgiliano,2
ho,2
fiume,2
london,2
generale,2
allo,2
elezione,2
dello,2
ascanius,2
riassume,2
touch,2
cambridge,2
artistica,2
animo,2
messa,2
desse,2
emotivo,2
fatal,2
crimes,2
rifiuta,2
raccolta,2
conubia,2
attenzione,2
critici,2
imponere,2
fuggevole,2
am,2
between,2
faithless,2
trovare,2
mistificazione,2
civico,2
spingono,2
forte,2
circostanze,2
politici,2
observed,2
articolo,2
discorso,2
lampedusa,2
certa,2
sa,1
ultime,1
favourites,1
rapida,1
ostacoli,1
sostitutite,1
mingled,1
brighter,1
cristallizzata,1
sentiva,1
preoccupazione,1
judge,1
contraffattore,1
weighed,1
autoriale,1
sede,1
reazione,1
versificatore,1
accettabile,1
lasciar,1
struggle,1
farwell,1
speranza,1
particolarmente,1
apparire,1
page,1
altae,1
celeberrima,1
imitâtes,1
ornamento,1
diretta,1
tum,1
preghiere,1
rosee,1
dissimulazione,1
grò,1
edge,1
specificità,1
humankind,1
cercano,1
always,1
sarebbero,1
avoiding,1
dagger,1
concerned,1
facendo,1
autoidentificazione,1
educazione,1
innocua,1
operandi,1
medium,1
comandante,1
ragguardevole,1
creava,1
fattucchiere,1
snoda,1
wanders,1
wander,1
attains,1
hâte,1
sostituire,1
indumenti,1
aspetteremmo,1
spoglia,1
pièce,1
tempio,1
deduced,1
tocchi,1
rispettive,1
amoroso,1
aggiunti,1
college,1
jodelle,1
artus,1
ν,1
trojan,1
lacerazione,1
annus,1
posteriore,1
esplicitazione,1
mali,1
sicilia,1
divinizzante,1
deceit,1
extends,1
mundane,1
informa,1
myths,1
individuava,1
persuadere,1
fundamenta,1
quem,1
nereidi,1
connecticut,1
negabo,1
incentrava,1
former,1
affrontati,1
perciò,1
presupposti,1
caeli,1
just,1
morente,1
culto,1
maiora,1
individuare,1
nusquam,1
svincolato,1
elissae,1
dottrina,1
hate,1
denied,1
dichiara,1
acquista,1
baldacchino,1
eundem,1
moltiplicata,1
versato,1
mankind,1
prime,1
picked,1
terminated,1
myriads,1
aspide,1
rimprovero,1
desiderare,1
classicist,1
nichol,1
sovereign,1
fainting,1
perentorio,1
decleopatra,1
prince,1
veil,1
remi,1
deceiver,1
surround,1
riportano,1
nio,1
mitiche,1
magnam,1
umbris,1
fraterno,1
membra,1
dxyantony,1
studies,1
fra,1
teatrale,1
rear,1
originals,1
idealizzante,1
citati,1
confessano,1
fedeltà,1
influsso,1
ore,1
poneva,1
felice,1
spezzano,1
gesto,1
cessi,1
spedizioni,1
hours,1
rivali,1
deny,1
tentativo,1
oppose,1
contenute,1
terzo,1
proposto,1
eseguire,1
anteporle,1
letterari,1
aconite,1
narra,1
loathes,1
maggioranza,1
deviazioni,1
occasioni,1
invent,1
aggiunge,1
desine,1
divergenti,1
dramatist,1
oscurità,1
scolpiti,1
maze,1
destinataria,1
feels,1
carichi,1
smile,1
limits,1
standards,1
rivivrebbe,1
desiderio,1
fortunata,1
mourned,1
meditatur,1
ancelle,1
po,1
grecians,1
cadono,1
pieno,1
frammento,1
princeton,1
svela,1
meli,1
symptoms,1
dose,1
immortali,1
consistenza,1
ricondurre,1
fearful,1
ingiustizia,1
regalo,1
genza,1
women,1
pélican,1
leads,1
sappiamo,1
supra,1
worth,1
malie,1
passivo,1
nero,1
appréhension,1
round,1
being,1
painful,1
aufert,1
consistent,1
populär,1
invoking,1
necessità,1
sit,1
medea,1
salutando,1
mettere,1
outclassing,1
coast,1
η,1
alcmena,1
stressed,1
strutturale,1
speret,1
privato,1
hanc,1
pleasure,1
sources,1
riore,1
mesi,1
concentrarsi,1
oziare,1
cade,1
esalta,1
certainly,1
tener,1
richiami,1
numbered,1
arvis,1
tenue,1
sad,1
scelte,1
sessant,1
schiatta,1
loathing,1
definitivamente,1
researched,1
sortes,1
fenced,1
circuito,1
restoration,1
nulla,1
jupiter,1
acconciata,1
abound,1
muovevano,1
offrì,1
possesses,1
falsi,1
rimase,1
vista,1
giraldi,1
sub,1
riflessioni,1
fando,1
vitam,1
raggiunto,1
intrusted,1
externally,1
allestisce,1
england,1
fecondo,1
insediamento,1
vitale,1
contare,1
invadevano,1
ebbe,1
hatred,1
mibi,1
potere,1
comprimendo,1
thus,1
thereupon,1
convinto,1
reach,1
conferma,1
opposizione,1
least,1
europe,1
etici,1
ricucire,1
spiegarsi,1
accetta,1
disordered,1
belong,1
broken,1
pater,1
morti,1
together,1
attenua,1
limb,1
appearance,1
figliolette,1
thank,1
faeracle,1
alpanca,1
compito,1
stood,1
intimamente,1
soggettiva,1
voluttuosi,1
normative,1
totiens,1
imbarazzo,1
esso,1
rilevato,1
shakespeares,1
xiii,1
preparazione,1
farther,1
mieux,1
court,1
scacciata,1
finemque,1
gentem,1
decrevitque,1
curis,1
fertque,1
aulide,1
nelvaeneis,1
survey,1
categoria,1
debt,1
loves,1
imposto,1
références,1
reticenza,1
possibilità,1
aspicit,1
equates,1
richiamare,1
embrace,1
movetur,1
tasso,1
spiegate,1
meminisse,1
meantime,1
consist,1
nesso,1
avversa,1
state,1
mos,1
progenitore,1
urbem,1
provocare,1
agire,1
raised,1
partenza,1
gifts,1
rinfaccia,1
satire,1
verona,1
trascurato,1
assegnatole,1
career,1
reading,1
somewhat,1
trovò,1
signs,1
schemes,1
personale,1
produrre,1
poetiche,1
ridurrebbe,1
infelice,1
voces,1
daniel,1
shakespeariana,1
tangibile,1
skies,1
parere,1
persegue,1
tunicarum,1
imparruccata,1
prescelto,1
hic,1
british,1
ovvie,1
veteris,1
istintivo,1
risalto,1
partners,1
braccia,1
labefactus,1
conoscere,1
talibus,1
tranne,1
preventing,1
neìì,1
crystal,1
adesso,1
convocazioni,1
protettorato,1
operit,1
prezzo,1
aenean,1
occasionati,1
resembles,1
inadequate,1
vestire,1
qualifica,1
affettata,1
precoce,1
asleep,1
admirers,1
agnosco,1
inferiorità,1
reali,1
dargli,1
euripide,1
mei,1
task,1
annuale,1
investita,1
translations,1
libere,1
primary,1
tunica,1
mine,1
nascevano,1
mass,1
relaxât,1
successivi,1
accuratamente,1
attuale,1
condizione,1
compì,1
magni,1
abbandonata,1
praz,1
pisa,1
tempus,1
cléòpatre,1
impossibile,1
similare,1
copione,1
fanciullo,1
porre,1
scarso,1
invisibility,1
suppress,1
despairing,1
italian,1
nessuna,1
medesime,1
welcome,1
howard,1
erculei,1
activity,1
piegare,1
eccellenza,1
condition,1
altea,1
istruito,1
accompagnato,1
universalità,1
cap,1
grandezza,1
studi,1
liberare,1
etienne,1
richieste,1
queens,1
elegia,1
circe,1
gryneus,1
vital,1
genere,1
thalami,1
obvious,1
dubbio,1
optima,1
enemy,1
smentita,1
suecleopatra,1
riemersi,1
genetrix,1
desired,1
centralità,1
mancanza,1
eats,1
attualizzazione,1
nuocere,1
esterno,1
ponga,1
laws,1
household,1
battaglie,1
abituato,1
ricorrente,1
abituati,1
batte,1
unities,1
cogliere,1
muore,1
aequis,1
lunga,1
fragilità,1
marte,1
antecedenti,1
intende,1
impartial,1
scriveva,1
magnas,1
persino,1
procos,1
dominio,1
shut,1
esplicite,1
ottavia,1
bed,1
exposed,1
conlapsaque,1
chiave,1
attribuisce,1
bleeding,1
contemporaneo,1
grant,1
frangente,1
chiudeva,1
quibus,1
guardasse,1
ancora,1
terra,1
partire,1
throughout,1
crimine,1
alquanto,1
antonii,1
cicero,1
rivedere,1
ottiene,1
esse,1
house,1
risuonano,1
surely,1
sottomissione,1
indicare,1
offer,1
effetto,1
goddess,1
murice,1
limitarci,1
barbarie,1
inner,1
inviati,1
digestion,1
contempo,1
safety,1
stories,1
apparenza,1
evidenza,1
silent,1
sociale,1
eventi,1
eunuco,1
nuptial,1
scarce,1
interest,1
told,1
rappresentazione,1
divine,1
décision,1
ut,1
dozen,1
pronuncia,1
saturnins,1
rimandando,1
ambasciate,1
brother,1
immutabilità,1
relations,1
perdita,1
dilaniato,1
envy,1
ammiratori,1
towers,1
obnixus,1
considerazioni,1
compromesso,1
vorrei,1
lezioni,1
liberarsi,1
fermo,1
gradito,1
factas,1
jr,1
ottima,1
built,1
irrecuperabile,1
riunione,1
chapman,1
ws,1
appropriati,1
pay,1
giustificazione,1
treasure,1
osserva,1
porgere,1
extensively,1
aristotele,1
farewell,1
subisce,1
hospitable,1
offrire,1
mette,1
hold,1
interpretativi,1
herculi,1
proporrebbe,1
intesa,1
scudo,1
accidentai,1
caverna,1
infelici,1
significativamente,1
letterarie,1
mistakes,1
orecchio,1
glory,1
degere,1
epoca,1
perfidia,1
evitano,1
mystic,1
potremmo,1
concerning,1
azioni,1
richiamo,1
elevare,1
ergo,1
back,1
subjects,1
ricordiamo,1
body,1
seppur,1
similarità,1
divergono,1
esteriore,1
iniuria,1
young,1
intrusioni,1
wholly,1
tarnen,1
appassionati,1
vales,1
scott,1
strappare,1
fraintendimento,1
desideroso,1
frailty,1
despair,1
truly,1
focolare,1
judicious,1
accordarle,1
giacomo,1
compare,1
intervallo,1
unequivocally,1
sordità,1
teque,1
realizzare,1
men,1
interruzione,1
espressioni,1
attirato,1
practically,1
cf,1
patrons,1
ispirata,1
simpatizzare,1
innesca,1
confess,1
excindere,1
sister,1
qualificandolo,1
pains,1
contribuiscono,1
classicai,1
tende,1
rewarded,1
ipse,1
invites,1
positivo,1
dominatore,1
ausilio,1
scomparire,1
deriva,1
forgetful,1
infinite,1
undone,1
dedicate,1
master,1
rinforza,1
consdousness,1
estraneità,1
unfortunate,1
soggettivo,1
proposta,1
improbo,1
resistenza,1
walls,1
afroditi,1
denigratori,1
lacrimas,1
spiritus,1
perfect,1
analizzato,1
appesa,1
opinione,1
semplicemente,1
cesso,1
neweneide,1
ammettiamo,1
employ,1
romano,1
loyal,1
civilization,1
raggelante,1
ibrido,1
riscontrare,1
ideai,1
inferiori,1
stabilire,1
pressione,1
sofferente,1
stained,1
veicolo,1
resterà,1
octavian,1
whose,1
offrirle,1
understands,1
nascosta,1
battello,1
connessione,1
trovino,1
aditus,1
critica,1
luigi,1
victus,1
inarrivabile,1
continent,1
pensava,1
incorruttibile,1
indaga,1
ferale,1
ostinandosi,1
angeles,1
segni,1
sostituito,1
remain,1
civile,1
unmoved,1
fatalibus,1
colomba,1
shakespeariano,1
mantenere,1
teretem,1
conscio,1
nullis,1
scelse,1
punisti,1
pallidi,1
interesse,1
iter,1
bore,1
gomene,1
svolge,1
locas,1
istruisce,1
mente,1
àc,1
uscita,1
stranger,1
erotica,1
affrancati,1
significativo,1
venire,1
active,1
foreknows,1
undistinguished,1
cinthio,1
analoghi,1
completa,1
spetta,1
veleno,1
reworked,1
dettami,1
misi,1
storms,1
traducendoli,1
stops,1
cesare,1
colpa,1
ex,1
positivi,1
conversation,1
letti,1
ethos,1
personhood,1
pronunciato,1
proffered,1
direct,1
recently,1
hymenaeos,1
induce,1
colpiva,1
refuses,1
cinismo,1
surgunt,1
congreve,1
special,1
contrappuntano,1
nos,1
compaia,1
abbracciato,1
worthless,1
bosom,1
illustrations,1
contraddizioni,1
amarezza,1
individuo,1
spiagge,1
feel,1
productive,1
cambiare,1
parola,1
betwixt,1
reginay,1
dobbiamo,1
front,1
maga,1
supposed,1
rapido,1
alcuni,1
agonia,1
guides,1
sorta,1
pleasures,1
principio,1
vera,1
creare,1
monuments,1
soul,1
baugh,1
tempora,1
lives,1
palesare,1
giuseppe,1
zione,1
prestigio,1
cingeva,1
adattamenti,1
invisibile,1
insistere,1
posthumously,1
promeritam,1
springs,1
day,1
eyelids,1
riscontrato,1
satisfied,1
degenerate,1
alacleopatra,1
attorno,1
marks,1
matrimonio,1
march,1
greeks,1
procedere,1
preclude,1
forget,1
antico,1
rilevando,1
maiden,1
moved,1
canopo,1
allargato,1
inceptos,1
poisoned,1
premebat,1
saranno,1
hos,1
decadano,1
contestabile,1
image,1
hostess,1
sdì,1
foul,1
aura,1
dit,1
opposto,1
comune,1
ineluttabilità,1
lucano,1
intrattenne,1
leonis,1
consciousness,1
ì,1
termini,1
spirit,1
possesso,1
sostenere,1
eandem,1
articulated,1
glorious,1
idee,1
thee,1
assistere,1
god,1
artefici,1
shore,1
parametri,1
relazioni,1
trafiggersi,1
prevent,1
frater,1
solid,1
exstinctus,1
ulysses,1
pulchramque,1
monologhi,1
alta,1
conqueror,1
doloroso,1
avertit,1
operate,1
superior,1
consapevolezza,1
vele,1
interpretata,1
origins,1
diventata,1
amorini,1
simili,1
encouragement,1
fletibus,1
beyond,1
segnalazione,1
truth,1
lifelong,1
shed,1
umiliazione,1
costretto,1
chiude,1
notions,1
tragicommedia,1
instruit,1
denigratoria,1
rivolte,1
quos,1
enumerare,1
requires,1
vesti,1
furtivum,1
generica,1
universale,1
capitisque,1
fato,1
drammatica,1
riprodurre,1
cfr,1
pious,1
founding,1
thyself,1
tu,1
silly,1
important,1
opinion,1
iarbasf,1
crimini,1
perentoria,1
augusteo,1
invalidarlo,1
didoì,1
dissimulo,1
oscura,1
conosceva,1
analoghe,1
affronta,1
pigebit,1
blest,1
aperto,1
ingratitudine,1
chiama,1
seguono,1
lucrèce,1
orabat,1
rappresenta,1
based,1
imprecating,1
ininterrotta,1
puntuale,1
mistero,1
ricava,1
introduce,1
pagina,1
quadri,1
riportare,1
vanished,1
evidentemente,1
sedley,1
critic,1
assecondato,1
menzione,1
plot,1
nihil,1
called,1
pergama,1
capitis,1
attribuire,1
limitiamo,1
introspezione,1
inconsapevolmente,1
portarne,1
somnis,1
portato,1
carol,1
irrimediabilmente,1
effort,1
famoso,1
stavano,1
puer,1
conspicuous,1
âges,1
indice,1
covent,1
exseruisse,1
dederit,1
cattolicesimo,1
querelle,1
destined,1
provocherà,1
events,1
compassion,1
dictis,1
testimoni,1
tragicomedy,1
strettamente,1
bruciavano,1
rispondere,1
vocat,1
eliot,1
tennis,1
nam,1
variazione,1
sprigiona,1
legate,1
distinti,1
occhiata,1
angoscia,1
alcuna,1
conciliazione,1
late,1
lead,1
freddo,1
amici,1
ripensamento,1
ingemuit,1
softly,1
further,1
infected,1
maxima,1
particolo,1
mist,1
equally,1
ricostruire,1
sighs,1
corde,1
indiscusso,1
erotico,1
presunzione,1
disgrazie,1
blow,1
barba,1
ducat,1
vergogna,1
riducendo,1
apparente,1
pursued,1
spesso,1
celebrare,1
tenuto,1
accettarla,1
filtro,1
rejected,1
scrisse,1
afforded,1
scandai,1
disproportion,1
idoli,1
appears,1
servizio,1
europa,1
milton,1
moderne,1
risentimento,1
feed,1
condivisa,1
investito,1
suffered,1
permane,1
trascendono,1
modestamente,1
maritos,1
priva,1
unconvincing,1
wealth,1
marlowe,1
flies,1
verse,1
videro,1
ottaviano,1
paragone,1
nothing,1
ford,1
suscipiunt,1
tension,1
posset,1
breathing,1
refuge,1
prevedere,1
required,1
ricevesse,1
identità,1
reluctantly,1
bow,1
molo,1
triumph,1
sacrifice,1
innamorate,1
meramente,1
politiche,1
scene,1
pieghe,1
alt,1
wants,1
sezione,1
memory,1
bounder,1
paralleli,1
sovrano,1
chiedesse,1
servette,1
garments,1
osservano,1
totalmente,1
throne,1
directly,1
condurre,1
naso,1
continui,1
cecità,1
unum,1
myself,1
assurta,1
scritti,1
furono,1
coscienza,1
suppliant,1
opinioni,1
vittima,1
argento,1
numerose,1
trachinie,1
litore,1
imprisoned,1
loathed,1
informare,1
aproblematica,1
sfumata,1
familiari,1
looks,1
designare,1
scegliere,1
voler,1
fuoco,1
carry,1
writers,1
storiografia,1
successione,1
zonam,1
popolo,1
necessarie,1
tessale,1
reader,1
circolazione,1
provocato,1
exterrita,1
chiamano,1
aspirazione,1
régit,1
tantos,1
istituzione,1
brought,1
irraggiungibili,1
ascesa,1
perorazione,1
imprimono,1
modesto,1
formidabile,1
virtues,1
chvamque,1
compass,1
civil,1
unfurnished,1
praticamente,1
permesso,1
diventa,1
pulls,1
indirizzare,1
sottolineano,1
inconsapevoli,1
data,1
sponte,1
congiunte,1
strive,1
involontariamente,1
capolavoro,1
indossare,1
talisque,1
barren,1
apparentemente,1
tueri,1
prefigurata,1
evicta,1
gravem,1
whole,1
prevedeva,1
nessun,1
animus,1
captam,1
older,1
tractabilis,1
distanti,1
during,1
onorificenza,1
indizio,1
obscured,1
abdica,1
spenta,1
esposte,1
contesto,1
ricordare,1
faccia,1
ι,1
concentrate,1
famished,1
tralasciare,1
volgere,1
diversificarsi,1
correggere,1
mirabilis,1
presentarsi,1
fides,1
certi,1
tappe,1
perfetto,1
transmute,1
incontrastabile,1
avvenga,1
ultraindividuali,1
ospitalità,1
rafforzare,1
rese,1
away,1
distruttività,1
libero,1
immettendoli,1
employed,1
believes,1
sovrappone,1
invii,1
ritmo,1
showing,1
talented,1
danais,1
thunder,1
rage,1
gently,1
parità,1
sente,1
sparkles,1
listening,1
interpreted,1
vincula,1
status,1
emanciparsi,1
ossessivamente,1
chiarezza,1
diniego,1
swore,1
generi,1
lasciano,1
accade,1
predisporre,1
holy,1
entusiasmo,1
diretti,1
attend,1
perfide,1
opposed,1
risalti,1
aggiungere,1
positiva,1
arrivo,1
drydeniane,1
earth,1
reminiscenze,1
depicting,1
iride,1
parva,1
precipitosamente,1
misery,1
quam,1
avviso,1
critiche,1
riceve,1
accused,1
riflettere,1
confrontarsi,1
inane,1
mocked,1
scindebant,1
accosta,1
caused,1
macchinazioni,1
specie,1
hard,1
working,1
numbness,1
cruel,1
alzandosi,1
inadeguati,1
reclamando,1
misura,1
avvalendosi,1
revolution,1
belle,1
stage,1
epiteti,1
allegoricamente,1
multiply,1
mani,1
practising,1
next,1
dominante,1
sayst,1
wrong,1
epica,1
rimproveri,1
lungo,1
sottolineato,1
documentando,1
acted,1
negatole,1
sake,1
registro,1
dipanarsi,1
ytis,1
conosciuto,1
hercules,1
ubi,1
shame,1
sidéra,1
orgoglio,1
dedignata,1
ognuno,1
shapes,1
few,1
percorsi,1
portano,1
creazione,1
incontrollabile,1
choose,1
intimo,1
pare,1
ruotare,1
deiveneide,1
comfort,1
zona,1
extremis,1
iron,1
fuori,1
dramatic,1
amor,1
traitor,1
rivelata,1
noti,1
fertilità,1
modernes,1
gici,1
contenuto,1
conclude,1
reponunt,1
matrimoniale,1
coniugium,1
telling,1
impossible,1
créations,1
canone,1
immortalato,1
esaurisce,1
alporiginale,1
fully,1
prendendo,1
mournful,1
andate,1
up,1
inability,1
cares,1
quis,1
justice,1
ambasciata,1
dim,1
breeding,1
rursusne,1
purpose,1
vedono,1
loci,1
exstruis,1
re,1
numero,1
orat,1
correspondence,1
abbandonandole,1
mak,1
comparato,1
woolf,1
counselled,1
veniam,1
bracchia,1
uxorius,1
sovrapporre,1
sovrappongono,1
plurima,1
attaglia,1
ghost,1
indecisione,1
distinta,1
creeps,1
prefigge,1
colloca,1
nobile,1
fugit,1
defrauded,1
concessioni,1
drammaturghi,1
départ,1
infants,1
fornito,1
nemico,1
grado,1
frainteso,1
univoca,1
admittance,1
unkindness,1
conscia,1
rerumque,1
linee,1
letteraria,1
dieci,1
conditaque,1
threatened,1
embarked,1
zampogne,1
differenza,1
menzioni,1
poetico,1
tenet,1
virgiliane,1
press,1
obiezione,1
vedeva,1
challenge,1
fruitivo,1
mori,1
erudito,1
led,1
confound,1
supplex,1
capessere,1
raffronto,1
maiorum,1
thalamo,1
rematori,1
driven,1
sedimentarsi,1
tread,1
advocate,1
holds,1
variety,1
sensi,1
various,1
taken,1
stratisque,1
noble,1
pudor,1
sofferenze,1
sermonem,1
minaccia,1
dextram,1
malgrado,1
inn,1
concede,1
scaturiscano,1
legò,1
ire,1
solitària,1
short,1
wrote,1
audit,1
appearances,1
alma,1
turns,1
dispiego,1
riguarda,1
favours,1
esame,1
precipita,1
fatica,1
poteva,1
plans,1
deveniunt,1
lecito,1
wait,1
ripetutamente,1
acknowledged,1
metà,1
preghiera,1
difficilmente,1
nearly,1
travisata,1
préoccupation,1
inevitabile,1
soffermato,1
incoraggiare,1
profondità,1
autorizzano,1
breath,1
object,1
propter,1
convince,1
ears,1
still,1
above,1
plagues,1
tuarum,1
equivalente,1
derne,1
garden,1
impostazione,1
sostituti,1
sostenuto,1
translates,1
standing,1
averlo,1
degni,1
moderni,1
temporaneamente,1
etico,1
insulting,1
vicende,1
assoluto,1
mea,1
vece,1
put,1
riconducibili,1
filigrana,1
ricavato,1
terrei,1
pressioni,1
famulae,1
incontrare,1
sordo,1
heu,1
afric,1
about,1
guide,1
intesse,1
gerarchla,1
frank,1
witty,1
coniugale,1
interpretati,1
bibliografia,1
implichi,1
sympathies,1
nostris,1
accomuna,1
capitolo,1
guida,1
agonizzante,1
settant,1
paragonabile,1
post,1
aegra,1
passi,1
moenia,1
pensò,1
costruzione,1
dreams,1
mitologici,1
vederla,1
albert,1
ferro,1
trent,1
sovente,1
evil,1
carriera,1
estrapola,1
incarna,1
flammae,1
iside,1
essenziale,1
diffuso,1
fatale,1
immota,1
oltreché,1
attente,1
orange,1
disastrous,1
repertorio,1
tongue,1
ancient,1
trovava,1
inscenato,1
profane,1
colpito,1
banalizzazione,1
sensé,1
magnificenza,1
indenne,1
experiar,1
asia,1
storiografi,1
complete,1
ripetuto,1
interroga,1
lord,1
richiedeva,1
dropped,1
punti,1
rebus,1
passions,1
sottolineare,1
sender,1
perficere,1
costituiscono,1
partly,1
mancato,1
silk,1
collazione,1
raddoppiata,1
already,1
estensione,1
steve,1
dépendent,1
hunger,1
insistente,1
portata,1
incapaci,1
comunica,1
begins,1
interea,1
people,1
traduce,1
intervenuta,1
partecipazione,1
dominata,1
robert,1
independent,1
nomadumque,1
canst,1
althea,1
artificio,1
accusatore,1
γοpinione,1
volume,1
odiare,1
scomparso,1
ventre,1
fece,1
astanti,1
worst,1
laid,1
troy,1
fire,1
degrees,1
commessi,1
comprendere,1
also,1
admit,1
dedicato,1
unmistakably,1
iniziale,1
violento,1
conceal,1
grasp,1
formulazione,1
dotata,1
milano,1
limitati,1
istituisce,1
distintivo,1
height,1
bracelet,1
intima,1
attivo,1
nuovi,1
affidate,1
aggiunta,1
ampiamente,1
sofferma,1
stipendio,1
svolto,1
santificare,1
datavano,1
facevano,1
rock,1
intera,1
mantello,1
ónfale,1
conduct,1
wanting,1
smith,1
soli,1
remaining,1
volti,1
foreign,1
riprese,1
mero,1
seconds,1
riconoscimenti,1
tentato,1
shows,1
suicida,1
longer,1
ulteriori,1
inadeguatezza,1
valid,1
limitativo,1
treatment,1
flexit,1
fatis,1
scuote,1
avvisando,1
corollario,1
endless,1
approximately,1
bugiardo,1
ricongiungimento,1
terras,1
advena,1
sleep,1
gradino,1
sed,1
legittimità,1
assegnò,1
regalità,1
appeared,1
innanzitutto,1
operata,1
abstract,1
tuis,1
eccesso,1
accettare,1
unwillingly,1
contemporanei,1
volontari,1
accomunata,1
remittam,1
angry,1
meque,1
larger,1
ideale,1
predilezione,1
eliza,1
quintilian,1
spurned,1
suscitate,1
chssical,1
prepara,1
tuta,1
tempi,1
sottrarsi,1
accession,1
ingigantisce,1
abbienti,1
latina,1
spaziosa,1
consapevolmente,1
catastrofe,1
pattern,1
assiologia,1
feil,1
riflesso,1
descrizione,1
amantini,1
equilibrata,1
laddove,1
nomine,1
piuttosto,1
adotta,1
ricordato,1
retorico,1
forms,1
elargire,1
enough,1
esterna,1
italia,1
responsabile,1
nista,1
shipwreck,1
chain,1
divino,1
begin,1
preliminari,1
increases,1
prosaica,1
citato,1
voci,1
en,1
anciens,1
creature,1
antenate,1
antone,1
circonda,1
oblio,1
motivo,1
vincla,1
risulti,1
receives,1
establish,1
normalità,1
decide,1
resuit,1
profondo,1
attestazioni,1
kearful,1
answer,1
quadro,1
adombramento,1
choice,1
pease,1
hides,1
shuns,1
grandissima,1
disperata,1
famose,1
fattore,1
lidia,1
near,1
giorni,1
rispettosa,1
divertirsi,1
curatore,1
liter,1
santi,1
recita,1
ininterrotto,1
indietro,1
apprezzare,1
iovis,1
certamente,1
macroscopiche,1
suggeritole,1
grave,1
richiesta,1
permettere,1
spazi,1
after,1
fossero,1
partecipanti,1
reigning,1
neìvantony,1
versano,1
fante,1
sostanziale,1
moto,1
corpo,1
richiama,1
transparent,1
esopo,1
chiarimento,1
sensibile,1
accenti,1
suis,1
revivifying,1
apollo,1
classical,1
fight,1
sir,1
original,1
densità,1
funere,1
vasto,1
rôle,1
sostegno,1
stabilize,1
ovunque,1
triste,1
drudging,1
qualcuna,1
gaetulo,1
mean,1
insufficiente,1
potuto,1
perseguiva,1
modulo,1
bracciali,1
preliminare,1
cala,1
spoliumque,1
bluest,1
effectiveness,1
diciassette,1
genres,1
rivelare,1
dipped,1
riduttiva,1
rinunciare,1
upon,1
cineres,1
inizi,1
unquestionably,1
risalì,1
risoluzione,1
lodati,1
hers,1
troveranno,1
troianam,1
obiettare,1
austin,1
vedesse,1
riconquistare,1
lyciae,1
modella,1
differimento,1
conversione,1
nay,1
querelis,1
chiari,1
esito,1
es,1
duro,1
biblis,1
pitied,1
bears,1
miseratus,1
moror,1
riconosce,1
seif,1
load,1
insorgere,1
latian,1
risiede,1
identity,1
offesa,1
concern,1
minerali,1
ancella,1
tradita,1
manfredini,1
ddxyhappy,1
fletus,1
disposizione,1
sedici,1
espresso,1
forsaken,1
nuovamente,1
station,1
plutarchea,1
pharetra,1
ibidem,1
assume,1
morality,1
dances,1
refertque,1
armatura,1
inoltre,1
subita,1
prototipo,1
luogotenente,1
quite,1
prodotta,1
business,1
recovery,1
kingdom,1
edipo,1
essi,1
trattazione,1
classemve,1
frequenza,1
voice,1
definitiva,1
complessità,1
avevano,1
envious,1
chosen,1
buona,1
speak,1
talmente,1
epistles,1
accentuato,1
inrisa,1
collocare,1
imperfezione,1
unwanted,1
epic,1
violentemente,1
modifiche,1
arbitro,1
revelli,1
destruat,1
grandiosa,1
joys,1
recitato,1
finally,1
interpretare,1
perduti,1
indesiderato,1
helpless,1
riconoscevano,1
passim,1
dramas,1
coinvolgimento,1
invano,1
sentire,1
tbough,1
immagini,1
costantemente,1
condivisibile,1
three,1
transformation,1
reward,1
furias,1
praetexit,1
infelix,1
carthage,1
fondamentali,1
certain,1
ere,1
ullas,1
softest,1
cambio,1
attinto,1
frutto,1
racchiudere,1
decisa,1
cari,1
memor,1
furentem,1
beguiles,1
probabilità,1
dollabella,1
tradotta,1
tenebat,1
tenendo,1
arouse,1
david,1
pride,1
gioielli,1
risolvere,1
estremo,1
tragico,1
costituì,1
posticcio,1
mitico,1
sforzi,1
inno,1
seque,1
riuscirà,1
omissioni,1
lucrezio,1
ribadiscono,1
ovvio,1
cetre,1
nocciolo,1
collected,1
tinctas,1
intendesse,1
lie,1
culpam,1
recarsi,1
spunti,1
probable,1
gaetulus,1
earlier,1
keen,1
dardaniique,1
nettamente,1
poetic,1
smuovere,1
contemporaneamente,1
coscienziosa,1
sensibilità,1
abundant,1
perdono,1
manifesta,1
fandi,1
rendendoli,1
fletu,1
quick,1
valeriana,1
sequor,1
calzante,1
especially,1
combaciano,1
tunicas,1
bereit,1
flame,1
opinabile,1
misunderstandings,1
reagisce,1
parallel,1
indusse,1
shadwell,1
offended,1
editors,1
passioni,1
incoraggiava,1
benefattori,1
medesimo,1
hand,1
mare,1
trouble,1
istante,1
sostenuta,1
disumana,1
cultibus,1
turbida,1
dovrebbe,1
britain,1
accordingly,1
avverrà,1
dignitoso,1
imago,1
flauto,1
corso,1
porpora,1
smarrimento,1
enemies,1
epigraphs,1
fregerai,1
fairly,1
leonina,1
taedet,1
séries,1
diffusamente,1
sharper,1
cinque,1
implication,1
volto,1
strascichi,1
qualificando,1
poppa,1
greece,1
story,1
italy,1
servetti,1
auras,1
looked,1
sfavorevole,1
nettezza,1
spingere,1
erano,1
priorità,1
sine,1
conclusione,1
vestigia,1
stili,1
originalità,1
adottati,1
relative,1
verità,1
drydeniano,1
quarterly,1
expire,1
création,1
ago,1
ovviamente,1
numquam,1
attrazione,1
risentiva,1
ribadendo,1
procedimento,1
tafosiride,1
attention,1
esegesi,1
weep,1
repose,1
ripresi,1
combattute,1
quei,1
fisico,1
duplice,1
karthaginis,1
ulteriore,1
translator,1
sdraiata,1
costrette,1
strutture,1
libertinesca,1
dexter,1
ricambia,1
property,1
deliquio,1
caratteristica,1
european,1
regnisi,1
admire,1
ripristino,1
tuam,1
vanno,1
espansioni,1
victor,1
burns,1
titolo,1
potè,1
marilyn,1
committed,1
laureate,1
relationship,1
riconquistarne,1
omnia,1
astra,1
estesa,1
difetti,1
foreseen,1
affermano,1
inviata,1
vv,1
confutare,1
breve,1
affiancata,1
ideali,1
qualcuno,1
ary,1
identificato,1
invitus,1
messaggeri,1
edizioni,1
conformarsi,1
riconoscono,1
infinitamente,1
legittimo,1
memorie,1
continued,1
adibam,1
powers,1
fuit,1
presenti,1
chance,1
usually,1
temptaturum,1
profumi,1
inluserit,1
caput,1
dénouement,1
cancellando,1
husband,1
plays,1
sanctify,1
impressive,1
origine,1
speluncam,1
prose,1
bellissima,1
admonet,1
fear,1
paventava,1
assicurazione,1
proves,1
pitying,1
contenuta,1
prende,1
comunione,1
arts,1
deaths,1
stopped,1
merita,1
ordinary,1
onfale,1
guglielmo,1
grido,1
slow,1
watching,1
torpore,1
negativo,1
abbondanza,1
multiforme,1
vuoto,1
originai,1
emide,1
ricordo,1
giorno,1
meravigliosi,1
giulio,1
papers,1
worse,1
sobbed,1
cancella,1
neppure,1
classicista,1
contribution,1
dirsi,1
seduzioni,1
messaggi,1
funzione,1
myrrha,1
try,1
sélection,1
mortai,1
poeti,1
giovenale,1
politico,1
assieme,1
topera,1
stabiliva,1
ingombrante,1
unusual,1
sussistenza,1
swims,1
dovesse,1
abbia,1
timoni,1
compatta,1
fall,1
toglie,1
dedica,1
mollissima,1
chamber,1
liberarsene,1
dead,1
respect,1
abrumpit,1
lunghezza,1
abbandona,1
rive,1
affrontava,1
dimostrino,1
sfuggire,1
heightens,1
timida,1
sofferenza,1
paragonati,1
imbattuto,1
uh,1
perse,1
contrario,1
tirare,1
irreparabilmente,1
italiani,1
respinto,1
eugene,1
treason,1
esaltava,1
sound,1
condurrà,1
intercorsi,1
reggere,1
massima,1
secolo,1
aspre,1
rumpi,1
seguire,1
radiance,1
caratteri,1
ritratto,1
peculiarissimo,1
unità,1
mecenate,1
lasciarla,1
convincente,1
strappargli,1
allontana,1
riflessione,1
merito,1
recisamente,1
lenght,1
boris,1
oppongono,1
ossia,1
boundless,1
discorsi,1
messo,1
collocati,1
sese,1
rami,1
heavy,1
attacco,1
associated,1
giuramenti,1
cercata,1
assolutamente,1
manus,1
convincere,1
vincolato,1
comes,1
satirist,1
misplacement,1
moniti,1
thessalian,1
mentioned,1
focusing,1
comparison,1
vincolo,1
pointless,1
héroïnes,1
sopportare,1
promessa,1
regni,1
potrebbero,1
giuridici,1
monitis,1
solitary,1
culturale,1
eterno,1
rappresentante,1
personali,1
eventuale,1
seppellisce,1
amores,1
descrive,1
rinascimentale,1
marmoreo,1
falsehood,1
boccaccio,1
triumphant,1
indicavano,1
hearts,1
disguise,1
aspire,1
riservata,1
infausta,1
manisve,1
voluttà,1
esemplificazione,1
venere,1
nuova,1
tradurre,1
aggiunte,1
rete,1
ricerca,1
costruzioni,1
here,1
eternità,1
exemplum,1
dispone,1
set,1
anteferam,1
crediamo,1
sottoposta,1
sacerdote,1
porterà,1
poniard,1
assicura,1
ritti,1
aquilino,1
anchises,1
sim,1
racconta,1
banished,1
benefits,1
refused,1
reservo,1
stygian,1
archétypes,1
amorem,1
compassione,1
accadimenti,1
noi,1
indica,1
sposta,1
competere,1
melt,1
tomb,1
avvertenza,1
steven,1
spec,1
lucida,1
tragica,1
esempi,1
roman,1
interested,1
anteriore,1
seem,1
designato,1
vari,1
ivory,1
fatta,1
interprétation,1
best,1
scelgono,1
dominano,1
casi,1
pesante,1
identificarla,1
cela,1
sembrare,1
schieramento,1
fortuna,1
invoca,1
half,1
vacilla,1
versioni,1
mi,1
comp,1
ingiustificate,1
opposti,1
referunt,1
cardinale,1
università,1
coerenza,1
seldom,1
greci,1
différent,1
armillas,1
volatilità,1
monument,1
reale,1
fleet,1
poste,1
reso,1
fondatore,1
libera,1
ripercorrere,1
soustenance,1
fills,1
proprie,1
number,1
sought,1
historical,1
mentre,1
scrittore,1
niente,1
thaw,1
discendente,1
delp,1
fianco,1
olimpo,1
irresistibile,1
archetipo,1
repress,1
nelpimplausibilità,1
vive,1
uccise,1
sembra,1
avanti,1
inspires,1
advances,1
ail,1
esponente,1
flammis,1
ebbero,1
valenza,1
chides,1
riconciliazione,1
achievement,1
wilds,1
divergenza,1
approccio,1
plunged,1
captive,1
pregi,1
licuit,1
tyrian,1
cavern,1
emblema,1
ruins,1
convexa,1
affermò,1
tradizionali,1
infelicità,1
exsequere,1
ribadisce,1
lands,1
incriminato,1
barre,1
unique,1
them,1
tuo,1
studiare,1
riferimento,1
deliberati,1
parallelismo,1
aromi,1
sommariamente,1
apace,1
esplicito,1
trinity,1
rimprovera,1
imposed,1
accresciuta,1
avverte,1
letterale,1
incoraggiasse,1
min,1
dallo,1
estenda,1
spontanea,1
invito,1
conclusion,1
cercava,1
armies,1
soltanto,1
toils,1
deteriore,1
avvolto,1
appurato,1
notare,1
quotidianamente,1
ciclicità,1
imbelle,1
traccia,1
speculare,1
soccorrono,1
confessedly,1
unkind,1
singolo,1
profilo,1
guidare,1
passività,1
camicia,1
appetite,1
fraudo,1
translators,1
extract,1
abruptly,1
secure,1
svolgersi,1
discidium,1
unchanged,1
trust,1
leggiamo,1
petam,1
somma,1
views,1
wrongs,1
sorprendente,1
premesse,1
zwaeneis,1
intrecci,1
sostanza,1
interessano,1
pietà,1
coordinate,1
suscitato,1
soror,1
translated,1
segnali,1
porta,1
minacce,1
precedentemente,1
sufficienti,1
proudly,1
persistently,1
preleva,1
precedenti,1
ipotesi,1
comuni,1
spada,1
devastato,1
poems,1
exploitative,1
opposta,1
lavori,1
virilità,1
tipologia,1
capit,1
ridicolo,1
politicai,1
contrasto,1
raggiunta,1
sipario,1
met,1
little,1
fianchi,1
sopravvento,1
incentrati,1
amantem,1
sea,1
rilievo,1
altogether,1
vittime,1
intrecciano,1
inadeguato,1
delphian,1
longinus,1
metafore,1
valore,1
endlessly,1
african,1
averla,1
giving,1
williamson,1
ordini,1
bid,1
opporre,1
trapunto,1
frequentazione,1
oracle,1
controls,1
went,1
happens,1
sparkle,1
reginam,1
stragrande,1
dovuta,1
soprannaturali,1
sentito,1
snervata,1
campo,1
tender,1
laboured,1
allusivo,1
sinking,1
metaforica,1
implica,1
interpolazioni,1
vente,1
contaminazioni,1
scelti,1
proiettare,1
coming,1
rilevare,1
grandeur,1
trapunta,1
discontented,1
cruelty,1
pair,1
concepii,1
ipsae,1
travisamenti,1
prestare,1
disarmò,1
besieged,1
moritura,1
epitaffio,1
murmured,1
cumulatam,1
riuscita,1
until,1
youth,1
decisivo,1
percepire,1
sélections,1
years,1
mostra,1
rogum,1
credere,1
julius,1
giudizi,1
proporre,1
donald,1
quest,1
patroni,1
principessa,1
iussere,1
avrebbero,1
ristabilire,1
open,1
società,1
proiezioni,1
nelfammonire,1
favola,1
pierced,1
ciascuna,1
wish,1
riduttivo,1
agisce,1
riuscì,1
lieta,1
regale,1
triplet,1
abbigliandolo,1
crime,1
déception,1
exists,1
cimentava,1
discendenti,1
critics,1
didonecleopatra,1
riassumere,1
dissimulatore,1
esaminando,1
breathe,1
followed,1
vuole,1
disorienting,1
steer,1
attivamente,1
devoluto,1
superficialità,1
sinks,1
maids,1
persevera,1
dibatte,1
fondo,1
ipsa,1
mirra,1
personalizzati,1
changes,1
seeks,1
off,1
sostrato,1
inclusa,1
voluntary,1
contemptible,1
turavi,1
posterity,1
originali,1
sincero,1
nega,1
veda,1
repeat,1
tenterò,1
expertem,1
ignea,1
scritta,1
wretched,1
subordinazione,1
assai,1
critico,1
cadere,1
tramite,1
twas,1
oppone,1
sfavorevoli,1
charles,1
nesciat,1
usate,1
apuleio,1
ància,1
inferiore,1
combattere,1
incendere,1
materialism,1
certainty,1
forsworn,1
tragic,1
dicembre,1
aristotelici,1
harshest,1
vogavano,1
snatched,1
obbedienza,1
individuano,1
evoca,1
grazia,1
scholarship,1
interpretativo,1
riveli,1
designano,1
glut,1
valori,1
cenno,1
assumiamo,1
mouldering,1
ima,1
wicked,1
th,1
ruby,1
rivisto,1
impedes,1
vediamo,1
virtus,1
misurava,1
umentibus,1
nondimeno,1
eloquente,1
curam,1
fears,1
mercury,1
bargain,1
rôles,1
annessi,1
portante,1
given,1
doppi,1
sums,1
volgare,1
scorned,1
reciproca,1
participant,1
pedes,1
metaforicamente,1
ricchi,1
hesperiae,1
focus,1
inly,1
reliqui,1
miserrima,1
élégies,1
moan,1
minima,1
nonché,1
ss,1
ancor,1
north,1
conflitti,1
private,1
whate,1
indicano,1
radice,1
negare,1
virtue,1
remota,1
eroine,1
minora,1
successive,1
oblite,1
thought,1
cercato,1
perde,1
lend,1
commentare,1
francia,1
extremam,1
affini,1
jealous,1
successore,1
equanimi,1
gran,1
emana,1
teh,1
organicità,1
admiration,1
crudeli,1
virtù,1
rilevano,1
interessava,1
ulisse,1
risplendente,1
avuto,1
