WORDCOUNTS,WEIGHT
the,391
of,204
and,160
in,133
is,123
to,106
that,99
s,75
usk,74
a,65
i,63
for,57
it,54
tl,45
as,44
be,43
not,39
from,39
he,38
his,36
was,34
this,34
which,33
ii,30
margarite,26
love,26
skeat,25
date,24
there,23
but,23
have,22
at,21
book,21
p,21
imprisonment,20
norhampton,20
et,20
de,19
are,19
him,17
first,16
king,16
second,16
or,16
grace,16
all,15
had,15
by,15
more,14
so,14
been,14
iii,14
troilus,14
passage,13
on,13
other,12
who,12
with,12
her,12
vi,12
prison,12
ad,11
iv,11
chaucer,11
no,11
will,11
al,11
these,11
time,11
if,10
thynne,10
has,10
may,10
too,10
testament,10
can,10
upon,10
would,10
an,10
than,9
good,9
lgw,9
two,9
v,9
after,9
were,9
lines,9
ff,9
shown,9
before,8
said,8
such,8
professor,8
service,8
above,8
only,8
shows,8
ground,8
she,8
charge,8
e,7
true,7
favor,7
polychronicon,7
deviacion,7
rolls,7
since,7
against,7
london,7
prologue,7
bressie,7
chap,7
also,7
power,7
men,7
me,7
articles,7
mentioned,7
tatlock,7
through,7
bradley,7
ramona,7
certainly,6
poem,6
borrowing,6
allegory,6
tree,6
joy,6
whole,6
order,6
up,6
says,6
lady,6
any,6
known,6
text,6
here,6
brembre,6
false,6
per,5
they,5
regis,5
into,5
seems,5
reading,5
issue,5
chapter,5
account,5
some,5
x,5
nor,5
third,5
their,5
ix,5
n,5
show,5
whom,5
out,5
because,5
trial,5
women,5
norbury,5
allegiance,5
appeal,5
prove,5
about,5
many,5
viii,5
see,5
council,5
free,5
made,5
nothing,5
august,5
parallel,5
months,5
must,5
boethius,5
what,5
while,5
write,5
between,5
appealed,4
church,4
one,4
mad,4
han,4
being,4
taken,4
follows,4
right,4
himself,4
thou,4
johanne,4
parts,4
benefits,4
quoted,4
w,4
four,4
viz,4
kynde,4
early,4
roll,4
thoma,4
when,4
noble,4
short,4
pp,4
thought,4
same,4
si,4
chaucerian,4
higden,4
others,4
idea,4
john,4
non,4
vii,4
three,4
reward,4
like,4
queen,4
written,4
accusation,4
pro,4
we,4
pieces,4
meant,4
wel,4
post,4
far,4
pardon,4
cause,4
should,4
although,4
super,4
jason,4
problem,3
does,3
now,3
autres,3
way,3
manuscript,3
qui,3
likely,3
sr,3
source,3
chief,3
par,3
wrong,3
suis,3
state,3
robert,3
political,3
legend,3
diuersorum,3
thomam,3
thus,3
chapters,3
ut,3
six,3
testimony,3
patron,3
husk,3
how,3
similar,3
moreover,3
thomas,3
reason,3
possibly,3
entry,3
item,3
treason,3
fourth,3
however,3
line,3
used,3
quires,3
future,3
part,3
discusses,3
knowledge,3
place,3
phrase,3
indictment,3
presence,3
articulorum,3
therefore,3
indeed,3
etc,3
july,3
make,3
yet,3
chronology,3
complete,3
ed,3
quis,3
fact,3
diverse,3
new,3
contemporary,3
charges,3
present,3
thilke,3
another,3
jangling,3
office,3
faulx,3
finally,3
hindrances,3
sed,3
accordingly,3
continued,3
borrowings,3
version,3
know,3
trunk,3
videlicet,3
did,3
ft,3
printed,3
past,3
person,3
turns,3
reveals,3
evidence,3
bliss,3
vertue,3
among,3
ille,2
sharpe,2
done,2
common,2
pur,2
articulis,2
represent,2
career,2
worthy,2
alone,2
denied,2
hannibal,2
divers,2
conclusive,2
cit,2
root,2
sit,2
long,2
sigillo,2
deedly,2
hire,2
j,2
alijs,2
lour,2
great,2
ben,2
fruits,2
groweth,2
scheme,2
take,2
saluo,2
henry,2
materiae,2
possible,2
richard,2
point,2
except,2
very,2
facto,2
sithen,2
indictato,2
september,2
development,2
author,2
jewel,2
affairs,2
tam,2
document,2
back,2
find,2
error,2
philosophia,2
rickert,2
alleged,2
ditz,2
rather,2
roi,2
en,2
heresy,2
ynough,2
represented,2
lasted,2
b,2
certain,2
toforn,2
persones,2
witness,2
northbury,2
xxx,2
precious,2
goodnesse,2
means,2
arrested,2
university,2
discomfited,2
talk,2
dated,2
latin,2
edition,2
welfare,2
xi,2
lg,2
gloucester,2
ful,2
fede,2
magno,2
sayth,2
my,2
could,2
seven,2
rekes,2
late,2
understood,2
nuper,2
appears,2
record,2
xiv,2
hath,2
clerkes,2
custibus,2
ther,2
parable,2
having,2
imprisoned,2
episode,2
r,2
work,2
unless,2
purpose,2
esp,2
contain,2
got,2
year,2
contains,2
people,2
supermissorum,2
clene,2
confession,2
expensis,2
weeks,2
exchequer,2
sic,2
sterve,2
accused,2
conflictum,2
dictionary,2
le,2
claim,2
june,2
hindrance,2
parliament,2
notes,2
quoque,2
f,2
denariis,2
wrote,2
mowen,2
heresies,2
schemes,2
return,2
poeta,2
loc,2
oxford,2
interpretation,2
sex,2
borrowed,2
god,2
neither,2
lament,2
lapse,2
missing,2
maiori,2
documents,2
sythes,2
really,2
grows,2
end,2
man,2
shulde,2
gadered,2
scorne,2
necessary,2
perhaps,2
wil,2
books,2
strumpet,2
dicto,2
explanation,2
incidents,2
vsque,2
fayned,2
assumption,2
ibidem,2
ideas,2
treasonous,2
moral,2
course,2
enim,2
especially,2
pearl,2
enemies,2
spicas,2
story,2
lollards,2
asz,2
maiore,2
note,2
reasonable,2
coram,2
ount,2
began,2
exists,2
remanentes,2
middlesex,2
grete,2
pmla,2
saltem,2
then,2
fifteen,2
thinking,2
following,2
series,2
arrest,2
biography,2
ever,2
hem,2
december,2
ratio,2
commission,2
branches,2
comfort,2
half,2
therof,2
speech,2
metaphorical,2
concensu,2
wot,2
works,2
quire,2
undersheriff,2
drawe,2
beginning,2
according,2
damme,2
metaphor,2
ait,2
theory,2
don,2
knot,2
folios,2
ill,2
innocent,2
ac,2
subject,2
appointed,2
come,2
photostat,2
question,2
national,2
d,2
ye,2
need,2
lviii,2
ducendum,2
summary,2
ruth,2
grettest,2
hominum,2
chicago,2
entire,2
nemo,2
much,2
imprisonments,2
clerico,2
malverne,2
virtue,2
evidently,2
dictum,2
els,2
nicholas,1
final,1
jape,1
hyre,1
nre,1
periodum,1
veneriens,1
falsen,1
o,1
mensa,1
luddegate,1
medieval,1
later,1
meaning,1
froissart,1
gleaner,1
partibus,1
wightes,1
trans,1
view,1
introduction,1
majestatem,1
expect,1
adorne,1
laughe,1
ample,1
whan,1
trium,1
word,1
vj,1
nichol,1
library,1
transcribed,1
capiendum,1
english,1
rewards,1
convict,1
ensample,1
sure,1
esdras,1
duke,1
prosa,1
ti,1
quere,1
duc,1
inquit,1
justified,1
western,1
supposing,1
allies,1
mala,1
title,1
odiosa,1
dominorum,1
tells,1
affinite,1
gadere,1
lib,1
dimiserunt,1
unworthily,1
foluos,1
conjecture,1
inquam,1
experience,1
anything,1
medea,1
else,1
mantuanus,1
nadde,1
metere,1
dwarf,1
familiarity,1
hence,1
every,1
querelx,1
diversement,1
dicte,1
letters,1
richardo,1
complices,1
quinque,1
attempts,1
lollardism,1
modzern,1
limmes,1
might,1
compliment,1
absurd,1
tantae,1
freely,1
xxxvii,1
glenyng,1
containing,1
logically,1
quid,1
principles,1
clothed,1
cadentes,1
instruantur,1
assertion,1
desire,1
manfeld,1
witnessing,1
smale,1
altruistic,1
confirming,1
narrative,1
verbal,1
government,1
incident,1
xiii,1
composition,1
room,1
iiatrabo,1
real,1
antiochus,1
plentees,1
lollard,1
derivationibus,1
intrabo,1
faithful,1
mind,1
fait,1
chanced,1
shew,1
opposite,1
committed,1
cophinorum,1
context,1
praesenti,1
perle,1
almesse,1
est,1
habitual,1
mortal,1
handes,1
draws,1
sought,1
bases,1
u,1
realme,1
planetary,1
diversis,1
womanly,1
reminder,1
leisurely,1
sicom,1
herculis,1
nanus,1
writeusk,1
reject,1
mankynde,1
janglers,1
conspired,1
console,1
horatius,1
withholds,1
olympicos,1
punisshe,1
say,1
colligentem,1
sent,1
cited,1
blisse,1
reconstruction,1
keeps,1
promises,1
suo,1
dongeon,1
unrecorded,1
dignity,1
treatise,1
illa,1
prisone,1
modulantem,1
tees,1
li,1
loundr,1
shal,1
molestus,1
indefinite,1
consilio,1
aliter,1
que,1
proto,1
facts,1
incepit,1
plene,1
minutias,1
sibi,1
roote,1
wrath,1
g,1
divine,1
recipient,1
lettenhove,1
mancipandum,1
occurs,1
agros,1
ipsius,1
quondam,1
assignatis,1
rentes,1
fickleness,1
euvres,1
learning,1
thing,1
thereof,1
derideat,1
compurgator,1
defense,1
old,1
complains,1
encroch,1
disarrangement,1
contrary,1
foryet,1
dates,1
left,1
twice,1
mistress,1
paterfamilias,1
even,1
thorow,1
yvel,1
answeringe,1
corrected,1
doinges,1
pmrloloy,1
patrons,1
publicavit,1
etymol,1
lthough,1
evenly,1
cites,1
patroness,1
eum,1
loyal,1
stocke,1
offices,1
makynge,1
opposed,1
transposed,1
interesting,1
york,1
counte,1
l,1
micas,1
johannem,1
shockes,1
sentences,1
auxi,1
trevelyan,1
speken,1
sort,1
reassures,1
ropen,1
cloudy,1
process,1
mean,1
mandatum,1
appellavit,1
goes,1
abstraction,1
granted,1
rescue,1
quodlibet,1
stops,1
ex,1
whether,1
michel,1
leave,1
avaunt,1
pardoned,1
k,1
von,1
allegorical,1
articulum,1
accounts,1
somtyme,1
goodly,1
tho,1
adp,1
halves,1
sicque,1
maro,1
les,1
assent,1
peasants,1
seasoned,1
proved,1
glorious,1
thee,1
assignatorum,1
frequently,1
quae,1
unde,1
most,1
redyng,1
crommes,1
boanerges,1
cataclysmo,1
hindranc,1
traitors,1
followed,1
bere,1
duxerit,1
factis,1
requires,1
plenhan,1
hjgden,1
hereafter,1
asks,1
instance,1
inquirendum,1
m,1
important,1
whos,1
suggested,1
deceived,1
praysing,1
thrust,1
paragraph,1
thinks,1
whereas,1
sive,1
remembered,1
came,1
professedly,1
weting,1
baillifs,1
rule,1
called,1
nat,1
collingentem,1
pisanus,1
aemulis,1
adjiciam,1
favots,1
mistakenly,1
transferens,1
grantz,1
trenchours,1
nere,1
imprisoment,1
werkes,1
initial,1
poetry,1
sene,1
custodiendum,1
tibi,1
further,1
furthermore,1
though,1
nobles,1
perjurer,1
rightfully,1
foule,1
professes,1
reviews,1
cannot,1
wherein,1
vel,1
majores,1
otherwise,1
xvii,1
sibilo,1
your,1
patent,1
praeparet,1
praefixerunt,1
wide,1
prayer,1
blake,1
xxxix,1
residens,1
receive,1
irland,1
torn,1
none,1
aurella,1
du,1
ovesq,1
relief,1
revealed,1
diuersis,1
romans,1
fragmentis,1
parstandinge,1
herte,1
prees,1
carry,1
etiam,1
genre,1
heart,1
brought,1
guess,1
example,1
oon,1
recapitulation,1
its,1
knight,1
suff,1
boece,1
ten,1
continuation,1
gave,1
tale,1
conning,1
cloude,1
hominibus,1
policies,1
hibeatis,1
commissionem,1
stridulo,1
ricardo,1
falsed,1
rende,1
conductione,1
facundiae,1
cry,1
believes,1
overseas,1
quoworkmen,1
rex,1
falsest,1
manu,1
directi,1
satursmale,1
decolorarem,1
alliance,1
gracious,1
holy,1
strongest,1
studye,1
almoigner,1
miscellanea,1
reder,1
solutis,1
kittredge,1
least,1
correct,1
successful,1
vult,1
below,1
ego,1
prisona,1
suggest,1
tenir,1
monarchia,1
quite,1
desires,1
hercules,1
subsequens,1
conterga,1
falseness,1
xxviii,1
few,1
eux,1
verecunde,1
reread,1
hugo,1
behead,1
corripiat,1
tanto,1
unconninge,1
closeness,1
xs,1
roialme,1
describes,1
sothe,1
colligens,1
grateful,1
holden,1
am,1
rest,1
irrideat,1
fuuest,1
society,1
apparent,1
lad,1
iterum,1
shappe,1
writs,1
portion,1
speke,1
desqueux,1
allocatis,1
led,1
eundem,1
personage,1
verb,1
arrangement,1
matter,1
various,1
opii,1
herbiforn,1
polished,1
jupiter,1
predestination,1
exile,1
lumby,1
pris,1
acknowledged,1
forward,1
fruit,1
merits,1
nearly,1
whatever,1
still,1
esse,1
xiis,1
contra,1
suppose,1
solum,1
religious,1
ipso,1
assigned,1
treasons,1
riches,1
chaps,1
heretics,1
once,1
withouten,1
chr,1
diverz,1
dwells,1
leve,1
pygmaeus,1
commending,1
ipsum,1
makes,1
serve,1
languishes,1
ning,1
under,1
swerde,1
fayleth,1
ne,1
spacium,1
sdevelopment,1
ils,1
indebted,1
light,1
extorof,1
deliver,1
compilator,1
flaccus,1
alien,1
withseye,1
cum,1
begins,1
goodness,1
noted,1
pranhath,1
homerianos,1
chose,1
dante,1
summatos,1
actually,1
solitudines,1
minores,1
houndes,1
name,1
french,1
provocentur,1
stated,1
virium,1
pointed,1
quousque,1
deserves,1
travayle,1
inquisition,1
sibid,1
release,1
speaks,1
ercevesq,1
scholars,1
reputed,1
striking,1
appeared,1
lacks,1
badde,1
wordes,1
brogage,1
fallen,1
quipcloth,1
agones,1
everything,1
doubt,1
prejudiced,1
recolligens,1
succeeding,1
habit,1
eciam,1
maker,1
match,1
never,1
equorum,1
readers,1
enough,1
took,1
clemens,1
everwyk,1
do,1
remarkable,1
immiscuisset,1
where,1
soften,1
satirae,1
answer,1
iuxta,1
conviction,1
woman,1
mercy,1
myn,1
style,1
amounting,1
gives,1
iil,1
rege,1
ibid,1
humeris,1
original,1
xli,1
crown,1
understanding,1
exercitium,1
discussion,1
voluerit,1
rendered,1
discovery,1
range,1
alas,1
greet,1
depended,1
sufficiently,1
mede,1
carminibus,1
perjured,1
pointes,1
nondum,1
entirely,1
use,1
extorquere,1
assume,1
causes,1
numbered,1
disproved,1
hoc,1
kingdom,1
awey,1
full,1
vices,1
spatiosa,1
recche,1
halfe,1
open,1
quod,1
afterward,1
substitutes,1
clear,1
whoever,1
gaunt,1
vindication,1
se,1
seriatim,1
publication,1
virtues,1
maintenance,1
logic,1
objection,1
keep,1
auctorum,1
slander,1
period,1
summer,1
appointment,1
obtained,1
bounde,1
borde,1
kept,1
probable,1
earlier,1
putten,1
certe,1
tot,1
latter,1
behest,1
dit,1
favored,1
anglie,1
dentibus,1
article,1
guilt,1
insists,1
become,1
thome,1
walet,1
sovereign,1
metentium,1
seeking,1
tresilian,1
authorship,1
versus,1
sine,1
reliquias,1
potuero,1
embodied,1
uske,1
scio,1
vain,1
la,1
justice,1
gist,1
separate,1
indication,1
lyrical,1
states,1
boas,1
herculeos,1
rudimentum,1
excuse,1
improperaretur,1
breve,1
lovers,1
alex,1
veer,1
wisdom,1
seu,1
chance,1
five,1
vision,1
prose,1
purposes,1
inside,1
enforme,1
urges,1
ezilii,1
messores,1
sheves,1
becomes,1
lost,1
seen,1
returned,1
intercession,1
circumstance,1
renown,1
defnite,1
dixit,1
life,1
margaritewhoever,1
boaz,1
ailes,1
existed,1
fall,1
volumina,1
anni,1
assigns,1
compendio,1
brevis,1
sailors,1
gathered,1
imitated,1
potius,1
detail,1
proof,1
contained,1
dependable,1
ordered,1
xil,1
aptness,1
pauca,1
exemplified,1
throw,1
clavam,1
solitary,1
continues,1
implied,1
goddes,1
quomodo,1
favors,1
avena,1
quotes,1
borrow,1
conman,1
command,1
phrasing,1
downfall,1
natural,1
extant,1
quosdam,1
each,1
responsay,1
paper,1
slanderous,1
ded,1
different,1
falsely,1
ui,1
seem,1
believe,1
necnon,1
capitulo,1
best,1
down,1
auctour,1
domino,1
vicious,1
capacity,1
counting,1
particularly,1
solved,1
lancaster,1
enemy,1
powell,1
xxii,1
commissionis,1
clerc,1
proposed,1
turned,1
dounes,1
believed,1
cal,1
magnarum,1
ordinandum,1
nicholao,1
labores,1
mihi,1
remisspiam,1
attigerunt,1
them,1
isidorus,1
namely,1
ones,1
making,1
rising,1
particular,1
repers,1
hujus,1
writes,1
interval,1
conselu,1
laboribus,1
certes,1
virgilius,1
nothwithati,1
manoirs,1
secure,1
xiij,1
fullen,1
geoffreay,1
noticed,1
erubescentia,1
balance,1
information,1
anna,1
suggests,1
fayre,1
fetures,1
defesance,1
acording,1
freedom,1
art,1
des,1
popular,1
dimidij,1
diceretur,1
boston,1
outline,1
fragili,1
son,1
conclude,1
city,1
altogether,1
press,1
convinced,1
tried,1
digesta,1
went,1
mikel,1
priscorum,1
reconstruct,1
elsdem,1
vulis,1
constituted,1
praeviso,1
grandisonos,1
pole,1
superfuerunt,1
voyage,1
soni,1
laments,1
until,1
spring,1
argument,1
unable,1
argues,1
doubting,1
etiamsi,1
defence,1
suas,1
zedeoreys,1
wolde,1
reversed,1
parallels,1
ended,1
indications,1
approximately,1
crimes,1
attributes,1
defined,1
forming,1
undertakes,1
philosophy,1
ships,1
veterum,1
siege,1
virtute,1
rideat,1
tenements,1
passages,1
assumed,1
certainty,1
ser,1
giganteis,1
metentes,1
dominus,1
debate,1
terres,1
dite,1
thinke,1
hymn,1
given,1
impress,1
immediately,1
vobiscum,1
hadde,1
ab,1
famous,1
indicating,1
vertuous,1
bury,1
cvi,1
faction,1
grants,1
ycelle,1
