WORDCOUNTS,WEIGHT
the,662
of,420
and,293
in,257
to,228
a,195
women,144
that,143
s,139
as,106
for,88
was,83
woman,81
her,63
by,61
on,59
free,58
is,56
love,54
with,52
suffrage,52
social,46
an,45
be,44
it,42
new,40
rights,36
their,36
marriage,36
not,36
female,34
domestic,33
more,30
see,30
public,29
york,29
american,28
woodhull,28
they,27
right,27
individual,27
america,27
political,26
family,26
were,26
feminism,25
up,25
would,25
she,25
vote,24
who,24
i,23
most,23
or,23
movement,22
what,22
socialism,22
men,21
from,21
century,20
which,20
are,20
while,20
sexual,19
fourier,19
at,18
into,18
will,18
like,18
no,17
this,17
power,17
all,16
such,16
individualism,16
society,16
he,16
but,16
adultery,16
nineteenth,15
other,15
may,15
his,15
had,15
sphere,14
writers,14
feminists,14
natural,14
modern,13
mrs,13
however,13
its,13
womanhood,13
gender,13
over,13
both,13
have,13
one,12
history,12
author,12
because,12
only,12
make,12
many,12
can,12
question,12
every,11
even,11
than,11
influence,11
beecher,11
through,11
also,11
wild,11
male,11
monthly,11
although,11
should,11
tion,10
true,10
has,10
magazine,10
against,10
term,10
nichols,10
order,10
these,10
essay,10
ing,10
them,10
freedom,10
cooper,10
debate,10
desire,9
stanton,9
times,9
argued,9
adulterous,9
could,9
legacy,9
lisa,9
published,9
higgins,9
man,9
andrews,9
life,9
often,9
cochran,9
states,9
you,9
if,8
long,8
within,8
review,8
married,8
so,8
mary,8
femi,8
wife,8
domesticity,8
two,8
volume,8
john,8
theories,8
after,8
we,8
christian,8
foreign,8
husband,8
lovers,8
victoria,8
fourierism,8
princeton,7
some,7
thus,7
sarah,7
kann,7
out,7
qtd,7
literature,7
nation,7
own,7
stowe,7
eclectic,7
same,7
ed,7
smith,7
reform,7
time,7
ideas,7
enfranchisement,7
movements,7
been,7
fear,7
construction,7
con,7
mill,7
believed,7
theory,7
adulteress,7
became,7
argues,7
limits,6
mar,6
equity,6
england,6
lazarus,6
there,6
riage,6
without,6
how,6
sort,6
b,6
black,6
nevin,6
warren,6
appear,6
reprinted,6
based,6
conservative,6
radical,6
late,6
shall,6
patriarchal,6
example,6
elizabeth,6
revolution,6
seemed,6
thought,6
passions,6
law,6
book,6
rhetoric,6
period,6
james,6
oxford,6
today,6
science,6
class,6
locke,6
country,6
tions,6
between,6
much,6
nism,5
frage,5
first,5
warns,5
nature,5
principles,5
those,5
system,5
tribune,5
voting,5
e,5
politics,5
community,5
very,5
throughout,5
cott,5
ment,5
linton,5
act,5
individ,5
kelley,5
result,5
my,5
lead,5
p,5
work,5
ideal,5
place,5
actually,5
personal,5
anarchy,5
when,5
progress,5
sex,5
under,5
culture,5
readers,5
do,5
necessary,5
understanding,5
made,5
herself,5
began,5
stoehr,5
thomas,5
rhetorical,5
institution,5
where,5
independence,5
infidelity,5
united,5
any,5
ever,5
here,5
did,5
argue,5
regard,5
associated,5
according,5
terms,5
stability,5
art,5
role,5
argument,5
camps,5
early,5
does,4
later,4
truth,4
implies,4
alone,4
per,4
former,4
before,4
passion,4
j,4
reasons,4
government,4
atlantic,4
harriet,4
sensational,4
context,4
speech,4
british,4
issue,4
advocates,4
notoriety,4
u,4
rpt,4
mcmaster,4
dis,4
potiphar,4
womans,4
ally,4
general,4
marx,4
americans,4
fouri,4
explicitly,4
similar,4
gove,4
certain,4
direct,4
support,4
victorian,4
union,4
called,4
suffragist,4
sovereignty,4
during,4
emancipation,4
deserved,4
following,4
socialist,4
few,4
lawless,4
therefore,4
second,4
various,4
wrote,4
about,4
others,4
l,4
addition,4
cult,4
greeley,4
use,4
largely,4
attraction,4
open,4
three,4
moral,4
why,4
relation,4
effect,4
independent,4
continued,4
ideology,4
freedman,4
itself,4
susan,4
claims,4
suf,4
ism,4
charles,4
sexuality,4
each,4
seem,4
linked,4
feminist,4
emphasis,4
duty,4
conventional,4
dangerous,4
d,4
writer,4
defined,4
saturday,4
catharine,4
offered,4
themselves,4
fears,4
guarneri,4
schlafly,4
race,4
democracy,3
now,3
boydson,3
embraces,3
common,3
created,3
extreme,3
heights,3
berlin,3
fourieristic,3
authority,3
socialists,3
scribner,3
sover,3
subjection,3
arguing,3
anti,3
welter,3
seems,3
liberty,3
last,3
state,3
ily,3
pub,3
sidered,3
insight,3
womens,3
laws,3
cady,3
harmony,3
behavior,3
human,3
regarding,3
fourierists,3
utopian,3
underlying,3
amount,3
allowing,3
wom,3
journal,3
sister,3
falwell,3
rather,3
slavery,3
ways,3
remain,3
unit,3
edgeworth,3
legal,3
thing,3
margolis,3
esoteric,3
bad,3
just,3
fourierist,3
spirit,3
impact,3
threat,3
age,3
samuels,3
divorce,3
votes,3
destructive,3
view,3
whom,3
conflates,3
home,3
cultural,3
equal,3
scharff,3
eignty,3
absolute,3
find,3
feminine,3
nine,3
reader,3
part,3
year,3
used,3
editorial,3
anxieties,3
president,3
good,3
change,3
creating,3
indi,3
caused,3
suggest,3
advo,3
world,3
propriety,3
avoid,3
barbara,3
equality,3
still,3
hold,3
sexually,3
communities,3
soon,3
us,3
included,3
societary,3
already,3
worst,3
nicholson,3
selfish,3
christ,3
conduct,3
debates,3
impending,3
present,3
erism,3
hale,3
desires,3
years,3
another,3
discussion,3
transgressive,3
unfairly,3
encouraged,3
spurlock,3
actual,3
connected,3
held,3
characterized,3
provides,3
pearl,3
behind,3
trying,3
become,3
pro,3
structure,3
white,3
ular,3
limitation,3
attention,3
dabney,3
entitled,3
me,3
claimed,3
hill,3
try,3
analysis,3
wives,3
meant,3
considered,3
stephen,3
then,3
ual,3
extension,3
carl,3
principle,3
traditionalists,3
works,3
merely,3
better,3
cal,3
specter,3
romero,3
day,3
whether,3
making,3
particular,3
extent,3
vol,3
transgression,3
categories,3
claflin,3
arguments,3
harrison,3
our,3
ultimately,3
include,3
typically,3
land,3
critics,3
promiscuous,3
underhill,3
barnes,3
anonymous,3
shain,3
charged,3
chicago,3
josepha,3
traditional,3
roles,3
abolition,2
child,2
prostitution,2
way,2
stuart,2
anthony,2
groups,2
goldsmith,2
ran,2
ultimate,2
ory,2
palley,2
complex,2
agency,2
essays,2
okker,2
hull,2
word,2
live,2
sons,2
strictly,2
studies,2
respectability,2
unnatural,2
position,2
passionless,2
ian,2
cornell,2
estelle,2
source,2
offering,2
leads,2
brisbane,2
expanding,2
originally,2
adopt,2
chaos,2
vols,2
might,2
ithaca,2
nancy,2
emerged,2
definition,2
gibbeted,2
sup,2
individuals,2
tradition,2
leading,2
great,2
origin,2
fully,2
able,2
bisland,2
emphasized,2
influences,2
containment,2
alike,2
polit,2
confused,2
daniel,2
case,2
side,2
takes,2
lic,2
fiction,2
hall,2
activity,2
mutual,2
licentiousness,2
cited,2
liberal,2
scandal,2
himself,2
letter,2
controlled,2
central,2
lover,2
collapse,2
language,2
since,2
de,2
domain,2
relatively,2
relations,2
convention,2
threatens,2
espoused,2
maintaining,2
clark,2
positive,2
contrary,2
served,2
lineage,2
truly,2
warned,2
sin,2
look,2
indissoluble,2
critique,2
galaxy,2
insurgent,2
sisters,2
enfran,2
failed,2
gaining,2
recognized,2
enfranchise,2
statements,2
camp,2
bring,2
nist,2
ply,2
basic,2
en,2
fantasies,2
observer,2
lamentable,2
doctrine,2
mean,2
goes,2
republic,2
easily,2
study,2
empowerment,2
brownson,2
bonds,2
understand,2
nor,2
t,2
socialistic,2
established,2
sim,2
presumably,2
vidual,2
n,2
welfare,2
too,2
lockean,2
follow,2
concerning,2
notions,2
dominant,2
wyoming,2
important,2
protestant,2
advocated,2
redeeming,2
whereas,2
herald,2
columbia,2
found,2
entered,2
amer,2
suffragists,2
war,2
sentimental,2
indirect,2
appears,2
ualism,2
chudacoff,2
contagion,2
voice,2
r,2
implication,2
claim,2
civil,2
dubois,2
calls,2
unbridled,2
refined,2
reflect,2
frederic,2
employed,2
tendency,2
minds,2
declara,2
tompkins,2
chisement,2
field,2
useful,2
controversial,2
adherents,2
emphasizes,2
sake,2
involved,2
small,2
autonomy,2
bercovitch,2
highly,2
styled,2
sexualized,2
always,2
visible,2
necessity,2
resistance,2
ica,2
provided,2
moved,2
maidens,2
activities,2
championed,2
ical,2
communist,2
emilio,2
tively,2
gabriel,2
economic,2
lynn,2
haven,2
scandalous,2
thinkers,2
expanded,2
southern,2
tends,2
licentious,2
bread,2
eral,2
relied,2
yet,2
vs,2
bloodgood,2
complete,2
teaching,2
inalienable,2
sklar,2
phyllis,2
harper,2
members,2
name,2
maga,2
stated,2
put,2
fourierites,2
added,2
insurgents,2
speaks,2
conformity,2
admit,2
idea,2
scholars,2
pretty,2
warning,2
fallen,2
serious,2
minister,2
depraved,2
forms,2
never,2
model,2
bono,2
less,2
horace,2
strategies,2
duties,2
carnal,2
invitation,2
belief,2
distance,2
number,2
lora,2
poli,2
apollo,2
classes,2
private,2
ence,2
okin,2
range,2
sober,2
values,2
writings,2
including,2
increase,2
expression,2
causes,2
congress,2
band,2
hedrick,2
continue,2
clear,2
josiah,2
publication,2
abolished,2
responses,2
armstrong,2
alism,2
woodhulls,2
wood,2
imagination,2
especially,2
sentiment,2
chapel,2
editors,2
declare,2
wise,2
sentiments,2
henry,2
raised,2
saw,2
destruction,2
seduction,2
jerry,2
basically,2
widely,2
brown,2
justice,2
separate,2
farm,2
suggestion,2
vertigo,2
equals,2
reviewer,2
assert,2
broadened,2
figure,2
traditionalism,2
whig,2
patriotic,2
consent,2
ballot,2
widespread,2
lecturer,2
success,2
pop,2
interfere,2
yale,2
polls,2
inspired,2
fam,2
mother,2
months,2
get,2
articles,2
gelb,2
matters,2
school,2
publicly,2
growing,2
must,2
athens,2
simply,2
reinforced,2
known,2
mannish,2
narrowly,2
symbol,2
anthropology,2
paper,2
presidency,2
novel,2
december,2
best,2
leaders,2
half,2
cui,2
universal,2
current,2
publicists,2
foundation,2
far,2
historical,2
differed,2
emancipate,2
past,2
person,2
justify,2
fuller,2
degler,2
form,2
cause,2
articulated,2
character,2
maintain,2
statement,2
listen,2
tonkovich,2
appetite,2
wanton,2
agreed,2
moller,2
w,2
middle,2
posi,2
tilton,2
ohio,2
scott,2
city,2
despite,2
giving,2
sion,2
goldwin,2
representation,2
gain,2
devoted,2
radicalism,2
editor,2
numerous,2
hus,2
national,2
move,2
socially,2
need,2
opinions,2
gen,2
measure,2
campaign,2
brook,2
ruth,2
am,2
barry,2
phalanxes,2
individualistic,2
texts,2
views,2
entire,2
little,2
tactic,2
develop,2
cronyn,2
among,2
north,2
recent,2
virtue,2
broader,2
major,2
perception,2
looking,2
fairest,1
given,1
intimately,1
rochelle,1
unsex,1
go,1
basing,1
unloving,1
mostly,1
disobedient,1
final,1
encountering,1
page,1
gree,1
prefer,1
humankind,1
appealed,1
imagining,1
stamp,1
declared,1
pleases,1
elite,1
protests,1
concerned,1
obey,1
indicated,1
rev,1
meaning,1
cent,1
populous,1
mis,1
riety,1
suc,1
defy,1
ments,1
emerson,1
praised,1
concern,1
peaceful,1
career,1
iowa,1
ant,1
extend,1
admiration,1
resulted,1
college,1
repre,1
ruptions,1
baseness,1
unwin,1
fron,1
eclipsed,1
clio,1
indepen,1
introduction,1
notably,1
disorderly,1
disregard,1
reflective,1
sympathetic,1
conversion,1
likewise,1
needed,1
methodology,1
vidualistic,1
embal,1
replaced,1
thrust,1
versial,1
denied,1
breakup,1
myth,1
identify,1
rites,1
overdue,1
licen,1
schools,1
asserted,1
authorize,1
prince,1
ostensibly,1
madeleine,1
vagrant,1
patriarch,1
contend,1
desperately,1
bondage,1
candidate,1
favor,1
convenience,1
satisfied,1
duke,1
western,1
organic,1
pose,1
carroll,1
cabs,1
detrimental,1
holding,1
sr,1
husbands,1
bridgehampton,1
antebellum,1
feels,1
exceptions,1
annals,1
selfless,1
precursors,1
materials,1
different,1
equates,1
pleaded,1
lower,1
nized,1
member,1
cast,1
synonymous,1
sit,1
dissension,1
anarchic,1
stressed,1
beneficial,1
undermine,1
philosophers,1
electoral,1
jackson,1
instinc,1
progressed,1
production,1
transcendentalist,1
pervasive,1
exclusive,1
documen,1
hood,1
individualist,1
give,1
attempt,1
sub,1
personi,1
rare,1
tolerated,1
commentary,1
active,1
switzerland,1
experiments,1
editions,1
words,1
strip,1
georgia,1
prejudices,1
available,1
seneca,1
associa,1
ble,1
governed,1
prop,1
fied,1
thank,1
differences,1
potentially,1
producing,1
follows,1
inequity,1
aesthetic,1
inherent,1
quotidian,1
despotism,1
closer,1
hundred,1
plead,1
mississippi,1
characterizing,1
dom,1
expense,1
take,1
real,1
evolving,1
alarming,1
help,1
marches,1
creator,1
damage,1
strain,1
loose,1
slavishness,1
mind,1
mocks,1
bate,1
unpleas,1
contrasting,1
platforms,1
ber,1
powers,1
iniscent,1
discipline,1
reading,1
committed,1
theodore,1
dissolved,1
pating,1
venereal,1
designs,1
ating,1
akin,1
partners,1
occasional,1
unenfranchised,1
existence,1
jane,1
amorous,1
vicinage,1
sual,1
manifesto,1
platform,1
unconsciously,1
money,1
circulate,1
primary,1
tal,1
knowingly,1
cated,1
weston,1
disseminated,1
ultra,1
account,1
moth,1
wonders,1
felt,1
howard,1
possible,1
logical,1
dimity,1
stance,1
hungry,1
submission,1
reaction,1
bidder,1
nicole,1
literary,1
occupy,1
arenas,1
suasiveness,1
west,1
disadvantage,1
combination,1
headed,1
tastes,1
except,1
rela,1
conception,1
cornelius,1
unrestrained,1
sexualize,1
enter,1
ceeded,1
dignity,1
eliz,1
treatise,1
philo,1
adventuress,1
tegration,1
collection,1
sign,1
nicholses,1
garden,1
pillar,1
fem,1
guilty,1
exist,1
labor,1
parties,1
daughters,1
chapters,1
amendment,1
mendicant,1
selves,1
coun,1
uncensored,1
tempta,1
lon,1
announce,1
relationships,1
concretely,1
strat,1
ticular,1
republished,1
facts,1
abominable,1
development,1
degra,1
inevitable,1
professor,1
demanded,1
visited,1
categorized,1
september,1
overland,1
intact,1
corner,1
heroines,1
neighbors,1
divine,1
lectures,1
purify,1
mixed,1
num,1
raises,1
afford,1
heightened,1
excuses,1
conducted,1
inter,1
dozen,1
insisted,1
secretly,1
codified,1
barrier,1
voters,1
ghostwriter,1
dence,1
completes,1
arena,1
affairs,1
kind,1
exercise,1
progressive,1
turn,1
adamant,1
cases,1
vocabulary,1
elements,1
adopted,1
self,1
destroyed,1
glory,1
bay,1
eventu,1
turned,1
inclinations,1
refer,1
ephemeral,1
back,1
structural,1
highest,1
speed,1
response,1
slave,1
holds,1
young,1
emphases,1
compared,1
continuous,1
third,1
enlightened,1
dation,1
overwhelmed,1
profit,1
helpful,1
sci,1
torch,1
obscure,1
dismissive,1
reared,1
slightest,1
macy,1
marital,1
rep,1
citizen,1
traditions,1
leadership,1
adult,1
savage,1
overt,1
ton,1
contaminate,1
virtuous,1
realization,1
wifehood,1
poverty,1
likely,1
harbinger,1
nonfiction,1
aim,1
loyal,1
civilization,1
cuity,1
conven,1
starving,1
via,1
simultaneously,1
civiliza,1
philadelphia,1
neces,1
dangerously,1
whose,1
subordination,1
natures,1
essential,1
cheat,1
unhappily,1
reiterates,1
mak,1
potiphars,1
principally,1
portrayed,1
destroy,1
negatively,1
main,1
assent,1
superficial,1
developed,1
respectful,1
activists,1
forced,1
joan,1
influential,1
selflessness,1
infidels,1
myself,1
process,1
wifely,1
ills,1
tary,1
passional,1
represented,1
titled,1
granted,1
collec,1
robs,1
associate,1
lasted,1
aligns,1
eight,1
importance,1
connec,1
conjectures,1
cru,1
impure,1
sophistry,1
procreative,1
intemperance,1
restes,1
crusade,1
echoed,1
distant,1
reforms,1
disguises,1
front,1
tious,1
undoubt,1
doubly,1
proclaimed,1
sade,1
reason,1
rising,1
gener,1
want,1
immigrant,1
marks,1
lyndon,1
university,1
forget,1
possibly,1
organization,1
improvement,1
agitation,1
benefits,1
image,1
continuity,1
repeated,1
sick,1
clearly,1
disgrace,1
section,1
driven,1
edition,1
threatening,1
dominate,1
ture,1
gradually,1
jersey,1
god,1
weak,1
wisconsin,1
fore,1
reviewed,1
define,1
tempting,1
influ,1
motive,1
outspoken,1
trol,1
beachy,1
exploited,1
abeth,1
textile,1
origins,1
cured,1
confuse,1
ques,1
argu,1
passed,1
policy,1
brash,1
followed,1
princi,1
cost,1
cultured,1
putting,1
instance,1
nists,1
permanent,1
yes,1
destruc,1
equated,1
helped,1
mocking,1
m,1
david,1
noto,1
pity,1
candidacy,1
allies,1
nebraska,1
unnecessary,1
disappeared,1
veil,1
opponents,1
expressed,1
uses,1
closely,1
sov,1
lock,1
introduce,1
inappropriately,1
abandoning,1
allow,1
bearing,1
succumb,1
marion,1
ams,1
hands,1
strength,1
determines,1
temptation,1
attack,1
taining,1
sabbath,1
autobio,1
effort,1
lived,1
strictest,1
deal,1
subscribe,1
reply,1
curiosity,1
saur,1
primacy,1
carolina,1
spiritualism,1
near,1
repub,1
insisting,1
bachelorhood,1
ogy,1
fuel,1
imper,1
passionate,1
respects,1
lent,1
disobey,1
further,1
ann,1
equally,1
criteria,1
supporters,1
engen,1
tran,1
pointing,1
library,1
durham,1
let,1
affirms,1
gillian,1
stock,1
michigan,1
brokering,1
honed,1
treat,1
population,1
cohabitation,1
annulled,1
transforma,1
cannot,1
fulfill,1
dices,1
mistress,1
separates,1
onymous,1
excluded,1
sanc,1
blossoms,1
expedient,1
rossi,1
perish,1
instrumental,1
required,1
dependents,1
erate,1
contro,1
sacrifice,1
caprice,1
tially,1
coin,1
flaunting,1
receive,1
overlapping,1
improve,1
kathryn,1
crit,1
well,1
exert,1
abuse,1
christianity,1
hierarchies,1
directly,1
conservatives,1
claiming,1
participation,1
network,1
detractors,1
spheres,1
bachelor,1
perpetuated,1
stances,1
loted,1
sitated,1
owenite,1
nage,1
scope,1
trial,1
strict,1
instituted,1
carry,1
ensue,1
charity,1
imagined,1
sept,1
unless,1
prominent,1
brought,1
characterization,1
memoir,1
london,1
explains,1
denial,1
recasts,1
apparent,1
terfeiting,1
crying,1
promiscuity,1
supreme,1
drews,1
positions,1
ten,1
restructuring,1
priate,1
shocking,1
whole,1
shrink,1
overview,1
describe,1
island,1
older,1
discussions,1
issues,1
literally,1
partly,1
warranted,1
enforce,1
haps,1
dispense,1
announcing,1
call,1
popular,1
proliferation,1
erhood,1
weekly,1
away,1
preaches,1
reverses,1
believes,1
inism,1
bid,1
philosophically,1
alan,1
ter,1
week,1
miss,1
cornerstone,1
stern,1
nomic,1
abolish,1
inad,1
sexu,1
alarmist,1
egy,1
correctness,1
either,1
tioned,1
prices,1
earth,1
unflattering,1
tone,1
www,1
running,1
least,1
unpopular,1
sense,1
qualifications,1
mately,1
level,1
manners,1
contextualized,1
cold,1
sisterhood,1
coupled,1
carol,1
lois,1
box,1
politically,1
please,1
contrast,1
http,1
sonal,1
shackle,1
phrase,1
ward,1
arbitrary,1
championship,1
around,1
divisive,1
radi,1
calling,1
several,1
eco,1
endowed,1
zines,1
ignore,1
june,1
erature,1
concerns,1
munich,1
zens,1
choose,1
reek,1
bridge,1
industry,1
presuming,1
civic,1
fanny,1
notorious,1
liberalizing,1
massachusetts,1
startling,1
protect,1
anthropos,1
texas,1
disharmony,1
inalien,1
differing,1
seeds,1
spence,1
cincinnati,1
purification,1
fortnightly,1
peculiarly,1
reverend,1
describes,1
ellen,1
depravity,1
pigeonholing,1
notes,1
ignored,1
crime,1
lincoln,1
dency,1
criminals,1
heyday,1
compels,1
hypocrisy,1
valuable,1
grasp,1
dictated,1
battles,1
prevalent,1
circum,1
essayist,1
f,1
adamantly,1
critical,1
defended,1
republican,1
algonquin,1
impartial,1
demand,1
vigi,1
conforming,1
ernment,1
vanderbilt,1
elimination,1
practices,1
neer,1
european,1
worcester,1
commu,1
letters,1
blackwood,1
scientific,1
wary,1
identified,1
concubi,1
reminiscences,1
bastards,1
freedoms,1
short,1
indeed,1
rule,1
service,1
overall,1
expansion,1
cution,1
again,1
limited,1
play,1
tide,1
eminent,1
forward,1
commit,1
nearly,1
neverthe,1
opposed,1
benefiting,1
mystique,1
april,1
ple,1
solute,1
convince,1
whatever,1
technically,1
mainstream,1
commodore,1
bastard,1
premises,1
unconven,1
religious,1
direction,1
improper,1
subculture,1
single,1
oneida,1
legality,1
convictions,1
repression,1
thrusting,1
outlets,1
edited,1
serviceable,1
violence,1
fair,1
repressive,1
makes,1
read,1
accident,1
suspicious,1
albert,1
counterparts,1
dual,1
inno,1
restricted,1
ne,1
neither,1
favorable,1
disparage,1
perceived,1
transgres,1
profane,1
mayfield,1
anhood,1
falls,1
railroad,1
modestly,1
petticoats,1
publishing,1
purity,1
gov,1
ashamed,1
experimental,1
dan,1
equi,1
broad,1
experiment,1
ling,1
largest,1
costs,1
disobedience,1
odds,1
illustrated,1
ualistic,1
ancing,1
emotional,1
resented,1
disagreed,1
noted,1
increasingly,1
innate,1
outspo,1
riper,1
fickle,1
politi,1
affections,1
double,1
stemmed,1
theorist,1
leader,1
goals,1
california,1
focused,1
french,1
attainable,1
predicts,1
sometimes,1
mark,1
purely,1
mingling,1
litera,1
rejects,1
dwelled,1
complementary,1
newberry,1
revolu,1
amuck,1
efforts,1
equating,1
pendence,1
joyce,1
communal,1
tress,1
fact,1
expose,1
concepts,1
lack,1
twenty,1
ley,1
limit,1
problematized,1
senti,1
pandoras,1
cursed,1
spiritualist,1
doom,1
agree,1
appeared,1
ought,1
vision,1
exclusion,1
mistreatment,1
dreamed,1
grave,1
together,1
really,1
angry,1
practical,1
larger,1
nonprocreative,1
abolishes,1
partic,1
focuses,1
end,1
aug,1
distrust,1
edly,1
innocents,1
pennsylvania,1
sentimentality,1
beliefs,1
anne,1
bility,1
cooperated,1
honor,1
enough,1
took,1
tier,1
hand,1
paris,1
remarkable,1
ironically,1
centre,1
lawlessness,1
operating,1
discussing,1
parishioner,1
continuing,1
developing,1
equitable,1
coercion,1
karl,1
shown,1
fall,1
tures,1
pretended,1
individu,1
practice,1
agencies,1
norms,1
rich,1
frightening,1
fect,1
perhaps,1
sell,1
cul,1
coined,1
counterpart,1
vacillating,1
republicin,1
sow,1
remarkably,1
sciousness,1
visi,1
realize,1
sal,1
mills,1
meetings,1
fundamentally,1
kansas,1
bond,1
greatest,1
hamper,1
visions,1
extended,1
equate,1
eristic,1
indefeasible,1
disease,1
link,1
indiana,1
invested,1
raritan,1
birth,1
knopf,1
abolishing,1
chiefly,1
upon,1
mothers,1
publi,1
rem,1
restrained,1
patricia,1
eighty,1
alice,1
delicate,1
translation,1
enormous,1
dissolve,1
proved,1
bequeathed,1
individuality,1
paign,1
varying,1
elections,1
controlling,1
entirely,1
chimney,1
sickening,1
repugnant,1
persisted,1
operated,1
speedy,1
francis,1
sprang,1
assume,1
pleasure,1
shrewdly,1
coulter,1
rhetorically,1
engaged,1
trust,1
frame,1
check,1
cates,1
dismissed,1
complicated,1
immi,1
theoretical,1
grant,1
adulterously,1
nonreproductive,1
kindred,1
fectiy,1
dar,1
significance,1
substitutes,1
midto,1
biblical,1
margaret,1
truths,1
deduce,1
thetic,1
reality,1
tional,1
emphasizing,1
adding,1
consult,1
permit,1
devils,1
tury,1
creditably,1
co,1
phalansteries,1
eve,1
keep,1
homes,1
started,1
mod,1
revised,1
brownsons,1
kitchen,1
reformers,1
him,1
high,1
leanings,1
mountain,1
tities,1
accurate,1
fragility,1
stantially,1
preservation,1
believing,1
nearer,1
corrupt,1
latter,1
graphical,1
exchange,1
admirers,1
intuitive,1
promotion,1
decide,1
rid,1
mining,1
salt,1
allusion,1
confinement,1
successful,1
strikers,1
acquire,1
deliberate,1
teach,1
torians,1
masculine,1
gerous,1
seeking,1
probably,1
satirically,1
bal,1
sophical,1
inde,1
copyright,1
attracted,1
corresponds,1
macmillan,1
theo,1
celebrity,1
quarterly,1
tenuous,1
modifications,1
cen,1
libertinism,1
decay,1
offspring,1
sented,1
gist,1
covered,1
tennessee,1
revivalism,1
foundest,1
dealing,1
implicitly,1
carried,1
things,1
lec,1
stage,1
lance,1
twelve,1
grimke,1
progeny,1
ity,1
monstrous,1
relationship,1
surpassed,1
sympa,1
commentator,1
perspectives,1
usurpation,1
education,1
forego,1
bold,1
linda,1
france,1
ests,1
filthiness,1
conflated,1
impressive,1
reasonable,1
dissemina,1
begin,1
agated,1
foreword,1
primarily,1
sway,1
substitution,1
naively,1
lobbying,1
becomes,1
referred,1
means,1
sensitive,1
ereignty,1
seen,1
tive,1
timid,1
vow,1
establish,1
force,1
privileges,1
worse,1
lippincott,1
effectively,1
lives,1
philosopher,1
legitimacy,1
recognize,1
rapidly,1
dupage,1
citi,1
discourse,1
html,1
valentine,1
engi,1
strive,1
responsible,1
ofwomenvol,1
surprising,1
chamber,1
table,1
sheila,1
supporting,1
euevres,1
exists,1
sympathy,1
cleve,1
typology,1
repressed,1
subvert,1
wants,1
publica,1
problematic,1
occupies,1
joseph,1
promi,1
blurred,1
speak,1
cam,1
borrowed,1
door,1
underly,1
seat,1
acquired,1
erend,1
disap,1
vigor,1
share,1
exercised,1
sexes,1
constant,1
going,1
singular,1
brazenly,1
redemptive,1
reorganized,1
series,1
conclusion,1
depending,1
arrest,1
complexity,1
sacvan,1
univer,1
changing,1
consider,1
zine,1
wear,1
constituted,1
cate,1
continues,1
symbolic,1
licity,1
irrepressible,1
thousand,1
tics,1
ridiculed,1
constructed,1
masses,1
echoes,1
proposes,1
borrow,1
opposi,1
temple,1
appealing,1
offers,1
alternative,1
ideol,1
minology,1
der,1
couples,1
swan,1
poten,1
labeling,1
quickly,1
replace,1
defining,1
berkeley,1
respecting,1
overestimate,1
mutually,1
control,1
tured,1
spreading,1
sure,1
inequities,1
par,1
worth,1
organized,1
orestes,1
routledge,1
nent,1
believe,1
entertainments,1
jeanne,1
teenth,1
scendently,1
lit,1
inappro,1
constructions,1
vicious,1
drifted,1
ported,1
particularly,1
expresses,1
arlington,1
weakling,1
sustaining,1
goods,1
attractions,1
audience,1
encouraging,1
preju,1
ridiculously,1
lauded,1
deign,1
consciousness,1
living,1
infecting,1
bands,1
places,1
pri,1
redefined,1
confess,1
drop,1
lashed,1
delineated,1
outgrowth,1
notable,1
carefully,1
month,1
ulti,1
involvement,1
degenerate,1
trope,1
thirty,1
dallas,1
feb,1
partici,1
writes,1
warn,1
ceased,1
vilest,1
gambling,1
promis,1
likes,1
grimkes,1
disin,1
consisting,1
fascination,1
estab,1
circumlo,1
vehicle,1
precursor,1
require,1
constitutional,1
noticed,1
repudiates,1
balance,1
information,1
almost,1
don,1
suggests,1
virginia,1
marriages,1
millions,1
import,1
glish,1
translated,1
hindsight,1
bodies,1
boston,1
presented,1
boldly,1
fern,1
careful,1
entrance,1
ruled,1
thereby,1
sheer,1
proprieties,1
pas,1
pre,1
press,1
november,1
cations,1
ken,1
ac,1
subject,1
cre,1
impose,1
lies,1
mentalism,1
rigid,1
impulses,1
bulwark,1
results,1
kish,1
lesson,1
trigger,1
families,1
maintained,1
writing,1
coming,1
think,1
intimate,1
remarks,1
drive,1
come,1
chaste,1
apprenticeships,1
mockery,1
promoted,1
necessarily,1
moderate,1
until,1
outrageous,1
experimen,1
unjustly,1
instructive,1
lishment,1
difference,1
reveals,1
solely,1
trusted,1
misbehaviors,1
contract,1
illinois,1
twentieth,1
write,1
seduce,1
charge,1
naomi,1
sumably,1
ended,1
immorality,1
joined,1
instead,1
canadian,1
shirley,1
instilling,1
scandals,1
integration,1
symbolizes,1
effects,1
disrupt,1
defiance,1
attempted,1
organ,1
profanities,1
uation,1
nega,1
scape,1
remains,1
comical,1
orga,1
gland,1
epigraph,1
breeches,1
ries,1
specific,1
supported,1
territories,1
pear,1
rhetori,1
potential,1
safeguard,1
rest,1
portrait,1
fronts,1
ics,1
thoreau,1
broadening,1
c,1
protested,1
hotel,1
syn,1
ridiculous,1
element,1
rein,1
confiding,1
abandoned,1
testified,1
manifests,1
uk,1
whenever,1
taylor,1
resist,1
famous,1
tired,1
whomsoever,1
meeting,1
proponent,1
subordinates,1
lia,1
lican,1
politician,1
sen,1
stifled,1
row,1
deeper,1
perpetual,1
exhort,1
