WORDCOUNTS,WEIGHT
the,7
and,5
of,5
film,4
love,4
modus,3
operandi,3
romantic,3
hindi,3
aesthetics,3
dramatic,3
musical,3
songs,3
music,3
celluloid,3
popular,3
prem,2
in,2
cambridge,2
doi,2
for,2
by,2
university,2
p,2
press,2
sarrazin,2
n,1
main,1
to,1
india,1
thanks,1
end,1
showing,1
will,1
copyright,1
till,1
erratum,1
apologies,1
tm,1
cd,1
him,1
photographs,1
ki,1
indian,1
ν,1
theatre,1
taken,1
or,1
hoon,1
omitting,1
victor,1
issue,1
october,1
from,1
dvd,1
display,1
actual,1
details,1
diwani,1
raj,1
jaipur,1
chaguanas,1
were,1
vicente,1
bollywood,1
published,1
crazy,1
mandir,1
time,1
whom,1
volume,1
reference,1
we,1
offer,1
trinidad,1
ί,1
