WORDCOUNTS,WEIGHT
the,211
of,170
and,160
in,88
a,69
to,69
war,48
that,43
s,43
eustace,36
as,33
was,30
american,29
for,29
on,24
new,21
patriotism,20
is,19
by,18
america,17
early,16
it,14
americans,14
republic,14
she,13
emotion,13
national,13
an,13
york,12
emotional,12
love,12
her,12
were,12
honor,12
not,11
with,11
history,11
this,11
but,10
cultural,10
nation,10
manhood,10
united,10
no,9
argues,9
his,9
british,9
ed,8
from,8
rhetoric,8
population,8
indians,8
have,8
expansion,7
their,7
about,7
or,7
had,7
families,7
more,7
also,7
slavery,7
all,7
shows,7
while,7
nationalism,7
white,7
u,7
men,7
them,7
conflict,7
d,7
taylor,7
rights,6
hull,6
indian,6
women,6
only,6
emotions,6
other,6
political,6
see,6
masculinity,6
because,6
chapter,6
both,6
southern,6
review,6
states,6
discourse,6
madison,6
republican,5
patriotic,5
brian,5
life,5
republicans,5
carroll,5
country,5
reproduction,5
culture,5
what,5
r,5
politics,5
part,5
cambridge,5
social,5
family,5
than,5
quarterly,5
at,4
who,4
they,4
one,4
civil,4
university,4
passions,4
mary,4
malthus,4
most,4
ardor,4
power,4
contends,4
lack,4
historians,4
how,4
william,4
are,4
public,4
impressment,4
press,4
journal,4
which,4
against,4
c,4
media,4
james,4
news,4
influence,4
liberty,3
dominant,3
perspectives,3
morrison,3
growth,3
yet,3
depicted,3
rosenwein,3
h,3
citizens,3
sailors,3
romantic,3
thesis,3
n,3
something,3
reddy,3
two,3
important,3
feeling,3
over,3
military,3
england,3
nature,3
elites,3
strength,3
right,3
concludes,3
just,3
last,3
behind,3
supporters,3
johnson,3
citizenship,3
form,3
wartime,3
refuge,3
fox,3
books,3
free,3
sexual,3
made,3
even,3
imagined,3
ill,3
became,3
gender,3
freedom,3
democratic,3
arguments,3
argument,3
such,3
interest,3
creating,3
would,3
so,3
revolution,3
played,3
especially,3
blacks,3
marriage,3
relation,3
effect,3
telling,3
including,3
constructions,3
race,3
barbara,2
fails,2
thomas,2
south,2
huntington,2
he,2
second,2
philadelphia,2
wives,2
critics,2
crevay,2
territorial,2
masculinities,2
various,2
if,2
later,2
bring,2
irish,2
meaning,2
l,2
bicentennial,2
commitment,2
elliot,2
hegemonic,2
revolutionary,2
male,2
independence,2
e,2
success,2
community,2
navigation,2
benedict,2
large,2
britain,2
construction,2
principle,2
once,2
communities,2
library,2
expansionism,2
precious,2
continent,2
interpretation,2
support,2
studies,2
allgor,2
perceptions,2
many,2
ardent,2
fought,2
sex,2
orleans,2
seeing,2
policy,2
claims,2
western,2
perceived,2
champaign,2
allies,2
cass,2
edition,2
historian,2
these,2
dolley,2
first,2
origins,2
regime,2
supported,2
party,2
subjects,2
lewis,2
ethnic,2
m,2
give,2
detroit,2
europe,2
alan,2
reflections,2
backcountry,2
j,2
uses,2
consideration,2
did,2
could,2
cloak,2
any,2
out,2
scholars,2
book,2
past,2
propaganda,2
serious,2
ages,2
further,2
captivity,2
though,2
formation,2
behavior,2
reproduce,2
lands,2
celebrated,2
michael,2
calif,2
making,2
case,2
norms,2
maintain,2
perhaps,2
unchecked,2
biographies,2
nicole,2
torn,2
well,2
trade,2
vol,2
up,2
used,2
popular,2
cutts,2
richard,2
slaves,2
romanticism,2
little,2
london,2
vision,2
territory,2
significant,2
use,2
describe,2
during,2
policies,2
discussion,2
rebels,2
ideas,2
human,2
central,2
like,2
thus,2
our,2
historical,2
gorn,2
sees,2
evidence,2
ultimately,2
rejected,2
years,2
class,2
moral,2
samuel,2
catherine,2
imperative,2
essay,2
peter,2
forgotten,2
instead,2
include,2
land,2
allegiance,2
clearest,2
narratives,2
after,2
old,2
never,2
why,2
showed,2
few,2
problems,2
causing,2
article,2
enacted,2
between,2
gray,2
anderson,2
era,2
division,2
fighting,2
looked,2
recent,2
ago,2
generation,2
founding,2
boswell,2
limiting,1
atlantic,1
increasing,1
genesis,1
rejoice,1
aim,1
scoundrels,1
failed,1
loyal,1
civilization,1
weapons,1
miraculous,1
kaplan,1
relying,1
bertram,1
athens,1
i,1
progeny,1
led,1
imperialistic,1
kitman,1
fueled,1
timeless,1
role,1
disruption,1
declaration,1
humiliated,1
jeffersonian,1
compelling,1
equality,1
fathers,1
joshua,1
saw,1
myra,1
protest,1
russian,1
overly,1
polish,1
wisdom,1
european,1
rationalism,1
lot,1
understudied,1
slights,1
george,1
rather,1
mixture,1
heroic,1
concerned,1
employ,1
formats,1
economic,1
been,1
commentary,1
five,1
argued,1
blatantly,1
troubled,1
pull,1
willful,1
generous,1
judgments,1
silently,1
indeed,1
plays,1
defeats,1
toward,1
untold,1
matter,1
resisted,1
crafted,1
wampum,1
fear,1
hill,1
separated,1
spouse,1
unchanging,1
begin,1
influential,1
manipulate,1
affected,1
berkeley,1
slaveholders,1
fault,1
procreation,1
cloaked,1
process,1
actively,1
mean,1
gaining,1
delighted,1
reason,1
army,1
politicians,1
advocated,1
allen,1
fraternity,1
analyzes,1
suffering,1
pointed,1
harry,1
echoing,1
began,1
worse,1
notably,1
determined,1
effectively,1
associate,1
cable,1
manifest,1
contribution,1
stott,1
publisher,1
humanity,1
importance,1
b,1
shoe,1
steeped,1
movement,1
rebellions,1
similarities,1
unity,1
countries,1
remembrance,1
spate,1
emphasis,1
ethan,1
benjamin,1
villainous,1
va,1
denied,1
gallery,1
brookhiser,1
sandy,1
intellectual,1
permissions,1
k,1
methods,1
southeast,1
enabled,1
remain,1
echoed,1
highly,1
essays,1
designed,1
hickey,1
dana,1
control,1
surprising,1
chamber,1
confines,1
supposed,1
criticism,1
charlottesville,1
sets,1
string,1
ways,1
murder,1
builds,1
liability,1
hugh,1
permission,1
recounts,1
imperialism,1
disasters,1
understand,1
mrs,1
reclaiming,1
canada,1
jonathan,1
represents,1
pp,1
acquisition,1
dueling,1
expunged,1
evil,1
militia,1
message,1
continuity,1
marks,1
spirit,1
cause,1
around,1
deflect,1
exceptionalism,1
rom,1
ideals,1
labor,1
adventures,1
deny,1
official,1
basis,1
us,1
model,1
resurgence,1
legitimate,1
reprintinfo,1
gamble,1
conquest,1
boulder,1
publicly,1
included,1
milieus,1
sphere,1
entitled,1
kann,1
then,1
teaches,1
recently,1
linked,1
gendering,1
competing,1
proved,1
smokescreens,1
elsewhere,1
preventing,1
harre,1
daughan,1
feels,1
believed,1
thirty,1
marital,1
convincingly,1
intentions,1
arguing,1
articulated,1
result,1
conclusion,1
demographics,1
naval,1
dovetails,1
chief,1
inalienable,1
focusing,1
reprint,1
comparison,1
frightened,1
appeals,1
rape,1
deep,1
age,1
themes,1
needs,1
motivate,1
qualified,1
experience,1
struck,1
search,1
clarifying,1
potential,1
ethics,1
increasingly,1
exploited,1
friend,1
sam,1
wombs,1
romance,1
regional,1
powerful,1
implied,1
expansionist,1
passion,1
else,1
emphasize,1
t,1
published,1
www,1
reasoning,1
jon,1
ll,1
idealized,1
modeled,1
willingness,1
sources,1
ralph,1
retaliation,1
cost,1
serhiy,1
winning,1
sweethearts,1
imaginations,1
niles,1
doi,1
jackson,1
served,1
dispossession,1
bickering,1
discussions,1
drew,1
blindness,1
westward,1
paul,1
injustice,1
pervasive,1
maleness,1
loathing,1
jefferson,1
equated,1
omission,1
elite,1
sensitive,1
hit,1
lust,1
factory,1
films,1
opinion,1
mark,1
coincide,1
culturally,1
tyranny,1
implying,1
again,1
might,1
civilians,1
renewed,1
borneman,1
pbs,1
deserves,1
promote,1
capitalist,1
proof,1
action,1
rational,1
hezekiah,1
each,1
ithaca,1
experienced,1
bravery,1
opponents,1
literary,1
gale,1
smith,1
cultures,1
unpacks,1
declares,1
equating,1
guiding,1
blewitt,1
organized,1
came,1
expanding,1
confident,1
idea,1
issues,1
sampling,1
seem,1
analogous,1
asserts,1
industry,1
blamed,1
chord,1
best,1
leading,1
paramount,1
workingclass,1
rhetorical,1
pages,1
ottawa,1
warrior,1
desire,1
argue,1
republicanism,1
great,1
called,1
appeared,1
match,1
marvin,1
savagery,1
exclusion,1
differences,1
essence,1
attempting,1
treatments,1
prone,1
fully,1
significance,1
time,1
children,1
achievement,1
governed,1
larger,1
classical,1
matrimonial,1
apologists,1
incident,1
xiii,1
clearly,1
uncle,1
jolly,1
quintessential,1
personal,1
john,1
reveal,1
gouge,1
primacy,1
causes,1
vessels,1
embarrassments,1
religion,1
dellavigna,1
navy,1
pretended,1
blocked,1
take,1
real,1
pennsylvania,1
happiness,1
man,1
there,1
almost,1
remark,1
enlarged,1
tary,1
perception,1
works,1
sermons,1
dehumanized,1
current,1
channel,1
parallel,1
embedded,1
rise,1
readers,1
hand,1
emphasized,1
parson,1
lorri,1
precisely,1
fourth,1
henry,1
gutzman,1
marshaling,1
reserved,1
ground,1
tales,1
corps,1
according,1
defending,1
successes,1
readiness,1
where,1
innovative,1
ambitions,1
stearns,1
within,1
tecumseh,1
region,1
divided,1
proceedings,1
investigation,1
demonized,1
depicts,1
context,1
backlash,1
kevin,1
epic,1
gallantry,1
now,1
sovereignty,1
confrontation,1
voting,1
broadsides,1
larson,1
issue,1
particular,1
younger,1
lines,1
kaiser,1
hoarding,1
troops,1
origin,1
forum,1
shape,1
decade,1
extolling,1
attitudes,1
juxtaposed,1
universalizes,1
alluring,1
rapists,1
couple,1
mere,1
isbn,1
native,1
narrative,1
required,1
eastern,1
series,1
claimed,1
centers,1
fellows,1
problem,1
sell,1
key,1
wide,1
framing,1
artists,1
lovelorn,1
stanford,1
sowing,1
connell,1
besting,1
bias,1
wood,1
mass,1
commander,1
website,1
autobiography,1
scapegoat,1
rebel,1
march,1
precept,1
failure,1
economics,1
pitted,1
characterizes,1
influenced,1
local,1
account,1
postwar,1
washington,1
felt,1
soldier,1
howard,1
slaveowning,1
genre,1
w,1
understanding,1
line,1
authentic,1
internalization,1
photocopy,1
work,1
supplies,1
middle,1
stagg,1
lost,1
posits,1
residents,1
effectiveness,1
birth,1
nicholas,1
genres,1
comprise,1
craig,1
outline,1
satire,1
mothers,1
range,1
writers,1
values,1
framed,1
evoke,1
specious,1
heart,1
future,1
sides,1
concept,1
ringing,1
aram,1
protected,1
microhistories,1
loyalty,1
revealed,1
root,1
x,1
killing,1
discusses,1
surrendered,1
pitched,1
despite,1
whites,1
francia,1
january,1
cited,1
content,1
invites,1
calls,1
donald,1
hlq,1
unrestrained,1
destinies,1
zagarri,1
terms,1
its,1
opportunity,1
himself,1
subject,1
bite,1
horace,1
highlight,1
administration,1
host,1
story,1
reappraisal,1
lesser,1
repeating,1
forged,1
heartache,1
loss,1
com,1
sectional,1
food,1
overview,1
contending,1
feared,1
warfare,1
art,1
collection,1
place,1
sign,1
rosemarie,1
aesthetics,1
aggression,1
colonial,1
vignette,1
facets,1
framework,1
people,1
expanded,1
sailor,1
bed,1
pleasure,1
writing,1
historicize,1
repeatedly,1
trumped,1
subscribing,1
coming,1
trend,1
natives,1
variables,1
member,1
jan,1
andrew,1
individuals,1
chapters,1
includes,1
franklin,1
cowardice,1
throughout,1
virtual,1
violated,1
prints,1
factionalism,1
bilenky,1
speeches,1
weems,1
married,1
partly,1
novels,1
latimer,1
prescriptive,1
grace,1
enslave,1
california,1
propertied,1
layers,1
intersections,1
devotion,1
participate,1
until,1
models,1
described,1
hampering,1
subfield,1
reverse,1
project,1
does,1
gilje,1
attraction,1
finally,1
redeemed,1
destruction,1
fact,1
endorsement,1
officer,1
ethnicity,1
patriarchy,1
professor,1
whither,1
trends,1
objective,1
pursuit,1
reward,1
characterize,1
consult,1
polemicists,1
worrying,1
reviews,1
authored,1
comprehensive,1
acknowledges,1
language,1
author,1
divine,1
virtues,1
points,1
substituting,1
victory,1
defined,1
reversed,1
freeman,1
popularly,1
change,1
baltimore,1
issn,1
ucpressjournals,1
seminal,1
vested,1
solution,1
embrace,1
accused,1
gendered,1
david,1
marshals,1
homes,1
typically,1
successful,1
scratch,1
walter,1
presented,1
crimes,1
field,1
canadian,1
anger,1
spread,1
confiscated,1
savage,1
workers,1
glover,1
high,1
tested,1
term,1
forfeited,1
allegiances,1
expected,1
affirmation,1
politically,1
colo,1
affairs,1
scoundrel,1
kind,1
order,1
exhausted,1
seeks,1
theater,1
destiny,1
achievements,1
wrestling,1
black,1
nelson,1
ix,1
inserted,1
event,1
shift,1
latter,1
increased,1
divisive,1
laver,1
him,1
clear,1
opposition,1
populating,1
several,1
joanne,1
hair,1
writings,1
deserved,1
specific,1
queen,1
privileging,1
enlightenment,1
maxim,1
feelings,1
revealing,1
rouse,1
strongest,1
study,1
response,1
fight,1
folk,1
http,1
chapel,1
collective,1
certainly,1
glenn,1
reads,1
oxford,1
become,1
research,1
greeted,1
exercise,1
gene,1
choosing,1
antal,1
essentially,1
agree,1
stand,1
interpretations,1
justify,1
xvi,1
procter,1
potent,1
however,1
be,1
greenburg,1
way,1
houndmills,1
disrupting,1
mr,1
refreshingly,1
ohio,1
hybrid,1
articulation,1
maximum,1
drawn,1
ethnohistory,1
extent,1
undermined,1
analyze,1
instance,1
documentary,1
given,1
fifth,1
identified,1
divergent,1
peculiarly,1
articles,1
preserving,1
northern,1
impress,1
wife,1
morris,1
focus,1
critique,1
sidesteps,1
world,1
figures,1
conventions,1
strong,1
among,1
seek,1
y,1
colonel,1
north,1
marry,1
famine,1
society,1
sustained,1
kentucky,1
general,1
loyalties,1
ga,1
pronounced,1
finds,1
regimes,1
ukrainian,1
selecting,1
generational,1
advocating,1
suggest,1
stefano,1
songs,1
gordon,1
virtuous,1
household,1
asp,1
defense,1
examines,1
partisan,1
celebrating,1
shaping,1
chronicle,1
