WORDCOUNTS,WEIGHT
the,527
of,366
to,220
a,218
and,188
in,170
is,163
de,134
self,124
rousseau,115
s,106
that,97
it,92
l,77
for,75
as,75
nature,71
its,68
from,68
la,63
et,58
this,56
les,53
le,52
an,51
his,51
be,45
one,44
desire,44
or,44
on,42
i,40
by,39
with,39
he,38
oc,38
not,37
que,36
qui,36
des,35
d,35
est,32
which,32
un,31
soi,29
ne,29
en,28
but,27
are,27
other,26
love,26
se,26
p,25
we,25
plus,24
has,23
no,23
into,22
consciousness,22
qu,22
n,21
man,21
dans,21
amour,20
je,19
yet,19
only,19
all,18
il,18
can,18
natural,18
pp,17
being,16
pour,16
at,15
if,15
passion,15
also,15
would,15
have,15
than,14
could,14
une,14
meme,14
sentiment,14
par,14
rather,13
object,13
sont,13
paris,13
itself,13
pas,13
world,13
nous,13
pity,12
existence,12
tout,12
how,12
ou,12
literature,12
will,12
toutes,12
upon,12
force,12
our,12
such,11
view,11
own,11
social,11
here,11
passage,11
metaphor,11
au,11
between,11
du,10
j,10
point,10
literary,10
most,10
mon,10
though,10
new,10
see,10
like,10
any,10
what,10
sur,10
ii,9
moi,9
iv,9
mais,9
dont,9
ideal,9
y,9
was,9
paul,9
toward,9
language,9
locke,9
so,9
things,9
flower,9
life,9
saint,9
both,9
does,8
etre,8
imaginary,8
julie,8
primitive,8
autre,8
leur,8
even,8
deviation,8
without,8
form,8
maccannell,8
rien,8
m,8
concept,8
knowledge,8
sense,8
press,8
action,8
subject,8
si,8
others,8
another,8
identity,8
empirical,8
condillac,8
imagination,8
augustine,8
theory,8
intention,8
juliet,8
c,8
should,8
sa,7
obstacle,7
lettre,7
notre,7
human,7
feeling,7
very,7
tous,7
himself,7
york,7
ce,7
reinterpretation,7
cause,7
passions,7
discours,7
failure,7
used,7
order,7
society,7
situation,7
us,7
these,7
do,7
metaphors,7
use,7
there,7
structure,7
christian,7
who,7
then,7
temporal,7
them,7
son,7
substance,7
meaning,6
motive,6
first,6
were,6
those,6
emile,6
jouissance,6
since,6
aim,6
whose,6
pascal,6
their,6
preux,6
support,6
god,6
intentional,6
joy,6
further,6
heart,6
place,6
premiere,6
lui,6
make,6
movement,6
sensation,6
ed,6
time,6
present,6
illusion,6
goffman,6
me,6
been,6
claims,6
homme,6
avec,6
terms,6
writes,6
tant,6
freedom,6
through,6
writing,6
question,6
mode,6
philosophy,6
hypothesis,6
they,5
second,5
spirit,5
source,5
turning,5
seems,5
definition,5
mind,5
state,5
fait,5
univ,5
system,5
primary,5
sensations,5
may,5
mes,5
soul,5
show,5
deuxieme,5
become,5
term,5
appears,5
well,5
starobinski,5
enjoy,5
referent,5
avoir,5
sans,5
elle,5
neither,5
same,5
aux,5
coeur,5
more,5
comparison,5
never,5
derivation,5
difference,5
made,5
aside,5
elles,5
individual,5
objets,5
him,5
enjoyed,5
rhetorical,5
origine,5
satisfaction,5
analysis,5
must,5
objects,5
ame,5
empiricists,5
alternative,5
just,5
bien,5
enjoyment,5
always,5
step,5
jamais,5
yeux,5
much,5
perception,5
etres,5
way,4
fiction,4
trans,4
linguistic,4
true,4
modern,4
conscious,4
different,4
senses,4
religion,4
peut,4
derrida,4
within,4
cela,4
metaphorical,4
some,4
logical,4
cette,4
goal,4
thus,4
against,4
author,4
nor,4
malesherbes,4
inquietude,4
via,4
essence,4
certain,4
dialogue,4
nos,4
elaborate,4
romantic,4
image,4
idee,4
bonheur,4
had,4
my,4
lieu,4
appearance,4
ils,4
temptation,4
out,4
constantly,4
however,4
absolute,4
because,4
vives,4
example,4
contrast,4
reverie,4
unsupported,4
fully,4
resistance,4
describes,4
finds,4
plenitude,4
essai,4
definitions,4
sorte,4
suspends,4
desiring,4
idea,4
end,4
golden,4
hand,4
gives,4
original,4
writings,4
essay,4
jouir,4
times,4
course,4
connoitre,4
empiricist,4
space,4
relationship,4
lacan,4
seule,4
exists,4
often,4
sake,4
sens,4
desir,4
willful,4
intellectual,4
vous,4
iii,4
deflection,4
works,4
jean,4
oiu,4
problem,4
toute,4
souls,4
susceptible,4
jacques,4
instead,4
reflexive,4
vanity,4
virtue,4
now,3
autres,3
emptiness,3
selon,3
trouvent,3
kant,3
burke,3
devices,3
history,3
before,3
something,3
nonetheless,3
intentions,3
capital,3
great,3
able,3
suffit,3
political,3
suspension,3
ambiguous,3
case,3
lends,3
activity,3
remplir,3
cited,3
moral,3
confessions,3
harmony,3
sociability,3
initial,3
couleurs,3
interest,3
occurs,3
sentois,3
changent,3
besoin,3
kind,3
inclinations,3
body,3
uneasiness,3
cardinal,3
souvent,3
weakness,3
error,3
colin,3
air,3
act,3
basic,3
notion,3
process,3
derived,3
principe,3
moreover,3
reason,3
bad,3
monde,3
weak,3
age,3
cet,3
follow,3
ceux,3
obstacles,3
trouvois,3
uses,3
called,3
erving,3
philosophical,3
conserves,3
grounds,3
spiritual,3
ces,3
hopkins,3
suspended,3
impression,3
memory,3
vivant,3
part,3
esp,3
description,3
loss,3
fail,3
away,3
contradictions,3
least,3
standpoint,3
ceil,3
up,3
proper,3
appeal,3
toujours,3
cceurs,3
sous,3
selflove,3
still,3
garden,3
confronting,3
ceuvres,3
describe,3
autrui,3
move,3
selfconsciousness,3
quelque,3
apres,3
dialectical,3
baltimore,3
otherness,3
two,3
foucault,3
seulement,3
purely,3
shows,3
striving,3
oneself,3
classical,3
fallen,3
ground,3
model,3
manner,3
sensual,3
origin,3
seul,3
autobiographical,3
ainsi,3
faith,3
langues,3
flechir,3
vide,3
attend,3
memes,3
modifications,3
attention,3
illusory,3
johns,3
hommes,3
seen,3
fall,3
face,3
thinking,3
associated,3
solitary,3
text,3
nouvelle,3
each,3
best,3
current,3
motion,3
perfectly,3
merely,3
when,3
terre,3
ses,3
soit,3
practical,3
transport,3
city,3
phenomenon,3
oeuvre,3
pouvoir,3
sensualist,3
wish,3
define,3
physical,3
cesse,3
remains,3
needs,3
specific,3
oublie,3
traditional,3
plaisir,3
occupent,2
impossibility,2
heloise,2
flow,2
car,2
concerned,2
tres,2
mille,2
esprit,2
implies,2
dissolution,2
alone,2
totally,2
sympathetic,2
paradoxically,2
sien,2
nostalgia,2
peuvent,2
live,2
touchant,2
ways,2
h,2
trace,2
character,2
necessarily,2
princeton,2
chief,2
properties,2
negative,2
anything,2
based,2
vrai,2
auroient,2
long,2
derives,2
grammatologie,2
address,2
attempt,2
alienation,2
font,2
ourselves,2
attractive,2
leading,2
secondary,2
quel,2
antiself,2
inconnues,2
take,2
real,2
loves,2
primitivistic,2
help,2
celui,2
introduces,2
cling,2
universal,2
somewhat,2
depends,2
takes,2
directement,2
right,2
regle,2
possible,2
meditative,2
ordre,2
obvious,2
apart,2
except,2
literal,2
voila,2
generale,2
ritual,2
eu,2
framework,2
dependence,2
intrudes,2
chimeres,2
neighbor,2
divine,2
neanmoins,2
reflection,2
moment,2
interpret,2
signifiers,2
century,2
ai,2
distinct,2
moralistic,2
refer,2
cesser,2
pitie,2
left,2
compare,2
georges,2
vice,2
conceive,2
objet,2
cites,2
donne,2
wishes,2
essential,2
laisser,2
montaigne,2
landscape,2
selflessness,2
reference,2
neutralized,2
doctrine,2
presentation,2
subsistence,2
mean,2
poulet,2
supplement,2
b,2
etat,2
sacrificed,2
montesquieu,2
special,2
moves,2
category,2
etrangere,2
clearly,2
elsewhere,2
definite,2
putting,2
etrangeres,2
transparence,2
vehicles,2
important,2
appear,2
reveries,2
traditionally,2
solicits,2
peine,2
intentionality,2
radical,2
prevents,2
emerge,2
penetre,2
anime,2
aime,2
reproves,2
comme,2
cannot,2
placed,2
mouvements,2
explain,2
method,2
scene,2
possibility,2
theological,2
faire,2
work,2
carry,2
psychological,2
purpose,2
comment,2
contraire,2
felix,2
sensualists,2
chacun,2
valais,2
transported,2
completes,2
sembloit,2
sensibility,2
status,2
cherche,2
siecle,2
absoluteness,2
sole,2
characteristics,2
transfer,2
acts,2
convey,2
moins,2
verite,2
condemned,2
deviating,2
substantiality,2
void,2
critical,2
calm,2
interposes,2
reduced,2
contact,2
lending,2
identified,2
spectacle,2
short,2
blessed,2
return,2
prove,2
above,2
indicates,2
variete,2
linguistically,2
initially,2
seemingly,2
direction,2
about,2
once,2
makes,2
read,2
accident,2
encore,2
thought,2
under,2
naturelles,2
vers,2
harper,2
chose,2
name,2
deflects,2
structures,2
power,2
journey,2
nait,2
possession,2
motifs,2
sensationalists,2
many,2
speaks,2
longer,2
fleurs,2
neutralization,2
treatment,2
agir,2
fredric,2
appeared,2
choice,2
lacks,2
transcendental,2
jouissances,2
john,2
demonstrating,2
guilty,2
simple,2
rhetoric,2
forms,2
vuide,2
v,2
chain,2
begin,2
where,2
perceives,2
belief,2
distance,2
explicitly,2
compete,2
thoroughly,2
durkheim,2
understanding,2
greatest,2
charme,2
discussion,2
tonality,2
transporting,2
eighteenth,2
renders,2
fictional,2
including,2
assumption,2
causes,2
univers,2
vocabulary,2
amitie,2
propre,2
trend,2
nevertheless,2
attraction,2
versions,2
clear,2
fades,2
atteindre,2
obtaining,2
sustain,2
tendent,2
divisions,2
general,2
mountain,2
lose,2
alors,2
men,2
enlightenment,2
attirante,2
parallel,2
insists,2
sensible,2
egarer,2
guattari,2
saw,2
tendency,2
gallimard,2
temporality,2
tenuous,2
eut,2
note,2
blessedness,2
raymond,2
becomes,2
mood,2
lost,2
inexplicable,2
puisse,2
deflected,2
linking,2
hope,2
sage,2
premier,2
freeing,2
considered,2
mouvemens,2
preface,2
series,2
succumbs,2
continues,2
constructed,2
proposes,2
offers,2
sustained,2
ont,2
know,2
ni,2
dimension,2
country,2
specialized,2
setting,2
prendre,2
constant,2
historical,2
donc,2
instant,2
sentir,2
whether,2
hanging,2
particular,2
sociology,2
bend,2
mere,2
dream,2
rapports,2
oppositions,2
pu,2
malebranche,2
turns,2
disciplines,2
jameson,2
cceur,2
forte,2
juge,2
allows,2
gain,2
etoit,2
instructive,2
cambridge,2
frame,2
crisis,2
corrective,2
connoissance,2
include,2
socially,2
bientot,2
auroit,2
supported,2
animation,2
rousseauistic,2
spectator,2
themselves,2
chicago,2
era,2
formes,2
enterprise,2
substantial,2
death,2
re,2
among,2
loin,2
plaines,2
interessans,2
constitution,2
final,1
semblable,1
intimately,1
ending,1
tarrying,1
insubstantiality,1
formulated,1
lust,1
vont,1
o,1
paralleled,1
enflammant,1
lovejoy,1
sais,1
imparfaite,1
charmantes,1
humaines,1
magnificence,1
anthony,1
implying,1
substances,1
romanticisms,1
productions,1
commentary,1
pettegrove,1
pull,1
supersedes,1
revue,1
laissent,1
gravitational,1
admiration,1
manquant,1
worthy,1
fut,1
epistemologically,1
delighted,1
commun,1
extends,1
originating,1
succession,1
avives,1
shortsightedness,1
atteignois,1
per,1
former,1
celle,1
becoming,1
center,1
luxe,1
startlingly,1
letter,1
conflicts,1
veux,1
romantique,1
concours,1
kinds,1
fate,1
puisque,1
gestural,1
narcisse,1
correspondance,1
nouveau,1
reflections,1
ma,1
catastrophe,1
competitions,1
redeviation,1
alive,1
asserted,1
mot,1
ofu,1
aversions,1
interrupting,1
mauzi,1
studies,1
divers,1
lifegiving,1
favor,1
lavished,1
satisfied,1
restrains,1
particulieres,1
nord,1
althusser,1
unnatural,1
abrams,1
ascends,1
hazlitt,1
follower,1
undertaken,1
vies,1
apprendre,1
determinent,1
total,1
autour,1
fragile,1
detailing,1
fashioning,1
seuls,1
attractiveness,1
descriptions,1
harmonie,1
sins,1
closely,1
unpractical,1
charity,1
experience,1
recourse,1
contraries,1
travers,1
repousse,1
sterile,1
babbitt,1
overcoming,1
gap,1
either,1
lessing,1
pretant,1
philosophers,1
sources,1
willing,1
davis,1
nostalgic,1
turbulence,1
certainly,1
jackson,1
creation,1
production,1
aimions,1
terrains,1
discovers,1
interests,1
montmorency,1
exister,1
realite,1
coexist,1
voluptuous,1
attempts,1
accustomed,1
exces,1
entangled,1
vols,1
might,1
illogical,1
expectation,1
actual,1
articulate,1
beautiful,1
rational,1
dreams,1
ardentes,1
quoiqu,1
departure,1
incapacity,1
appergoive,1
faits,1
alembert,1
eruption,1
summation,1
height,1
knowing,1
tradition,1
uneasy,1
arbres,1
promene,1
daily,1
appercevoir,1
dignes,1
indifferent,1
sacrifice,1
achievement,1
confront,1
hereafter,1
transferred,1
etonnans,1
quintessential,1
concludes,1
innee,1
procedure,1
court,1
delaying,1
majeste,1
psychoanalysis,1
emblem,1
creator,1
ageold,1
peuplois,1
faithful,1
erich,1
greatly,1
robert,1
analogical,1
opposite,1
alpes,1
reading,1
signs,1
romanticism,1
sommes,1
intersection,1
indigne,1
followers,1
nowhere,1
side,1
preventing,1
charmante,1
intentionelle,1
unmediated,1
maux,1
inconnu,1
exista,1
gaps,1
reprieve,1
walks,1
task,1
draws,1
wanderers,1
delicieuse,1
sentiroit,1
u,1
naturel,1
egoism,1
canceled,1
indirectly,1
vol,1
oiseaux,1
opened,1
prior,1
capable,1
determined,1
authentic,1
avait,1
sublimes,1
moderation,1
echoes,1
haineuses,1
determinat,1
adopting,1
solely,1
functions,1
embleme,1
occupy,1
meanings,1
ecclesiastes,1
gavigan,1
concourir,1
mental,1
desired,1
tastes,1
capacite,1
artful,1
deflechir,1
engender,1
relate,1
couvre,1
apply,1
along,1
enter,1
contenir,1
memoire,1
laissoit,1
peuple,1
prevented,1
deserted,1
analyse,1
pensois,1
hazard,1
sign,1
annoys,1
hegel,1
cependant,1
controlled,1
ecstatic,1
moimeme,1
usage,1
exist,1
pluspart,1
pures,1
transferral,1
conflict,1
central,1
semble,1
prey,1
throughout,1
ceuvre,1
relationships,1
abusant,1
reverse,1
modify,1
blaise,1
utopian,1
definitional,1
keeps,1
bent,1
dissociate,1
interior,1
mead,1
nrfgallimard,1
bodily,1
ligne,1
retarded,1
characteristic,1
regarded,1
relations,1
enjoying,1
savoir,1
mined,1
inspiring,1
walter,1
nothings,1
flux,1
droits,1
threatens,1
meyer,1
doctrina,1
yourself,1
pleins,1
interprets,1
gueres,1
topos,1
fantaisie,1
thing,1
unity,1
foible,1
reflexion,1
imagery,1
altogether,1
seizing,1
underlying,1
unreachable,1
keep,1
perspective,1
person,1
ombre,1
concerning,1
back,1
herbes,1
naturalistically,1
nouveaux,1
meditates,1
remplis,1
served,1
provisional,1
remarques,1
compared,1
ally,1
third,1
paree,1
overcomes,1
destroys,1
subtilite,1
empiricism,1
leurs,1
avoue,1
obscure,1
horison,1
communication,1
jugeons,1
look,1
eager,1
comparer,1
soutient,1
enchanting,1
existe,1
discovering,1
pretension,1
hardly,1
arises,1
infinite,1
impressions,1
claude,1
intruded,1
react,1
conflit,1
prejuges,1
insupportable,1
behaviorist,1
deplorable,1
insofar,1
interesting,1
authority,1
genets,1
paroissant,1
understands,1
divested,1
hopes,1
identification,1
frustration,1
exact,1
distinction,1
bring,1
gloire,1
enlivened,1
schopp,1
held,1
midi,1
primitives,1
environnoient,1
fruits,1
sort,1
lie,1
avantageuses,1
dramatistic,1
transporter,1
explicit,1
mieux,1
myself,1
pause,1
elancement,1
goes,1
sejour,1
crainte,1
deprived,1
tel,1
wandering,1
similar,1
importance,1
idiosyncratic,1
direct,1
exemple,1
ix,1
assuming,1
institutionnelle,1
individuation,1
lacking,1
autant,1
ludwig,1
arbor,1
awareness,1
fasse,1
ames,1
insubstantial,1
diacritics,1
contemplations,1
monuments,1
understand,1
peint,1
insistence,1
vue,1
poids,1
savoyard,1
tandis,1
stand,1
habiter,1
consider,1
recaptured,1
instruction,1
organization,1
established,1
beau,1
consiste,1
otherwise,1
abuses,1
sum,1
edition,1
realities,1
idealist,1
bordeaux,1
attain,1
completion,1
mary,1
augustinian,1
allude,1
moyen,1
suspend,1
forget,1
doues,1
veut,1
operate,1
resource,1
durkheimian,1
impatience,1
powerful,1
continual,1
delicatesse,1
encouragement,1
hypothetical,1
beyond,1
vif,1
marque,1
creature,1
terminology,1
simples,1
irascibles,1
asks,1
instance,1
cycles,1
permanent,1
erroneous,1
elicits,1
helped,1
metaphoric,1
opinion,1
coincide,1
overwhelm,1
vit,1
undermines,1
humility,1
lilies,1
drawing,1
cerveau,1
artistic,1
trop,1
droites,1
essais,1
concupiscence,1
uti,1
expressed,1
result,1
pretending,1
plantes,1
nuisibles,1
acceptable,1
societe,1
sooner,1
walk,1
questioned,1
allow,1
soliciting,1
consisting,1
found,1
attiedi,1
smell,1
color,1
selfcontradiction,1
ambiguity,1
effort,1
rester,1
her,1
unconcerned,1
primacy,1
rightly,1
michel,1
bizarre,1
attenuated,1
tableau,1
transportois,1
representative,1
passionate,1
culture,1
sentimens,1
nulle,1
lire,1
abomination,1
foiblesse,1
voit,1
wilden,1
pure,1
outset,1
understood,1
cultural,1
equal,1
let,1
conceit,1
atrributed,1
contraires,1
fulfillment,1
omnipresence,1
michigan,1
stressing,1
treat,1
friendship,1
brule,1
persons,1
prolonge,1
satisfaire,1
introspection,1
universelle,1
vacillation,1
mirrors,1
reveuse,1
lesquels,1
required,1
levant,1
lecteur,1
opposition,1
deployer,1
temptations,1
volonte,1
deserte,1
meditation,1
technical,1
aspects,1
distinguishes,1
xix,1
abuse,1
factices,1
orage,1
christianity,1
directly,1
having,1
figurative,1
basis,1
invisible,1
r,1
stances,1
relief,1
habille,1
gains,1
fictions,1
meridian,1
ricoeur,1
vying,1
emphasis,1
translate,1
writers,1
printemps,1
peche,1
imagined,1
reader,1
paresseuse,1
quoique,1
eh,1
fosters,1
sin,1
uncover,1
reunies,1
etroits,1
tristesse,1
pourraient,1
apparent,1
sensibilite,1
quand,1
quickly,1
auerbach,1
neufchatel,1
homeland,1
positions,1
solicitations,1
barren,1
realm,1
designate,1
determiner,1
older,1
couched,1
etois,1
critique,1
flight,1
reduces,1
inspire,1
destination,1
juger,1
relevance,1
seuil,1
actually,1
falling,1
middle,1
forebear,1
tzvetan,1
call,1
forces,1
mesaise,1
personal,1
dessous,1
reflect,1
accord,1
reste,1
envisage,1
preparation,1
humaneness,1
visions,1
diverted,1
unsupportable,1
concurrent,1
venus,1
else,1
rapportent,1
straightaway,1
faisoit,1
purposely,1
analogized,1
tacher,1
violated,1
impasse,1
germain,1
elegantes,1
relatif,1
sociable,1
multiplicity,1
exemplary,1
diversion,1
undermine,1
fulfilled,1
field,1
courbes,1
coup,1
belle,1
hiding,1
dieu,1
speculations,1
resolu,1
next,1
destiny,1
tries,1
discourse,1
sharp,1
midst,1
subvert,1
withdrawing,1
specifically,1
several,1
specificity,1
autonomy,1
christiana,1
feelings,1
eux,1
components,1
mal,1
deviennent,1
ebauches,1
engenders,1
metamorphoses,1
misdirects,1
notorious,1
surnaturel,1
comparaison,1
suddenly,1
disharmony,1
telling,1
impossible,1
visible,1
generally,1
beacon,1
london,1
st,1
dependent,1
pays,1
degeneration,1
directed,1
inaccessible,1
tire,1
filling,1
using,1
climats,1
transmuted,1
droite,1
roots,1
fondness,1
cycle,1
notes,1
achieves,1
beauty,1
neoclassical,1
alienated,1
provided,1
epaisseur,1
structuring,1
censor,1
settle,1
miserable,1
decrire,1
contrister,1
content,1
lend,1
calls,1
laing,1
satisfait,1
gagnebin,1
cannonball,1
f,1
usurp,1
naming,1
pourtant,1
led,1
rend,1
hors,1
approximate,1
critics,1
exterior,1
opposites,1
digne,1
mauvaises,1
hiver,1
equality,1
variety,1
various,1
beaute,1
rivalries,1
voir,1
letters,1
microcosmic,1
employ,1
favorisoit,1
dreamy,1
wrote,1
constituents,1
depth,1
shackled,1
fin,1
tried,1
exterieur,1
appreciate,1
classic,1
fruit,1
metonymic,1
lies,1
renewed,1
assurance,1
attaching,1
standardization,1
etendre,1
grande,1
says,1
surmonter,1
woods,1
experiences,1
precedes,1
backdrop,1
sinful,1
suppose,1
hold,1
delagrave,1
philosophie,1
demonstrable,1
competitiveness,1
troubler,1
pensees,1
violate,1
marques,1
fois,1
oxford,1
etonnante,1
competition,1
criticism,1
relied,1
interpretation,1
observer,1
examined,1
puissances,1
cleveland,1
towards,1
retreat,1
sociocultural,1
mobile,1
selfsameness,1
supplementary,1
faltering,1
formois,1
relinquish,1
contemplation,1
home,1
extinction,1
symptom,1
lieux,1
idees,1
minuit,1
promotes,1
hatred,1
xviiie,1
already,1
overpowering,1
foolishness,1
emotional,1
accidental,1
begins,1
quotations,1
mention,1
celebrates,1
speaking,1
situates,1
rise,1
saisons,1
affections,1
sketch,1
double,1
fill,1
subjective,1
lack,1
routes,1
fruitful,1
inhabitants,1
dire,1
transports,1
avois,1
reach,1
solomon,1
french,1
bizarres,1
lapse,1
limit,1
accompanies,1
kenneth,1
porset,1
again,1
admirable,1
polemic,1
pointed,1
preferences,1
available,1
unintentional,1
audaciously,1
rejects,1
lamp,1
put,1
doubleday,1
neant,1
nuages,1
etrangers,1
deutsche,1
herbert,1
efforts,1
passer,1
lighter,1
extinguish,1
esprits,1
irving,1
anterieure,1
overwhelming,1
pieds,1
berthier,1
perceptible,1
formoit,1
animates,1
exquise,1
spiritualist,1
utilizing,1
ought,1
demythologizing,1
abstract,1
attempting,1
disputoient,1
assertion,1
suppressed,1
cure,1
nebulous,1
quelques,1
aurois,1
dispassionate,1
presente,1
arthur,1
chs,1
bound,1
viens,1
corrompt,1
external,1
chevalier,1
aussi,1
readers,1
enough,1
everyday,1
faiblesse,1
posit,1
derivative,1
unit,1
moderates,1
continuing,1
execution,1
conceiving,1
non,1
seroit,1
ch,1
ultimately,1
less,1
answer,1
ontological,1
admires,1
psychanalyse,1
trouve,1
focusing,1
perhaps,1
native,1
faudroit,1
style,1
follows,1
chetifs,1
suivre,1
revises,1
sait,1
outlines,1
elevation,1
etranges,1
stance,1
romantics,1
argues,1
ermenonville,1
autobiography,1
imagine,1
analyzed,1
inveighed,1
raisonnois,1
unselfish,1
obliques,1
extended,1
continuelle,1
ecstasy,1
intimate,1
astray,1
intent,1
economie,1
birth,1
matiere,1
ills,1
discovery,1
faisois,1
bear,1
practice,1
vanities,1
trajectory,1
patricia,1
avons,1
detourner,1
quitte,1
connaissances,1
arbitrarily,1
versa,1
wonder,1
volupte,1
devenir,1
waste,1
expression,1
angle,1
hypotheses,1
equanimity,1
refers,1
feroient,1
assume,1
renunciation,1
questions,1
eteint,1
launching,1
jusqu,1
ami,1
maintains,1
frui,1
nothing,1
supposition,1
examination,1
stay,1
plaignez,1
sera,1
knowable,1
prennent,1
arreter,1
california,1
theoretical,1
submits,1
discontinuities,1
automne,1
passim,1
significance,1
substitutes,1
venoit,1
biblical,1
peril,1
fullness,1
reunissoit,1
points,1
mimesis,1
supportive,1
urge,1
discusses,1
oui,1
interne,1
reiss,1
heureux,1
suprarousseau,1
bruyeres,1
saison,1
perverse,1
widen,1
optimum,1
elegiac,1
indisputable,1
ernst,1
stresses,1
systeme,1
kept,1
after,1
ducros,1
illicit,1
renewal,1
misunderstanding,1
believing,1
denatures,1
construct,1
narcissistic,1
supposez,1
parmi,1
ricocheting,1
desirer,1
frapoient,1
especially,1
random,1
behind,1
somehow,1
internal,1
systems,1
leaves,1
eyes,1
alpine,1
malapropos,1
nisbet,1
divest,1
relation,1
interpretations,1
overcome,1
weakest,1
ann,1
consciously,1
examine,1
effect,1
describing,1
redire,1
chassant,1
bate,1
conscience,1
statue,1
story,1
vaine,1
connoisse,1
recapitulate,1
absolu,1
commence,1
premiers,1
conveyed,1
corps,1
anomaly,1
inferior,1
encompassing,1
augmente,1
concluded,1
distances,1
offspring,1
examines,1
koelln,1
troisieme,1
auteur,1
longtems,1
culmination,1
moindres,1
fails,1
transversalite,1
dealing,1
european,1
socrates,1
accepting,1
bon,1
penguin,1
change,1
attirant,1
circle,1
wisdom,1
spelling,1
tenoient,1
independent,1
george,1
provide,1
mixture,1
assert,1
sometimes,1
figure,1
selfnegation,1
symbolizes,1
dreamed,1
naturally,1
sol,1
propres,1
rencontre,1
ironically,1
parcequ,1
lesquelles,1
celebration,1
immediates,1
quoi,1
mirror,1
substitution,1
caractere,1
directions,1
manquer,1
translation,1
faute,1
semiotic,1
determination,1
contribution,1
qcs,1
anxiety,1
whereby,1
plon,1
salutory,1
inspired,1
responsible,1
construction,1
continually,1
norton,1
proffering,1
impeded,1
ecrase,1
tonnerre,1
composed,1
mysteriously,1
bypass,1
mother,1
constants,1
fields,1
pronoun,1
vetu,1
suspending,1
assez,1
insight,1
sweetness,1
erupts,1
intrude,1
figured,1
respite,1
mettre,1
sound,1
copresent,1
rigorous,1
conservation,1
forest,1
commencer,1
moralized,1
demande,1
moralistically,1
addressed,1
hearts,1
faut,1
differentiated,1
acquired,1
aimantes,1
proof,1
seriously,1
lignes,1
curious,1
lecteurs,1
judgments,1
relates,1
trouver,1
lessons,1
ici,1
tirant,1
complexity,1
verie,1
foulois,1
contre,1
tempting,1
joigne,1
throw,1
piquent,1
monsieur,1
urgent,1
contradiction,1
simply,1
ever,1
word,1
extension,1
forgetting,1
eng,1
known,1
implied,1
marcel,1
exposition,1
scrutiny,1
touchoit,1
phenomenalism,1
loving,1
faussement,1
pt,1
command,1
equation,1
pauses,1
concurs,1
precisement,1
milieu,1
trouvoit,1
spectacles,1
choose,1
evokes,1
bk,1
principle,1
employe,1
commonplace,1
agiroit,1
interpersonal,1
couvroient,1
exploration,1
believe,1
gone,1
attire,1
did,1
formulation,1
straightforward,1
douces,1
aurez,1
epreuve,1
caritas,1
dure,1
capacity,1
epistemological,1
tirades,1
observe,1
internationale,1
thoroughgoing,1
hermitage,1
deconstruction,1
guy,1
far,1
recherche,1
magique,1
audience,1
examining,1
imperceptible,1
going,1
past,1
cogito,1
accepts,1
connoit,1
serain,1
cassirer,1
inspires,1
vorace,1
concrete,1
turned,1
detournees,1
salomon,1
vicar,1
knows,1
william,1
dedicate,1
divisiveness,1
glaces,1
voulu,1
communicate,1
carefully,1
quete,1
transfers,1
vivified,1
unique,1
study,1
offering,1
ones,1
making,1
involvement,1
supports,1
independently,1
voile,1
celles,1
perfectibility,1
loved,1
nes,1
while,1
correlates,1
prestige,1
asiles,1
hypothesize,1
ailleurs,1
inexprimable,1
textual,1
emblematic,1
minimal,1
psychology,1
intends,1
remarque,1
ravit,1
fins,1
dufour,1
frenchman,1
maspero,1
traits,1
radically,1
boston,1
dialogues,1
beitrage,1
level,1
existant,1
entrance,1
bons,1
corti,1
met,1
interet,1
sea,1
despite,1
prevalent,1
ayant,1
easy,1
editeur,1
intended,1
respectable,1
vigueur,1
deviate,1
lesson,1
dela,1
indebted,1
divided,1
memories,1
disrupted,1
traite,1
communicative,1
aims,1
aspect,1
voyage,1
motif,1
vient,1
neglect,1
grandeur,1
amenities,1
devient,1
supplee,1
come,1
named,1
proceeds,1
pourpre,1
differente,1
francois,1
shown,1
todorov,1
argument,1
authorial,1
entourent,1
entity,1
arbustes,1
generate,1
surface,1
sensually,1
advent,1
quest,1
conditions,1
beings,1
finally,1
imperative,1
offer,1
fecundity,1
fautive,1
proand,1
land,1
rapproche,1
purement,1
need,1
specialists,1
evidence,1
decorum,1
autumn,1
attributes,1
centrality,1
you,1
effects,1
piece,1
contrat,1
playing,1
defined,1
undertakes,1
suaves,1
imaginez,1
sentent,1
stray,1
humeur,1
affecte,1
offered,1
observation,1
avis,1
passages,1
esclave,1
clarify,1
melange,1
espoir,1
detournant,1
odeurs,1
bodyand,1
th,1
debate,1
habite,1
create,1
x,1
texts,1
singleton,1
views,1
puts,1
deathlike,1
comtesse,1
given,1
focus,1
immediately,1
diverts,1
strong,1
ends,1
facile,1
cosmopolitan,1
recent,1
resist,1
blindness,1
famous,1
indistinguishable,1
frapper,1
doing,1
signals,1
termed,1
close,1
major,1
enfin,1
