WORDCOUNTS,WEIGHT
the,668
of,503
and,245
to,240
in,221
is,136
a,124
for,100
this,81
it,77
that,77
be,73
as,67
charity,65
man,65
s,62
justice,53
god,52
which,52
not,52
his,50
world,47
from,45
we,43
are,38
on,38
all,37
their,35
church,34
hope,34
love,33
by,33
but,31
our,31
its,30
can,30
christian,30
at,29
human,29
must,29
development,28
with,27
will,26
social,24
what,24
i,23
us,23
new,22
an,22
christ,21
have,21
task,20
he,20
more,20
was,19
paul,19
one,18
into,18
service,18
or,18
mercy,18
life,18
within,17
poor,17
own,17
gift,17
may,16
society,16
time,16
men,16
other,15
de,15
future,15
up,15
nations,15
these,15
should,15
if,14
pp,14
who,14
person,14
being,13
structures,13
make,13
become,13
you,13
studies,12
history,12
has,12
out,12
pope,12
liberation,12
only,12
so,12
each,12
merely,12
needs,12
some,11
john,11
philippine,11
freedom,11
city,11
kingdom,10
himself,10
truly,10
rather,10
just,10
others,10
la,10
come,10
question,10
vi,10
they,9
dignity,9
than,9
without,9
community,9
bring,9
do,9
populorum,9
meant,9
peoples,9
caritas,9
point,9
given,9
among,9
does,8
true,8
paper,8
every,8
such,8
living,8
most,8
beyond,8
aspiration,8
people,8
order,8
things,8
tasks,8
domination,8
death,8
present,8
understanding,8
today,8
here,8
very,8
them,8
way,7
mankind,7
total,7
first,7
hence,7
might,7
address,7
take,7
thus,7
how,7
internationalis,7
cannot,7
earth,7
economic,7
him,7
then,7
any,7
text,7
section,7
arévalo,7
both,7
coming,7
texts,7
go,6
now,6
communion,6
said,6
progressio,6
say,6
neighbor,6
cf,6
response,6
rights,6
no,6
thing,6
image,6
helped,6
important,6
p,6
fulfillment,6
because,6
work,6
et,6
about,6
vatican,6
power,6
toward,6
fact,6
like,6
itself,6
bishops,6
works,6
peace,6
giving,6
simply,6
themselves,6
created,5
letter,5
live,5
before,5
ii,5
rich,5
room,5
mind,5
those,5
chapter,5
deeds,5
concrete,5
general,5
hands,5
participation,5
whole,5
call,5
assembly,5
my,5
presence,5
when,5
above,5
communities,5
same,5
ed,5
also,5
made,5
develop,5
political,5
she,5
vision,5
lives,5
working,5
fuller,5
pain,5
through,5
press,5
synod,5
between,5
entire,5
final,4
e,4
sphere,4
ways,4
earthly,4
charitable,4
passion,4
individuals,4
together,4
great,4
able,4
help,4
there,4
reading,4
right,4
authentic,4
against,4
catholique,4
realization,4
document,4
freed,4
effective,4
find,4
sin,4
l,4
salvation,4
space,4
means,4
latin,4
realities,4
injustice,4
view,4
paragraph,4
part,4
caught,4
believes,4
healing,4
sense,4
catholic,4
peruvian,4
bringing,4
says,4
yet,4
violence,4
evil,4
maryknoll,4
two,4
enable,4
really,4
contemporary,4
pattern,4
forms,4
less,4
see,4
preparation,4
gives,4
use,4
were,4
full,4
reality,4
never,4
faith,4
especially,4
attention,4
relationship,4
becomes,4
dimensions,4
face,4
redemption,4
know,4
down,4
brothers,4
suffering,4
victims,4
involvement,4
son,4
measure,4
finally,4
documentation,4
seeks,4
third,4
mystery,4
create,4
truth,3
american,3
flowering,3
modern,3
gladness,3
had,3
necessarily,3
something,3
chief,3
proclamation,3
different,3
meaning,3
seminar,3
side,3
lest,3
object,3
whatever,3
far,3
framework,3
modify,3
since,3
objective,3
september,3
center,3
jesus,3
exercise,3
individual,3
nor,3
self,3
better,3
young,3
arēvalo,3
operative,3
charité,3
laboring,3
whose,3
process,3
importance,3
soul,3
too,3
age,3
asks,3
demands,3
let,3
promise,3
your,3
well,3
relief,3
y,3
year,3
genuine,3
universe,3
away,3
conference,3
towards,3
manifestation,3
good,3
sake,3
few,3
christians,3
rest,3
second,3
situation,3
demand,3
equality,3
brings,3
serve,3
mission,3
message,3
name,3
mediation,3
speaks,3
powerless,3
larger,3
personal,3
patterns,3
outside,3
paris,3
manner,3
existing,3
answer,3
council,3
duties,3
free,3
asian,3
real,3
immeasurably,3
collaboration,3
would,3
after,3
lose,3
often,3
sight,3
seeking,3
looks,3
twofold,3
where,3
aid,3
me,3
been,3
fully,3
lines,3
transformation,3
education,3
eschatology,3
ever,3
loving,3
dimension,3
over,3
roman,3
universal,3
build,3
historical,3
affirm,3
particular,3
subject,3
allows,3
msgr,3
conditions,3
need,3
speak,3
c,3
traditional,3
building,3
col,3
doing,3
manila,3
formulated,2
respected,2
done,2
along,2
concerned,2
indicated,2
worthy,2
ultimate,2
introduction,2
exigent,2
encyclical,2
word,2
solidarity,2
spirit,2
undertaken,2
laid,2
contexts,2
intentions,2
give,2
actualized,2
ourselves,2
nature,2
peruvians,2
words,2
unjust,2
knowing,2
advantage,2
apostolicam,2
poverty,2
rodhain,2
organizes,2
humanization,2
last,2
written,2
priest,2
context,2
papers,2
catastrophes,2
collaborate,2
particularly,2
addresses,2
shapers,2
capable,2
possible,2
condition,2
hungry,2
powers,2
utmost,2
establishes,2
enter,2
promises,2
gustavo,2
singled,2
labor,2
fullness,2
dependence,2
relationships,2
decree,2
bent,2
realized,2
integral,2
lebret,2
stained,2
turn,2
apostolate,2
unity,2
perspective,2
subjects,2
contrary,2
deed,2
cardinal,2
publications,2
compel,2
coutinho,2
vincent,2
even,2
look,2
understood,2
opposed,2
york,2
act,2
purely,2
remain,2
myself,2
laity,2
parents,2
rescue,2
special,2
distant,2
lay,2
awareness,2
references,2
send,2
university,2
gradually,2
initiative,2
ful,2
requires,2
absolute,2
gutierrez,2
greater,2
came,2
whom,2
progressif,2
could,2
found,2
begun,2
called,2
joy,2
access,2
pass,2
further,2
cultural,2
receive,2
affirms,2
heaven,2
persons,2
however,2
wants,2
briefly,2
shape,2
theological,2
line,2
planning,2
gospel,2
appeals,2
tercentenary,2
heart,2
london,2
aspirations,2
citation,2
somewhere,2
rene,2
approach,2
citing,2
change,2
adveniens,2
field,2
destiny,2
quite,2
research,2
progress,2
st,2
proper,2
structuring,2
transforming,2
eternal,2
matter,2
scientific,2
action,2
indeed,2
techniques,2
wait,2
forward,2
renewed,2
april,2
oppressed,2
seemingly,2
religious,2
theologians,2
secretariat,2
once,2
octogésima,2
makes,2
read,2
technology,2
participants,2
summing,2
home,2
complete,2
purity,2
challenge,2
amour,2
many,2
efforts,2
fundamental,2
documents,2
grows,2
end,2
brotherhood,2
secular,2
developing,2
necessary,2
spoke,2
disparity,2
perhaps,2
explicitly,2
discussion,2
thirst,2
ateneo,2
conceived,2
causes,2
raising,2
biblical,2
points,2
times,2
someone,2
fellow,2
fr,2
ve,2
intrinsic,2
thomas,2
favored,2
article,2
systems,2
actuositatem,2
gaudium,2
selfishness,2
increasing,2
provide,2
bound,2
pieces,2
verghese,2
health,2
seen,2
bears,2
contribution,2
delicacy,2
methods,2
actualization,2
expectations,2
analysis,2
cease,2
growing,2
redemptive,2
accordance,2
changing,2
theme,2
totality,2
natural,2
continental,2
par,2
commission,2
theology,2
brazil,2
goods,2
enlarged,2
february,2
selfhood,2
born,2
jean,2
economy,2
whether,2
terms,2
making,2
problem,2
her,2
secure,2
des,2
burden,2
lindbeck,2
necessity,2
recipients,2
content,2
role,2
november,2
duty,2
turns,2
pole,2
technological,2
tell,2
quest,2
scm,2
dangerous,2
course,2
move,2
instead,2
include,2
realism,2
affirmation,2
asked,2
effects,2
off,2
area,2
exclusively,2
much,2
recent,2
beings,2
cross,2
meeting,2
workings,2
thorough,2
adulthood,1
être,1
humanism,1
struggle,1
obligations,1
accomplish,1
miséricorde,1
fathers,1
limits,1
declared,1
lubac,1
later,1
rev,1
develops,1
arevalo,1
effected,1
perspectivas,1
generous,1
till,1
alphonse,1
extreme,1
tou,1
legitimate,1
arrive,1
protesta,1
presses,1
announced,1
poorer,1
distributed,1
group,1
becoming,1
reflection,1
vize,1
discover,1
integrity,1
doses,1
fate,1
symbolize,1
insertion,1
forgiveness,1
philippe,1
sets,1
h,1
straightening,1
completely,1
sudden,1
compilation,1
selbsterloesung,1
conscious,1
satisfied,1
incidentally,1
doled,1
acceptance,1
oppressive,1
earnest,1
harsh,1
inequality,1
individually,1
cit,1
tells,1
feels,1
meaningless,1
changeable,1
rome,1
footing,1
prosperous,1
realisme,1
rising,1
member,1
cast,1
lame,1
gap,1
t,1
permit,1
sources,1
wrong,1
long,1
certainly,1
creation,1
production,1
derives,1
quoting,1
evolution,1
proud,1
restoration,1
attempt,1
progression,1
sensus,1
promoting,1
emerged,1
freely,1
j,1
episcopal,1
seems,1
editions,1
hong,1
possibilities,1
saves,1
immense,1
reach,1
shaped,1
attractive,1
copy,1
dikaiosune,1
broken,1
lessen,1
pes,1
simple,1
skies,1
confusion,1
thank,1
richards,1
arises,1
achievement,1
confront,1
transferred,1
reveal,1
products,1
lasting,1
swanstrom,1
maurice,1
faithful,1
loose,1
infinitely,1
glory,1
respond,1
precisely,1
raised,1
doc,1
deriving,1
creativity,1
ours,1
item,1
signs,1
checked,1
worldwide,1
system,1
surpasses,1
british,1
paying,1
empty,1
hating,1
generosity,1
narrower,1
crucified,1
existence,1
dr,1
protagonists,1
roy,1
gaps,1
key,1
madinier,1
capacity,1
motion,1
histoire,1
bases,1
u,1
drink,1
america,1
march,1
design,1
bccause,1
laurent,1
prior,1
implies,1
activity,1
reaching,1
mutual,1
consciousness,1
october,1
pronouncements,1
insight,1
occupy,1
oneness,1
magnificat,1
taking,1
restless,1
thrones,1
headed,1
conceptual,1
disparities,1
resources,1
laws,1
dynamic,1
vocation,1
apply,1
persecuted,1
awaits,1
lxiii,1
personalization,1
prevented,1
toi,1
sign,1
redounds,1
realizing,1
dublin,1
brothersour,1
throughout,1
braaten,1
review,1
ronald,1
totalitarian,1
surely,1
historically,1
despairing,1
facts,1
hammock,1
immediate,1
utter,1
due,1
cognizant,1
magistra,1
g,1
dei,1
exiled,1
slattery,1
recurs,1
brother,1
issued,1
pay,1
seeming,1
agitation,1
kind,1
guided,1
tam,1
misconception,1
gani,1
wander,1
saved,1
clark,1
underlying,1
evident,1
realisation,1
profound,1
honesty,1
holds,1
graphically,1
applying,1
drives,1
despair,1
converging,1
conceit,1
humaine,1
consequently,1
fortifies,1
apparently,1
cosmic,1
occasion,1
delivered,1
incarnation,1
redeem,1
block,1
plant,1
grasp,1
ecumenical,1
bogart,1
perfect,1
distribution,1
ze,1
seventh,1
civilization,1
interesting,1
sample,1
philadelphia,1
manipulated,1
adequate,1
infringing,1
understands,1
likeness,1
commutative,1
hopes,1
resists,1
statements,1
english,1
homo,1
destroy,1
aimed,1
lavishness,1
stop,1
edward,1
adapt,1
sort,1
breadth,1
basic,1
landscape,1
selflessness,1
pascal,1
organize,1
notion,1
subsistence,1
bond,1
knew,1
ills,1
active,1
goes,1
deprived,1
legal,1
humanity,1
personhood,1
parts,1
hearing,1
institutionalized,1
revelation,1
study,1
enabled,1
oversimplified,1
reforms,1
publicaciones,1
scattered,1
fulfill,1
reason,1
understand,1
sightless,1
vastly,1
plus,1
distributive,1
servants,1
forget,1
underdeveloped,1
les,1
organization,1
sorts,1
established,1
placarded,1
actualizing,1
bursts,1
evolved,1
lima,1
sick,1
sum,1
days,1
n,1
house,1
preoccupation,1
weak,1
prevent,1
situations,1
inhuman,1
racing,1
juergen,1
follow,1
statement,1
peru,1
efficient,1
linkage,1
surmise,1
facing,1
obstacles,1
position,1
exploitation,1
instance,1
permanent,1
terris,1
care,1
pity,1
footnote,1
constitution,1
thrust,1
misericorde,1
character,1
moving,1
standards,1
result,1
root,1
rerum,1
arrival,1
allow,1
zeit,1
appearance,1
histories,1
medicine,1
search,1
pulse,1
effort,1
lived,1
objectives,1
economics,1
estudios,1
aas,1
eat,1
burst,1
reverence,1
term,1
acquiring,1
politique,1
pure,1
equally,1
furthermore,1
urgent,1
though,1
circular,1
novarum,1
gill,1
tools,1
earthquake,1
obedience,1
meet,1
eychaner,1
excellent,1
otherwise,1
wealth,1
equals,1
placed,1
spiritual,1
guarantee,1
required,1
wide,1
creates,1
directly,1
technical,1
reacting,1
paschal,1
stimmen,1
christianity,1
periodical,1
keeping,1
feeding,1
betrayed,1
perpetuated,1
believable,1
clarke,1
homini,1
writers,1
decisions,1
overturn,1
unless,1
distinctively,1
brought,1
fosters,1
advancement,1
purpose,1
gallet,1
training,1
reserve,1
knowledge,1
related,1
nation,1
bettering,1
shocking,1
insert,1
instinctive,1
place,1
editorial,1
literally,1
constitute,1
relevance,1
concentrate,1
mentioning,1
lady,1
emancipation,1
forces,1
bishop,1
periti,1
systematic,1
showing,1
tears,1
won,1
stead,1
solidaridad,1
bearer,1
weeks,1
regions,1
creating,1
least,1
ambit,1
miseries,1
shaping,1
deepens,1
involve,1
lowly,1
emphasizes,1
arbitrary,1
event,1
involved,1
specifically,1
bea,1
family,1
small,1
calling,1
autonomy,1
meshes,1
achutegui,1
june,1
accomplished,1
wider,1
concerns,1
bridge,1
grow,1
breaking,1
dramatic,1
essentially,1
missio,1
always,1
majority,1
fortress,1
productivity,1
paid,1
interchange,1
roots,1
notes,1
unduly,1
value,1
collocated,1
displaced,1
compels,1
suggest,1
reducing,1
overturns,1
commensurate,1
cite,1
f,1
therefore,1
eternity,1
kindness,1
responsibly,1
separatist,1
privation,1
absence,1
practices,1
various,1
steadily,1
gabriel,1
plenitude,1
identified,1
mechanisms,1
grands,1
henri,1
subversive,1
spiriťs,1
heads,1
apostolat,1
motivated,1
crippled,1
acknowledged,1
anniversary,1
commit,1
certaincarevi,1
july,1
still,1
starve,1
alms,1
expanded,1
indicates,1
earthquakes,1
resurrection,1
echo,1
put,1
tends,1
bread,1
blush,1
spoken,1
prolongation,1
moltmann,1
criticism,1
floods,1
housing,1
underdevelopment,1
clergy,1
seeing,1
under,1
combat,1
index,1
luke,1
puzzle,1
transformations,1
light,1
assistance,1
collectively,1
arcs,1
knocked,1
teaching,1
friendship,1
dialectical,1
scriptures,1
upright,1
charté,1
already,1
hunger,1
begins,1
resented,1
increasingly,1
speaking,1
truncated,1
doitelle,1
published,1
harper,1
double,1
useful,1
tries,1
evangile,1
needy,1
members,1
arêvalo,1
laurentin,1
french,1
law,1
book,1
technique,1
junked,1
think,1
mighty,1
again,1
ended,1
available,1
extention,1
deserves,1
similarly,1
responsibilities,1
ask,1
harmonious,1
growth,1
tremendous,1
added,1
financial,1
wanting,1
goetmann,1
calvez,1
release,1
cultivated,1
drumbeat,1
longer,1
lack,1
consideration,1
collar,1
areas,1
creative,1
plan,1
theou,1
milestone,1
ought,1
choice,1
striving,1
condensed,1
illich,1
discussed,1
dependencies,1
serious,1
readers,1
hand,1
v,1
discussing,1
consummation,1
hierarch,1
purposes,1
accepted,1
receives,1
structural,1
michael,1
practice,1
norms,1
banner,1
recognizes,1
books,1
socialization,1
style,1
plenior,1
sow,1
encountered,1
realize,1
ibid,1
reminds,1
devourer,1
forcefully,1
dragged,1
submit,1
kong,1
earnestness,1
another,1
original,1
deaf,1
classes,1
mean,1
greatest,1
missionary,1
churches,1
rio,1
eucharist,1
background,1
completed,1
renders,1
diverted,1
represented,1
servant,1
collections,1
sixth,1
individuality,1
interrelation,1
louis,1
concern,1
top,1
lvii,1
honorable,1
ordering,1
significant,1
pacent,1
food,1
largely,1
transcendent,1
francis,1
calamitous,1
congress,1
tthe,1
aside,1
processes,1
services,1
continue,1
embark,1
initiatives,1
paradigmatically,1
described,1
uniqueness,1
trade,1
open,1
substitutes,1
quotation,1
enlargement,1
directed,1
stress,1
sensitivity,1
publication,1
express,1
laurentius,1
obtaining,1
passe,1
dominated,1
recipient,1
august,1
held,1
arouse,1
liberate,1
revised,1
foť,1
innermost,1
period,1
liberación,1
fidelity,1
function,1
puno,1
mount,1
risen,1
static,1
worldly,1
magna,1
filled,1
improved,1
fred,1
abundant,1
provides,1
adequately,1
proclaim,1
conclusions,1
discarded,1
problems,1
k,1
arise,1
transcendence,1
realm,1
reads,1
brunner,1
preston,1
incompatible,1
unites,1
axe,1
january,1
artisans,1
sharper,1
christus,1
conscience,1
translate,1
slightly,1
dividing,1
macmillan,1
anger,1
destruction,1
summarized,1
egoistic,1
famine,1
engagement,1
professional,1
selfsufficient,1
regimes,1
vain,1
concerted,1
limiting,1
conflict,1
immanentism,1
enough,1
parish,1
depth,1
accepting,1
arriving,1
broadens,1
groupings,1
committed,1
circle,1
geschenkte,1
declaration,1
hemming,1
perspectives,1
note,1
prodigality,1
interdependent,1
rephrase,1
meets,1
george,1
sometimes,1
crucial,1
erase,1
five,1
gigantic,1
vx,1
sings,1
employment,1
begin,1
resistant,1
urges,1
hsu,1
institutions,1
un,1
insist,1
transformed,1
translation,1
force,1
began,1
effectively,1
recognize,1
try,1
why,1
responsible,1
construction,1
continually,1
catechism,1
sharers,1
endure,1
beatae,1
orient,1
grounded,1
freeing,1
considered,1
increased,1
door,1
matters,1
addressed,1
hearts,1
sections,1
proof,1
environment,1
presidency,1
share,1
seriously,1
exercised,1
rarely,1
thinking,1
ordered,1
material,1
preface,1
teologia,1
conclusion,1
shout,1
meted,1
version,1
form,1
consider,1
complexes,1
agents,1
lupus,1
economically,1
celebrant,1
known,1
objects,1
constructed,1
mortal,1
unhoping,1
carl,1
pontifical,1
sciences,1
organizational,1
goďs,1
der,1
evade,1
hanging,1
principle,1
control,1
finance,1
interpersonal,1
worth,1
nobility,1
december,1
relieve,1
setting,1
seem,1
believe,1
flowing,1
best,1
deprivation,1
bomfin,1
regard,1
assignments,1
report,1
croix,1
modality,1
expresses,1
nouvelles,1
associations,1
going,1
distinctive,1
placing,1
proposed,1
passage,1
emerges,1
advances,1
places,1
selfredemption,1
subordinate,1
following,1
mimeographed,1
knows,1
william,1
according,1
day,1
reign,1
regulates,1
rose,1
wholeing,1
offering,1
ones,1
want,1
bend,1
add,1
arousing,1
pains,1
mere,1
novelty,1
limbs,1
while,1
divinely,1
healthy,1
produce,1
voice,1
information,1
fling,1
wrongs,1
suggests,1
urban,1
calamities,1
ivan,1
gratitude,1
emergent,1
careful,1
orbis,1
entrance,1
doles,1
recognition,1
ill,1
met,1
little,1
conclude,1
decisive,1
introduced,1
centro,1
hurried,1
intended,1
transition,1
encounter,1
demanding,1
clothing,1
aspect,1
childhood,1
unconditionally,1
pobreza,1
chile,1
ultimately,1
annihilation,1
argument,1
touch,1
lists,1
totalities,1
years,1
annunciation,1
reveals,1
passionis,1
righteousness,1
functions,1
finding,1
paradigm,1
leper,1
guest,1
reciprocity,1
integrated,1
destinies,1
charta,1
consumption,1
socially,1
defines,1
guiding,1
france,1
cerf,1
limitations,1
remains,1
definitive,1
roughly,1
specific,1
papal,1
artisan,1
removed,1
passages,1
assumed,1
spes,1
fellows,1
elites,1
justify,1
mater,1
chicago,1
afield,1
individualistic,1
obligation,1
sharing,1
janeiro,1
participant,1
readied,1
souls,1
images,1
row,1
seek,1
prison,1
ends,1
grace,1
digest,1
leitmotif,1
lxii,1
sent,1
fostering,1
built,1
kenosis,1
embraces,1
eagerly,1
discern,1
