WORDCOUNTS,WEIGHT
the,965
of,656
and,277
to,275
in,269
family,234
a,223
that,145
love,139
was,115
s,96
as,96
reformers,83
for,77
by,70
their,63
be,61
at,58
this,58
england,58
with,58
had,56
were,55
familists,49
not,47
it,46
from,46
on,45
have,44
they,43
an,43
which,38
who,38
against,37
he,37
london,36
elizabeth,36
his,35
english,33
church,32
rogers,30
h,30
n,30
also,30
knewstub,29
its,28
sect,28
or,28
been,28
is,28
them,28
court,26
religious,26
catholic,25
conservative,24
horrible,24
but,24
more,24
attacks,24
puritans,24
one,23
could,23
all,22
state,22
threat,22
john,22
period,22
familist,22
godded,22
even,21
familism,21
while,21
no,20
queen,20
sig,20
secte,20
grindal,20
some,19
may,19
only,19
moss,18
sixteenth,18
enemies,18
elizabethan,18
themselves,18
religion,17
most,17
confutation,17
council,17
works,17
other,16
there,16
these,16
many,16
new,16
into,15
university,15
same,15
held,15
are,15
both,15
press,15
cambridge,15
fol,15
later,14
such,14
than,14
marsh,14
during,14
puritan,14
catholicism,14
privy,13
conservatives,13
bishop,13
beliefs,13
after,12
attack,12
two,12
upon,12
known,12
her,12
although,12
early,12
struggle,11
policy,11
position,11
carter,11
those,11
robert,11
october,11
century,11
sin,11
journal,11
catholics,11
view,11
however,11
own,11
god,11
ed,11
reformed,11
time,11
man,11
years,11
claimed,11
did,11
between,11
faction,11
political,10
point,10
ely,10
danger,10
out,10
radical,10
well,10
when,10
salvation,10
members,10
so,10
seen,10
any,10
our,10
sought,9
thus,9
sectarian,9
doctrine,9
appear,9
found,9
charke,9
because,9
good,9
xxxvii,9
christ,9
godly,9
discovery,9
martin,9
foreign,9
began,9
anabaptists,9
reign,9
whitgift,9
campaign,9
e,8
archbishop,8
might,8
wilkinson,8
epistle,8
influence,8
without,8
established,8
leicester,8
prominent,8
has,8
will,8
indeed,8
others,8
death,8
men,8
do,8
collinson,8
christopher,8
thomas,8
become,8
we,8
beginning,8
evidence,8
way,7
group,7
true,7
history,7
before,7
first,7
t,7
stubbs,7
within,7
attacked,7
himself,7
letter,7
would,7
authority,7
york,7
suffolk,7
late,7
possibility,7
imprisoned,7
work,7
civil,7
several,7
actions,7
predestination,7
about,7
hamilton,7
defense,7
like,7
dangerous,7
papists,7
can,7
centuryjournal,7
con,7
believed,7
familie,7
among,7
should,7
now,6
posed,6
i,6
unto,6
guards,6
activity,6
election,6
radicals,6
james,6
r,6
year,6
dedicatorie,6
least,6
tudor,6
st,6
pope,6
heresies,6
april,6
reforming,6
yet,6
under,6
book,6
appeared,6
end,6
enough,6
belief,6
number,6
free,6
increase,6
apology,6
suspected,6
force,6
why,6
very,6
argues,6
you,6
reformation,6
given,6
sympathetic,5
additionally,5
former,5
suspension,5
context,5
sects,5
marked,5
apc,5
heretical,5
stow,5
author,5
marriage,5
guard,5
menace,5
preachers,5
humanity,5
just,5
opponents,5
further,5
viewed,5
public,5
cambridgeshire,5
either,5
decline,5
parliament,5
condemned,5
up,5
society,5
survived,5
service,5
movement,5
positive,5
already,5
social,5
paul,5
ebel,5
assault,5
books,5
anjou,5
another,5
made,5
three,5
earlier,5
bishops,5
january,5
continued,5
fear,5
life,5
fall,5
contained,5
persecution,5
conclusion,5
downfall,5
over,5
cox,5
down,5
domestic,5
tracts,5
growing,5
william,5
references,5
cause,5
through,5
became,5
goals,5
debate,5
cross,5
niclaes,5
major,5
difficult,4
does,4
stuart,4
perfection,4
perfect,4
nature,4
height,4
great,4
nonconformity,4
hostility,4
hostile,4
issue,4
matthew,4
reaction,4
sectarians,4
since,4
warned,4
factions,4
heresy,4
dietz,4
certain,4
spirit,4
mary,4
too,4
ministers,4
seale,4
traitors,4
protestant,4
result,4
called,4
scotland,4
war,4
scripture,4
having,4
feared,4
published,4
elect,4
around,4
acts,4
world,4
sermon,4
brief,4
still,4
make,4
oxford,4
lord,4
intense,4
power,4
towards,4
conformity,4
took,4
see,4
use,4
largely,4
francis,4
actual,4
norwich,4
real,4
allowed,4
edmund,4
claiming,4
attention,4
separate,4
monstrous,4
basilikon,4
attacking,4
displaying,4
responsible,4
existed,4
ing,4
vi,4
wicked,4
yeomen,4
dangers,4
whether,4
making,4
rebellion,4
ceased,4
don,4
peace,4
tried,4
target,4
maintained,4
come,4
false,4
accept,4
opinions,4
france,4
confession,4
potential,4
reached,4
cockfield,4
much,4
clerics,4
appealed,3
common,3
if,3
created,3
heaven,3
marian,3
preach,3
maccaffrey,3
word,3
live,3
sudden,3
divers,3
censure,3
duke,3
royal,3
holding,3
proclamation,3
knollys,3
being,3
sources,3
long,3
certainly,3
conflict,3
able,3
take,3
konnert,3
faithful,3
committed,3
replie,3
side,3
recorded,3
east,3
gaping,3
beth,3
right,3
indirectly,3
sent,3
along,3
wallace,3
exist,3
learned,3
prophesyings,3
human,3
denying,3
lon,3
immediate,3
brother,3
individual,3
self,3
clark,3
ithaca,3
response,3
six,3
ecclesiastical,3
truly,3
died,3
shall,3
critics,3
process,3
knew,3
outward,3
heard,3
ongoing,3
means,3
house,3
age,3
especially,3
imprisonment,3
bourne,3
opinion,3
strength,3
tudors,3
appears,3
persons,3
counties,3
directly,3
hartley,3
received,3
part,3
knowledge,3
apparent,3
place,3
people,3
legislation,3
anglia,3
norfolk,3
hatton,3
walsingham,3
order,3
settlement,3
small,3
popery,3
pelagians,3
notes,3
seemed,3
warwick,3
play,3
parker,3
doron,3
reference,3
read,3
thought,3
rectory,3
challenged,3
included,3
home,3
eliza,3
williams,3
rise,3
french,3
law,3
devon,3
addition,3
treatment,3
reform,3
contemporary,3
golden,3
v,3
renaissance,3
practice,3
sir,3
nothing,3
netherlands,3
clear,3
discovered,3
points,3
burnt,3
spread,3
summer,3
distinction,3
kept,3
favored,3
article,3
successor,3
teach,3
probably,3
canterbury,3
lawrence,3
parsons,3
wilson,3
hell,3
jesuits,3
articles,3
joseph,3
considered,3
ordered,3
must,3
simply,3
conserva,3
particularly,3
written,3
associated,3
reflected,3
quoted,3
elders,3
merely,3
perfectionist,3
extent,3
studying,3
conference,3
presented,3
preached,3
protestants,3
teachings,3
mention,3
diocese,3
copies,3
romsey,3
ascendancy,3
charged,3
abroad,3
recent,3
freke,3
fulke,2
final,2
huntington,2
mostly,2
o,2
declared,2
concerned,2
implying,2
tion,2
groups,2
xxxvij,2
succession,2
forth,2
heal,2
denied,2
prince,2
studies,2
committee,2
unlike,2
cornell,2
hayes,2
anti,2
said,2
reprinted,2
every,2
letters,2
concentrated,2
assist,2
perfectionism,2
editions,2
sup,2
leading,2
reasons,2
ben,2
government,2
concludes,2
help,2
damnable,2
supplication,2
existence,2
king,2
realme,2
libel,2
account,2
suppress,2
affirming,2
felt,2
possible,2
determined,2
pretend,2
ings,2
richard,2
variations,2
establishment,2
stub,2
bill,2
certen,2
punishing,2
weakened,2
hierarchy,2
g,2
divine,2
relatively,2
jewel,2
kind,2
errours,2
bookes,2
hendrik,2
subjects,2
served,2
jonson,2
compared,2
third,2
sword,2
publications,2
arians,2
look,2
dyos,2
subversive,2
ers,2
loyal,2
opposed,2
sigs,2
felicity,2
puritanes,2
hopes,2
bring,2
l,2
portrayed,2
how,2
edward,2
sort,2
match,2
cecil,2
bateman,2
deprived,2
saints,2
direct,2
peer,2
echoed,2
reforms,2
feel,2
reason,2
suppression,2
rumors,2
grosse,2
wanted,2
possibly,2
organization,2
dated,2
clearly,2
reformer,2
edition,2
threatening,2
nor,2
placed,2
argued,2
four,2
kingdon,2
always,2
bedford,2
erroneous,2
dominant,2
mo,2
helped,2
m,2
contrary,2
contention,2
came,2
lead,2
whom,2
questioned,2
politicization,2
treason,2
shared,2
destined,2
pass,2
isle,2
struggles,2
polemics,2
sandys,2
cannot,2
russell,2
spiritual,2
your,2
scriptures,2
prayer,2
representatives,2
throne,2
used,2
clarke,2
conscience,2
claim,2
county,2
suspicion,2
secret,2
related,2
realm,2
worrisome,2
concentrate,2
aylmer,2
schwartz,2
believes,2
wil,2
interpreted,2
foes,2
conform,2
connections,2
strongest,2
following,2
hidden,2
errors,2
earth,2
commons,2
accused,2
pearse,2
accuse,2
sufficient,2
eleven,2
june,2
wider,2
research,2
christians,2
visible,2
doctrines,2
negligence,2
finds,2
naming,2
therefore,2
second,2
transform,2
situation,2
minor,2
conforming,2
condemnation,2
matter,2
rome,2
poole,2
cessation,2
wrote,2
infamous,2
labeled,2
exile,2
surviving,2
targeted,2
umphed,2
heretics,2
once,2
chronicle,2
j,2
commonwealth,2
reports,2
increasingly,2
starting,2
name,2
successfully,2
mentions,2
mark,2
rumored,2
put,2
printing,2
smith,2
efforts,2
choice,2
teachers,2
imperfect,2
favorite,2
hand,2
manner,2
where,2
existing,2
less,2
answer,2
spring,2
perhaps,2
distance,2
threats,2
gives,2
cleric,2
demonstrated,2
crown,2
admits,2
explanation,2
encouraged,2
significant,2
pamphlets,2
individuals,2
sees,2
congregation,2
dismissed,2
charge,2
margaret,2
directed,2
authors,2
highlight,2
rehersall,2
him,2
high,2
last,2
joined,2
never,2
servative,2
behind,2
vitel,2
looked,2
attracted,2
versus,2
saw,2
tendency,2
quarterly,2
vain,2
libertinism,2
justice,2
calvin,2
dealing,2
indication,2
recommitted,2
figure,2
begin,2
sympathy,2
outburst,2
ordering,2
recognize,2
literacy,2
inspired,2
composed,2
elder,2
itself,2
confessed,2
swallowed,2
then,2
historian,2
staunch,2
ever,2
goddes,2
set,2
continental,2
connection,2
historians,2
believe,2
printed,2
luther,2
loyalty,2
job,2
perfectly,2
sermons,2
february,2
turned,2
vehement,2
jean,2
what,2
proceedings,2
month,2
professors,2
dedicated,2
tending,2
chaderton,2
shakespeare,2
local,2
abruptly,2
tives,2
lenient,2
suggests,2
w,2
cath,2
popular,2
tri,2
show,2
role,2
november,2
ignorant,2
went,2
tions,2
until,2
radicalism,2
roots,2
campion,2
write,2
sectaries,2
ended,2
instead,2
puritanism,2
land,2
provided,2
anonymous,2
era,2
create,2
fears,2
gulf,2
heir,2
seek,2
building,2
leaden,2
kirsop,2
perception,2
ungodly,1
nicholas,1
heretiques,1
unorthodoxy,1
ments,1
go,1
esies,1
sharpe,1
possessed,1
respected,1
done,1
doubts,1
cunningly,1
discoverie,1
anthony,1
estate,1
crypto,1
cent,1
threatened,1
stood,1
opponent,1
faced,1
mystical,1
truth,1
peaceful,1
career,1
engendered,1
grievous,1
resulted,1
college,1
struggled,1
determine,1
intriguing,1
asset,1
alone,1
introduction,1
mar,1
croft,1
booty,1
notably,1
manuscript,1
pushed,1
nazarene,1
germany,1
identifies,1
conversion,1
center,1
needed,1
mounted,1
carthcart,1
saved,1
approved,1
therewith,1
magnify,1
properly,1
identify,1
tend,1
essays,1
merged,1
disciples,1
blessing,1
library,1
ditional,1
reac,1
reprobate,1
rounded,1
sinister,1
patriarch,1
jonathan,1
ayre,1
fault,1
favor,1
delusions,1
better,1
wolf,1
weaker,1
personally,1
catholikes,1
earnest,1
protection,1
moting,1
allies,1
total,1
whenjesuits,1
avow,1
tory,1
detailing,1
contrasted,1
viewpoints,1
something,1
induced,1
savior,1
arguing,1
acquainted,1
causes,1
princeton,1
chief,1
practices,1
turning,1
women,1
hoping,1
efficacy,1
negative,1
experience,1
lower,1
december,1
principle,1
else,1
morton,1
porters,1
stressed,1
beneficial,1
cv,1
failing,1
lightly,1
modest,1
titles,1
venomous,1
parliamentary,1
wool,1
concur,1
countie,1
assail,1
chronicles,1
devonshire,1
exaggerated,1
give,1
attempts,1
taken,1
indicated,1
evaporated,1
religions,1
disturbance,1
represented,1
humans,1
artificially,1
enscombe,1
marshallsea,1
official,1
majesty,1
episcopal,1
seems,1
words,1
containing,1
divinity,1
cial,1
reach,1
attractive,1
available,1
copy,1
explores,1
selfe,1
yorkshire,1
advantage,1
broken,1
daily,1
undertake,1
disproportionate,1
confirming,1
timing,1
potentially,1
nineteen,1
prisons,1
fruits,1
studied,1
ences,1
quiescent,1
hundred,1
heere,1
wore,1
locality,1
environ,1
kingdom,1
vic,1
nationalism,1
emblem,1
search,1
sep,1
impo,1
embrace,1
toleration,1
improved,1
improving,1
priest,1
limited,1
remainder,1
henry,1
bate,1
lennox,1
ary,1
polit,1
marnrage,1
stopped,1
claren,1
similarities,1
sound,1
ily,1
proceed,1
eminent,1
gious,1
dismissal,1
key,1
christjesus,1
dir,1
ofan,1
translations,1
explana,1
sexual,1
draw,1
march,1
admonitions,1
jus,1
defendeth,1
struggling,1
opened,1
seduulitas,1
recommended,1
politics,1
unspotted,1
ered,1
reply,1
shame,1
furor,1
countess,1
holiness,1
clerke,1
doth,1
alarm,1
west,1
occurring,1
adjudged,1
far,1
magistrate,1
household,1
negotiation,1
mat,1
cided,1
prevented,1
engage,1
childbearing,1
sign,1
separating,1
kinson,1
schocken,1
succeed,1
optimism,1
daughters,1
err,1
reprobates,1
soteriology,1
therein,1
throughout,1
selves,1
married,1
explained,1
severe,1
reputation,1
inevitable,1
calculated,1
translating,1
due,1
continuance,1
faniily,1
scarce,1
becoming,1
authoritative,1
characteristic,1
ability,1
large,1
moment,1
relations,1
riage,1
portray,1
swarm,1
sympathized,1
club,1
issued,1
highlighting,1
walter,1
heightened,1
amplie,1
writ,1
ranters,1
supremacy,1
assured,1
mild,1
extensively,1
expected,1
admitted,1
vanished,1
arena,1
josias,1
forced,1
dis,1
thing,1
bacon,1
aligned,1
congregations,1
sanders,1
elements,1
maintaining,1
alchemist,1
old,1
lax,1
frustrating,1
refer,1
concerning,1
licentious,1
amount,1
body,1
defamed,1
merit,1
commnission,1
bemoaned,1
ample,1
repress,1
allowing,1
dates,1
foresaid,1
filia,1
defensive,1
find,1
chaplains,1
obscure,1
seal,1
rufus,1
preserving,1
embarrassing,1
pos,1
patrons,1
hmso,1
apparently,1
perfectionists,1
sister,1
wounded,1
vile,1
adult,1
jones,1
bills,1
savage,1
derided,1
sition,1
tained,1
popish,1
incarnation,1
acknowledge,1
join,1
salve,1
stanley,1
build,1
gates,1
ment,1
sympathetically,1
poorly,1
horrified,1
fasting,1
failed,1
seventh,1
behave,1
steps,1
pelagius,1
geneva,1
philadelphia,1
catharists,1
testimony,1
predetennined,1
catholi,1
tar,1
alastair,1
homo,1
troubled,1
across,1
essence,1
tists,1
remain,1
ironic,1
aggressive,1
affairs,1
antagonistic,1
levels,1
culminating,1
patronage,1
bore,1
mean,1
rather,1
active,1
laity,1
signaled,1
opportunity,1
lewde,1
edwin,1
associate,1
turn,1
unity,1
balanced,1
strange,1
tan,1
ofgrosse,1
jesuit,1
commend,1
distant,1
white,1
earl,1
awareness,1
practicing,1
scattered,1
extremes,1
olics,1
shell,1
proclaimed,1
lose,1
rising,1
eighteen,1
lives,1
walsing,1
branded,1
menial,1
attende,1
conformed,1
gener,1
agrees,1
servants,1
tensions,1
consider,1
invey,1
blameless,1
tiques,1
raged,1
familiar,1
spreading,1
hassock,1
branch,1
guadam,1
smuggled,1
intrinsically,1
almost,1
hotter,1
negotia,1
days,1
population,1
weak,1
calendar,1
trinitarian,1
cousins,1
outspoken,1
prolocutor,1
commonly,1
combat,1
hoped,1
ally,1
ace,1
powerful,1
ques,1
surface,1
pains,1
crosse,1
calvinist,1
derby,1
efficient,1
followed,1
miinster,1
notions,1
punishable,1
oppression,1
hereafter,1
blatant,1
dlv,1
important,1
suggested,1
providing,1
decades,1
cut,1
whipped,1
oblique,1
elye,1
upsurge,1
perceive,1
conflicts,1
evidenced,1
regenerate,1
fortable,1
keyes,1
expressed,1
arrived,1
remembered,1
divines,1
acceptable,1
antiepiscopal,1
walk,1
allow,1
blamed,1
tra,1
appearance,1
medicine,1
method,1
viewpoint,1
demise,1
begun,1
hands,1
speeches,1
hav,1
herewith,1
strongly,1
purifying,1
householders,1
lived,1
conspicuous,1
patrick,1
learnedness,1
grindleton,1
primacy,1
atheism,1
noting,1
amer,1
emerge,1
captured,1
vigorous,1
preacher,1
ican,1
philosophical,1
representative,1
secretly,1
term,1
punishment,1
mist,1
pure,1
pro,1
heirs,1
supporters,1
founder,1
understood,1
though,1
cultural,1
equal,1
weeded,1
effective,1
blow,1
parliaments,1
silence,1
witnessed,1
cism,1
leonard,1
indirect,1
province,1
milton,1
produced,1
wholesome,1
reacting,1
obedience,1
applied,1
excellent,1
younger,1
scale,1
record,1
ford,1
perform,1
saving,1
absolute,1
explain,1
abhominable,1
taught,1
opposition,1
revived,1
duly,1
ods,1
scene,1
coin,1
information,1
aspects,1
kitchen,1
undermined,1
failure,1
christianity,1
nichols,1
suspended,1
tempt,1
nelson,1
ofjames,1
julia,1
closed,1
planning,1
gospel,1
writers,1
cardinals,1
overturn,1
huntston,1
imagined,1
unless,1
stake,1
combating,1
story,1
laxity,1
arianism,1
competing,1
kristen,1
calls,1
accurseth,1
nation,1
supreme,1
romish,1
experiencing,1
millenarians,1
ten,1
surprise,1
lovely,1
bible,1
gregorian,1
gave,1
describe,1
island,1
older,1
fail,1
policies,1
literally,1
inspire,1
records,1
officers,1
gulfwhereinto,1
actually,1
apotheosis,1
enform,1
rashly,1
friend,1
call,1
advertising,1
doors,1
publish,1
ously,1
conferre,1
rector,1
capacities,1
alan,1
ter,1
status,1
assembly,1
concurrent,1
escalated,1
attributed,1
bridgeshire,1
refuse,1
tioned,1
signing,1
remember,1
nents,1
esteem,1
arise,1
correct,1
successful,1
double,1
recanted,1
aroused,1
unilluminated,1
things,1
wished,1
stage,1
dictionary,1
prevalence,1
protest,1
next,1
generation,1
presumptive,1
discourse,1
sixty,1
phrase,1
lords,1
gests,1
allusions,1
specifically,1
whitehall,1
heat,1
wrongfully,1
calling,1
revisited,1
oct,1
characteristics,1
separately,1
ists,1
dire,1
highly,1
choose,1
infinite,1
resolution,1
executed,1
agreeing,1
suddenly,1
christendom,1
tended,1
impossible,1
philip,1
satirical,1
fully,1
descendants,1
peterhouse,1
quakers,1
necessity,1
sheriff,1
reverend,1
brag,1
ebbed,1
spufford,1
notice,1
dayly,1
mischief,1
plausible,1
ofthomas,1
crime,1
grateful,1
pelagian,1
commonweal,1
dam,1
sinless,1
questioning,1
dickens,1
behalf,1
casts,1
pureness,1
subsequently,1
eternal,1
f,1
battle,1
critical,1
defended,1
hambleton,1
led,1
ana,1
underground,1
ical,1
esyings,1
reduced,1
exeter,1
elimination,1
reproof,1
disputation,1
easy,1
noble,1
bringing,1
fell,1
fortunately,1
wary,1
identified,1
brian,1
overall,1
fantastical,1
blessed,1
expansion,1
resisted,1
scriptural,1
secondly,1
passively,1
ened,1
fruit,1
puri,1
attract,1
converted,1
allen,1
july,1
above,1
prophet,1
mainstream,1
expanded,1
indicates,1
refusal,1
comments,1
experiences,1
sending,1
sinful,1
anabaptist,1
paint,1
renew,1
abrupt,1
jesus,1
hold,1
innovation,1
impugn,1
com,1
seditious,1
treasons,1
apocalypse,1
convictions,1
spoken,1
contributing,1
competition,1
criticism,1
interpretation,1
meanwhile,1
refusing,1
examined,1
fit,1
lloyd,1
touchinge,1
cor,1
requiring,1
suspicious,1
ning,1
seeing,1
formally,1
assemblies,1
clash,1
us,1
dissemble,1
perceived,1
ancient,1
compiled,1
tain,1
earls,1
planned,1
gation,1
balsham,1
complete,1
action,1
middleton,1
wisbech,1
suppres,1
friendship,1
issues,1
gairdner,1
alche,1
stc,1
icatorie,1
reprint,1
authoritie,1
confirmed,1
touching,1
centuryjjotrnal,1
archbishops,1
disagreed,1
twin,1
revenge,1
burie,1
elijah,1
gotten,1
fill,1
act,1
proph,1
party,1
worst,1
stemmed,1
fire,1
unmistakably,1
harrison,1
comfortable,1
lapse,1
stronger,1
popularity,1
links,1
again,1
lethargic,1
pointed,1
dedham,1
abominations,1
similarly,1
ofthis,1
release,1
fact,1
longer,1
twenty,1
insidious,1
idea,1
extolls,1
cartwright,1
gravestone,1
blur,1
tember,1
pressure,1
belong,1
walked,1
olic,1
councilor,1
ministrie,1
disturbed,1
nonconformists,1
children,1
peri,1
larger,1
pamphlet,1
certaine,1
reacted,1
warning,1
penned,1
plagued,1
demonstrating,1
heretic,1
meckanick,1
foe,1
debated,1
distrust,1
doubt,1
conventicles,1
tification,1
deviancy,1
holie,1
bility,1
chicken,1
jealousy,1
devil,1
offence,1
enact,1
forms,1
conclusions,1
anglican,1
augustinian,1
present,1
decried,1
possi,1
validity,1
accepted,1
eton,1
apply,1
coincided,1
ofvirginia,1
spoke,1
extolling,1
norms,1
deep,1
nigel,1
silenced,1
ignoring,1
explicitly,1
antichrist,1
encountered,1
heed,1
day,1
convenient,1
elevation,1
replaced,1
violent,1
tumed,1
thousands,1
gnrndal,1
discourses,1
meetings,1
fundamentally,1
interrelated,1
greatest,1
simple,1
divided,1
dissimilar,1
institute,1
poore,1
abide,1
memoranda,1
success,1
considering,1
background,1
scabbard,1
conspirators,1
speculates,1
churchmen,1
helps,1
including,1
tive,1
previously,1
clerical,1
discrediting,1
briefe,1
pointes,1
insurrection,1
minds,1
wis,1
illusion,1
deifying,1
lasttrumpet,1
forsaken,1
assumption,1
dye,1
oppose,1
emphasize,1
freewill,1
factor,1
whereinto,1
worse,1
pref,1
inflicted,1
questions,1
proportion,1
roman,1
engaged,1
sible,1
prelude,1
envious,1
full,1
ceremonies,1
gode,1
literate,1
office,1
reinforcing,1
california,1
savor,1
possibil,1
hamont,1
tique,1
swarmes,1
truths,1
expelled,1
baptists,1
stress,1
op,1
prophesy,1
publication,1
ere,1
odious,1
victory,1
essay,1
peter,1
lady,1
interpret,1
general,1
menopause,1
owne,1
smithfield,1
started,1
change,1
kingjames,1
fellow,1
stymied,1
rabidly,1
sondrie,1
leanings,1
socratic,1
mccune,1
exiles,1
played,1
unreverent,1
counted,1
offense,1
imagination,1
hithersey,1
partes,1
separatism,1
beyond,1
harass,1
wishart,1
promote,1
accusing,1
deligent,1
sense,1
exaggeration,1
lift,1
declare,1
abia,1
topics,1
sovereign,1
reli,1
politicizing,1
availability,1
unlearned,1
structure,1
lettice,1
judgement,1
sug,1
guess,1
vorgodet,1
spain,1
northern,1
novus,1
cape,1
macmillan,1
corners,1
sloth,1
pleasantly,1
fam,1
cologne,1
governor,1
redirected,1
stability,1
division,1
examines,1
oppo,1
entitled,1
incongruous,1
primate,1
asking,1
allay,1
suggestion,1
discussing,1
christian,1
penguin,1
ity,1
aid,1
browne,1
circle,1
me,1
dual,1
declaration,1
initials,1
publishing,1
note,1
education,1
she,1
george,1
movements,1
plr,1
bulk,1
sometimes,1
verita,1
chance,1
five,1
willingly,1
predestined,1
investi,1
husband,1
plays,1
ministry,1
hill,1
grim,1
inside,1
interregnum,1
foreword,1
lines,1
deaths,1
attitude,1
fewer,1
slow,1
referred,1
byjohn,1
attempted,1
sensitive,1
execution,1
tyacke,1
affinity,1
consonant,1
marprelate,1
detailed,1
nonconform,1
chimney,1
returned,1
effectively,1
understand,1
proposition,1
denison,1
originated,1
anxious,1
discredit,1
countries,1
acquaintances,1
pawles,1
owed,1
often,1
spared,1
achieve,1
surprising,1
chamber,1
liam,1
dedications,1
prosecuted,1
dutiful,1
charlottesville,1
supporting,1
fields,1
think,1
centuries,1
months,1
anarchy,1
eugene,1
gathered,1
case,1
kirksville,1
unacceptable,1
cam,1
fought,1
hendrick,1
matters,1
stephen,1
claims,1
bench,1
stronghold,1
peaceable,1
ofthat,1
anabap,1
magnitude,1
elected,1
lordships,1
dispersed,1
preface,1
authoring,1
series,1
withstanders,1
mentioned,1
verie,1
biography,1
demonstrate,1
instructed,1
heterodox,1
reinforced,1
theme,1
dissident,1
truman,1
digged,1
temporal,1
vacant,1
palace,1
supported,1
lynnewood,1
occurrences,1
blasphemous,1
few,1
sorts,1
text,1
sciences,1
here,1
command,1
agapinggu,1
denounced,1
abridgement,1
propagandist,1
forty,1
labeling,1
quickly,1
cathcart,1
berkeley,1
geting,1
banished,1
dismay,1
tendencies,1
each,1
hampton,1
clifford,1
bedfordshire,1
scots,1
officials,1
ded,1
lying,1
expanding,1
continu,1
offi,1
seem,1
capital,1
chron,1
deprivation,1
scurrilous,1
half,1
wall,1
berry,1
current,1
prorogue,1
iii,1
searched,1
ported,1
grey,1
linked,1
expresses,1
theology,1
princ,1
presentation,1
applauded,1
historical,1
examining,1
uclub,1
closest,1
brethern,1
mass,1
dashing,1
rural,1
living,1
destroyed,1
pushing,1
places,1
person,1
senters,1
quiet,1
succeeded,1
enmity,1
explanations,1
condemning,1
thoroughly,1
notable,1
affirm,1
reactions,1
nee,1
offering,1
namely,1
ones,1
trinity,1
character,1
saviour,1
wedding,1
passed,1
edinburgh,1
impli,1
irrelevant,1
theory,1
errour,1
perfectibility,1
supporter,1
problem,1
reopened,1
foundations,1
mandated,1
thinke,1
gross,1
produce,1
original,1
voice,1
influenced,1
generally,1
agreed,1
bech,1
nazarenus,1
tongues,1
praying,1
queries,1
acknowledgment,1
anxieties,1
purification,1
presume,1
little,1
congre,1
febru,1
icle,1
lambs,1
portraying,1
officiosa,1
reported,1
sheer,1
mit,1
introduced,1
outwardly,1
despite,1
christophervitel,1
heneage,1
duty,1
cumbered,1
cations,1
bourgeois,1
majestites,1
lies,1
pi,1
acute,1
tinge,1
sion,1
arian,1
antiquary,1
appointed,1
challenges,1
using,1
ilr,1
vocal,1
southem,1
assuredly,1
despised,1
benefices,1
courtship,1
named,1
question,1
soft,1
felon,1
annihilation,1
worcester,1
difference,1
dialog,1
kernel,1
marry,1
powers,1
disappear,1
encouragement,1
average,1
follow,1
knights,1
decrease,1
readings,1
numerous,1
execrable,1
national,1
nell,1
finally,1
discursive,1
unmolested,1
downe,1
protesting,1
contributed,1
rosalynde,1
include,1
convocation,1
d,1
need,1
upside,1
grindletonians,1
barnes,1
doctrinally,1
attributes,1
effects,1
deacons,1
reminis,1
off,1
salva,1
locate,1
philosophy,1
brownists,1
extremely,1
association,1
shift,1
dutch,1
willoughby,1
roles,1
summary,1
formity,1
improve,1
dissent,1
charles,1
papal,1
cousin,1
disadvantage,1
pretende,1
certainty,1
teenth,1
tearmed,1
c,1
ham,1
johnson,1
foure,1
texts,1
views,1
deposition,1
element,1
intended,1
severely,1
persuaded,1
bulwark,1
discov,1
strong,1
prison,1
comparable,1
grace,1
north,1
gui,1
egina,1
injustice,1
showed,1
strokes,1
close,1
helie,1
lizabeth,1
dereliction,1
