WORDCOUNTS,WEIGHT
the,206
of,169
and,107
a,82
in,78
to,77
is,58
that,58
are,43
or,41
menstrual,39
s,33
for,32
be,32
by,31
as,30
taboos,30
this,30
it,26
not,25
these,25
which,20
with,19
i,19
have,19
their,18
societies,18
an,18
one,17
bacdayan,17
young,17
society,17
on,16
areas,15
at,14
they,14
american,14
from,14
but,14
would,14
sexual,13
magic,13
may,12
if,12
love,12
found,12
data,12
association,12
between,12
practices,11
anxiety,11
any,11
scale,11
we,11
must,10
significant,10
menstruants,10
area,10
will,9
elaborated,9
interpretation,9
was,9
culture,9
melanesia,9
social,9
other,9
men,9
socialization,9
women,9
africa,8
no,8
also,8
menstruation,8
new,8
americas,8
can,8
geographical,8
she,7
group,7
table,7
only,7
more,7
out,7
cultural,7
where,7
huts,7
rigidity,7
does,6
sample,6
driver,6
about,6
elaboration,6
studies,6
western,6
rated,6
all,6
there,6
anthropologist,6
what,6
some,6
associations,6
such,6
against,6
present,6
north,6
york,5
e,5
study,5
n,5
w,5
odds,5
being,5
menstruating,5
her,5
beliefs,5
though,5
whether,5
however,5
distribution,5
has,5
rating,5
degree,5
upon,5
press,5
its,5
concern,5
context,5
three,5
shirley,5
high,5
when,5
than,5
arapesh,5
should,5
shall,5
romney,5
explanations,4
he,4
relationship,4
seclusion,4
independent,4
rather,4
his,4
been,4
located,4
male,4
who,4
above,4
make,4
similar,4
then,4
most,4
two,4
ojibwa,4
coult,4
m,4
many,4
connection,4
location,4
p,4
particularly,4
hunting,4
those,4
let,4
item,4
recently,4
touch,4
restrictions,4
explanation,4
r,4
ritual,4
during,4
people,4
were,4
habenstein,4
intercourse,4
period,4
among,4
massey,3
difficult,3
likely,3
child,3
note,3
way,3
ways,3
absent,3
correlations,3
brief,3
predict,3
trait,3
certain,3
communications,3
sociogenic,3
restricted,3
females,3
us,3
informal,3
before,3
university,3
reports,3
simply,3
first,3
isolated,3
evaluator,3
avoidances,3
meat,3
here,3
alternative,3
seem,3
appear,3
my,3
fact,3
europe,3
indulge,3
time,3
how,3
take,3
ethnographic,3
type,3
evaluate,3
state,3
primitive,3
landes,3
devereux,3
validity,3
them,3
case,3
males,3
lowie,3
woman,3
books,3
jewish,3
because,3
phenomena,3
naroll,3
work,3
bath,3
through,3
kin,3
example,3
knowledge,3
food,3
hypotheses,3
factor,3
indians,3
variables,3
thus,3
our,3
shown,3
authors,3
mead,3
dangerous,3
hut,3
course,3
least,3
d,3
below,3
cf,3
statistically,3
prohibition,3
zborowski,3
ratings,3
items,3
am,3
concerning,3
elaborate,3
herzog,3
robbins,3
wife,3
recent,3
stephens,3
problem,2
final,2
periods,2
bettelheim,2
things,2
f,2
tests,2
alleged,2
me,2
scalogram,2
george,2
chance,2
ideas,2
groups,2
psychology,2
husband,2
indeed,2
dangers,2
explicit,2
notion,2
apache,2
reik,2
still,2
house,2
connected,2
rites,2
judged,2
special,2
often,2
analysis,2
practicing,2
periodic,2
h,2
theodor,2
discriminate,2
shtetl,2
soon,2
under,2
considered,2
whiting,2
matters,2
explanatory,2
into,2
days,2
same,2
k,2
series,2
accordance,2
ruth,2
contact,2
andrade,2
various,2
article,2
said,2
robert,2
ambivalence,2
set,2
ashley,2
technique,2
power,2
taken,2
opinion,2
know,2
again,2
spend,2
ask,2
psychogenic,2
anthropology,2
seems,2
experiments,2
uses,2
game,2
could,2
rule,2
current,2
report,2
seven,2
personal,2
number,2
man,2
c,2
proposed,2
ethnographer,2
better,2
further,2
exceptions,2
use,2
geography,2
traits,2
separated,2
papers,2
vulnerable,2
ed,2
comes,2
placed,2
suspect,2
belief,2
eastern,2
style,2
method,2
while,2
rests,2
shape,2
produce,2
basis,2
possible,2
used,2
made,2
boston,2
level,2
obvious,2
do,2
concept,2
ill,2
little,2
point,2
cited,2
test,2
samples,2
ten,2
densmore,2
montagu,2
assumptions,2
fit,2
art,2
broad,2
murdock,2
slain,2
exist,2
call,2
come,2
ceremonies,2
gear,2
g,2
until,2
showing,2
facts,2
significance,2
own,2
margaret,2
tables,2
approach,2
either,2
regarded,2
allowed,2
presented,2
revised,2
hunter,2
complex,2
values,2
you,2
anyone,2
after,2
arbitrary,2
latter,2
life,2
keep,2
several,2
especially,2
few,2
comparative,2
highly,2
highest,2
six,2
presence,2
themselves,2
interpretations,2
danger,2
cook,2
find,2
like,2
navaho,2
probably,2
look,2
much,2
world,2
apparently,2
despite,2
plausible,2
distortions,2
performing,2
value,2
evidence,2
versus,2
customs,2
hunt,2
discriminating,1
increasing,1
inspection,1
contacts,1
failed,1
consists,1
wounds,1
accepting,1
menomini,1
separation,1
beacon,1
communities,1
pertaining,1
pages,1
interesting,1
james,1
regularities,1
o,1
investigating,1
deny,1
expect,1
forces,1
veneration,1
today,1
unhappily,1
discriminatory,1
abridged,1
sham,1
continued,1
recall,1
fertile,1
african,1
observers,1
sometimes,1
rev,1
argues,1
usually,1
uncritically,1
arising,1
chiricahua,1
across,1
ihas,1
toward,1
result,1
claimed,1
contiguity,1
mountain,1
secrets,1
refrain,1
jointadiffusion,1
page,1
genital,1
levels,1
possesses,1
toucheth,1
sargent,1
widespread,1
legitimate,1
subcommunity,1
pickles,1
mean,1
means,1
consider,1
associated,1
community,1
adoption,1
detailed,1
considerably,1
totally,1
yale,1
vs,1
ordering,1
mapped,1
determining,1
force,1
effect,1
probability,1
proportion,1
numerical,1
comments,1
juggling,1
attitudes,1
importance,1
solutions,1
prohibitions,1
prediction,1
bows,1
fluid,1
put,1
desperately,1
displaying,1
assuming,1
institutionalized,1
why,1
kinds,1
assigned,1
mourners,1
unusual,1
glencoe,1
form,1
quite,1
prime,1
terminated,1
cases,1
feel,1
once,1
perpetuated,1
repression,1
see,1
factors,1
philadelphia,1
wives,1
yet,1
measured,1
solidarity,1
reinterpretation,1
fair,1
get,1
itself,1
face,1
radin,1
canada,1
easily,1
arts,1
read,1
commenting,1
material,1
noonday,1
thought,1
modern,1
monumental,1
old,1
sex,1
xp,1
meant,1
clubhouse,1
biased,1
doubts,1
distributional,1
whosoever,1
detail,1
protection,1
confidence,1
neither,1
statistical,1
duties,1
anthropological,1
descent,1
tween,1
louise,1
variable,1
drip,1
experiment,1
paper,1
specify,1
proved,1
elsewhere,1
just,1
feels,1
following,1
breach,1
nor,1
attain,1
sharply,1
residence,1
arguing,1
conclusion,1
ethnological,1
indian,1
contexts,1
listed,1
veritable,1
peoples,1
turning,1
puberty,1
touching,1
diffusion,1
theory,1
noted,1
winnebago,1
had,1
anything,1
cast,1
symbolic,1
moderated,1
laughing,1
fairly,1
offered,1
affairs,1
constructed,1
specific,1
reporting,1
sources,1
diluted,1
chippewa,1
testament,1
invention,1
lead,1
manitou,1
certainly,1
contradicted,1
terminology,1
abstained,1
competition,1
bruno,1
rinehart,1
galton,1
concerned,1
priori,1
linear,1
haven,1
care,1
offensive,1
stated,1
methodologically,1
important,1
borshtsh,1
mark,1
contrasted,1
others,1
pick,1
questioned,1
approaching,1
body,1
similarly,1
mikva,1
scalable,1
anywhere,1
l,1
considers,1
control,1
monthly,1
advanced,1
erect,1
greater,1
j,1
temperament,1
proponents,1
cultures,1
words,1
definition,1
different,1
beware,1
based,1
lack,1
paiute,1
unfortunate,1
introduce,1
consideration,1
limit,1
height,1
prudishness,1
might,1
capital,1
individuals,1
did,1
occurrence,1
assess,1
recurrent,1
straightforward,1
harder,1
striking,1
medicine,1
stressed,1
display,1
simple,1
nights,1
wine,1
universal,1
regard,1
developed,1
editors,1
potentially,1
taboo,1
foundation,1
producing,1
children,1
pagan,1
follows,1
oneself,1
scaling,1
testing,1
co,1
reliability,1
clearly,1
obviously,1
sedentary,1
fishing,1
enemy,1
loud,1
very,1
requirements,1
personality,1
ordered,1
doubt,1
kinship,1
evaluators,1
historical,1
differed,1
going,1
considerable,1
illness,1
pattern,1
free,1
deform,1
philosophical,1
base,1
fresh,1
acquiring,1
evident,1
patterns,1
mind,1
conclusions,1
rejection,1
bae,1
unspecified,1
hand,1
usual,1
adjacent,1
monographs,1
physiological,1
furthermore,1
go,1
classified,1
pointing,1
equal,1
organic,1
invalid,1
clusters,1
manner,1
mainly,1
automatically,1
condemning,1
reanalyzed,1
menstruant,1
aa,1
nomadic,1
produced,1
selected,1
offering,1
persons,1
list,1
less,1
intensity,1
tell,1
references,1
together,1
evaluation,1
castration,1
otherwise,1
unshaken,1
history,1
existence,1
sophisticated,1
raoul,1
procedures,1
charter,1
missouri,1
required,1
transactions,1
adhesions,1
circumstances,1
wide,1
unaware,1
structure,1
always,1
primary,1
explicitly,1
possibility,1
directly,1
comtable,1
wants,1
america,1
cognition,1
criteria,1
briefly,1
warriors,1
strikes,1
improve,1
torn,1
feminine,1
reanalysis,1
bulletin,1
retain,1
doubtful,1
vol,1
another,1
sir,1
involved,1
having,1
lamba,1
too,1
demonstrated,1
opened,1
subsistence,1
ideal,1
unborn,1
dichotomize,1
collier,1
luck,1
greatest,1
disprove,1
contain,1
warning,1
categories,1
denver,1
international,1
anxieties,1
conjecture,1
object,1
permitted,1
oedipus,1
bolster,1
functions,1
sanpoil,1
eating,1
preferred,1
unscalable,1
defile,1
columbia,1
west,1
marked,1
ruled,1
psychological,1
combination,1
reported,1
say,1
except,1
part,1
consequent,1
melanesian,1
athabaskan,1
observer,1
training,1
previously,1
predigested,1
indicating,1
confirm,1
genetic,1
markedly,1
cooperation,1
along,1
confirms,1
looking,1
correlation,1
journals,1
turns,1
top,1
step,1
empirical,1
rigid,1
dignity,1
whole,1
deluged,1
leviticus,1
genuine,1
sign,1
scratching,1
behavior,1
harold,1
easiest,1
assume,1
reduces,1
schocken,1
aside,1
round,1
aspect,1
structures,1
think,1
bleeding,1
statistics,1
device,1
continue,1
frances,1
mentor,1
review,1
flipping,1
lazy,1
corollary,1
eight,1
nature,1
institution,1
nevertheless,1
obviates,1
frazer,1
described,1
accuracy,1
volume,1
explained,1
tylor,1
tears,1
severe,1
guttman,1
years,1
low,1
both,1
notes,1
run,1
clear,1
relative,1
since,1
biblical,1
interpreted,1
similarity,1
objective,1
papago,1
reality,1
applied,1
human,1
errors,1
language,1
washington,1
finally,1
points,1
accept,1
assign,1
icooking,1
tool,1
logic,1
pitfalls,1
objection,1
interpret,1
evaluated,1
reproduced,1
individual,1
restatement,1
hupa,1
pride,1
although,1
methods,1
correct,1
southern,1
describing,1
need,1
spread,1
physical,1
function,1
workers,1
him,1
suggest,1
simpler,1
bena,1
disregarded,1
mask,1
mexico,1
mild,1
tabulated,1
box,1
order,1
practiced,1
uninformed,1
porter,1
devised,1
turn,1
plex,1
extracting,1
basic,1
valid,1
extremely,1
event,1
sake,1
honored,1
unclean,1
folly,1
family,1
imagination,1
tabulation,1
spindler,1
every,1
class,1
respective,1
ignore,1
random,1
enough,1
accomplished,1
back,1
unless,1
available,1
version,1
contrary,1
apart,1
cheyenne,1
satisfy,1
pandora,1
parallel,1
easy,1
folk,1
temporary,1
houses,1
devices,1
single,1
tribes,1
research,1
immersion,1
oversimplification,1
wise,1
consisted,1
exactly,1
examine,1
declares,1
babies,1
degradation,1
philip,1
excluded,1
fully,1
kwakiutl,1
annual,1
hard,1
up,1
including,1
exclusively,1
practice,1
even,1
equipment,1
given,1
deceased,1
communication,1
journal,1
traditional,1
results,1
proper,1
fool,1
tendency,1
ethnology,1
bock,1
professional,1
ago,1
cooperative,1
gross,1
meeting,1
questions,1
attention,1
student,1
animals,1
dug,1
negative,1
psychofunctional,1
overlooked,1
occur,1
content,1
separate,1
judaism,1
kinsman,1
hypothesis,1
