WORDCOUNTS,WEIGHT
the,378
of,269
that,179
to,178
in,171
and,169
for,150
is,140
love,132
a,101
it,91
own,88
his,82
plato,76
as,72
s,69
this,62
not,60
we,59
he,58
are,58
or,52
be,49
pp,43
p,41
i,41
sake,41
on,41
phaedrus,39
beloved,37
they,35
its,35
beauty,35
forms,33
her,33
lover,31
with,30
their,30
see,30
if,29
but,29
by,29
good,29
loving,29
being,27
have,27
does,26
loved,26
which,26
all,24
gods,24
no,23
from,22
person,22
our,22
other,21
them,21
grounds,21
qualities,21
what,20
because,20
men,18
at,17
vlastos,17
first,17
more,17
c,17
us,16
so,16
even,16
him,16
image,15
these,15
there,15
those,15
has,15
reality,15
things,15
she,14
an,14
worthy,14
interests,14
images,14
human,14
can,14
way,13
persons,13
one,12
some,12
such,12
like,12
latter,12
souls,12
than,12
virtue,12
second,11
says,11
white,11
reason,11
said,11
towards,11
resembles,11
do,11
something,11
sakes,11
g,11
price,11
would,11
london,10
when,10
god,10
else,10
j,10
loves,10
while,10
point,10
sense,10
f,9
face,9
only,9
fact,9
another,9
account,9
himself,9
nussbaum,9
ends,9
lovable,9
world,9
vision,8
mean,8
true,8
means,8
too,8
w,8
view,8
really,8
form,8
expression,8
rowe,8
cambridge,8
may,7
e,7
make,7
recollection,7
already,7
follow,7
worth,7
argue,7
follows,7
real,7
question,7
mind,7
less,7
however,7
possible,7
qua,7
were,7
thing,7
taylor,7
general,7
brown,7
wisdom,6
will,6
ferrari,6
alone,6
itself,6
was,6
then,6
same,6
n,6
mary,6
argued,6
closely,6
here,6
philosophy,6
addition,6
nature,6
paper,6
very,6
just,6
r,6
say,6
part,6
example,6
esp,6
santas,6
place,6
passim,6
helen,6
points,6
objection,6
individual,6
folly,6
madness,6
themselves,6
been,5
seen,5
comments,5
makes,5
respect,5
assumption,5
objects,5
tells,5
goodness,5
m,5
beyond,5
again,5
others,5
my,5
could,5
take,5
cannot,5
right,5
having,5
unworthy,5
made,5
upon,5
thereby,5
use,5
sees,5
both,5
clear,5
absorb,5
symposium,5
objections,5
nor,5
needs,5
concerning,5
need,5
deficiency,5
socrates,4
now,4
without,4
various,4
sort,4
reasonable,4
doctrine,4
argument,4
hold,4
properly,4
about,4
once,4
supposed,4
yet,4
meet,4
resemble,4
thesis,4
following,4
ed,4
two,4
anything,4
resemblance,4
awe,4
platonic,4
oxford,4
ii,4
important,4
similarly,4
many,4
seems,4
best,4
reasons,4
happiness,4
though,4
treat,4
perhaps,4
scruton,4
idolatry,4
desires,4
suggests,4
solely,4
dialogues,4
given,4
knowledge,4
kosman,4
assume,4
conflict,4
thus,4
surely,4
who,4
since,4
holy,4
course,4
someone,4
useful,4
you,4
contrast,4
anyone,4
hamlyn,4
hackforth,4
d,4
also,4
consequently,4
among,4
y,4
quarterly,4
attention,4
constitutes,4
lovers,3
genuinely,3
sometimes,3
l,3
answered,3
griswold,3
object,3
whatever,3
render,3
certain,3
often,3
danger,3
cases,3
answer,3
h,3
pitcher,3
behaviour,3
philosophical,3
show,3
t,3
rather,3
lyons,3
imitate,3
might,3
emotions,3
friedlinder,3
nothing,3
believe,3
scholars,3
strives,3
any,3
near,3
doubt,3
man,3
merely,3
further,3
precisely,3
rep,3
according,3
making,3
want,3
well,3
attitudes,3
mortal,3
mere,3
plain,3
theory,3
senses,3
number,3
saying,3
replaced,3
warner,3
greatest,3
doctrines,3
far,3
republic,3
recommunion,3
genuine,3
remarks,3
individuals,3
become,3
described,3
de,3
seeskin,3
least,3
fulfilled,3
serves,3
earlier,3
better,3
craving,3
contrary,3
between,3
holds,3
always,3
views,3
little,3
proper,3
gould,3
should,3
preliminary,3
neighbour,3
word,3
portrait,3
justice,3
perfect,2
difficult,2
aim,2
girl,2
therefore,2
aspirations,2
suggestion,2
wishes,2
o,2
york,2
remedy,2
obligations,2
dies,2
cherish,2
concerned,2
short,2
although,2
peter,2
either,2
proceedings,2
play,2
wings,2
mctaggart,2
cooper,2
lovability,2
opposed,2
deceived,2
still,2
above,2
aristotle,2
unselfishness,2
crat,2
similar,2
jowett,2
religious,2
ipso,2
kinds,2
satisfaction,2
robin,2
soul,2
inconsistent,2
sinaiko,2
worship,2
paris,2
morgan,2
realities,2
excellent,2
goldberg,2
sorts,2
contemplation,2
godlike,2
separate,2
light,2
before,2
delight,2
quoted,2
send,2
feels,2
friendship,2
conclusion,2
exemplified,2
imitating,2
chicago,2
simply,2
valued,2
common,2
pace,2
beneficial,2
considers,2
especially,2
specifically,2
whom,2
society,2
namely,2
majority,2
melling,2
nygren,2
give,2
particulars,2
possesses,2
attempt,2
body,2
your,2
humans,2
emotion,2
beautiful,2
into,2
uses,2
benevolent,2
speaks,2
words,2
different,2
ontologically,2
pair,2
asserts,2
bearing,2
deficient,2
lysis,2
music,2
creative,2
desire,2
great,2
beliefs,2
capacity,2
vase,2
reasoning,2
new,2
moral,2
personal,2
grube,2
discussed,2
thompson,2
works,2
based,2
conclusions,2
v,2
equally,2
iii,2
begin,2
focused,2
unique,2
existing,2
recently,2
speech,2
ontological,2
case,2
particular,2
independently,2
existence,2
soph,2
philosopher,2
act,2
hamilton,2
gives,2
free,2
none,2
imputing,2
independence,2
nourishment,2
basis,2
compelling,2
understanding,2
discussion,2
explanation,2
paintings,2
obvious,2
assert,2
contemplating,2
met,2
except,2
x,2
including,2
purpose,2
altogether,2
cited,2
judge,2
passionate,2
along,2
thoughts,2
assumptions,2
out,2
reverence,2
choices,2
obtain,2
transcendent,2
pursuing,2
constitute,2
plainly,2
goals,2
think,2
central,2
throughout,2
come,2
chosen,2
guthrie,2
used,2
distinguish,2
mine,2
unable,2
incompleteness,2
temperance,2
gorgias,2
assumes,2
beings,2
phronesis,2
divine,2
finally,2
eo,2
times,2
vries,2
hard,2
field,2
cf,2
fellow,2
satisfies,2
noting,2
values,2
kind,2
wish,2
believing,2
quite,2
intrinsic,2
platon,2
adequately,2
items,2
life,2
approved,2
seeks,2
nourished,2
characteristics,2
k,2
judges,2
presence,2
quinton,2
generally,2
zeller,2
exclusively,2
spite,2
much,2
behave,2
plausible,2
value,2
provided,2
doing,2
time,2
am,2
radiant,2
freud,1
sufficiently,1
longing,1
model,1
final,1
periods,1
lustre,1
surpasses,1
suggest,1
eternal,1
uncommon,1
recanted,1
werkmeister,1
christian,1
colour,1
entail,1
moreover,1
aov,1
change,1
whose,1
xviii,1
egoism,1
note,1
limits,1
cognates,1
pasturage,1
behavioural,1
benefiting,1
noble,1
letters,1
dance,1
bring,1
promises,1
greek,1
develops,1
closer,1
commentary,1
assen,1
main,1
absent,1
mutatis,1
seventh,1
unworthiness,1
adds,1
imitation,1
how,1
commentators,1
basic,1
warrant,1
particularity,1
wpta,1
extreme,1
berkeley,1
danced,1
through,1
acknowledged,1
letlllrnlyvov,1
defended,1
perfection,1
exception,1
notion,1
warminster,1
gift,1
etc,1
depicts,1
relations,1
learn,1
totally,1
admittedly,1
structure,1
rare,1
false,1
visual,1
frenzy,1
charm,1
b,1
talk,1
told,1
becoming,1
reflection,1
sleeplessness,1
direct,1
induce,1
ongoing,1
deepest,1
dialogue,1
special,1
positive,1
possess,1
study,1
lacking,1
mysticism,1
arts,1
britain,1
analysis,1
needed,1
tend,1
mad,1
epovtres,1
loc,1
fall,1
feel,1
absurd,1
eikdvas,1
elkwv,1
cowardly,1
trog,1
insubstantial,1
rorty,1
friends,1
inanimate,1
support,1
looked,1
memories,1
unanswered,1
lives,1
contend,1
commenting,1
devotion,1
nonharmful,1
instantly,1
originals,1
thought,1
unacceptable,1
satisfied,1
affect,1
stand,1
attachment,1
borrowed,1
seeing,1
self,1
marks,1
weaker,1
evil,1
allow,1
moved,1
occasioning,1
needless,1
follower,1
detail,1
position,1
had,1
ancient,1
arguments,1
critical,1
history,1
share,1
acting,1
included,1
detrimental,1
kal,1
shadow,1
heavy,1
total,1
prospective,1
conversely,1
intrinsically,1
elsewhere,1
culture,1
mutandis,1
attain,1
sharply,1
radical,1
buffalo,1
etymologically,1
arguing,1
englewood,1
affects,1
source,1
princeton,1
switch,1
harmondsworth,1
character,1
shadowy,1
newhaven,1
disputed,1
most,1
experience,1
emotional,1
begins,1
consistent,1
symbolic,1
lot,1
exhaust,1
explaining,1
physical,1
temporal,1
philosophers,1
persuasive,1
claims,1
wrong,1
consequence,1
britannica,1
neither,1
aristotelian,1
served,1
temperate,1
splendidly,1
distinguishing,1
explain,1
suffering,1
oaov,1
sections,1
set,1
kdoaao,1
power,1
metaphysical,1
attempts,1
taken,1
rebut,1
opinion,1
know,1
toward,1
possessed,1
possession,1
academy,1
pointed,1
ask,1
partner,1
deceive,1
reflections,1
hand,1
each,1
simplest,1
water,1
turn,1
repulsive,1
gregory,1
result,1
divinity,1
longer,1
capability,1
lack,1
idea,1
consideration,1
seem,1
hate,1
head,1
leading,1
ungenerous,1
transcendence,1
restrictive,1
wowpotav,1
striking,1
assertion,1
opposing,1
found,1
printed,1
casey,1
strength,1
henceforth,1
differences,1
captures,1
ambitions,1
amsterdam,1
epistemological,1
suggesting,1
fully,1
striving,1
correspondingly,1
concluding,1
particularly,1
idolise,1
classical,1
autour,1
demands,1
idolatrous,1
shared,1
conceivably,1
hundred,1
fallen,1
concludes,1
infer,1
goods,1
mistakenly,1
end,1
everything,1
benefit,1
fitting,1
eu,1
dpol,1
eros,1
montefiore,1
subsequent,1
possibility,1
carefullyworded,1
xx,1
poetry,1
serious,1
passage,1
living,1
describe,1
pursues,1
ruler,1
last,1
enough,1
wise,1
truth,1
partially,1
fullest,1
evoke,1
growing,1
insistent,1
zeal,1
orlt,1
principal,1
edd,1
whichever,1
wit,1
scholarly,1
ours,1
iacutv,1
discussing,1
displayed,1
sentimental,1
essentially,1
fuller,1
hostility,1
within,1
continuing,1
barred,1
purposes,1
renders,1
primafacie,1
flattered,1
accepted,1
context,1
el,1
fail,1
affairs,1
whether,1
contents,1
investigation,1
prefers,1
ad,1
achieving,1
degree,1
issue,1
revere,1
comes,1
priori,1
feed,1
brief,1
temko,1
considerate,1
dwelling,1
philological,1
writes,1
angela,1
medallion,1
platonically,1
kindred,1
agents,1
interpreting,1
draws,1
waters,1
explicitly,1
iv,1
sexual,1
criteria,1
silver,1
brilliant,1
thoroughly,1
motivating,1
require,1
early,1
shape,1
justifies,1
statues,1
jewellery,1
characterizes,1
hierarchies,1
rationality,1
original,1
almost,1
low,1
entirely,1
psychology,1
development,1
brings,1
conjunction,1
implies,1
egoist,1
begrudging,1
literature,1
condition,1
illustrate,1
agape,1
expresses,1
middle,1
felt,1
unreasonable,1
properties,1
examples,1
pursue,1
potwpa,1
listening,1
received,1
rendered,1
phenomena,1
amazed,1
john,1
sober,1
bear,1
easwaa,1
careful,1
claim,1
trivial,1
exemplars,1
benevolently,1
degrees,1
forgetfulness,1
intentions,1
tasmania,1
pairs,1
looking,1
explicit,1
calls,1
sunset,1
call,1
apply,1
unaffected,1
convinced,1
individuality,1
concern,1
stipulatively,1
lies,1
analyzing,1
fostering,1
substance,1
twentieth,1
ceasing,1
accord,1
contribute,1
freedom,1
older,1
corollary,1
honours,1
treats,1
refers,1
connotation,1
wlia,1
broad,1
morality,1
facets,1
using,1
warranted,1
scarcely,1
people,1
resolved,1
actually,1
increasingly,1
otherwise,1
runs,1
proportion,1
story,1
possessing,1
goal,1
associations,1
zeus,1
totowa,1
inferred,1
contentment,1
prepared,1
constitutive,1
envious,1
eager,1
justification,1
review,1
practical,1
cry,1
canberra,1
splendour,1
vlastosl,1
epatuoctl,1
until,1
involves,1
university,1
standing,1
charge,1
universe,1
martha,1
imperfect,1
immediate,1
years,1
status,1
universally,1
quotation,1
overridden,1
reconcile,1
aweinspiring,1
approach,1
furthering,1
language,1
ev,1
virtues,1
earth,1
attained,1
sun,1
concentrates,1
interpret,1
characteristic,1
tone,1
hermias,1
governs,1
advantageous,1
amounts,1
contra,1
fulfilment,1
studies,1
bronze,1
american,1
foolish,1
discover,1
function,1
recalling,1
reinforces,1
seized,1
analysing,1
socratic,1
century,1
discernible,1
relating,1
next,1
sends,1
piece,1
held,1
lie,1
profitably,1
order,1
off,1
reasonably,1
fragility,1
discourse,1
exclude,1
expressing,1
lose,1
selfishness,1
textual,1
flourishing,1
instead,1
never,1
mistaking,1
metaphysically,1
brighton,1
fullerton,1
keep,1
doubtless,1
several,1
caring,1
turned,1
morally,1
monist,1
ovtda,1
random,1
few,1
behind,1
concerns,1
article,1
feelings,1
strive,1
elkwcv,1
highest,1
moravcsik,1
eighth,1
easy,1
difficulty,1
vov,1
editors,1
rendering,1
recalls,1
relation,1
shadows,1
greeks,1
ignorant,1
justify,1
continuous,1
supported,1
incompatible,1
describing,1
lake,1
store,1
conceptual,1
compare,1
debate,1
criticism,1
esiwaa,1
condemned,1
raised,1
former,1
weight,1
etswaa,1
cicadas,1
up,1
cares,1
drawn,1
looks,1
dependent,1
pays,1
encyclopaedia,1
express,1
wife,1
iff,1
why,1
entails,1
analogy,1
deeply,1
portrays,1
recent,1
begrudge,1
unduly,1
appropriate,1
engrossed,1
cliffs,1
grateful,1
yes,1
arresting,1
propriety,1
la,1
bible,1
isn,1
error,1
lend,1
apparent,1
kept,1
