WORDCOUNTS,WEIGHT
the,348
of,276
and,196
to,186
a,163
in,132
for,102
their,96
mothers,94
is,88
s,80
caregiving,77
daughters,76
that,74
her,70
with,58
mother,57
children,51
as,45
ruddick,42
by,42
i,40
care,40
child,36
from,36
this,34
on,34
aging,31
be,31
are,30
love,29
caring,29
they,28
or,28
an,28
were,27
not,27
attentive,27
women,26
was,26
family,26
daughter,25
it,24
maternal,24
she,24
demands,23
these,22
practice,22
adult,21
thinking,21
growth,20
which,20
who,20
demand,19
feminist,19
m,18
preservation,18
elderly,18
acceptability,17
have,17
but,16
do,16
can,16
e,15
ways,15
labor,15
caregiver,15
caregivers,15
health,14
study,14
data,14
society,14
years,14
at,13
own,13
about,13
what,13
between,13
help,12
work,12
training,12
also,12
relationship,12
t,11
all,11
j,11
conflict,11
had,11
than,11
dependent,11
tasks,11
two,11
experience,10
married,10
relationships,10
g,10
perspective,10
parents,10
b,10
lives,10
because,10
provide,10
been,10
analysis,10
should,10
one,9
relations,9
may,9
age,9
my,9
p,9
research,9
new,9
separate,9
independence,9
them,9
although,9
needs,9
frail,8
first,8
context,8
young,8
acceptable,8
gerontologist,8
more,8
following,8
theory,8
needed,7
said,7
there,7
such,7
rather,7
support,7
university,7
view,7
conflicts,7
however,7
literature,7
autonomy,7
activities,7
pp,7
assistance,7
social,7
others,7
range,7
three,7
problems,7
parental,7
widowed,7
national,7
need,7
those,6
within,6
behavior,6
development,6
sample,6
third,6
mean,6
too,6
example,6
gender,6
used,6
july,6
preserve,6
eds,6
values,6
herself,6
stress,6
we,6
practitioners,6
foster,6
just,6
type,6
unique,6
intergenerational,6
struggle,5
way,5
group,5
use,5
has,5
some,5
household,5
divorced,5
journal,5
l,5
feel,5
most,5
could,5
out,5
late,5
r,5
competing,5
personal,5
responsibility,5
receiver,5
second,5
appreciate,5
home,5
financial,5
really,5
nurturance,5
interview,5
woman,5
number,5
another,5
so,5
often,5
responsible,5
unacceptable,5
attachment,5
must,5
sciences,5
average,5
grown,5
if,4
h,4
walker,4
protection,4
leads,4
member,4
feeling,4
other,4
scheme,4
respond,4
variations,4
thus,4
johnsen,4
underlying,4
whose,4
how,4
maintaining,4
n,4
important,4
relational,4
method,4
aspects,4
revealed,4
themes,4
related,4
older,4
people,4
reflect,4
preparation,4
when,4
provided,4
fulcomer,4
still,4
yet,4
under,4
management,4
participants,4
without,4
toward,4
oregon,4
see,4
including,4
shopping,4
article,4
develop,4
lopata,4
parent,4
primarily,4
life,4
then,4
over,4
different,4
did,4
person,4
brody,4
while,4
suggests,4
ideal,4
burden,4
allows,4
think,4
harding,4
roles,4
c,4
focus,4
much,4
occur,4
adulthood,3
go,3
does,3
indicated,3
meaning,3
center,3
being,3
provision,3
feminism,3
differences,3
arises,3
found,3
take,3
state,3
filial,3
primary,3
conceptual,3
dementia,3
central,3
gerontology,3
characteristic,3
occurs,3
distinct,3
self,3
marriage,3
find,3
general,3
rates,3
york,3
remain,3
k,3
beyond,3
requires,3
suggested,3
providing,3
methodology,3
perceive,3
whom,3
further,3
applied,3
well,3
purpose,3
focuses,3
least,3
nurture,3
describing,3
order,3
small,3
value,3
gerontological,3
underlies,3
sons,3
service,3
constraints,3
make,3
examined,3
many,3
teaching,3
ed,3
department,3
emotional,3
sometimes,3
addition,3
considerable,3
forms,3
outside,3
learn,3
income,3
vulnerable,3
less,3
strategies,3
norms,3
project,3
routledge,3
notion,3
formal,3
food,3
nursing,3
held,3
especially,3
sense,3
attention,3
aid,3
perspectives,3
mediation,3
face,3
nielsen,3
addressed,3
any,3
useful,3
offers,3
alternative,3
intellectual,3
outdoor,3
thompson,3
according,3
adults,3
want,3
maintain,3
institute,3
bureaucratic,3
don,3
virginia,3
both,3
preserved,3
protected,3
reported,3
press,3
contribute,3
question,3
notes,3
hassles,3
conditions,3
errands,3
cognitive,3
limitations,3
themselves,3
early,3
beings,3
meeting,3
ca,3
difficult,2
now,2
transportation,2
fathers,2
ambivalence,2
shanas,2
groups,2
complex,2
kinds,2
ample,2
stone,2
likely,2
live,2
horowitz,2
rewards,2
sure,2
park,2
unlike,2
fragile,2
something,2
newbury,2
du,2
contexts,2
coding,2
implications,2
might,2
bloomington,2
individuals,2
laundry,2
thank,2
emotion,2
respondents,2
survey,2
volunteered,2
reading,2
conscientiousness,2
meal,2
money,2
capacity,2
earlier,2
u,2
politics,2
kinney,2
shared,2
professor,2
interviews,2
dignity,2
human,2
endanger,2
facts,2
understand,2
analyzing,2
reflection,2
ease,2
ability,2
westkott,2
rooted,2
expected,2
z,2
kind,2
guided,2
items,2
old,2
response,2
elicit,2
stacey,2
bould,2
even,2
look,2
acknowledge,2
sangl,2
no,2
ferree,2
across,2
generations,2
developed,2
responded,2
process,2
represented,2
associate,2
arthritis,2
eight,2
guides,2
perceptions,2
ensure,2
conceptualization,2
proposed,2
days,2
differs,2
situations,2
motivates,2
providers,2
alexis,2
dependency,2
chodorow,2
expressed,2
kegan,2
inherent,2
hartsock,2
deal,2
eat,2
finch,2
population,2
boyd,2
meet,2
scale,2
doesn,2
required,2
premise,2
banahan,2
dyad,2
part,2
thorne,2
london,2
bois,2
knowledge,2
description,2
place,2
statistics,2
call,2
employed,2
approach,2
someone,2
level,2
working,2
field,2
fostered,2
things,2
prevalence,2
standpoint,2
several,2
characteristics,2
few,2
altered,2
feelings,2
decline,2
codes,2
yielded,2
up,2
describes,2
using,2
pugliesi,2
actions,2
stephens,2
hasselkus,2
situation,2
minor,2
nearly,2
allen,2
judgment,2
responsibilities,2
biological,2
reif,2
included,2
same,2
performed,2
preeminent,2
begins,2
noted,2
only,2
paul,2
death,2
similarly,2
demographic,2
personality,2
minimize,2
discussed,2
zarit,2
model,2
where,2
developing,2
stoller,2
hess,2
discussion,2
examples,2
made,2
matthews,2
owe,2
encouraged,2
questions,2
services,2
described,2
roberts,2
express,2
maintenance,2
recipient,2
individual,2
good,2
like,2
high,2
standard,2
martin,2
men,2
why,2
educational,2
eyes,2
glenn,2
excluded,2
d,2
lang,2
spitze,2
me,2
particular,2
window,2
george,2
vision,2
groves,2
logan,2
sanborn,2
katherine,2
try,2
sage,2
table,2
education,2
types,2
considered,2
growing,2
comes,2
series,2
focusing,2
ve,2
supported,2
chores,2
set,2
know,2
principle,2
each,2
intangible,2
cultures,2
descriptions,2
cafferata,2
particularly,2
very,2
past,2
evident,2
whether,2
terms,2
imposed,2
attitudes,2
require,2
information,2
almost,2
son,2
ill,2
through,2
despite,2
role,2
finley,2
demanding,2
our,2
indiana,2
grant,2
evidence,2
rosner,2
burdens,2
potential,2
exclusively,2
motenko,2
major,2
perception,2
final,1
housekeeping,1
selfinterest,1
currently,1
rate,1
laundromat,1
owes,1
obligations,1
estimated,1
keller,1
faced,1
commitment,1
compensate,1
extend,1
interventions,1
totally,1
introduction,1
yalom,1
starts,1
minutes,1
likewise,1
counters,1
becoming,1
conducted,1
dc,1
hate,1
enhance,1
fifths,1
motivation,1
completely,1
studies,1
conscious,1
expects,1
boulder,1
acceptance,1
position,1
remarry,1
into,1
before,1
husbands,1
feels,1
exceptions,1
source,1
pioneers,1
mitigated,1
vocabulary,1
round,1
specifically,1
every,1
jointly,1
voices,1
interests,1
give,1
taken,1
motivations,1
address,1
regimen,1
interviewer,1
promoting,1
seems,1
nature,1
words,1
definition,1
principles,1
knowing,1
assertion,1
together,1
debra,1
great,1
grounding,1
dhhs,1
follows,1
able,1
government,1
plumbing,1
reveal,1
uncovered,1
anyway,1
real,1
reproduction,1
prolonging,1
feature,1
devised,1
interviewed,1
miles,1
stand,1
routines,1
mail,1
discipline,1
declines,1
hostile,1
rethinking,1
similarities,1
weighing,1
system,1
mothering,1
respite,1
issue,1
depending,1
inseparable,1
westview,1
key,1
task,1
archbold,1
sought,1
america,1
hirsch,1
tensionfilled,1
felt,1
condition,1
illustrate,1
facilitating,1
characterize,1
stave,1
insight,1
point,1
reflecting,1
resources,1
realistic,1
apply,1
decreasing,1
mentally,1
chronic,1
drop,1
identifies,1
deserted,1
usage,1
regarding,1
throughout,1
review,1
explained,1
severe,1
mine,1
aisles,1
quality,1
inevitable,1
run,1
medical,1
since,1
illustrates,1
recasting,1
author,1
muchrevised,1
interest,1
retarded,1
ray,1
viewing,1
club,1
application,1
american,1
relatively,1
nurtured,1
living,1
satisfactions,1
aperceived,1
yourself,1
joumal,1
funds,1
unpaid,1
estimates,1
unity,1
nor,1
uniformly,1
amount,1
completing,1
applying,1
frailty,1
helpful,1
obscure,1
preserving,1
corrected,1
eager,1
appreciated,1
didn,1
conceptually,1
payoff,1
milam,1
higher,1
aim,1
portland,1
deviation,1
topic,1
thinker,1
wishes,1
recognized,1
infantilizes,1
widows,1
costs,1
act,1
performance,1
stressful,1
watch,1
grocery,1
realistically,1
capture,1
presentation,1
myself,1
remote,1
affective,1
elsevier,1
goes,1
appears,1
turn,1
similar,1
importance,1
talk,1
certain,1
pressured,1
derived,1
ongoing,1
hearing,1
contributions,1
white,1
productive,1
consequences,1
space,1
impairments,1
fantasy,1
means,1
accounts,1
marks,1
familiar,1
organized,1
bit,1
wouldn,1
deductively,1
shin,1
house,1
profile,1
prevent,1
readings,1
passerby,1
sentimentalizes,1
comprising,1
transcripts,1
always,1
healtha,1
dominant,1
helped,1
opinion,1
strategy,1
friends,1
whereas,1
plus,1
betrayal,1
underrepresented,1
allow,1
uncovering,1
nonrandom,1
histories,1
train,1
search,1
combinations,1
speaker,1
effort,1
lived,1
generates,1
vulnerability,1
scenes,1
pronouns,1
initial,1
struggles,1
passionate,1
respects,1
frustrations,1
big,1
acquiring,1
furthermore,1
informed,1
though,1
cultural,1
let,1
rent,1
healthy,1
affirms,1
war,1
separateness,1
province,1
teacher,1
persons,1
excellent,1
tension,1
procedures,1
explain,1
fox,1
taught,1
sacrifice,1
cart,1
wants,1
improve,1
having,1
feeding,1
basis,1
future,1
stances,1
received,1
emphasis,1
heart,1
concept,1
degrees,1
internalizes,1
confined,1
coded,1
gratifications,1
comment,1
aged,1
its,1
thoughts,1
got,1
loss,1
whole,1
describe,1
quotations,1
obscured,1
tremendously,1
actually,1
belmont,1
optional,1
receivers,1
away,1
newspaper,1
believes,1
anticipating,1
capacities,1
week,1
miss,1
cornerstone,1
contradictions,1
sink,1
spouses,1
unmarried,1
impinging,1
uniqueness,1
optimal,1
arise,1
correct,1
successful,1
hard,1
regardless,1
revolution,1
deemphasizes,1
contrast,1
careful,1
emphasizes,1
exclude,1
quite,1
around,1
quantification,1
melanie,1
wrist,1
wadsworth,1
ignore,1
burdensome,1
choose,1
grow,1
reread,1
psychological,1
presence,1
peace,1
corvallis,1
impairment,1
vacuum,1
telling,1
characterizes,1
annual,1
beacon,1
colloquium,1
basement,1
appropriate,1
preliminary,1
moved,1
logic,1
seemed,1
hauled,1
f,1
excludes,1
reductions,1
absence,1
protecting,1
various,1
functioning,1
carried,1
pushes,1
identified,1
uplifts,1
wrote,1
indeed,1
play,1
classic,1
poor,1
object,1
emulated,1
comments,1
experiences,1
translates,1
va,1
decisions,1
tends,1
structural,1
inhibitors,1
guide,1
criticism,1
annoying,1
relied,1
opportunities,1
security,1
read,1
fifth,1
clash,1
motivators,1
informal,1
light,1
complete,1
safeguards,1
volunteers,1
leans,1
alteration,1
balancing,1
members,1
theorist,1
challenge,1
power,1
stated,1
preferences,1
available,1
varies,1
printing,1
rejoined,1
residence,1
water,1
missing,1
fact,1
scholars,1
abilities,1
punctuation,1
pressure,1
murphy,1
inevitably,1
time,1
daily,1
larger,1
hear,1
everything,1
hinges,1
dependencies,1
external,1
overfocused,1
never,1
ages,1
took,1
likelihood,1
present,1
ground,1
operating,1
knits,1
verbatim,1
council,1
inductively,1
frequency,1
socialization,1
explicitly,1
day,1
thousands,1
bowles,1
behaviors,1
nutrition,1
bathing,1
averaged,1
father,1
sewing,1
disease,1
survive,1
subjectivity,1
easier,1
completed,1
upon,1
helps,1
active,1
arose,1
identity,1
findings,1
confidence,1
assumption,1
collaborative,1
ideas,1
harvard,1
bed,1
actual,1
engaged,1
continue,1
check,1
full,1
office,1
california,1
theories,1
theoretical,1
washington,1
involves,1
low,1
clear,1
discovered,1
margaret,1
reality,1
publication,1
language,1
safety,1
supportive,1
faces,1
prevents,1
co,1
keep,1
homes,1
started,1
would,1
distinction,1
devise,1
practiced,1
after,1
intrinsic,1
valued,1
labels,1
labour,1
outcomes,1
systems,1
qualities,1
elaborate,1
parallel,1
methods,1
dollars,1
blacksburg,1
become,1
thome,1
exactly,1
displayed,1
conscience,1
differ,1
workshop,1
connections,1
attend,1
joint,1
professional,1
unrelated,1
behind,1
applies,1
osteoporosis,1
decision,1
performing,1
visit,1
increasing,1
enough,1
suggest,1
semistructured,1
relying,1
mitigate,1
today,1
payoffs,1
belonged,1
nrsa,1
independent,1
tilden,1
science,1
linda,1
naturally,1
claimed,1
tech,1
fear,1
begin,1
validity,1
fuse,1
investigators,1
dimensions,1
seen,1
interfere,1
sandwich,1
balloon,1
overlap,1
recognize,1
linking,1
payment,1
expectations,1
construction,1
blood,1
polytechnic,1
creatures,1
elder,1
articles,1
longman,1
detail,1
stephen,1
school,1
warrants,1
share,1
heavy,1
girls,1
broke,1
exemplified,1
version,1
changing,1
simply,1
extensive,1
damaging,1
physical,1
ll,1
intensely,1
berkeley,1
dimension,1
commonplace,1
rear,1
paper,1
deleted,1
attribute,1
distinctions,1
believe,1
gone,1
best,1
down,1
current,1
rearing,1
minimized,1
iii,1
losses,1
loads,1
retired,1
generalized,1
historical,1
happiness,1
closest,1
prospects,1
emerges,1
scores,1
merely,1
ideally,1
respect,1
turned,1
beginning,1
motherdaughter,1
helping,1
answered,1
investigation,1
combined,1
form,1
ones,1
making,1
references,1
orleans,1
varying,1
sociology,1
add,1
likes,1
consisting,1
rating,1
projection,1
boys,1
apartment,1
psychology,1
categories,1
size,1
researchers,1
boston,1
presented,1
circumstances,1
multiple,1
attachments,1
recipients,1
exercising,1
uniform,1
innocent,1
giving,1
focal,1
subject,1
intended,1
disciplines,1
returning,1
happens,1
programs,1
empathize,1
families,1
motivate,1
maintained,1
aims,1
definitions,1
varied,1
rewarding,1
analogy,1
come,1
shown,1
until,1
reveals,1
finding,1
paradigm,1
finally,1
aware,1
explanation,1
wish,1
parallels,1
corrective,1
course,1
offer,1
typically,1
guiding,1
opinions,1
reflexive,1
phone,1
involving,1
you,1
effects,1
off,1
voluntary,1
philosophy,1
enlisting,1
area,1
parkinson,1
oldest,1
measured,1
shift,1
ranged,1
specific,1
indoor,1
besides,1
assumed,1
materialism,1
certainty,1
klein,1
attending,1
ensuring,1
scholarship,1
vary,1
obligation,1
create,1
given,1
pat,1
traditional,1
among,1
virtue,1
asked,1
doing,1
built,1
showed,1
race,1
famiies,1
