WORDCOUNTS,WEIGHT
the,789
of,537
in,346
to,298
a,297
and,216
her,153
was,132
s,122
as,120
for,100
his,91
that,88
by,87
had,84
on,82
not,72
their,70
she,69
with,68
husband,67
were,65
life,60
marriage,59
this,58
is,58
women,56
one,54
an,53
love,50
wife,46
see,46
from,45
which,44
have,44
bengali,42
calcutta,42
at,41
family,41
it,39
he,38
but,38
who,38
i,35
very,35
my,34
be,34
all,33
men,33
new,32
such,31
are,31
or,30
also,28
social,27
when,26
first,25
colonial,24
more,23
debi,22
they,22
there,22
vol,22
even,22
than,22
rassundari,22
time,22
tagore,22
if,21
age,21
only,21
married,20
young,20
no,20
hindu,20
been,20
did,20
atmakatha,19
society,19
other,19
so,19
experience,18
bengal,18
raychaudhuri,18
home,18
wives,18
up,17
would,17
often,17
sen,17
into,16
how,16
romantic,16
most,16
though,16
him,16
sexual,16
tapan,16
child,15
kulin,15
some,15
well,15
people,15
sex,15
mother,15
climate,15
after,14
could,14
however,14
these,14
extended,14
any,14
bride,13
ritual,13
ray,13
because,13
year,13
own,13
memoirs,13
man,13
like,13
haimabati,13
we,13
vidyasagar,13
has,13
early,13
among,13
tradition,12
its,12
status,12
part,12
girl,12
fact,12
datta,12
brahmo,12
way,11
english,11
nineteenth,11
system,11
century,11
out,11
literature,11
wrote,11
rachanabali,11
written,11
them,11
evidence,11
much,11
ways,10
western,10
before,10
husbands,10
great,10
conjugal,10
rather,10
found,10
edn,10
bengalis,10
polygamy,10
father,10
education,10
between,10
son,10
our,10
later,9
bankim,9
memoir,9
poet,9
describes,9
second,9
under,9
educated,9
norms,9
writes,9
little,9
became,9
role,9
years,9
now,8
o,8
affects,8
account,8
body,8
amarjiban,8
literary,8
lived,8
spiritual,8
katha,8
will,8
sons,8
above,8
bidyaratna,8
conduct,8
children,8
practice,8
belief,8
described,8
times,8
spent,8
twelve,8
expectations,8
while,8
sensibilities,8
values,8
famous,8
history,7
long,7
context,7
felt,7
cited,7
atmajibancharit,7
remarriage,7
appear,7
behaviour,7
based,7
misery,7
sense,7
basu,7
salvation,7
indian,7
brahmos,7
two,7
mentions,7
others,7
kartikeya,7
chaudhuri,7
especially,7
prasannamayi,7
relationship,7
means,7
meant,7
considered,7
kartikeyachandra,7
each,7
eventually,7
elders,7
attitudes,7
through,7
wedding,7
traditional,7
does,6
widow,6
large,6
nistarini,6
within,6
sought,6
mores,6
marital,6
without,6
references,6
days,6
puberty,6
late,6
banglar,6
purity,6
produced,6
records,6
polygamous,6
change,6
happy,6
about,6
widows,6
god,6
culture,6
same,6
ed,6
nabin,6
do,6
free,6
where,6
accepted,6
eds,6
number,6
depended,6
concern,6
taboos,6
lady,6
can,6
probably,6
celibacy,6
girish,6
male,6
associated,6
samayikpatre,6
known,6
few,6
different,6
down,6
form,6
suggests,6
strong,6
you,6
sexuality,6
samajchitra,6
given,6
should,6
manuscript,5
studies,5
modern,5
ideals,5
induced,5
sources,5
ghosh,5
feature,5
mind,5
those,5
somewhat,5
side,5
college,5
far,5
mitra,5
relationships,5
happiness,5
relatively,5
old,5
ladies,5
generation,5
master,5
may,5
parents,5
consensual,5
bahubibaha,5
image,5
whom,5
rule,5
informed,5
keshab,5
iswarchandra,5
example,5
aged,5
used,5
et,5
towards,5
kailasbasini,5
quite,5
small,5
marry,5
sanctions,5
critics,5
practices,5
limited,5
etc,5
al,5
intense,5
emotional,5
noted,5
diary,5
stated,5
death,5
areas,5
ibid,5
another,5
autobiography,5
published,5
heroine,5
pleasure,5
rabindranath,5
evidently,5
hindus,5
story,5
saw,5
fear,5
instances,5
lost,5
soul,5
caste,5
girls,5
chattopadhyay,5
jana,5
parental,5
indira,5
appropriate,5
mukhopadhyay,5
freedom,5
popular,5
tried,5
families,5
childhood,5
course,5
off,5
dewan,4
extreme,4
group,4
authority,4
help,4
emphasized,4
widowhood,4
marked,4
condition,4
mutual,4
point,4
himself,4
letter,4
human,4
central,4
experiences,4
against,4
bangali,4
relations,4
communication,4
general,4
brahminical,4
ramani,4
essential,4
basic,4
knew,4
recalled,4
ensure,4
too,4
initiative,4
joy,4
cultural,4
record,4
public,4
scene,4
feminine,4
having,4
data,4
heart,4
purpose,4
thoughts,4
description,4
during,4
partly,4
balyajiban,4
couple,4
clothes,4
discourse,4
around,4
highly,4
brides,4
vivekananda,4
degeneration,4
world,4
structured,4
kindness,4
led,4
female,4
once,4
unquestioning,4
perceived,4
friend,4
members,4
again,4
head,4
madhusudan,4
beliefs,4
consent,4
tales,4
remarkable,4
secular,4
relevant,4
michael,4
less,4
necessary,4
deep,4
below,4
perhaps,4
woman,4
bankimchandra,4
follows,4
made,4
quest,4
refers,4
factor,4
doubt,4
brahmins,4
jibane,4
real,4
nothing,4
students,4
open,4
anxious,4
reformers,4
high,4
faith,4
behind,4
institution,4
amar,4
institutions,4
anxiety,4
respect,4
enforced,4
months,4
get,4
itself,4
unusual,4
attachment,4
matters,4
circumstances,4
das,4
theme,4
set,4
over,4
swamir,4
control,4
paper,4
better,4
widowed,4
born,4
what,4
appears,4
broke,4
debate,4
met,4
introduced,4
went,4
cruelty,4
until,4
youth,4
average,4
emotive,4
c,4
saradasundari,4
asked,4
daughter,4
household,4
go,3
handsome,3
prostitution,3
declared,3
concerned,3
meaning,3
suggested,3
created,3
mystical,3
introduction,3
sphere,3
village,3
told,3
ii,3
join,3
live,3
conscious,3
spirit,3
necessarily,3
usually,3
being,3
romance,3
hence,3
every,3
implications,3
give,3
feeling,3
nirad,3
england,3
tatvabodhini,3
reasons,3
room,3
take,3
state,3
stand,3
case,3
badly,3
right,3
custom,3
sekele,3
views,3
taking,3
except,3
patrika,3
regarding,3
satyen,3
lover,3
since,3
visited,3
integral,3
passionate,3
forced,3
concerning,3
approval,3
six,3
recalls,3
dutt,3
european,3
sister,3
occasion,3
sisters,3
alleged,3
whose,3
deviations,3
raja,3
stop,3
explicit,3
similar,3
talk,3
leave,3
derived,3
special,3
study,3
tree,3
pal,3
supposed,3
changes,3
serve,3
parts,3
university,3
n,3
impact,3
frequently,3
sibnath,3
beyond,3
instance,3
projected,3
important,3
moving,3
kulins,3
acceptable,3
younger,3
introspection,3
perform,3
aspiration,3
bridegrooms,3
work,3
received,3
emphasis,3
nine,3
gave,3
older,3
inherited,3
contains,3
away,3
sensibility,3
project,3
good,3
accused,3
least,3
rajnarayan,3
several,3
influence,3
choose,3
always,3
necessity,3
am,3
rest,3
flourished,3
failed,3
short,3
indeed,3
return,3
exception,3
criticism,3
yet,3
opportunities,3
devotion,3
counterparts,3
us,3
lord,3
already,3
leader,3
fell,3
many,3
emotions,3
outside,3
courtship,3
choice,3
break,3
contemporary,3
serious,3
enough,3
learn,3
present,3
duties,3
encounter,3
intimate,3
treated,3
upon,3
eighteenth,3
defied,3
herself,3
affection,3
three,3
satyacharan,3
language,3
homes,3
immorality,3
earlier,3
last,3
prolonged,3
relation,3
engagement,3
reformist,3
hope,3
attention,3
product,3
suggest,3
me,3
mood,3
translation,3
vow,3
lives,3
ch,3
girishchandra,3
introductory,3
confessed,3
dakshinaranjan,3
sastri,3
comes,3
majumdar,3
simply,3
physical,3
cover,3
partner,3
worth,3
novel,3
unknown,3
domestic,3
praphullamayi,3
brothers,3
upadesh,3
past,3
yearning,3
person,3
medical,3
terms,3
accounts,3
degenerate,3
almost,3
marriages,3
prati,3
fourteen,3
both,3
crown,3
must,3
altered,3
uninhibited,3
subject,3
bhadralok,3
sahitya,3
come,3
chaste,3
difference,3
modal,3
numerous,3
national,3
write,3
offer,3
strir,3
willing,3
area,3
nabinchandra,3
interaction,3
here,3
observed,3
major,3
occur,3
ja,2
lust,2
scandal,2
connivance,2
common,2
till,2
truth,2
market,2
asleep,2
fiction,2
mahendranath,2
vogue,2
prostitutes,2
elementary,2
complex,2
approved,2
confidence,2
mostly,2
true,2
bondage,2
overtones,2
surreptitious,2
position,2
character,2
harsh,2
motherland,2
total,2
ascetics,2
biographical,2
exceptions,2
source,2
princeton,2
contact,2
permitted,2
prabandha,2
said,2
t,2
balcony,2
samagra,2
vols,2
might,2
generated,2
seems,2
nature,2
words,2
parties,2
book,2
available,2
flowers,2
boyhood,2
broken,2
daily,2
desire,2
conditions,2
careers,2
prostitute,2
incident,2
thanks,2
krishna,2
debt,2
forefathers,2
prescription,2
affair,2
dwarkanath,2
gifts,2
satire,2
racial,2
british,2
issue,2
haridaser,2
dancing,2
sophisticated,2
dr,2
shaken,2
besides,2
roy,2
king,2
haimavati,2
jibaner,2
task,2
advice,2
prescriptions,2
gora,2
wept,2
suicide,2
possible,2
determined,2
shame,2
guptakatha,2
murshid,2
colouring,2
sent,2
sarees,2
unhappy,2
binodini,2
daughters,2
silent,2
actual,2
pyre,2
standing,2
quality,2
points,2
author,2
predicament,2
praphulla,2
insisted,2
semen,2
realization,2
assured,2
expected,2
ghulam,2
beloved,2
rajshahi,2
decided,2
elements,2
nor,2
glory,2
ramesh,2
refer,2
profound,2
response,2
suitable,2
poem,2
kinship,2
drives,2
mistress,2
veil,2
student,2
journal,2
apparently,2
deeply,2
hardly,2
shall,2
jnanendranath,2
unfortunate,2
manusmriti,2
kaminikumar,2
r,2
adequate,2
reflects,2
autobiographies,2
leading,2
absent,2
generations,2
remain,2
abhishek,2
ra,2
sort,2
unit,2
fantasies,2
levels,2
fair,2
notion,2
risk,2
grew,2
certain,2
strange,2
makes,2
binay,2
danger,2
lay,2
rules,2
awareness,2
consequences,2
underline,2
support,2
developments,2
funeral,2
affect,2
wanted,2
tensions,2
evil,2
india,2
krishnachandra,2
clearly,2
reformer,2
section,2
just,2
suttee,2
imitation,2
bibidha,2
gradually,2
upper,2
cousins,2
companions,2
commented,2
expectedly,2
continual,2
passed,2
notions,2
say,2
exploitation,2
victorian,2
crucially,2
opinion,2
preference,2
smritikatha,2
trained,2
view,2
greater,2
expressed,2
came,2
chakrabarti,2
questioned,2
agenda,2
conflict,2
habitually,2
conservative,2
access,2
objectives,2
missionary,2
changed,2
deal,2
scenes,2
bhubanchandra,2
shared,2
occult,2
prakashani,2
attained,2
premer,2
brothels,2
datter,2
further,2
left,2
somendranath,2
memory,2
heaven,2
tanika,2
sharpened,2
suffered,2
failure,2
brahmabandhab,2
adolescent,2
near,2
patriarchal,2
influenced,2
undermined,2
basis,2
courtesans,2
trial,2
strict,2
future,2
london,2
knowledge,2
ten,2
got,2
ghatanabali,2
loss,2
actually,2
bishop,2
enthusiastic,2
gap,2
brothwick,2
spouses,2
hard,2
cruel,2
stage,2
guardians,2
nareshchandra,2
sharp,2
openly,2
leaves,2
eleven,2
concerns,2
presence,2
deviant,2
mixing,2
altogether,2
delinquency,2
affecting,2
generally,2
prakash,2
jahangir,2
provided,2
nation,2
critical,2
uncommon,2
sarkar,2
situation,2
joyous,2
matter,2
various,2
taken,2
letters,2
rachanavali,2
atypical,2
jogindranath,2
action,2
economic,2
service,2
blessed,2
nearly,2
object,2
still,2
comments,2
sinful,2
rites,2
religious,2
collect,2
rational,2
felicity,2
bangachandra,2
reference,2
niradchandra,2
read,2
thought,2
soon,2
exposure,2
instinctive,2
place,2
ascetic,2
earned,2
light,2
performed,2
mediaeval,2
samaj,2
contempt,2
independent,2
precocious,2
law,2
think,2
europe,2
servants,2
towns,2
experienced,2
water,2
radhakanta,2
walked,2
appeared,2
reform,2
fallen,2
end,2
ekshan,2
chs,2
pattern,2
bipin,2
discussed,2
habit,2
smaran,2
question,2
patterns,2
took,2
reconstruction,2
validity,2
immature,2
style,2
learnt,2
manuals,2
explicitly,2
stipend,2
day,2
remained,2
civilized,2
illicit,2
private,2
lap,2
discussion,2
sober,2
incidents,2
including,2
functionaries,2
expression,2
largely,2
persisted,2
operated,2
prospective,2
resonances,2
rare,2
engaged,2
full,2
epistles,2
fold,2
finally,2
westernized,2
clear,2
b,2
peripheral,2
publication,2
evils,2
individual,2
period,2
ended,2
filled,2
households,2
provides,2
latter,2
never,2
class,2
sarala,2
feet,2
debutante,2
become,2
chaudhurani,2
grandmother,2
accordingly,2
attracted,2
ambience,2
regimes,2
widely,2
reluctant,2
srimad,2
christian,2
scared,2
delhi,2
provide,2
sometimes,2
figure,2
patriotic,2
practical,2
attitude,2
favour,2
widespread,2
transformed,2
detailed,2
began,2
plentiful,2
stimulated,2
why,2
amusement,2
responsible,2
endure,2
centuries,2
elder,2
bratas,2
face,2
earliest,2
meal,2
rite,2
acquired,2
share,2
curious,2
practised,2
rarely,2
then,2
placed,2
lessons,2
changing,2
grand,2
ever,2
economically,2
rigidly,2
purba,2
text,2
drew,2
established,2
pandit,2
news,2
know,2
patriot,2
principle,2
country,2
remarried,2
resentment,2
believe,2
amarfiban,2
attire,2
best,2
half,2
constant,2
spinsters,2
living,2
assessment,2
ancestors,2
merely,2
according,2
transparent,2
nominal,2
nationalist,2
playful,2
selected,2
statement,2
mere,2
platonic,2
spinsterhood,2
civilian,2
ideal,2
amader,2
modernizing,2
city,2
press,2
duty,2
measure,2
vast,2
penny,2
arguments,2
superior,2
homosexuality,2
kulinism,2
pair,2
argument,2
touch,2
akbar,2
patriarchy,2
institutional,2
accept,2
trauma,2
contributed,2
joined,2
socially,2
forbes,2
atmacharit,2
householder,2
campaign,2
needs,2
specific,2
surrender,2
assumed,2
themselves,2
cook,2
reached,2
matrimony,2
bounds,2
eldest,2
prakashchandra,2
tract,2
satyendranath,2
summed,1
bigamous,1
emulate,1
frequent,1
difficult,1
repay,1
miraculous,1
diaries,1
abolition,1
complaint,1
thakur,1
bau,1
page,1
judgements,1
waited,1
fathers,1
phalgun,1
polish,1
inferiority,1
birds,1
devious,1
groups,1
pull,1
f,1
rakhe,1
ready,1
slaughter,1
wonder,1
represent,1
career,1
everyone,1
pushed,1
superiority,1
dimension,1
legitimate,1
revolutionary,1
determine,1
worthy,1
despairing,1
e,1
propagation,1
poorer,1
ultimate,1
considerably,1
rubies,1
revulsion,1
glimpses,1
expect,1
everybody,1
incomprehensible,1
underlines,1
american,1
determinant,1
apologists,1
putative,1
effective,1
properly,1
quaking,1
essays,1
mankind,1
prime,1
advised,1
stone,1
jhara,1
songs,1
disciples,1
uncomprehending,1
illiterate,1
strictly,1
fuss,1
martyrdom,1
sudden,1
ekadasi,1
nieces,1
genius,1
barbaric,1
satisfied,1
incidentally,1
rabindra,1
considerations,1
endurance,1
clandestine,1
kolkatar,1
emphasize,1
remarry,1
galpa,1
title,1
occurred,1
submissiveness,1
aversion,1
tells,1
hem,1
bled,1
revered,1
tulikalam,1
something,1
descriptions,1
illogically,1
bark,1
chastity,1
clones,1
apprehensions,1
contexts,1
anglophile,1
hoping,1
themes,1
pundits,1
band,1
round,1
painful,1
reprinted,1
minted,1
anything,1
cast,1
passion,1
else,1
sengupta,1
explaining,1
undermine,1
familiarity,1
modest,1
revisited,1
certainly,1
preceding,1
progressed,1
matured,1
regulating,1
pervasive,1
samsad,1
exaggerated,1
introduce,1
originally,1
obeying,1
attempts,1
mysterious,1
culturally,1
bharatiya,1
pictured,1
attempt,1
illogical,1
refusal,1
kon,1
stifle,1
lifestyle,1
articulate,1
balyakatha,1
dissatisfied,1
worked,1
beautiful,1
emerged,1
weekend,1
advanced,1
joke,1
capital,1
dasi,1
departure,1
experiments,1
poison,1
editions,1
grandfather,1
dictum,1
confirmed,1
divinity,1
company,1
immense,1
separation,1
continue,1
skills,1
twenty,1
agrarian,1
screamed,1
misdemeanour,1
advantage,1
balyabibaher,1
tours,1
undertake,1
solace,1
puritanism,1
rebels,1
disgust,1
assembled,1
homosexual,1
achievement,1
governess,1
fruits,1
jewellery,1
government,1
proves,1
link,1
hundred,1
concludes,1
court,1
cohesion,1
religion,1
humiliations,1
elevenimplies,1
products,1
kingdom,1
horrendously,1
efficiently,1
wealthy,1
achieved,1
indulged,1
panu,1
unmentionable,1
jatibaira,1
dearer,1
interviewed,1
putrarthe,1
precisely,1
freshly,1
universal,1
mr,1
gyanendramohan,1
childbride,1
prohibiting,1
childish,1
reading,1
educate,1
likhita,1
returns,1
somebody,1
sattar,1
tragedy,1
majority,1
devi,1
triggered,1
purbakatha,1
takes,1
habitual,1
lest,1
mortal,1
fruit,1
sabha,1
recorded,1
owing,1
aunts,1
righteous,1
money,1
sects,1
primary,1
planted,1
homeless,1
agriculture,1
discuss,1
addresses,1
helpless,1
confession,1
opened,1
implies,1
politics,1
authentic,1
activity,1
braggart,1
vaguely,1
drive,1
reaction,1
consciousness,1
bijaykrishna,1
strayed,1
brahmopalavdhi,1
professor,1
west,1
mental,1
combination,1
surrounded,1
scorn,1
immoral,1
exchanges,1
memoriam,1
uncertain,1
liberal,1
kabitwa,1
compares,1
bonds,1
ramchandra,1
vowed,1
demanded,1
liberated,1
legalisation,1
collection,1
expecting,1
sheltered,1
abode,1
hai,1
visits,1
facets,1
ecstatic,1
framework,1
poetical,1
mukhati,1
exist,1
segregation,1
thus,1
commensality,1
gourdas,1
scepticism,1
surely,1
doctor,1
explained,1
dying,1
tail,1
immediate,1
development,1
seventy,1
patient,1
church,1
constantly,1
sustain,1
hierarchy,1
inspire,1
unpublished,1
wrath,1
neighbours,1
animosity,1
civilizing,1
authoritative,1
phantasized,1
characteristic,1
moment,1
brother,1
mixed,1
sakta,1
brahmacharya,1
sermons,1
upadhyaay,1
dealings,1
fathered,1
farewell,1
pejoratives,1
objected,1
kind,1
brooding,1
obiter,1
adjustment,1
distinct,1
repeatedly,1
destroyed,1
legalize,1
unpolluted,1
recollection,1
keep,1
enhancement,1
segmented,1
prabhat,1
intercourse,1
convincing,1
infrequently,1
back,1
highest,1
satin,1
practitioner,1
modernity,1
abortion,1
fate,1
lineage,1
compared,1
arranged,1
third,1
single,1
criterion,1
truly,1
centrist,1
alliances,1
overwhelmed,1
died,1
batsar,1
licentiate,1
flip,1
drawn,1
quarrelled,1
mingling,1
humbler,1
vice,1
dear,1
details,1
departed,1
dastardly,1
sudhiranjan,1
tolerance,1
weakness,1
subversion,1
handful,1
sodomy,1
game,1
impressions,1
enchantress,1
compensations,1
depths,1
deathdefying,1
nun,1
betrothal,1
boisterously,1
higher,1
garuda,1
talks,1
steps,1
baidyas,1
opposed,1
deviation,1
unhealthy,1
interesting,1
hero,1
profoundly,1
wishes,1
recognized,1
barrier,1
york,1
beget,1
hesitant,1
prachin,1
khabar,1
palit,1
anglicized,1
frustration,1
act,1
statements,1
exogamous,1
partition,1
thirsty,1
l,1
impetus,1
happily,1
counterbalanced,1
district,1
learning,1
affairs,1
manmathanath,1
gotras,1
selflessness,1
appreciation,1
doctrine,1
bachhar,1
process,1
broaden,1
preachers,1
cult,1
satyam,1
dosh,1
dwarakanath,1
chakras,1
probability,1
heard,1
proportion,1
anandamath,1
banerji,1
eight,1
conversation,1
dancers,1
wrap,1
induce,1
peer,1
institutionalized,1
pages,1
matched,1
lacking,1
sannyasin,1
prakashan,1
uncertainties,1
brahmin,1
feel,1
rabindraprasanga,1
kabibar,1
factors,1
front,1
onwards,1
mangal,1
replete,1
pleasures,1
watching,1
eighteen,1
enjoined,1
mrs,1
escape,1
win,1
quills,1
interspersed,1
andjuliet,1
adopt,1
swamirjibaner,1
praise,1
vaishnav,1
marks,1
consider,1
pratapchandra,1
northern,1
rameshchandra,1
meekly,1
regularly,1
imposing,1
familiar,1
imposed,1
slowly,1
bit,1
presumably,1
itibratta,1
proved,1
melancholy,1
elsewhere,1
driven,1
edition,1
bidhababibaha,1
realities,1
welfare,1
articulated,1
glorious,1
house,1
preoccupation,1
weak,1
threat,1
orientation,1
four,1
horizontally,1
valued,1
exploited,1
ugly,1
powerful,1
indications,1
followed,1
comparisons,1
serene,1
consequence,1
cost,1
ceremony,1
upasak,1
harsher,1
interceded,1
selfassessment,1
reorientation,1
asks,1
amount,1
permanent,1
portrays,1
dominant,1
akshaykumar,1
helped,1
m,1
stupidity,1
assessments,1
bureaucracy,1
causation,1
union,1
enchanted,1
result,1
remembered,1
unreformed,1
slave,1
courageously,1
lakshyant,1
bearing,1
tirthapati,1
kegan,1
meditates,1
untypical,1
duly,1
rationalist,1
hands,1
called,1
strength,1
nagging,1
shaven,1
attack,1
impressionistic,1
taboo,1
effort,1
purifying,1
conspicuous,1
energetic,1
demands,1
curiosity,1
criticisms,1
radical,1
agendas,1
narrow,1
buoyancy,1
misdeeds,1
accompany,1
preacher,1
initial,1
disruptive,1
inter,1
aswini,1
affluence,1
term,1
punishment,1
frustrations,1
horse,1
traced,1
understood,1
equal,1
let,1
prastab,1
war,1
burdwan,1
bore,1
treat,1
teacher,1
recently,1
cohabitation,1
persons,1
intensity,1
sentiments,1
enlightened,1
gupta,1
sakaler,1
appearing,1
otherwise,1
wealth,1
durgamohan,1
broadcasting,1
irreconcilable,1
excluded,1
emulating,1
your,1
confirmation,1
explain,1
sukhamay,1
cousin,1
professionals,1
approvingly,1
triumph,1
ashish,1
clone,1
seventies,1
oh,1
possibility,1
periodical,1
sustenance,1
expressions,1
impression,1
criteria,1
receive,1
expensive,1
sambuddha,1
keeping,1
hybrid,1
theological,1
network,1
sharpening,1
explore,1
imitating,1
protected,1
degrees,1
frontispiece,1
effeminate,1
mandatory,1
lied,1
idealistic,1
deliverance,1
sixteenthcentury,1
toys,1
naughty,1
mem,1
rape,1
anyanya,1
niggling,1
carry,1
hints,1
dinabandhu,1
thorn,1
aghorprakash,1
goswami,1
prompted,1
psyche,1
stake,1
pangs,1
heavily,1
kintu,1
satirical,1
sin,1
laxity,1
damnation,1
explains,1
anointing,1
norm,1
patra,1
reciprocate,1
confined,1
indigenous,1
comment,1
dreadfuls,1
supreme,1
feared,1
zamindar,1
englishmen,1
reminiscence,1
texture,1
babu,1
egalitarian,1
sensitiveness,1
genuine,1
tale,1
describe,1
fit,1
mukhopadhyayerjibancharit,1
reconstructed,1
admirer,1
omnibus,1
issues,1
literally,1
aggravated,1
princely,1
falling,1
surpass,1
participated,1
bolster,1
stimulate,1
statistics,1
pan,1
binding,1
prisoner,1
rituals,1
music,1
srinath,1
focuses,1
publish,1
member,1
cry,1
admirers,1
floors,1
appreciated,1
adhere,1
folklore,1
nishiddha,1
health,1
manage,1
marathi,1
tears,1
gently,1
universally,1
cruder,1
porcupine,1
connections,1
feast,1
minds,1
condoning,1
abolish,1
cults,1
kamtanurkar,1
nonkulin,1
washing,1
unmarried,1
annotated,1
portraits,1
exchanged,1
earth,1
carriage,1
signing,1
sinfulness,1
responses,1
correct,1
successful,1
caused,1
describing,1
field,1
retired,1
ego,1
deity,1
sympathy,1
upanyas,1
kartabhajas,1
things,1
wished,1
straight,1
involve,1
tested,1
uncontrolled,1
villagers,1
order,1
contrast,1
precedents,1
granddaughter,1
appreciatively,1
barriers,1
desdemona,1
unorthodox,1
night,1
brahman,1
lucknow,1
quantification,1
ramakrishna,1
endowed,1
components,1
legitimize,1
folk,1
embarrassed,1
breaking,1
kshudrajibanalakhya,1
dramatic,1
goddess,1
codes,1
latest,1
somnath,1
motherhood,1
blessings,1
impossible,1
occasions,1
name,1
drudgery,1
deplored,1
samaje,1
goat,1
dependent,1
sucharita,1
acts,1
proper,1
viyasagar,1
bishbriksha,1
correspondence,1
peculiar,1
mustard,1
newly,1
harrows,1
hypocrisy,1
evoked,1
activities,1
saturnalian,1
behalf,1
concomitant,1
avoid,1
domesticity,1
hair,1
eternal,1
defended,1
excrutiating,1
parishad,1
imprint,1
studded,1
saree,1
bleating,1
macaulay,1
nonkulins,1
sukumar,1
agreed,1
guarded,1
alia,1
inadequacy,1
reminiscences,1
natak,1
modally,1
mechanisms,1
haven,1
alliance,1
modernizers,1
scriptural,1
caught,1
play,1
wings,1
bereft,1
wait,1
mahalanabish,1
lamentation,1
innocence,1
upward,1
sitting,1
poor,1
reduce,1
prove,1
projecting,1
whatever,1
inhibiting,1
doyen,1
emulated,1
subdivisional,1
dawned,1
indicates,1
interactions,1
domination,1
indecorous,1
nursery,1
sponsored,1
bhairavi,1
boy,1
motive,1
movement,1
similarly,1
logical,1
degree,1
demends,1
sensation,1
reception,1
direction,1
positive,1
bayibilas,1
spectacular,1
prabhatkumar,1
powerfully,1
corrupting,1
violate,1
contributing,1
ke,1
kriyate,1
outlets,1
vided,1
precondition,1
refusing,1
arrangements,1
security,1
repressive,1
pp,1
happened,1
frowned,1
pratidina,1
morbid,1
continuity,1
zamindars,1
bhakti,1
challenged,1
neither,1
thesis,1
ancient,1
enshrined,1
included,1
jnatis,1
delight,1
shock,1
ideology,1
passions,1
floor,1
scriptures,1
joint,1
darkened,1
reprint,1
extramarital,1
belonging,1
unmitigated,1
alien,1
jogamaya,1
picture,1
cage,1
sketch,1
miseries,1
volume,1
beingsinforms,1
fellow,1
blossomed,1
inheriting,1
swayam,1
successfully,1
admit,1
focused,1
maharani,1
paul,1
festivity,1
coming,1
forelorn,1
stream,1
inspired,1
andare,1
drink,1
responsibilities,1
put,1
successfuly,1
misfortunes,1
ashok,1
projects,1
observance,1
demographic,1
vaishnava,1
efforts,1
speaks,1
traceable,1
lack,1
divorce,1
almighty,1
insidious,1
idea,1
valid,1
stories,1
fundamental,1
endless,1
recurrent,1
amritalal,1
sleep,1
polluted,1
proposal,1
peyechi,1
match,1
inept,1
madaripur,1
musicians,1
teachers,1
dysfunctional,1
inevitably,1
sadhana,1
larger,1
foreigner,1
cure,1
uncle,1
premik,1
watch,1
bidyasundar,1
cages,1
debates,1
descended,1
golden,1
considerable,1
fashion,1
subjection,1
seldom,1
audiences,1
external,1
sadhabar,1
clime,1
forms,1
ages,1
readers,1
likelihood,1
everyday,1
granthamala,1
ground,1
jogeshchandrachandra,1
siva,1
sadly,1
kulasarbasva,1
purposes,1
liking,1
income,1
celebrated,1
bhagavadgita,1
thakurer,1
political,1
emotion,1
ahead,1
mystics,1
rich,1
groom,1
kshitindranath,1
socialization,1
controversy,1
routledge,1
encountered,1
nidra,1
thakurani,1
historiographical,1
reminds,1
remove,1
fight,1
rammohan,1
meetings,1
gheto,1
marriageable,1
superstition,1
kshudrajibanalekhya,1
simple,1
rejoiced,1
ecstasy,1
precluded,1
success,1
birth,1
restrictions,1
unwelcome,1
forbidden,1
bear,1
locate,1
fretful,1
pageantry,1
wretched,1
writings,1
fictional,1
calumny,1
maharashtra,1
desperate,1
sword,1
judge,1
illumination,1
ananya,1
recover,1
worship,1
wore,1
host,1
smriti,1
chanda,1
controlling,1
entirely,1
asian,1
use,1
food,1
prevailed,1
manoharlal,1
transcendent,1
waking,1
virtually,1
assume,1
morality,1
nude,1
autobiographical,1
vocabulary,1
educating,1
ideologues,1
ideas,1
resulting,1
bed,1
inflicted,1
unfortunates,1
bitter,1
processes,1
throws,1
trend,1
recovery,1
discontinuity,1
dasgupta,1
cooped,1
individuals,1
insults,1
encapsulate,1
literate,1
stopping,1
munshiram,1
enforcers,1
advantages,1
intimacy,1
modicum,1
arguably,1
rejected,1
futile,1
bangiya,1
quotation,1
corrupted,1
discovered,1
nephew,1
dekhechhi,1
inadequancy,1
styles,1
moral,1
adding,1
frustrated,1
basak,1
se,1
profession,1
modernization,1
accounted,1
dominated,1
maintenance,1
urge,1
dev,1
conception,1
burdening,1
deb,1
everypanchali,1
pride,1
courted,1
liberate,1
allowed,1
dedication,1
revised,1
chakraborty,1
arousal,1
plant,1
premium,1
features,1
played,1
collected,1
distinction,1
stages,1
lie,1
mahashanti,1
kept,1
stalwarts,1
believing,1
uncompromising,1
segment,1
narcissistic,1
courtyard,1
morals,1
polygyny,1
strangely,1
enumerate,1
graphic,1
witness,1
sentiment,1
labour,1
conspicuously,1
pustakalay,1
systems,1
satisfy,1
trying,1
k,1
assures,1
ornaments,1
commands,1
deputy,1
exactly,1
midnight,1
influences,1
plate,1
judgement,1
enthusiasts,1
claiming,1
seeking,1
rhetorical,1
revolted,1
blood,1
manes,1
zaminder,1
kayasthas,1
indulgence,1
workshop,1
ramkrishna,1
dacca,1
debendranath,1
housewives,1
insignificant,1
professional,1
apte,1
embodied,1
cold,1
councils,1
vain,1
unrelated,1
convincingly,1
clans,1
stereotypes,1
species,1
harnessing,1
decision,1
menstruated,1
rarity,1
talked,1
hapless,1
entitled,1
incongruous,1
inequities,1
speculate,1
lo,1
flesh,1
pure,1
swim,1
adultery,1
dreadful,1
seclusion,1
flower,1
courting,1
kissed,1
phal,1
stars,1
fairly,1
continued,1
mixture,1
bureaucrats,1
neighbour,1
chance,1
zenana,1
foreign,1
defenders,1
proclaimed,1
practitioners,1
bharya,1
delighted,1
abject,1
aunt,1
reasonable,1
employment,1
insecure,1
begin,1
vague,1
meredith,1
lines,1
slow,1
referred,1
sensitive,1
antare,1
concluding,1
seen,1
castes,1
festival,1
force,1
worse,1
desachara,1
hers,1
lawrence,1
modify,1
backlash,1
thirteen,1
suburban,1
incredulity,1
try,1
length,1
mukherji,1
dipesh,1
casually,1
specious,1
keshabchandra,1
adventure,1
puritans,1
united,1
achieve,1
ms,1
dead,1
actress,1
humiliation,1
served,1
crowded,1
partners,1
door,1
rightful,1
addressed,1
plus,1
supply,1
sections,1
woke,1
environment,1
contained,1
encomium,1
sexes,1
heavy,1
thinking,1
following,1
hinduism,1
impulse,1
intervened,1
mentioned,1
gupterfibani,1
preclude,1
purdah,1
extensive,1
constituted,1
kanta,1
overstep,1
charit,1
uma,1
lovers,1
weeping,1
pissed,1
friends,1
protagonists,1
organization,1
quotes,1
kumar,1
glimpse,1
desolation,1
jibancharit,1
dining,1
calamity,1
jibani,1
forty,1
feelings,1
chaperones,1
civilians,1
incomprehension,1
evokes,1
mutually,1
bagal,1
pata,1
obscene,1
refused,1
revolutionaries,1
sure,1
mollify,1
centres,1
sheep,1
ancestor,1
unwittingly,1
heber,1
marginalization,1
distraction,1
buddhist,1
comfort,1
print,1
boom,1
exercised,1
printed,1
bishayak,1
nights,1
modalities,1
regard,1
benares,1
followers,1
exceptional,1
iii,1
ideological,1
observe,1
pleased,1
compliance,1
job,1
expresses,1
dared,1
tantricism,1
freemasonries,1
disciple,1
slippers,1
anguished,1
benefit,1
reflected,1
cultures,1
applauded,1
tracts,1
distinctive,1
pomp,1
sakuntala,1
rural,1
quoted,1
passage,1
ethos,1
works,1
miranda,1
historian,1
evident,1
prescribing,1
romeo,1
hypergamy,1
believed,1
aesthetic,1
banditry,1
dismissal,1
suffering,1
prohibited,1
unlikely,1
avoidance,1
irreconcilability,1
propagator,1
distressing,1
carefully,1
unique,1
rose,1
namely,1
obsessive,1
particular,1
quote,1
gaucheries,1
credible,1
firmly,1
theory,1
ceased,1
dream,1
dispensation,1
understandably,1
correspondent,1
listen,1
chapter,1
getting,1
hesitate,1
brilliant,1
secure,1
boys,1
produce,1
oo,1
information,1
limitations,1
precedent,1
episode,1
missed,1
shantikumar,1
urban,1
infant,1
tantric,1
anxieties,1
periodicals,1
anukaran,1
burden,1
joys,1
unchaste,1
dialogues,1
neck,1
intention,1
poems,1
singers,1
geraldine,1
extracts,1
attachments,1
peace,1
thereby,1
ancestral,1
conclude,1
bishwabani,1
preferable,1
content,1
alternatives,1
confirm,1
nephews,1
convinced,1
giving,1
preached,1
administration,1
returning,1
rupees,1
struck,1
oil,1
screen,1
cleverly,1
reconstruct,1
somprakash,1
gurus,1
phenomenon,1
coins,1
sweets,1
writing,1
rulers,1
accorded,1
grandeur,1
varied,1
internalized,1
subsumed,1
prepared,1
bedecked,1
ethnocentric,1
lechery,1
classless,1
enthusiasm,1
loken,1
shown,1
models,1
obliged,1
conducive,1
challish,1
englishman,1
prescribe,1
perforce,1
editor,1
consult,1
cambridge,1
sever,1
triumphed,1
initiated,1
obsessed,1
sampraday,1
twentieth,1
baitanik,1
uttering,1
flowered,1
catch,1
derozio,1
aware,1
motives,1
burnt,1
dangerous,1
value,1
sat,1
depressing,1
documentation,1
offshoot,1
dattachaudhuri,1
grown,1
educationally,1
need,1
deviated,1
sacrificial,1
hetaira,1
successive,1
contraception,1
defiance,1
approach,1
scoundrel,1
octogenarian,1
pitririna,1
objections,1
karma,1
association,1
punished,1
morning,1
anonymous,1
ululation,1
thousand,1
treats,1
supported,1
harinarayan,1
plea,1
ated,1
diamonds,1
actions,1
conjured,1
withdrew,1
ser,1
portrait,1
allegedly,1
rachana,1
rejection,1
scholarship,1
shyly,1
memories,1
irrelevant,1
ramnarayan,1
enlightment,1
texts,1
fears,1
tarkaratna,1
exclusively,1
develop,1
informality,1
lecherous,1
heir,1
bulwark,1
images,1
enhanced,1
haribandhu,1
pushpotsav,1
seek,1
ends,1
whenever,1
magistrate,1
either,1
charms,1
beings,1
indistinguishable,1
rhymes,1
gurucharan,1
middle,1
subarnarekha,1
meeting,1
devastated,1
showed,1
patriots,1
verging,1
race,1
costly,1
barks,1
eagerly,1
