WORDCOUNTS,WEIGHT
the,40
of,34
and,22
noyes,16
in,10
to,9
foster,9
community,9
oneida,9
a,8
by,7
with,7
s,6
complex,5
communitarian,5
on,5
marriage,5
religious,5
religio,4
nova,4
early,4
most,3
page,3
new,3
his,3
movements,3
pm,3
an,3
qxd,3
relations,3
manuscript,3
for,3
book,3
scholars,3
transition,3
john,3
or,3
history,3
from,2
reviews,2
years,2
w,2
system,2
oneidans,2
g,2
george,2
wallingford,2
crucial,2
that,2
key,2
text,2
sexual,2
other,2
well,2
process,2
over,2
lawrence,2
humphrey,2
based,2
life,2
communities,2
as,2
documents,2
is,2
p,2
concern,2
figures,2
among,2
university,2
challenges,2
state,2
experiment,2
major,2
personal,2
continual,1
relationships,1
internal,1
nineteenth,1
mary,1
at,1
miller,1
difficult,1
versions,1
several,1
march,1
difficulties,1
but,1
such,1
perfectionist,1
control,1
development,1
enhances,1
this,1
themes,1
r,1
relationship,1
role,1
against,1
done,1
illinois,1
bret,1
photos,1
whose,1
institutionalization,1
socialization,1
first,1
century,1
publishing,1
absence,1
known,1
points,1
way,1
either,1
california,1
tension,1
ltd,1
spiritual,1
undoubtedly,1
social,1
august,1
will,1
begun,1
more,1
commentary,1
discipline,1
has,1
outsiders,1
successful,1
short,1
adds,1
manifestos,1
scholar,1
practical,1
useful,1
service,1
how,1
cragin,1
utopia,1
primary,1
letters,1
free,1
excerpts,1
world,1
america,1
ventures,1
because,1
contraction,1
value,1
mormons,1
cloth,1
deaths,1
attempts,1
innovators,1
shakers,1
important,1
ten,1
highly,1
regarding,1
signposts,1
biographies,1
administrative,1
death,1
inner,1
appending,1
e,1
inserting,1
welcome,1
suggests,1
turbulent,1
prove,1
emphasis,1
sexuality,1
formative,1
understanding,1
incomplete,1
above,1
unorthodox,1
all,1
introduction,1
literature,1
association,1
experimentation,1
anyone,1
work,1
had,1
understand,1
legal,1
manifest,1
corporal,1
love,1
communal,1
carroll,1
made,1
fact,1
facing,1
interested,1
identifying,1
temporary,1
one,1
body,1
editing,1
resumption,1
reader,1
prompted,1
xii,1
newspapers,1
often,1
brought,1
further,1
embarrassment,1
insubordination,1
illustrations,1
x,1
attending,1
establishment,1
guide,1
sheds,1
strongly,1
might,1
supervision,1
loyalty,1
press,1
authority,1
followers,1
extended,1
annual,1
two,1
crisis,1
edited,1
children,1
h,1
daily,1
lawsuits,1
disapproving,1
instances,1
descendants,1
regret,1
shared,1
uncle,1
out,1
also,1
entire,1
documentary,1
use,1
report,1
end,1
interpretive,1
many,1
suggestive,1
desertion,1
collection,1
during,1
explores,1
stanislaus,1
under,1
considerable,1
tensions,1
recent,1
diaries,1
j,1
struggles,1
leadership,1
beliefs,1
family,1
was,1
hubbard,1
compiled,1
destroyed,1
announcing,1
abandonment,1
included,1
examining,1
light,1
marks,1
complete,1
antebellum,1
capsule,1
growing,1
seeking,1
suspension,1
origins,1
