WORDCOUNTS,WEIGHT
the,222
i,166
a,145
and,140
of,102
in,85
to,81
was,71
my,62
that,51
for,49
it,46
charlotte,43
play,42
her,41
you,38
she,33
s,32
an,30
he,26
as,25
had,25
with,24
wright,24
at,21
from,21
me,20
about,20
on,20
we,20
would,18
by,17
own,17
so,17
doug,16
t,16
theatre,15
but,15
stanescu,15
when,15
one,14
then,14
wife,14
am,14
is,14
out,13
be,13
way,12
very,12
award,12
your,12
father,12
this,12
berlin,11
said,11
first,11
ll,11
did,11
write,11
life,10
new,10
have,10
jefferson,10
mother,9
many,9
aunt,9
do,9
von,9
d,9
take,8
his,8
how,8
or,8
those,8
day,8
night,8
gay,8
think,8
story,8
york,7
who,7
make,7
read,7
us,7
mahlsdorf,7
ii,7
there,7
didn,7
east,7
because,7
next,7
up,7
german,6
european,6
performance,6
piece,6
american,6
character,6
m,6
before,6
written,6
can,6
little,6
through,6
its,6
our,6
dramatic,6
like,6
documentary,6
world,6
luise,5
saw,5
drama,5
tante,5
they,5
table,5
thought,5
history,5
just,5
show,5
transcripts,5
also,5
journey,5
over,5
good,5
could,5
time,5
called,5
took,5
political,5
some,5
knew,5
mays,5
herself,5
room,5
were,5
really,5
years,5
course,5
working,5
him,5
felt,5
theatrical,5
act,4
their,4
berfelde,4
not,4
door,4
moises,4
house,4
ve,4
most,4
two,4
simply,4
more,4
all,4
are,4
playwriting,4
best,4
found,4
scenes,4
john,4
actor,4
what,4
shoot,4
kaufman,4
well,4
outstanding,4
met,4
became,4
subject,4
realized,4
quills,4
personal,4
three,4
iiii,4
moment,4
evening,4
never,4
yes,4
stasi,4
even,4
nazi,4
set,3
film,3
o,3
child,3
no,3
been,3
across,3
transvestite,3
process,3
them,3
germany,3
told,3
center,3
fall,3
museum,3
get,3
old,3
wanted,3
under,3
maybe,3
following,3
performed,3
playwright,3
known,3
tape,3
coming,3
love,3
every,3
text,3
production,3
sundance,3
might,3
worked,3
each,3
chair,3
went,3
other,3
wall,3
children,3
government,3
audiences,3
recorder,3
person,3
war,3
broadway,3
eastern,3
u,3
collector,3
almost,3
iiiiiiiiii,3
west,3
furniture,3
role,3
die,3
experience,3
whole,3
gave,3
tale,3
during,3
dress,3
antique,3
named,3
tell,3
models,3
go,3
myself,3
sense,3
writer,3
century,3
asked,3
nazis,3
after,3
black,3
herr,3
started,3
clock,3
obie,3
always,3
including,3
characters,3
entire,3
workshop,3
und,3
should,3
model,2
critics,2
judge,2
wooden,2
hero,2
weapon,2
communist,2
outsider,2
bring,2
foreign,2
plays,2
ministry,2
hat,2
revolver,2
order,2
female,2
intriguing,2
becomes,2
april,2
parents,2
still,2
initially,2
talk,2
why,2
hi,2
kill,2
tegel,2
figures,2
repressive,2
arts,2
traveled,2
conscious,2
soon,2
wearing,2
spirit,2
school,2
into,2
rarely,2
tells,2
playhouse,2
same,2
n,2
file,2
saviana,2
regime,2
rather,2
reading,2
paul,2
hmm,2
resonance,2
script,2
bundesverdienstkreuz,2
paper,2
iam,2
words,2
fact,2
head,2
divorce,2
down,2
lyceum,2
together,2
great,2
iii,2
any,2
inspired,2
end,2
audience,2
amusing,2
historical,2
hand,2
remarkable,2
let,2
where,2
something,2
couldn,2
form,2
produced,2
re,2
meet,2
ich,2
effort,2
youth,2
pulled,2
going,2
possibility,2
information,2
don,2
week,2
research,2
survive,2
received,2
made,2
richard,2
heart,2
jolla,2
city,2
basement,2
screenplay,2
looked,2
got,2
describe,2
has,2
writing,2
needed,2
real,2
nominated,2
call,2
which,2
review,2
movie,2
won,2
such,2
man,2
baby,2
run,2
locked,2
else,2
directed,2
national,2
author,2
finally,2
someone,2
level,2
period,2
transcript,2
around,2
better,2
small,2
class,2
communists,2
wasn,2
few,2
outside,2
prussia,2
body,2
second,2
single,2
become,2
desk,2
began,2
left,2
third,2
avowed,2
follow,2
except,2
create,2
present,2
invented,2
than,2
letter,2
hope,2
tuesday,2
la,2
word,2
swirling,2
reluctant,2
faber,2
guises,2
awards,2
staatssicherheit,1
appeal,1
survived,1
journalist,1
seats,1
final,1
crq,1
tea,1
seems,1
difficult,1
enough,1
will,1
liberation,1
waxing,1
mansion,1
does,1
tenet,1
now,1
lenin,1
der,1
pages,1
horizons,1
interesting,1
san,1
helped,1
interviewing,1
educate,1
winner,1
verb,1
license,1
nyu,1
page,1
invitation,1
played,1
air,1
window,1
stared,1
factual,1
polish,1
various,1
try,1
ass,1
auster,1
if,1
vaterland,1
sessions,1
overreach,1
l,1
usually,1
productions,1
subverted,1
reminded,1
criminal,1
transgender,1
broachable,1
relieved,1
short,1
wrote,1
essence,1
happy,1
prize,1
district,1
delighted,1
kesselring,1
mammoth,1
pieces,1
feared,1
ra,1
furthermore,1
truth,1
joan,1
everyone,1
credibility,1
tantalized,1
wait,1
address,1
pocket,1
parent,1
transition,1
blacker,1
marcel,1
mix,1
male,1
funny,1
onstage,1
pause,1
announced,1
e,1
mean,1
request,1
lost,1
step,1
moisds,1
requisite,1
goes,1
judgment,1
dealt,1
obsessed,1
invited,1
says,1
returned,1
surviving,1
several,1
ambivalent,1
legal,1
suggests,1
connect,1
tavern,1
chelsea,1
volcanic,1
b,1
outer,1
becoming,1
large,1
complex,1
too,1
tdr,1
slippery,1
disclose,1
eins,1
denied,1
studies,1
interviewed,1
kinds,1
profoundly,1
phrase,1
conventional,1
cassette,1
quite,1
lay,1
apocalypse,1
guide,1
researcher,1
productive,1
utensil,1
ma,1
once,1
inflatable,1
spitzenunterwaische,1
woolly,1
itself,1
aspects,1
uniquely,1
sort,1
true,1
english,1
dramaturgically,1
shining,1
sade,1
scribing,1
completely,1
sudden,1
antoine,1
shoe,1
marcus,1
circle,1
yesterday,1
scrupulous,1
gegeniiberliegenden,1
marquis,1
country,1
reproductions,1
sex,1
narrative,1
january,1
duke,1
technology,1
wonderful,1
theatres,1
ofjustice,1
borrowed,1
coeditor,1
inspiration,1
university,1
lace,1
motive,1
dog,1
awfully,1
vocabulary,1
sorts,1
enigma,1
winding,1
reconciliation,1
necessarily,1
metaphoric,1
critical,1
countdown,1
pose,1
unlike,1
hadn,1
rolling,1
yellow,1
slowly,1
trumps,1
sketches,1
boon,1
scared,1
openly,1
skirt,1
raise,1
artificial,1
marks,1
director,1
actually,1
culture,1
singular,1
ineffable,1
directing,1
tapes,1
protagonists,1
considered,1
ashamed,1
descriptions,1
contemporaries,1
scrawled,1
complexity,1
changing,1
summer,1
weeks,1
dining,1
rendered,1
truths,1
these,1
biography,1
turning,1
pulitzer,1
leads,1
rehearse,1
staunch,1
pronouns,1
contradiction,1
couch,1
wear,1
democratic,1
ask,1
cracked,1
being,1
friend,1
bar,1
member,1
important,1
cast,1
popular,1
only,1
snow,1
filmmaker,1
robert,1
raids,1
picture,1
continued,1
fiir,1
specific,1
synchronicities,1
bars,1
dramatized,1
workshops,1
hence,1
long,1
besides,1
starting,1
certainly,1
aristotelian,1
strenuous,1
beside,1
middle,1
pounding,1
bombs,1
fully,1
heritage,1
unvarnished,1
four,1
stary,1
surethe,1
bolts,1
flew,1
ride,1
froze,1
power,1
give,1
evidence,1
childhood,1
quickly,1
preference,1
toward,1
purely,1
diego,1
others,1
ran,1
death,1
bin,1
academy,1
christ,1
plunked,1
dictatorship,1
amazing,1
central,1
disclosures,1
performs,1
bureaucracy,1
friends,1
lassen,1
tiny,1
drei,1
j,1
prestigious,1
invent,1
grandfather,1
artists,1
novel,1
based,1
title,1
until,1
iiiii,1
global,1
suburbs,1
betrayal,1
shaped,1
tour,1
idea,1
sooner,1
stories,1
cd,1
board,1
included,1
reunification,1
merit,1
name,1
train,1
plucked,1
informer,1
cushions,1
das,1
agree,1
homework,1
fearless,1
guild,1
surprisingly,1
money,1
iiiiiii,1
attempting,1
sneak,1
adds,1
allied,1
pad,1
choice,1
carol,1
exotic,1
exact,1
ambiguity,1
inevitably,1
craft,1
lived,1
achievement,1
sofa,1
blieb,1
cavalier,1
studied,1
inherent,1
cz,1
liked,1
trage,1
associates,1
hear,1
ocean,1
guy,1
rely,1
events,1
futzes,1
reacts,1
state,1
moonlight,1
stunning,1
scheduled,1
golden,1
eat,1
subsequent,1
free,1
security,1
dramas,1
help,1
liberties,1
introduce,1
hbo,1
inventive,1
giggled,1
living,1
ofyokastas,1
february,1
playwrights,1
petition,1
crafted,1
late,1
men,1
say,1
exploded,1
conclusions,1
ferocity,1
further,1
stand,1
growing,1
drove,1
emily,1
beginning,1
narratives,1
trapped,1
paris,1
performances,1
sagged,1
tales,1
horribly,1
cultural,1
quiet,1
embody,1
ur,1
manner,1
pistol,1
somewhat,1
responsibility,1
keys,1
praunheim,1
accurate,1
connective,1
developing,1
beating,1
carefully,1
sister,1
gramophone,1
telling,1
execution,1
receives,1
establish,1
coffee,1
teacher,1
default,1
existence,1
recently,1
schneider,1
list,1
chalfant,1
see,1
interview,1
hailed,1
brutal,1
involvement,1
miniature,1
coast,1
want,1
costumed,1
politically,1
side,1
mann,1
otherwise,1
globe,1
takes,1
westminster,1
ahead,1
placed,1
lortel,1
dallas,1
add,1
eye,1
near,1
covers,1
volatile,1
dollhouse,1
intend,1
forthcoming,1
anecdote,1
levels,1
dramatize,1
monster,1
sentenced,1
courtesy,1
series,1
tightly,1
travel,1
exploration,1
adaptation,1
key,1
loved,1
avid,1
fascination,1
task,1
photo,1
adopts,1
getdtet,1
oh,1
issuesparticularly,1
scene,1
customary,1
timescould,1
league,1
wants,1
america,1
influenced,1
saying,1
memory,1
draw,1
institute,1
march,1
project,1
sigh,1
degree,1
selvin,1
notebook,1
noticed,1
transvestism,1
voice,1
guidebook,1
silently,1
grandma,1
ritual,1
original,1
apartment,1
replacement,1
opened,1
ministerium,1
apparently,1
timbuktu,1
shame,1
private,1
contemplative,1
luck,1
cabaret,1
aren,1
ofgramophones,1
oddly,1
starred,1
discussion,1
july,1
overloaded,1
autobiographic,1
reaching,1
front,1
translated,1
laramie,1
schechner,1
solid,1
schwarze,1
treated,1
marking,1
hinten,1
predisposed,1
navigate,1
completed,1
remember,1
start,1
callow,1
mothers,1
magazine,1
exception,1
writers,1
possible,1
curios,1
women,1
preserved,1
kornberg,1
blurted,1
taking,1
brought,1
staged,1
able,1
games,1
rosa,1
yogurt,1
supertitles,1
obsession,1
cleaning,1
beloved,1
establishment,1
previously,1
norm,1
lucille,1
fiercest,1
knowledge,1
transgendered,1
bullet,1
clubs,1
zwei,1
press,1
november,1
negotiation,1
scheunenviertel,1
lothar,1
solo,1
jeffrey,1
brave,1
narrator,1
interviews,1
compulsive,1
rendering,1
wound,1
sitting,1
host,1
contradictions,1
everywhere,1
virtuosity,1
bona,1
intention,1
kathleen,1
enduring,1
loss,1
year,1
used,1
vitez,1
frantically,1
operate,1
obtain,1
open,1
blue,1
lab,1
place,1
decreed,1
raspberry,1
equipped,1
much,1
issues,1
shopping,1
morris,1
nude,1
challenges,1
capture,1
immediately,1
people,1
ulq,1
officers,1
unities,1
bed,1
allegations,1
successful,1
aspect,1
academic,1
militarism,1
homosexual,1
fide,1
london,1
hour,1
durchschlug,1
strong,1
aufdeutsch,1
trust,1
come,1
regularly,1
previous,1
eventually,1
unthreatening,1
childdoug,1
stayed,1
chiming,1
lodged,1
nevertheless,1
officer,1
refugees,1
bedroom,1
lola,1
metal,1
fictionalized,1
recording,1
prison,1
doffed,1
mine,1
iconic,1
foreigners,1
both,1
panties,1
quality,1
pointed,1
bombing,1
berliners,1
arrested,1
flying,1
against,1
visited,1
moral,1
kugel,1
approach,1
grew,1
either,1
magic,1
count,1
de,1
language,1
movies,1
appropriate,1
feverishly,1
police,1
accept,1
hurt,1
mode,1
essay,1
makes,1
interest,1
authoritative,1
homes,1
pour,1
fiinfj,1
pin,1
brother,1
product,1
defense,1
adopted,1
less,1
liia,1
seagull,1
although,1
convinced,1
correct,1
club,1
notified,1
scheiden,1
define,1
conducted,1
stood,1
inc,1
mfa,1
occasionally,1
employing,1
caught,1
stage,1
straight,1
draped,1
housed,1
interrupt,1
static,1
z,1
learning,1
prospect,1
kind,1
playing,1
attempted,1
off,1
clothes,1
priority,1
hours,1
poetic,1
detention,1
folding,1
moratorium,1
gun,1
sharp,1
previews,1
came,1
dissociates,1
lampoon,1
martin,1
arc,1
pearls,1
antiques,1
impart,1
direction,1
roughly,1
clocks,1
mccarter,1
batteriescharlotte,1
perspective,1
decide,1
seminal,1
unwavering,1
moved,1
grandmotherly,1
using,1
offered,1
facing,1
arrayed,1
stature,1
profound,1
back,1
tony,1
dividend,1
marriage,1
highly,1
choose,1
trying,1
excerpted,1
study,1
between,1
eyes,1
lesbian,1
put,1
substitute,1
sentences,1
snowing,1
allowed,1
interrogating,1
embarrassingly,1
presence,1
honest,1
coauthor,1
themselves,1
massachusetts,1
tdtete,1
last,1
c,1
distinguished,1
suddenly,1
texas,1
arranged,1
mitte,1
correspondent,1
bag,1
beats,1
resonant,1
homemade,1
yielded,1
teach,1
era,1
part,1
sagt,1
lying,1
managed,1
follows,1
dark,1
barely,1
romania,1
mirrored,1
vier,1
news,1
titillated,1
doesn,1
look,1
astonishing,1
attracted,1
evacuation,1
toten,1
tisch,1
discern,1
sich,1
fell,1
among,1
citizen,1
krakow,1
holz,1
deeply,1
mischief,1
transvestiten,1
plushy,1
rearrange,1
shoebox,1
rudimentary,1
stone,1
debut,1
jail,1
discoveries,1
occasion,1
newly,1
feel,1
meeting,1
lincoln,1
questions,1
doing,1
honing,1
regimes,1
roles,1
tissue,1
portrait,1
draft,1
established,1
widely,1
major,1
weimar,1
justice,1
proviso,1
top,1
decision,1
hidden,1
translator,1
separate,1
duchamp,1
tiir,1
