WORDCOUNTS,WEIGHT
the,354
of,235
to,204
in,157
is,141
a,138
and,137
that,118
it,83
this,74
not,74
for,65
he,63
as,62
be,61
but,59
one,56
god,53
s,51
i,50
or,48
his,47
hick,47
we,46
no,44
on,38
evil,37
have,36
are,35
at,34
would,34
by,33
all,32
will,32
life,29
suffering,29
problem,28
there,27
an,27
which,27
if,25
world,22
more,22
so,21
loving,21
what,21
our,21
case,20
could,20
these,20
any,20
does,19
with,19
her,19
they,18
even,18
can,18
has,18
such,17
do,17
from,17
moral,16
them,16
human,15
cannot,15
rabbit,15
only,15
who,15
say,14
him,14
good,14
did,14
way,13
than,13
p,13
end,13
then,13
pain,13
final,12
state,12
some,12
their,12
reason,12
must,12
innocent,12
was,11
just,11
character,11
theodicy,11
because,11
when,11
still,11
us,11
other,11
been,11
course,11
cases,10
men,10
vale,10
death,10
time,10
here,10
each,10
true,9
being,9
first,9
roland,9
last,9
nor,9
may,9
well,9
puccetti,9
others,9
really,9
where,9
perhaps,9
she,9
into,8
infinite,8
how,8
most,8
out,8
further,8
shall,8
same,8
nothing,8
physical,8
animal,8
before,7
painful,7
long,7
cat,7
possible,7
kind,7
perfect,7
without,7
observations,7
cancer,7
its,7
least,7
also,7
suppose,7
children,7
man,7
while,7
think,7
morally,7
mystery,7
either,6
patient,6
far,6
thus,6
back,6
sin,6
example,6
intermediate,6
place,6
pike,6
few,6
make,6
yet,6
pp,6
hand,6
necessary,6
belief,6
disease,6
scheme,6
entirely,6
pleasure,6
after,6
parent,6
know,6
brilliant,6
years,6
create,6
should,6
now,5
completely,5
had,5
experience,5
said,5
victim,5
might,5
reasons,5
hundred,5
take,5
mind,5
pianist,5
since,5
find,5
higher,5
rather,5
means,5
soul,5
bad,5
consider,5
let,5
having,5
concept,5
purpose,5
someone,5
solution,5
sense,5
indeed,5
above,5
about,5
under,5
seems,5
two,5
love,5
never,5
less,5
faith,5
become,5
things,5
why,5
merely,5
better,5
according,5
infant,5
analogy,5
defence,5
finally,5
much,5
child,4
truth,4
rewards,4
presents,4
total,4
every,4
toddler,4
book,4
issue,4
move,4
says,4
divine,4
theodicist,4
notion,4
process,4
mean,4
lives,4
gets,4
show,4
beyond,4
suggested,4
my,4
lead,4
during,4
quite,4
sufficient,4
choose,4
up,4
therefore,4
theists,4
again,4
longer,4
day,4
another,4
use,4
evolution,4
were,4
open,4
three,4
like,4
christian,4
often,4
see,4
instances,4
get,4
torment,4
fifteen,4
humane,4
natural,4
over,4
believe,4
down,4
past,4
person,4
both,4
come,4
false,4
need,4
off,4
thousand,4
themselves,4
pool,4
go,3
everyone,3
live,3
conscious,3
history,3
leads,3
permit,3
creation,3
joyous,3
rational,3
j,3
together,3
fully,3
religion,3
anyway,3
real,3
farmer,3
saying,3
point,3
exist,3
surely,3
allowing,3
gambit,3
look,3
propositions,3
though,3
whose,3
leave,3
animals,3
four,3
view,3
veterinarian,3
heavenly,3
called,3
philosophical,3
lets,3
directly,3
future,3
work,3
carry,3
claim,3
genuine,3
issues,3
contains,3
people,3
personal,3
away,3
week,3
several,3
always,3
value,3
calls,3
second,3
give,3
matter,3
experiences,3
put,3
positive,3
retreat,3
falls,3
complete,3
picture,3
unlimited,3
ask,3
seconds,3
fact,3
idea,3
agree,3
developed,3
new,3
john,3
personality,3
present,3
imagine,3
omnipotent,3
values,3
eichmann,3
clear,3
period,3
unexamined,3
banquet,3
anyone,3
finite,3
exactly,3
effect,3
probably,3
asking,3
sometimes,3
crucial,3
theist,3
understand,3
responsible,3
hope,3
environment,3
following,3
existence,3
trapped,3
agony,3
paper,3
affirm,3
whether,3
terms,3
theodicists,3
want,3
particular,3
stern,3
little,3
through,3
became,3
subject,3
reserves,3
injured,3
headmaster,3
you,3
doing,3
huntington,2
concerned,2
later,2
tion,2
implies,2
alone,2
ultimate,2
strictly,2
organic,2
individually,2
something,2
anything,2
explaining,2
certainly,2
interested,2
ii,2
fund,2
taken,2
diseases,2
nature,2
great,2
disproportionate,2
infinitely,2
stand,2
precisely,2
mr,2
those,2
provident,2
depends,2
wasted,2
capacity,2
eschaton,2
primary,2
iv,2
watched,2
compensatory,2
pets,2
pleasant,2
apart,2
taking,2
except,2
laws,2
desirable,2
himself,2
prevented,2
instrumentalist,2
guilty,2
succeed,2
winning,2
mistake,2
collapse,2
difficulties,2
proportionate,2
utopian,2
development,2
relatively,2
moment,2
cf,2
affairs,2
thing,2
nelson,2
old,2
irenaeus,2
differently,2
six,2
guardian,2
left,2
misleading,2
occasion,2
unperfected,2
poor,2
likeness,2
hopes,2
remain,2
knew,2
suffer,2
goes,2
earlier,2
talk,2
certain,2
lacking,2
white,2
front,2
wanted,2
established,2
physically,2
image,2
sick,2
section,2
prevent,2
important,2
hedonistic,2
friends,2
thinks,2
attack,2
scenes,2
respects,2
afternoon,2
treat,2
divide,2
however,2
possibility,2
wants,2
memory,2
christianity,2
gained,2
theological,2
accounting,2
carries,2
part,2
excessive,2
caught,2
scars,2
loss,2
whole,2
relevance,2
actually,2
sceptic,2
deserved,2
own,2
weeks,2
approach,2
earth,2
insoluble,2
stage,2
order,2
wrong,2
phrase,2
insurance,2
highly,2
acts,2
wisely,2
am,2
enjoy,2
appeal,2
cite,2
eternal,2
battle,2
critical,2
girl,2
sovereign,2
onset,2
protecting,2
psychically,2
logically,2
limited,2
play,2
forward,2
whatever,2
flag,2
theologians,2
once,2
examined,2
makes,2
unusually,2
begins,2
goodness,2
cage,2
angel,2
endured,2
provide,2
power,2
morphine,2
conceived,2
conduct,2
endless,2
pet,2
enough,2
augustinian,2
intervene,2
model,2
creature,2
accepted,2
woman,2
going,2
upon,2
desperate,2
food,2
kingdom,2
reward,2
points,2
faces,2
individual,2
times,2
defensive,2
latter,2
facing,2
potentialities,2
eyes,2
judgement,2
unexplained,2
hume,2
normal,2
fails,2
me,2
today,2
creatures,2
omniscient,2
begin,2
becomes,2
referred,2
seen,2
render,2
philosopher,2
dead,2
mother,2
fields,2
months,2
stable,2
matters,2
claims,2
share,2
beside,2
sceptical,2
sciences,2
compensation,2
alternative,2
quickly,2
painless,2
chorea,2
principle,2
worth,2
best,2
half,2
regard,2
eventually,2
iii,2
particularly,2
obviously,2
very,2
manoeuvre,2
living,2
type,2
instant,2
beginning,2
unnecessarily,2
defend,2
making,2
maintain,2
sentient,2
indifference,2
paradise,2
despite,2
adolf,2
die,2
lies,2
measure,2
remarks,2
question,2
ultimately,2
unending,2
fatal,2
evidence,2
states,2
philosophy,2
bliss,2
remains,2
speak,2
campaign,2
occurring,2
between,2
c,2
charged,2
early,2
souls,2
beings,2
major,2
unbelief,2
adulthood,1
difficult,1
intimately,1
smoke,1
battlefield,1
thwarted,1
mostly,1
rate,1
struggle,1
believers,1
accidents,1
buildings,1
prefer,1
edge,1
horizontal,1
common,1
created,1
commitment,1
dangers,1
career,1
deserve,1
monotheism,1
fingers,1
toddles,1
perfection,1
happen,1
foraging,1
red,1
paring,1
reckoning,1
epidemic,1
preach,1
totally,1
carcinoma,1
expect,1
minutes,1
village,1
willed,1
told,1
becoming,1
large,1
settlements,1
letter,1
partially,1
achievements,1
perpetuate,1
integrity,1
syphilis,1
systematically,1
fate,1
designed,1
forgiveness,1
word,1
likely,1
constitutes,1
sets,1
ways,1
h,1
hindquarters,1
conjectures,1
earthly,1
modern,1
expects,1
considerations,1
perfecting,1
recreation,1
unlike,1
occurred,1
inserts,1
postulates,1
source,1
hamstringing,1
footing,1
chooses,1
highlight,1
lower,1
consistent,1
unenjoyabjy,1
quartrly,1
unguarded,1
utopia,1
entailed,1
bleating,1
attempts,1
crippled,1
musical,1
attempt,1
watersheds,1
permanently,1
absurd,1
advanced,1
freely,1
senseless,1
joins,1
bites,1
unjust,1
possibilities,1
immense,1
reach,1
available,1
tradition,1
crops,1
herbivorous,1
desire,1
sundry,1
gradual,1
origin,1
indifferent,1
follows,1
shot,1
aesthetic,1
able,1
incident,1
xiii,1
farther,1
concludes,1
room,1
argue,1
loves,1
hands,1
failures,1
faithful,1
consist,1
similarly,1
waving,1
opposite,1
dimmed,1
suspension,1
letting,1
unbeliever,1
behind,1
within,1
motivated,1
deteriorated,1
designs,1
tragedy,1
furry,1
chatting,1
system,1
courage,1
side,1
con,1
takes,1
hell,1
suspect,1
forthcoming,1
mortal,1
disabling,1
eastern,1
spasms,1
formulation,1
unaware,1
killed,1
right,1
victims,1
solving,1
account,1
vol,1
exertion,1
prior,1
capable,1
concentrating,1
lsd,1
plotinian,1
theology,1
mutual,1
flank,1
rid,1
fine,1
mental,1
x,1
intelligent,1
resources,1
genetic,1
along,1
peacefully,1
undoubtedly,1
enter,1
irrational,1
shorten,1
reverence,1
dignity,1
tional,1
penetrate,1
ineluctably,1
phase,1
prey,1
review,1
reverse,1
explained,1
dying,1
overstatement,1
immediate,1
reject,1
inevitable,1
run,1
medical,1
against,1
muscle,1
plato,1
doctor,1
counters,1
heal,1
regarded,1
singularly,1
decided,1
club,1
adams,1
threatens,1
unhealthy,1
topic,1
expected,1
exhausted,1
progressive,1
saved,1
venerable,1
destroyed,1
rejecting,1
civilisa,1
violently,1
contrary,1
body,1
response,1
difficulty,1
young,1
claw,1
ample,1
compared,1
third,1
witnessed,1
truly,1
died,1
vice,1
derivatively,1
cosmic,1
fellow,1
tolerance,1
irreconcilably,1
redeem,1
sane,1
ment,1
rejoice,1
aim,1
failed,1
mechanisms,1
permits,1
surprisingly,1
steps,1
adequate,1
leibniz,1
sceptics,1
predicted,1
statements,1
bring,1
l,1
growth,1
sentences,1
essence,1
aggressive,1
undeserved,1
notices,1
myself,1
conceptions,1
mackie,1
opportunity,1
rescue,1
instanced,1
eight,1
loses,1
turn,1
importance,1
b,1
adjustments,1
proffered,1
direct,1
parts,1
ix,1
hardships,1
salvation,1
special,1
reconstitution,1
gratefully,1
lay,1
persons,1
list,1
dismiss,1
keats,1
supposed,1
shell,1
support,1
eighteen,1
tooth,1
solutions,1
injury,1
escape,1
win,1
affect,1
plus,1
university,1
emergence,1
clearly,1
proved,1
contaminated,1
fortifications,1
days,1
air,1
completion,1
germane,1
exploratory,1
differs,1
frequently,1
quarters,1
surgery,1
exultant,1
xi,1
situations,1
envisages,1
n,1
lumps,1
notions,1
testament,1
cost,1
requires,1
christmas,1
problems,1
refuge,1
puts,1
instance,1
disclaims,1
primordial,1
dominant,1
care,1
protestant,1
footnote,1
cut,1
plausibly,1
fluid,1
arms,1
greater,1
hours,1
leaps,1
result,1
feel,1
advance,1
formidable,1
reprinted,1
based,1
acting,1
introduce,1
blissful,1
inappropriately,1
abandoning,1
transmission,1
holds,1
train,1
rule,1
found,1
begun,1
das,1
joy,1
unconscionably,1
seven,1
lived,1
settles,1
pass,1
compassion,1
noting,1
eat,1
stomach,1
tires,1
heroin,1
believer,1
sweepstakes,1
equally,1
equal,1
eschatological,1
affirms,1
heaven,1
lethal,1
afforded,1
despair,1
devoid,1
suffered,1
purchased,1
scale,1
grounds,1
record,1
hypothetical,1
perform,1
anselm,1
absolute,1
explain,1
instrumental,1
reluctantly,1
uncompromisingly,1
wide,1
sacrifice,1
retribution,1
briefly,1
none,1
petering,1
diction,1
spheres,1
relatives,1
diminution,1
correctly,1
justly,1
used,1
minute,1
obscurantism,1
formerly,1
received,1
writers,1
preferred,1
story,1
fared,1
hereditary,1
explains,1
inevitability,1
secret,1
negative,1
closed,1
aged,1
supreme,1
positions,1
ten,1
restructuring,1
year,1
continuation,1
designate,1
practically,1
older,1
discussions,1
postulated,1
reduces,1
constitute,1
concentrate,1
falling,1
unrelieved,1
acquittal,1
surrounding,1
noncrucial,1
believes,1
realms,1
showing,1
wanders,1
harmless,1
tears,1
mortals,1
metes,1
gracious,1
assuaging,1
elects,1
creating,1
psychologically,1
schleiermacher,1
double,1
flanking,1
suggest,1
straight,1
philosophers,1
compensating,1
practising,1
next,1
saintly,1
warrant,1
contrast,1
instru,1
sake,1
family,1
attention,1
small,1
dwell,1
unsafe,1
grow,1
unalloyed,1
shadows,1
gene,1
decline,1
portions,1
impossible,1
whatsoever,1
dedicated,1
purification,1
vertabrates,1
bloodstream,1
proper,1
achieves,1
beauty,1
appropriate,1
prizes,1
finds,1
waiting,1
valuable,1
quibble,1
logic,1
proportioned,1
subsequently,1
transforming,1
tasks,1
heretofore,1
feline,1
fortunate,1
adaptable,1
demand,1
forever,1
minor,1
various,1
fortunately,1
plenitude,1
concede,1
inventiveness,1
short,1
happy,1
appearances,1
overall,1
trials,1
return,1
horrors,1
brings,1
object,1
ramparts,1
prove,1
july,1
sedation,1
thinkers,1
movement,1
healthful,1
contra,1
eighty,1
resurrection,1
jesus,1
hold,1
insert,1
irenaean,1
postulate,1
undergo,1
comforting,1
frank,1
depicted,1
rel,1
criticism,1
justifying,1
fair,1
permission,1
recognise,1
rules,1
accident,1
happened,1
thought,1
soon,1
perplexity,1
cats,1
array,1
slovenly,1
technology,1
mobile,1
hedonic,1
neither,1
thesis,1
reconciliation,1
participants,1
home,1
extinction,1
light,1
rabbits,1
inherited,1
professor,1
culture,1
purity,1
ed,1
memories,1
upright,1
farmhouse,1
forge,1
friend,1
traverses,1
impenetrable,1
misery,1
considers,1
starting,1
fire,1
majority,1
unmistakably,1
skill,1
attacks,1
challenge,1
metaphysical,1
journey,1
renewed,1
postgraduate,1
pointed,1
stricken,1
rejects,1
responsibilities,1
stud,1
towards,1
many,1
efforts,1
valid,1
consideration,1
treatment,1
preserve,1
deterioration,1
head,1
benevolent,1
xii,1
unprepared,1
sleep,1
plan,1
magnify,1
choice,1
viii,1
transcendental,1
inoperable,1
doubt,1
inherently,1
charges,1
succeeding,1
travail,1
remark,1
serious,1
toryism,1
hop,1
v,1
ground,1
tales,1
increases,1
ridicules,1
keyboard,1
developing,1
karl,1
shown,1
lion,1
answer,1
vertical,1
sorry,1
pretty,1
invitation,1
assault,1
reasoning,1
compelled,1
tolerating,1
ordinary,1
gives,1
dysteleological,1
admittedly,1
shifts,1
reflected,1
free,1
inject,1
enmity,1
degree,1
violent,1
remove,1
status,1
credit,1
classes,1
ingenious,1
exploring,1
unsolved,1
antitheists,1
father,1
incidence,1
examples,1
considering,1
treated,1
made,1
doomed,1
organisms,1
neatly,1
inexplicable,1
abandons,1
ridiculous,1
including,1
conceivable,1
enormous,1
previously,1
looking,1
manifestations,1
worship,1
denies,1
curtail,1
providence,1
defences,1
permanent,1
assume,1
questions,1
actual,1
hour,1
imposes,1
baffling,1
raising,1
previous,1
realises,1
vii,1
charge,1
shrewd,1
ties,1
unharmed,1
discovered,1
truths,1
symptomatically,1
doctors,1
disheartening,1
peripheral,1
pest,1
essay,1
amounts,1
interpret,1
noncontroversial,1
general,1
features,1
atone,1
winner,1
obtained,1
addi,1
mammals,1
kept,1
probable,1
improved,1
provides,1
humour,1
repeated,1
pages,1
tangential,1
include,1
guilt,1
satisfy,1
parallel,1
edged,1
juncture,1
insists,1
reads,1
relation,1
sight,1
disinclined,1
overcome,1
pro,1
examine,1
structure,1
sanctifying,1
cease,1
suspend,1
macmillan,1
profligate,1
saw,1
institution,1
gaseous,1
relative,1
eating,1
ago,1
achieve,1
sole,1
unrelated,1
rationalizing,1
species,1
decision,1
restructured,1
separate,1
limiting,1
irritable,1
carried,1
suggestion,1
lo,1
respect,1
flesh,1
backward,1
mitigate,1
note,1
wisdom,1
fairly,1
irreversible,1
ecological,1
tiny,1
five,1
blessedness,1
naturally,1
overdose,1
fixing,1
nichtige,1
lines,1
attitude,1
widespread,1
gnaw,1
insist,1
progressively,1
worse,1
unselfishness,1
importantly,1
remaining,1
try,1
tearing,1
diagnosis,1
transfigured,1
intend,1
exclude,1
analysis,1
kill,1
fall,1
surprising,1
confronts,1
types,1
centuries,1
face,1
worlds,1
lingers,1
involuntary,1
unacceptable,1
antitheistic,1
detail,1
school,1
variable,1
beast,1
overriding,1
comes,1
series,1
accordance,1
changing,1
ve,1
contradiction,1
simply,1
ever,1
detect,1
known,1
precise,1
offered,1
satisfactory,1
dualistic,1
besides,1
patently,1
offers,1
blindness,1
dualism,1
outcome,1
enters,1
sharpens,1
impregnable,1
sure,1
inequities,1
qualifier,1
pounces,1
irredeemable,1
agonising,1
different,1
confident,1
temporary,1
setting,1
flew,1
seem,1
drown,1
expense,1
suspensions,1
universal,1
report,1
contradictory,1
perfectly,1
feckless,1
number,1
bowels,1
sum,1
sanctification,1
happiness,1
dashing,1
quoted,1
passage,1
works,1
malignant,1
absolutely,1
subordinate,1
justify,1
knows,1
augustine,1
born,1
barth,1
unlikely,1
explanations,1
enjoyment,1
deteriorate,1
strained,1
concedes,1
unique,1
passages,1
imperfections,1
reconcile,1
larger,1
ibid,1
plants,1
pertinent,1
wastrel,1
agricultural,1
contrasting,1
mere,1
unattracted,1
unnecessary,1
eves,1
getting,1
attaining,1
manceuvres,1
hitler,1
require,1
secure,1
repudiates,1
realising,1
benevolence,1
ideal,1
fundamentally,1
universe,1
agreeable,1
trembling,1
radically,1
intention,1
fulfilment,1
ill,1
given,1
decisive,1
introduced,1
drowning,1
activated,1
duty,1
endlessly,1
giving,1
happens,1
disappears,1
cruelly,1
unsanctification,1
teachings,1
unfortu,1
challenges,1
gloss,1
credentials,1
allows,1
gain,1
coming,1
devoured,1
varied,1
cruelty,1
subsumed,1
prepared,1
singapore,1
nately,1
devoted,1
until,1
obliged,1
touch,1
unable,1
difference,1
reveals,1
plausible,1
formulates,1
camps,1
conditions,1
symbolised,1
catch,1
imperative,1
motives,1
completed,1
sufferings,1
dangerous,1
offer,1
instead,1
suffers,1
unredeemed,1
negotiable,1
obscurity,1
involving,1
apes,1
seeks,1
haphazard,1
untouched,1
morning,1
needs,1
searching,1
admitting,1
invited,1
tradi,1
qualifying,1
arrange,1
drunk,1
sharing,1
unpalatably,1
asks,1
element,1
sheer,1
develop,1
abandoned,1
traditional,1
glance,1
ends,1
wickedness,1
answers,1
resist,1
building,1
daughter,1
race,1
occur,1
spare,1
