WORDCOUNTS,WEIGHT
the,123
of,70
music,61
and,60
in,59
to,47
a,40
is,28
for,26
schools,19
school,19
are,16
i,16
students,16
with,14
by,14
elementary,13
teacher,13
songs,12
from,12
children,12
italy,12
teachers,11
at,9
all,9
rome,8
their,8
as,8
education,8
these,8
one,7
or,7
age,7
state,7
program,6
grade,6
many,6
secondary,6
were,6
some,6
year,6
have,6
on,6
it,5
who,5
not,5
classroom,5
montessori,5
same,5
but,5
that,5
other,5
each,5
grades,5
private,5
during,5
examinations,5
years,5
this,5
attended,5
singing,4
they,4
responsible,4
only,4
love,4
s,4
operas,4
sung,4
italians,4
nineteen,4
public,4
her,4
italian,4
must,4
own,4
visited,4
so,4
folk,4
six,4
given,4
go,3
child,3
she,3
five,3
arias,3
after,3
special,3
about,3
university,3
was,3
milan,3
two,3
stressed,3
also,3
different,3
fact,3
sing,3
did,3
conservatory,3
take,3
cities,3
there,3
province,3
classes,3
used,3
fourteen,3
listening,3
training,3
became,3
has,3
people,3
heard,3
our,3
includes,3
such,3
three,3
large,3
an,3
high,3
instruction,3
spent,3
sight,3
student,3
he,2
curricula,2
piano,2
way,2
monticelli,2
college,2
parents,2
poorer,2
southern,2
american,2
study,2
percentage,2
fields,2
support,2
reason,2
fifth,2
total,2
teaching,2
institutes,2
four,2
most,2
qualified,2
first,2
passion,2
eleven,2
trained,2
others,2
solfeggio,2
hours,2
my,2
bologna,2
time,2
canti,2
end,2
country,2
better,2
beginning,2
present,2
principal,2
reading,2
michigan,2
florence,2
scuole,2
taught,2
key,2
loved,2
streets,2
while,2
number,2
when,2
popular,2
part,2
curriculum,2
parificate,2
techniques,2
airs,2
prospective,2
records,2
throughout,2
which,2
come,2
apparently,2
office,2
project,2
week,2
numerous,2
favorite,2
materials,2
good,2
course,2
although,2
countries,2
would,2
talked,2
played,2
small,2
why,2
principals,2
offered,2
subjects,2
villages,2
teach,2
can,2
be,2
working,2
equivalent,2
much,2
saw,2
general,2
sisters,2
once,2
activities,2
appeal,1
smaller,1
final,1
may,1
periods,1
degli,1
european,1
themes,1
enough,1
will,1
tambur,1
directors,1
fifty,1
hymns,1
alpini,1
faculties,1
whose,1
today,1
century,1
floor,1
absence,1
meets,1
convinced,1
his,1
mother,1
later,1
purely,1
usually,1
performance,1
privately,1
testing,1
convent,1
ministry,1
strictly,1
basic,1
play,1
appreciation,1
playing,1
girl,1
means,1
players,1
intensively,1
always,1
began,1
inexperience,1
nursery,1
salaries,1
experiences,1
boy,1
minutes,1
originated,1
whisper,1
group,1
becoming,1
leave,1
covering,1
verdi,1
rusticana,1
life,1
class,1
selection,1
rehearsing,1
methods,1
perhaps,1
journal,1
undoubtedly,1
see,1
bach,1
sets,1
brought,1
assigns,1
aid,1
colleges,1
di,1
understand,1
read,1
candidate,1
soon,1
water,1
recorders,1
pastime,1
had,1
assistant,1
meida,1
environment,1
depends,1
neglected,1
included,1
nuns,1
home,1
any,1
director,1
days,1
lessons,1
result,1
rented,1
instrument,1
several,1
without,1
enjoyed,1
women,1
hoping,1
learns,1
assimilated,1
came,1
member,1
sit,1
known,1
follow,1
t,1
vineyards,1
borrow,1
every,1
schoolfor,1
wool,1
more,1
name,1
angrily,1
fifteenth,1
sabbatical,1
plight,1
concerned,1
sections,1
approval,1
films,1
important,1
know,1
feeling,1
enters,1
familiar,1
cavalleria,1
towns,1
control,1
addition,1
j,1
seems,1
nature,1
eighth,1
sheep,1
operatic,1
quote,1
lack,1
interested,1
areas,1
completing,1
very,1
best,1
method,1
found,1
lucia,1
half,1
great,1
called,1
nathan,1
benevento,1
fully,1
populari,1
educated,1
follows,1
out,1
studied,1
deal,1
conservatories,1
balancing,1
new,1
obviously,1
rooms,1
canto,1
schoolsthe,1
pass,1
far,1
room,1
unsupervised,1
audience,1
ust,1
visits,1
junior,1
seldom,1
brahms,1
discussed,1
spinning,1
meager,1
living,1
masters,1
last,1
never,1
determines,1
energies,1
stand,1
spotted,1
performances,1
founder,1
creativity,1
normal,1
cultural,1
baseball,1
where,1
right,1
halls,1
enjoyment,1
heads,1
similar,1
youngsters,1
posters,1
month,1
receives,1
them,1
whether,1
batting,1
addio,1
youths,1
selected,1
intensity,1
meet,1
applied,1
blackboard,1
record,1
clinic,1
montagni,1
milstein,1
theory,1
instrumental,1
required,1
leaving,1
symphonies,1
east,1
fundamentals,1
discuss,1
because,1
notebooks,1
almost,1
enrichment,1
pergolesi,1
capable,1
olezzano,1
sixteenth,1
those,1
travel,1
tremendously,1
player,1
vessels,1
establishing,1
received,1
made,1
completed,1
start,1
pistoia,1
entrance,1
discrimination,1
sacrilegious,1
exercising,1
tickets,1
sent,1
knowledge,1
content,1
courses,1
develop,1
due,1
correlation,1
enter,1
giving,1
buy,1
plans,1
ten,1
song,1
everywhere,1
went,1
festival,1
significant,1
beatrice,1
older,1
place,1
equipped,1
families,1
maria,1
colombaia,1
pleasure,1
learned,1
cheap,1
successful,1
faculty,1
statistics,1
moronic,1
central,1
hour,1
continue,1
examination,1
aesthetic,1
trip,1
stops,1
fascinated,1
enthusiasm,1
rote,1
facts,1
unable,1
legendary,1
low,1
gli,1
help,1
professor,1
since,1
stress,1
national,1
personalities,1
history,1
profession,1
author,1
decorated,1
retarded,1
forgotten,1
revolves,1
scholastic,1
least,1
instead,1
keep,1
should,1
include,1
inspiring,1
afford,1
like,1
ago,1
aida,1
period,1
specialists,1
cold,1
rhythmic,1
psychiatric,1
hushing,1
miracle,1
next,1
learning,1
lie,1
kind,1
order,1
off,1
anyone,1
earlier,1
thing,1
sixty,1
owned,1
tape,1
quite,1
cases,1
adequately,1
repeated,1
elements,1
preschool,1
old,1
around,1
kindergarten,1
men,1
teams,1
promotion,1
agazzi,1
specific,1
few,1
written,1
article,1
santa,1
highly,1
allotted,1
compulsory,1
textbooks,1
beautifully,1
concert,1
patriotic,1
oterra,1
young,1
started,1
itthrough,1
diploma,1
rhythm,1
classrooms,1
find,1
died,1
january,1
averages,1
generally,1
mangino,1
universities,1
persuaded,1
threeto,1
brescia,1
instruments,1
northern,1
using,1
herding,1
than,1
observed,1
attend,1
whistle,1
conducting,1
educators,1
aranci,1
professional,1
remarkable,1
lansing,1
spoken,1
doing,1
daughter,1
pupils,1
la,1
build,1
dictated,1
promising,1
gifted,1
visit,1
parks,1
