WORDCOUNTS,WEIGHT
the,455
of,330
and,205
to,143
a,136
in,110
gilles,82
that,80
his,78
s,76
is,63
this,52
as,52
jeanne,52
he,49
by,47
with,44
for,43
which,41
but,38
i,32
from,32
an,30
it,29
on,29
prelati,28
not,28
state,27
tournier,26
mp,26
atp,25
you,25
de,23
or,23
one,22
space,22
nomad,21
at,20
love,20
her,20
are,19
its,19
rais,18
becoming,17
all,17
him,17
deleuze,17
will,16
guattari,16
science,16
substance,16
through,15
had,14
nomadic,14
was,14
apparatus,14
be,14
my,13
blanchet,13
between,13
et,12
only,12
like,12
charles,12
has,11
smooth,11
thus,11
own,11
so,11
can,11
have,11
into,10
himself,10
would,10
their,10
when,10
must,10
what,10
them,10
those,9
capture,9
war,9
tale,9
movement,9
these,9
who,9
both,9
crimes,9
trans,8
j,8
such,8
michel,8
stivale,8
thought,8
new,8
me,8
particular,8
flows,7
davis,7
some,7
against,7
speed,7
how,7
feudal,7
well,7
striated,7
light,7
also,7
assemblage,7
we,7
she,7
another,7
now,6
limits,6
e,6
ambulant,6
ambiguous,6
even,6
no,6
process,6
soul,6
becomings,6
could,6
out,6
alchemical,6
under,6
toward,6
paris,6
arc,6
outside,6
la,6
been,6
force,6
text,6
over,6
then,6
quest,6
d,6
florence,5
before,5
henchmen,5
nomadology,5
textual,5
voices,5
other,5
desire,5
there,5
ethical,5
back,5
young,5
master,5
rather,5
pity,5
shall,5
your,5
stake,5
being,5
order,5
destiny,5
up,5
matter,5
sanctity,5
direction,5
same,5
children,5
model,5
execution,5
am,5
after,5
each,5
whether,5
spaces,5
finally,5
texts,5
appropriation,4
military,4
might,4
immense,4
help,4
within,4
transmutation,4
chateau,4
they,4
pursuit,4
kind,4
taste,4
perspective,4
than,4
followed,4
flow,4
found,4
ambiguity,4
sedentary,4
captured,4
initial,4
inversion,4
lord,4
vendee,4
used,4
describe,4
interiority,4
forces,4
plateaux,4
religious,4
us,4
purity,4
rise,4
more,4
death,4
do,4
bitter,4
good,4
wish,4
relation,4
life,4
mother,4
face,4
share,4
following,4
mille,4
country,4
down,4
particularly,4
form,4
ends,4
if,3
nomadological,3
first,3
excommunication,3
progression,3
concludes,3
subsequent,3
fortune,3
burning,3
along,3
historical,3
since,3
recit,3
machine,3
individual,3
houses,3
explore,3
apparently,3
traits,3
phases,3
via,3
simultaneously,3
without,3
horseman,3
bring,3
across,3
heresy,3
consider,3
warmachine,3
most,3
follow,3
beyond,3
royal,3
path,3
hands,3
called,3
strength,3
further,3
heaven,3
however,3
benign,3
because,3
having,3
trial,3
line,3
intense,3
brought,3
part,3
early,3
during,3
place,3
holy,3
eccentric,3
level,3
field,3
cruel,3
le,3
quite,3
castle,3
always,3
st,3
french,3
scientific,3
short,3
indeed,3
object,3
make,3
gallimard,3
learns,3
angel,3
creative,3
time,3
man,3
great,3
forms,3
never,3
hand,3
developing,3
see,3
perhaps,3
woman,3
day,3
upon,3
wound,3
expression,3
mutant,3
nothing,3
were,3
recruitment,3
open,3
singularities,3
period,3
segment,3
save,3
species,3
justice,3
means,3
itself,3
chimney,3
blood,3
affect,3
material,3
here,3
par,3
connection,3
plateaus,3
works,3
animal,3
saint,3
voice,3
huge,3
too,3
despite,3
content,3
press,3
wild,3
instead,3
judges,3
states,3
newness,3
nomadism,3
thousand,3
gold,3
go,2
smoke,2
horizontal,2
effected,2
plunge,2
stood,2
thrown,2
submission,2
ultimate,2
appear,2
serres,2
told,2
discover,2
myth,2
laminar,2
mankind,2
constitutes,2
proclaims,2
our,2
something,2
ethics,2
ii,2
give,2
attempts,2
ears,2
emerged,2
experiments,2
possibilities,2
scientists,2
assembling,2
fully,2
thanks,2
molecular,2
court,2
hunting,2
review,2
fresh,2
priest,2
stand,2
political,2
behind,2
case,2
hell,2
key,2
motionless,2
ascension,2
right,2
capable,2
politics,2
fortresses,2
say,2
very,2
seigneur,2
guilty,2
charnel,2
celerity,2
church,2
domain,2
mixed,2
heterogeneity,2
cultural,2
term,2
yourself,2
deterritorialization,2
nor,2
contrary,2
body,2
holds,2
recalls,2
left,2
continuous,2
communication,2
rosello,2
deleuzian,2
let,2
jean,2
wounds,2
weapon,2
colin,2
york,2
whose,2
testimony,2
developed,2
goes,2
heard,2
tree,2
sire,2
echoed,2
rumors,2
objects,2
spirit,2
mireille,2
threat,2
capitalisme,2
four,2
confessional,2
loot,2
bestial,2
escapes,2
result,2
lead,2
whom,2
cloak,2
begun,2
henceforth,2
malevolent,2
philosophical,2
understood,2
bogue,2
spiritual,2
absolute,2
public,2
sacrifice,2
creates,2
existential,2
story,2
london,2
purpose,2
damnation,2
explains,2
example,2
calls,2
whole,2
surrounds,2
flight,2
constitute,2
people,2
call,2
chevalier,2
clinging,2
lips,2
encounters,2
subtle,2
change,2
multiplicity,2
metamorphosis,2
brutality,2
cold,2
contrast,2
discourse,2
around,2
acts,2
florentine,2
torrent,2
odor,2
describes,2
notes,2
particles,2
exterior,2
forever,2
spectacle,2
exile,2
wings,2
return,2
innocence,2
opposed,2
above,2
says,2
standing,2
boy,2
wind,2
jesus,2
inhabited,2
about,2
yet,2
violence,2
patton,2
salvation,2
mission,2
evil,2
inspiration,2
neither,2
complete,2
minuit,2
foucault,2
social,2
fire,2
journey,2
again,2
fact,2
fundamental,2
malign,2
witnesses,2
essence,2
classical,2
coordinates,2
variation,2
innocents,2
utilize,2
devil,2
dominion,2
flesh,2
violent,2
propel,2
autobiography,2
composition,2
looking,2
traversing,2
entirely,2
use,2
causes,2
affects,2
questions,2
brittany,2
vii,2
futile,2
earth,2
moral,2
points,2
held,2
collaboration,2
gates,2
features,2
mask,2
paths,2
provides,2
latter,2
special,2
especially,2
overcome,2
seeking,2
figures,2
saw,2
relative,2
embodied,2
machecoul,2
attention,2
entitled,2
carried,2
consists,2
christian,2
lot,2
provide,2
colligiale,2
inside,2
alternate,2
vertical,2
becomes,2
lost,2
translation,2
parcel,2
semiotic,2
visual,2
transformation,2
recognize,2
inspired,2
dans,2
analysis,2
rouen,2
stable,2
forests,2
comes,2
university,2
constituted,2
dauphin,2
les,2
aural,2
tiffauges,2
milieu,2
dimension,2
rushes,2
control,2
novel,2
metamorphoses,2
abbreviations,2
vortical,2
inspires,2
merely,2
believed,2
commences,2
suffering,2
according,2
witch,2
terms,2
references,2
flames,2
appropriated,2
while,2
boys,2
oppositions,2
suggests,2
atoms,2
art,2
presented,2
son,2
multiple,2
sea,2
city,2
tried,2
impose,2
went,2
confronted,2
deleuzoguattarian,2
campaigns,2
goals,2
voyage,2
haecceity,2
cruelty,2
lands,2
mode,2
course,2
defined,2
philosophy,2
themselves,2
still,2
dark,2
given,2
much,2
undigested,2
chien,1
problem,1
final,1
countryside,1
resolve,1
horror,1
entities,1
does,1
knee,1
nemla,1
confessor,1
zero,1
done,1
struggle,1
accidents,1
child,1
page,1
imagining,1
way,1
protests,1
hurley,1
serenely,1
corporeality,1
reverts,1
charogne,1
begging,1
slaughter,1
individuated,1
historiques,1
mystical,1
truth,1
paroxysm,1
heights,1
determine,1
roars,1
alone,1
extends,1
ato,1
notably,1
distributed,1
ineluctable,1
everybody,1
incomprehensible,1
reinscription,1
village,1
large,1
complex,1
denounce,1
hate,1
jews,1
closure,1
forgiveness,1
precede,1
sedentarises,1
referring,1
confines,1
uniquely,1
true,1
english,1
murder,1
drinks,1
sinister,1
martyrdom,1
criticizes,1
affective,1
chdteau,1
specified,1
sublime,1
modern,1
barbaric,1
ardent,1
wolf,1
duke,1
former,1
nostrils,1
weaker,1
opposites,1
undertaken,1
justified,1
fixed,1
pantheon,1
necessarily,1
allies,1
history,1
presents,1
laid,1
ambitious,1
observing,1
paper,1
tells,1
uses,1
thematic,1
positionality,1
du,1
rome,1
properties,1
women,1
squire,1
different,1
arms,1
brutal,1
wherever,1
vortices,1
schizophrdnie,1
jdsus,1
recites,1
passion,1
tarnish,1
philosophers,1
cries,1
certainly,1
commissions,1
preceding,1
regulating,1
implications,1
taken,1
darkness,1
armoury,1
beautiful,1
goal,1
illuminds,1
penalty,1
seems,1
nature,1
eats,1
transformational,1
grandfather,1
declares,1
words,1
heated,1
saves,1
fresco,1
displacement,1
spirals,1
exercises,1
leading,1
broken,1
ardently,1
borders,1
undertake,1
ungainly,1
convert,1
reasons,1
naissance,1
thumb,1
differences,1
pivot,1
origin,1
indifferent,1
producing,1
assembled,1
obeyed,1
able,1
reveal,1
loud,1
goldhammer,1
relativize,1
procedure,1
reiteration,1
venerate,1
genus,1
resulting,1
take,1
grip,1
reproduction,1
devils,1
paraclet,1
pursues,1
faithful,1
separated,1
precisely,1
sacred,1
bate,1
robert,1
deriving,1
opposite,1
profitable,1
reading,1
somewhat,1
intelligence,1
overcoded,1
destrucsubstance,1
confused,1
intersection,1
context,1
legend,1
system,1
courage,1
side,1
carnality,1
est,1
takes,1
inseparable,1
fiction,1
king,1
advice,1
chants,1
dazzled,1
francoise,1
saying,1
fabulously,1
labours,1
evince,1
identical,1
mythology,1
wonders,1
possible,1
determined,1
marked,1
reproducing,1
noyer,1
scent,1
condition,1
illustrate,1
blancs,1
etc,1
folio,1
itineration,1
harnesses,1
holiness,1
nomadization,1
apart,1
mental,1
combination,1
allying,1
point,1
conceptual,1
regards,1
infamy,1
decoding,1
waging,1
exhorts,1
overlooking,1
bottom,1
literal,1
apply,1
representing,1
enter,1
opposes,1
descend,1
realizing,1
pursuing,1
pillar,1
witchcraft,1
gravity,1
succeed,1
learned,1
encountering,1
closes,1
beseech,1
conflict,1
savour,1
gibbets,1
sacrilege,1
dispatched,1
phase,1
chapters,1
virginity,1
throughout,1
orlians,1
incite,1
ronald,1
pyre,1
beating,1
decree,1
immobile,1
explained,1
eventual,1
immediate,1
development,1
quality,1
pursue,1
countless,1
bent,1
interior,1
purulent,1
hierarchy,1
corner,1
interest,1
tutelage,1
characteristic,1
savoir,1
passionate,1
allocates,1
pig,1
clumsily,1
convention,1
century,1
fluids,1
thank,1
meffraye,1
progressive,1
turn,1
unity,1
satan,1
envelops,1
distinct,1
elements,1
alchemist,1
honored,1
rejecting,1
nourished,1
crosses,1
theologians,1
concerning,1
subjects,1
fig,1
response,1
machines,1
restrict,1
listened,1
fate,1
gushing,1
witnessed,1
despair,1
mistress,1
converging,1
weight,1
marvelous,1
sin,1
adjunctions,1
pilgrim,1
sorcery,1
details,1
knows,1
traditions,1
ballroom,1
wounded,1
ceases,1
hardly,1
weakness,1
incarnation,1
sodomy,1
game,1
sobs,1
walls,1
sensorial,1
savant,1
rights,1
counterthoughts,1
sixteen,1
definitively,1
steed,1
brute,1
seizes,1
bull,1
defendant,1
plotted,1
exclaiming,1
identification,1
operations,1
turbulences,1
dilemma,1
sacris,1
mattered,1
warlord,1
mesmerizing,1
excerpts,1
fuels,1
trunks,1
explicit,1
befall,1
culminating,1
conundrum,1
lamellar,1
unequaled,1
mean,1
knew,1
represented,1
realizes,1
curvilinear,1
upward,1
kiss,1
similar,1
leave,1
derived,1
witness,1
study,1
bosom,1
distant,1
ascending,1
lay,1
becomingmolecular,1
productive,1
chivalric,1
moreover,1
supposed,1
pleasures,1
support,1
methuen,1
delirious,1
understand,1
pernicious,1
striate,1
puerile,1
bad,1
soon,1
vastly,1
plus,1
grosse,1
radiant,1
dichotomy,1
image,1
literary,1
laughs,1
itinerant,1
emission,1
troops,1
section,1
driven,1
consciousness,1
attain,1
traces,1
house,1
weak,1
frequently,1
ignoble,1
witnessing,1
age,1
inhuman,1
show,1
duns,1
surface,1
passed,1
splendor,1
noire,1
ablations,1
defines,1
arrests,1
schismaticism,1
ceremony,1
dedpassement,1
terminology,1
puts,1
portrays,1
determinate,1
roving,1
theory,1
founding,1
care,1
likens,1
courtly,1
strategy,1
chanson,1
drawing,1
horizonless,1
constitution,1
dispersion,1
fluid,1
qui,1
proposed,1
scotus,1
raw,1
moving,1
came,1
based,1
choir,1
encourage,1
conflagration,1
arrival,1
allow,1
deploying,1
extravagant,1
search,1
defrocked,1
poucet,1
costumed,1
volonte,1
stink,1
dunes,1
objectives,1
changed,1
vend,1
scenes,1
furious,1
ocean,1
zone,1
ironically,1
luxury,1
emerge,1
shoes,1
malestroit,1
dirties,1
extracting,1
undecidability,1
circulation,1
degrading,1
accurately,1
companion,1
fourth,1
chimeras,1
furthermore,1
far,1
fusion,1
poverty,1
buried,1
affirms,1
youthful,1
mediated,1
treat,1
province,1
tools,1
appears,1
pounded,1
intensity,1
cannot,1
sainthood,1
accusers,1
grounds,1
energy,1
wealth,1
placed,1
bataille,1
tension,1
reterritorialized,1
assigning,1
required,1
negotiated,1
triumph,1
wayne,1
possibility,1
memory,1
receive,1
failure,1
shape,1
hierarchies,1
gained,1
directly,1
judiciary,1
invisible,1
perpetuated,1
closed,1
work,1
carnot,1
transmutes,1
tool,1
stiff,1
charity,1
heart,1
concept,1
unless,1
apparent,1
caught,1
description,1
perpetually,1
fairy,1
designate,1
werewolf,1
inherited,1
literally,1
destination,1
accomplishment,1
prelate,1
blaspheming,1
structures,1
radiantly,1
lucrnce,1
bishop,1
personal,1
hydraulic,1
away,1
reflect,1
cry,1
project,1
confession,1
rage,1
smallest,1
alan,1
horizon,1
connections,1
minds,1
delay,1
massacre,1
preceded,1
someone,1
swarming,1
sense,1
predilections,1
swathed,1
describing,1
hard,1
unfurling,1
tom,1
things,1
panel,1
straight,1
dissolute,1
transgressions,1
delirium,1
reaches,1
barriers,1
unorthodox,1
night,1
long,1
encompasses,1
intervals,1
graveyards,1
indictment,1
influence,1
characteristics,1
propelled,1
revealing,1
extremis,1
compromise,1
observe,1
notorious,1
essentially,1
boundaries,1
engages,1
core,1
dedicated,1
vein,1
condemned,1
beacon,1
infraction,1
reverend,1
projections,1
schizophrenie,1
ogres,1
vent,1
regal,1
finds,1
moved,1
valuable,1
activities,1
sedentaire,1
behalf,1
seemed,1
avoid,1
society,1
curriculum,1
tormented,1
reigns,1
subsequently,1
appeal,1
precepts,1
eternal,1
integrating,1
battle,1
girl,1
therefore,1
tasks,1
quarry,1
second,1
transform,1
reflexions,1
stanford,1
demand,1
quivering,1
condemnation,1
nonetheless,1
contact,1
domremy,1
various,1
summarize,1
universalizing,1
implicitly,1
antioedipus,1
accompanies,1
primitive,1
problematizes,1
appearances,1
arouses,1
service,1
brian,1
exults,1
heresies,1
limited,1
play,1
brief,1
forward,1
nearly,1
sheridan,1
rejuvenated,1
constraints,1
assure,1
convince,1
community,1
vocation,1
furiously,1
commenced,1
woods,1
curtain,1
relaxed,1
spot,1
artist,1
licked,1
procession,1
put,1
thereby,1
haecceitas,1
terrify,1
lieutenants,1
texte,1
fighting,1
once,1
sincere,1
flux,1
depicted,1
oxford,1
simultaneous,1
garreau,1
donkey,1
lifting,1
fascinating,1
felix,1
paradox,1
heaviest,1
sex,1
god,1
amidst,1
shepherdess,1
dictates,1
initiation,1
falls,1
woodcutter,1
teaching,1
passions,1
conflictual,1
scriptures,1
excellence,1
surrenders,1
already,1
insights,1
odds,1
hunger,1
two,1
ecumenon,1
debtors,1
affections,1
tries,1
street,1
sunlight,1
tribunal,1
principles,1
paul,1
law,1
attacks,1
technique,1
power,1
childhood,1
mark,1
others,1
fragmentation,1
conceived,1
rejects,1
safety,1
ask,1
towns,1
drawbridge,1
rock,1
intellect,1
towards,1
blanks,1
efforts,1
artists,1
longer,1
physique,1
lack,1
admit,1
limit,1
head,1
procks,1
endless,1
blasphemous,1
torture,1
clarendon,1
striking,1
minnesota,1
panacea,1
appeared,1
documents,1
vampiric,1
inevitably,1
enable,1
really,1
beg,1
cure,1
hear,1
nomades,1
pray,1
legs,1
everything,1
outlines,1
arthur,1
golden,1
charges,1
fleuves,1
gothic,1
question,1
ages,1
readers,1
enough,1
stuff,1
apparatuses,1
dazed,1
present,1
crashing,1
tales,1
begin,1
actor,1
where,1
il,1
sadly,1
purposes,1
establish,1
celebrated,1
michael,1
muecke,1
necessary,1
emotion,1
practice,1
schizophrenia,1
laden,1
minneapolis,1
biggest,1
frightening,1
dehors,1
leaning,1
exceeds,1
routledge,1
coined,1
cleric,1
plane,1
delicious,1
local,1
original,1
olfactory,1
fundamentally,1
emanating,1
private,1
understanding,1
greatest,1
unsolved,1
situated,1
mythic,1
vast,1
admits,1
ecstasy,1
father,1
background,1
assemblages,1
phylums,1
bear,1
renders,1
helps,1
limitations,1
inscription,1
wretched,1
desert,1
trajectory,1
region,1
contemplate,1
desperate,1
tive,1
rehabilitation,1
herself,1
intoxicating,1
appalling,1
significant,1
angle,1
hypotheses,1
transcendent,1
refers,1
obsessed,1
sequence,1
submitted,1
pleasure,1
radiates,1
attic,1
variables,1
kingdom,1
maintains,1
imposes,1
laboratory,1
loves,1
stay,1
prelude,1
deployed,1
write,1
ecriture,1
filth,1
territorialized,1
three,1
communicated,1
express,1
soldiers,1
dominated,1
essay,1
spawned,1
travels,1
lifted,1
gate,1
times,1
indicate,1
liberate,1
perverse,1
impelled,1
spread,1
gruesome,1
function,1
sidentaire,1
laissis,1
black,1
standard,1
exchange,1
men,1
finality,1
faith,1
cock,1
infernal,1
incapable,1
apostasy,1
chapel,1
viewpoint,1
voyageur,1
sight,1
interpretations,1
iteration,1
exactly,1
effect,1
rupture,1
v,1
judgement,1
raised,1
capitalism,1
statue,1
horse,1
adventure,1
attracted,1
ground,1
prelat,1
institution,1
destruction,1
basically,1
recurring,1
rehabilitated,1
propose,1
encompassing,1
narrator,1
penultimate,1
perils,1
caterpillar,1
shocked,1
panting,1
suggest,1
aspirations,1
faux,1
alters,1
discussing,1
assigned,1
relationship,1
devote,1
backward,1
dual,1
geste,1
peers,1
lovers,1
raise,1
undergoes,1
astonished,1
invokes,1
independent,1
movements,1
bold,1
sometimes,1
figure,1
washed,1
five,1
bound,1
fear,1
exteriority,1
subjectivization,1
hooves,1
qualifies,1
lines,1
veiling,1
borrowing,1
male,1
binary,1
dragged,1
dimensions,1
directions,1
vomi,1
transformed,1
detailed,1
scharfman,1
bears,1
choirboys,1
determination,1
importantly,1
plains,1
vagabond,1
tearing,1
accusation,1
travelled,1
fall,1
reminisces,1
constants,1
confessed,1
vow,1
articles,1
problematic,1
beasts,1
occupies,1
striating,1
investigate,1
victorious,1
obeys,1
earliest,1
slowness,1
fought,1
considered,1
stephen,1
burned,1
enigma,1
sections,1
disturb,1
ignited,1
variable,1
curious,1
shadow,1
absolutism,1
any,1
thinking,1
beatification,1
constant,1
beast,1
recruiting,1
singular,1
terrible,1
sens,1
francesco,1
version,1
lazier,1
merges,1
ringing,1
pretext,1
urgent,1
conceptualize,1
lionnet,1
known,1
textes,1
detail,1
exposition,1
slope,1
weeping,1
willingness,1
terrestrial,1
intensely,1
creditor,1
scriptural,1
command,1
pleads,1
invoker,1
convertibility,1
set,1
belief,1
agony,1
novelties,1
know,1
excess,1
natural,1
intellectual,1
metaphorically,1
correspond,1
scientist,1
shares,1
bethlehem,1
spontaneous,1
lying,1
inclined,1
seem,1
believe,1
did,1
desolate,1
argue,1
task,1
universal,1
post,1
brothers,1
expresses,1
vassal,1
goods,1
anguished,1
squires,1
steppe,1
iron,1
pit,1
arborescent,1
enlarged,1
invocation,1
disputes,1
passage,1
emerges,1
type,1
person,1
bien,1
banditry,1
realize,1
canonized,1
combined,1
unique,1
beaten,1
want,1
cause,1
pertinent,1
map,1
ait,1
writes,1
monster,1
novelty,1
starkly,1
repulsive,1
distribution,1
incandescent,1
unfold,1
lyc,1
calcinde,1
territoriality,1
studying,1
floats,1
bloodstained,1
migrations,1
haughty,1
almost,1
lends,1
thematically,1
middle,1
wandering,1
bodies,1
boston,1
denouement,1
joseph,1
murmuring,1
gaulish,1
entrance,1
code,1
rncit,1
veut,1
peace,1
barron,1
met,1
little,1
became,1
role,1
regulate,1
convinced,1
unleash,1
focal,1
subject,1
lies,1
commissioned,1
massumi,1
territory,1
measure,1
recounts,1
glide,1
tender,1
disconcerting,1
ever,1
phenomenon,1
allows,1
pole,1
isolated,1
representation,1
think,1
blasphemy,1
qu,1
relates,1
unrecognizable,1
prepared,1
come,1
chaste,1
energies,1
buying,1
false,1
sanctioned,1
besieged,1
formation,1
galloping,1
francois,1
until,1
obliged,1
breaks,1
youth,1
solids,1
touch,1
years,1
declination,1
encouragement,1
institutional,1
opens,1
bifrons,1
accept,1
totality,1
burnt,1
dangerous,1
parallels,1
land,1
deduction,1
need,1
evidence,1
sur,1
manufacture,1
guiding,1
thisness,1
values,1
attributes,1
effects,1
derive,1
off,1
sexuality,1
association,1
chiminde,1
siege,1
submit,1
specific,1
searching,1
wretch,1
admitting,1
territorialization,1
besides,1
rest,1
serpents,1
mystery,1
theorematic,1
deployment,1
discontinuous,1
strategic,1
bell,1
agrees,1
create,1
uncertainty,1
views,1
entire,1
diabolical,1
ronnie,1
interaction,1
participant,1
abandoned,1
treating,1
puanteur,1
duration,1
turbulence,1
strong,1
whenever,1
celestial,1
drew,1
nantes,1
resist,1
eustache,1
tired,1
cross,1
race,1
chambers,1
nourishes,1
cited,1
extolled,1
stunned,1
