WORDCOUNTS,WEIGHT
the,15
and,9
i,6
my,5
to,4
it,3
first,3
five,3
in,3
again,3
of,3
their,3
as,3
is,3
senses,3
spring,2
if,2
wits,2
wood,2
you,2
young,2
through,2
with,2
airs,2
hair,2
darling,2
into,2
never,2
wolves,1
skin,1
antennae,1
not,1
by,1
where,1
furry,1
turning,1
ringing,1
since,1
most,1
understood,1
spoke,1
language,1
his,1
love,1
radar,1
logos,1
threaded,1
spins,1
how,1
green,1
out,1
receive,1
things,1
but,1
wait,1
cocked,1
know,1
slow,1
brings,1
view,1
feathers,1
reaches,1
ears,1
speak,1
self,1
prescience,1
slight,1
quick,1
morning,1
tongue,1
noses,1
perfectly,1
dowsing,1
run,1
deepest,1
outruns,1
wholly,1
blood,1
read,1
twitch,1
begun,1
poem,1
great,1
spoken,1
tongues,1
rayed,1
arriving,1
along,1
uncanny,1
time,1
rushing,1
always,1
creatures,1
wound,1
weathers,1
itself,1
new,1
trembling,1
john,1
whole,1
far,1
those,1
ripple,1
world,1
wolf,1
take,1
spun,1
den,1
ciardi,1
fill,1
poetry,1
a,1
human,1
scripts,1
instant,1
tracking,1
am,1
which,1
do,1
learn,1
stirs,1
light,1
born,1
days,1
