WORDCOUNTS,WEIGHT
the,807
of,543
and,364
a,304
in,247
to,223
is,163
her,152
for,142
that,127
as,126
s,120
novel,88
marriage,87
it,84
not,83
with,82
by,79
she,79
this,74
after,65
on,65
love,62
young,60
from,58
mahbubah,58
women,57
has,57
morning,49
an,48
are,43
be,42
one,40
who,40
was,39
text,39
rahim,38
at,37
but,37
reading,35
their,35
iran,35
these,34
have,34
his,33
sudabah,32
into,31
readers,31
mother,30
female,29
which,29
ferdowsi,28
only,28
through,28
sexuality,28
if,27
its,27
woman,27
first,26
aunt,26
i,25
about,25
against,24
lesson,24
between,24
such,23
cultural,23
or,23
story,23
life,23
reader,22
been,22
they,21
read,21
see,21
we,21
had,20
sexual,20
even,20
other,20
many,20
men,20
two,19
class,19
what,19
desire,18
romantic,18
man,18
tragic,18
very,17
passionate,17
also,17
father,17
modernity,16
than,16
because,16
when,16
more,16
would,16
does,15
passion,15
all,15
were,15
advice,15
some,15
author,15
critics,15
rather,15
parents,15
najmabadi,15
readings,15
same,15
political,14
most,14
could,14
afsaneh,14
he,14
moral,14
can,14
alternative,14
over,14
different,14
my,13
out,13
own,13
will,13
second,13
yet,13
modernist,13
particular,13
book,12
within,12
no,12
possibility,12
gender,12
novels,12
end,12
tales,12
pleasure,12
modern,11
wrong,11
khumar,11
plot,11
mansur,11
genre,11
work,11
tale,11
zanan,11
so,11
then,11
way,10
herself,10
zan,10
though,10
people,10
wife,10
va,10
social,10
choice,10
do,10
outside,10
figure,10
narrative,9
thus,9
married,9
sin,9
turn,9
literary,9
failure,9
ali,9
revolution,9
family,9
happy,9
iranian,9
another,9
him,9
husband,9
paternal,9
itself,9
did,9
current,9
whether,9
youth,9
years,9
state,8
tragedy,8
moment,8
old,8
generation,8
pleasures,8
reza,8
marry,8
public,8
couple,8
project,8
temporary,8
girl,8
time,8
discussion,8
like,8
resistant,8
becomes,8
mirza,8
sarab,8
tehran,8
press,8
you,8
set,7
now,7
solidarity,7
feminists,7
case,7
issue,7
politics,7
central,7
relations,7
constructs,7
similar,7
university,7
islam,7
called,7
your,7
society,7
may,7
play,7
make,7
pasand,7
disciplinary,7
death,7
fact,7
new,7
perhaps,7
national,7
essay,7
earlier,7
especially,7
allegorical,7
any,7
control,7
madly,7
feminist,7
both,7
daughter,7
ending,6
stands,6
becoming,6
khurramshahi,6
carpenter,6
said,6
words,6
falling,6
divorce,6
there,6
nimtaj,6
point,6
kind,6
cases,6
invites,6
without,6
survives,6
pages,6
important,6
arms,6
raw,6
youthful,6
line,6
part,6
away,6
up,6
readership,6
critical,6
practices,6
return,6
sinful,6
discussed,6
going,6
ibid,6
dar,6
least,6
islamic,6
sayyidjavadi,6
sympathy,6
turned,6
them,6
shah,6
our,6
tell,6
write,6
finally,6
mode,6
early,6
strong,6
sterile,5
columns,5
being,5
refusal,5
possibilities,5
tradition,5
together,5
ishqi,5
religion,5
side,5
takes,5
possible,5
body,5
response,5
arranged,5
journal,5
failed,5
identification,5
how,5
bih,5
argued,5
presumed,5
sterility,5
based,5
niece,5
designation,5
civil,5
place,5
critique,5
issues,5
cold,5
quite,5
night,5
noble,5
pizhvak,5
mihrangiz,5
ibrat,5
once,5
message,5
emplotted,5
culture,5
already,5
wine,5
children,5
warning,5
considers,5
hajj,5
made,5
assumption,5
serialized,5
engaged,5
modem,5
become,5
iranians,5
fear,5
male,5
often,5
education,5
considered,5
comes,5
feelings,5
written,5
house,5
ammah,5
marriages,5
come,5
argument,5
instead,5
allah,5
needs,5
meaning,5
much,5
among,5
child,4
later,4
know,4
mad,4
studies,4
khan,4
negative,4
taken,4
admonition,4
great,4
differences,4
take,4
help,4
those,4
persian,4
desired,4
centrally,4
behavior,4
labor,4
madness,4
back,4
site,4
allegory,4
presumably,4
age,4
origins,4
notions,4
oppression,4
character,4
intellectuals,4
punishment,4
scene,4
ideal,4
repetition,4
good,4
construct,4
sense,4
caused,4
working,4
next,4
discourse,4
textual,4
wedding,4
situation,4
letters,4
religious,4
criticism,4
salvation,4
sex,4
under,4
name,4
similarly,4
speaks,4
longer,4
khanum,4
contemporary,4
drinking,4
ground,4
books,4
coined,4
classes,4
genres,4
zivar,4
listener,4
affection,4
fold,4
general,4
why,4
overcome,4
where,4
wisdom,4
plays,4
shahla,4
blood,4
school,4
lessons,4
simply,4
known,4
physical,4
bigamous,4
partner,4
parental,4
iskandari,4
constitutional,4
level,4
despite,4
beloved,4
turns,4
emami,4
question,4
d,4
effects,4
rahimi,4
assumed,4
themselves,4
observed,4
vulgar,4
asked,4
page,3
common,3
declared,3
crossing,3
center,3
essays,3
arianpur,3
title,3
banupasand,3
before,3
themes,3
romance,3
t,3
every,3
sadiqah,3
firoozeh,3
feminism,3
government,3
aqa,3
duality,3
apprentice,3
maryam,3
kia,3
right,3
solace,3
suicide,3
magazine,3
stubborn,3
narrator,3
fahimah,3
historical,3
melodramatic,3
dawlatabadi,3
gendered,3
century,3
ishq,3
contrary,3
abortion,3
closure,3
dear,3
hangover,3
misfortunate,3
york,3
bring,3
main,3
legal,3
productive,3
consequences,3
moreover,3
moves,3
support,3
bad,3
consider,3
encourages,3
slowly,3
upper,3
obstacles,3
view,3
narration,3
critic,3
dispute,3
rebellious,3
makhawf,3
teacher,3
produced,3
cannot,3
grounds,3
wealth,3
however,3
affair,3
having,3
future,3
literature,3
whole,3
battering,3
heartless,3
published,3
phrase,3
farrukhzad,3
highly,3
choose,3
disavowal,3
barely,3
majority,3
roots,3
insurmountability,3
pahlavi,3
positive,3
kabiri,3
intense,3
rules,3
god,3
us,3
rukni,3
heterosexual,3
begins,3
ba,3
again,3
ask,3
performs,3
naive,3
lack,3
stories,3
creative,3
larger,3
fallen,3
debates,3
muhammad,3
discussing,3
interview,3
number,3
thousands,3
birth,3
fattanah,3
writings,3
including,3
significant,3
real,3
literate,3
three,3
times,3
akhudzadah,3
pride,3
threw,3
period,3
lahiji,3
gets,3
lot,3
patriotic,3
ordinary,3
lives,3
get,3
alburz,3
earliest,3
series,3
ha,3
physically,3
paper,3
worth,3
abandonment,3
leaders,3
printed,3
jam,3
happiness,3
past,3
prayers,3
living,3
type,3
knows,3
terms,3
supports,3
statement,3
divide,3
produce,3
hundreds,3
middle,3
intention,3
unsophisticated,3
given,3
publishers,3
intended,3
families,3
disrupted,3
ensuing,3
friday,3
lustful,3
contemplates,3
survival,3
authorial,3
fi,3
background,3
notes,3
opens,3
crisis,3
although,3
udalizm,3
need,3
constructed,3
off,3
offered,3
cousin,3
ends,3
here,3
should,3
arash,3
looking,3
final,2
go,2
produces,2
struggle,2
ethics,2
generated,2
commentary,2
corruption,2
amin,2
market,2
fiction,2
resisting,2
forcing,2
large,2
kinds,2
crafting,2
live,2
true,2
tense,2
notwithstanding,2
acceptance,2
necessarily,2
history,2
abusive,2
holding,2
chastity,2
experience,2
pitiful,2
warns,2
titles,2
long,2
didacticism,2
proud,2
culturally,2
attempt,2
seems,2
experiments,2
romances,2
copy,2
generous,2
adabiyat,2
launched,2
survey,2
subsequent,2
embrace,2
endings,2
stand,2
marries,2
stopped,2
partners,2
commit,2
east,2
lived,2
teleological,2
revolutionary,2
prior,2
determined,2
nigahi,2
move,2
alone,2
tastes,2
ignores,2
advocating,2
masturbation,2
dynamic,2
interviews,2
unhappy,2
undoes,2
exist,2
victim,2
conflict,2
mistake,2
divorced,2
throughout,2
review,2
affiliation,2
monogamy,2
immediate,2
reject,2
since,2
novelistic,2
brother,2
mixed,2
decided,2
expected,2
forced,2
taste,2
progressive,2
refuses,2
reception,2
distinct,2
person,2
hint,2
approval,2
syracuse,2
six,2
poem,2
compared,2
chap,2
find,2
designating,2
says,2
look,2
details,2
belongs,2
messages,2
incidental,2
civilization,2
opposed,2
parity,2
nima,2
fanatical,2
essential,2
fath,2
hopes,2
responded,2
didactic,2
kham,2
fever,2
neighborhood,2
connected,2
b,2
leave,2
partially,2
makes,2
nos,2
beats,2
kuchah,2
fantasy,2
wanted,2
marks,2
blame,2
dichotomy,2
established,2
familiar,2
disappointment,2
driven,2
fazl,2
too,2
zam,2
initiative,2
exploited,2
follow,2
storytelling,2
ceremony,2
instance,2
permanent,2
aql,2
childhood,2
lust,2
escapes,2
drawing,2
furugh,2
union,2
whereas,2
opening,2
expressed,2
moving,2
insightful,2
effort,2
poetry,2
further,2
incites,2
sentence,2
meet,2
energy,2
mischievous,2
opposition,2
masculinity,2
wants,2
autocracy,2
kitab,2
nazanin,2
start,2
writers,2
calls,2
used,2
corrupt,2
reciprocates,2
actually,2
call,2
translated,2
jealousy,2
believes,2
currents,2
attributed,2
approach,2
either,2
solution,2
legacy,2
derayeh,2
grafted,2
manners,2
socialist,2
contrast,2
event,2
involved,2
several,2
tabrizi,2
driving,2
few,2
riqqat,2
acts,2
invoke,2
shinas,2
dedicated,2
fully,2
ta,2
resistance,2
newly,2
submissive,2
wrote,2
digar,2
lamentation,2
saba,2
exception,2
textually,2
forbidden,2
july,2
indicates,2
comments,2
transgressing,2
initially,2
rejects,2
direction,2
repression,2
thought,2
soon,2
seeing,2
home,2
ayat,2
ed,2
cibrat,2
tirazhidi,2
faster,2
double,2
duruqi,2
toward,2
others,2
europe,2
addition,2
idea,2
criteria,2
andar,2
mirzadah,2
reform,2
teachers,2
daily,2
minister,2
enough,2
qum,2
learn,2
nahid,2
occupied,2
miskub,2
council,2
uttered,2
norms,2
bigamy,2
vast,2
socialization,2
distance,2
educated,2
al,2
desires,2
remained,2
argues,2
adults,2
imagine,2
nameh,2
sardar,2
considering,2
subjectivity,2
bear,2
elite,2
honorable,2
controlling,2
illusion,2
largely,2
akhundzadah,2
factor,2
harvard,2
questions,2
stay,2
described,2
rejected,2
clear,2
authors,2
logic,2
haeri,2
sociological,2
high,2
course,2
illicit,2
provides,2
repeated,2
admonitory,2
systems,2
eyes,2
relation,2
wise,2
percent,2
seeking,2
figures,2
anger,2
saw,2
embodied,2
hope,2
attention,2
adviser,2
decision,2
separate,2
entitled,2
asking,2
relationship,2
rebel,2
me,2
transformations,2
az,2
popularity,2
centrality,2
seen,2
force,2
anxiety,2
length,2
mustaches,2
adolescents,2
responsible,2
sharp,2
construction,2
analysis,2
types,2
citizens,2
instances,2
emerging,2
contemplating,2
articles,2
pleasurable,2
meant,2
echoes,2
girls,2
terrible,2
following,2
alterity,2
continues,2
theme,2
friends,2
camron,2
eleven,2
leftist,2
column,2
couples,2
refused,2
each,2
country,2
suitors,2
shares,2
believe,2
gone,2
reread,2
argue,2
bit,2
particularly,2
hinted,2
far,2
choosing,2
childbirth,2
section,2
rural,2
february,2
evident,2
didn,2
according,2
sipah,2
notable,2
persuasively,2
form,2
making,2
involvement,2
rebellion,2
mere,2
writes,2
temporally,2
leaving,2
cloth,2
rewrite,2
scenarios,2
intends,2
urban,2
angiz,2
popular,2
necessity,2
son,2
derakhshesh,2
reported,2
became,2
giving,2
traditional,2
allows,2
aims,2
mohager,2
karim,2
friendships,2
difference,2
cambridge,2
initiated,2
sensibilities,2
conditions,2
frame,2
accept,2
never,2
dabir,2
space,2
states,2
writer,2
attributes,2
seeks,2
remains,2
alley,2
morally,2
passages,2
conflated,2
c,2
say,2
texts,2
severely,2
abandoned,2
images,2
mature,2
panic,2
recent,2
famous,2
major,2
haq,2
woven,1
ijmes,1
impossibility,1
panicked,1
fined,1
handsome,1
currently,1
rate,1
o,1
done,1
along,1
dies,1
fathers,1
prostitution,1
beatings,1
imagining,1
idi,1
heroic,1
fertile,1
concerned,1
indicated,1
seminary,1
dormant,1
himself,1
abd,1
faced,1
created,1
ready,1
praised,1
wonder,1
bancipasand,1
decades,1
everyone,1
affected,1
extreme,1
resulted,1
thrown,1
trans,1
determine,1
naming,1
misery,1
announced,1
happier,1
tazah,1
positionings,1
submission,1
resided,1
deceit,1
arranges,1
totally,1
introduction,1
shahrnush,1
manuscript,1
passing,1
kulliyat,1
told,1
complex,1
conflicts,1
passed,1
agency,1
basiri,1
nostalgia,1
kuffi,1
prime,1
disrupt,1
ma,1
humanizing,1
sticking,1
constitutes,1
ways,1
illiterate,1
h,1
criticizes,1
patriarch,1
agahi,1
compilation,1
favor,1
satisfied,1
realities,1
decade,1
ideals,1
policy,1
seem,1
position,1
harsh,1
advises,1
unlike,1
naguzir,1
sinning,1
tells,1
heterosexuality,1
husbands,1
naturalness,1
uses,1
service,1
something,1
edu,1
arguing,1
descriptions,1
followup,1
chief,1
helm,1
lal,1
buys,1
permitted,1
turning,1
intentions,1
hillman,1
highlight,1
lower,1
mehregan,1
gossip,1
smiles,1
provision,1
screaming,1
humble,1
please,1
farzan,1
revisited,1
ambivalence,1
muvaffaq,1
inexperienced,1
nivishtah,1
connection,1
voices,1
despoiling,1
exaggerated,1
implications,1
give,1
faraj,1
contrasted,1
might,1
attempts,1
ijtima,1
rapid,1
location,1
straightforwardly,1
preoccupied,1
beautiful,1
mahdokht,1
repressive,1
j,1
nature,1
overnight,1
liberty,1
grandfather,1
heated,1
friendly,1
cammah,1
immense,1
childabout,1
knowing,1
secondary,1
professions,1
advantage,1
suggesting,1
cocoon,1
display,1
simple,1
despotic,1
masochist,1
compounds,1
blind,1
prelude,1
senses,1
follows,1
inequity,1
able,1
transferred,1
loud,1
concludes,1
pornographic,1
ifif,1
versified,1
grip,1
payan,1
nationalism,1
half,1
foolish,1
moghissi,1
mocks,1
precisely,1
concepts,1
tv,1
opposite,1
dynamo,1
alike,1
discipline,1
ambiguous,1
behind,1
beating,1
fulfilling,1
similarities,1
muniru,1
less,1
system,1
slip,1
rewriting,1
depending,1
pained,1
staunch,1
suspect,1
cabinet,1
forthcoming,1
underwrite,1
attacked,1
task,1
displacing,1
sought,1
avam,1
mass,1
america,1
saying,1
draw,1
killed,1
victims,1
addresses,1
discuss,1
shoppers,1
struggling,1
kufti,1
abhor,1
heroically,1
felt,1
recommended,1
mindlessly,1
heterosocialization,1
parsipur,1
instincts,1
distressful,1
drive,1
islamist,1
ravanipur,1
propagation,1
consciousness,1
october,1
pronouncements,1
calculated,1
hair,1
diss,1
west,1
whatever,1
taking,1
except,1
babayan,1
supervision,1
disparities,1
immoral,1
unreformable,1
household,1
jibi,1
promises,1
nigarish,1
benefited,1
melting,1
strengthens,1
warfare,1
transgendering,1
controlled,1
usage,1
segregation,1
otherwise,1
curse,1
punishing,1
virginity,1
lover,1
denying,1
silent,1
shahrzad,1
experiences,1
disguised,1
relationships,1
decree,1
namayishnamah,1
explained,1
dying,1
facts,1
utopian,1
development,1
scent,1
inevitable,1
countless,1
professor,1
understand,1
backgrounds,1
mores,1
demanded,1
spurt,1
pursuit,1
ijbari,1
assumes,1
unpublished,1
afterthought,1
hushang,1
movement,1
heroines,1
registered,1
civilizing,1
agreeing,1
reflection,1
ut,1
regarded,1
videos,1
akhlaq,1
issued,1
kufiu,1
emerges,1
ease,1
sermons,1
media,1
topic,1
thank,1
insult,1
bookseller,1
exercise,1
whores,1
thing,1
unity,1
rank,1
popularization,1
affectionate,1
altogether,1
nor,1
pretensions,1
late,1
legally,1
circulation,1
keep,1
travails,1
causing,1
highest,1
simplest,1
difficulty,1
recalls,1
radio,1
suitable,1
left,1
trusting,1
continuous,1
third,1
drives,1
overcomes,1
enlightened,1
y,1
mirrored,1
grandpa,1
parasites,1
wet,1
deeply,1
wounded,1
europeanized,1
scripts,1
infatuations,1
unmanly,1
word,1
stigma,1
build,1
salvaging,1
repressors,1
error,1
spinster,1
celebrating,1
disavowing,1
majlis,1
tragically,1
aristocracy,1
posited,1
aim,1
etc,1
divorcee,1
talks,1
poor,1
overestimated,1
objectionable,1
via,1
simultaneously,1
belabor,1
spread,1
erotic,1
wishes,1
farrokhzad,1
whose,1
reflects,1
silence,1
license,1
heroism,1
akhunzadah,1
frustration,1
exact,1
testimony,1
forbids,1
dilemma,1
foreknowledge,1
reviews,1
aimed,1
spousal,1
muscles,1
centered,1
essence,1
adds,1
stop,1
unmixibility,1
fuels,1
fantasies,1
exploits,1
explicit,1
account,1
mean,1
represented,1
analyzes,1
khumir,1
populism,1
nimeye,1
granted,1
rescue,1
heard,1
sarah,1
talk,1
certain,1
sympathize,1
consensual,1
parts,1
sociologists,1
hearing,1
serial,1
procreative,1
special,1
leaves,1
echoed,1
akhundzade,1
repeats,1
reforms,1
perilously,1
factors,1
front,1
supposed,1
characterizes,1
underline,1
worthlessness,1
means,1
reason,1
send,1
dynamized,1
solutions,1
praiseful,1
dislike,1
posthumously,1
expects,1
vastly,1
immigrant,1
recuperating,1
ardent,1
arrested,1
sharab,1
fuiad,1
tensions,1
females,1
farzaneh,1
bursts,1
aimmah,1
allowance,1
consolidate,1
proved,1
poisonous,1
just,1
edition,1
threatening,1
unimportant,1
days,1
thirty,1
n,1
participants,1
impact,1
articulated,1
desirability,1
weak,1
careful,1
four,1
adolescence,1
show,1
commonly,1
provokes,1
superior,1
heading,1
additional,1
shab,1
ugly,1
khani,1
pains,1
concerning,1
dastghayb,1
unsuitable,1
definite,1
discomfort,1
ungendered,1
always,1
adulterous,1
impotence,1
exploitation,1
asks,1
begin,1
angrily,1
yes,1
assignations,1
destructive,1
dominant,1
care,1
hetero,1
projected,1
provisional,1
coincide,1
suggested,1
providing,1
physicality,1
advocated,1
constitution,1
foretold,1
hot,1
thrust,1
oppositional,1
contention,1
liberatory,1
worries,1
apotheosis,1
pain,1
reprinted,1
attentions,1
acceptable,1
dumps,1
hidayat,1
whom,1
acting,1
introduce,1
aftermath,1
censorship,1
blissful,1
questioned,1
therwise,1
sensuality,1
lah,1
develops,1
histories,1
opposing,1
chahar,1
entering,1
hands,1
chastise,1
narrated,1
sociologically,1
seven,1
centers,1
narrating,1
dynamizes,1
changed,1
deal,1
shared,1
destined,1
events,1
census,1
radical,1
deceitful,1
tahuri,1
noting,1
endeavor,1
emerge,1
initial,1
emotionally,1
sends,1
big,1
patriarchal,1
creating,1
kinship,1
furthermore,1
supporters,1
understood,1
poverty,1
rent,1
receive,1
war,1
conflating,1
projection,1
recently,1
cohabitation,1
litany,1
modemrnist,1
acquaintance,1
parallels,1
placed,1
eye,1
tension,1
guidance,1
sayyid,1
designations,1
taught,1
companionate,1
triumph,1
sacrifice,1
assignation,1
creates,1
adolescent,1
memory,1
distressed,1
aspects,1
kathryn,1
well,1
advisor,1
none,1
theological,1
basis,1
relief,1
journals,1
namah,1
decides,1
publish,1
listening,1
received,1
mushfiq,1
carries,1
nine,1
betrayed,1
clean,1
heart,1
vatan,1
unless,1
prominent,1
brought,1
purpose,1
films,1
explains,1
numerous,1
banii,1
apparent,1
chooses,1
anew,1
comment,1
confirms,1
intonations,1
crossings,1
criticized,1
baha,1
sexually,1
dahah,1
during,1
pun,1
literally,1
constitute,1
disdainful,1
marital,1
anxieties,1
structures,1
astutely,1
fatimah,1
teenage,1
dismissive,1
employed,1
craftsmen,1
participate,1
tears,1
dishonorable,1
washington,1
milani,1
genealogical,1
eastern,1
refuse,1
correctness,1
unmarried,1
kazimi,1
depicting,1
yak,1
downtrodden,1
change,1
multiplicity,1
responses,1
successful,1
mage,1
hard,1
regardless,1
responsibility,1
liars,1
reinforces,1
things,1
wished,1
jailer,1
transgressions,1
persuasive,1
poet,1
lizzat,1
lowly,1
unbearable,1
order,1
cope,1
modest,1
emphasizes,1
sixty,1
pronounces,1
rebelliousness,1
explicitly,1
reporter,1
sole,1
small,1
awakened,1
interrupts,1
workshops,1
june,1
pregnant,1
pregnancy,1
dire,1
grow,1
beautifully,1
disaster,1
presence,1
research,1
climate,1
motherhood,1
mixing,1
impossible,1
widely,1
foremost,1
occasions,1
core,1
condemned,1
richness,1
st,1
dependent,1
productivity,1
world,1
naw,1
childless,1
sadiq,1
crime,1
grateful,1
finds,1
aya,1
swings,1
am,1
settle,1
ninth,1
miserable,1
enjoy,1
reducing,1
overturns,1
behalf,1
avoid,1
curriculum,1
appeal,1
mawludi,1
sidney,1
battle,1
therefore,1
womanhood,1
power,1
lit,1
matter,1
apprehensive,1
innocent,1
feudalism,1
implicitly,1
interference,1
economic,1
khavais,1
short,1
nijiit,1
overall,1
feeling,1
blessed,1
resisted,1
caught,1
sukhani,1
brief,1
banuipasand,1
merits,1
oversight,1
fractured,1
brings,1
gift,1
april,1
community,1
still,1
above,1
judgment,1
thinkers,1
expanded,1
wines,1
standing,1
adinah,1
reforming,1
womb,1
insulting,1
escaping,1
hitherto,1
put,1
surkh,1
newborn,1
insurmountably,1
unkuffi,1
duplicate,1
stud,1
resolution,1
wake,1
coverage,1
pp,1
veiled,1
perplexity,1
mindless,1
discussions,1
kirmani,1
perceived,1
triumphantly,1
riza,1
misses,1
falls,1
raise,1
eros,1
complete,1
delight,1
unfairness,1
heirs,1
teaching,1
choices,1
performed,1
passionately,1
hymen,1
deliver,1
experiment,1
beards,1
belonging,1
rape,1
odds,1
bureau,1
incommensurability,1
moments,1
bar,1
bravely,1
unkufli,1
mocked,1
act,1
cmmah,1
shops,1
members,1
starting,1
california,1
challenge,1
business,1
delusionary,1
fell,1
think,1
hears,1
akbar,1
circulates,1
notables,1
projects,1
financial,1
complementary,1
jab,1
regrets,1
twenty,1
isparak,1
consideration,1
risidah,1
maternal,1
monarchic,1
zarurati,1
happily,1
enact,1
tally,1
forecloses,1
really,1
angry,1
break,1
miseries,1
hear,1
jinsiyat,1
modernitywith,1
grows,1
emphatically,1
everything,1
contends,1
identical,1
nuclear,1
travail,1
dead,1
observes,1
propositions,1
removal,1
brotherhood,1
rhetoric,1
psychologists,1
forms,1
pondering,1
proverbial,1
sweat,1
fame,1
present,1
performances,1
mushir,1
disassociate,1
imperatives,1
ninety,1
metaphors,1
retorts,1
javan,1
continuing,1
existing,1
novelist,1
establish,1
relevant,1
sensual,1
celebrated,1
michael,1
discord,1
until,1
lengthily,1
necessary,1
practice,1
mehrdad,1
deep,1
volatile,1
invitation,1
groom,1
markings,1
controversy,1
sell,1
gives,1
temperamentally,1
characters,1
unconscionability,1
locations,1
remarkably,1
incestuous,1
day,1
violent,1
discourses,1
demonstrated,1
yahyai,1
complicity,1
status,1
understanding,1
diverse,1
aptly,1
finish,1
encounter,1
penned,1
inviting,1
easier,1
upon,1
implicated,1
uplift,1
locate,1
islamism,1
critiqued,1
decent,1
abandons,1
incompatibility,1
harming,1
delicate,1
enormous,1
increase,1
surmount,1
reside,1
disavowed,1
akuchikian,1
presentations,1
encouraged,1
dismissers,1
combining,1
use,1
food,1
impassable,1
morality,1
origin,1
firsttime,1
places,1
logo,1
contentment,1
aesthetic,1
full,1
sinned,1
tuba,1
previous,1
imagery,1
strikingly,1
eleventh,1
unwanted,1
students,1
aristocratic,1
insurmountable,1
vibrates,1
open,1
historic,1
frustrated,1
trap,1
language,1
points,1
tarin,1
inqilab,1
urge,1
lonely,1
outraged,1
parsa,1
admirer,1
nilufar,1
bringing,1
bookshops,1
hardship,1
leanings,1
shari,1
played,1
exacerbates,1
int,1
filled,1
longings,1
comforts,1
accurate,1
poetic,1
believing,1
martin,1
officials,1
assuming,1
wood,1
irani,1
quick,1
polygyny,1
strangely,1
educational,1
conclusions,1
facing,1
guilt,1
satisfy,1
atemporal,1
parallel,1
constructing,1
reads,1
lift,1
sexed,1
acquire,1
incompatible,1
closures,1
masculine,1
recommending,1
looks,1
rhetorical,1
displacements,1
copyright,1
rasht,1
sales,1
institution,1
engagement,1
caution,1
unrelated,1
isn,1
bethesda,1
offspring,1
translator,1
performing,1
hikayat,1
visit,1
sanati,1
increasing,1
fails,1
effeminizing,1
infuriated,1
scheming,1
indication,1
monstrous,1
median,1
backward,1
initiator,1
lovers,1
erotically,1
prevalence,1
note,1
repetitions,1
unstated,1
invokes,1
provide,1
segments,1
five,1
criminal,1
replayed,1
defenders,1
claimed,1
spouse,1
othering,1
socialize,1
celebration,1
inside,1
lines,1
haideh,1
months,1
manly,1
negev,1
institutions,1
disagreements,1
watching,1
lost,1
concluding,1
affinity,1
translation,1
tawsi,1
strongly,1
deluding,1
obstacle,1
gulshiri,1
began,1
effectively,1
hopeful,1
ast,1
backlash,1
importantly,1
safari,1
recognize,1
rapidly,1
indicate,1
linking,1
worlds,1
literacy,1
expectations,1
kill,1
united,1
inferior,1
wittingly,1
elderly,1
composed,1
disagrees,1
supporting,1
disavowals,1
saturated,1
face,1
recalling,1
expulsion,1
sheldon,1
unveiled,1
arbadah,1
hemistich,1
dislikes,1
spineless,1
contained,1
exercised,1
heavy,1
associated,1
nightly,1
judgments,1
material,1
reprints,1
preface,1
conclusion,1
fukult,1
complexity,1
grand,1
throw,1
must,1
founded,1
hell,1
adjective,1
facticity,1
steel,1
basismuch,1
shahrukh,1
beside,1
shop,1
novellas,1
temporal,1
equivalence,1
proposes,1
doi,1
disdain,1
offers,1
drew,1
equation,1
news,1
forty,1
husayn,1
rebelliously,1
berkeley,1
evokes,1
intellectual,1
danielle,1
dismay,1
tendencies,1
monthly,1
isfahan,1
languages,1
reversal,1
interested,1
governments,1
unknown,1
recalled,1
breaking,1
ph,1
wealthy,1
explicated,1
constructions,1
duvvum,1
universal,1
scenario,1
returns,1
report,1
euphemism,1
eventually,1
foundation,1
contradictory,1
guy,1
greetings,1
embodiment,1
benefit,1
separating,1
visits,1
applauded,1
yadha,1
proposed,1
works,1
options,1
indeterminate,1
allegorically,1
beginning,1
quietly,1
activism,1
born,1
warnings,1
wit,1
irreconcilability,1
najmabad,1
catastrophic,1
condemning,1
answered,1
condemns,1
youngsters,1
month,1
circles,1
implicit,1
nationalist,1
playful,1
beaten,1
namely,1
ones,1
maryland,1
trope,1
sociology,1
nearby,1
males,1
opportunistic,1
protective,1
warn,1
amir,1
irrecuperable,1
march,1
likes,1
unfold,1
zudhingam,1
listen,1
shu,1
predate,1
getting,1
while,1
futility,1
local,1
studying,1
gestures,1
ahmad,1
video,1
voice,1
proposing,1
almost,1
observations,1
die,1
illusory,1
mazhab,1
infant,1
universe,1
ah,1
panders,1
spaces,1
forugh,1
conference,1
sasan,1
burden,1
hindsight,1
vista,1
bodies,1
emergent,1
bahrami,1
entrance,1
illusive,1
recognition,1
multiple,1
peace,1
uniform,1
kin,1
introduced,1
city,1
content,1
salimi,1
republic,1
subject,1
subnarrative,1
went,1
urbanity,1
despondent,1
angered,1
ever,1
using,1
writing,1
kabir,1
goals,1
neglect,1
despised,1
fas,1
daring,1
jan,1
turkish,1
pertains,1
devoted,1
soft,1
powerful,1
inquiries,1
conducive,1
biennial,1
justifiably,1
contract,1
abused,1
disassociation,1
veils,1
submits,1
discursive,1
wish,1
ended,1
suffers,1
usa,1
battling,1
opinions,1
mas,1
sports,1
changes,1
ruman,1
sivvum,1
embodies,1
chastised,1
repeat,1
association,1
ranged,1
heroine,1
anonymous,1
unsuspecting,1
jadid,1
potential,1
removed,1
best,1
invited,1
actions,1
abadi,1
single,1
jayati,1
rejection,1
charged,1
nayarzad,1
succeeded,1
chicago,1
upbringing,1
inquisitors,1
era,1
supporter,1
create,1
fears,1
occur,1
ownership,1
little,1
hamid,1
slippage,1
focus,1
immediately,1
guzashtah,1
prison,1
networks,1
rude,1
instanceat,1
doing,1
devastated,1
representational,1
close,1
evidently,1
interlaced,1
nanny,1
