WORDCOUNTS,WEIGHT
the,115
to,59
and,59
a,57
of,52
in,30
sturgeon,26
is,20
s,20
with,16
from,14
are,13
fish,13
as,12
spear,12
shanty,12
be,12
for,12
ice,11
by,11
wisconsin,11
at,10
he,10
his,10
was,10
up,10
m,9
i,9
have,9
it,8
all,8
water,8
out,8
an,8
can,8
spearers,7
h,7
most,7
that,7
has,7
this,7
would,7
decoy,7
decoys,7
they,6
their,6
university,6
or,6
but,6
into,6
many,6
wood,6
were,6
re,6
still,5
one,5
more,5
them,5
you,5
hole,5
feet,5
carved,4
spears,4
once,4
first,4
enough,4
spearing,4
barbs,4
sport,4
some,4
used,4
art,4
so,4
on,4
when,4
look,4
will,3
o,3
today,3
binkowski,3
any,3
something,3
winnebago,3
t,3
long,3
handle,3
over,3
worked,3
each,3
j,3
other,3
warm,3
time,3
onto,3
rashid,3
institute,3
because,3
secure,3
made,3
lake,3
resources,3
tines,3
people,3
welding,3
away,3
three,3
like,3
holes,3
oshkosh,3
off,3
bruch,3
even,3
shanties,2
york,2
metal,2
materials,2
way,2
provide,2
rope,2
sometimes,2
been,2
pull,2
stoves,2
weighted,2
inside,2
roads,2
who,2
seen,2
eight,2
speared,2
life,2
not,2
biology,2
river,2
history,2
home,2
then,2
light,2
just,2
pitchfork,2
these,2
simply,2
said,2
friend,2
only,2
published,2
every,2
also,2
set,2
quickly,2
others,2
season,2
natural,2
spearhead,2
eyes,2
frederick,2
lead,2
twenty,2
curious,2
great,2
p,2
become,2
new,2
fishing,2
closer,2
swim,2
scrap,2
kline,2
right,2
based,2
form,2
public,2
design,2
years,2
rustic,2
r,2
kathleen,2
work,2
bob,2
move,2
magazine,2
ready,2
sea,2
spearer,2
beer,2
became,2
ten,2
com,2
use,2
tied,2
snow,2
while,2
which,2
shacks,2
ronald,2
couple,2
mcaloon,2
such,2
open,2
own,2
nail,2
since,2
flying,2
grant,2
lakes,2
good,2
although,2
autumn,2
writer,2
piece,2
television,2
old,2
small,2
needs,2
between,2
ceiling,2
radio,2
research,2
traveler,2
corners,2
ropes,2
early,2
traditional,2
using,2
built,2
coal,2
spearfishing,2
schmitt,2
appeal,1
hl,1
hauled,1
book,1
things,1
handles,1
ers,1
ments,1
battle,1
critical,1
poor,1
now,1
smoke,1
twelve,1
interesting,1
litde,1
states,1
fueled,1
what,1
likely,1
whose,1
sentimental,1
prefer,1
biologist,1
various,1
common,1
pans,1
science,1
documen,1
scientific,1
tar,1
ac,1
usually,1
main,1
short,1
developed,1
how,1
signs,1
created,1
she,1
basic,1
cloud,1
iowa,1
nationwide,1
college,1
thircifrom,1
primarily,1
eli,1
lated,1
brings,1
e,1
referred,1
splashing,1
hitting,1
positioned,1
tary,1
alone,1
transformed,1
above,1
team,1
diver,1
establish,1
tel,1
make,1
string,1
bill,1
apfelbaum,1
beneath,1
rolled,1
backroads,1
wind,1
atten,1
length,1
zoology,1
html,1
documentaries,1
plenty,1
hold,1
why,1
chairs,1
selection,1
special,1
inspired,1
often,1
extra,1
inches,1
insu,1
gelatin,1
pipeline,1
rays,1
live,1
outreach,1
dead,1
education,1
english,1
federal,1
soggy,1
museum,1
get,1
sudden,1
recalled,1
easily,1
makes,1
flush,1
alongside,1
generator,1
dutton,1
meant,1
cough,1
drill,1
under,1
locally,1
pail,1
detachable,1
times,1
claims,1
freeze,1
throwing,1
ancient,1
taverns,1
opening,1
photographs,1
title,1
laid,1
otherwise,1
barrels,1
fifteen,1
uj,1
thinking,1
supervisor,1
complete,1
beast,1
days,1
following,1
decorah,1
same,1
senior,1
rabbit,1
comes,1
too,1
du,1
w,1
prevent,1
without,1
surround,1
must,1
registration,1
four,1
two,1
department,1
holiday,1
steel,1
underwater,1
fixed,1
round,1
being,1
anything,1
silos,1
known,1
surface,1
watching,1
crosse,1
warmed,1
happening,1
love,1
position,1
persuade,1
organizations,1
fire,1
aside,1
gawk,1
human,1
experimented,1
challenge,1
munication,1
business,1
important,1
mussel,1
boti,1
scien,1
management,1
cut,1
europe,1
put,1
anywhere,1
gone,1
stretch,1
nature,1
sustainable,1
paper,1
asia,1
uses,1
efforts,1
carvers,1
heated,1
dangling,1
novel,1
best,1
longer,1
reach,1
pounds,1
cies,1
cumbersome,1
location,1
whittle,1
international,1
corncobs,1
scientists,1
wooden,1
packed,1
down,1
havior,1
creative,1
fry,1
entering,1
reasons,1
ben,1
wine,1
monitor,1
struc,1
barbed,1
children,1
follows,1
bait,1
cally,1
handmade,1
changed,1
basket,1
ocean,1
curiosity,1
mississippi,1
very,1
state,1
room,1
jacket,1
gas,1
festivities,1
take,1
historical,1
man,1
past,1
there,1
favorite,1
stewardship,1
base,1
serious,1
cc,1
big,1
forms,1
loose,1
accurately,1
hand,1
typical,1
aquaculture,1
advisory,1
do,1
v,1
those,1
drop,1
ron,1
creativity,1
though,1
haul,1
snug,1
handy,1
covered,1
focused,1
item,1
where,1
soot,1
basics,1
block,1
heads,1
stock,1
jhfl,1
tist,1
phd,1
tools,1
whether,1
photographer,1
recently,1
flesh,1
see,1
system,1
tell,1
fulfill,1
unmention,1
slip,1
supports,1
slice,1
cover,1
necessary,1
ily,1
agencies,1
focusing,1
evision,1
moisture,1
your,1
gion,1
central,1
seven,1
books,1
leaving,1
wide,1
pulled,1
avid,1
luther,1
utilitarian,1
stations,1
weren,1
primary,1
free,1
deiss,1
u,1
america,1
affair,1
collector,1
draw,1
day,1
poli,1
larger,1
remove,1
sawdust,1
huge,1
local,1
coffeepot,1
rock,1
placement,1
differ,1
hobie,1
welcome,1
suggests,1
ideal,1
possible,1
maximum,1
eas,1
upper,1
nutrition,1
fl,1
size,1
travel,1
burning,1
father,1
ening,1
hung,1
throw,1
thermostats,1
frozen,1
headless,1
nudge,1
army,1
bear,1
org,1
nine,1
helps,1
region,1
contemplate,1
little,1
tastes,1
parents,1
part,1
through,1
purpose,1
apparendy,1
michaan,1
press,1
airlines,1
tine,1
nation,1
along,1
easy,1
promises,1
newsweek,1
giving,1
pinch,1
northwest,1
wonder,1
caught,1
telemetry,1
loves,1
ist,1
worst,1
entirely,1
attracted,1
cupola,1
clouded,1
island,1
during,1
place,1
horn,1
needed,1
attract,1
salvaged,1
missing,1
world,1
lunch,1
bed,1
tifiable,1
store,1
bin,1
hour,1
waukee,1
services,1
andy,1
sonic,1
come,1
mold,1
raising,1
legal,1
previous,1
gear,1
ttruck,1
connected,1
rapher,1
il,1
canvas,1
historically,1
shelter,1
talented,1
engineers,1
component,1
rage,1
won,1
gloves,1
trade,1
low,1
development,1
generate,1
visited,1
archaeological,1
numerous,1
authors,1
september,1
either,1
talk,1
express,1
certain,1
definitely,1
iden,1
submerged,1
creating,1
fright,1
www,1
hany,1
individual,1
ripples,1
keep,1
capped,1
pleasing,1
excerpted,1
someone,1
started,1
jb,1
countries,1
lopas,1
torch,1
american,1
below,1
need,1
function,1
opinions,1
staying,1
him,1
cruising,1
stage,1
tribal,1
united,1
hat,1
order,1
steven,1
sporting,1
coaxer,1
bacon,1
shells,1
quite,1
night,1
cost,1
assignments,1
association,1
around,1
nightmare,1
stray,1
drip,1
morning,1
ture,1
perspective,1
turned,1
fond,1
few,1
gottlieb,1
searching,1
causing,1
choose,1
trying,1
mini,1
undergarments,1
six,1
gilgenbach,1
curses,1
tribes,1
lac,1
allowing,1
climate,1
clude,1
ables,1
dedicated,1
find,1
diamond,1
weight,1
identify,1
probably,1
working,1
st,1
looks,1
sciences,1
shiny,1
given,1
designed,1
primal,1
bottles,1
slide,1
neumueller,1
among,1
than,1
notes,1
about,1
jerry,1
truck,1
weigh,1
corps,1
evidence,1
stick,1
folk,1
wisconsinhistory,1
wield,1
fishdecoy,1
la,1
close,1
luxuries,1
photog,1
society,1
satellite,1
walls,1
welded,1
input,1
