WORDCOUNTS,WEIGHT
of,609
the,606
and,342
to,310
a,180
in,172
hume,162
is,137
s,128
that,119
for,114
this,95
on,92
virtue,78
by,69
as,69
human,66
it,65
pride,64
his,60
p,59
fame,58
not,57
love,51
more,51
from,51
be,49
character,48
or,47
which,47
we,47
are,47
he,46
with,42
others,40
pp,39
good,38
one,37
political,37
our,35
moral,34
society,33
commercial,32
all,31
its,31
but,29
their,28
these,28
they,27
nature,27
treatise,27
than,27
epm,27
passions,27
an,26
because,25
virtues,24
beings,24
social,23
press,23
have,22
most,21
such,20
luxury,20
us,20
morals,20
also,19
see,19
university,18
who,18
other,17
those,17
some,17
vice,17
honor,17
men,17
them,17
liberty,16
public,16
so,16
between,16
at,15
passion,15
even,15
liberal,15
manners,15
may,15
man,15
arts,15
natural,15
should,15
very,14
view,14
would,14
him,14
can,14
justice,14
science,14
refinement,14
principles,13
government,13
politics,13
manzer,13
like,13
will,13
necessary,13
sense,13
robert,13
modern,12
avarice,12
desire,12
dependence,12
humanity,12
praise,12
private,12
concern,12
enquiry,12
sympathy,12
must,12
while,12
there,11
concerning,11
no,11
support,11
too,11
when,11
makes,11
constitutionalism,11
prideful,11
seek,11
utility,10
history,10
mind,10
vanity,10
dignity,10
interest,10
qualities,10
basis,10
commerce,10
actions,10
only,10
power,10
understanding,10
tendency,10
any,10
regard,10
what,10
generous,9
spirit,9
feeling,9
point,9
severe,9
virtuous,9
useful,9
writings,9
where,9
worth,9
motives,9
reflection,8
depends,8
has,8
against,8
response,8
rather,8
was,8
esteem,8
indeed,8
make,8
less,8
d,8
much,8
conscious,7
motive,7
being,7
ourselves,7
great,7
thus,7
pursuit,7
cf,7
influence,7
main,7
how,7
greater,7
cannot,7
jealousy,7
every,7
above,7
yet,7
new,7
upon,7
were,7
latter,7
attachment,7
here,7
alexander,7
both,7
through,7
does,6
common,6
mankind,6
experience,6
might,6
leading,6
i,6
ambition,6
account,6
possible,6
laws,6
superior,6
meanness,6
had,6
could,6
out,6
appears,6
well,6
suggests,6
example,6
genuine,6
place,6
own,6
contrast,6
mandeville,6
appeal,6
oxford,6
ancient,6
two,6
toward,6
efforts,6
conduct,6
do,6
argues,6
another,6
morality,6
merit,6
vices,6
sentiment,6
sentiments,6
stems,6
particularly,6
works,6
theory,6
benevolence,6
moralists,6
cambridge,6
views,6
way,5
if,5
position,5
into,5
lead,5
within,5
capacity,5
right,5
mutual,5
conception,5
envy,5
kind,5
certain,5
study,5
feel,5
benefits,5
former,5
humility,5
admiration,5
further,5
understood,5
wealth,5
however,5
least,5
order,5
attention,5
feelings,5
cool,5
describes,5
republican,5
noble,5
eminent,5
judgment,5
indicates,5
about,5
thought,5
ed,5
without,5
fact,5
preserve,5
classical,5
greatest,5
largely,5
causes,5
individuals,5
become,5
politeness,5
institutions,5
itself,5
respect,5
comparison,5
seem,5
best,5
vicious,5
passage,5
better,5
condemn,5
problem,5
constitutional,5
psychology,5
emphasis,5
excesses,5
need,5
seeks,5
supported,5
potential,5
themselves,5
chicago,5
charms,5
superiority,4
now,4
highly,4
essays,4
presents,4
before,4
princeton,4
leads,4
first,4
greatness,4
religion,4
principal,4
solely,4
due,4
turn,4
underlying,4
perspective,4
depend,4
approval,4
general,4
whose,4
costs,4
standard,4
bad,4
tensions,4
clearly,4
praises,4
important,4
appear,4
result,4
primacy,4
though,4
grounds,4
egalitarian,4
indianapolis,4
purpose,4
personal,4
acts,4
civic,4
beauty,4
value,4
counteract,4
lerner,4
limited,4
religious,4
appeals,4
many,4
fundamental,4
abilities,4
clarendon,4
naturally,4
oneself,4
never,4
refers,4
essay,4
david,4
distinction,4
stresses,4
pangle,4
sovereign,4
acquire,4
accordingly,4
success,4
been,4
prudent,4
force,4
conclusion,4
humane,4
tendencies,4
far,4
glory,4
whether,4
making,4
grandeur,4
course,4
traditional,4
ends,4
difficult,3
inward,3
proud,3
moralism,3
vitellius,3
sphere,3
just,3
significant,3
alive,3
censure,3
harsh,3
arguing,3
undermine,3
interests,3
military,3
promoting,3
seems,3
words,3
origin,3
review,3
respond,3
opposite,3
key,3
sought,3
shame,3
restraints,3
keeps,3
independency,3
immediate,3
relations,3
adam,3
defense,3
compare,3
deeply,3
tempering,3
grasp,3
civilization,3
heroism,3
l,3
checks,3
basic,3
thing,3
govern,3
moreover,3
means,3
reason,3
soul,3
consider,3
encourages,3
teaches,3
impact,3
prevent,3
dominant,3
opinion,3
hedonistic,3
based,3
applause,3
nobility,3
effort,3
radical,3
receive,3
almost,3
none,3
directs,3
psychological,3
work,3
t,3
pain,3
essentially,3
core,3
parliament,3
reducing,3
avoid,3
second,3
reduced,3
economic,3
domination,3
tends,3
security,3
federalist,3
neither,3
same,3
emotional,3
reliance,3
name,3
added,3
smith,3
pericles,3
time,3
really,3
ground,3
manner,3
fable,3
ch,3
eds,3
judge,3
pleasure,3
nothing,3
sees,3
improvements,3
three,3
modem,3
trajan,3
promotion,3
promote,3
realm,3
effect,3
esteemed,3
raise,3
independent,3
urges,3
importantly,3
often,3
education,3
valuing,3
thinking,3
constant,3
ralph,3
alternative,3
set,3
over,3
hamilton,3
republicanism,3
foundation,3
iii,3
form,3
supports,3
particular,3
act,3
generally,3
agreeable,3
peace,3
altogether,3
role,3
arguments,3
bees,3
gain,3
think,3
examples,3
instead,3
folly,3
pleased,3
element,3
characters,3
strong,3
among,3
observed,3
doing,3
miller,2
names,2
extreme,2
considerably,2
celebrate,2
group,2
complex,2
studiously,2
properly,2
reflections,2
formed,2
live,2
usefully,2
true,2
sets,2
ways,2
solidarity,2
h,2
criticizes,2
contend,2
easily,2
satisfied,2
earnest,2
unlike,2
encourage,2
something,2
nonetheless,2
source,2
practices,2
women,2
negative,2
notre,2
sting,2
either,2
lustre,2
ii,2
implications,2
england,2
company,2
explores,2
advantage,2
together,2
potentially,2
achievement,2
confront,2
exalted,2
expense,2
help,2
judging,2
courage,2
globe,2
existence,2
governable,2
draw,2
offset,2
felt,2
capable,2
enforcement,2
splendid,2
whatever,2
constrained,2
himself,2
engage,2
moralizing,2
thinkers,2
succeed,2
development,2
quality,2
reputation,2
run,2
g,2
author,2
characteristic,2
ability,2
dame,2
restore,2
nor,2
supplanting,2
wholly,2
compared,2
left,2
trusting,2
criterion,2
find,2
drawn,2
obscure,2
rest,2
traditions,2
martial,2
dissoluteness,2
sensations,2
perfect,2
critics,2
operation,2
avoids,2
hirschman,2
compatible,2
edward,2
possession,2
presentation,2
similar,2
importance,2
direct,2
montesquieu,2
consequences,2
supposed,2
pleasures,2
shining,2
references,2
cause,2
attends,2
consciousness,2
sekora,2
frequently,2
threat,2
orientation,2
show,2
pinnacle,2
additional,2
splendor,2
consequence,2
willing,2
destructive,2
internal,2
strategy,2
stupidity,2
cultivating,2
thinks,2
standards,2
my,2
whom,2
bearing,2
societies,2
difficulty,2
hands,2
aristocratic,2
resembles,2
her,2
facilitate,2
vigorous,2
feels,2
infected,2
luster,2
wholesome,2
confirmation,2
balance,2
possibility,2
distinguishes,2
having,2
claiming,2
distinguish,2
restrain,2
modesty,2
heart,2
civil,2
apparent,2
confirms,2
recommends,2
thoughts,2
description,2
whole,2
refined,2
demonstrates,2
calculating,2
people,2
actually,2
partiality,2
esteeming,2
challenging,2
polity,2
strongest,2
minds,2
approach,2
refuse,2
subtle,2
responses,2
separateness,2
arise,2
correct,2
questionable,2
industry,2
invaluable,2
impossible,2
condemned,2
necessity,2
using,2
peculiar,2
compels,2
enjoy,2
casts,2
nations,2
blanket,2
highlights,2
condemnation,2
pridefulness,2
mechanisms,2
positions,2
forward,2
object,2
community,2
still,2
says,2
standing,2
indignation,2
direction,2
once,2
contributing,2
criticism,2
interpretation,2
talents,2
challenged,2
disagreeable,2
promotes,2
begins,2
revenge,2
honour,2
affections,2
volume,2
attacks,2
stronger,2
selfish,2
designing,2
usefulness,2
shows,2
lack,2
appeared,2
ought,2
john,2
end,2
contemporary,2
advocacy,2
serious,2
angels,2
sort,2
readers,2
creature,2
understandings,2
empire,2
establish,2
habit,2
undaunted,2
practice,2
dismissive,2
moralisms,2
realize,2
elevation,2
degree,2
fundamentally,2
discussion,2
made,2
including,2
narrowness,2
expression,2
use,2
food,2
assumption,2
overcoming,2
partisan,2
flexible,2
nevertheless,2
nero,2
clear,2
directed,2
emphasizing,2
restrictiveness,2
individual,2
remark,2
conversation,2
thomas,2
forms,2
especially,2
maxim,2
article,2
incapable,2
narrow,2
offensive,2
selfishness,2
vain,2
sole,2
practicing,2
attended,2
separate,2
controuls,2
liberalism,2
lovers,2
note,2
hostility,2
humanitarian,2
elevate,2
legislator,2
independence,2
becomes,2
directing,2
recognize,2
indicate,2
why,2
surprising,2
obstacle,2
eugene,2
stephen,2
then,2
judgments,2
accordance,2
peoples,2
excel,2
elevates,2
defining,2
principle,2
disinterested,2
share,2
inclined,2
distinctions,2
temper,2
ferocity,2
benefit,2
primary,2
section,2
past,2
ethos,2
stability,2
eminently,2
dallas,2
edinburgh,2
mere,2
argued,2
constitutionally,2
secure,2
property,2
art,2
popular,2
permissiveness,2
giving,2
measure,2
conversely,2
exploit,2
spring,2
argument,2
difference,2
aware,2
pleasing,2
opinions,2
madison,2
shift,2
valuable,2
little,2
grace,2
libertine,2
portrait,2
cited,2
constitution,2
resolve,1
democracy,1
bernard,1
currently,1
deference,1
o,1
doubts,1
discourage,1
limits,1
underpinning,1
worne,1
concerned,1
obey,1
harden,1
deism,1
develops,1
commentary,1
quickly,1
groups,1
till,1
created,1
praised,1
wonder,1
dangers,1
affected,1
distress,1
perfection,1
revolutionary,1
hospitable,1
resisting,1
e,1
reigning,1
alone,1
ultimate,1
introduction,1
designer,1
endowments,1
defenses,1
disregard,1
sympathetic,1
church,1
counters,1
large,1
american,1
achievements,1
stupify,1
integrity,1
confidence,1
enhance,1
stone,1
word,1
newark,1
macpherson,1
humanizing,1
openness,1
uniquely,1
prince,1
baier,1
strictly,1
studies,1
sublime,1
favor,1
barbaric,1
notwithstanding,1
prodding,1
impervious,1
protection,1
devices,1
western,1
necessarily,1
pose,1
cornell,1
carnage,1
naturalness,1
defiant,1
acquainted,1
eye,1
nice,1
dovetails,1
meaningless,1
embellish,1
amongst,1
prosperous,1
planets,1
painful,1
hardin,1
member,1
invoking,1
else,1
decidedly,1
natures,1
tarnish,1
philosophers,1
please,1
wrong,1
hence,1
worthy,1
submit,1
embraced,1
antagonistic,1
roman,1
regulating,1
derives,1
setting,1
give,1
later,1
isaac,1
undermining,1
address,1
rush,1
realizing,1
attempt,1
meaning,1
worked,1
rational,1
advanced,1
j,1
hour,1
excellency,1
parties,1
vhi,1
tradition,1
accompanied,1
estimation,1
simple,1
tarcov,1
portrayal,1
indifferent,1
fully,1
producing,1
train,1
arises,1
incident,1
atlantic,1
thanks,1
closer,1
intrusive,1
concludes,1
humiliations,1
take,1
achieved,1
xx,1
fresh,1
blam,1
harmondsworth,1
degraded,1
indiscriminately,1
rudimentary,1
state,1
improving,1
manipulating,1
trouble,1
stand,1
deriving,1
advantages,1
letting,1
governors,1
visiting,1
basia,1
context,1
papers,1
system,1
followers,1
ernest,1
case,1
moderates,1
fortune,1
generosity,1
kennikat,1
money,1
prone,1
encouraging,1
iv,1
actuating,1
motivating,1
vol,1
dazling,1
prior,1
determined,1
leo,1
ered,1
salkever,1
moderation,1
establishing,1
world,1
siebert,1
move,1
advantageous,1
obvious,1
taking,1
reflecting,1
diffused,1
resources,1
exhorts,1
dynamic,1
unrestrained,1
promises,1
acquires,1
irrational,1
reverence,1
opposes,1
penetrate,1
prejudice,1
harmony,1
behavior,1
attract,1
harold,1
corresponding,1
ciples,1
labor,1
repeatedly,1
conflict,1
central,1
throughout,1
lover,1
denying,1
unsocial,1
avails,1
surely,1
difficulties,1
sociability,1
knave,1
professor,1
bent,1
since,1
mores,1
cooperate,1
shocks,1
neighbors,1
divine,1
asceticism,1
civilizing,1
relatively,1
storehouse,1
moment,1
honest,1
amounts,1
predicament,1
price,1
relevant,1
threatens,1
meyer,1
forthrightly,1
century,1
overly,1
given,1
unwilling,1
exercise,1
unity,1
rank,1
spawn,1
resting,1
elements,1
self,1
places,1
times,1
poisons,1
populousness,1
intercourse,1
back,1
subjects,1
marriage,1
ithaca,1
attainments,1
modernity,1
channels,1
extraordinary,1
counterproductive,1
allowing,1
wiser,1
ally,1
rossiter,1
mossner,1
drives,1
truly,1
veneer,1
discerning,1
strikes,1
factions,1
ingredient,1
corrected,1
fool,1
citizen,1
appreciated,1
savage,1
transactions,1
cites,1
smollet,1
undisturbed,1
pay,1
incentives,1
ers,1
communities,1
immoderation,1
authority,1
seekers,1
betrays,1
seizes,1
laboring,1
york,1
entrenching,1
essential,1
hopes,1
supernatural,1
slights,1
english,1
ardal,1
camp,1
bring,1
cohler,1
performance,1
heedless,1
premodern,1
equalizer,1
influential,1
selflessness,1
annette,1
calculation,1
lasting,1
feder,1
conceptions,1
requisite,1
suffer,1
goes,1
duvinage,1
determining,1
titled,1
insufficiency,1
scottish,1
connected,1
b,1
brand,1
sympathize,1
losing,1
macfie,1
chariot,1
millar,1
adversaries,1
consuming,1
distant,1
lay,1
rules,1
appropriateness,1
awareness,1
animals,1
republicans,1
extremes,1
valuation,1
pernicious,1
genius,1
win,1
affect,1
begets,1
flexibility,1
cultivators,1
humour,1
established,1
antidote,1
severity,1
disappointment,1
abuses,1
mortified,1
francis,1
russell,1
sum,1
constrain,1
objectivity,1
gradually,1
counteracts,1
boldness,1
differs,1
vitality,1
presumed,1
age,1
four,1
unavoidable,1
powerful,1
encouragement,1
follow,1
curbing,1
hart,1
linkage,1
notions,1
macedonian,1
stark,1
putting,1
requires,1
aristocrats,1
care,1
pocock,1
providing,1
drawing,1
footnote,1
totowa,1
shun,1
uses,1
closely,1
advance,1
divines,1
earned,1
jurisprudence,1
courageously,1
allow,1
heavenly,1
opposing,1
found,1
determines,1
forming,1
attack,1
taboo,1
lived,1
patrick,1
changed,1
transference,1
scenes,1
furious,1
shared,1
criticisms,1
disorders,1
noting,1
insisting,1
attenuated,1
philosophical,1
term,1
nidditch,1
evaluate,1
guardian,1
equally,1
lose,1
demanders,1
wales,1
let,1
war,1
silence,1
pursued,1
aspects,1
animate,1
afforded,1
buffer,1
oppositions,1
energy,1
introspection,1
safe,1
doesn,1
your,1
perform,1
approached,1
opposition,1
triumph,1
larkin,1
sacrifice,1
gained,1
hopkins,1
philosophic,1
absurdity,1
memory,1
communitarian,1
deprive,1
outstanding,1
shape,1
paschal,1
christianity,1
offensiveness,1
piques,1
pronounce,1
future,1
line,1
paints,1
tremendously,1
inferred,1
intense,1
scope,1
strict,1
carries,1
carry,1
preferred,1
reader,1
concept,1
unless,1
attacked,1
part,1
london,1
discusses,1
knowledge,1
calls,1
secret,1
arms,1
eva,1
excessive,1
staunchly,1
utopias,1
kittay,1
discussions,1
during,1
alasdair,1
collective,1
contains,1
imputation,1
rendering,1
rashly,1
mortification,1
encrease,1
justification,1
away,1
reflect,1
yardstick,1
achieving,1
capacities,1
smallest,1
contriving,1
status,1
universally,1
diverted,1
volumexxviii,1
carey,1
sink,1
manifestation,1
regions,1
wariness,1
dispelling,1
diversion,1
solution,1
tolerant,1
successful,1
level,1
corresponds,1
diminish,1
macedo,1
reinforces,1
revolution,1
things,1
reliable,1
politically,1
moder,1
harpham,1
quite,1
claim,1
minimally,1
involved,1
patiently,1
family,1
several,1
autonomy,1
driving,1
accomplished,1
concerns,1
republics,1
adversely,1
choose,1
inherited,1
grow,1
idleness,1
observe,1
florentine,1
codes,1
texas,1
seeds,1
wisely,1
always,1
offending,1
visible,1
up,1
progress,1
dependent,1
peculiarly,1
xci,1
introduced,1
proper,1
correspondence,1
rowman,1
mischief,1
unduly,1
diminished,1
provided,1
am,1
questioning,1
massive,1
corruptions,1
behalf,1
seemed,1
sobriety,1
culminate,1
undiscriminating,1
eternal,1
defended,1
underlies,1
transform,1
republic,1
minor,1
equality,1
wane,1
saw,1
matter,1
attempts,1
variety,1
regulate,1
appreciating,1
scientific,1
littlefield,1
wary,1
action,1
cherished,1
short,1
wrote,1
rights,1
overall,1
play,1
unconscious,1
appreciate,1
nearly,1
lies,1
exception,1
surest,1
englishmen,1
purest,1
civility,1
rigid,1
comments,1
movement,1
newton,1
settings,1
cultivate,1
hold,1
positive,1
improper,1
riches,1
monstrous,1
powerfully,1
monkish,1
fit,1
unattractive,1
gloom,1
recommendation,1
read,1
devotion,1
albert,1
evil,1
clergy,1
under,1
contemplation,1
tax,1
jay,1
victories,1
extravagant,1
insanity,1
commonwealth,1
positively,1
light,1
poison,1
assistance,1
complete,1
shock,1
teaching,1
ashamed,1
andliterary,1
baltimore,1
freer,1
excellence,1
suppliers,1
contempt,1
wisconsin,1
delaware,1
qualified,1
animus,1
goodness,1
speaking,1
displaces,1
fix,1
showing,1
generality,1
cleaving,1
party,1
worst,1
provide,1
members,1
theorist,1
goals,1
ameliorating,1
challenge,1
rejuvenate,1
sometimes,1
strike,1
deathbed,1
locating,1
similarly,1
put,1
sour,1
slavery,1
amour,1
contrarieties,1
observance,1
salutary,1
dissertations,1
cultivated,1
mcwilliams,1
diminishing,1
admit,1
idea,1
hollow,1
insatiable,1
treatment,1
scholars,1
deficient,1
blocks,1
occurrence,1
recurrent,1
striking,1
instability,1
nathan,1
defenders,1
reasoning,1
hobbes,1
demonstrating,1
forging,1
focuses,1
substantially,1
doubt,1
inherently,1
prosaic,1
favorite,1
observes,1
utilize,1
anne,1
external,1
reasons,1
brotherhood,1
illustrious,1
impractical,1
leviathan,1
v,1
covered,1
model,1
discussing,1
developing,1
celebrated,1
michael,1
lion,1
agreeableness,1
moderating,1
blind,1
deep,1
intensify,1
perhaps,1
belief,1
assault,1
books,1
strauss,1
vigour,1
compelled,1
controversy,1
distance,1
gives,1
follows,1
number,1
lauded,1
free,1
vehicle,1
centry,1
defuse,1
laudable,1
civilized,1
sir,1
selfadmiration,1
original,1
reveals,1
unselfish,1
casual,1
vast,1
ofdavid,1
pall,1
birth,1
sovereigns,1
chiefly,1
accompanying,1
values,1
helps,1
slaves,1
ridiculous,1
calumny,1
distinctly,1
previously,1
sufficiently,1
elections,1
entirely,1
denies,1
curtail,1
enduring,1
skeptical,1
combining,1
unfortunately,1
religiously,1
unstained,1
unprofitable,1
advises,1
dress,1
affects,1
engaging,1
engulfed,1
curb,1
propre,1
insure,1
ehu,1
offsets,1
eden,1
ameliorate,1
trust,1
check,1
solidifying,1
complicated,1
involves,1
disguised,1
sacrificing,1
finally,1
rejected,1
trade,1
low,1
significance,1
magnanimity,1
tis,1
adding,1
sensitivity,1
express,1
reservations,1
maligned,1
points,1
mcfarland,1
urge,1
objection,1
allowed,1
sociable,1
helpful,1
period,1
linking,1
accurate,1
after,1
decently,1
attributing,1
tangible,1
fancy,1
mourning,1
unclassical,1
provides,1
expired,1
exhortation,1
instruction,1
artificial,1
conveniences,1
proclaim,1
faith,1
sparta,1
problems,1
enlightenment,1
caesar,1
relation,1
sensible,1
affability,1
greatly,1
respectively,1
wise,1
mainly,1
undemocratic,1
james,1
reasonableness,1
seeking,1
probably,1
capitalism,1
looks,1
prods,1
securing,1
ascribe,1
allegiance,1
sloth,1
prerequisites,1
attend,1
diana,1
libertinism,1
encompassing,1
pleas,1
offspring,1
examines,1
beneficence,1
dreading,1
contributes,1
entitled,1
agreeability,1
departs,1
sufficiency,1
christian,1
penguin,1
ancients,1
illusory,1
aid,1
backward,1
today,1
irreclaimable,1
clinton,1
johns,1
extinguish,1
consent,1
types,1
sandel,1
impressive,1
practical,1
foster,1
fear,1
fixing,1
fewer,1
referred,1
lost,1
seen,1
armed,1
devlin,1
render,1
madman,1
circumstance,1
addicted,1
contribution,1
wilson,1
transformation,1
anxious,1
antiquity,1
volumes,1
life,1
inspired,1
combines,1
analysis,1
achieve,1
entertainment,1
endure,1
supporting,1
lar,1
edifying,1
instances,1
bestow,1
face,1
problematic,1
joseph,1
meant,1
earliest,1
freeing,1
fought,1
erode,1
matters,1
dissertation,1
sections,1
school,1
acquired,1
proof,1
neglected,1
duncan,1
conversing,1
rarely,1
following,1
impulse,1
blemish,1
comes,1
complexity,1
throw,1
esteemedfor,1
mercantile,1
founded,1
athens,1
nowise,1
demonstrate,1
simply,1
constituted,1
accounts,1
damaging,1
known,1
implied,1
censorious,1
machiavellian,1
objects,1
disguise,1
exaggeratedly,1
appealing,1
offers,1
blindness,1
command,1
emperors,1
cover,1
bright,1
particulars,1
willful,1
know,1
mutually,1
sharpens,1
control,1
each,1
sure,1
country,1
socialize,1
possessors,1
different,1
lying,1
attribute,1
connection,1
interested,1
believe,1
partisans,1
did,1
valour,1
appendix,1
ph,1
championing,1
argue,1
classed,1
universal,1
seconded,1
returns,1
draws,1
inquiry,1
exploiting,1
theology,1
rely,1
infer,1
researches,1
pitfall,1
raphael,1
cultivation,1
historical,1
examining,1
happiness,1
quoted,1
citations,1
absolutely,1
governing,1
merely,1
infact,1
person,1
despises,1
animal,1
elevated,1
according,1
wit,1
unlikely,1
enjoyments,1
enjoyment,1
exposing,1
carefully,1
poses,1
terms,1
worthwhile,1
ones,1
independently,1
underpinnings,1
violent,1
statement,1
writes,1
vigorously,1
novelty,1
unnecessary,1
censorship,1
surveying,1
correspondent,1
satisfactory,1
prepare,1
utilitarian,1
foundations,1
studying,1
early,1
mechanistic,1
produce,1
minimal,1
port,1
humors,1
nj,1
bodies,1
dialogues,1
outline,1
naked,1
presented,1
circumstances,1
recognition,1
amiable,1
pits,1
thereby,1
attached,1
conclude,1
selfvalue,1
emperor,1
steinthorsson,1
unaffected,1
innocent,1
rotwein,1
subject,1
uxury,1
transition,1
respectable,1
reappraisal,1
controls,1
dismal,1
souls,1
illustrate,1
partake,1
inclines,1
teachings,1
challenges,1
disadvantageous,1
aspect,1
behaved,1
doer,1
resuscitating,1
mentor,1
macintyre,1
come,1
susceptible,1
false,1
complying,1
moderate,1
ultimately,1
tell,1
youth,1
drafts,1
invasion,1
years,1
ignored,1
generate,1
julius,1
misgivings,1
similarity,1
donald,1
rude,1
institutional,1
defence,1
frame,1
washington,1
beyond,1
accept,1
paragons,1
dangerous,1
contributed,1
diligence,1
realism,1
proceeding,1
socially,1
forbes,1
evidence,1
product,1
writer,1
curbs,1
thoughtful,1
forgo,1
centrality,1
fools,1
effects,1
prosperity,1
attempted,1
philosophy,1
posterity,1
ignorance,1
remains,1
worried,1
vi,1
thousand,1
humours,1
spectator,1
compunction,1
removing,1
resolves,1
c,1
stemming,1
recognized,1
basest,1
embraces,1
bounds,1
substantial,1
predictable,1
rein,1
entire,1
gulf,1
focus,1
conventions,1
counts,1
whenever,1
recent,1
vulgar,1
famous,1
building,1
adorn,1
fostering,1
built,1
race,1
mistaken,1
major,1
deeper,1
eagerly,1
