WORDCOUNTS,WEIGHT
the,332
and,211
of,183
to,158
in,150
a,107
melibee,96
s,94
that,90
his,74
as,61
for,52
chaucer,50
prudence,46
is,44
an,41
or,38
this,36
by,35
be,34
with,33
their,31
legal,31
vii,31
on,31
they,30
were,29
it,28
he,27
enemies,25
law,24
accord,23
not,22
english,21
are,21
from,20
no,19
text,19
was,18
have,18
de,17
tale,17
french,17
court,16
counsel,15
more,15
arbitration,15
maintenance,15
could,14
out,14
will,14
but,14
see,14
i,14
e,13
loveday,13
source,12
foes,12
which,12
at,11
common,11
first,11
review,11
however,11
lord,11
ed,11
she,11
bonds,11
courts,10
might,10
may,10
makes,10
these,10
made,10
although,10
if,9
accords,9
royal,9
had,9
late,9
name,9
men,9
so,9
affinity,9
peace,9
does,8
medieval,8
youre,8
england,8
since,8
vengeance,8
et,8
good,8
only,8
after,8
can,8
been,8
any,8
felons,8
her,8
reprisal,8
between,8
right,7
than,7
how,7
most,7
kennedy,7
war,7
severs,7
affines,7
all,7
j,7
practice,7
formal,7
him,7
ye,7
what,7
them,7
middle,7
through,7
later,6
one,6
before,6
other,6
system,6
even,6
offenses,6
too,6
staley,6
well,6
future,6
part,6
its,6
says,6
chaucerian,6
love,6
resolution,6
also,6
power,6
ages,6
do,6
council,6
kathleen,6
use,6
like,6
we,6
translation,6
while,6
submission,5
med,5
into,5
either,5
thyng,5
seems,5
felony,5
case,5
entente,5
has,5
wallace,5
such,5
due,5
against,5
century,5
influence,5
just,5
arbitracioun,5
london,5
social,5
settlement,5
mel,5
make,5
al,5
missing,5
man,5
tales,5
louens,5
fourteenth,5
would,5
me,5
following,5
yow,5
doon,5
hem,5
melib,5
passage,5
suggests,5
livre,5
hym,5
arbitrations,5
household,5
tion,4
likely,4
easily,4
han,4
sources,4
commissions,4
nature,4
some,4
conflict,4
hir,4
g,4
trewe,4
process,4
university,4
powerful,4
m,4
uses,4
my,4
moore,4
judicial,4
because,4
work,4
lords,4
example,4
translated,4
polity,4
emphasizes,4
when,4
therefore,4
second,4
action,4
lynn,4
about,4
ne,4
nat,4
same,4
considers,4
forces,4
end,4
wounding,4
day,4
canterbury,4
decision,4
trespass,4
often,4
wel,4
eng,4
speech,4
powell,4
add,4
remedies,4
chancery,4
almost,4
persone,4
cambridge,4
course,4
time,4
final,3
bracton,3
settlements,3
forgiveness,3
word,3
authority,3
injuries,3
studies,3
history,3
arbitrators,3
different,3
parties,3
suggesting,3
there,3
those,3
context,3
less,3
takes,3
king,3
inverse,3
taking,3
empha,3
victim,3
throughout,3
fyve,3
kind,3
dis,3
legally,3
profit,3
drawn,3
olde,3
retainers,3
act,3
main,3
sentences,3
adversaries,3
moreover,3
means,3
understand,3
literary,3
edition,3
n,3
house,3
result,3
lead,3
called,3
events,3
term,3
antagonists,3
furthermore,3
literature,3
received,3
r,3
lancastrian,3
reputation,3
change,3
ricardian,3
fully,3
up,3
structured,3
felonious,3
judgment,3
yet,3
werre,3
informal,3
culture,3
fact,3
felonies,3
narrative,3
assault,3
mercy,3
alle,3
violent,3
local,3
tenance,3
herself,3
trust,3
worshipe,3
david,3
commons,3
offense,3
v,3
reconsiled,3
justice,3
bellamy,3
sophie,3
liveries,3
ing,3
itself,3
then,3
continues,3
here,3
set,3
over,3
interested,3
did,3
best,3
historical,3
whether,3
housebreaking,3
character,3
popular,3
both,3
despite,3
com,3
freendes,3
reveals,3
humylitee,3
judges,3
d,3
early,3
enemys,3
now,2
limits,2
speculum,2
peaceful,2
worthy,2
alone,2
ultimate,2
feyned,2
retainer,2
larry,2
maketh,2
constitutes,2
ways,2
h,2
approaches,2
modern,2
park,2
remedy,2
edu,2
revision,2
being,2
domus,2
vols,2
attempt,2
definition,2
tradition,2
follows,2
enclyne,2
resulting,2
nevertheless,2
unto,2
state,2
gifts,2
political,2
reading,2
ambiguous,2
daniel,2
embroiled,2
british,2
money,2
translations,2
andjuggementz,2
politics,2
espyed,2
powers,2
enemy,2
arbitrator,2
audience,2
goal,2
lowteth,2
wyl,2
cases,2
places,2
perspective,2
document,2
refer,2
response,2
served,2
honour,2
bennett,2
deeply,2
traditions,2
disserved,2
acknowledge,2
wishes,2
without,2
adds,2
edward,2
sort,2
lasting,2
heard,2
earlier,2
liber,2
arbitral,2
section,2
impact,2
thee,2
four,2
riverside,2
acknowledges,2
followed,2
care,2
mon,2
conflicts,2
opponents,2
greater,2
path,2
plot,2
p,2
attack,2
evere,2
dispute,2
noting,2
initial,2
punishment,2
further,2
pro,2
though,2
appears,2
cannot,2
applied,2
excellent,2
briefly,2
failure,2
specifically,2
trial,2
basis,2
line,2
herte,2
carry,2
purpose,2
repentance,2
comment,2
recommends,2
description,2
place,2
clanchy,2
status,2
swore,2
holy,2
count,2
boston,2
statutory,2
solution,2
order,2
submit,2
family,2
indictment,2
lawyers,2
acts,2
lordship,2
society,2
appeal,2
f,2
knowen,2
situation,2
indeed,2
exile,2
albertano,2
victorie,2
sondry,2
ask,2
mediator,2
oxford,2
violence,2
under,2
formally,2
two,2
revenge,2
successfully,2
again,2
addition,2
usefulness,2
nevere,2
shows,2
consideration,2
choice,2
really,2
john,2
serious,2
audiences,2
synneth,2
lovedays,2
where,2
doghter,2
equitable,2
armed,2
ultimately,2
perhaps,2
eds,2
reconciled,2
another,2
original,2
upon,2
noblemen,2
significant,2
oaths,2
oure,2
canon,2
full,2
ties,2
outrely,2
clear,2
margaret,2
points,2
pride,2
serves,2
distinction,2
putte,2
liketh,2
decide,2
conclusions,2
constreyneth,2
problems,2
insists,2
examine,2
effect,2
attention,2
accepting,2
aers,2
note,2
masculinities,2
sometimes,2
usually,2
criminal,2
select,2
lines,2
recognizes,2
sway,2
statutes,2
puissance,2
seen,2
esy,2
recognize,2
unsurprising,2
michael,2
palomo,2
grete,2
meant,2
stephen,2
claims,2
conclusion,2
analogues,2
must,2
livery,2
alternative,2
recorded,2
natural,2
argue,2
thy,2
grievances,2
very,2
disputes,2
options,2
carole,2
hint,2
goode,2
cautions,2
award,2
combined,2
maintain,2
agrees,2
number,2
voice,2
wrongs,2
w,2
bornstein,2
ohio,2
role,2
justices,2
riche,2
citations,2
immediately,2
mention,2
maintained,2
argument,2
authorial,2
counsels,2
numerous,2
grant,2
need,2
evidence,2
states,2
you,2
rawcliffe,2
deciding,2
counselors,2
element,2
characters,2
much,2
grace,2
subgetz,2
should,2
meeting,2
storey,2
faction,2
countryside,1
resolve,1
difficult,1
intimately,1
ments,1
falle,1
forceful,1
child,1
page,1
obligations,1
beatings,1
ethics,1
way,1
geten,1
indicated,1
yshette,1
deere,1
groups,1
scholar,1
opin,1
begging,1
crit,1
cloaked,1
rages,1
represent,1
neighebores,1
administered,1
purpos,1
determine,1
burke,1
measures,1
diane,1
germaine,1
arranges,1
stands,1
expect,1
maken,1
troilus,1
conversion,1
becoming,1
large,1
edith,1
larly,1
unsatisfactory,1
elleth,1
whan,1
essays,1
precede,1
slant,1
absolutist,1
ditional,1
consilii,1
rewards,1
tling,1
walker,1
convict,1
favor,1
censure,1
earnest,1
position,1
necessarily,1
cured,1
sory,1
chaunticleer,1
individually,1
physicians,1
cornell,1
assisted,1
fragile,1
detailing,1
litigation,1
connotations,1
arguing,1
kinsmen,1
du,1
manip,1
properties,1
appraisal,1
proclamation,1
women,1
contraries,1
consistent,1
anything,1
forgive,1
dles,1
discretion,1
artow,1
stressed,1
permanence,1
putants,1
fast,1
every,1
definitely,1
caroline,1
docendi,1
questions,1
litel,1
hood,1
ii,1
gan,1
give,1
assist,1
repr,1
asserts,1
kent,1
economic,1
official,1
words,1
kynrede,1
resemblance,1
affinities,1
europe,1
disinherit,1
belong,1
lessen,1
together,1
great,1
rubey,1
intercede,1
confiscation,1
enrolled,1
studied,1
able,1
government,1
atlantic,1
loud,1
bisynesse,1
mortally,1
procedure,1
religion,1
arbitra,1
sees,1
subsequent,1
help,1
kempton,1
damage,1
salary,1
traditionally,1
persistence,1
last,1
singuler,1
consist,1
alert,1
trouble,1
greatly,1
henry,1
indulgence,1
robert,1
headcount,1
profitable,1
litde,1
techniques,1
within,1
coffers,1
wait,1
fulfilling,1
faste,1
inquiry,1
premeditation,1
issue,1
con,1
bity,1
mortal,1
philological,1
escheat,1
exil,1
semblaunt,1
advice,1
motion,1
notoriety,1
sought,1
doubtlessly,1
victims,1
affine,1
meeke,1
retain,1
reminder,1
account,1
vol,1
placement,1
italian,1
felt,1
capable,1
possible,1
implies,1
determined,1
ohlgren,1
delivering,1
stance,1
sixteenth,1
ceding,1
illustrate,1
shame,1
slight,1
richard,1
dutch,1
occurring,1
point,1
associational,1
fur,1
climax,1
plede,1
askins,1
apply,1
enter,1
promises,1
himself,1
extracurial,1
foryifnesse,1
receyve,1
pursuing,1
shut,1
diately,1
learned,1
verdicts,1
cicero,1
express,1
que,1
strat,1
clergial,1
severe,1
tiplien,1
difficulties,1
immediate,1
development,1
vengeaunce,1
pursue,1
bent,1
illustrates,1
hierarchy,1
silent,1
offended,1
heeding,1
exiled,1
interest,1
popularly,1
characteristic,1
peraventure,1
relatively,1
prohibitions,1
deliberation,1
moment,1
relations,1
occurs,1
maintainer,1
writ,1
restore,1
pay,1
everi,1
rooted,1
admitted,1
dence,1
yourself,1
learning,1
forced,1
maladies,1
individual,1
elements,1
nor,1
old,1
setten,1
violently,1
concerning,1
amount,1
corr,1
serving,1
http,1
cates,1
compared,1
fines,1
kinship,1
third,1
brackets,1
drives,1
peacekeeper,1
find,1
brescia,1
journal,1
pilgrim,1
knelt,1
demonstration,1
wounded,1
general,1
siders,1
acted,1
hys,1
maleness,1
error,1
unassailable,1
poverty,1
battles,1
sen,1
thise,1
loyal,1
wounds,1
proverb,1
cioun,1
deviation,1
rickert,1
philadelphia,1
subget,1
deviations,1
german,1
hesitant,1
chastisynge,1
settiement,1
thynke,1
exact,1
l,1
redress,1
checks,1
highlands,1
criseyde,1
basic,1
en,1
landscape,1
reign,1
borrowing,1
addi,1
forgives,1
incidence,1
ills,1
adopted,1
determining,1
stops,1
flexible,1
intentio,1
ex,1
similar,1
grew,1
se,1
pressured,1
thanne,1
parts,1
bryan,1
myne,1
special,1
foryeve,1
sire,1
magnates,1
lay,1
wynne,1
tance,1
provides,1
ones,1
perilous,1
support,1
reason,1
references,1
cosyns,1
settled,1
comen,1
maintaining,1
bad,1
honored,1
consultation,1
ensure,1
obstructing,1
servants,1
calif,1
antiwar,1
consider,1
flexibility,1
mean,1
benefits,1
abuses,1
oghte,1
linked,1
latin,1
wealth,1
proved,1
elsewhere,1
deemeth,1
traces,1
mary,1
principis,1
ignorance,1
threat,1
age,1
stinte,1
show,1
commonly,1
biholde,1
readings,1
laddres,1
ofgamelyn,1
toronto,1
generally,1
jurisdiction,1
cost,1
tinely,1
always,1
requires,1
prosecution,1
galway,1
coveitous,1
puts,1
instance,1
permanent,1
retourne,1
dominant,1
muchel,1
weighed,1
article,1
opinion,1
gretteste,1
strategy,1
faced,1
appear,1
homycides,1
friends,1
mordre,1
ogize,1
boulay,1
closely,1
pledges,1
geoffrey,1
occurred,1
allow,1
waitynge,1
tra,1
encreescen,1
carrying,1
found,1
strength,1
typical,1
access,1
amity,1
speaker,1
boond,1
demands,1
fifteenthand,1
humilitee,1
axyinge,1
perpetuating,1
base,1
cau,1
compromised,1
sends,1
tactics,1
left,1
fourth,1
voy,1
yerd,1
pointing,1
nobles,1
let,1
oother,1
restreyne,1
plaguing,1
hegges,1
scanlon,1
recently,1
sentence,1
reinforce,1
obedience,1
bretheren,1
suffered,1
vivid,1
engendreth,1
fox,1
professionals,1
public,1
woodbine,1
weren,1
ther,1
directly,1
having,1
chiere,1
judiciary,1
genre,1
hoomlynesse,1
unworthy,1
mul,1
imme,1
douglas,1
contexts,1
fictions,1
collette,1
manorial,1
unless,1
sharon,1
civil,1
calls,1
edn,1
esp,1
positions,1
litigants,1
contain,1
thurghout,1
realm,1
gave,1
significantiy,1
during,1
pun,1
demonstrates,1
aggravated,1
records,1
plaints,1
long,1
actually,1
increasingly,1
structures,1
repenteth,1
binding,1
ser,1
partiality,1
doors,1
battering,1
haven,1
employed,1
oblige,1
strongeste,1
showing,1
wil,1
resort,1
stanford,1
interpreted,1
own,1
fini,1
andjuggement,1
lesen,1
presumption,1
egy,1
josephine,1
t,1
delay,1
circumventing,1
melibeus,1
folie,1
closing,1
presented,1
hard,1
field,1
voiced,1
responsibility,1
questionable,1
entred,1
reinforces,1
suggest,1
muche,1
dictionary,1
coupled,1
humble,1
poet,1
next,1
le,1
contrast,1
pacifists,1
discourse,1
prosecuted,1
event,1
vulneravit,1
involved,1
loven,1
consuetudinibus,1
small,1
openly,1
historicist,1
few,1
takynge,1
executed,1
folk,1
levied,1
reaping,1
notorious,1
research,1
furthers,1
closeness,1
tended,1
impossible,1
shul,1
loyalty,1
visible,1
sweete,1
progress,1
necessity,1
wife,1
resistance,1
proper,1
pa,1
juggement,1
roots,1
notes,1
negligence,1
synne,1
appropriate,1
weigh,1
intransigent,1
preliminary,1
settle,1
rest,1
recompense,1
avoid,1
cite,1
transforming,1
naming,1
highlights,1
ical,1
wronges,1
ferster,1
ishment,1
tyme,1
absence,1
strategists,1
feudalism,1
knight,1
reinstated,1
limited,1
minority,1
trials,1
return,1
benson,1
notoriously,1
argues,1
repentant,1
commit,1
destroye,1
dissuade,1
whatever,1
still,1
above,1
technically,1
comments,1
bastard,1
registered,1
hold,1
recess,1
antagonisms,1
single,1
robin,1
ficity,1
once,1
depicted,1
legibus,1
examined,1
suited,1
accident,1
paradox,1
thought,1
manpower,1
soon,1
borrowed,1
columbus,1
windows,1
manor,1
us,1
mies,1
index,1
renaud,1
acting,1
chris,1
home,1
clausum,1
orders,1
light,1
jeopardy,1
theft,1
bettre,1
maddicott,1
friendship,1
mediaeval,1
popularized,1
mowe,1
families,1
costs,1
already,1
odds,1
begins,1
mich,1
noted,1
moments,1
speaking,1
penalties,1
thirteenthand,1
obligacioun,1
lee,1
lavish,1
ale,1
accorde,1
plaining,1
sis,1
avery,1
challenge,1
carolyn,1
technique,1
michalove,1
popularity,1
knowelecheth,1
mentions,1
others,1
death,1
pointed,1
available,1
put,1
many,1
financial,1
efforts,1
analogous,1
communal,1
demon,1
longer,1
lack,1
limit,1
conduct,1
scholars,1
discord,1
pages,1
heigh,1
agree,1
appeared,1
documents,1
maneuver,1
cautioning,1
skips,1
deeth,1
retaliate,1
warning,1
new,1
hear,1
wordes,1
granting,1
malicia,1
bossy,1
pennsylvania,1
pattern,1
beidler,1
honor,1
forms,1
wyf,1
outside,1
took,1
acquiesces,1
tacendi,1
kalamazoo,1
learn,1
ground,1
chain,1
fro,1
advising,1
retorts,1
receives,1
muster,1
relevant,1
consolationis,1
heavily,1
yeven,1
judith,1
gender,1
sh,1
myn,1
iar,1
disregarded,1
gladly,1
ticularly,1
thilke,1
heed,1
recommend,1
desires,1
lydgate,1
misused,1
years,1
sir,1
simon,1
acknowledgment,1
crown,1
recognizing,1
private,1
bond,1
liggen,1
balance,1
ignored,1
extended,1
contenance,1
discussion,1
registers,1
abide,1
intent,1
assis,1
contending,1
trespassed,1
completed,1
range,1
concluding,1
greet,1
including,1
unattached,1
fregerant,1
passes,1
consonant,1
previously,1
wherfore,1
retains,1
increase,1
neigh,1
judge,1
worship,1
concern,1
bears,1
food,1
unfortunately,1
assumption,1
advises,1
refers,1
beale,1
thre,1
vocabulary,1
band,1
bed,1
pointedly,1
rare,1
engineers,1
ene,1
nothing,1
prints,1
chosen,1
previous,1
apol,1
reinforcing,1
punyssynge,1
dismissed,1
lucrative,1
variant,1
described,1
quod,1
philology,1
tional,1
adding,1
sabotage,1
ceasing,1
language,1
necligence,1
victory,1
peter,1
amounts,1
tokens,1
defense,1
stille,1
biforn,1
defensive,1
unkonnynge,1
collaboration,1
appointment,1
depiction,1
ended,1
debonaire,1
kept,1
comandementz,1
accurate,1
putten,1
lose,1
thomas,1
betten,1
exchange,1
repeated,1
founda,1
why,1
quashes,1
advisors,1
je,1
outcomes,1
woundes,1
lacking,1
contrition,1
richesses,1
wise,1
topics,1
narrates,1
deliberate,1
patterson,1
judgement,1
seeking,1
thirteenth,1
capabilities,1
probably,1
presumpcioun,1
story,1
blood,1
italy,1
copyright,1
attracted,1
repeats,1
figures,1
commence,1
relative,1
quarterly,1
professional,1
councils,1
fee,1
la,1
convincingly,1
concluded,1
chauntecleer,1
translator,1
haunts,1
hous,1
christian,1
lexicogra,1
imply,1
dolores,1
aid,1
chances,1
flower,1
myghty,1
transformations,1
george,1
provide,1
mckisack,1
five,1
consent,1
practical,1
prose,1
spouse,1
qualifies,1
manly,1
bulletin,1
success,1
recourse,1
establish,1
began,1
myghte,1
importantly,1
requests,1
warisshe,1
peril,1
indicate,1
html,1
pees,1
payment,1
reconsider,1
lever,1
kill,1
hawkish,1
fictionalized,1
lineages,1
spark,1
endure,1
supporting,1
rowney,1
centuries,1
face,1
articles,1
mirror,1
arts,1
princes,1
susan,1
arbitrage,1
fac,1
earliest,1
walles,1
strif,1
considered,1
matters,1
concord,1
detail,1
rite,1
suf,1
dores,1
suggestions,1
precogitata,1
stratagem,1
updating,1
associated,1
bullying,1
accordance,1
flattering,1
version,1
comparison,1
preclude,1
ladders,1
npt,1
demonstrate,1
agents,1
famil,1
ever,1
economically,1
ficient,1
angli,1
physical,1
willingness,1
quotes,1
homicide,1
compensation,1
useful,1
moste,1
shrewes,1
resonance,1
know,1
counselor,1
defining,1
continental,1
principle,1
vous,1
fitness,1
bynden,1
wortes,1
agayn,1
topas,1
quarrels,1
par,1
sizes,1
strated,1
considera,1
believe,1
vari,1
capital,1
preisynge,1
style,1
honneur,1
denoted,1
half,1
presence,1
vicious,1
eventually,1
rou,1
particularly,1
dempster,1
wikked,1
mysborn,1
biggs,1
contradictory,1
guy,1
uphold,1
benefit,1
ous,1
swich,1
reflected,1
wif,1
hostilities,1
particu,1
quoted,1
assessment,1
destroyed,1
giltes,1
bien,1
prosecute,1
william,1
suffering,1
penn,1
unlikely,1
hur,1
heads,1
carefully,1
concedes,1
retinue,1
worthwhile,1
ion,1
reputations,1
making,1
trespassours,1
cause,1
particular,1
involvement,1
tences,1
phers,1
intraverunt,1
manuscripts,1
transactions,1
problem,1
certes,1
supplemented,1
ulated,1
perpetrated,1
institute,1
desherited,1
advise,1
patience,1
information,1
impressionistically,1
limitations,1
treatises,1
listed,1
views,1
emphasis,1
scribal,1
ascertain,1
ses,1
size,1
unnoticed,1
derived,1
bodies,1
idiom,1
remember,1
level,1
advo,1
brast,1
recognition,1
multiple,1
barron,1
sheer,1
uniform,1
wikkednesse,1
pre,1
osu,1
duty,1
subject,1
plans,1
impose,1
lies,1
step,1
cash,1
simply,1
biloved,1
screen,1
juge,1
breakers,1
appointed,1
likly,1
vileynye,1
amez,1
writing,1
gain,1
garnysoun,1
faculty,1
think,1
tions,1
contrasts,1
named,1
pardoun,1
ian,1
whereupon,1
statute,1
shown,1
until,1
sothe,1
valences,1
known,1
electronic,1
cas,1
quest,1
bout,1
hus,1
persuasiveness,1
opens,1
finally,1
accept,1
aware,1
wish,1
never,1
diligence,1
execucioun,1
instead,1
land,1
crimes,1
socially,1
conseil,1
opinions,1
smaller,1
punitive,1
piece,1
gentry,1
playing,1
attempted,1
off,1
plentiful,1
await,1
sheriffs,1
counseling,1
promptly,1
restored,1
offered,1
removed,1
thyn,1
teenth,1
senting,1
themselves,1
wyndowes,1
myers,1
johnson,1
chicago,1
reached,1
debate,1
create,1
seye,1
texts,1
civilian,1
rein,1
evi,1
given,1
traditional,1
appealing,1
token,1
focus,1
conventions,1
seek,1
ends,1
hamel,1
speci,1
gete,1
germayns,1
exemplum,1
doing,1
daughter,1
delayed,1
close,1
confrontations,1
occur,1
noon,1
ploy,1
grants,1
thorough,1
