WORDCOUNTS,WEIGHT
the,36
of,25
and,16
in,12
to,11
is,10
a,10
tolerance,9
that,7
freedom,7
as,7
for,6
religious,6
p,6
sexual,5
s,5
not,5
be,5
injustice,4
because,4
hatred,4
they,4
their,4
about,4
with,4
by,3
practice,3
pellegrini,3
jakobsen,3
religion,3
same,3
discursive,2
it,2
this,2
authors,2
first,2
homosexuality,2
essay,2
love,2
religions,2
minorities,2
problem,2
rather,2
public,2
u,2
an,2
other,2
over,2
legal,2
are,2
on,2
terms,2
argue,2
clause,2
regulation,2
supreme,2
its,2
structure,2
minority,2
itself,2
sin,2
read,2
court,2
than,2
university,2
though,2
v,2
bashing,2
amendment,2
said,1
at,1
moderate,1
relate,1
overturned,1
southwestern,1
what,1
unaddressed,1
extremism,1
from,1
entitled,1
reviews,1
does,1
but,1
such,1
too,1
press,1
underlay,1
them,1
deep,1
adventist,1
unmarked,1
since,1
unemployment,1
second,1
promise,1
york,1
case,1
want,1
objecting,1
september,1
beliefs,1
lesbians,1
equality,1
note,1
limits,1
placed,1
jobs,1
ingestion,1
surface,1
religio,1
she,1
xiv,1
polar,1
social,1
disabling,1
woman,1
center,1
if,1
janet,1
mark,1
antihatred,1
wrong,1
nova,1
seventhday,1
has,1
members,1
writing,1
obtained,1
her,1
how,1
american,1
while,1
primary,1
claimed,1
site,1
hate,1
practices,1
responses,1
dominant,1
states,1
cloth,1
constitutional,1
david,1
muslims,1
quickly,1
main,1
chapter,1
margins,1
native,1
mores,1
view,1
offer,1
constitution,1
after,1
thing,1
basis,1
discourse,1
benefits,1
r,1
have,1
tabb,1
understanding,1
history,1
establishes,1
peyote,1
vs,1
saturday,1
remains,1
extended,1
conduct,1
discussion,1
leaving,1
work,1
middle,1
smith,1
nature,1
restricting,1
paper,1
made,1
group,1
reversed,1
outline,1
possibilities,1
problems,1
back,1
book,1
could,1
replaced,1
decisions,1
differently,1
thrust,1
between,1
life,1
pages,1
verner,1
concept,1
marked,1
structural,1
allowed,1
acts,1
wonderfully,1
hierarchical,1
fighting,1
relation,1
refused,1
despite,1
example,1
united,1
overcome,1
extremes,1
respect,1
rational,1
division,1
sets,1
out,1
were,1
all,1
get,1
up,1
new,1
practitioners,1
even,1
unraveling,1
latent,1
events,1
undergirds,1
place,1
take,1
make,1
we,1
mainstream,1
unrealized,1
free,1
singled,1
restructure,1
mention,1
addressed,1
regulating,1
us,1
position,1
denied,1
should,1
society,1
was,1
heterosexuals,1
productive,1
hope,1
exemption,1
proof,1
goal,1
maintains,1
share,1
state,1
inequality,1
improvement,1
stewart,1
which,1
then,1
ann,1
manifestation,1
major,1
sherbert,1
employment,1
justification,1
heterosexuality,1
arguments,1
ground,1
decision,1
just,1
culture,1
political,1
opposite,1
gays,1
alterity,1
