WORDCOUNTS,WEIGHT
the,831
of,459
in,277
a,231
and,224
to,174
s,159
d,152
mejerxol,149
his,141
for,119
as,111
with,88
theater,86
on,81
he,72
studio,68
by,66
which,65
is,59
from,55
at,53
was,50
actor,49
stage,47
it,44
an,42
that,41
had,32
play,32
no,30
not,30
three,29
only,28
be,28
or,27
first,26
course,26
one,25
but,25
art,24
i,23
p,23
actors,23
such,22
director,22
this,22
love,22
new,22
so,22
oranges,22
who,20
magazine,19
has,19
two,19
audience,19
gnesin,18
work,18
scene,17
teaching,17
also,17
grotesque,16
m,16
music,16
blok,16
were,15
own,15
balagan,15
time,15
forestage,15
e,14
production,14
after,14
b,14
out,14
part,14
article,14
been,14
then,14
pantomime,14
its,13
when,13
ev,13
published,13
number,13
each,13
stanislavskij,12
my,12
other,12
commedia,12
harlequin,12
even,12
than,12
their,12
all,12
more,12
himself,11
further,11
however,11
whole,11
can,11
set,11
both,11
they,10
principles,10
last,10
reading,10
key,10
moscow,10
without,10
method,10
announcement,10
under,10
material,10
according,10
became,10
into,9
east,9
third,9
journal,9
essential,9
performance,9
how,9
second,9
slavic,9
idea,9
v,9
solov,9
mask,9
european,9
text,9
did,9
role,9
have,9
career,8
masquerade,8
before,8
ii,8
issue,8
thus,8
since,8
period,8
may,8
basic,8
demonstration,8
means,8
though,8
training,8
year,8
quite,8
drama,8
movement,8
again,8
never,8
where,8
style,8
another,8
lady,8
played,8
risunok,8
school,8
practice,8
must,8
form,8
through,8
o,7
later,7
productions,7
musical,7
hamlet,7
k,7
theatricalism,7
n,7
volkov,7
soviet,7
use,7
golovin,7
evening,7
him,7
assistants,7
movements,7
plays,7
her,7
balagancik,7
final,6
directors,6
does,6
leningrad,6
word,6
h,6
g,6
moment,6
find,6
russian,6
l,6
teacher,6
space,6
show,6
whom,6
called,6
required,6
taught,6
example,6
used,6
tone,6
notation,6
rehearsal,6
artist,6
about,6
toward,6
appeared,6
see,6
perhaps,6
original,6
vstreci,6
including,6
gozzi,6
ophelia,6
costumes,6
farce,6
me,6
note,6
she,6
began,6
are,6
half,6
beginning,6
them,6
between,6
given,6
teatr,5
if,5
alone,5
designer,5
modern,5
title,5
long,5
every,5
actual,5
words,5
there,5
italian,5
apparently,5
gesture,5
most,5
important,5
poetry,5
verse,5
well,5
brought,5
improvisation,5
bondi,5
several,5
up,5
notes,5
will,5
indeed,5
revival,5
still,5
same,5
these,5
some,5
took,5
manner,5
remained,5
made,5
craig,5
unfortunately,5
theatrical,5
la,5
seen,5
translation,5
cexov,5
here,5
almost,5
little,5
years,5
gestures,5
characters,5
much,5
building,5
major,5
group,4
genius,4
brecht,4
source,4
said,4
taken,4
leading,4
timing,4
fully,4
gripi,4
except,4
lyric,4
along,4
exercises,4
surely,4
realized,4
needed,4
living,4
century,4
theaters,4
elements,4
nor,4
exact,4
rather,4
pp,4
familiar,4
brjusov,4
just,4
quoted,4
four,4
came,4
based,4
recalls,4
fevral,4
produced,4
during,4
place,4
teatpe,4
creating,4
least,4
sense,4
things,4
contrast,4
folk,4
ballet,4
dramatic,4
st,4
describes,4
appropriate,4
actress,4
gordon,4
f,4
subject,4
reception,4
verigina,4
acting,4
light,4
antics,4
act,4
volume,4
members,4
added,4
gray,4
end,4
staging,4
upon,4
salamanca,4
like,4
skij,4
described,4
platform,4
reality,4
dapertutto,4
collaboration,4
summer,4
earlier,4
dell,4
men,4
become,4
pantomimes,4
pupils,4
revolution,4
assigned,4
teatre,4
program,4
often,4
fall,4
articles,4
arte,4
known,4
handkerchief,4
principle,4
unknown,4
ju,4
past,4
terioki,4
better,4
following,4
mxat,4
theory,4
while,4
shakespeare,4
early,4
imperial,4
too,4
cabaret,4
went,4
shown,4
you,4
should,4
close,4
difficult,3
now,3
etude,3
meaning,3
interlude,3
true,3
sets,3
bamboo,3
devices,3
tells,3
being,3
either,3
worked,3
sergej,3
seems,3
strip,3
tradition,3
thanks,3
real,3
achieved,3
faithful,3
alike,3
within,3
tragedy,3
dr,3
meyerhold,3
great,3
felt,3
possible,3
vogak,3
petersburg,3
realistic,3
letter,3
central,3
author,3
against,3
tairov,3
de,3
interest,3
occurs,3
benua,3
poem,3
left,3
truly,3
critique,3
general,3
whose,3
tt,3
adds,3
players,3
importance,3
cave,3
romantic,3
forget,3
parade,3
clearly,3
numbers,3
house,3
frequently,3
storm,3
trained,3
duel,3
appear,3
lead,3
hands,3
scenes,3
term,3
irony,3
ostrovskij,3
voice,3
because,3
precept,3
none,3
blue,3
contains,3
jurij,3
peepbox,3
t,3
running,3
working,3
magician,3
nine,3
inst,3
cervantes,3
maeterlinck,3
wrote,3
return,3
brief,3
direction,3
once,3
represents,3
soon,3
neither,3
aleksandr,3
complete,3
speaking,3
exit,3
etudes,3
many,3
larger,3
forms,3
behind,3
do,3
gives,3
free,3
understanding,3
sophocles,3
opera,3
concern,3
maria,3
fokin,3
nevertheless,3
astronomer,3
times,3
footlights,3
instruction,3
imagination,3
especially,3
methods,3
we,3
today,3
window,3
practical,3
prose,3
render,3
iskusstva,3
constant,3
preface,3
pt,3
cover,3
reinhardt,3
over,3
control,3
scenario,3
associated,3
historical,3
february,3
what,3
list,3
obraz,3
announcements,3
leaving,3
problem,3
adaptation,3
dream,3
radlov,3
finished,3
translated,3
staged,3
courses,3
come,3
until,3
aware,3
instead,3
off,3
parody,3
traditional,3
among,3
famous,3
showed,3
tragic,3
perception,3
go,2
ajxenval,2
way,2
systematization,2
opponent,2
created,2
belts,2
conducted,2
shoulders,2
star,2
prime,2
live,2
criticizes,2
completely,2
conscious,2
perfecting,2
decade,2
opposites,2
history,2
ussr,2
othello,2
chief,2
properties,2
rehearsed,2
women,2
different,2
psychologism,2
passion,2
creation,2
flew,2
feeling,2
season,2
dlja,2
hoffmann,2
experiments,2
comedy,2
company,2
shaped,2
ljubov,2
producing,2
onto,2
room,2
take,2
jumped,2
das,2
help,2
mind,2
those,2
gifts,2
opposite,2
wedekind,2
system,2
takes,2
existence,2
king,2
bertolt,2
motion,2
sought,2
iv,2
march,2
aisles,2
design,2
account,2
red,2
opened,2
baroness,2
activity,2
ball,2
invited,2
very,2
circus,2
conception,2
inskij,2
treatise,2
lights,2
masks,2
antigone,2
goal,2
includes,2
review,2
eras,2
reputation,2
mastered,2
lectures,2
center,2
madness,2
ability,2
application,2
insisted,2
kind,2
distinct,2
old,2
back,2
subjects,2
young,2
served,2
wholly,2
arranged,2
rhythm,2
accompaniment,2
traditions,2
function,2
master,2
cites,2
kept,2
failed,2
steps,2
german,2
silence,2
essence,2
excerpts,2
longest,2
goes,2
certain,2
djagilev,2
derived,2
special,2
gripia,2
acrobats,2
moves,2
underline,2
fantasy,2
esmeraldinas,2
younger,2
signed,2
repeated,2
section,2
former,2
listed,2
situations,2
pedagogical,2
experienced,2
chinese,2
followed,2
carlo,2
helped,2
suggested,2
drawing,2
view,2
veil,2
character,2
result,2
path,2
could,2
sekspir,2
critic,2
vaxtangov,2
aleksandrinskij,2
grigor,2
representative,2
callot,2
biomechanics,2
performed,2
pierrette,2
recently,2
cannot,2
anecdote,2
public,2
naturalism,2
directly,2
technical,2
shape,2
periodical,2
start,2
del,2
purpose,2
reports,2
gave,2
tale,2
people,2
remizov,2
poe,2
illustrative,2
showing,2
sverdlin,2
poet,2
solution,2
dark,2
closing,2
seized,2
desdemona,2
night,2
fast,2
chorus,2
few,2
astrological,2
teatra,2
research,2
dedicated,2
wife,2
arbenin,2
paul,2
finds,2
dickens,2
knowledge,2
seemed,2
society,2
vstrec,2
prescribed,2
piano,2
saw,2
various,2
requirement,2
classic,2
make,2
curtain,2
repression,2
yet,2
interpretation,2
beatrice,2
recommendation,2
read,2
bells,2
experimental,2
already,2
ji,2
picture,2
kolumbiny,2
street,2
french,2
book,2
temporarily,2
technique,2
others,2
death,2
ended,2
put,2
sky,2
lacked,2
persuasion,2
venice,2
head,2
our,2
transcendental,2
classical,2
contemporary,2
man,2
soviets,2
rhythms,2
turandot,2
everyday,2
paris,2
present,2
performances,2
road,2
less,2
forth,2
books,2
vsevolod,2
discussion,2
examples,2
treated,2
incidents,2
telescope,2
entirely,2
illusion,2
dress,2
blocking,2
open,2
clear,2
assignment,2
points,2
held,2
rhythmic,2
high,2
collected,2
poetic,2
black,2
metaphysically,2
why,2
study,2
eyes,2
topics,2
effect,2
january,2
conscience,2
workshop,2
tendency,2
pancras,2
circle,2
sometimes,2
petrograd,2
lines,2
bare,2
guglielmo,2
slow,2
teatp,2
recognize,2
grundgestus,2
lermontov,2
dynamism,2
class,2
furthered,2
get,2
itself,2
isadora,2
comic,2
meant,2
earliest,2
detail,2
duncan,2
contained,2
any,2
comes,2
simply,2
struck,2
ramp,2
theme,2
physical,2
quotes,2
besides,2
der,2
know,2
paper,2
noses,2
connection,2
setting,2
board,2
down,2
acts,2
printed,2
post,2
sc,2
far,2
evreinov,2
prokof,2
recollections,2
nye,2
troupe,2
despite,2
contemporaries,2
mere,2
property,2
information,2
rehearsals,2
freedom,2
mir,2
outline,2
overweight,2
presented,2
content,2
intended,2
everywhere,2
conventional,2
using,2
aims,2
false,2
pierrot,2
frame,2
catch,2
tulane,2
schnitzler,2
realism,2
values,2
piece,2
playing,2
derive,2
area,2
underlined,2
booth,2
arrange,2
c,2
russia,2
entire,2
occur,2
pjast,2
gold,2
horror,1
undertakings,1
zirmunskij,1
receded,1
kabuki,1
done,1
buffonade,1
deny,1
alumni,1
limits,1
texhiih,1
common,1
inaccurate,1
indicated,1
individuality,1
teei,1
pull,1
narrator,1
pemr,1
impossibility,1
accessories,1
melody,1
holla,1
deduced,1
fingers,1
resulted,1
college,1
revolutionary,1
studija,1
sewn,1
announced,1
stylization,1
noticing,1
widow,1
alternation,1
introduction,1
berlin,1
ja,1
caricatured,1
minutes,1
unsuccessful,1
stripped,1
becoming,1
reflection,1
dmitrievna,1
discover,1
premidred,1
replaced,1
beeson,1
effective,1
designed,1
picked,1
songs,1
library,1
transcribed,1
prince,1
murder,1
strictly,1
drawings,1
studies,1
specified,1
vstreii,1
censureship,1
teatro,1
foreshadows,1
dressing,1
spirit,1
friihlingserwachen,1
acceptance,1
moj,1
ravine,1
justified,1
fixed,1
equated,1
recreation,1
necessarily,1
yard,1
originality,1
unlike,1
variants,1
holding,1
faded,1
uncut,1
candles,1
guise,1
nineteenth,1
teatral,1
revision,1
offering,1
buys,1
leads,1
test,1
experience,1
predominantly,1
reprinted,1
consistent,1
member,1
cast,1
pelted,1
incommensurable,1
smiles,1
poetical,1
children,1
jur,1
familiarity,1
hence,1
beregov,1
soeur,1
certainly,1
commissions,1
finger,1
expressive,1
greatness,1
interested,1
exaggerated,1
medieval,1
originally,1
kimonos,1
give,1
meters,1
composer,1
address,1
attempt,1
improvised,1
advanced,1
freely,1
sinn,1
official,1
departure,1
komediantov,1
liberty,1
definition,1
affirmed,1
best,1
reach,1
spektaklja,1
available,1
distorted,1
artificiality,1
broken,1
puikin,1
accompanied,1
jerky,1
remark,1
bergamo,1
tooand,1
compounds,1
confirming,1
rhechhi,1
wave,1
emotion,1
opposing,1
daneman,1
physique,1
xiii,1
hundred,1
reveal,1
reproduction,1
evid,1
conclusion,1
search,1
foolishly,1
pursues,1
devised,1
consist,1
mefiepxojilom,1
state,1
date,1
stand,1
primitive,1
staff,1
somewhat,1
nina,1
lashes,1
extreme,1
context,1
posts,1
andreev,1
side,1
revolt,1
dancing,1
eminent,1
accuracy,1
accords,1
cojhhehui,1
task,1
capacity,1
misunderstood,1
dorian,1
u,1
masked,1
america,1
hall,1
ventures,1
climbed,1
vol,1
uneven,1
knife,1
pictorialism,1
recommended,1
dorogi,1
superfluity,1
melodrama,1
goethe,1
player,1
sale,1
establishing,1
lukomor,1
pianist,1
reaction,1
october,1
pronouncements,1
literary,1
bibliography,1
splendid,1
move,1
richard,1
satiricon,1
uninterruptedly,1
mastery,1
west,1
apart,1
point,1
supervision,1
irreproachably,1
selecting,1
cited,1
literal,1
loudly,1
above,1
promises,1
acquires,1
ritual,1
accustomed,1
beneath,1
fixation,1
urging,1
forme,1
denoting,1
beggars,1
blindly,1
zinaida,1
guilty,1
succeed,1
exist,1
learned,1
repeatedly,1
victim,1
oldenburg,1
axmatova,1
conflict,1
hobom,1
partire,1
throughout,1
symbolist,1
woyzeck,1
dependence,1
comedians,1
schoolteacher,1
reciting,1
republished,1
immediate,1
invisibility,1
development,1
pockets,1
fragrant,1
hugs,1
patient,1
consumed,1
velasquez,1
coda,1
due,1
kamernyj,1
continuance,1
choral,1
magic,1
borodin,1
silent,1
doctor,1
iipothi,1
tableau,1
charming,1
forgotten,1
connectedwith,1
characteristic,1
regarded,1
victuals,1
drogi,1
conjures,1
creaking,1
topic,1
emigration,1
execute,1
expected,1
clown,1
arena,1
menaechmi,1
exercise,1
thing,1
viewing,1
ct,1
self,1
destroyed,1
schleier,1
recollection,1
evident,1
keep,1
troickaja,1
ebreo,1
sonderheft,1
differently,1
body,1
ha,1
speed,1
infinity,1
dionysian,1
ik,1
dates,1
compared,1
harlequinade,1
clock,1
alpers,1
publications,1
carrying,1
died,1
testimony,1
student,1
travels,1
communication,1
knelt,1
details,1
fool,1
crack,1
sologub,1
stanislavski,1
sister,1
repudiated,1
gektemas,1
occasion,1
founder,1
delivered,1
ctp,1
acted,1
influence,1
choreographic,1
gvozdev,1
incidental,1
festschrift,1
teni,1
lesser,1
permits,1
surprisingly,1
opposed,1
volga,1
steed,1
evanescent,1
valerij,1
colin,1
enclosed,1
vstrepi,1
simplified,1
pendant,1
ably,1
air,1
taunting,1
occurringthe,1
programmatic,1
pokrjaxtyvaja,1
ushers,1
bring,1
sessions,1
simpleton,1
aimed,1
encompassed,1
systematized,1
arising,1
chronometrage,1
starinnyj,1
notable,1
nonsense,1
ironic,1
strindberg,1
hat,1
na,1
crash,1
levels,1
capture,1
presentation,1
notion,1
raps,1
mean,1
knew,1
represented,1
cexovian,1
gosudarstvennye,1
outward,1
determining,1
gull,1
resume,1
supplement,1
connected,1
dne,1
turn,1
dancers,1
direct,1
parts,1
schumann,1
ix,1
pages,1
rediscover,1
petruska,1
puskin,1
white,1
lay,1
ludwig,1
awareness,1
cueva,1
strolling,1
front,1
extremes,1
clowned,1
enlisted,1
reason,1
marinetti,1
recalled,1
kater,1
insistence,1
provinces,1
funeral,1
faust,1
lighted,1
wanted,1
marks,1
possibly,1
les,1
texnike,1
hmnepatopnhx,1
antidote,1
predecessor,1
hobomo,1
teaches,1
proved,1
unimportant,1
cajka,1
completion,1
placed,1
banqueting,1
kjzen,1
preoccupation,1
argued,1
fore,1
vstuplenie,1
exemplify,1
masterstva,1
age,1
provokes,1
roughly,1
mikla,1
gloucester,1
powerful,1
beyond,1
eskix,1
defeat,1
fiir,1
defines,1
notions,1
generally,1
aktera,1
requires,1
dray,1
exploitation,1
tragedies,1
gripie,1
restaurant,1
schooling,1
teatpa,1
grottesco,1
changeability,1
likens,1
silly,1
gymnastics,1
providing,1
decades,1
footnote,1
gladkov,1
amazing,1
fragment,1
artistic,1
throughsee,1
whereas,1
authority,1
opening,1
expressed,1
leaps,1
eroahnxe,1
closely,1
carmen,1
bch,1
sljakot,1
dyeing,1
pirandello,1
polak,1
alienation,1
train,1
found,1
entered,1
entering,1
speeches,1
color,1
strength,1
triumph,1
codirectors,1
awakening,1
slugi,1
impressionistic,1
loie,1
ambiguity,1
foreground,1
effort,1
seven,1
demands,1
criticisms,1
events,1
requirements,1
near,1
denigration,1
dreamer,1
actresses,1
melancholy,1
accompany,1
constantly,1
blockade,1
synthesize,1
im,1
suits,1
playwrights,1
overcome,1
late,1
unobserved,1
handbook,1
fourth,1
skilfully,1
ceases,1
chanting,1
let,1
blow,1
pitch,1
sentimental,1
onlookers,1
reviews,1
atephaix,1
afforded,1
appears,1
intermission,1
alumna,1
sticks,1
persons,1
suffered,1
applied,1
vstreti,1
histrionic,1
appearing,1
record,1
xvii,1
dialectic,1
wring,1
perform,1
explain,1
designations,1
enough,1
exiting,1
premise,1
slush,1
creates,1
oh,1
rubles,1
possibility,1
jokingly,1
konstantin,1
warriors,1
igor,1
matchmaker,1
specifically,1
gained,1
participation,1
anna,1
diction,1
designation,1
basis,1
distinguish,1
line,1
goya,1
arrives,1
rudiment,1
abroad,1
seasaw,1
emphasis,1
carry,1
narodnoj,1
claim,1
simplification,1
unless,1
prominent,1
boiiocaahinahi,1
uslovnye,1
alive,1
denial,1
naturalistic,1
neznakomka,1
decorate,1
gestiefelte,1
thoughts,1
criticized,1
verfremdung,1
nunbax,1
xaojfectbehhom,1
loss,1
dal,1
genuine,1
baskets,1
signify,1
refined,1
dear,1
editorial,1
tah,1
postulated,1
cane,1
literally,1
partly,1
otricaniju,1
beginnings,1
indubitmejerxol,1
seated,1
actually,1
falling,1
evs,1
strain,1
ernoj,1
thereafter,1
winter,1
invented,1
feigned,1
call,1
borodinskaja,1
popular,1
smirnova,1
phoenissae,1
confesses,1
kinoaktera,1
cry,1
elegant,1
accord,1
employed,1
il,1
stationary,1
hofmannsthal,1
rage,1
acrobat,1
restoring,1
vacation,1
presentations,1
hidden,1
italicizes,1
encounters,1
correctness,1
folksiness,1
citing,1
substituting,1
oriental,1
preceded,1
flee,1
someone,1
remember,1
pick,1
wounded,1
strove,1
bhjim,1
outmoded,1
viable,1
veracious,1
hard,1
intonation,1
cold,1
questionable,1
meiningenism,1
unexpected,1
prevalence,1
next,1
order,1
gentleman,1
sack,1
emerging,1
visibleinvisible,1
entrance,1
festive,1
treplev,1
small,1
calling,1
sufficient,1
wider,1
concerns,1
ship,1
components,1
psychological,1
svadeb,1
komedii,1
golos,1
kursy,1
maitres,1
usual,1
hoffmanniana,1
telling,1
tended,1
copying,1
da,1
core,1
occasions,1
customary,1
cepreii,1
jumps,1
results,1
proper,1
paid,1
world,1
arf,1
bine,1
cycle,1
achieves,1
beauty,1
vstre,1
novogo,1
wolfgang,1
ctatlh,1
moved,1
teatpob,1
wordless,1
crouching,1
nhchma,1
seats,1
scarf,1
battle,1
critical,1
film,1
led,1
pageboy,1
hctophh,1
graduation,1
fortunate,1
temperament,1
nochh,1
intriguer,1
variety,1
absence,1
contact,1
mejerxolid,1
boards,1
vaudeville,1
letters,1
marivaux,1
aim,1
identified,1
action,1
pokaz,1
spectacle,1
short,1
amplua,1
comparative,1
limited,1
tried,1
dressed,1
seasons,1
argues,1
female,1
oscar,1
reproducing,1
object,1
april,1
prove,1
reconstruction,1
says,1
mefiepxonba,1
detej,1
buffonades,1
relaxed,1
theatricalist,1
seemingly,1
poctoakhii,1
builder,1
selection,1
cleopatra,1
bctpesh,1
gost,1
single,1
declamation,1
miklavevskij,1
tieck,1
cheap,1
sweeping,1
competition,1
glossy,1
masterskie,1
peterburg,1
lagged,1
suited,1
complication,1
baaaran,1
requiring,1
paradox,1
thought,1
serve,1
futurist,1
continuity,1
god,1
chronology,1
j,1
ne,1
us,1
differs,1
wigs,1
shook,1
included,1
nuns,1
home,1
falls,1
planned,1
checkered,1
supplied,1
dropped,1
iz,1
pseudonym,1
floor,1
colored,1
speaks,1
bochomehhahhib,1
experiment,1
waved,1
silk,1
communality,1
resounding,1
tricks,1
spangles,1
bracelet,1
unusually,1
begins,1
lined,1
hearth,1
stalin,1
extras,1
snow,1
petrujka,1
double,1
cheek,1
purposewords,1
starting,1
name,1
skill,1
law,1
business,1
metaphysical,1
mighty,1
mark,1
pointed,1
deserves,1
rejects,1
stripes,1
amour,1
hurls,1
decorative,1
maillard,1
water,1
sinam,1
aisle,1
artists,1
shows,1
naive,1
happening,1
lack,1
main,1
valid,1
fundamental,1
lobby,1
nineties,1
striking,1
across,1
aegis,1
creative,1
copied,1
vision,1
wine,1
abstract,1
developed,1
demonstrations,1
geometrical,1
teachers,1
rebuilding,1
reasoning,1
understandable,1
personal,1
preferring,1
apollon,1
istorii,1
omitted,1
personality,1
everything,1
formulating,1
claimed,1
venture,1
away,1
pattern,1
hkra,1
diagram,1
favorite,1
gluttony,1
devil,1
lancret,1
mixail,1
hand,1
raaet,1
tales,1
stral,1
covered,1
touted,1
validity,1
accepted,1
subordinating,1
conceiving,1
establish,1
surprises,1
grimaces,1
kij,1
dance,1
euripides,1
shout,1
deep,1
twins,1
simplicity,1
woman,1
teeth,1
evskoe,1
otciizny,1
mort,1
gosudarstvennyj,1
distance,1
bas,1
hovering,1
groteske,1
realize,1
poli,1
thoroughly,1
plane,1
vstreli,1
interpreting,1
demonstrated,1
grouping,1
extinguishing,1
rykov,1
classes,1
apt,1
pikes,1
aksperimental,1
proves,1
extended,1
encounter,1
ecstasy,1
intimate,1
sewing,1
hear,1
success,1
background,1
evskij,1
completed,1
chiefly,1
eighteenth,1
potemkin,1
helps,1
impart,1
desert,1
formal,1
unsigned,1
alas,1
greet,1
arose,1
passes,1
distinctly,1
rehabilitation,1
scala,1
emphatically,1
arbitrarily,1
disavowed,1
tuman,1
top,1
narrowness,1
significant,1
repertory,1
pantalon,1
wonderful,1
emphasize,1
refers,1
sceni,1
mefiepxoxa,1
assume,1
causes,1
apel,1
overcoming,1
carnaval,1
numbered,1
questions,1
trend,1
launching,1
bazepnii,1
vladimir,1
canon,1
nothing,1
jacques,1
obstruct,1
aesthetic,1
sees,1
xora,1
autumn,1
eight,1
mime,1
rouge,1
students,1
nad,1
defect,1
princess,1
stateliness,1
volunteer,1
grassy,1
earth,1
historic,1
directed,1
rap,1
adding,1
authors,1
devils,1
publication,1
express,1
statisty,1
tail,1
soldiers,1
decorated,1
amounts,1
leave,1
arc,1
editorship,1
started,1
change,1
helpful,1
risunka,1
revised,1
would,1
komissarievskij,1
hammer,1
features,1
conversational,1
aleksej,1
filled,1
practiced,1
proximity,1
spirits,1
conversation,1
terreno,1
standard,1
pupil,1
tiflis,1
construct,1
arlequin,1
latter,1
spent,1
infernal,1
pantomimy,1
written,1
somehow,1
halfdarkness,1
guilt,1
trying,1
feet,1
exaggeration,1
reads,1
relation,1
narrow,1
remembers,1
practicable,1
teach,1
learn,1
godfather,1
stravinskij,1
raised,1
costume,1
looked,1
gippius,1
cinematic,1
cape,1
principal,1
prosceniuma,1
occupied,1
professional,1
fee,1
sole,1
concluded,1
widely,1
neophytes,1
gist,1
metrics,1
china,1
dancer,1
specifications,1
carried,1
admire,1
tempo,1
consists,1
fog,1
diametrically,1
ghosts,1
pictorial,1
meiiepxoal,1
relationship,1
dual,1
declaration,1
flower,1
belonged,1
replied,1
continued,1
boakob,1
figure,1
chance,1
guests,1
husband,1
practitioners,1
pieces,1
attitude,1
plastic,1
bulletin,1
unquestioned,1
lantern,1
mood,1
lost,1
directing,1
army,1
directions,1
corollaries,1
crept,1
malevinskij,1
vstreai,1
seventeenth,1
parodistic,1
clowning,1
zvezdic,1
contribution,1
excited,1
try,1
covering,1
length,1
acrobatics,1
testifies,1
owed,1
life,1
responsible,1
hi,1
analysis,1
fateful,1
achieve,1
slogan,1
kleines,1
entertainment,1
dead,1
directives,1
ascribes,1
composed,1
clownery,1
appointments,1
klepinina,1
tapping,1
face,1
gathered,1
crowded,1
lago,1
poets,1
formless,1
door,1
smallness,1
bench,1
assistant,1
vulgarity,1
boris,1
overshadowed,1
heavy,1
flies,1
coat,1
iago,1
historian,1
believed,1
marjorie,1
nenuinaja,1
plautus,1
lessons,1
meadows,1
series,1
groza,1
illusionistic,1
comparison,1
literature,1
founded,1
diderot,1
instructed,1
wear,1
moskovskoj,1
constituted,1
economically,1
udilis,1
beside,1
kavtennyj,1
seating,1
vinovnynevinovny,1
purveyor,1
directorial,1
pea,1
mefiepxona,1
interludes,1
organizational,1
vezut,1
pauses,1
bright,1
resonance,1
willful,1
dualism,1
ni,1
defining,1
enters,1
crepe,1
exaltation,1
doktora,1
image,1
hoover,1
gazette,1
languages,1
maskerad,1
par,1
organized,1
novel,1
december,1
woos,1
gor,1
assumed,1
exploration,1
good,1
conventionality,1
cricket,1
choreography,1
incorporating,1
podnimaetsja,1
kayser,1
motionless,1
trem,1
reminiscent,1
speech,1
iii,1
crawled,1
hospital,1
usher,1
obviously,1
chases,1
esmeraldina,1
brilliance,1
reflected,1
movie,1
bioi,1
utilized,1
proposed,1
passage,1
works,1
emerges,1
places,1
charged,1
clarity,1
knows,1
william,1
sarf,1
killed,1
oberlin,1
bpiocon,1
amil,1
fuller,1
tejn,1
answered,1
communicate,1
victims,1
circles,1
unique,1
implicit,1
whether,1
making,1
wilde,1
prival,1
cause,1
particular,1
wrings,1
nearby,1
rags,1
add,1
metaphor,1
presnjakov,1
clownish,1
tintagiles,1
lengths,1
firmly,1
fascination,1
vesy,1
pravda,1
knjainin,1
studying,1
geometric,1
cloth,1
pagination,1
produce,1
textual,1
emblematic,1
don,1
agreed,1
pu,1
auditorium,1
middle,1
fedor,1
conference,1
marking,1
magnificent,1
biography,1
paintings,1
skola,1
poems,1
careful,1
trivial,1
determined,1
volk,1
furniture,1
noj,1
uniform,1
baring,1
kin,1
introduced,1
sea,1
city,1
altogether,1
musician,1
brechtian,1
hieroglyphs,1
giving,1
bourgeois,1
techniques,1
impose,1
rendering,1
sitting,1
impulses,1
screen,1
recounts,1
carpeted,1
twenties,1
knocks,1
divided,1
meiiepxogaa,1
mention,1
pole,1
isolated,1
und,1
tall,1
ensuing,1
organon,1
ih,1
coming,1
think,1
varied,1
max,1
refutation,1
leap,1
remarks,1
relates,1
pavlova,1
lensoveta,1
leonid,1
ea,1
devoted,1
ibsen,1
spring,1
wearers,1
tramp,1
pantomimed,1
editor,1
difference,1
disappear,1
dazzling,1
twentieth,1
polinjalyj,1
sceniceskogo,1
jew,1
strikingly,1
finally,1
motives,1
petja,1
laymen,1
attests,1
insight,1
joined,1
fatal,1
although,1
need,1
fooled,1
states,1
attributes,1
mariinskij,1
defined,1
seeks,1
attempted,1
matepnaai,1
rameau,1
presenting,1
juggler,1
theatricalists,1
remains,1
speak,1
mic,1
recital,1
epigraph,1
roles,1
reorganized,1
doubtless,1
celebrant,1
specific,1
vessel,1
news,1
occurring,1
removed,1
spectator,1
nikolaj,1
taking,1
ceiling,1
removing,1
portrait,1
themselves,1
rejection,1
chicago,1
reached,1
consisted,1
create,1
coz,1
averred,1
evidently,1
import,1
element,1
diabolical,1
mozart,1
ends,1
recent,1
vulgar,1
premature,1
conversations,1
vstrez,1
coveralls,1
dictum,1
nora,1
refuting,1
