WORDCOUNTS,WEIGHT
your,7
a,5
the,4
i,4
love,3
in,3
like,3
you,3
to,2
me,2
beyond,2
ll,2
and,2
all,2
of,2
with,2
pass,2
tied,2
sacks,1
palate,1
weightless,1
this,1
furry,1
glands,1
reel,1
later,1
bring,1
please,1
that,1
save,1
lasts,1
salt,1
giant,1
bobbing,1
platelets,1
sticky,1
wax,1
buttered,1
greasy,1
cells,1
think,1
mingling,1
who,1
nap,1
skinned,1
art,1
dog,1
mouth,1
tongue,1
are,1
these,1
on,1
my,1
needs,1
for,1
spider,1
dream,1
walks,1
limbs,1
white,1
nylon,1
is,1
sunour,1
secret,1
breasts,1
eyebrows,1
mornings,1
bodiless,1
face,1
devotion,1
moonlight,1
drippings,1
under,1
we,1
lick,1
kite,1
dangle,1
savory,1
peppermint,1
darling,1
or,1
skinless,1
louise,1
waiting,1
wrist,1
riding,1
