WORDCOUNTS,WEIGHT
j,303
the,295
of,285
and,262
in,208
a,193
marriage,155
family,128
h,103
sex,103
s,98
new,95
amer,93
soc,88
m,88
r,84
york,79
p,79
living,75
hyg,69
w,68
e,67
l,64
c,62
for,61
child,59
to,59
fam,57
int,51
sexology,49
psychol,48
on,48
f,47
rev,44
study,44
education,43
life,42
d,42
b,39
t,37
no,37
children,37
n,36
i,32
g,32
assoc,32
sexual,30
sociol,30
educ,27
as,25
home,24
women,23
attitudes,23
relations,22
social,22
is,22
may,21
pastoral,20
v,20
an,20
y,19
k,19
problems,19
univ,18
parents,18
london,17
law,17
ed,16
with,16
control,16
u,15
factors,15
guid,15
counseling,15
behavior,14
adjustment,14
sci,14
your,14
book,14
others,14
press,14
some,13
nat,13
personality,13
health,13
assn,12
homosexuality,12
its,12
world,12
by,12
love,12
ellis,12
school,12
at,11
psychoanal,11
american,11
med,11
marital,11
internat,11
aspects,11
eco,11
toward,11
group,10
trends,10
april,10
books,10
disease,10
ann,10
res,10
fertility,10
what,10
acad,10
role,10
be,10
divorce,9
differences,9
venereal,9
case,9
relationships,9
how,9
care,9
q,9
statistics,9
or,9
parent,9
cath,9
prostitution,8
college,8
dig,8
development,8
tb,8
pp,8
birth,8
office,8
nursing,8
relation,8
report,8
childbirth,8
marriages,8
orthopsychiat,8
it,7
one,7
america,7
human,7
method,7
public,7
psychological,7
genet,7
this,7
comm,7
treatment,7
do,7
pamphlets,7
vd,7
relationship,7
psychiat,7
mother,7
from,7
parental,7
you,7
recent,7
masturbation,7
hiltner,6
use,6
studies,6
bibliography,6
mental,6
clark,6
ment,6
contraception,6
disorders,6
teacher,6
population,6
training,6
forces,6
prac,6
maternal,6
abstract,6
factor,6
dating,6
high,6
can,6
grade,6
psychotherapy,6
are,6
girls,6
problem,6
stat,6
devel,6
national,6
washington,6
roles,6
o,5
fathers,5
complex,5
syphilis,5
summaries,5
psychiatry,5
psychother,5
vital,5
review,5
author,5
affairs,5
haire,5
vit,5
abnorm,5
reprinted,5
doorbar,5
parenthood,5
planning,5
psychiatric,5
premarital,5
approach,5
inst,5
research,5
related,5
allen,5
teaching,5
these,5
harper,5
lee,5
also,5
childhood,5
patterns,5
male,5
students,5
thomas,5
offender,5
today,5
dec,5
eccl,5
why,5
know,5
spec,5
current,5
johnson,5
states,5
sterility,4
coll,4
stone,4
schools,4
cory,4
test,4
guze,4
fund,4
all,4
mind,4
state,4
discipline,4
system,4
march,4
vol,4
july,4
crim,4
conflict,4
facts,4
bowman,4
offenders,4
concerning,4
columbia,4
abortion,4
young,4
rhythm,4
natl,4
general,4
christensen,4
bull,4
angeles,4
after,4
their,4
psychosexual,4
understand,4
calif,4
psychoanalytic,4
artificial,4
age,4
international,4
mate,4
fisher,4
guidance,4
pr,4
los,4
during,4
repts,4
preparation,4
good,4
comparative,4
play,4
selection,4
newborn,4
single,4
about,4
but,4
two,4
williams,4
published,4
insemination,4
practice,4
wood,4
questions,4
defense,4
times,4
menopause,4
program,4
contribution,4
united,4
not,4
natural,4
par,4
audience,4
psychology,4
city,4
content,4
our,4
years,4
clin,4
between,4
early,4
among,4
lu,4
digest,4
does,3
phallic,3
they,3
elementary,3
library,3
modern,3
decade,3
committee,3
morality,3
experience,3
that,3
hum,3
england,3
sup,3
ottawa,3
happy,3
milbank,3
psychoanalysis,3
reading,3
functions,3
pilpel,3
sterilization,3
wallace,3
retarded,3
mixed,3
religious,3
items,3
hinrichsen,3
influence,3
vantage,3
offenses,3
deviations,3
identification,3
lamson,3
unit,3
process,3
levine,3
certain,3
white,3
four,3
infertility,3
philosophical,3
brothels,3
hare,3
mace,3
adolescent,3
feeding,3
literature,3
clarke,3
quart,3
work,3
mem,3
journal,3
twin,3
status,3
davison,3
successful,3
neisser,3
brown,3
st,3
cycle,3
crime,3
intermarriage,3
society,3
zavin,3
duvall,3
action,3
economic,3
female,3
community,3
kallmann,3
judgment,3
make,3
interpretation,3
monogr,3
security,3
culture,3
only,3
baby,3
ind,3
preferences,3
printing,3
smith,3
nov,3
connell,3
publ,3
present,3
council,3
landis,3
woman,3
style,3
original,3
made,3
food,3
determining,3
co,3
so,3
class,3
ingleby,3
effect,3
looks,3
sept,3
we,3
note,3
science,3
figure,3
attitude,3
who,3
articles,3
nervous,3
eug,3
selected,3
list,3
want,3
cause,3
feb,3
institute,3
urban,3
infant,3
size,3
families,3
think,3
courtship,3
course,3
mothers,3
hlth,3
barnes,3
summary,3
news,3
eissler,3
interaction,3
should,3
freud,2
limits,2
common,2
if,2
meaning,2
adoption,2
germany,2
ross,2
motivation,2
hypotheses,2
approaches,2
drawings,2
specified,2
appl,2
character,2
gamble,2
freeman,2
hayes,2
princeton,2
appraisal,2
different,2
tappan,2
interests,2
ii,2
corwin,2
brien,2
asia,2
great,2
richards,2
homosexual,2
religion,2
commitment,2
there,2
differential,2
conjugal,2
influences,2
henry,2
classified,2
schl,2
intelligence,2
ext,2
pub,2
right,2
possible,2
oedipus,2
strains,2
conception,2
laws,2
objective,2
letter,2
measurement,2
wm,2
sign,2
controlled,2
hygiene,2
labor,2
virginity,2
married,2
disorder,2
patient,2
interest,2
jr,2
encyclopedia,2
monahan,2
agric,2
century,2
z,2
dis,2
hypnosis,2
lehfeldt,2
unity,2
perspective,2
defic,2
cinical,2
kinship,2
wom,2
kinsey,2
communication,2
macy,2
leadership,2
cooperative,2
genital,2
oxford,2
authority,2
philadelphia,2
essential,2
performance,2
breast,2
conceptions,2
tools,2
importance,2
adjustments,2
special,2
lay,2
awareness,2
ames,2
thought,2
wash,2
adolescents,2
university,2
india,2
baroda,2
lowrie,2
serv,2
burgess,2
indications,2
sherwin,2
laidlaw,2
muensterberger,2
my,2
kirkendall,2
houghton,2
worker,2
initial,2
cultural,2
residential,2
schnepp,2
ford,2
spiritual,2
week,2
experiment,2
char,2
feminine,2
well,2
basis,2
future,2
heart,2
nation,2
mcquaid,2
personal,2
jealousy,2
sublimation,2
missions,2
own,2
unmarried,2
least,2
sense,2
next,2
karlsson,2
catholic,2
purdue,2
gratis,2
mi,2
progress,2
pa,2
organs,2
value,2
preliminary,2
up,2
passive,2
knowledge,2
situation,2
equality,2
noble,2
gabriel,2
scientific,2
atypical,2
short,2
brief,2
still,2
guide,2
reference,2
albert,2
mission,2
mobile,2
thesis,2
planned,2
light,2
gov,2
wisconsin,2
department,2
reports,2
emotional,2
heterosexual,2
toronto,2
blacker,2
technique,2
frederick,2
kephart,2
ask,2
harrington,2
stud,2
efforts,2
lack,2
stories,2
areas,2
psychosom,2
disturbed,2
teachers,2
pamphlet,2
pennsylvania,2
pattern,2
bauer,2
marrying,2
contraceptive,2
necessary,2
ejaculation,2
maturity,2
japan,2
eds,2
preparing,2
ojemann,2
day,2
seidenberg,2
remmers,2
mcguire,2
bulletin,2
classes,2
cure,2
discussion,2
upon,2
casework,2
values,2
finland,2
findings,2
pillay,2
expression,2
prov,2
odenwald,2
services,2
examination,2
stay,2
which,2
previous,2
theories,2
brit,2
period,2
nerv,2
hasanat,2
earlier,2
senn,2
healthy,2
berndt,2
structure,2
femininity,2
story,2
smitt,2
christian,2
chesser,2
reviewer,2
george,2
criminal,2
coeducational,2
husband,2
hill,2
validity,2
success,2
pop,2
determination,2
analysis,2
neurosis,2
ancient,2
clinical,2
considered,2
springfield,2
suggestions,2
sexes,2
propinquity,2
macdougald,2
need,2
congenital,2
sweden,2
couples,2
locke,2
obscene,2
each,2
dunbar,2
board,2
deprivation,2
foundation,2
hospital,2
job,2
spinsters,2
assessment,2
frigidity,2
investigation,2
dearborn,2
reactions,2
them,2
rose,2
stability,2
making,2
drucker,2
therapy,2
getting,2
appleton,2
don,2
art,2
conference,2
stern,2
level,2
given,2
affecting,2
through,2
answer,2
wife,2
benedek,2
qualitative,2
challenges,2
jolles,2
orgasm,2
question,2
wilbur,2
youth,2
negro,2
background,2
notes,2
have,2
armstrong,2
include,2
france,2
effects,2
measuring,2
sexuality,2
herzberg,2
specific,2
chicago,2
grace,2
taylor,2
infancy,2
premature,2
niemineva,2
final,1
miller,1
silverman,1
now,1
abramson,1
humanism,1
triple,1
kimber,1
psychogynecic,1
ethics,1
films,1
way,1
later,1
whelpton,1
educationextension,1
donor,1
groups,1
kumlien,1
tropics,1
scholar,1
opin,1
emerson,1
functional,1
trained,1
wa,1
environmental,1
protestant,1
bergler,1
fiction,1
licht,1
math,1
epidemic,1
volta,1
benedict,1
aiyer,1
berlin,1
farrar,1
churchill,1
arnhem,1
center,1
large,1
needed,1
prediction,1
dunlap,1
homil,1
orthopsychiatry,1
gulick,1
integrity,1
kinds,1
mobility,1
topics,1
daye,1
son,1
reflections,1
tat,1
macpherson,1
psychopath,1
english,1
ways,1
strohm,1
solidarity,1
toms,1
reopen,1
chandrasekhar,1
glicksman,1
cough,1
considerations,1
nord,1
mclane,1
whiting,1
further,1
western,1
pfeffer,1
osteop,1
predicting,1
nieminen,1
menarche,1
cornell,1
deferens,1
fw,1
standards,1
bend,1
lib,1
schmiedeler,1
lobel,1
sequential,1
reich,1
dose,1
rome,1
disturbances,1
lower,1
warburton,1
being,1
member,1
educationwhose,1
explaining,1
sperling,1
nursed,1
davis,1
nurse,1
pennies,1
identifying,1
production,1
rinehart,1
give,1
military,1
doubleday,1
philbrick,1
aleister,1
aberle,1
sunday,1
weniger,1
kiefer,1
memorial,1
principles,1
other,1
prejudices,1
polytech,1
herbst,1
gel,1
agrarian,1
broken,1
cummings,1
simple,1
bressler,1
sloan,1
whitman,1
blumenthal,1
strodtbeck,1
hackett,1
link,1
resulting,1
idealization,1
kingdom,1
reproduction,1
listing,1
allport,1
improved,1
himes,1
interviewed,1
miles,1
trouble,1
ava,1
sibship,1
staff,1
robert,1
sociopolitical,1
normal,1
china,1
reiter,1
karpf,1
readiness,1
obsessional,1
hostility,1
context,1
tragedy,1
keenan,1
showell,1
partners,1
issue,1
meerlo,1
preventing,1
disarmament,1
milner,1
dr,1
eastern,1
has,1
king,1
bird,1
jurisdictional,1
adverse,1
robes,1
crowley,1
primary,1
libel,1
hall,1
heron,1
jumping,1
tuller,1
design,1
trade,1
kornitzer,1
low,1
therapeutic,1
jagnon,1
raboch,1
prior,1
brant,1
cooperation,1
recommendations,1
pseudocyesis,1
sale,1
secker,1
kirkpatrick,1
births,1
boggs,1
vistas,1
boktryckeri,1
froscher,1
west,1
venereology,1
heterosexuality,1
variations,1
point,1
ductus,1
bergeret,1
resources,1
genetic,1
frumkin,1
sachs,1
prenatal,1
along,1
dementia,1
juvenile,1
mentally,1
dryden,1
educt,1
mchose,1
brew,1
grebler,1
melting,1
hanks,1
silverberg,1
desertion,1
prejudice,1
inventory,1
evaluating,1
hudson,1
doll,1
usage,1
laycock,1
tribute,1
segregation,1
frequencies,1
central,1
prostitutes,1
zweig,1
includes,1
morsell,1
bintl,1
phila,1
ronald,1
fun,1
spitz,1
nash,1
whitaker,1
abt,1
happiness,1
doctor,1
psychosomat,1
severe,1
remarriages,1
difficulties,1
such,1
copenhagen,1
minutes,1
medical,1
speciality,1
since,1
rorschach,1
barton,1
mores,1
bailey,1
against,1
oceanapubl,1
stains,1
mead,1
farrier,1
police,1
bodily,1
cosgrove,1
lectures,1
reflection,1
brotherly,1
viewing,1
walter,1
friedman,1
adams,1
annulments,1
mothercraft,1
popelka,1
relig,1
overt,1
polling,1
employing,1
meyer,1
lanval,1
candy,1
ferguson,1
lasko,1
cases,1
nelson,1
individual,1
elements,1
petting,1
seligmann,1
sibling,1
irregularities,1
stokes,1
robb,1
refer,1
asterisk,1
body,1
oedipal,1
bainton,1
stoughton,1
houses,1
wadley,1
lewin,1
clare,1
psychoses,1
clergyman,1
effective,1
genetics,1
publications,1
burma,1
keedy,1
mechanical,1
akers,1
mohave,1
would,1
even,1
student,1
hodder,1
sterling,1
look,1
lindemann,1
scoptophilia,1
sieve,1
greer,1
psychosomatic,1
maw,1
adult,1
jones,1
impressions,1
van,1
higher,1
uppsala,1
foote,1
operation,1
recognized,1
adequate,1
act,1
his,1
dilemma,1
camp,1
links,1
growth,1
howes,1
sentences,1
happily,1
denmark,1
watch,1
remain,1
nurseries,1
howland,1
pascal,1
levels,1
fair,1
rothnem,1
cohort,1
lasting,1
convicted,1
active,1
retardation,1
examined,1
upward,1
deprived,1
winstel,1
kiano,1
proportion,1
kiser,1
stout,1
engleman,1
precocity,1
perkins,1
milton,1
contributions,1
therapists,1
gollancz,1
tree,1
illustrations,1
frazier,1
fromm,1
msmt,1
kroger,1
khaing,1
roth,1
spirochete,1
periodic,1
capstick,1
howe,1
experiences,1
martin,1
webster,1
means,1
wilde,1
send,1
old,1
plus,1
tensions,1
familism,1
transexion,1
signed,1
calcutta,1
occupational,1
river,1
statistical,1
was,1
outpatient,1
renshaw,1
clergy,1
melker,1
withers,1
nudism,1
phantasy,1
house,1
coppens,1
drummond,1
devensky,1
too,1
tuberculous,1
pullman,1
situations,1
ministers,1
bernhard,1
jacobson,1
overstreet,1
dept,1
follow,1
laxson,1
policy,1
hart,1
bender,1
howgate,1
definite,1
queen,1
defectives,1
saul,1
offutt,1
langer,1
rice,1
votes,1
curran,1
permanent,1
answers,1
bruno,1
helped,1
negroes,1
detroit,1
opinion,1
preference,1
providing,1
decades,1
counsel,1
drawing,1
appear,1
conflicts,1
nebraska,1
had,1
tyler,1
legislative,1
suburbs,1
caseworker,1
kennedy,1
provocatus,1
responsibility,1
path,1
extent,1
menstruation,1
transmission,1
societies,1
medicine,1
found,1
milb,1
peltz,1
maslow,1
search,1
preceptin,1
conway,1
effort,1
behavioral,1
adaptability,1
out,1
estrogens,1
warburg,1
radical,1
viking,1
hospitals,1
workable,1
eat,1
thurber,1
correlates,1
experts,1
semen,1
term,1
linacre,1
masculinity,1
tallman,1
jarrett,1
handbook,1
left,1
clinician,1
rejoinder,1
cohen,1
mackay,1
occupation,1
chinese,1
wales,1
let,1
alimony,1
chief,1
halls,1
michigan,1
reviews,1
career,1
leonard,1
indirect,1
trimp,1
viewed,1
moore,1
pinney,1
meet,1
applied,1
wilner,1
grounds,1
appraising,1
safe,1
record,1
doesn,1
xiv,1
procedures,1
colleges,1
judicial,1
dwelling,1
shepard,1
overpopulation,1
topical,1
norgate,1
jewish,1
phylon,1
involuntaryw,1
scene,1
proj,1
followup,1
criteria,1
navaho,1
kitchen,1
christianity,1
flannery,1
having,1
degrees,1
data,1
click,1
sociologic,1
degenerate,1
harley,1
mayer,1
sperry,1
hirsh,1
schuster,1
reid,1
carries,1
mngmt,1
strupp,1
reader,1
concept,1
stake,1
part,1
purpose,1
example,1
civil,1
unfinished,1
curriculum,1
eckert,1
neubauer,1
auerbach,1
itkin,1
macaulay,1
irish,1
journals,1
knight,1
minority,1
criticized,1
croog,1
aren,1
whole,1
year,1
indianapolis,1
older,1
straus,1
davies,1
cass,1
contains,1
people,1
showel,1
dysmenorrhea,1
strain,1
diller,1
infantile,1
music,1
poe,1
egan,1
swift,1
teenage,1
bishop,1
citizen,1
romance,1
institution,1
psychologic,1
halpert,1
rex,1
drysdale,1
overeducated,1
teenagers,1
won,1
predictive,1
ylinen,1
sitters,1
count,1
towards,1
sakoda,1
decidedly,1
interracial,1
finding,1
depicting,1
enuresis,1
preceded,1
change,1
devereaux,1
trevett,1
closing,1
brush,1
painting,1
indicator,1
caused,1
working,1
field,1
below,1
regardless,1
ego,1
lobotomy,1
binet,1
braden,1
revolution,1
parish,1
panel,1
alto,1
caucasia,1
television,1
order,1
clothes,1
destiny,1
sweeney,1
frankl,1
allowances,1
event,1
hopson,1
nielsen,1
heat,1
havighurst,1
antifertility,1
reed,1
mitchell,1
oct,1
consensus,1
june,1
pregnancy,1
crepeau,1
choose,1
components,1
county,1
edwards,1
massachusetts,1
decline,1
sheerin,1
deviant,1
masochism,1
shrubsole,1
wallin,1
brancale,1
always,1
annual,1
when,1
loewy,1
scott,1
universities,1
passivity,1
weingold,1
ravenscoft,1
marry,1
breed,1
wisells,1
lohmann,1
commonweal,1
criminals,1
frontal,1
pot,1
kaskoff,1
regressive,1
am,1
raleigh,1
handwerk,1
activities,1
faber,1
gebert,1
salfield,1
will,1
luzbetak,1
battle,1
belgium,1
san,1
thorman,1
stieve,1
sons,1
neurotic,1
implications,1
conforming,1
condemnation,1
pneumonia,1
practices,1
tabu,1
various,1
humanist,1
grosset,1
populations,1
flugel,1
separation,1
rommer,1
psychopaths,1
service,1
benson,1
unconscious,1
sargent,1
administration,1
oscar,1
satterfield,1
warner,1
ramparts,1
reduce,1
bossard,1
interactions,1
yiddish,1
boy,1
movement,1
newton,1
southern,1
podolsky,1
pts,1
direction,1
southeast,1
biological,1
voyeurism,1
agenesis,1
jessine,1
rs,1
misuse,1
pacific,1
criticism,1
victor,1
housing,1
azoospermia,1
hollingshead,1
recordings,1
vs,1
lloyd,1
salvation,1
cleveland,1
marginal,1
programs,1
bohm,1
tablet,1
stroup,1
morgan,1
columbus,1
selective,1
din,1
demographic,1
management,1
unwin,1
palmer,1
sociological,1
seniors,1
brainard,1
randomhouse,1
watson,1
experimental,1
wright,1
burmese,1
indian,1
words,1
aid,1
lawful,1
prin,1
controllable,1
mich,1
bar,1
mcquesten,1
chaloner,1
affections,1
doherty,1
praecox,1
double,1
stromme,1
street,1
balancing,1
downside,1
phadke,1
starting,1
gustin,1
leader,1
more,1
name,1
paul,1
fell,1
restless,1
selfish,1
bondy,1
ridley,1
jose,1
many,1
fergusen,1
fugazzotto,1
destroy,1
complementary,1
barber,1
generational,1
conformity,1
joyce,1
fact,1
longer,1
blocks,1
isch,1
abilities,1
cumulative,1
clarendon,1
greenacre,1
minnesota,1
proposal,1
plan,1
pressure,1
diagnoses,1
sullivan,1
afraid,1
nathan,1
murphy,1
foods,1
exhibitionism,1
associates,1
john,1
volunteererror,1
navy,1
intrafamily,1
whisperings,1
fashion,1
man,1
tech,1
audiences,1
minister,1
ehrmann,1
brotherhood,1
chevalier,1
nonconsummation,1
enactment,1
men,1
guyon,1
behind,1
fits,1
sociosexual,1
monographs,1
ogg,1
performances,1
begin,1
increases,1
covered,1
walters,1
where,1
needn,1
developing,1
purposes,1
oregon,1
waterhouse,1
helfant,1
karl,1
interview,1
hundred,1
castration,1
abatements,1
native,1
recording,1
metropolitan,1
sec,1
socialization,1
kavinoky,1
fundamentals,1
shifts,1
reflected,1
duell,1
keiser,1
local,1
simon,1
murdock,1
breakdown,1
margolin,1
statutes,1
private,1
understanding,1
alec,1
hess,1
extended,1
lydia,1
robertson,1
intent,1
hymes,1
staudt,1
treated,1
craig,1
matthews,1
writings,1
including,1
dyk,1
bascom,1
delinquent,1
increase,1
holt,1
langdon,1
govt,1
manifestations,1
sopchack,1
artist,1
smiddy,1
hine,1
interrelation,1
expand,1
angus,1
empirical,1
entirely,1
fed,1
steady,1
raven,1
dinalfo,1
arthur,1
racket,1
francis,1
prospective,1
maria,1
devlin,1
overcoming,1
survey,1
pleasure,1
trethawon,1
ethnic,1
freudian,1
blau,1
bassam,1
continue,1
friction,1
pinard,1
were,1
meaker,1
shuey,1
jacobsen,1
roberts,1
grp,1
symbiosis,1
southw,1
mudd,1
open,1
crises,1
roudinesco,1
three,1
historic,1
moral,1
josiah,1
gretna,1
consult,1
scandinavia,1
schricker,1
language,1
divorces,1
mandell,1
avery,1
misbehave,1
ireland,1
urge,1
reiss,1
fitzhugh,1
jansen,1
held,1
sommerer,1
homiletic,1
homes,1
bensing,1
started,1
like,1
kane,1
clough,1
ny,1
function,1
walker,1
oed,1
features,1
terman,1
pearce,1
stresses,1
carson,1
epoch,1
standard,1
cutler,1
preschool,1
instruction,1
morals,1
elem,1
faith,1
readers,1
random,1
intend,1
wilkins,1
glenn,1
editors,1
palo,1
overcome,1
wise,1
preston,1
grandmother,1
britain,1
imago,1
masculine,1
wills,1
patterson,1
christus,1
knepp,1
greece,1
primal,1
hume,1
northern,1
morris,1
macmillan,1
versus,1
haven,1
tendency,1
dacca,1
waggoner,1
viii,1
green,1
evaluated,1
walsh,1
ago,1
contacting,1
achieve,1
counselor,1
gide,1
exper,1
division,1
justice,1
hunt,1
alaska,1
infants,1
tennessee,1
bee,1
homosexuals,1
harpers,1
henpecked,1
pediatric,1
twelve,1
tests,1
pavenstedt,1
applications,1
odlum,1
browne,1
proc,1
peers,1
smythe,1
perspectives,1
equals,1
bureau,1
mandy,1
been,1
doyle,1
adequacy,1
sexol,1
hollmann,1
molestation,1
transvestite,1
smiths,1
applicability,1
menstrual,1
mayberg,1
lines,1
ard,1
modernism,1
shortens,1
hsu,1
consanguineous,1
becomes,1
reason,1
itself,1
freedman,1
force,1
lippincott,1
polls,1
economists,1
effectively,1
schopbach,1
shone,1
preventable,1
encydopaedic,1
wilson,1
hered,1
hacker,1
stoodley,1
remembrance,1
diagnosis,1
freel,1
dinkel,1
frontiersman,1
serpentine,1
methods,1
responsible,1
expectations,1
maternity,1
norton,1
blood,1
lewinski,1
bigham,1
mortality,1
samiksa,1
holmes,1
schoolman,1
griffith,1
types,1
naegle,1
poznanski,1
months,1
canada,1
unusual,1
poffenberger,1
marquis,1
sound,1
pressures,1
stable,1
influencing,1
yahuda,1
addressed,1
stephen,1
obstetrics,1
proof,1
dubois,1
presidency,1
crockett,1
sherriffs,1
associated,1
almqvist,1
beast,1
recruiting,1
spaulding,1
morning,1
crofts,1
lessons,1
series,1
cudahy,1
comparison,1
guttmacher,1
must,1
ve,1
complexes,1
manual,1
suppl,1
turn,1
pregnancies,1
eng,1
followed,1
redlich,1
byproduct,1
delisle,1
tarver,1
rival,1
cohn,1
physical,1
abortus,1
macmanuc,1
educa,1
plea,1
perversion,1
offers,1
brazilian,1
grugett,1
roheim,1
forty,1
gilmore,1
monteel,1
berkeley,1
respecting,1
mass,1
over,1
privacy,1
partner,1
principle,1
cox,1
finance,1
cultures,1
hemphill,1
ratio,1
androgens,1
croyden,1
banerjee,1
did,1
blek,1
leaders,1
cassell,1
anthropol,1
rearing,1
hindering,1
followers,1
romanus,1
eitzen,1
pellegrini,1
theology,1
infiltration,1
twelfth,1
andersen,1
written,1
rittenhouse,1
sanger,1
vanmechelen,1
tex,1
holcomb,1
thompson,1
rural,1
synthesis,1
nuer,1
better,1
growing,1
outlook,1
born,1
game,1
none,1
summerskill,1
alabama,1
vonhentig,1
berdie,1
nye,1
mackintosh,1
bross,1
terms,1
form,1
migratory,1
references,1
larson,1
gomberg,1
statement,1
theory,1
psychoanol,1
gruenberg,1
censorship,1
vigman,1
clinics,1
monog,1
lafayette,1
rating,1
projection,1
saperstein,1
boys,1
sexological,1
peters,1
reviewed,1
springer,1
observations,1
goodman,1
categories,1
freedom,1
middle,1
therapist,1
injunctions,1
fantasied,1
endocrinology,1
nierenberg,1
outline,1
intention,1
taverns,1
brower,1
bonnard,1
klatskin,1
code,1
ill,1
peace,1
ryerson,1
garfield,1
daughters,1
ohio,1
winch,1
wedding,1
stendler,1
oltman,1
november,1
riddle,1
variability,1
giving,1
williamson,1
subject,1
begins,1
transition,1
rockwood,1
levinson,1
conventional,1
contraceptives,1
arguments,1
szurek,1
pol,1
writing,1
beigel,1
cruelty,1
crosscultural,1
indiana,1
statute,1
tell,1
cerical,1
radicalism,1
bowlby,1
differentiation,1
knopf,1
conn,1
vann,1
anthropological,1
readings,1
twentieth,1
conditions,1
institutional,1
materials,1
jew,1
chemical,1
hurt,1
newsletter,1
grune,1
crisis,1
arsdale,1
wish,1
neb,1
land,1
evidence,1
weep,1
guiding,1
levy,1
surgical,1
stratton,1
prosperity,1
playing,1
off,1
daughter,1
penal,1
measured,1
association,1
cavan,1
booth,1
ruth,1
carr,1
charles,1
papal,1
substitute,1
mystery,1
slochower,1
marcson,1
avowed,1
cook,1
phamphlets,1
pool,1
norman,1
fears,1
civilian,1
element,1
spectral,1
little,1
def,1
divergent,1
re,1
patients,1
focus,1
clagne,1
much,1
dad,1
mature,1
prison,1
panic,1
detection,1
gesenius,1
building,1
deficiency,1
meeting,1
asked,1
multiphasic,1
masculinityfemininity,1
hans,1
race,1
otto,1
major,1
dubo,1
watts,1
