WORDCOUNTS,WEIGHT
the,113
and,93
to,77
of,73
a,66
in,61
that,57
is,49
women,42
our,38
we,36
as,34
are,33
i,28
for,27
there,25
be,25
on,24
it,22
not,22
or,20
young,20
all,18
with,17
community,16
s,16
have,16
can,16
this,14
an,14
one,13
from,13
you,13
at,12
they,12
than,12
will,11
us,11
love,11
more,11
those,11
another,11
if,10
social,10
which,10
political,9
do,9
e,8
support,8
what,8
lesbians,8
school,7
their,7
these,7
many,7
other,7
people,7
relationships,7
around,7
lesbian,7
way,6
rather,6
how,6
who,6
t,6
here,6
your,6
j,6
time,6
learn,6
like,6
so,6
world,6
about,5
feel,5
live,5
ways,5
when,5
any,5
same,5
by,5
gay,5
being,5
m,5
believe,5
new,5
them,5
form,5
sexual,5
such,5
because,5
page,4
everyone,4
revolutionary,4
make,4
movement,4
lives,4
friends,4
organization,4
just,4
following,4
most,4
different,4
heterosexual,4
only,4
ourselves,4
out,4
radical,4
further,4
work,4
made,4
must,4
looking,4
thoughts,4
place,4
club,4
no,4
need,4
off,4
share,4
should,4
go,3
does,3
commu,3
act,3
male,3
opportunity,3
talk,3
certain,3
group,3
life,3
awareness,3
respect,3
means,3
culture,3
matter,3
notions,3
wrong,3
every,3
hetero,3
my,3
based,3
acceptable,3
then,3
able,3
pattern,3
money,3
well,3
some,3
aren,3
perspective,3
patriarchy,3
else,3
thus,3
keep,3
nor,3
self,3
back,3
c,3
d,3
men,3
socially,3
may,2
things,2
rights,2
educate,2
done,2
hopes,2
commentary,2
tion,2
superficial,2
lines,2
mean,2
etc,2
center,2
american,2
often,2
once,2
keeps,2
ing,2
itself,2
read,2
consider,2
oppressive,2
addressed,2
was,2
home,2
but,2
too,2
preconceived,2
emotional,2
ever,2
anything,2
lot,2
independent,2
long,2
organizations,2
willing,2
concerns,2
power,2
providing,2
others,2
beautiful,2
efforts,2
result,2
capitalist,2
capital,2
together,2
daily,2
great,2
reasons,2
nights,2
speech,2
vibrant,2
forging,2
very,2
take,2
honest,2
strength,2
systems,2
person,2
feminist,2
discussion,2
nity,2
informed,2
though,2
equal,2
visibility,2
see,2
system,2
meet,2
partners,2
forth,2
dancing,2
however,2
woman,2
has,2
style,2
week,2
right,2
divide,2
information,2
understanding,2
illustrate,2
gains,2
popular,2
level,2
true,2
ve,2
apart,2
fit,2
clothing,2
diversity,2
moments,2
coming,2
hour,2
nothing,2
individuals,2
fun,2
dating,2
spectrum,2
difference,2
hierarchy,2
washington,2
change,2
ability,2
offer,2
divisions,2
publications,2
would,2
elders,2
night,2
needs,2
profound,2
potential,2
feelings,2
trying,2
cool,2
attending,2
successful,2
challenge,2
also,2
look,2
among,2
notice,2
cause,2
glances,1
banana,1
book,1
entertainment,1
liberation,1
classist,1
ments,1
steps,1
flock,1
schools,1
basing,1
stimuli,1
segregate,1
relationship,1
situation,1
revisit,1
circle,1
struggle,1
me,1
peers,1
pals,1
perspectives,1
binds,1
variety,1
costs,1
various,1
minimizes,1
conflicting,1
continued,1
bars,1
george,1
concerned,1
gather,1
drag,1
l,1
economic,1
been,1
five,1
minorities,1
groups,1
unneeded,1
short,1
watch,1
tm,1
accessories,1
hill,1
superiority,1
critical,1
tried,1
teach,1
inclusive,1
forward,1
intimate,1
recognizes,1
month,1
primarily,1
binary,1
happen,1
death,1
notion,1
affirming,1
appearance,1
cigarettes,1
reflections,1
unwilling,1
seen,1
tive,1
still,1
above,1
fragmented,1
arrangements,1
necessary,1
celebrate,1
neighborhood,1
mainstream,1
rare,1
distributed,1
per,1
importantly,1
standing,1
suggestions,1
similar,1
transformation,1
sync,1
parts,1
fat,1
ask,1
why,1
illegal,1
assigned,1
ample,1
identify,1
white,1
profess,1
dismiss,1
space,1
lip,1
spark,1
nicate,1
prince,1
builds,1
occurs,1
opinions,1
coalition,1
inhibits,1
face,1
solutions,1
afraid,1
lose,1
elitist,1
attrac,1
conditioning,1
gathered,1
harmfulness,1
thought,1
modern,1
ravaging,1
park,1
bad,1
backstreet,1
perfect,1
wearing,1
ms,1
seeing,1
dressing,1
supports,1
appreciate,1
counterparts,1
overlook,1
forever,1
backs,1
glossiest,1
neither,1
folldwed,1
gangly,1
imitate,1
image,1
harsh,1
environment,1
unlike,1
forays,1
acting,1
conversing,1
presumes,1
bit,1
workplace,1
individually,1
wouldn,1
raise,1
associated,1
before,1
section,1
sys,1
differentiated,1
congregate,1
viewpoints,1
n,1
welfare,1
house,1
floor,1
eager,1
michael,1
al,1
mentioned,1
w,1
without,1
organize,1
age,1
orientation,1
exorbitant,1
negative,1
volatile,1
simply,1
contribu,1
volunteers,1
speaking,1
bar,1
first,1
exposed,1
inadvertent,1
powerful,1
awkwardness,1
inferiority,1
gap,1
shop,1
beyond,1
alco,1
physical,1
ll,1
obstacles,1
position,1
sources,1
lookism,1
amongst,1
mrbasire,1
embraced,1
justified,1
gain,1
oppression,1
creation,1
instance,1
restaurant,1
human,1
interests,1
courageous,1
equated,1
xt,1
care,1
ethnic,1
couples,1
give,1
adopt,1
taken,1
trend,1
might,1
spend,1
mingling,1
choose,1
attempt,1
over,1
body,1
stifle,1
dc,1
tainment,1
worked,1
principle,1
into,1
each,1
addition,1
experienced,1
attire,1
tween,1
had,1
nature,1
revolu,1
stop,1
emotions,1
moving,1
comedy,1
artists,1
communal,1
tions,1
longer,1
lack,1
encourage,1
path,1
stories,1
coincidence,1
seem,1
services,1
gone,1
dollars,1
rituals,1
skills,1
appropriate,1
down,1
healing,1
impetus,1
histories,1
current,1
differences,1
item,1
capacity,1
relating,1
striving,1
particularly,1
larger,1
deal,1
format,1
recruit,1
diverse,1
scheme,1
sup,1
end,1
everything,1
while,1
benefit,1
anyway,1
number,1
nurturing,1
products,1
perpetuating,1
jg,1
assistance,1
minimize,1
past,1
emotionally,1
particu,1
worn,1
country,1
collectively,1
living,1
evaluate,1
better,1
loose,1
mind,1
confrontational,1
racist,1
drinking,1
impression,1
ladies,1
mandated,1
gallivanting,1
available,1
let,1
manner,1
expressed,1
where,1
silence,1
unfulfilled,1
teachable,1
communicate,1
existing,1
racial,1
setting,1
implicit,1
whether,1
tionary,1
venue,1
answer,1
cannot,1
models,1
reserva,1
particular,1
dance,1
thin,1
appearing,1
con,1
noticeable,1
existence,1
suspect,1
arise,1
firmly,1
belief,1
apathy,1
books,1
taught,1
debate,1
conquer,1
leaving,1
sell,1
opposition,1
dream,1
deliver,1
structure,1
listen,1
content,1
creates,1
follows,1
complexity,1
near,1
scene,1
chair,1
patriarchal,1
saying,1
day,1
healthy,1
contemporary,1
aspects,1
desires,1
boys,1
struggling,1
local,1
keeping,1
assump,1
resident,1
lends,1
development,1
welcome,1
capable,1
ideal,1
politics,1
deem,1
port,1
encounter,1
hol,1
shared,1
cluster,1
cliques,1
spaces,1
compositions,1
intent,1
dialogue,1
mm,1
strengths,1
solely,1
functions,1
alter,1
depth,1
guaranteed,1
basis,1
move,1
start,1
deconstructing,1
magazine,1
fine,1
aligning,1
reunion,1
brought,1
thereby,1
lgbt,1
tastes,1
part,1
stifling,1
including,1
profoundly,1
far,1
sumed,1
films,1
tems,1
civil,1
volunteer,1
knowledge,1
apparent,1
ourbac,1
desirable,1
beer,1
develop,1
two,1
republic,1
nation,1
enter,1
supreme,1
grow,1
gender,1
interact,1
description,1
lies,1
outward,1
thriving,1
entirely,1
forged,1
plenty,1
whole,1
use,1
kids,1
strengthens,1
continuation,1
wm,1
unfortunately,1
contribute,1
convenience,1
force,1
demanding,1
during,1
abode,1
behavior,1
feminists,1
approach,1
causes,1
collective,1
challenges,1
using,1
framework,1
allows,1
issues,1
aims,1
segregation,1
rocked,1
hopeful,1
jjjjjuj,1
pack,1
reaching,1
engaged,1
midwestern,1
call,1
accessible,1
come,1
were,1
divided,1
bodied,1
sees,1
enlighten,1
away,1
provoking,1
sensibility,1
il,1
currency,1
garb,1
monetarily,1
movie,1
platform,1
tears,1
won,1
years,1
dynamics,1
status,1
quality,1
jrjs,1
media,1
disposal,1
clear,1
insights,1
clubs,1
against,1
beauty,1
sink,1
numerous,1
open,1
express,1
recognize,1
charge,1
outer,1
sustain,1
smiles,1
someone,1
wednesday,1
individual,1
least,1
include,1
although,1
normally,1
sense,1
good,1
viable,1
lifestyles,1
presented,1
ye,1
larly,1
diminish,1
summer,1
pay,1
documentaries,1
high,1
modeled,1
loving,1
attributes,1
friend,1
television,1
order,1
defined,1
contrast,1
forming,1
after,1
discourse,1
sexuality,1
joined,1
intimacy,1
expressing,1
distinct,1
semblance,1
items,1
relations,1
family,1
divisive,1
ships,1
talents,1
affluent,1
times,1
displays,1
patterns,1
explicit,1
jjj,1
ourfrflfttrft,1
offered,1
observation,1
consensus,1
supported,1
discrimination,1
few,1
endeavors,1
amount,1
imt,1
cripples,1
strongest,1
eyes,1
valuable,1
rii,1
pride,1
races,1
schedule,1
relation,1
research,1
suitable,1
politicize,1
latest,1
topics,1
effective,1
telling,1
involved,1
th,1
find,1
create,1
gestures,1
outset,1
up,1
y,1
progress,1
looks,1
even,1
communication,1
present,1
lessens,1
parameters,1
much,1
strong,1
furthermore,1
lunchroom,1
kid,1
helping,1
attend,1
beings,1
laurie,1
general,1
broader,1
meeting,1
questions,1
doing,1
achieve,1
inform,1
am,1
sisters,1
race,1
actions,1
rates,1
constrictive,1
restore,1
activities,1
stereotypes,1
behalf,1
anatomy,1
performing,1
society,1
separate,1
reigns,1
