WORDCOUNTS,WEIGHT
the,759
of,617
is,316
and,316
to,288
in,236
a,234
that,179
bacon,172
s,137
or,131
as,120
it,118
love,101
this,94
for,90
not,87
human,70
be,68
but,64
are,63
by,61
with,60
one,56
an,53
more,52
which,52
on,51
they,49
he,48
his,47
from,45
i,40
all,40
nature,38
good,36
eros,36
philosophy,35
life,34
there,32
have,32
has,31
at,30
we,29
what,29
than,28
its,27
way,26
may,26
also,26
science,26
new,25
if,24
case,24
man,24
see,24
no,23
things,23
most,21
will,21
says,21
does,20
first,20
mind,20
their,20
other,20
who,20
natural,20
them,20
death,19
would,19
being,18
project,18
about,18
thought,18
only,18
francis,18
can,18
press,18
c,18
political,17
joabin,17
university,17
so,17
works,17
religion,16
some,16
wisdom,16
then,16
understanding,15
been,15
when,15
beings,15
book,14
politics,14
review,14
such,14
since,14
even,14
bensalem,14
us,14
men,14
ibid,14
moral,14
novum,13
desire,13
possible,13
praise,13
make,13
fundamental,13
do,13
ancients,13
happiness,13
himself,12
something,12
great,12
thing,12
highest,12
organum,12
marriage,12
view,12
chap,12
ed,12
these,12
another,12
why,12
principle,12
virtue,12
chastity,11
motion,11
say,11
advancement,11
sense,11
matter,11
upon,11
while,11
bensalemite,10
condition,10
very,10
de,10
kind,10
atlantis,10
active,10
means,10
was,10
lust,10
important,10
into,10
work,10
knowledge,10
world,10
fact,10
fable,10
strauss,10
itself,10
any,10
problem,10
chicago,10
true,9
speech,9
account,9
point,9
spinoza,9
learning,9
b,9
section,9
atom,9
paragraph,9
had,9
found,9
passions,9
cannot,9
however,9
because,9
part,9
own,9
least,9
indeed,9
two,9
cupid,9
european,9
understand,9
according,9
form,9
through,9
phenomenon,9
question,9
ultimately,9
essays,8
modern,8
character,8
passion,8
t,8
tribute,8
always,8
out,8
though,8
well,8
christianity,8
elizabeth,8
therefore,8
yet,8
makes,8
many,8
perhaps,8
like,8
general,8
after,8
between,8
lucretius,8
now,7
meaning,7
give,7
plato,7
perfect,7
reason,7
just,7
reflections,7
individual,7
related,7
scientific,7
oxford,7
god,7
affections,7
law,7
toward,7
treatment,7
less,7
nothing,7
where,7
immortality,7
different,7
believe,7
need,7
pools,6
second,6
every,6
defects,6
utopia,6
speeches,6
those,6
somewhat,6
laws,6
thus,6
virtues,6
cf,6
self,6
error,6
rather,6
baconian,6
soul,6
consider,6
atheism,6
example,6
civil,6
solution,6
order,6
progress,6
still,6
end,6
discussion,6
made,6
three,6
essay,6
someone,6
wise,6
hope,6
must,6
bensalemites,6
here,6
sure,6
extent,6
both,6
fortitude,6
our,6
false,6
cambridge,6
course,6
you,6
much,6
should,6
final,5
deny,5
trans,5
worthy,5
deepest,5
satisfied,5
conquest,5
before,5
my,5
long,5
last,5
truth,5
king,5
saying,5
sexual,5
right,5
married,5
against,5
ancient,5
adam,5
marital,5
understood,5
hopes,5
how,5
goes,5
thinks,5
path,5
pure,5
having,5
weinberger,5
people,5
institution,5
feast,5
hidden,5
approach,5
below,5
proper,5
cosmological,5
interpretation,5
friendship,5
already,5
shows,5
explicitly,5
greatest,5
affection,5
morality,5
eve,5
him,5
faith,5
relation,5
augmentis,5
tirsan,5
primarily,5
known,5
dionysus,5
best,5
universal,5
far,5
better,5
person,5
whether,5
desires,5
suggests,5
pain,5
superstition,5
odysseus,5
argument,5
themselves,5
fertile,4
later,4
estate,4
tion,4
europeans,4
affected,4
alone,4
ultimate,4
kinds,4
cynical,4
xenophon,4
permitted,4
experience,4
consistent,4
might,4
attempt,4
seems,4
follows,4
able,4
take,4
kennington,4
side,4
difficulties,4
pursuit,4
convention,4
defense,4
response,4
longing,4
york,4
essential,4
moreover,4
greater,4
root,4
lead,4
could,4
ambition,4
instauration,4
situation,4
let,4
philosophic,4
relief,4
whole,4
genuine,4
away,4
believes,4
engagement,4
heidegger,4
eternal,4
eternity,4
above,4
once,4
whose,4
same,4
social,4
affec,4
name,4
put,4
idea,4
preserve,4
hobbes,4
reasons,4
present,4
number,4
illusion,4
pleasure,4
examination,4
clear,4
pride,4
preservation,4
queen,4
behind,4
christian,4
fear,4
reasonable,4
ordinary,4
seen,4
inadequate,4
try,4
needs,4
did,4
passage,4
investigation,4
statement,4
her,4
up,4
democritus,4
offer,4
views,4
traditional,4
minds,4
among,4
seek,4
suggested,3
perfection,3
per,3
complex,3
friends,3
scientist,3
women,3
else,3
hence,3
provisional,3
degree,3
action,3
possibilities,3
blind,3
delusion,3
precisely,3
within,3
confused,3
filum,3
chapter,3
richard,3
obvious,3
realistic,3
promises,3
narrator,3
goal,3
bodily,3
divine,3
old,3
envy,3
truly,3
find,3
citizen,3
minkov,3
without,3
affairs,3
basic,3
connected,3
turn,3
similar,3
certain,3
leaves,3
white,3
awareness,3
nor,3
sick,3
clearly,3
latin,3
spirit,3
n,3
age,3
show,3
appear,3
based,3
rule,3
search,3
called,3
your,3
hath,3
possibility,3
charity,3
claim,3
future,3
aristotle,3
next,3
event,3
peak,3
distinguished,3
impossible,3
core,3
generally,3
wife,3
passive,3
likely,3
role,3
happy,3
drama,3
outlet,3
nietzsche,3
object,3
whatever,3
judgment,3
indicates,3
evil,3
technology,3
contemplation,3
dialectical,3
considers,3
others,3
efforts,3
speaks,3
lives,3
reasoning,3
everything,3
rhetoric,3
ground,3
derivative,3
answer,3
necessary,3
practice,3
couple,3
books,3
gives,3
concern,3
were,3
theoretical,3
open,3
magnanimity,3
aware,3
points,3
evils,3
fidelity,3
provides,3
never,3
satisfy,3
become,3
effect,3
hume,3
principiis,3
suggest,3
practical,3
begin,3
becomes,3
tive,3
nakedness,3
satisfaction,3
respect,3
conservation,3
comes,3
loving,3
dimension,3
over,3
bk,3
labyrinthi,3
argue,3
merely,3
want,3
bodies,3
naked,3
peace,3
altogether,3
turns,3
itical,3
com,3
conventional,3
substance,3
allows,3
pol,3
think,3
tions,3
come,3
finally,3
d,3
regime,3
treats,3
fears,3
element,3
technological,3
famous,3
intimately,2
reactive,2
go,2
superiority,2
rate,2
doubts,2
ethics,2
common,2
elite,2
liberating,2
introduction,2
stands,2
utility,2
ma,2
live,2
motivation,2
rewards,2
sensed,2
considerations,2
child,2
motive,2
protection,2
fixed,2
history,2
cornell,2
remedy,2
smile,2
thematic,2
chief,2
turning,2
highlight,2
anything,2
overcoming,2
philosophers,2
certainly,2
quoting,2
ourselves,2
words,2
definition,2
friendly,2
divinity,2
principles,2
europe,2
assertion,2
suggesting,2
sociality,2
transferred,2
closer,2
court,2
room,2
strength,2
state,2
stopped,2
system,2
issue,2
fortune,2
con,2
takes,2
resembles,2
procreation,2
capacity,2
custom,2
prior,2
howard,2
leo,2
enforcement,2
shame,2
moderation,2
theology,2
terminus,2
doth,2
fine,2
mistakenly,2
anticipated,2
acquires,2
sign,2
gravity,2
upheld,2
virginity,2
lover,2
utopian,2
reputation,2
interest,2
ut,2
raises,2
objection,2
regarded,2
pdf,2
rank,2
elements,2
times,2
monist,2
concerning,2
contrary,2
ithaca,2
lovable,2
difficulty,2
single,2
ness,2
valerius,2
obscure,2
mad,2
preserving,2
critique,2
apparently,2
weakness,2
infinite,2
ment,2
higher,2
surprisingly,2
adequate,2
added,2
rousseau,2
bring,2
l,2
destroy,2
essence,2
sum,2
stop,2
doctrine,2
proud,2
presentation,2
ch,2
tranquility,2
masque,2
leave,2
direct,2
feel,2
praiser,2
moves,2
needless,2
objects,2
motions,2
benefits,2
debunking,2
imitation,2
argued,2
too,2
four,2
beyond,2
represent,2
asks,2
presupposition,2
opinion,2
dc,2
rerum,2
arrival,2
begun,2
access,2
serene,2
initial,2
further,2
fables,2
urgent,2
sympathetically,2
fulfillment,2
off,2
appears,2
promise,2
otherwise,2
energy,2
scientiarum,2
premise,2
method,2
aspiration,2
directly,2
unless,2
distinctively,2
discusses,2
explains,2
prin,2
secret,2
nation,2
older,2
pan,2
personal,2
pesic,2
rage,2
sting,2
either,2
natures,2
occasion,2
catholic,2
discourse,2
quite,2
sake,2
heat,2
openly,2
calling,2
few,2
highly,2
amor,2
essentially,2
und,2
marry,2
finds,2
activities,2
avoid,2
society,2
f,2
led,2
minor,2
elimination,2
again,2
play,2
return,2
innocence,2
dread,2
experiences,2
echo,2
religious,2
tends,2
direction,2
arrangements,2
sex,2
unattainable,2
place,2
neither,2
insanity,2
light,2
speaking,2
rise,2
revenge,2
worst,2
power,2
conceived,2
similarly,2
intellect,2
release,2
causality,2
longer,2
consideration,2
nonscientific,2
originibus,2
time,2
governed,2
larger,2
classical,2
john,2
forms,2
enough,2
hand,2
superstitions,2
non,2
shown,2
ing,2
free,2
local,2
moderns,2
disease,2
treated,2
writings,2
including,2
herself,2
expression,2
use,2
engaging,2
ideas,2
questions,2
processes,2
trust,2
raising,2
sees,2
directed,2
clue,2
sed,2
keep,2
features,2
dry,2
longings,2
comforts,2
promotion,2
especially,2
trying,2
qualities,2
rhetorical,2
saw,2
sailing,2
species,2
justice,2
socrates,2
modification,2
me,2
adultery,2
raise,2
continued,2
impressive,2
recognizes,2
phaedrus,2
timid,2
yale,2
festival,2
philosopher,2
transformation,2
examine,2
expectations,2
analysis,2
creatures,2
citizens,2
face,2
problematic,2
sound,2
considered,2
fertility,2
punished,2
memorabilia,2
liked,2
natura,2
associated,2
preface,2
conclusion,2
satisfying,2
useful,2
know,2
anglicanism,2
tendencies,2
each,2
paper,2
nobility,2
setting,2
illnesses,2
faulkner,2
followers,2
foundation,2
ladder,2
job,2
perfectly,2
examining,2
living,2
places,2
faithfully,2
following,2
attain,2
terms,2
namely,2
mere,2
loved,2
attaining,2
appetite,2
wanton,2
psychology,2
emphasis,2
atoms,2
freedom,2
popular,2
intention,2
preserved,2
trivial,2
voice,2
ill,2
thereby,2
conclude,2
republic,2
step,2
preposterous,2
arguments,2
amorosus,2
aspect,2
proceeds,2
voegelin,2
devoted,2
argues,2
washington,2
explanation,2
sempiternal,2
opinions,2
helps,2
atque,2
remains,2
folly,2
comparison,2
am,2
passages,2
intimates,2
early,2
puts,2
characters,2
given,2
ends,2
doing,2
customs,2
serenity,2
dissertation,1
dogmas,1
difficult,1
narily,1
ments,1
superstitious,1
frail,1
tame,1
inward,1
amplify,1
produces,1
dominating,1
bride,1
polish,1
aphorism,1
tudes,1
commentary,1
entities,1
pull,1
supersedes,1
tice,1
immune,1
impossibility,1
created,1
praised,1
righteous,1
fulgentio,1
giorgio,1
dangers,1
unfounded,1
career,1
whereunto,1
deduced,1
extend,1
genuineness,1
episodes,1
asleep,1
misery,1
calm,1
e,1
unbiased,1
allegory,1
prudent,1
entirely,1
church,1
pill,1
steeped,1
group,1
becoming,1
fascinate,1
large,1
american,1
replaced,1
partially,1
bathe,1
therewith,1
confidence,1
whereof,1
immoderate,1
properly,1
maketh,1
designed,1
worthier,1
precede,1
vickers,1
songs,1
referring,1
pales,1
repel,1
authority,1
reac,1
lectics,1
salvation,1
english,1
h,1
heroical,1
approaches,1
unwholesome,1
easily,1
remaineth,1
mit,1
attrac,1
conscious,1
eminence,1
odyssey,1
perfecting,1
unnatural,1
trace,1
seem,1
justified,1
necessarily,1
presents,1
unlike,1
charitable,1
refers,1
observing,1
tells,1
shrunken,1
praetulit,1
husbands,1
ransoms,1
exceptions,1
mortality,1
attractiveness,1
leipzig,1
source,1
prac,1
diversity,1
amongst,1
switches,1
suam,1
negative,1
schocken,1
said,1
painful,1
notre,1
cast,1
paterson,1
monogamous,1
www,1
unerotic,1
failing,1
modest,1
adversity,1
preceding,1
creation,1
roman,1
neled,1
exclusive,1
greatness,1
interested,1
individualist,1
years,1
attempts,1
mysterious,1
onlovers,1
obliviousness,1
feeling,1
refusal,1
humans,1
straightforwardly,1
asserts,1
absurd,1
rational,1
needful,1
advanced,1
departure,1
experiments,1
bloomington,1
hatched,1
amoral,1
furnace,1
handling,1
shaped,1
height,1
bred,1
thraldom,1
lurking,1
broadly,1
together,1
accompanied,1
enduring,1
sein,1
simple,1
confusion,1
compounds,1
indefinite,1
pressed,1
disgust,1
producing,1
studied,1
government,1
proves,1
link,1
transforms,1
ph,1
concludes,1
subdued,1
uncovered,1
expense,1
grip,1
reproduction,1
help,1
judging,1
depress,1
vegetation,1
faithful,1
shudder,1
loose,1
infi,1
infinitely,1
improving,1
manipulating,1
soberly,1
trouble,1
greatly,1
sacred,1
henry,1
doc,1
robert,1
gifts,1
opposite,1
physical,1
tamed,1
reading,1
ambiguous,1
signs,1
checked,1
dissolved,1
grievous,1
phaedo,1
context,1
essences,1
courage,1
negatives,1
gloriana,1
slip,1
est,1
empty,1
refute,1
mutetur,1
suspect,1
facticity,1
lest,1
htrp,1
slanted,1
key,1
formulation,1
sophize,1
propensity,1
primary,1
tal,1
u,1
america,1
bewitched,1
cated,1
rests,1
generates,1
retain,1
abhor,1
vol,1
anticipation,1
inner,1
felt,1
desist,1
tentive,1
determined,1
logical,1
delivers,1
pre,1
bloom,1
temperance,1
pleasant,1
intractable,1
worthi,1
drive,1
april,1
solely,1
mutual,1
alter,1
worry,1
move,1
flourishes,1
unsuccessfully,1
epistle,1
mastery,1
emile,1
barry,1
dolours,1
mental,1
doctrinal,1
philosophizing,1
desired,1
except,1
scorn,1
regards,1
biblical,1
recollects,1
classics,1
eliminating,1
panic,1
conception,1
indig,1
desirable,1
literal,1
apply,1
along,1
representing,1
fices,1
irrational,1
loves,1
letter,1
dignity,1
exalting,1
prevented,1
engage,1
treatise,1
liberated,1
philo,1
thinkers,1
expecting,1
harmony,1
hegel,1
attract,1
pursuing,1
corresponding,1
singled,1
interestingly,1
density,1
ciples,1
clergy,1
restraint,1
chapters,1
includes,1
throughout,1
fun,1
adulteries,1
development,1
quality,1
extinguished,1
bent,1
due,1
continuance,1
september,1
assumes,1
magic,1
unpublished,1
silent,1
g,1
integral,1
nuptial,1
reflection,1
barous,1
ease,1
precise,1
moment,1
dia,1
proteus,1
relations,1
consolation,1
occurs,1
labyrinth,1
dame,1
adams,1
bashful,1
madness,1
jr,1
alphabet,1
sinclair,1
topic,1
praising,1
conundrum,1
judged,1
dis,1
phenomenology,1
maintaining,1
unhappiness,1
ution,1
perspective,1
zeal,1
moralistic,1
intercourse,1
profound,1
back,1
body,1
simplest,1
infinity,1
modernity,1
six,1
subordinate,1
cant,1
young,1
repress,1
allowing,1
ally,1
left,1
salomon,1
third,1
frailty,1
despair,1
fourth,1
estimate,1
destroys,1
mechanical,1
compare,1
veil,1
momentary,1
invert,1
withal,1
explore,1
savvy,1
strikes,1
journal,1
look,1
practically,1
details,1
unpub,1
deeply,1
gest,1
chimera,1
savage,1
hardly,1
chan,1
acknowledge,1
bines,1
quiet,1
adversary,1
finishes,1
incidental,1
severally,1
mechanism,1
newer,1
stant,1
awkward,1
seventh,1
permits,1
loyal,1
steps,1
opposed,1
poor,1
thinker,1
hey,1
recovers,1
town,1
metanexus,1
deviations,1
nonpolitical,1
air,1
thales,1
assuage,1
devastating,1
dimittis,1
proem,1
growth,1
divination,1
negatively,1
ways,1
main,1
ence,1
respectful,1
inquiring,1
sort,1
mediocrities,1
ascent,1
posits,1
appreciation,1
enon,1
myself,1
process,1
bond,1
aesthetically,1
knew,1
nijhoff,1
parents,1
suffer,1
examined,1
outward,1
plicated,1
earlier,1
supplement,1
inquiry,1
ponder,1
parts,1
doubted,1
hippocrates,1
montesquieu,1
special,1
revelation,1
spectators,1
lay,1
irreducibility,1
sermo,1
productive,1
aestheticism,1
osophy,1
obedience,1
supposed,1
consistency,1
troublesome,1
guides,1
pleasures,1
inanimate,1
indispensable,1
reinterpretation,1
references,1
straits,1
awake,1
utterly,1
analogous,1
acquisition,1
sessed,1
matism,1
bad,1
consultation,1
appar,1
ation,1
sorts,1
colonialism,1
encourages,1
exaltation,1
antidote,1
perfective,1
prepares,1
attends,1
bit,1
disappointment,1
exciting,1
intrinsically,1
elsewhere,1
driven,1
edition,1
gradually,1
distracts,1
house,1
preoccupation,1
shore,1
envisages,1
commonly,1
acknowledges,1
fashioned,1
max,1
pinnacle,1
additional,1
origins,1
rationally,1
powerful,1
depend,1
encouragement,1
wondering,1
lifelong,1
exceed,1
avert,1
eclipses,1
problems,1
impotence,1
instance,1
disenchanting,1
mo,1
m,1
pity,1
dren,1
admiration,1
plausibly,1
funda,1
naturwissenschaft,1
schematism,1
nite,1
union,1
opening,1
exacerbate,1
uses,1
result,1
advance,1
remembered,1
acceptable,1
laid,1
columbia,1
concentration,1
questioned,1
allow,1
bearing,1
zeit,1
intelligibility,1
scientifically,1
appearance,1
medicine,1
train,1
demise,1
traditionally,1
hav,1
deflowering,1
sequel,1
infertility,1
p,1
elicit,1
temptation,1
treatments,1
speaker,1
ambiguity,1
effort,1
embracing,1
lived,1
strictest,1
secularized,1
deal,1
demands,1
countenance,1
bitterness,1
rebirth,1
compassion,1
primacy,1
radical,1
bind,1
accommodations,1
perpetuating,1
amusing,1
sensible,1
emerge,1
reactionary,1
attenuated,1
philosophical,1
fuel,1
ceived,1
advouteries,1
evaluate,1
brothels,1
compute,1
mist,1
blurrier,1
lose,1
furthermore,1
taming,1
equal,1
buried,1
war,1
stock,1
pursued,1
mate,1
drives,1
ashamed,1
separateness,1
treat,1
afforded,1
absorption,1
recently,1
population,1
produced,1
persons,1
sentence,1
intensity,1
minent,1
notes,1
farrington,1
excellent,1
seth,1
presen,1
intertwined,1
placed,1
hypothetical,1
tension,1
philosophizes,1
approached,1
required,1
near,1
scene,1
impression,1
memory,1
briefly,1
conceit,1
aspects,1
restlessly,1
nichols,1
almost,1
rescues,1
indiscretions,1
basis,1
diminution,1
r,1
underpopulation,1
line,1
correctly,1
modesty,1
used,1
fearful,1
sanction,1
tactlessly,1
pitiless,1
anachronistically,1
ordi,1
qualifications,1
carries,1
preferred,1
dissatisfaction,1
invisible,1
reader,1
concept,1
prominent,1
prompted,1
leads,1
stake,1
smartest,1
differ,1
restrain,1
uncover,1
hereditary,1
purpose,1
denial,1
calls,1
esp,1
clearer,1
confined,1
indefi,1
penetrating,1
thoughts,1
positions,1
surprise,1
loss,1
bible,1
continuation,1
begins,1
frisky,1
fail,1
issues,1
prostitu,1
reduces,1
subtly,1
des,1
nonreductionist,1
falling,1
discovereth,1
perishable,1
friend,1
lanham,1
noblest,1
giveth,1
call,1
transported,1
forces,1
triumphs,1
accord,1
corollary,1
employed,1
entails,1
showing,1
philosophically,1
won,1
interpreted,1
vicissi,1
miss,1
endorsement,1
contempla,1
polity,1
drug,1
towards,1
spouses,1
lifeworld,1
irreproachable,1
garb,1
subtle,1
preceded,1
tenuity,1
beneficial,1
running,1
continence,1
cendant,1
correct,1
pates,1
describing,1
fulfilled,1
hard,1
sharper,1
corresponds,1
nlawful,1
negligible,1
cold,1
lowest,1
demystifying,1
conquers,1
compli,1
stage,1
defec,1
interlopes,1
icatory,1
whirlwind,1
wrong,1
reaches,1
exclude,1
nearest,1
night,1
emerging,1
mechan,1
indictment,1
objec,1
sufficient,1
shapes,1
imagines,1
driving,1
pregnant,1
ibility,1
concerns,1
disposition,1
descendant,1
choose,1
revealing,1
starting,1
transfer,1
tation,1
brought,1
fosters,1
sharpen,1
secrecy,1
isn,1
colours,1
froward,1
endued,1
telling,1
wisely,1
heraclitus,1
fashions,1
characterizes,1
pleasing,1
hamann,1
cosmology,1
endeavourfs,1
dim,1
results,1
correspondence,1
rowman,1
vent,1
roots,1
mischief,1
excise,1
plausible,1
animate,1
childless,1
appropriate,1
criti,1
value,1
makings,1
monarchy,1
moved,1
settle,1
bess,1
massive,1
enjoy,1
reducing,1
promising,1
behalf,1
content,1
phi,1
conceal,1
inspection,1
transforming,1
portion,1
kant,1
interposes,1
originally,1
extre,1
investigating,1
arrangement,1
istic,1
chains,1
ceremonial,1
nonetheless,1
absence,1
practices,1
protecting,1
various,1
mantuanus,1
universi,1
letters,1
strictures,1
littlefield,1
identified,1
jupiter,1
economic,1
logically,1
giving,1
separation,1
distorted,1
die,1
launch,1
salvific,1
resisted,1
disparagement,1
analogue,1
limited,1
description,1
notoriously,1
appreciate,1
inclusive,1
indicated,1
drops,1
exception,1
brings,1
upward,1
forbidden,1
breath,1
innocently,1
supplementing,1
converted,1
formative,1
epicurean,1
expanded,1
got,1
standing,1
anima,1
initially,1
reforming,1
seamark,1
movement,1
sighted,1
expectation,1
suppose,1
trinal,1
disappears,1
theologians,1
positive,1
ebullient,1
frank,1
effectually,1
coherence,1
prolongation,1
erotic,1
springs,1
criticism,1
quenched,1
floods,1
immersions,1
repressive,1
represents,1
complication,1
deus,1
read,1
cor,1
misunderstand,1
cowardly,1
serve,1
discussions,1
seeing,1
under,1
plative,1
exposure,1
management,1
charmides,1
achieve,1
earned,1
posture,1
eminently,1
enigmatic,1
abandon,1
teaching,1
performed,1
sharply,1
nunc,1
outlined,1
lament,1
insights,1
odds,1
visitors,1
lucretianism,1
departing,1
department,1
reports,1
denis,1
finitely,1
goodness,1
meditationes,1
bar,1
springeth,1
maintained,1
catering,1
stones,1
gotten,1
inat,1
persuasive,1
tries,1
corporeal,1
comprehend,1
dire,1
critiques,1
recall,1
attacks,1
temporarily,1
stated,1
rationalism,1
mentions,1
purely,1
selfish,1
admirable,1
presuming,1
punish,1
approaching,1
knowing,1
cable,1
procured,1
slavery,1
mindedness,1
addition,1
experienced,1
sup,1
water,1
gentle,1
smith,1
missing,1
erasmus,1
ciple,1
monism,1
traceable,1
invariable,1
limit,1
insatiable,1
scholars,1
endless,1
et,1
materialist,1
beliefs,1
ought,1
silently,1
abstract,1
attempting,1
disturbed,1
ble,1
uncharacteristically,1
enable,1
grave,1
really,1
angry,1
oneself,1
chaste,1
warning,1
eric,1
penned,1
susceptible,1
faults,1
image,1
harmoniously,1
remain,1
doubt,1
dull,1
arguably,1
sentimentality,1
thwarting,1
serious,1
animateth,1
channel,1
delities,1
beforehand,1
readers,1
took,1
leviathan,1
throwing,1
fame,1
phaenomena,1
determi,1
fuels,1
premarital,1
discussing,1
reform,1
existing,1
aiming,1
amaror,1
armed,1
eous,1
unclear,1
chil,1
forth,1
deep,1
woman,1
preparation,1
dispel,1
vigour,1
conquer,1
monsensically,1
presuppose,1
inconsistency,1
reconciled,1
remarkably,1
defuse,1
elevation,1
emberley,1
reginald,1
violent,1
fight,1
emissaries,1
sir,1
published,1
fundamentally,1
apt,1
lofty,1
ignored,1
nutrition,1
mythic,1
orgcmum,1
indiana,1
loftier,1
discovery,1
doomed,1
accompanying,1
gradu,1
forced,1
represented,1
sides,1
formal,1
revive,1
transformed,1
delicate,1
anticipatorily,1
translation,1
hightly,1
looking,1
agesilaus,1
finding,1
recover,1
identity,1
attributed,1
heath,1
agamben,1
denies,1
significant,1
unstated,1
characteristically,1
misled,1
assumption,1
prospective,1
affects,1
nude,1
band,1
dances,1
briggs,1
harvard,1
curb,1
net,1
garrett,1
real,1
continue,1
merit,1
levity,1
ontology,1
previous,1
office,1
advantages,1
theories,1
nevertheless,1
etulam,1
described,1
ently,1
auferatur,1
braves,1
rejected,1
npt,1
low,1
antimoral,1
corrupted,1
earth,1
comprehensive,1
language,1
benardete,1
agreement,1
phil,1
sustain,1
decorated,1
victory,1
peter,1
urge,1
disappointed,1
faces,1
savior,1
anxious,1
held,1
wits,1
symposium,1
physics,1
ellis,1
ny,1
pos,1
spread,1
function,1
summer,1
vented,1
fr,1
high,1
leanings,1
socratic,1
serves,1
alism,1
stages,1
lie,1
perhibent,1
practiced,1
descartes,1
improved,1
offense,1
standard,1
pangle,1
thomas,1
latter,1
morals,1
imagination,1
spent,1
consist,1
conclusions,1
enlightenment,1
imaginative,1
study,1
eyes,1
often,1
sensuality,1
adduce,1
experiencing,1
sight,1
epistemology,1
hits,1
remembers,1
pro,1
exactly,1
incompatible,1
anderson,1
mean,1
structure,1
cognition,1
v,1
reasonableness,1
oak,1
seeking,1
probably,1
directs,1
story,1
gaukroger,1
equivalent,1
inde,1
copyright,1
cruel,1
chrono,1
losophers,1
manners,1
eclogues,1
annoyance,1
haven,1
tendency,1
seduction,1
attend,1
jerry,1
embodied,1
darker,1
vain,1
attention,1
hassing,1
hague,1
homogenizingly,1
hopeless,1
attended,1
examines,1
separate,1
intermixed,1
culmination,1
model,1
foolishly,1
panting,1
carried,1
consists,1
aspirations,1
suggestion,1
liberalism,1
monstrous,1
relationship,1
aid,1
lovers,1
note,1
tentative,1
richest,1
sche,1
she,1
lot,1
independent,1
mixture,1
assert,1
sometimes,1
chance,1
shameful,1
plays,1
naturally,1
spedding,1
obtained,1
sol,1
claimed,1
pieces,1
spouse,1
suffice,1
fixing,1
logan,1
signifi,1
baconians,1
modified,1
corollaries,1
progressively,1
force,1
began,1
worse,1
proposition,1
requests,1
nay,1
relevant,1
indicate,1
ishability,1
rectly,1
paves,1
volumes,1
serpentine,1
introductory,1
sinful,1
arts,1
extra,1
infidelity,1
fall,1
philosophies,1
lion,1
mysteriously,1
disagrees,1
enforced,1
types,1
fields,1
assigns,1
elder,1
get,1
fraternity,1
repressed,1
combines,1
sailors,1
missouri,1
meant,1
sometime,1
matters,1
founders,1
claims,1
suf,1
sections,1
scientists,1
vigor,1
share,1
procceeds,1
seriously,1
wars,1
variable,1
shadow,1
rarely,1
judgments,1
singular,1
believed,1
relate,1
blemish,1
lished,1
redemption,1
figurehead,1
humane,1
exorbitant,1
heathen,1
detachment,1
simply,1
constituted,1
officially,1
firmaments,1
univesity,1
questionableness,1
bending,1
continues,1
theme,1
implied,1
cupiditas,1
stephen,1
offered,1
observation,1
constructed,1
echoes,1
aspire,1
extinguishes,1
besides,1
md,1
preserves,1
doi,1
willows,1
text,1
fundamen,1
sciences,1
sustained,1
established,1
set,1
plutarch,1
locke,1
dualism,1
dissem,1
excess,1
quench,1
martinus,1
familiar,1
deficiencies,1
dare,1
sheep,1
stron,1
ded,1
steven,1
worth,1
inclined,1
yearns,1
connection,1
antici,1
arrange,1
pragmatic,1
cupids,1
printed,1
daily,1
half,1
determination,1
regard,1
loyalty,1
draws,1
deliberately,1
ennoble,1
metaphysics,1
plague,1
obviously,1
speculation,1
circuitous,1
rely,1
goods,1
attractions,1
appreciative,1
cultivation,1
build,1
deserving,1
svetozar,1
expel,1
consciousness,1
immor,1
masters,1
impracti,1
catalogue,1
animal,1
beginning,1
cal,1
william,1
augustine,1
born,1
purchase,1
enjoyment,1
casting,1
reign,1
phenom,1
implicit,1
ulti,1
stability,1
list,1
making,1
dislike,1
particular,1
allowance,1
flames,1
armies,1
cuckol,1
theory,1
grief,1
microcosm,1
egg,1
tending,1
utilitarian,1
prudence,1
exacerbation,1
foundations,1
remedies,1
mandated,1
healthy,1
examin,1
studying,1
divide,1
mechanistic,1
property,1
virgins,1
canticle,1
hopefulness,1
blages,1
contain,1
angelical,1
exempt,1
thematically,1
sweetest,1
welcome,1
unreasonable,1
agreeable,1
burden,1
stern,1
illusory,1
remember,1
presented,1
bittersweet,1
little,1
preferable,1
confirm,1
procure,1
incompat,1
concessions,1
subject,1
song,1
measure,1
cupidity,1
obtain,1
inclines,1
ever,1
mention,1
aims,1
crew,1
gain,1
deflects,1
sists,1
refutation,1
reducible,1
damentally,1
prepared,1
civilizational,1
named,1
pray,1
wholes,1
spells,1
molesworth,1
sickness,1
piety,1
spring,1
unable,1
reveals,1
amanuensis,1
righteousness,1
monsters,1
functions,1
deepening,1
philos,1
contract,1
immortalitati,1
repeals,1
opens,1
jew,1
strikingly,1
grant,1
evasions,1
accept,1
harm,1
planck,1
sufferings,1
wish,1
insight,1
joined,1
terrors,1
instead,1
detached,1
lilly,1
magnitudes,1
cooper,1
nonphilosophers,1
usa,1
absorbs,1
provided,1
clearest,1
sanctum,1
states,1
disintegrated,1
effects,1
prosperity,1
exclusions,1
irrrational,1
voluntary,1
area,1
instinct,1
sexuality,1
ipherally,1
blinded,1
association,1
definitive,1
respective,1
restored,1
inclination,1
thousand,1
drift,1
potential,1
removed,1
materialism,1
certainty,1
tality,1
attending,1
leaveth,1
mccarthy,1
disaster,1
reached,1
stemming,1
enterprise,1
texts,1
ophy,1
severely,1
stormy,1
souls,1
immediately,1
glance,1
strong,1
uk,1
recent,1
detection,1
curmudgeonly,1
romanticists,1
broader,1
unify,1
tragic,1
happiest,1
major,1
contem,1
discern,1
deeper,1
perpetual,1
gold,1
assem,1
