WORDCOUNTS,WEIGHT
the,843
of,601
and,279
in,272
to,245
a,181
was,141
that,134
love,134
irish,124
as,88
this,77
s,76
history,75
it,72
with,71
his,69
by,68
he,67
on,67
for,61
massacre,61
had,60
from,59
ireland,58
rebellion,58
tcd,53
is,53
mss,52
but,51
an,50
be,46
fol,43
such,41
which,41
been,41
what,39
were,38
have,37
at,34
historical,33
not,30
dublin,29
walter,29
one,28
century,28
its,28
or,28
there,26
protestant,26
has,24
their,24
study,24
they,23
i,23
all,22
are,22
would,21
studies,20
memory,20
catholic,20
more,20
past,20
some,19
bloody,18
also,18
these,18
john,18
subject,18
papers,17
most,17
could,17
historians,17
them,17
writing,17
might,16
who,16
college,15
into,15
events,15
so,15
historiography,14
depositions,14
part,14
about,14
reality,14
other,14
trinity,14
o,13
nature,13
than,13
no,13
war,13
work,13
london,13
happened,13
time,13
while,13
between,13
american,12
university,12
two,12
contemporary,12
historiographical,12
significance,12
both,12
question,12
burke,11
how,11
catholics,11
out,11
published,11
gibney,11
scientific,11
book,11
material,11
any,11
did,11
little,11
protestants,11
early,11
if,10
nineteenth,10
t,10
actually,10
project,10
new,10
do,10
manner,10
can,10
seventeenth,10
historian,10
terms,10
intended,10
debate,10
attempt,9
tradition,9
british,9
point,9
sectarian,9
interest,9
well,9
massacres,9
j,9
article,9
curry,9
d,9
much,9
english,8
modern,8
seems,8
october,8
fols,8
unpublished,8
even,8
myths,8
own,8
thesis,8
ed,8
only,8
social,8
bottigheimer,8
eighteenth,8
moody,8
story,8
often,8
centuries,8
itself,8
then,8
over,8
works,8
became,8
first,7
england,7
ulster,7
those,7
obvious,7
cambridge,7
may,7
library,7
w,7
edmund,7
though,7
civil,7
settlement,7
event,7
up,7
antiquarian,7
under,7
attempting,7
present,7
number,7
another,7
writings,7
froude,7
like,7
after,7
latter,7
we,7
accounts,7
very,7
draft,7
later,6
second,6
before,6
contested,6
amongst,6
vols,6
committed,6
lecky,6
key,6
laws,6
against,6
kind,6
consequently,6
rather,6
too,6
philosophical,6
cultural,6
unfinished,6
issues,6
collective,6
people,6
research,6
methodological,6
crime,6
indeed,6
again,6
inevitably,6
see,6
upon,6
three,6
him,6
men,6
examine,6
when,6
considered,6
existence,6
temple,6
print,6
william,6
making,6
manuscripts,6
come,6
aware,6
remains,6
broader,6
does,5
way,5
myth,5
true,5
being,5
state,5
influences,5
sought,5
account,5
cromwellian,5
far,5
inevitable,5
left,5
jones,5
york,5
dealt,5
certain,5
awareness,5
barbarous,5
argued,5
histories,5
late,5
equally,5
same,5
however,5
because,5
long,5
whitehead,5
leland,5
settlers,5
wrote,5
surviving,5
rebellions,5
religious,5
allegations,5
yet,5
interpretation,5
many,5
death,5
great,5
perhaps,5
remained,5
original,5
utilised,5
david,5
course,5
thomas,5
written,5
usually,5
remembrance,5
life,5
simply,5
know,5
problem,5
church,5
notes,5
twentieth,5
write,5
c,5
should,5
penal,5
complex,4
h,4
something,4
experience,4
certainly,4
attempts,4
official,4
government,4
atrocities,4
political,4
california,4
case,4
issue,4
occasional,4
task,4
right,4
conception,4
along,4
himself,4
review,4
since,4
objective,4
perspective,4
corkery,4
traditions,4
across,4
importance,4
presumably,4
section,4
objectivity,4
origins,4
beyond,4
royal,4
based,4
rule,4
culture,4
academic,4
possibility,4
influenced,4
brought,4
whole,4
used,4
broad,4
justification,4
least,4
sense,4
world,4
seemed,4
society,4
will,4
polemical,4
make,4
ask,4
communities,4
read,4
ancient,4
rise,4
outbreak,4
others,4
put,4
fact,4
conor,4
debates,4
never,4
ages,4
enough,4
took,4
karl,4
day,4
sir,4
made,4
brady,4
vexing,4
largely,4
virtually,4
described,4
versions,4
authors,4
especially,4
become,4
henry,4
provide,4
why,4
colonists,4
text,4
just,4
passage,4
scholarly,4
particular,4
theory,4
version,4
despite,4
using,4
national,4
typescript,4
you,4
charles,4
potential,4
themselves,4
given,4
concerned,3
meaning,3
truth,3
formed,3
unwritten,3
arrived,3
hence,3
every,3
discerned,3
broadly,3
unionist,3
thank,3
potentially,3
kingdom,3
barnard,3
alfred,3
dr,3
vol,3
possible,3
eventual,3
author,3
remembering,3
back,3
unresolved,3
journal,3
look,3
critique,3
details,3
occasion,3
according,3
oxford,3
go,3
whose,3
essential,3
ostensibly,3
represented,3
earlier,3
ongoing,3
scattered,3
reason,3
rising,3
settled,3
retained,3
proved,3
driven,3
contemporaries,3
problems,3
о,3
decades,3
came,3
whom,3
concentration,3
testimonies,3
opposing,3
plot,3
p,3
her,3
directly,3
basis,3
writers,3
example,3
year,3
increasingly,3
emancipation,3
status,3
extirpation,3
graduate,3
either,3
good,3
wholesale,3
ensued,3
working,3
suggest,3
emory,3
essentially,3
provided,3
am,3
grady,3
disputation,3
brian,3
brief,3
exception,3
still,3
thought,3
soon,3
us,3
home,3
light,3
outlined,3
noted,3
representation,3
halloran,3
academy,3
canny,3
whelan,3
end,3
man,3
percieved,3
relevant,3
tell,3
belief,3
eds,3
identity,3
actual,3
individuals,3
full,3
hibernian,3
peter,3
period,3
trying,3
probably,3
saw,3
professional,3
attention,3
behaviour,3
dealing,3
indication,3
relationship,3
cuarta,3
ciaran,3
revisionism,3
interplay,3
indicate,3
analysis,3
commemoration,3
wars,3
following,3
conclusion,3
scrutiny,3
mac,3
set,3
cover,3
berkeley,3
vallancey,3
politics,3
propaganda,3
form,3
namely,3
extract,3
almost,3
belfast,3
remember,3
leopard,3
edwards,3
through,3
city,3
reconstruct,3
mention,3
sectarianism,3
drafts,3
years,3
crisis,3
land,3
evidence,3
specific,3
pioneering,3
chicago,3
north,3
doing,3
perception,3
nicholas,2
ending,2
now,2
revisionist,2
scholar,2
career,2
extreme,2
extend,2
jane,2
fiction,2
revolutionary,2
worthy,2
ultimate,2
introduction,2
utility,2
told,2
needed,2
enduring,2
word,2
ways,2
walker,2
paradigms,2
position,2
justified,2
contexts,2
said,2
explaining,2
taken,2
shaped,2
principles,2
onwards,2
reasons,2
appearances,2
studied,2
inherent,2
incident,2
reveal,2
onto,2
wore,2
antiquarianism,2
religion,2
take,2
subsequent,2
fullest,2
remonstrance,2
precisely,2
concepts,2
adventures,2
reading,2
context,2
pl,2
refute,2
ascribed,2
preoccupations,2
king,2
killed,2
victims,2
deal,2
prior,2
illustrate,2
reaction,2
move,2
establishment,2
cited,2
dynamic,2
engage,2
collection,2
nationalism,2
li,2
de,2
topic,2
vanished,2
nor,2
recollection,2
unimpressed,2
ranke,2
clare,2
clergyman,2
brackets,2
jacqueline,2
kelly,2
resultant,2
generation,2
acknowledge,2
ma,2
leopold,2
via,2
testimony,2
dilemma,2
links,2
anglican,2
capture,2
notion,2
process,2
mean,2
visceral,2
grew,2
von,2
dismiss,2
mused,2
supposed,2
support,2
means,2
perceptions,2
godwin,2
old,2
speculative,2
established,2
literary,2
emergence,2
linked,2
alluded,2
mary,2
glorious,2
four,2
passed,2
confessional,2
queen,2
instance,2
solve,2
antithetical,2
m,2
suggested,2
view,2
methodology,2
opening,2
remembered,2
preaching,2
toby,2
attack,2
scotland,2
shared,2
further,2
caldwell,2
и,2
prendergast,2
aspects,2
cannot,2
grounds,2
tension,2
your,2
required,2
scene,2
shape,2
r,2
line,2
correctly,2
literature,2
clarke,2
received,2
concept,2
horse,2
purpose,2
edn,2
confined,2
revealed,2
relevance,2
eyre,2
contentious,2
away,2
interpreted,2
trends,2
minds,2
hidden,2
approach,2
depicting,2
responses,2
controversial,2
cold,2
protest,2
next,2
order,2
quite,2
around,2
mandeville,2
few,2
resolution,2
dramatic,2
popery,2
core,2
plausible,2
paul,2
valuable,2
activities,2
candles,2
nations,2
periods,2
film,2
led,2
likely,2
berlin,2
situation,2
outsider,2
advocate,2
absence,2
identified,2
doctoral,2
play,2
trials,2
onward,2
object,2
beiner,2
backdrop,2
zeal,2
single,2
hugh,2
permission,2
examined,2
clash,2
enshrined,2
included,2
collectively,2
mlitt,2
odds,2
department,2
moments,2
speaking,2
e,2
french,2
law,2
attacks,2
afterlife,2
conceived,2
towards,2
consideration,2
treatment,2
fundamental,2
chord,2
jottings,2
children,2
really,2
angry,2
pamphlet,2
somewhere,2
everything,2
inherently,2
guilty,2
golden,2
pattern,2
munster,2
rhetoric,2
v,2
ground,2
maintenence,2
devoted,2
accepted,2
celebrated,2
michael,2
answer,2
necessary,2
controversy,2
explicitly,2
free,2
interpreting,2
thousands,2
imagine,2
simple,2
discussion,2
survive,2
examples,2
subjectivity,2
completed,2
bear,2
sides,2
trajectory,2
attainment,2
discrediting,2
concern,2
empirical,2
hickson,2
cork,2
ideas,2
processes,2
nothing,2
у,2
dismissed,2
arguably,2
isaiah,2
similar,2
provoked,2
profession,2
gkotzaridis,2
held,2
individual,2
allowed,2
reconstructed,2
played,2
aidan,2
guilt,2
systems,2
respectively,2
britain,2
deliberate,2
james,2
rhetorical,2
hume,2
figures,2
quarterly,2
massacrists,2
european,2
carried,2
things,2
suggestion,2
me,2
lot,2
crucial,2
naturally,2
hill,2
begin,2
celebration,2
clues,2
seen,2
papists,2
researcher,2
kingdoms,2
articles,2
addressed,2
contemplated,2
shadow,2
thinking,2
constant,2
terrible,2
ahead,2
struck,2
ever,2
appeared,2
sciences,2
useful,2
wipe,2
godfrey,2
natural,2
intellectual,2
each,2
paper,2
different,2
worth,2
seem,2
board,2
straightforward,2
half,2
universal,2
regard,2
eventually,2
guy,2
sermons,2
merely,2
evident,2
phd,2
scholarship,2
believed,2
proceedings,2
march,2
whether,2
kevin,2
unhistorical,2
mathew,2
extent,2
novick,2
huge,2
emphasis,2
middle,2
conference,2
bodies,2
recurred,2
must,2
altered,2
met,2
think,2
francois,2
difference,2
guizot,2
paradigm,2
wish,2
connerton,2
davies,2
files,2
gross,2
attempted,2
area,2
grapple,2
extremely,2
inclination,2
passages,2
assumed,2
texts,2
images,2
recent,2
successive,2
termed,2
major,2
lampedusa,2
proposed,1
resolve,1
capitalisation,1
horror,1
trick,1
dominant,1
huntington,1
formulated,1
possessed,1
done,1
deny,1
connelly,1
underpinning,1
bub,1
stuart,1
rmp,1
car,1
estate,1
strategy,1
corporate,1
till,1
slaughter,1
wonder,1
mystical,1
transcribe,1
relaxation,1
interventions,1
introductions,1
mysteries,1
determine,1
girl,1
implies,1
communes,1
alone,1
mundane,1
manuscript,1
connecticut,1
minutes,1
scottish,1
likewise,1
becoming,1
center,1
large,1
strafford,1
touched,1
pubushed,1
systematically,1
properly,1
essays,1
mad,1
privation,1
linkages,1
vigour,1
alive,1
uniquely,1
got,1
strictly,1
cynical,1
di,1
completely,1
cautiously,1
easily,1
divers,1
respectability,1
conscious,1
ó,1
wolf,1
former,1
decade,1
motive,1
earnest,1
policy,1
protection,1
ian,1
organic,1
pose,1
title,1
laid,1
vestiges,1
total,1
uj,1
beckett,1
biographical,1
fashioning,1
village,1
plantations,1
monograph,1
daxiger,1
relativism,1
thu,1
source,1
stuarts,1
goigeous,1
disputed,1
charity,1
intentions,1
dictionaries,1
disturbances,1
arms,1
myriad,1
file,1
uprising,1
vindiciae,1
member,1
synonymous,1
keystone,1
else,1
www,1
undermine,1
tht,1
sources,1
specifically,1
constituting,1
parliamentary,1
shagan,1
upholding,1
posed,1
questions,1
sad,1
setting,1
exaggerated,1
originally,1
evolution,1
rested,1
military,1
indicated,1
contrasted,1
address,1
acutely,1
terrain,1
central,1
articulate,1
downplay,1
emerged,1
freely,1
liberty,1
words,1
containing,1
thereupon,1
rudé,1
delineation,1
reach,1
available,1
continue,1
twenty,1
down,1
broken,1
blown,1
examination,1
together,1
desire,1
relegating,1
imagery,1
careers,1
fireworks,1
location,1
happy,1
narrative,1
abhorrence,1
admittedly,1
able,1
link,1
substantive,1
tells,1
transforms,1
closer,1
scheme,1
immune,1
expense,1
immortal,1
nightmare,1
deemed,1
achieved,1
somewhat,1
consist,1
unspecified,1
raised,1
daire,1
robert,1
contrasting,1
solved,1
buswell,1
techniques,1
hostile,1
daniel,1
legend,1
uu,1
posts,1
depends,1
donated,1
nowhere,1
netherlands,1
eradicate,1
generosity,1
eminent,1
elided,1
rolls,1
besides,1
attacked,1
supplant,1
unjustifiably,1
formulation,1
lived,1
draws,1
я,1
sebright,1
slips,1
saying,1
tenth,1
draw,1
typographical,1
kildare,1
controverted,1
chapter,1
mythology,1
indirectly,1
entirely,1
с,1
howard,1
probing,1
marked,1
lifetime,1
disprove,1
sixteenth,1
authentic,1
activity,1
innocuous,1
evolving,1
pleasant,1
shame,1
contradictory,1
valediction,1
obviously,1
speculation,1
mutual,1
consciousness,1
information,1
transcend,1
professor,1
darcy,1
whatever,1
taking,1
precoccupation,1
regards,1
carlyle,1
sent,1
bottom,1
reconstruction,1
constrained,1
atrocious,1
gmail,1
irrational,1
forged,1
letter,1
melting,1
donovan,1
rigour,1
corresponding,1
interestingly,1
eamon,1
kilmore,1
framework,1
exist,1
human,1
risorgimento,1
conflict,1
preoccupied,1
natives,1
goal,1
divorced,1
thus,1
ineradically,1
commorating,1
unforgivably,1
married,1
mt,1
veracity,1
tyrone,1
difficulties,1
dickson,1
development,1
counterpoint,1
run,1
unsuccessful,1
riot,1
pursuit,1
initially,1
frc,1
september,1
nazi,1
wulf,1
forgotten,1
relatively,1
uäw,1
moment,1
disestablishment,1
adopted,1
vigilance,1
confiscations,1
confino,1
conducted,1
funded,1
constellation,1
reproduced,1
insofar,1
perspectivai,1
extensively,1
uf,1
forced,1
hat,1
ai,1
exercise,1
turn,1
stern,1
hate,1
dean,1
self,1
amended,1
survivors,1
places,1
times,1
burgeoning,1
depend,1
refer,1
concerning,1
amount,1
encompass,1
differently,1
body,1
simplest,1
modernity,1
justifiable,1
difficulty,1
generated,1
young,1
fate,1
emphases,1
unchanged,1
dame,1
publications,1
find,1
bombast,1
died,1
outset,1
drawn,1
student,1
brigade,1
looms,1
forestall,1
helping,1
simplistic,1
delivered,1
popish,1
handful,1
influence,1
master,1
unfortunate,1
continuity,1
neill,1
gillespie,1
celebrating,1
grasp,1
distinct,1
vantage,1
phases,1
kansteiner,1
affiliations,1
rights,1
talks,1
steps,1
opposed,1
underlay,1
online,1
weapon,1
depiction,1
philadelphia,1
leary,1
reflects,1
agitation,1
adjunct,1
influential,1
without,1
dudley,1
identification,1
woodcuts,1
exact,1
sets,1
purely,1
destroy,1
main,1
ploughed,1
arising,1
superficial,1
generations,1
adds,1
debated,1
fruits,1
sort,1
easter,1
square,1
provocation,1
presentation,1
untimely,1
politicians,1
always,1
determining,1
granted,1
heard,1
unmatched,1
connected,1
thing,1
landscapes,1
humanity,1
leave,1
derived,1
ethan,1
contributions,1
assuming,1
dialogue,1
witness,1
cave,1
gratefully,1
danger,1
inn,1
echoed,1
lay,1
impressed,1
confederate,1
bibliographical,1
disputations,1
iy,1
addressing,1
raymond,1
parlour,1
understand,1
empires,1
developments,1
tho,1
facilitated,1
tensions,1
possibly,1
divulged,1
reinforcement,1
organization,1
sorts,1
mopping,1
vindicated,1
photographs,1
elsewhere,1
edition,1
thbt,1
quoted,1
articulated,1
house,1
fore,1
restoration,1
age,1
unavoidable,1
show,1
combat,1
filed,1
millennium,1
tima,1
furies,1
edinburgh,1
submerged,1
shed,1
barring,1
discarded,1
definite,1
evaluation,1
testament,1
ceremony,1
dissenter,1
л,1
galway,1
reinvigorate,1
velvet,1
utah,1
scandian,1
willing,1
plight,1
ofaccomplishing,1
owning,1
helped,1
projected,1
important,1
appeals,1
intricacies,1
trained,1
fuelling,1
stands,1
fluid,1
thrust,1
constructive,1
atlanta,1
reflections,1
unabashed,1
veil,1
belatedly,1
hours,1
uses,1
standards,1
judgmental,1
my,1
antiquaries,1
esq,1
aftermath,1
deletions,1
societies,1
appearance,1
wilder,1
found,1
conservative,1
demise,1
ambition,1
called,1
strength,1
critically,1
treatments,1
impressionistic,1
coloured,1
maág,1
effort,1
referee,1
prim,1
changed,1
crowd,1
gardiner,1
owen,1
maybe,1
profounder,1
persist,1
camouflaged,1
complete,1
initial,1
digitise,1
pitfalls,1
lent,1
punishment,1
savageries,1
lead,1
accurately,1
rebellious,1
companion,1
irony,1
let,1
posited,1
mainly,1
embellished,1
witnessed,1
eventuality,1
studying,1
brutalities,1
activist,1
sharpened,1
annales,1
scale,1
troops,1
bulldozer,1
explain,1
instrumental,1
fox,1
dwellers,1
exploration,1
professionals,1
industrious,1
method,1
structure,1
depictions,1
impression,1
overlapping,1
aspiration,1
undermined,1
failure,1
none,1
having,1
trial,1
pronounce,1
supplanted,1
commemorations,1
seminal,1
journals,1
mapped,1
mul,1
rejoicings,1
overviews,1
sanction,1
already,1
parades,1
tool,1
ideal,1
iain,1
nearest,1
laboured,1
mathematician,1
prompted,1
stake,1
advancement,1
crude,1
competing,1
concieved,1
related,1
cruell,1
studia,1
tenure,1
tune,1
positions,1
excessive,1
elizabeth,1
revolving,1
copyright,1
hibernicum,1
overview,1
genuine,1
gave,1
tale,1
citation,1
fit,1
database,1
during,1
enraged,1
friend,1
winter,1
absolu,1
notre,1
call,1
documented,1
divining,1
dismissive,1
reflect,1
elegant,1
systematic,1
showing,1
sicily,1
won,1
hostility,1
contractions,1
hindsight,1
memoirs,1
ali,1
carey,1
errors,1
rewritten,1
change,1
running,1
commons,1
legacy,1
tolerant,1
physician,1
correct,1
successful,1
caused,1
describing,1
hard,1
field,1
sweep,1
wi,1
convents,1
aroused,1
wildly,1
shaping,1
tempts,1
simpler,1
subjective,1
coupled,1
relating,1
degeneracy,1
cope,1
montage,1
phrase,1
midst,1
davis,1
sake,1
amidst,1
inextricably,1
family,1
troubles,1
sole,1
reconstructions,1
several,1
sufficient,1
ignore,1
concerns,1
whiteboy,1
folk,1
supposedly,1
presence,1
notorious,1
siochrú,1
differing,1
potent,1
foremost,1
philip,1
whatsoever,1
treasures,1
fully,1
managed,1
crux,1
annual,1
generally,1
horrendous,1
maxwell,1
anniversary,1
emigré,1
commemorative,1
correspondence,1
peculiar,1
altogether,1
value,1
uncritical,1
pot,1
monarchy,1
bartlett,1
massive,1
dictated,1
avoid,1
difficut,1
occasions,1
spare,1
subsequently,1
chronological,1
luifl,1
f,1
veneer,1
critical,1
happen,1
therefore,1
pertaining,1
san,1
insurgency,1
ranging,1
smyth,1
tíwliwbtó,1
onset,1
hibernica,1
keogh,1
materials,1
various,1
entitled,1
noble,1
requirement,1
buttress,1
penetrating,1
economic,1
frghthe,1
short,1
lurid,1
eulogistic,1
triumphalism,1
service,1
feeling,1
reinvented,1
kelleher,1
limited,1
minimise,1
reinterpreted,1
description,1
horrors,1
unconscious,1
mailu,1
harris,1
commit,1
brings,1
oppressed,1
prove,1
phoenician,1
hibernophile,1
community,1
above,1
reappraisal,1
millenarians,1
expanded,1
comments,1
bewildering,1
juggling,1
standing,1
targeted,1
southern,1
malice,1
seemingly,1
echo,1
hold,1
innovation,1
rime,1
corpus,1
queried,1
collect,1
depicted,1
disposed,1
incipient,1
fluent,1
security,1
tremendous,1
coverage,1
accident,1
older,1
serve,1
evil,1
predecessor,1
expounded,1
windows,1
god,1
exposure,1
alon,1
challenged,1
place,1
boundary,1
reconciliation,1
annihilated,1
earned,1
conveying,1
intelligible,1
rightly,1
assistance,1
illuminated,1
congruent,1
heirs,1
yoke,1
pretentious,1
collectenea,1
efforts,1
passions,1
memories,1
deliver,1
gres,1
resounding,1
narratives,1
illustrated,1
qualified,1
reports,1
quotations,1
operations,1
unbelievable,1
disciplinary,1
miseries,1
regardless,1
act,1
volume,1
street,1
stemmed,1
oral,1
visitor,1
quo,1
name,1
anarchists,1
successfully,1
extracted,1
tour,1
precocious,1
omission,1
neighbour,1
ended,1
hfvarff,1
guiseppi,1
addition,1
projects,1
noonan,1
water,1
missing,1
insurgents,1
dissertations,1
rebus,1
barzun,1
shows,1
до,1
idea,1
priac,1
scholars,1
bridgeport,1
areas,1
recurrent,1
pressure,1
impetus,1
striking,1
beliefs,1
sullivan,1
volleys,1
abstract,1
exclusion,1
witnesses,1
governed,1
break,1
larger,1
incorporation,1
stage,1
reductionist,1
granting,1
remain,1
formulating,1
celebrations,1
identical,1
considerable,1
hermathena,1
fragments,1
somme,1
rough,1
lone,1
receiving,1
disseminate,1
categorised,1
professionalise,1
hand,1
posit,1
model,1
underclass,1
where,1
innovative,1
road,1
sadly,1
couldn,1
developing,1
purposes,1
existing,1
ensured,1
establish,1
discord,1
balil,1
council,1
forth,1
reshaped,1
rapacity,1
deep,1
chronologically,1
assorted,1
showcased,1
ordinary,1
counterpart,1
follows,1
destroyed,1
encountered,1
fluidity,1
degree,1
reminds,1
violent,1
massacred,1
ь,1
interrelated,1
mentalities,1
understanding,1
kathleen,1
campaigns,1
intent,1
crudely,1
cognisance,1
background,1
treated,1
amendments,1
handwritten,1
range,1
sober,1
phelim,1
ic,1
contours,1
challenging,1
lake,1
arose,1
corollory,1
bequeathed,1
manifestations,1
hara,1
blossoming,1
findings,1
varying,1
murdered,1
lecture,1
abolish,1
denies,1
significant,1
downplayed,1
refers,1
assume,1
causes,1
educating,1
sequence,1
comprehensively,1
forestalling,1
fulfil,1
trust,1
prelude,1
mcbride,1
trip,1
chosen,1
partisan,1
bonfires,1
complicated,1
theories,1
optimistic,1
epic,1
initiatives,1
irishacademy,1
bait,1
rejected,1
distortion,1
unharmed,1
open,1
help,1
margaret,1
accessed,1
moral,1
directed,1
modem,1
discussed,1
comprehensive,1
inadvertantly,1
publication,1
language,1
movies,1
points,1
essay,1
lady,1
admission,1
christopher,1
controversies,1
characterised,1
evening,1
skip,1
remark,1
objectivism,1
collected,1
iwt,1
distinction,1
belanagare,1
kept,1
keeper,1
commentaries,1
segment,1
piquant,1
exhortation,1
ignorance,1
imagination,1
reputable,1
gets,1
wasn,1
graves,1
conclusions,1
protestantism,1
probe,1
incapable,1
imaginative,1
leaves,1
stuff,1
parallel,1
constructing,1
realm,1
exaggeration,1
macauley,1
narrow,1
overcome,1
fanned,1
sacred,1
accrue,1
cognitive,1
enemies,1
judgement,1
priests,1
looks,1
bragging,1
begs,1
northern,1
attracted,1
geography,1
voiced,1
overthrow,1
herrings,1
relative,1
engagement,1
caution,1
ago,1
behind,1
hopeless,1
concluded,1
division,1
justice,1
examines,1
tom,1
increasing,1
revolution,1
genesis,1
implicitly,1
panel,1
monstrous,1
precious,1
belonged,1
perspectives,1
note,1
humanities,1
education,1
ostensible,1
spelling,1
continued,1
george,1
bulk,1
opportunism,1
five,1
amherst,1
při,1
outsiders,1
huston,1
silently,1
impressive,1
ideology,1
bound,1
ohlmeyer,1
micheál,1
pieces,1
fear,1
reasonable,1
disenfranchised,1
attitude,1
insufficient,1
widespread,1
subliminated,1
seeks,1
referred,1
get,1
forming,1
transformed,1
aa,1
force,1
began,1
effectively,1
maginn,1
belied,1
visual,1
newsbooks,1
proposition,1
philosopher,1
tripartate,1
inflammatory,1
remaining,1
incompatible,1
try,1
length,1
distort,1
volumes,1
ritualised,1
inspired,1
extra,1
blood,1
gorman,1
existed,1
fall,1
united,1
hope,1
erudite,1
entertainment,1
luminaries,1
ing,1
muted,1
months,1
armagh,1
reconquest,1
contemplating,1
perished,1
francisco,1
empathy,1
problematic,1
interpretive,1
joseph,1
pogroms,1
ie,1
victorious,1
borrowed,1
matters,1
subtracts,1
oarrjr,1
school,1
cannon,1
proof,1
environment,1
suggestions,1
deposited,1
exercised,1
singular,1
lessons,1
preface,1
dancing,1
graff,1
circumstances,1
founded,1
wilful,1
contradiction,1
demonstrate,1
cruelties,1
solitary,1
scarcely,1
extension,1
forgetting,1
symbolic,1
elicited,1
known,1
implied,1
precise,1
totality,1
rival,1
cohn,1
physical,1
willingness,1
corrections,1
occurrences,1
intensely,1
tenor,1
doi,1
cliché,1
funding,1
dispossession,1
photocopies,1
civilised,1
command,1
peel,1
milieu,1
feelings,1
outcome,1
dispel,1
drogheda,1
sure,1
country,1
cultures,1
ancestor,1
spiritual,1
novel,1
december,1
mischiefs,1
confident,1
interested,1
antiquarians,1
industry,1
pretext,1
accommodate,1
argue,1
hibernicae,1
current,1
vicious,1
report,1
ideological,1
particularly,1
abbreviations,1
intro,1
harnessed,1
magnified,1
leeway,1
impossible,1
grievances,1
infer,1
uphold,1
audience,1
liberal,1
reflected,1
examining,1
resentments,1
going,1
royce,1
disputes,1
malignant,1
february,1
plantation,1
person,1
hint,1
musings,1
clarity,1
banditry,1
beginning,1
guiseppe,1
camps,1
didn,1
dedicate,1
ruins,1
recollections,1
automatically,1
mormon,1
evocation,1
notable,1
investigation,1
reign,1
transmitted,1
combined,1
reactions,1
nationalist,1
jacobite,1
ones,1
involvement,1
less,1
want,1
cause,1
quote,1
thirty,1
muscular,1
preoccupation,1
reappropriation,1
jehads,1
statement,1
map,1
firmly,1
dream,1
gibneyjf,1
consisting,1
understandably,1
reinvigorated,1
prudence,1
summers,1
vehicle,1
babel,1
imagary,1
üf,1
relativity,1
women,1
backing,1
property,1
views,1
hundreds,1
tear,1
universe,1
popular,1
lurks,1
personal,1
socioeconomic,1
believeable,1
capable,1
presented,1
necessity,1
evi,1
thereby,1
iiromore,1
role,1
november,1
easy,1
convinced,1
giving,1
focal,1
assumptions,1
тиьгя,1
went,1
spending,1
blot,1
acute,1
com,1
target,1
contribute,1
reconcieved,1
arguments,1
indebted,1
conversely,1
officially,1
dungannon,1
colonial,1
ноги,1
allows,1
barbarously,1
longhand,1
diverged,1
gain,1
aspect,1
disfigured,1
precision,1
remarks,1
analogy,1
bureau,1
false,1
sanctioned,1
promoted,1
thit,1
layers,1
mythologies,1
until,1
recording,1
argument,1
touch,1
kernel,1
lands,1
bicentenary,1
furrow,1
revert,1
finding,1
quest,1
envisaged,1
viciousness,1
jacques,1
catherine,1
finally,1
trauma,1
motives,1
public,1
interpolations,1
extensive,1
offer,1
shrewdness,1
approximately,1
although,1
salt,1
define,1
constructed,1
irrefutable,1
product,1
endeavours,1
states,1
writer,1
france,1
piece,1
gentry,1
defined,1
blaze,1
philosophy,1
jumble,1
presenting,1
angled,1
madison,1
repeat,1
association,1
speak,1
campaign,1
agrarian,1
staying,1
anonymous,1
dissent,1
offered,1
observation,1
otuml,1
news,1
orchestrated,1
removed,1
substitute,1
actions,1
methodologies,1
justify,1
hotel,1
vary,1
negotiate,1
mcgillivray,1
consisted,1
mp,1
professionalisation,1
th,1
enterprise,1
sharing,1
create,1
norman,1
fling,1
deposition,1
entire,1
documentary,1
borlase,1
traditional,1
iff,1
focus,1
strong,1
ends,1
ss,1
colonel,1
observed,1
famous,1
tf,1
premature,1
xcv,1
virtue,1
resources,1
tendentious,1
close,1
interrogated,1
remarkeable,1
deeper,1
refuting,1
