WORDCOUNTS,WEIGHT
to,108
of,92
and,86
the,75
reading,71
a,67
in,65
their,54
students,48
literacy,45
they,35
for,35
as,29
read,28
that,26
teachers,24
t,23
love,23
be,23
or,21
i,21
literate,21
who,20
about,20
personal,19
it,18
with,18
s,16
don,16
is,15
my,15
teacher,15
how,14
support,13
these,13
what,13
have,13
can,13
on,12
classroom,11
many,11
children,11
selves,11
not,10
first,10
do,10
some,10
were,10
you,10
professional,10
adult,10
are,9
pleasure,9
this,9
should,9
at,8
from,8
self,8
lives,7
but,7
book,7
person,7
learn,7
those,7
them,7
people,7
an,7
few,7
when,7
journal,7
we,7
if,6
e,6
parents,6
experiences,6
school,6
by,6
more,6
ask,6
time,6
other,6
readers,6
want,6
books,6
encouraged,6
memories,6
come,6
own,6
like,6
why,6
themselves,6
enjoy,6
means,5
opportunities,5
consider,5
text,5
know,5
view,5
lesesne,5
public,5
genres,5
knowledge,5
question,5
g,5
described,5
classrooms,5
asked,5
lovers,4
recall,4
one,4
education,4
pleasurable,4
was,4
obstacles,4
toward,4
had,4
could,4
didn,4
teaching,4
practice,4
literature,4
programs,4
between,4
views,4
student,4
difficult,3
will,3
relationship,3
sometimes,3
short,3
program,3
television,3
supporting,3
position,3
into,3
home,3
most,3
noted,3
being,3
challenge,3
childhood,3
might,3
all,3
efforts,3
believe,3
adolescent,3
favorite,3
m,3
adults,3
see,3
guidance,3
task,3
because,3
urban,3
activity,3
made,3
genre,3
part,3
training,3
graduate,3
its,3
sherrill,3
describe,3
us,3
writing,3
faculty,3
our,3
carlsen,3
so,3
colleagues,3
order,3
family,3
find,3
texts,3
would,3
develop,3
connections,3
value,3
merge,2
model,2
undergraduate,2
ogle,2
child,2
cover,2
opening,2
groups,2
subject,2
watching,2
associate,2
b,2
reflection,2
large,2
elementary,2
class,2
special,2
often,2
hope,2
once,2
schools,2
yet,2
regularly,2
reconciliation,2
seems,2
rarely,2
informal,2
following,2
edu,2
university,2
insights,2
needs,2
pedagogical,2
department,2
only,2
important,2
others,2
l,2
reflections,2
linda,2
lack,2
seem,2
did,2
ft,2
histories,2
pages,2
current,2
really,2
funds,2
international,2
very,2
there,2
enjoyment,2
ext,2
evenings,2
tell,2
particular,2
placed,2
powellbrown,2
your,2
explicitly,2
ociiiei,2
well,2
advise,2
chapter,2
development,2
remember,2
org,2
must,2
enjoyable,2
content,2
two,2
beers,2
engage,2
discussions,2
place,2
much,2
issues,2
moll,2
think,2
advertising,2
comments,2
reflect,2
novels,2
fun,2
alan,2
follow,2
approach,2
authors,2
assignment,2
write,2
author,2
finally,2
new,2
mastered,2
interest,2
good,2
characterized,2
hunter,2
need,2
guiding,2
manager,2
loving,2
regular,2
sheehy,2
learning,2
submissions,2
earlier,2
quite,2
association,2
life,2
educational,2
characteristics,2
highly,2
choose,2
young,2
pavonetti,2
c,2
ann,2
libraries,2
chicago,2
teach,2
d,2
create,2
even,2
little,2
using,2
submitting,2
educators,2
roles,2
influence,2
master,2
gomez,2
talked,1
final,1
may,1
f,1
does,1
poor,1
now,1
educator,1
aoolescent,1
led,1
states,1
currently,1
fueled,1
second,1
york,1
me,1
whose,1
ejournals,1
peers,1
audible,1
today,1
perspectives,1
note,1
matter,1
variety,1
practices,1
literacyfocused,1
westport,1
lot,1
continued,1
his,1
indicated,1
meaning,1
identified,1
critical,1
commentary,1
tion,1
nh,1
across,1
developed,1
scholar,1
compatible,1
commitment,1
ironic,1
openings,1
reasonable,1
limited,1
kimwillg,1
basic,1
begin,1
active,1
weisberger,1
relaxation,1
college,1
framing,1
primarily,1
success,1
etc,1
represented,1
still,1
voices,1
tgoodson,1
unavailable,1
send,1
began,1
per,1
reflective,1
juggling,1
similar,1
pens,1
spot,1
settings,1
html,1
religious,1
dialogue,1
k,1
mostly,1
designed,1
advised,1
feel,1
united,1
retrieved,1
practicing,1
space,1
library,1
disliking,1
interview,1
english,1
lhunter,1
strategies,1
approaches,1
recalled,1
face,1
studies,1
pp,1
rigorous,1
council,1
dupuis,1
praise,1
considered,1
informally,1
challenged,1
dutton,1
page,1
intellectually,1
history,1
specialization,1
share,1
included,1
bit,1
disappointment,1
teaches,1
associated,1
before,1
complete,1
culture,1
material,1
siblings,1
ksu,1
doing,1
elliott,1
excitement,1
lib,1
facilitator,1
w,1
contact,1
already,1
also,1
provocative,1
four,1
vinci,1
qualified,1
reports,1
emotional,1
simply,1
ever,1
friend,1
typed,1
continues,1
wears,1
known,1
query,1
passion,1
beyond,1
bookstores,1
www,1
brows,1
retire,1
facilitators,1
street,1
long,1
educa,1
every,1
three,1
whom,1
doi,1
instance,1
unlimited,1
pip,1
questions,1
comfortable,1
setting,1
column,1
theory,1
ii,1
implications,1
scan,1
suggested,1
social,1
spend,1
attempt,1
supports,1
suppositions,1
furrowed,1
develops,1
responsibilities,1
cajoled,1
friends,1
each,1
intellect,1
sure,1
working,1
prada,1
j,1
gentle,1
parental,1
ocioiei,1
paper,1
moving,1
words,1
cultivated,1
remembered,1
affirmed,1
went,1
edil,1
confident,1
reach,1
identifying,1
http,1
path,1
forming,1
available,1
allow,1
secondary,1
down,1
broken,1
train,1
daily,1
creative,1
ad,1
argue,1
smell,1
enroll,1
simple,1
surprised,1
joy,1
awakening,1
choice,1
analyses,1
effort,1
particularly,1
till,1
onto,1
preservice,1
room,1
longstanding,1
expository,1
anyway,1
encouraging,1
survey,1
take,1
ready,1
historical,1
ve,1
review,1
foster,1
portsmouth,1
reconcile,1
help,1
habit,1
struggles,1
serious,1
vt,1
reasons,1
emerges,1
devil,1
better,1
evident,1
papers,1
hand,1
stand,1
newspaper,1
represent,1
tv,1
embarrassing,1
irony,1
lens,1
revel,1
though,1
realize,1
advising,1
letting,1
examinations,1
innovative,1
silence,1
whether,1
list,1
answer,1
meet,1
references,1
da,1
sound,1
issue,1
borrowing,1
jaavs,1
deep,1
broadway,1
manuscripts,1
perhaps,1
confirmation,1
plain,1
bluebirds,1
required,1
conferences,1
eds,1
comprehension,1
has,1
professionals,1
struggling,1
preparing,1
advice,1
her,1
while,1
primary,1
expressions,1
day,1
biographies,1
contemporary,1
improve,1
remained,1
having,1
loolesceit,1
voice,1
another,1
information,1
local,1
imagine,1
euphemistic,1
stacks,1
almost,1
anticipation,1
editor,1
recognizing,1
miscue,1
future,1
private,1
stances,1
understanding,1
aren,1
used,1
discussion,1
shared,1
fax,1
predictable,1
planning,1
examples,1
considering,1
specialist,1
received,1
explanation,1
level,1
carry,1
occasionally,1
leisure,1
reader,1
classes,1
facilitate,1
code,1
recognition,1
multiple,1
taking,1
peace,1
given,1
supply,1
collections,1
decoding,1
despite,1
goodson,1
courses,1
grading,1
became,1
apply,1
looking,1
uic,1
newest,1
queries,1
tried,1
administration,1
out,1
todd,1
call,1
shiver,1
souls,1
refined,1
emphasize,1
attract,1
factor,1
families,1
qualitative,1
vocabulary,1
wherever,1
aside,1
products,1
avenues,1
moments,1
harrison,1
doubleday,1
story,1
goal,1
liolesceil,1
services,1
way,1
solidly,1
throughout,1
spaces,1
full,1
than,1
il,1
pencils,1
theoretical,1
connect,1
missions,1
seminars,1
authorial,1
background,1
low,1
week,1
visions,1
generate,1
crises,1
volunteer,1
clear,1
understand,1
urbana,1
heinemann,1
trends,1
charts,1
illinois,1
directed,1
sampled,1
october,1
discussed,1
iiiil,1
national,1
publication,1
de,1
language,1
profession,1
group,1
aware,1
change,1
regarded,1
creating,1
try,1
offer,1
triumphant,1
least,1
lively,1
skillful,1
include,1
needed,1
homes,1
typically,1
sense,1
instigate,1
started,1
mothers,1
hard,1
usa,1
field,1
frames,1
opinions,1
brave,1
ability,1
things,1
build,1
topic,1
high,1
sore,1
expected,1
next,1
paths,1
attempted,1
discounted,1
conversation,1
cases,1
octoiei,1
provides,1
nonreading,1
night,1
cost,1
old,1
ct,1
jaaly,1
forms,1
instruction,1
coordinator,1
especially,1
labels,1
concerns,1
news,1
instructions,1
promote,1
response,1
passages,1
classmates,1
arrange,1
newspapers,1
cant,1
rates,1
pathways,1
specialize,1
reference,1
understood,1
applying,1
left,1
ads,1
commodity,1
kids,1
impossible,1
coordinators,1
yielded,1
th,1
always,1
early,1
up,1
identify,1
ira,1
analyze,1
pathway,1
fe,1
re,1
focus,1
tap,1
poured,1
strong,1
seek,1
institution,1
kimberley,1
engagement,1
reflected,1
appropriate,1
responsibility,1
evidence,1
sighs,1
provided,1
generation,1
heartened,1
bible,1
brown,1
attended,1
top,1
newark,1
