WORDCOUNTS,WEIGHT
the,80
of,54
and,43
to,41
is,28
in,26
not,20
that,20
as,18
it,14
she,14
her,14
a,13
i,13
wife,11
he,10
his,10
for,10
s,10
iii,10
chaucer,10
sin,10
marriage,9
with,8
love,8
st,8
should,8
if,7
they,7
allas,7
ii,7
which,7
jerome,7
ibid,7
intercourse,7
may,6
does,6
was,6
from,6
by,6
fleshly,6
ff,6
husbands,6
sins,5
husband,5
god,5
w,5
use,5
this,5
although,5
tales,5
canterbury,5
at,4
sinne,4
ever,4
viii,4
children,4
xxii,4
man,4
works,4
do,4
persons,4
see,4
bath,4
than,4
since,4
least,4
d,4
be,4
whose,3
beget,3
fathers,3
without,3
act,3
service,3
who,3
church,3
their,3
wives,3
or,3
delight,3
said,3
grace,3
nature,3
are,3
fact,3
other,3
pecock,3
them,3
sexual,3
upon,3
except,3
purpose,3
married,3
own,3
against,3
xxiii,3
so,3
an,3
desires,3
when,3
though,3
lust,3
species,3
f,2
christian,2
note,2
inordinate,2
summa,2
no,2
deadly,2
attitude,2
e,2
govern,2
hope,2
theologica,2
modern,2
pmla,2
spirit,2
astrological,2
any,2
incorruption,2
impulse,2
ed,2
but,2
too,2
only,2
inclination,2
wedlock,2
incontinency,2
know,2
xxi,2
towards,2
my,2
desire,2
seven,2
particularly,2
concludes,2
debt,2
loves,2
february,2
feels,2
present,2
knows,2
advising,2
flesh,2
cause,2
however,2
has,2
free,2
iv,2
possible,2
sensual,2
multiple,2
treating,2
coition,2
pleasure,2
scholastics,2
sickness,2
argument,2
such,2
due,2
have,2
language,2
bodily,2
order,2
after,2
deeds,2
abstinence,2
early,2
even,2
much,2
organs,2
notes,2
will,1
assigned,1
noteworthy,1
rate,1
wishes,1
done,1
me,1
fieshliness,1
sows,1
rey,1
matter,1
rather,1
avoiding,1
lesser,1
unlawful,1
l,1
five,1
troubled,1
corruption,1
c,1
rights,1
prose,1
slaughter,1
religioun,1
grievous,1
explicit,1
college,1
procreation,1
doctrine,1
lost,1
sensitive,1
insist,1
contrary,1
skilful,1
goes,1
judgment,1
says,1
jovinianus,1
ordinate,1
render,1
coude,1
connected,1
inclinacioun,1
sinful,1
outer,1
told,1
spot,1
engendering,1
suppose,1
one,1
hold,1
payment,1
sinners,1
sexually,1
vindicate,1
danger,1
essays,1
read,1
xxx,1
supplements,1
moreover,1
yet,1
pleasures,1
interpretation,1
creatures,1
sympathy,1
bonds,1
reason,1
vow,1
pardoner,1
exclamation,1
easily,1
studies,1
involuntary,1
favor,1
pression,1
excludes,1
xxix,1
considered,1
fifth,1
position,1
neither,1
imitate,1
into,1
then,1
cit,1
emotions,1
ti,1
complete,1
indulgences,1
former,1
attain,1
mediaeval,1
weak,1
skeat,1
upper,1
contact,1
these,1
circumstances,1
most,1
show,1
fornication,1
constellacioun,1
guilty,1
eets,1
first,1
passion,1
t,1
contraception,1
sources,1
long,1
aquinas,1
more,1
also,1
ay,1
suit,1
faculty,1
voluptuous,1
chastely,1
give,1
guilt,1
opinion,1
pathetically,1
ni,1
deed,1
rush,1
concupiscible,1
natural,1
christ,1
satisfy,1
rejects,1
perceive,1
stirs,1
dismay,1
each,1
all,1
j,1
expressed,1
words,1
lawful,1
geof,1
acceptable,1
crysten,1
limit,1
did,1
abstain,1
torture,1
remedy,1
indicate,1
ardently,1
together,1
wedded,1
great,1
reasons,1
jovinian,1
attempting,1
reule,1
emotion,1
follows,1
out,1
were,1
chambre,1
exhibits,1
venus,1
john,1
far,1
relate,1
end,1
holily,1
diet,1
resulting,1
endeavor,1
subsequent,1
there,1
discussed,1
honor,1
evident,1
person,1
readers,1
impractical,1
further,1
influences,1
extenuation,1
indulgence,1
principal,1
furthermore,1
opposite,1
causes,1
according,1
let,1
jegp,1
what,1
within,1
viewed,1
milton,1
cannot,1
references,1
paying,1
well,1
duties,1
necessary,1
takes,1
practice,1
clyde,1
xvii,1
headlong,1
mortal,1
woman,1
ceased,1
lounsbury,1
myn,1
lowes,1
sowing,1
while,1
sought,1
appetite,1
because,1
frequently,1
reginald,1
abuse,1
advise,1
another,1
tempt,1
having,1
discourses,1
chastity,1
seeking,1
r,1
fif,1
praying,1
prevent,1
cure,1
honors,1
temperance,1
discussion,1
admits,1
father,1
both,1
made,1
explanation,1
generative,1
necessity,1
clean,1
paradise,1
vertu,1
point,1
alas,1
greet,1
churchman,1
stir,1
altogether,1
knowledge,1
exhibit,1
adulteress,1
turns,1
intended,1
entirely,1
noght,1
measure,1
impulses,1
fit,1
corrupt,1
arguments,1
behavior,1
privileges,1
constitute,1
adumbrates,1
continency,1
sciences,1
blacker,1
regarding,1
nothing,1
insults,1
fruits,1
abstains,1
chaste,1
question,1
relationships,1
lessened,1
felawe,1
nicene,1
modify,1
covenant,1
strengthened,1
xv,1
undue,1
holy,1
sensuous,1
revert,1
moral,1
op,1
accept,1
venial,1
pleads,1
interpret,1
characteristic,1
ability,1
contributed,1
woollcombe,1
keep,1
good,1
jankin,1
walter,1
need,1
materially,1
him,1
pay,1
excuse,1
serves,1
keen,1
satan,1
prologue,1
thomas,1
nor,1
old,1
small,1
dwell,1
several,1
on,1
needs,1
mind,1
vi,1
architectonic,1
cogent,1
vessel,1
perfects,1
possess,1
body,1
withdraw,1
judges,1
disapproves,1
same,1
interpretations,1
wise,1
oklahoma,1
convinces,1
third,1
enjoyed,1
always,1
reasonableness,1
virgins,1
folwed,1
instance,1
curry,1
little,1
reaps,1
look,1
marital,1
forbear,1
reverses,1
exthe,1
exclaims,1
virtue,1
ghost,1
adroitly,1
southeastern,1
generation,1
disgraceful,1
sinless,1
influence,1
undesirable,1
error,1
avoid,1
blessing,1
