WORDCOUNTS,WEIGHT
of,7
or,7
the,5
in,5
and,5
kiss,4
one,4
be,4
i,4
where,3
this,3
no,3
your,3
that,3
when,3
afternoon,3
will,2
to,2
it,2
charmed,2
here,2
sticky,2
many,2
are,2
made,2
strange,2
down,2
is,2
bottom,2
top,2
up,2
worlds,2
sweet,2
quantum,2
we,2
past,2
wherever,2
was,2
into,2
stay,2
knows,2
what,1
may,1
eye,1
them,1
quarks,1
most,1
likely,1
dwyer,1
have,1
ever,1
agni,1
however,1
storm,1
love,1
ll,1
theory,1
please,1
been,1
david,1
leptons,1
physics,1
like,1
me,1
require,1
flow,1
you,1
know,1
another,1
again,1
exhausted,1
directions,1
future,1
inexplicable,1
quite,1
mechanics,1
mouth,1
they,1
both,1
chatted,1
back,1
hold,1
eyes,1
apart,1
as,1
poem,1
about,1
exactly,1
not,1
kissed,1
time,1
out,1
even,1
fingertips,1
fly,1
everything,1
world,1
there,1
bed,1
should,1
am,1
which,1
were,1
any,1
light,1
