WORDCOUNTS,WEIGHT
the,147
to,106
of,87
and,71
i,68
that,68
a,64
in,64
it,52
is,43
be,27
as,26
have,22
s,21
her,20
film,19
was,19
are,19
they,18
she,17
church,17
with,17
t,17
not,16
an,16
bemberg,15
but,15
my,15
at,14
about,14
women,14
love,14
for,14
what,14
there,13
who,13
people,13
think,13
camila,13
you,13
on,13
he,12
all,12
this,12
so,12
their,11
or,11
story,11
we,11
cineaste,11
woman,10
because,10
see,9
many,9
his,9
want,9
very,8
has,8
don,8
must,8
when,8
should,8
one,7
being,7
did,7
do,7
me,7
were,7
such,7
him,7
why,7
if,6
how,6
from,6
no,6
by,6
also,6
films,6
other,6
could,6
men,6
priest,6
them,6
priests,6
up,6
way,5
rather,5
been,5
wanted,5
first,5
beautiful,5
end,5
maria,5
own,5
would,5
quite,5
luisa,5
say,5
can,5
am,5
go,4
foreign,4
filmmaking,4
mother,4
these,4
show,4
might,4
had,4
believe,4
historical,4
hemberg,4
some,4
work,4
our,4
washington,4
kind,4
order,4
never,4
characters,4
slaughter,3
sort,3
seen,3
understand,3
religious,3
life,3
soul,3
sex,3
us,3
into,3
communion,3
just,3
two,3
emotional,3
said,3
fact,3
only,3
position,3
yes,3
law,3
give,3
academy,3
country,3
bit,3
time,3
out,3
audience,3
man,3
person,3
political,3
where,3
outrageous,3
realize,3
voice,3
politics,3
sense,3
point,3
human,3
nothing,3
which,3
try,3
decided,3
things,3
catholic,3
after,3
thing,3
find,3
than,3
isn,3
south,2
does,2
now,2
confessor,2
lovers,2
blindfolded,2
ingredients,2
act,2
momentos,2
bring,2
meaning,2
usually,2
essence,2
commitment,2
interpretation,2
revolutionary,2
oscar,2
permission,2
above,2
told,2
put,2
word,2
get,2
face,2
makes,2
thought,2
meant,2
oppressive,2
character,2
before,2
something,2
most,2
ever,2
baby,2
passion,2
social,2
chose,2
every,2
more,2
admit,2
m,2
opinion,2
know,2
cut,2
ask,2
refused,2
water,2
came,2
outside,2
fundamental,2
best,2
right,2
everything,2
late,2
award,2
interview,2
particular,2
side,2
otherwise,2
record,2
doesn,2
your,2
listens,2
controversy,2
style,2
scene,2
free,2
really,2
sexual,2
desires,2
well,2
another,2
offensive,2
possible,2
line,2
shame,2
father,2
part,2
through,2
example,2
actors,2
along,2
keeps,2
jaehne,2
tried,2
use,2
place,2
meet,2
obsessed,2
karen,2
away,2
baptize,2
years,2
clear,2
holy,2
señora,2
against,2
argentina,2
de,2
finally,2
good,2
moment,2
audiences,2
portray,2
although,2
d,2
american,2
need,2
winner,2
suppose,2
defiance,2
claim,2
speak,2
latter,2
around,2
family,2
marriage,2
jealous,2
between,2
close,2
themselves,2
c,2
argentine,2
nobody,2
like,2
conscience,2
wife,2
flag,2
daughter,2
pillars,2
workings,2
tragic,2
society,2
tortured,1
suffering,1
appeal,1
tragically,1
critics,1
resolve,1
difficult,1
will,1
f,1
directors,1
happen,1
sweeping,1
cannot,1
lyrical,1
interesting,1
risking,1
respect,1
reeling,1
erotic,1
adversarial,1
makeup,1
o,1
reference,1
struggle,1
may,1
child,1
deny,1
today,1
provide,1
portrayed,1
without,1
jewels,1
taken,1
fairly,1
guarded,1
dilemma,1
later,1
catalyze,1
arias,1
limbo,1
outsiders,1
short,1
husband,1
rights,1
angeles,1
die,1
watch,1
insiders,1
play,1
vague,1
deserve,1
extreme,1
consume,1
extend,1
lines,1
cinema,1
attitude,1
simmering,1
struggled,1
female,1
wooing,1
guess,1
knew,1
lost,1
prove,1
politicians,1
natural,1
whatever,1
context,1
realizes,1
still,1
catholics,1
guided,1
dealt,1
sudden,1
festival,1
says,1
make,1
heard,1
ties,1
visual,1
comments,1
sponsored,1
sympathetic,1
shocking,1
initially,1
peril,1
gesture,1
certain,1
becoming,1
leave,1
conducted,1
discover,1
pointing,1
documentaries,1
abrupt,1
touched,1
perpetuate,1
denied,1
class,1
insecurity,1
kinds,1
structural,1
often,1
fate,1
adept,1
blood,1
rules,1
comforting,1
fall,1
guide,1
feel,1
alleged,1
table,1
spark,1
supposed,1
composed,1
stalled,1
motivation,1
yet,1
ostensibly,1
imanol,1
canonical,1
support,1
fuss,1
violence,1
exists,1
reason,1
push,1
itself,1
lives,1
read,1
marginal,1
happened,1
servants,1
yourself,1
hushed,1
possibly,1
oppose,1
organization,1
race,1
emphasize,1
proof,1
harsh,1
unlike,1
title,1
earliest,1
authorities,1
home,1
jockeying,1
deluding,1
then,1
clearly,1
maybe,1
constant,1
goes,1
positive,1
pots,1
romantics,1
following,1
same,1
fantasize,1
impact,1
impulse,1
touches,1
passions,1
glad,1
unnatural,1
weak,1
several,1
argued,1
observations,1
defend,1
upper,1
already,1
deails,1
brutal,1
simply,1
everybody,1
painful,1
anything,1
confuse,1
revenge,1
gossip,1
affections,1
fix,1
generally,1
proposes,1
offhand,1
wrong,1
long,1
ambivalence,1
requires,1
problems,1
complacent,1
tragedies,1
production,1
here,1
blindness,1
finger,1
exclusive,1
compromises,1
interested,1
biologically,1
lot,1
colors,1
important,1
evade,1
cohesive,1
toward,1
elevate,1
others,1
viewer,1
acutely,1
consecrated,1
over,1
drink,1
mutually,1
chance,1
script,1
amazing,1
promoting,1
history,1
principle,1
image,1
each,1
dare,1
gentle,1
vows,1
experiments,1
efforts,1
words,1
advance,1
artists,1
dramatically,1
based,1
gor,1
seriously,1
pointed,1
lawyers,1
introduce,1
sexy,1
someone,1
available,1
rituals,1
curious,1
deviousness,1
together,1
found,1
menfolk,1
desire,1
attending,1
called,1
reasons,1
traditionally,1
surprised,1
universal,1
depart,1
domestic,1
cinéaste,1
choice,1
blind,1
lacks,1
children,1
admittedly,1
shot,1
lover,1
incident,1
offend,1
any,1
churches,1
hear,1
personal,1
destined,1
transition,1
skirts,1
written,1
light,1
contemporary,1
camera,1
bound,1
take,1
eat,1
captured,1
movie,1
dramas,1
emotionally,1
aires,1
struggles,1
propaganda,1
susu,1
sweepstakes,1
simple,1
foolish,1
big,1
last,1
cup,1
behind,1
further,1
emphasized,1
slapped,1
buenos,1
beginning,1
obsession,1
those,1
indulgence,1
furthermore,1
knows,1
didn,1
phantasms,1
game,1
let,1
somewhat,1
committed,1
stock,1
shoot,1
recreate,1
literature,1
purposes,1
casting,1
magnificence,1
ashamed,1
tell,1
execution,1
separated,1
establish,1
tragedy,1
marrying,1
means,1
attracts,1
less,1
namely,1
courage,1
historically,1
making,1
involvement,1
issue,1
appreciate,1
era,1
cathedrals,1
imposed,1
energy,1
emotion,1
add,1
however,1
metaphor,1
eroticism,1
recognized,1
statement,1
couple,1
perhaps,1
explore,1
dictatorial,1
problem,1
tilts,1
walks,1
victimized,1
money,1
while,1
america,1
incorporate,1
victims,1
afastidiously,1
temporized,1
unite,1
plane,1
annoyed,1
video,1
terrorism,1
almost,1
nadie,1
imagine,1
too,1
psychology,1
esthetic,1
emphasis,1
determined,1
used,1
illustrate,1
admits,1
packing,1
translated,1
invested,1
listening,1
both,1
made,1
little,1
padre,1
even,1
los,1
incorporating,1
heart,1
imagined,1
taking,1
psychological,1
allen,1
variations,1
since,1
nominees,1
concentration,1
allow,1
city,1
soiled,1
laws,1
knowledge,1
explicit,1
realistic,1
negative,1
duty,1
object,1
its,1
giving,1
portent,1
persists,1
surprise,1
went,1
happens,1
waste,1
loss,1
whole,1
year,1
food,1
recreated,1
sold,1
freedom,1
purifies,1
force,1
during,1
split,1
doubt,1
shades,1
exist,1
avenues,1
structures,1
actual,1
finished,1
continue,1
call,1
throughout,1
come,1
fantastic,1
denying,1
apparently,1
femininity,1
femme,1
fears,1
ends,1
experiences,1
believes,1
layers,1
until,1
buff,1
survival,1
youth,1
attraction,1
theme,1
melodramatic,1
touch,1
won,1
reaction,1
open,1
inevitable,1
trusted,1
run,1
surrounded,1
sensibilities,1
flying,1
three,1
aggravating,1
junkies,1
camps,1
frustrated,1
realized,1
sensitivity,1
silent,1
movies,1
feature,1
earth,1
interest,1
domain,1
subtitle,1
relatively,1
creating,1
outraged,1
edifice,1
least,1
winto,1
fatal,1
allowed,1
adoration,1
afford,1
realism,1
nadiej,1
passionate,1
camüa,1
willing,1
balanced,1
overt,1
opinions,1
realization,1
dilute,1
guideline,1
villagers,1
intellectuals,1
betray,1
off,1
destiny,1
anyone,1
poetic,1
refuses,1
sharp,1
believing,1
truefor,1
lovemaking,1
extremely,1
lose,1
shift,1
blame,1
ignorance,1
dialogue,1
channeled,1
magical,1
small,1
unborn,1
gets,1
needs,1
moved,1
concerning,1
liber,1
classically,1
state,1
pregnant,1
back,1
universalize,1
surrender,1
leaves,1
miles,1
grow,1
executed,1
rest,1
industry,1
breaking,1
extraordinary,1
certainly,1
facility,1
devices,1
young,1
single,1
sensible,1
world,1
left,1
blessings,1
animal,1
guilt,1
involved,1
credible,1
implicit,1
early,1
resounded,1
dares,1
element,1
baroque,1
looks,1
shatter,1
misogyny,1
develop,1
looked,1
corrected,1
resistance,1
using,1
save,1
unafraid,1
invented,1
objected,1
marry,1
beauty,1
beings,1
coffin,1
chain,1
ago,1
theatrical,1
hardly,1
asked,1
betting,1
attention,1
hypocrisy,1
derives,1
woody,1
actions,1
pecoraro,1
seemed,1
decision,1
perform,1
visit,1
notion,1
cake,1
surepsychologically,1
