WORDCOUNTS,WEIGHT
the,856
of,462
in,272
and,225
to,223
p,171
élection,155
a,126
that,115
as,110
papal,106
s,100
liber,87
is,81
this,80
i,78
ii,76
l,76
vita,75
not,72
was,70
for,69
pope,64
by,64
iii,56
an,55
accounts,54
his,53
with,49
pp,47
century,46
had,45
n,45
papacy,44
from,44
but,41
élections,39
their,38
byzantine,35
hadrian,35
it,34
one,34
more,34
have,34
account,32
gregory,32
et,31
these,30
were,30
no,29
be,28
eighth,27
consécration,27
popes,26
upon,26
authors,26
life,26
stephen,26
before,25
than,25
how,23
elected,23
at,22
are,22
de,22
only,22
duchesne,22
they,21
author,21
or,21
between,21
ninth,21
there,20
period,20
ali,20
frankish,20
which,20
been,20
des,20
although,20
does,19
has,19
peter,19
did,19
on,19
roman,18
iv,18
und,18
noble,18
also,18
could,17
rome,17
after,17
zachary,17
when,17
pontificalis,17
leo,16
even,16
during,16
philip,16
see,16
over,16
most,15
its,15
new,15
who,15
saint,15
die,15
early,15
first,14
those,14
some,14
because,14
mention,14
η,13
historians,13
lives,13
elections,13
unanimity,13
other,13
emperor,13
les,12
classen,12
republic,12
reference,12
caspar,12
biography,12
est,11
too,11
however,11
own,11
vitae,11
people,11
power,11
control,11
references,11
politicai,11
history,10
into,10
long,10
throughout,10
development,10
support,10
argued,10
out,10
part,10
whole,10
he,10
pontificala,10
yet,10
then,10
empire,10
perhaps,10
made,10
would,10
every,9
ad,9
against,9
divine,9
officiai,9
ail,9
used,9
romans,9
byzanz,9
paul,9
hallenbeck,9
do,9
donation,9
style,9
so,9
itself,9
constantine,9
any,9
written,9
evidence,9
appear,8
disputed,8
dating,8
facts,8
far,8
such,8
though,8
consecrated,8
description,8
year,8
about,8
two,8
party,8
time,8
independence,8
mentioned,8
der,8
very,8
geschichte,8
them,8
middle,8
until,8
later,7
omnes,7
source,7
stephani,7
mind,7
state,7
election,7
officiais,7
called,7
milton,7
gussone,7
place,7
électoral,7
up,7
pontificate,7
fact,7
break,7
never,7
ages,7
outside,7
v,7
language,7
anastos,7
la,7
dum,7
according,7
while,7
both,7
lateran,7
among,7
here,7
problem,6
papsttums,6
takes,6
carolingian,6
ullmann,6
thus,6
since,6
act,6
rather,6
di,6
una,6
earlier,6
beyond,6
greater,6
events,6
well,6
il,6
openly,6
therefore,6
likely,6
ac,6
franks,6
clergy,6
rom,6
wasner,6
leader,6
again,6
regnai,6
john,6
thomas,6
become,6
can,6
we,6
dai,6
un,6
elevatus,6
electus,6
ever,6
what,6
emphasis,6
given,6
expérimentation,6
became,6
eius,6
writing,6
years,6
states,6
speak,6
much,6
strong,6
populo,5
ambivalence,5
if,5
e,5
lombards,5
du,5
sources,5
might,5
great,5
take,5
con,5
possible,5
consecratione,5
same,5
eum,5
may,5
seventh,5
without,5
à,5
certain,5
dated,5
leonis,5
article,5
unanimous,5
describe,5
del,5
sergius,5
several,5
claims,5
world,5
various,5
inspiration,5
ed,5
noted,5
karl,5
imperiai,5
ibid,5
proceres,5
italy,5
sergii,5
centuries,5
began,5
legitimacy,5
valentine,5
why,5
canons,5
daileader,5
bonifatii,5
each,5
heimbucher,5
terms,5
agreed,5
au,5
jan,5
sedem,5
remains,5
synod,5
everyone,4
llewellyn,4
word,4
second,4
studies,4
candidate,4
either,4
military,4
apostolicam,4
pontificales,4
italien,4
government,4
last,4
precisely,4
boniface,4
case,4
studi,4
point,4
franken,4
moment,4
siècle,4
turn,4
formulale,4
growth,4
hac,4
means,4
reason,4
changes,4
constitution,4
qui,4
result,4
mordek,4
appearance,4
papstwahlen,4
furthermore,4
supporters,4
zwischen,4
placed,4
explain,4
biographies,4
basis,4
contains,4
beginnings,4
approvai,4
thron,4
towards,4
sake,4
presence,4
constantinople,4
newly,4
will,4
make,4
pontificatus,4
us,4
already,4
independent,4
pointed,4
rhetoric,4
less,4
gives,4
byzantines,4
rulers,4
louis,4
previous,4
bertolini,4
david,4
papes,4
medioevo,4
kings,4
eugene,4
known,4
subséquent,4
refused,4
inthronisation,4
half,4
historical,4
impérial,4
beginning,4
whether,4
form,4
electors,4
nicolaus,4
notified,4
step,4
enthronement,4
aspect,4
question,4
formulae,4
miller,3
now,3
sigmaringen,3
formules,3
way,3
medieval,3
groups,3
revue,3
sull,3
determine,3
état,3
policy,3
position,3
contested,3
being,3
anything,3
simul,3
notify,3
nature,3
down,3
together,3
thank,3
ordinatus,3
studio,3
pontian,3
cornes,3
existence,3
right,3
politics,3
establishing,3
powers,3
atque,3
papsttum,3
hadriani,3
himself,3
formula,3
letter,3
conflict,3
central,3
immediate,3
lombard,3
ut,3
relations,3
unwillingness,3
developments,3
sicque,3
late,3
back,3
italiano,3
look,3
pariter,3
influence,3
se,3
pages,3
von,3
edict,3
spirit,3
show,3
settimane,3
decades,3
came,3
begun,3
lived,3
circa,3
almost,3
im,3
sanctissimus,3
ottorino,3
shall,3
turning,3
london,3
iohannis,3
personal,3
away,3
employed,3
antheros,3
approach,3
running,3
level,3
revolution,3
next,3
alto,3
order,3
le,3
paschalis,3
consolidation,3
disunity,3
dem,3
proper,3
actions,3
romano,3
indeed,3
religious,3
spoken,3
benedicti,3
bayet,3
addition,3
makes,3
god,3
illyricum,3
al,3
published,3
love,3
onwards,3
others,3
death,3
put,3
speaks,3
exarch,3
affectu,3
usque,3
took,3
paris,3
relevant,3
spoke,3
isdem,3
explicitly,3
cleric,3
nothing,3
spoleto,3
three,3
held,3
christopher,3
like,3
function,3
frankreich,3
men,3
papa,3
successors,3
saw,3
conon,3
twelve,3
aid,3
usually,3
five,3
consent,3
omnis,3
lines,3
seen,3
indicate,3
often,3
renaissance,3
existed,3
pavia,3
concord,3
uno,3
version,3
grofle,3
temporal,3
text,3
emperors,3
paper,3
descriptions,3
connection,3
best,3
leaders,3
loyalty,3
populus,3
making,3
monastery,3
voice,3
interférence,3
peace,3
through,3
individuai,3
despite,3
centro,3
went,3
challenges,3
our,3
nikolaus,3
zum,3
instead,3
corrélation,3
culmen,3
themselves,3
recognized,3
images,3
counts,3
should,3
major,3
hypothesis,3
final,2
difficult,2
wavering,2
mostly,2
cononis,2
common,2
declared,2
indicated,2
stylistic,2
procédures,2
enthronements,2
ordination,2
ultimate,2
quem,2
church,2
confidence,2
authority,2
ways,2
mommsen,2
fra,2
mit,2
realities,2
occurred,2
something,2
consécrations,2
entourage,2
valentini,2
said,2
reprinted,2
consistent,2
auteurs,2
certainly,2
taken,2
england,2
reasons,2
présent,2
citizens,2
cunctis,2
onto,2
composition,2
procedure,2
romani,2
pontificem,2
opposite,2
reading,2
édition,2
byzantium,2
stopped,2
context,2
growing,2
brief,2
ideological,2
sought,2
hubert,2
saying,2
zur,2
cuncto,2
cérémonies,2
cleri,2
biographers,2
professor,2
say,2
regards,2
uncertain,2
above,2
benedict,2
dignity,2
âge,2
modem,2
split,2
exist,2
includes,2
review,2
decree,2
ravenna,2
occurs,2
walter,2
admitted,2
dis,2
unity,2
tam,2
legally,2
times,2
document,2
refer,2
monk,2
inclusion,2
twice,2
constitutio,2
pelagii,2
apparently,2
equal,2
philadelphia,2
whose,2
exact,2
relative,2
murder,2
mente,2
mean,2
knew,2
solium,2
ex,2
importance,2
witness,2
matched,2
elaborate,2
read,2
contestation,2
primicerius,2
donus,2
den,2
linked,2
just,2
moyen,2
enjoyed,2
age,2
thronum,2
followed,2
instance,2
decreto,2
theory,2
important,2
autem,2
faced,2
migraret,2
whereas,2
royal,2
zachariae,2
expressed,2
closely,2
whom,2
someone,2
found,2
das,2
crowd,2
franciscus,2
presbiter,2
politique,2
sacrum,2
equally,2
appears,2
pontiff,2
reinforce,2
obedience,2
cannot,2
vel,2
required,2
factum,2
method,2
triumph,2
throne,2
pontifex,2
electione,2
work,2
start,2
prominent,2
feared,2
partly,2
actually,2
sicily,2
wahlanzeigen,2
delay,2
change,2
least,2
below,2
elect,2
phrase,2
involved,2
small,2
few,2
transfer,2
preceding,2
fully,2
divina,2
former,2
concordia,2
overlordship,2
symmachi,2
readership,2
content,2
situation,2
territorial,2
elegerunt,2
action,2
wrote,2
overall,2
bis,2
exception,2
object,2
whatever,2
gutmann,2
sending,2
exercitus,2
procession,2
pàpste,2
approve,2
once,2
fife,2
diligeretur,2
push,2
pontiani,2
under,2
chronology,2
freestanding,2
light,2
beate,2
experiment,2
aforementioned,2
begins,2
increasingly,2
rise,2
members,2
populi,2
stronger,2
stated,2
mentions,2
sella,2
europe,2
historiae,2
many,2
complementary,2
treatment,2
documents,2
ought,2
really,2
end,2
doubt,2
viri,2
byzantinische,2
readers,2
remarkable,2
divino,2
answer,2
jahrhundert,2
practice,2
remarkably,2
ilico,2
mccormick,2
archivum,2
another,2
original,2
rôle,2
persona,2
signais,2
sixth,2
bede,2
enthroned,2
consensu,2
paradigm,2
horst,2
virtually,2
refers,2
romana,2
real,2
chosen,2
full,2
nevertheless,2
clear,2
reality,2
him,2
quam,2
crowning,2
practiced,2
latter,2
stephanus,2
especially,2
jurisdiction,2
magno,2
parvum,2
eyes,2
reads,2
examine,2
deo,2
priests,2
episcopi,2
wanted,2
authorship,2
save,2
institution,2
cologne,2
attention,2
praenominatus,2
enough,2
note,2
seu,2
provide,2
damasi,2
domnus,2
élec,2
claimed,2
indispensable,2
qualifies,2
primarily,2
fuhrmann,2
silverii,2
referred,2
transformed,2
bears,2
velopment,2
seminar,2
deals,2
length,2
helpful,2
successor,2
inspired,2
dans,2
hi,2
analysis,2
roma,2
antefatus,2
unusual,2
contained,2
sunt,2
conjunction,2
throw,2
must,2
pontifical,2
know,2
solves,2
intellectual,2
literary,2
par,2
praecipuus,2
albeit,2
différent,2
searched,2
unter,2
closest,2
passage,2
suddenly,2
works,2
person,2
defend,2
list,2
foremost,2
want,2
lengths,2
ceased,2
announcements,2
papstes,2
rébellion,2
prudence,2
clerus,2
pagination,2
gregorii,2
suggests,2
contain,2
freedom,2
nutu,2
ordinations,2
vir,2
decisive,2
predecessors,2
arguments,2
using,2
goals,2
neglect,2
ein,2
tions,2
remarks,2
come,2
finally,2
π,2
élévation,2
course,2
attempted,2
off,2
increased,2
potential,2
unoque,2
reached,2
texts,2
element,2
little,2
re,2
recent,2
francia,2
sa,1
annuente,1
bedeutung,1
survived,1
abolition,1
basing,1
triple,1
dies,1
imitâtes,1
illuminâtes,1
appealed,1
forschungen,1
avoiding,1
concerned,1
carrière,1
symmachus,1
tion,1
coincide,1
fering,1
abhorrence,1
suggested,1
created,1
separatisi,1
romanum,1
truth,1
dangers,1
equazione,1
credibility,1
extreme,1
resulted,1
procédure,1
fortior,1
historischer,1
resisting,1
manage,1
optimates,1
germany,1
submission,1
reckoning,1
seizure,1
schaft,1
mundane,1
wavered,1
introduction,1
forth,1
per,1
sympathetic,1
group,1
told,1
praedictus,1
résistance,1
american,1
trasimundus,1
significant,1
conflicts,1
forceful,1
cire,1
approved,1
fate,1
elaborated,1
properly,1
identify,1
cours,1
sideways,1
referring,1
formed,1
dol,1
openness,1
felicis,1
true,1
english,1
rewards,1
potest,1
unterricht,1
apostoli,1
patriarch,1
upheaval,1
lebenswerk,1
favor,1
patriarchium,1
foreshadows,1
unmaking,1
motive,1
protection,1
devices,1
barest,1
templated,1
necessarily,1
fulda,1
tween,1
coro,1
stan,1
total,1
mittelalter,1
subscripserunt,1
connotations,1
candidly,1
princeton,1
chief,1
practices,1
ordinem,1
réduction,1
legai,1
séparation,1
chooses,1
artlessness,1
diffusion,1
cast,1
else,1
ttibingen,1
ramenée,1
electoral,1
hence,1
identifying,1
voices,1
interests,1
unambiguously,1
handle,1
aftermath,1
chaos,1
kaisertums,1
vols,1
patricio,1
attempt,1
astronomical,1
anima,1
straightforwardly,1
actual,1
worked,1
tifical,1
freely,1
j,1
episcopal,1
seems,1
words,1
isaurico,1
dramatically,1
zeitschrift,1
pontificali,1
resemblance,1
hedged,1
auf,1
book,1
monies,1
knowing,1
copy,1
marburg,1
skills,1
leading,1
belong,1
advantage,1
assertion,1
tours,1
subscribentium,1
desire,1
confusion,1
wielding,1
implies,1
potentially,1
pressed,1
heavenly,1
thema,1
arises,1
follows,1
studied,1
conséquences,1
xxi,1
proves,1
link,1
eue,1
hundred,1
reveal,1
concludes,1
delaying,1
anyway,1
kingdom,1
alarming,1
ambition,1
help,1
unmentionable,1
iconoclasm,1
erich,1
date,1
priest,1
sacerdotibus,1
quanta,1
emphasized,1
henry,1
papyrus,1
somewhat,1
behind,1
indiction,1
within,1
confused,1
papers,1
aggregane,1
system,1
british,1
dioceses,1
slip,1
decessor,1
fortune,1
difficile,1
nullus,1
badly,1
klerus,1
king,1
formulation,1
ficult,1
sàtze,1
revolutionary,1
histoire,1
praedicto,1
eugenii,1
translations,1
primary,1
bases,1
muddled,1
discuss,1
bischofs,1
custom,1
struggling,1
dreaded,1
untersuchung,1
italian,1
felt,1
prior,1
fitting,1
contribué,1
pre,1
omissions,1
révèlent,1
recommendations,1
kidnapping,1
titulo,1
cives,1
légitimer,1
taxation,1
altomedievale,1
doni,1
waldipert,1
information,1
west,1
fication,1
thrones,1
striven,1
supervision,1
inplere,1
resources,1
loudly,1
heretical,1
nachleben,1
increase,1
essent,1
wahl,1
forged,1
althoff,1
overestimates,1
audience,1
collection,1
notification,1
singled,1
cette,1
winning,1
dispatched,1
pauperes,1
pen,1
universum,1
primatibus,1
papato,1
clericis,1
consecrate,1
surely,1
veracity,1
haut,1
explained,1
unianimiter,1
hostis,1
schnitt,1
seventy,1
countless,1
calculated,1
halting,1
due,1
objective,1
muscle,1
afterthought,1
dei,1
movement,1
oppressor,1
interest,1
conniving,1
mixed,1
coetum,1
wurm,1
predicament,1
afford,1
catholique,1
issued,1
characteristic,1
application,1
peracta,1
clumsily,1
breviter,1
forerunners,1
mild,1
wissenschaft,1
cunctum,1
candidates,1
elements,1
dismisses,1
underlying,1
permitted,1
factionalization,1
vom,1
concerning,1
positive,1
ante,1
neoellenici,1
troyes,1
highest,1
response,1
enthroning,1
reversais,1
extraordinary,1
enarrare,1
attests,1
assertive,1
left,1
liturgiques,1
third,1
misleading,1
truly,1
anfàngen,1
weakening,1
find,1
died,1
formulate,1
dares,1
obscure,1
quarrelled,1
permoti,1
inthronizatione,1
critique,1
primum,1
oversimplify,1
occasion,1
delivered,1
hardly,1
conceded,1
progressed,1
acknowledge,1
paralleling,1
ingenuous,1
kept,1
higher,1
failed,1
loyal,1
opposed,1
poor,1
clericalis,1
legitimatizing,1
damasus,1
simultaneously,1
weapon,1
abbreviation,1
urged,1
simplified,1
menace,1
reflects,1
upright,1
dictionnaire,1
resists,1
apollinaris,1
purely,1
troubled,1
sentences,1
checks,1
developed,1
stop,1
breadth,1
organizing,1
basic,1
en,1
linearly,1
junction,1
vacancies,1
explicit,1
fruhmittelalterliche,1
responded,1
unanimously,1
dux,1
active,1
killing,1
goes,1
opportunity,1
dealt,1
consenserunt,1
comply,1
deprived,1
forwards,1
annales,1
ortolan,1
kiss,1
similar,1
b,1
archdeacon,1
elee,1
adjustments,1
réligieuses,1
strange,1
huge,1
lay,1
repeats,1
secration,1
dismiss,1
minent,1
biographer,1
reappears,1
supposed,1
embarrassing,1
adels,1
soul,1
rising,1
send,1
category,1
problemi,1
insistence,1
venerable,1
win,1
nor,1
excluded,1
plus,1
unausgefuhrtes,1
byzance,1
tensions,1
university,1
consider,1
severinus,1
established,1
huitième,1
scilicet,1
benefits,1
quote,1
pretender,1
amid,1
section,1
edition,1
days,1
numbers,1
gradually,1
lateranense,1
contemporaries,1
unambiguous,1
weak,1
excom,1
w,1
amore,1
volkes,1
temporaries,1
theodorum,1
acknowledges,1
max,1
powerful,1
statement,1
bishops,1
sexus,1
offhand,1
quos,1
always,1
votes,1
problems,1
amount,1
willing,1
gemeinschaft,1
primatus,1
pontifici,1
bloody,1
unrest,1
candidacy,1
awaited,1
ihre,1
evasiveness,1
holdings,1
ranges,1
my,1
formidable,1
lead,1
papstwahl,1
example,1
patrimonium,1
herr,1
questioned,1
agenda,1
développement,1
zeit,1
feet,1
formulations,1
contigerat,1
protector,1
plot,1
ûber,1
traditionally,1
access,1
temptation,1
effort,1
conspicuous,1
subscribe,1
furious,1
einstimmung,1
shared,1
subtractus,1
dispute,1
throwbacks,1
bind,1
setton,1
rightly,1
noting,1
endeavor,1
opt,1
ixe,1
vigorous,1
constantly,1
philosophical,1
harvard,1
base,1
inter,1
wonder,1
circulation,1
further,1
intervening,1
traits,1
briefly,1
pelagli,1
let,1
posited,1
baldly,1
nel,1
marazzi,1
effect,1
newfound,1
portant,1
viewed,1
europa,1
produced,1
prose,1
concordaverunt,1
otherwise,1
sanctissimi,1
tension,1
ausgewàhlte,1
absolute,1
carolingia,1
romanae,1
angoulême,1
praefatus,1
duly,1
stations,1
adclamaverunt,1
militiae,1
ipsi,1
theophylact,1
electing,1
bother,1
outstanding,1
paschal,1
taxes,1
développent,1
gained,1
none,1
theological,1
resolutely,1
distinguish,1
future,1
defìning,1
correctly,1
revealed,1
properties,1
céré,1
vulgus,1
received,1
augsburg,1
présumés,1
verificare,1
storiografia,1
claim,1
reader,1
slightly,1
brought,1
characterization,1
legitimatized,1
purpose,1
discusses,1
gaudemet,1
karolingern,1
soi,1
ferentino,1
knowledge,1
apparent,1
calls,1
luce,1
related,1
schmerzhafter,1
calabria,1
caught,1
exulting,1
ten,1
reminded,1
herrin,1
praepararet,1
parique,1
iudices,1
felix,1
fit,1
beatissimi,1
expansive,1
literally,1
subtly,1
constitute,1
truncated,1
adesse,1
cluster,1
pertractantes,1
optimatibus,1
speaking,1
thereafter,1
jahre,1
device,1
mightily,1
forces,1
recounting,1
reflect,1
appreciated,1
décrets,1
rex,1
flexi,1
occidente,1
showing,1
spolitinus,1
monopoly,1
premiers,1
reprisais,1
visions,1
carne,1
trends,1
minds,1
retaliated,1
t,1
citing,1
contrôle,1
detailed,1
uncanonical,1
good,1
creating,1
stylized,1
solution,1
eine,1
editore,1
ensued,1
formule,1
caused,1
describing,1
eglise,1
cataloguing,1
attributed,1
tacitly,1
pronounced,1
meditationen,1
theoretically,1
suggest,1
auctore,1
outright,1
politically,1
géographie,1
catholic,1
fee,1
imposition,1
threatened,1
quite,1
midst,1
heart,1
event,1
ûberblick,1
specifically,1
jarrow,1
sole,1
vocatione,1
richter,1
nullified,1
tyrants,1
ignore,1
geburtstag,1
disposition,1
devota,1
deviennent,1
vitaliani,1
breaking,1
mittedly,1
πι,1
choosing,1
protect,1
pontiffs,1
cances,1
christendom,1
inaugurâtes,1
γ,1
swear,1
impossible,1
da,1
longobardi,1
laude,1
generally,1
progress,1
disagreement,1
lacuna,1
concurred,1
adclamationum,1
describes,1
paid,1
altogether,1
appropriate,1
hermann,1
irate,1
plurima,1
labelled,1
provided,1
skill,1
tribus,1
passive,1
monarchy,1
moved,1
pauli,1
constantin,1
society,1
diffìcult,1
disconnection,1
différence,1
chronological,1
south,1
χχι,1
alio,1
voi,1
artabasdos,1
led,1
separatist,1
sentatives,1
noteworthy,1
verb,1
grenzenden,1
fortunate,1
direxerunt,1
prompting,1
tread,1
observations,1
voluntate,1
matter,1
expanse,1
carried,1
wary,1
ordinarent,1
ans,1
unianimitatem,1
service,1
located,1
sous,1
blessed,1
resisted,1
inventi,1
limited,1
play,1
return,1
inclusive,1
lurch,1
nearly,1
praefati,1
utilisées,1
débarassaient,1
posed,1
vili,1
prove,1
july,1
tury,1
intervention,1
surviving,1
indicates,1
commenced,1
comments,1
cunctusque,1
dardized,1
standing,1
unprecedented,1
reiterateci,1
eager,1
contra,1
territory,1
teleologica,1
seemingly,1
betray,1
ονε,1
seditious,1
sommaire,1
xvie,1
fighting,1
relationship,1
downplay,1
urbis,1
ubiquity,1
fiinfundsechzigsten,1
martyrology,1
nicolai,1
definitivo,1
christo,1
relied,1
véritable,1
toutes,1
inspiratione,1
represents,1
mos,1
happened,1
theodor,1
suspicious,1
latching,1
mission,1
counterparts,1
east,1
predecessor,1
fifth,1
vanishes,1
neither,1
thesis,1
reconciliation,1
ancient,1
latinity,1
included,1
ticipated,1
weiheliturgie,1
karo,1
raise,1
complete,1
irregularly,1
views,1
façonnaient,1
ideology,1
iiber,1
mediaeval,1
présentation,1
inspire,1
dberlieferung,1
cum,1
resented,1
handling,1
spiritu,1
motionem,1
bizantini,1
squabbling,1
considers,1
sonorous,1
double,1
universique,1
delicately,1
street,1
senatus,1
preeminence,1
resolution,1
uncontested,1
sided,1
tour,1
clero,1
perusia,1
participated,1
omission,1
johannis,1
challenge,1
huyghebaert,1
indipendent,1
admirable,1
christ,1
tremendous,1
added,1
overthrown,1
écclésiastique,1
sui,1
efforts,1
naive,1
fatis,1
head,1
eadem,1
manifeste,1
striking,1
copied,1
plan,1
agree,1
appeared,1
obsequio,1
abstract,1
exclusion,1
defenders,1
attempting,1
conamine,1
choice,1
viii,1
swift,1
governed,1
larger,1
diverse,1
disoriented,1
gebràuche,1
variation,1
époque,1
resolved,1
mold,1
pattern,1
man,1
zacharias,1
munster,1
proceribus,1
discussed,1
triumphed,1
sériés,1
success,1
maker,1
besieged,1
ruler,1
match,1
fits,1
slavishly,1
ground,1
rédactions,1
divites,1
iconoclast,1
model,1
nicolas,1
manded,1
bonus,1
obscures,1
existing,1
bets,1
non,1
eligere,1
neuvième,1
marched,1
michael,1
tell,1
confrontation,1
judith,1
pontifìcalis,1
necessary,1
begriindung,1
einer,1
remarked,1
dusseldorf,1
controversy,1
distance,1
acquiesce,1
instigated,1
free,1
wryly,1
missos,1
foisted,1
day,1
stance,1
remained,1
connections,1
charted,1
lingischen,1
silvester,1
need,1
analyzed,1
byzantinischer,1
understanding,1
papst,1
meaningful,1
sometime,1
ficials,1
discussion,1
patriarchate,1
averaged,1
quiescent,1
inviting,1
agatho,1
examples,1
synodus,1
birth,1
alliance,1
leone,1
closer,1
incidents,1
anyting,1
represented,1
bedeviled,1
writings,1
righi,1
trajectory,1
defied,1
validior,1
including,1
gether,1
passes,1
owe,1
depended,1
looking,1
sufficiently,1
temps,1
confiscating,1
connaître,1
αηρ,1
encouraged,1
ostrogothic,1
entirely,1
exer,1
pétri,1
expression,1
deportaverunt,1
standartisées,1
affection,1
noluit,1
largely,1
extrinsecus,1
substantially,1
papauté,1
worse,1
peu,1
locai,1
band,1
beaucoup,1
domination,1
inspirationswahl,1
pergentesque,1
underestimates,1
numbered,1
exhibited,1
rare,1
engaged,1
continue,1
ceremonies,1
office,1
brittany,1
shortly,1
necessitated,1
omnisque,1
impasse,1
eighthand,1
described,1
braunfels,1
pontificatu,1
defect,1
rejected,1
inscribing,1
passim,1
open,1
significance,1
vocibus,1
deduce,1
eveiy,1
inventus,1
michel,1
express,1
aliquod,1
safety,1
laudatory,1
bonn,1
objection,1
counter,1
sed,1
turmoil,1
venientes,1
stéréotypées,1
wunderbare,1
general,1
high,1
assassinate,1
stages,1
exarchum,1
magna,1
beati,1
défection,1
anyone,1
dell,1
improved,1
martin,1
imagination,1
praedicti,1
employée,1
nascita,1
comparing,1
iure,1
outcomes,1
possess,1
study,1
parallel,1
rati,1
satisfaction,1
topic,1
assures,1
rectify,1
pro,1
insane,1
exactly,1
diploma,1
utid,1
charta,1
ecclésiastique,1
sacking,1
éd,1
enemies,1
raised,1
probably,1
conscience,1
northern,1
corresponds,1
versus,1
overthrow,1
stili,1
destruction,1
originai,1
création,1
lòsung,1
disciplinaires,1
bibliographical,1
kirchenpolitischen,1
andreas,1
cen,1
theodorus,1
avignonesischen,1
greek,1
théologie,1
widely,1
depuis,1
visit,1
rarity,1
increasing,1
genesis,1
fourteen,1
dealing,1
european,1
waxing,1
aspirations,1
afiarta,1
omnia,1
regardless,1
neenon,1
irregular,1
resuit,1
memorie,1
continued,1
vicissitudes,1
fuit,1
seront,1
functioned,1
plays,1
impressive,1
gregors,1
suspected,1
grégation,1
fear,1
foregoing,1
signifi,1
christoforus,1
dimensions,1
lost,1
sensitive,1
army,1
dispatch,1
strongly,1
essentiel,1
force,1
returned,1
honestos,1
understand,1
thirteen,1
recognize,1
displaying,1
banale,1
settled,1
pon,1
fall,1
historiés,1
transferring,1
surprising,1
composed,1
kissed,1
supporting,1
infelicitous,1
videns,1
months,1
obstacle,1
face,1
importante,1
circulated,1
cols,1
influencing,1
professionis,1
secolo,1
freeing,1
issue,1
schmid,1
ffeedom,1
matters,1
hearts,1
rite,1
exercitum,1
school,1
historique,1
exercised,1
esset,1
eventually,1
precedence,1
following,1
series,1
conclusion,1
accomplishes,1
popuhque,1
changing,1
notifying,1
benedici,1
tempting,1
mistook,1
extensive,1
ferventissimo,1
constituted,1
detect,1
temporel,1
implied,1
scrutiny,1
unflinchingly,1
falsehood,1
skillful,1
willingness,1
supported,1
untoward,1
etatis,1
hodgepodge,1
sciences,1
appealing,1
useful,1
drew,1
command,1
set,1
ont,1
verify,1
klemens,1
sacerdote,1
obfuscatory,1
outcome,1
defining,1
destroyers,1
tendencies,1
illuminate,1
readily,1
bertouni,1
shares,1
tongue,1
konstantinische,1
rhythm,1
theodori,1
interested,1
dissenting,1
believe,1
référencé,1
référencés,1
novissimo,1
morder,1
senting,1
feretrum,1
followers,1
post,1
gesta,1
fleckenstein,1
clearly,1
enemy,1
promiserat,1
ir,1
cecilie,1
constant,1
going,1
pontificiae,1
ambivalent,1
concives,1
disputes,1
représentative,1
adduced,1
deposing,1
merely,1
places,1
severini,1
cise,1
antecessoris,1
id,1
realize,1
demeure,1
jean,1
strained,1
érich,1
investigation,1
reign,1
broke,1
rose,1
namely,1
ones,1
cause,1
particular,1
ο,1
quae,1
attitudes,1
devolving,1
manuscripts,1
condemn,1
cultor,1
transactions,1
frarikish,1
distribution,1
extent,1
einhardi,1
characterizes,1
divinely,1
chancery,1
secure,1
barely,1
mendacity,1
reigned,1
influenced,1
precedent,1
gregorius,1
imitative,1
duo,1
threat,1
adsumpsit,1
ses,1
oath,1
conflito,1
intention,1
presented,1
entrance,1
reported,1
élément,1
marble,1
legitimatization,1
role,1
federico,1
sounding,1
grafie,1
repré,1
hagiographical,1
waning,1
commonly,1
subject,1
extrinsic,1
intended,1
deacon,1
transition,1
lies,1
sitting,1
pi,1
trumpeted,1
com,1
regularities,1
duchy,1
summarizes,1
divided,1
aims,1
coming,1
spécifie,1
pouvoir,1
internai,1
excellentissimum,1
false,1
unanìmitas,1
formation,1
hadrianus,1
spring,1
breaks,1
laudibus,1
argument,1
north,1
lists,1
background,1
authorized,1
traitorous,1
lands,1
similarity,1
après,1
finding,1
summi,1
natione,1
camps,1
weightier,1
institutional,1
ferventissmo,1
write,1
accept,1
trauma,1
aware,1
vagueness,1
origines,1
dangerous,1
parallels,1
contributed,1
carolingiens,1
approximately,1
include,1
define,1
d,1
gerd,1
deliberating,1
considérations,1
ipotesi,1
sur,1
omni,1
schenkung,1
objections,1
bigger,1
roughly,1
showed,1
summary,1
sacerdotes,1
vi,1
chesne,1
charles,1
hominum,1
removed,1
pontìficiae,1
contemporaneous,1
passages,1
inizio,1
romanis,1
clarify,1
pontificis,1
ordinaverunt,1
ascendancy,1
pending,1
scholarship,1
corne,1
ducatum,1
viiie,1
discussione,1
néanmoins,1
valuable,1
émancipation,1
anastasius,1
substantial,1
ordo,1
latine,1
backwards,1
develop,1
casts,1
immediately,1
andrieu,1
permanent,1
dif,1
indistinguishable,1
clerics,1
dos,1
previously,1
broader,1
subsumes,1
sent,1
salutationem,1
abstollentes,1
close,1
cited,1
occur,1
customarily,1
liturgical,1
successore,1
ende,1
