WORDCOUNTS,WEIGHT
the,709
of,523
and,424
in,406
a,330
to,260
love,202
as,187
that,159
is,145
yoshiya,129
s,112
this,111
for,110
no,103
her,92
female,90
pp,90
girls,85
with,84
p,82
by,75
was,69
an,66
such,64
be,64
akiko,57
she,56
it,54
not,50
on,50
or,49
women,48
from,48
see,44
these,42
tokyo,40
but,38
are,38
through,37
also,36
flower,35
their,34
sh,34
japanese,33
tales,33
writing,33
vol,32
sex,31
sexual,30
nobuko,30
fiction,29
other,29
between,29
i,28
about,27
relationship,27
at,26
stories,26
language,26
they,25
one,25
suzuki,25
who,25
relationships,24
were,24
can,24
story,24
however,23
two,23
which,23
normal,23
modern,22
form,22
sexology,22
gender,22
same,22
friendship,22
style,22
although,22
ed,21
published,21
time,21
ellis,21
abnormal,21
person,21
d,21
k,20
more,20
kazuko,19
its,19
jo,19
school,19
ome,18
girlhood,18
society,18
masculine,18
has,18
rose,18
there,17
woman,17
identity,17
period,17
terms,17
have,17
carpenter,16
studies,16
narrative,16
foolish,16
abnormality,16
university,16
because,16
literary,16
into,15
could,15
used,15
tale,15
michiko,15
new,15
early,15
speech,14
world,14
term,14
even,14
student,14
after,14
certain,14
romantic,14
most,14
inversion,14
pure,14
symbols,14
work,14
read,14
culture,14
raich,14
only,14
japan,14
another,14
black,14
male,14
associated,14
textual,14
popular,14
both,14
o,13
way,13
had,13
magazine,13
higher,13
girl,13
robertson,13
herself,13
suga,13
often,13
works,13
while,13
first,12
nature,12
marriage,12
kindai,12
literature,12
part,12
idea,12
readers,12
practice,12
lesbian,12
been,12
considered,12
each,12
what,12
true,11
pflugfelder,11
within,11
adult,11
sei,11
kenky,11
own,11
notes,11
will,11
heterosexual,11
never,11
use,11
attic,11
we,11
life,11
magazines,11
here,11
sexological,11
press,11
innocent,11
sexuality,11
text,11
view,10
english,10
sexologists,10
reading,10
hiratsuka,10
kind,10
ai,10
journal,10
notion,10
process,10
yasuda,10
feminine,10
virgins,10
example,10
during,10
yet,10
onna,10
would,10
femininity,10
shob,10
youth,10
seit,10
meaning,9
schools,9
history,9
being,9
setsu,9
j,9
self,9
modernity,9
space,9
beyond,9
out,9
masculinity,9
teacher,9
well,9
prewar,9
genre,9
explains,9
social,9
discourse,9
fujiko,9
yoshikawa,9
bluestocking,9
purity,9
meiji,9
different,9
particularly,9
seiai,9
mioko,9
josei,9
title,8
something,8
experience,8
t,8
all,8
desire,8
real,8
endings,8
issue,8
some,8
usage,8
thus,8
honda,8
york,8
how,8
uses,8
result,8
cannot,8
sense,8
family,8
always,8
he,8
may,8
innocence,8
nihon,8
number,8
ideas,8
seen,8
voice,8
hentai,8
friendships,8
kai,8
ending,7
possibilities,7
suicide,7
throughout,7
author,7
habuto,7
y,7
men,7
than,7
silence,7
his,7
growth,7
polite,7
age,7
important,7
path,7
writers,7
ck,7
actually,7
ward,7
yosano,7
when,7
furukawa,7
contemporary,7
taish,7
writings,7
students,7
like,7
written,7
internal,7
must,7
ni,7
feminist,7
writer,7
extremely,7
texts,7
does,6
now,6
becoming,6
essays,6
adolescence,6
vols,6
words,6
book,6
maru,6
continuum,6
development,6
perspective,6
invert,6
sisterhood,6
yaneura,6
narration,6
found,6
passionate,6
adolescent,6
jogakk,6
intermediate,6
issues,6
nishojo,6
up,6
inverted,6
various,6
iku,6
mainstream,6
ky,6
numata,6
power,6
many,6
fact,6
do,6
present,6
understanding,6
virgin,6
kurosh,6
actual,6
publication,6
bi,6
hst,6
article,6
become,6
discussing,6
education,6
translation,6
bungaku,6
simply,6
platonic,6
became,6
should,6
difficult,5
if,5
truth,5
abun,5
normality,5
seems,5
secondary,5
short,5
able,5
friend,5
those,5
mutual,5
collection,5
human,5
de,5
z,5
young,5
loneliness,5
sister,5
general,5
fr,5
simultaneously,5
normalcy,5
performance,5
developed,5
edward,5
days,5
too,5
character,5
based,5
sentence,5
younger,5
schoolgirl,5
concept,5
prominent,5
older,5
speaking,5
romance,5
stanford,5
ichi,5
shoten,5
using,5
sappho,5
protagonist,5
am,5
san,5
scientific,5
havelock,5
return,5
spoken,5
already,5
figure,5
death,5
man,5
hand,5
accepted,5
distance,5
disease,5
yo,5
asian,5
serialized,5
nothing,5
essay,5
began,5
any,5
ry,5
vicinus,5
novel,5
historical,5
past,5
quoted,5
sha,5
role,5
phenomenon,5
argues,5
surface,5
you,5
shift,5
joshi,5
tragic,5
critical,4
determine,4
complex,4
kinds,4
word,4
dol,4
tense,4
unnatural,4
western,4
pink,4
attempt,4
repr,4
beautiful,4
fully,4
last,4
state,4
california,4
context,4
key,4
inverts,4
heterosexuality,4
say,4
enter,4
due,4
interest,4
gauge,4
truly,4
critique,4
educators,4
whose,4
without,4
rather,4
na,4
importance,4
dialogue,4
understand,4
just,4
n,4
articulated,4
orientation,4
sexologist,4
perceived,4
expressed,4
encoding,4
plot,4
called,4
featured,4
late,4
having,4
psychopathia,4
los,4
reader,4
criticized,4
long,4
translated,4
novels,4
miss,4
ren,4
ase,4
feelings,4
temporary,4
roden,4
periods,4
comments,4
home,4
complete,4
representation,4
name,4
challenge,4
toward,4
wu,4
husband,4
manner,4
ch,4
underscores,4
maturity,4
rich,4
books,4
years,4
private,4
discussion,4
birth,4
made,4
expression,4
ties,4
features,4
educational,4
especially,4
sexualis,4
study,4
eiji,4
schoolgirls,4
yamada,4
ellipses,4
lovers,4
continued,4
becomes,4
wives,4
angeles,4
version,4
congenital,4
offers,4
butler,4
berkeley,4
kotoba,4
shuppan,4
expresses,4
very,4
rebellion,4
particular,4
psychology,4
suggests,4
tent,4
despite,4
describes,4
difference,4
physical,4
provided,4
association,4
specific,4
characters,4
dashes,4
close,4
matsuzaki,3
monogatari,3
ubukata,3
yamakawa,3
common,3
silences,3
trans,3
sakiko,3
reiko,3
live,3
authority,3
h,3
easily,3
bhabha,3
acceptance,3
kichi,3
organic,3
esu,3
leads,3
petals,3
explaining,3
originally,3
flowers,3
suggesting,3
together,3
emotion,3
normative,3
kurosawa,3
m,3
mind,3
opposite,3
wa,3
case,3
employs,3
takes,3
nar,3
reissued,3
gaps,3
primary,3
u,3
demands,3
faderman,3
e,3
richard,3
along,3
narrator,3
mid,3
lover,3
mashita,3
asahi,3
inner,3
media,3
century,3
kan,3
interprets,3
moment,3
distinct,3
allowing,3
explore,3
cultural,3
critics,3
recognized,3
reiterates,3
purely,3
mean,3
outward,3
titled,3
heard,3
eight,3
similar,3
leave,3
ippan,3
special,3
white,3
masquerade,3
von,3
means,3
suppression,3
changes,3
kami,3
marks,3
females,3
yellow,3
god,3
show,3
shorter,3
syntax,3
sho,3
whereas,3
closely,3
shiya,3
my,3
makoto,3
viewed,3
promise,3
katsuragi,3
orne,3
possibility,3
discours,3
aspects,3
directly,3
nagai,3
betrayed,3
brought,3
calls,3
komori,3
excessive,3
emotional,3
place,3
unrequited,3
jogakusei,3
surrounding,3
tears,3
interpreted,3
depicting,3
change,3
least,3
successful,3
poet,3
contrast,3
calling,3
underscoring,3
grow,3
presence,3
suddenly,3
impossible,3
fuji,3
mono,3
developmental,3
tai,3
highlights,3
graduation,3
wrote,3
says,3
shinbun,3
experiences,3
movement,3
whole,3
positive,3
ripp,3
inoue,3
strange,3
under,3
falls,3
note,3
seiyokugaku,3
resistance,3
frederick,3
again,3
addition,3
emotions,3
koi,3
shows,3
lives,3
punctuation,3
crush,3
break,3
zasshi,3
tokutar,3
end,3
observes,3
outside,3
took,3
kyo,3
ron,3
judith,3
necessary,3
shojo,3
installments,3
desires,3
upon,3
including,3
stuttering,3
questions,3
continue,3
theories,3
intimacy,3
deleuze,3
otoko,3
truths,3
three,3
express,3
kume,3
played,3
stresses,3
latter,3
imagination,3
effect,3
tanabe,3
probably,3
tanj,3
suggest,3
christian,3
signs,3
seiteki,3
strongly,3
itself,3
why,3
ing,3
hihy,3
articles,3
quotes,3
loving,3
symbol,3
sustained,3
set,3
outcome,3
seem,3
did,3
post,3
audience,3
mass,3
historian,3
rejection,3
born,3
hall,3
them,3
interpreting,3
presented,3
content,3
hy,3
tatsuko,3
allows,3
come,3
twentieth,3
course,3
gen,3
autumn,3
shells,3
instinct,3
themselves,3
transitory,3
given,3
much,3
among,3
ends,3
establishment,3
dokuhon,3
masu,2
chosakush,2
child,2
page,2
flow,2
masumi,2
ambivalence,2
later,2
tion,2
tsuchiya,2
nobo,2
created,2
extreme,2
takigawa,2
introduction,2
phonetic,2
per,2
chi,2
nostalgia,2
referring,2
ways,2
completely,2
ningen,2
decade,2
shadowy,2
hair,2
position,2
presents,2
kikue,2
criticizing,2
kenbunshi,2
princeton,2
highlight,2
predominantly,2
said,2
kata,2
passion,2
else,2
joseikan,2
certainly,2
connection,2
production,2
sad,2
feeling,2
sub,2
articulate,2
goal,2
asia,2
omedetai,2
knowing,2
hanamonogatari,2
feminism,2
toshihiko,2
potentially,2
typography,2
take,2
search,2
desu,2
genbun,2
principal,2
demeanor,2
saffron,2
segregated,2
kano,2
tragedy,2
similarities,2
less,2
pettis,2
con,2
classic,2
forthcoming,2
protagonists,2
plain,2
molony,2
histoire,2
america,2
chapter,2
takada,2
determined,2
melodrama,2
player,2
erased,2
move,2
west,2
combination,2
seiyoku,2
ide,2
melitta,2
itchi,2
exist,2
divide,2
central,2
member,2
phase,2
explained,2
preheterosexual,2
reinscription,2
incompleteness,2
against,2
center,2
characteristic,2
gendered,2
bimy,2
highlighting,2
nonmasculine,2
betray,2
decided,2
koro,2
keep,2
refer,2
radclyffe,2
six,2
left,2
kaeranu,2
reflexively,2
subversive,2
longing,2
articulates,2
reflects,2
safuran,2
hana,2
influential,2
felder,2
komashaku,2
supplement,2
ex,2
sarah,2
enabled,2
danger,2
animals,2
glbtq,2
provides,2
stutters,2
sai,2
circulated,2
praise,2
source,2
languages,2
clearly,2
frequently,2
lester,2
commonly,2
dorm,2
notions,2
differentiate,2
instance,2
visibly,2
signification,2
permanent,2
admiration,2
graduates,2
talking,2
reprinted,2
acceptable,2
walk,2
someone,2
panfuretto,2
hands,2
melancholia,2
typical,2
taboo,2
effort,2
embracing,2
shita,2
changed,2
format,2
tells,2
primacy,2
illness,2
constantly,2
inaugural,2
base,2
im,2
pre,2
academic,2
fans,2
okeru,2
sentimental,2
tenmin,2
osaka,2
demanding,2
blossoms,2
iinkai,2
explain,2
schema,2
creates,2
depictions,2
scene,2
future,2
yamamoto,2
correctly,2
bolster,2
blue,2
repetition,2
heart,2
feminizumu,2
negative,2
description,2
describe,2
people,2
personal,2
homi,2
couple,2
project,2
harmless,2
bildungsroman,2
challenging,2
attraction,2
either,2
earth,2
creating,2
level,2
field,2
things,2
stage,2
involve,2
next,2
degeneracy,2
quite,2
small,2
openly,2
underscore,2
influence,2
boundaries,2
motherhood,2
proper,2
submitting,2
gilles,2
value,2
newly,2
pflug,2
valuable,2
akogare,2
reiterating,2
barbara,2
shinsetsu,2
therefore,2
sakurai,2
identified,2
indeed,2
thoughts,2
enables,2
limited,2
play,2
community,2
make,2
manifest,2
adrienne,2
wind,2
guide,2
once,2
lezubianizumu,2
interpretation,2
ellipsis,2
makes,2
devotion,2
dreams,2
thought,2
freely,2
jendaa,2
chronology,2
us,2
light,2
zorasha,2
gay,2
noted,2
increasingly,2
rise,2
discussions,2
koto,2
mark,2
deshita,2
voices,2
l,2
decorative,2
motifs,2
speaks,2
maternal,2
buntai,2
appeared,2
choice,2
teachers,2
inevitably,2
children,2
suppressed,2
pamphlet,2
sekai,2
deviancy,2
forms,2
signifying,2
thou,2
where,2
road,2
otake,2
validity,2
shinbunsha,2
tell,2
shite,2
routledge,2
halberstam,2
shifts,2
going,2
day,2
hidemi,2
junketsu,2
analyzed,2
bond,2
kathleen,2
father,2
considering,2
mothers,2
values,2
trajectory,2
previously,2
komatsu,2
wonder,2
dress,2
harvard,2
full,2
imagery,2
significance,2
quotation,2
subtle,2
reality,2
authors,2
individual,2
times,2
evening,2
started,2
characterized,2
spread,2
so,2
function,2
orokashiki,2
inadequacies,2
collected,2
ended,2
practiced,2
earlier,2
standard,2
intrinsic,2
corrupt,2
repeated,2
iwaya,2
eyes,2
reads,2
interpretations,2
exactly,2
jotachi,2
hi,2
yumani,2
shiru,2
parameters,2
tendency,2
amateur,2
chikuma,2
attention,2
widely,2
visit,2
separate,2
fukkokuban,2
factors,2
oxford,2
toshir,2
me,2
decadent,2
george,2
provide,2
crucial,2
usually,2
nendai,2
ideology,2
begin,2
foreword,2
recognizes,2
binary,2
hensh,2
legitimacy,2
recognize,2
sakamoto,2
continually,2
fall,2
michael,2
senji,2
strategically,2
examine,2
problematic,2
sound,2
ano,2
claims,2
ration,2
contained,2
uno,2
then,2
comes,2
complexity,2
conjunction,2
ever,2
extension,2
known,2
sedgwick,2
mannish,2
constructed,2
perversion,2
quickly,2
natural,2
over,2
partner,2
paper,2
current,2
inquiry,2
kaih,2
linked,2
jennifer,2
happiness,2
type,2
dormitory,2
suffering,2
zoku,2
reproduce,2
whether,2
selected,2
bers,2
list,2
making,2
calif,2
storm,2
shiry,2
hont,2
boys,2
vis,2
deatta,2
typographic,2
kaisetsu,2
suspicion,2
signify,2
hondo,2
daishi,2
hiromi,2
martha,2
fujo,2
yoshitake,2
megutte,2
lillian,2
multiple,2
michi,2
subject,2
endures,2
sakai,2
assumptions,2
challenges,2
nanji,2
aspect,2
waves,2
terminal,2
connotes,2
named,2
indiana,2
question,2
maeda,2
reveals,2
cambridge,2
patriarchy,2
abridged,2
bunka,2
write,2
accept,2
contributed,2
actively,2
typically,2
define,2
need,2
presenting,2
speak,2
news,2
c,2
haeberle,2
masuko,2
create,2
views,2
comma,2
ab,2
famous,2
alberta,2
freud,1
taste,1
problem,1
final,1
ini,1
bungei,1
incited,1
intricate,1
amining,1
nandai,1
shinjitsu,1
fined,1
currently,1
mostly,1
takarazuka,1
struggle,1
transforming,1
validation,1
stu,1
voiced,1
unperceived,1
otome,1
flourished,1
mannenhitsu,1
commentary,1
gensetsu,1
hiroshi,1
pleteness,1
toyoko,1
sigmund,1
represent,1
judging,1
environmental,1
physicality,1
fingers,1
egusa,1
college,1
struggled,1
legitimate,1
resisting,1
red,1
signpost,1
implies,1
liberating,1
measures,1
poignant,1
fron,1
decipher,1
adoption,1
yamaguchi,1
mountains,1
wavered,1
educator,1
notably,1
ory,1
linguistic,1
germany,1
passing,1
informational,1
articulating,1
paradoxically,1
told,1
reflection,1
larly,1
interrogates,1
integrity,1
denied,1
essentializing,1
jokai,1
offerings,1
incom,1
quaking,1
identify,1
terminated,1
anchor,1
bouquet,1
columns,1
zensh,1
second,1
authorize,1
evocative,1
polarities,1
baka,1
strictly,1
embar,1
di,1
sudden,1
rogative,1
uted,1
tabula,1
conscious,1
shunj,1
ardent,1
censure,1
seizabur,1
duke,1
former,1
seken,1
oppressive,1
signifies,1
friihs,1
kawade,1
necessarily,1
unlike,1
carroll,1
occurred,1
invent,1
kawamura,1
psychic,1
total,1
insisting,1
menarche,1
biographical,1
communicating,1
feels,1
bunkensh,1
opens,1
lezubiantachi,1
edu,1
shutai,1
variety,1
eager,1
sequential,1
offering,1
overuse,1
temperament,1
turning,1
chooses,1
shibund,1
redefines,1
fabric,1
highlighted,1
seikatsu,1
expanding,1
invoking,1
guru,1
disturb,1
forgive,1
defeated,1
evil,1
twilight,1
beneficial,1
earning,1
inc,1
sources,1
please,1
every,1
winning,1
bundan,1
curtailed,1
fifteenth,1
flavor,1
derives,1
tablishment,1
kataru,1
interested,1
entailed,1
hood,1
abe,1
attempts,1
exotic,1
might,1
address,1
masturbation,1
homo,1
kojin,1
refusal,1
terrain,1
rare,1
allow,1
degree,1
prestigious,1
indicative,1
laughter,1
dreaming,1
friendly,1
reinserts,1
vernacularism,1
shaped,1
prejudices,1
groups,1
attractive,1
hinting,1
tradition,1
skills,1
divorce,1
belong,1
broadly,1
broken,1
accompanied,1
rekishikan,1
featuring,1
tobiography,1
simple,1
confusion,1
tural,1
thank,1
akumademo,1
homosexual,1
spaced,1
peichen,1
studied,1
inherent,1
government,1
incident,1
aloud,1
housewife,1
monologue,1
transforms,1
mag,1
reveal,1
onto,1
ibunka,1
launched,1
products,1
vic,1
evolving,1
feature,1
shizen,1
ob,1
exercises,1
alert,1
trouble,1
containment,1
dents,1
political,1
sicians,1
somewhat,1
grad,1
committed,1
superficially,1
oscillating,1
confused,1
daniel,1
stopped,1
nonvocalization,1
dearuldeatta,1
yamai,1
gozarimasu,1
system,1
theoretical,1
akin,1
mase,1
side,1
forum,1
depending,1
ascribed,1
fused,1
dissemination,1
hell,1
incredulous,1
famously,1
abbreviated,1
rereading,1
inadequate,1
serialize,1
dying,1
east,1
mei,1
capacity,1
prone,1
chosaku,1
daigaku,1
doubtlessly,1
killed,1
great,1
rejected,1
addresses,1
sociolinguistics,1
nen,1
matisoff,1
stereotype,1
silently,1
suppress,1
felt,1
possible,1
politics,1
hirotsu,1
bloom,1
subaltern,1
sibilities,1
exhibits,1
ret,1
picks,1
ideorogii,1
october,1
nashona,1
bisexual,1
ings,1
driver,1
osexuality,1
yoku,1
abnor,1
teruko,1
alone,1
professor,1
kinokuniya,1
diss,1
fication,1
supply,1
reflecting,1
x,1
biblical,1
rela,1
dur,1
immoral,1
ransha,1
sent,1
laws,1
compo,1
loudly,1
haruka,1
negotiation,1
sakka,1
kankei,1
innovator,1
interviews,1
manent,1
despicable,1
unhappy,1
identifies,1
fragment,1
reichert,1
prejudice,1
behavior,1
pursuing,1
garden,1
aberrations,1
otokogata,1
framework,1
nostalgic,1
naoki,1
relies,1
regarding,1
shiro,1
possessing,1
keisatsu,1
taiy,1
pen,1
hears,1
decrying,1
deserving,1
includes,1
okokoromoch,1
gakugei,1
malformation,1
review,1
married,1
dew,1
translates,1
reestablishes,1
ayako,1
schoolteacher,1
targeting,1
walthall,1
dotted,1
melodramatic,1
mine,1
agreement,1
reject,1
medical,1
initial,1
psy,1
mizuta,1
disarming,1
cognizant,1
hawegawa,1
g,1
integral,1
doctor,1
conformation,1
police,1
struggles,1
bodily,1
attained,1
intact,1
subverts,1
authoritative,1
regarded,1
interchangeably,1
flurry,1
brother,1
num,1
relations,1
tomimoto,1
consumer,1
sabine,1
club,1
veneer,1
heightened,1
composure,1
katei,1
ference,1
addressing,1
nurtured,1
little,1
exam,1
seeming,1
overly,1
expected,1
cancellation,1
farewell,1
transgender,1
melancholic,1
transitional,1
turn,1
hold,1
refuses,1
cases,1
nelson,1
abandons,1
affectionate,1
precludes,1
developments,1
monma,1
old,1
genzai,1
indictment,1
illuminates,1
problematize,1
nondifferentiation,1
visions,1
rizumu,1
unspeakable,1
ephemeral,1
gokko,1
illogic,1
star,1
body,1
compulsory,1
http,1
enkaku,1
occurs,1
dearly,1
compared,1
assertive,1
arranged,1
continuous,1
effective,1
danseiteki,1
mistress,1
publications,1
popularity,1
overwhelmed,1
beginning,1
unequivocally,1
nikuteki,1
hybrid,1
baroque,1
sin,1
micsuzuk,1
seikatsushi,1
keifu,1
teyo,1
dysphoric,1
pos,1
details,1
fool,1
apparently,1
wet,1
deeply,1
mirable,1
simplistic,1
sarcastically,1
wilmington,1
sareteirutte,1
nikutaiteki,1
subversion,1
sodomy,1
sisters,1
eral,1
cites,1
ment,1
negativity,1
bunkan,1
henk,1
ments,1
celebrating,1
saishoku,1
kept,1
mentoring,1
kimariga,1
transhistorical,1
themes,1
mechanisms,1
site,1
slant,1
arashi,1
opposed,1
deviation,1
wealthiest,1
denunciation,1
go,1
maritii,1
wishes,1
kissing,1
adequate,1
town,1
point,1
umi,1
heaven,1
shinshi,1
jiten,1
rewriting,1
sakuin,1
educationalmaterial,1
tanky,1
act,1
blew,1
unified,1
erwin,1
links,1
managing,1
main,1
sentences,1
across,1
happily,1
synchronie,1
stop,1
remain,1
excerpts,1
ra,1
interwar,1
takahashi,1
en,1
landscape,1
kei,1
borrowing,1
annette,1
enon,1
entai,1
presentation,1
myself,1
remote,1
daga,1
didactic,1
depicts,1
represented,1
realizes,1
goes,1
phrases,1
preparatory,1
inscribe,1
persistent,1
legal,1
shinri,1
humanity,1
polarized,1
se,1
fujiwara,1
variant,1
contrib,1
futari,1
hearing,1
unfeminine,1
derground,1
desperately,1
ulti,1
tionship,1
trace,1
awareness,1
scattered,1
front,1
risks,1
characterizes,1
guides,1
mal,1
shining,1
unchanging,1
liburoporto,1
soul,1
references,1
eighteen,1
send,1
hasegawa,1
category,1
escape,1
colonizing,1
nor,1
dering,1
kunimitsu,1
presumably,1
wanted,1
consider,1
auspicious,1
needless,1
shakai,1
entry,1
established,1
discouraged,1
familiar,1
derogatory,1
bursts,1
emergence,1
sick,1
mokuren,1
disequilibrium,1
yoriko,1
section,1
edition,1
threatening,1
imitation,1
completion,1
receiving,1
shaking,1
house,1
ality,1
egakareta,1
instrument,1
dasei,1
missionaries,1
fore,1
w,1
upper,1
ronsha,1
preventative,1
kinen,1
situations,1
jinbutsu,1
four,1
outspoken,1
ministers,1
linguistics,1
porary,1
sachie,1
additional,1
origins,1
confuse,1
encouragement,1
follow,1
aijin,1
mechanicals,1
severed,1
azine,1
lifelong,1
defines,1
inappropriateness,1
stark,1
waruiya,1
ful,1
undisciplined,1
oppression,1
romanticizing,1
tragedies,1
hate,1
odd,1
liberally,1
lust,1
hetero,1
david,1
suggested,1
strengthen,1
stands,1
myths,1
tomi,1
grammatically,1
fluid,1
kokudosha,1
friends,1
descriptive,1
tween,1
diachronic,1
gregory,1
homosociality,1
pledges,1
lock,1
lead,1
columbia,1
priori,1
sory,1
prefecture,1
asserts,1
treichler,1
appearance,1
train,1
entered,1
aishiau,1
westernized,1
color,1
access,1
sequel,1
narrated,1
sono,1
seven,1
narrating,1
lived,1
conventionally,1
deal,1
chiky,1
disturbs,1
heter,1
shared,1
ocean,1
shish,1
rooms,1
pass,1
kotodomo,1
fending,1
radical,1
stocking,1
chiyo,1
pain,1
nurturing,1
endeavor,1
erates,1
halperin,1
melancholy,1
burst,1
netsu,1
punishment,1
circulation,1
imparts,1
duus,1
rebellious,1
further,1
guise,1
tainin,1
tosho,1
standardized,1
mascu,1
pointing,1
traits,1
though,1
izing,1
viewpoints,1
durham,1
displayed,1
youthful,1
circular,1
stressing,1
mate,1
dys,1
lesbi,1
accentuate,1
chastisement,1
kristeva,1
intertwined,1
lets,1
lesbians,1
sport,1
explored,1
absolute,1
required,1
ichir,1
find,1
opposition,1
prayer,1
types,1
sustenance,1
expressions,1
tially,1
criteria,1
seiko,1
sentimentality,1
distinguishes,1
jim,1
failure,1
tack,1
christianity,1
tempt,1
discordance,1
julia,1
iundesutte,1
line,1
immeasurable,1
mandatory,1
inferred,1
arusu,1
scope,1
received,1
narratives,1
mem,1
niigata,1
tool,1
nurtures,1
pinks,1
ku,1
r,1
alerts,1
shis,1
gakuy,1
hardships,1
explication,1
london,1
discusses,1
natte,1
british,1
unfinished,1
original,1
closed,1
nation,1
promiscuity,1
dokusho,1
exudes,1
feared,1
infant,1
bunsha,1
shocking,1
loss,1
afar,1
sexually,1
realm,1
gave,1
chology,1
arimasu,1
overtly,1
broad,1
faint,1
falling,1
moments,1
participated,1
beads,1
statistics,1
boom,1
compatible,1
device,1
music,1
focuses,1
ichiro,1
fujimori,1
ogura,1
employed,1
kosofsky,1
bidding,1
janice,1
sexism,1
oshiya,1
sun,1
won,1
hamanadeshiko,1
status,1
strengthened,1
washington,1
leans,1
jinkaku,1
lips,1
transmit,1
contradictions,1
hidden,1
approach,1
unmarried,1
nippon,1
unremarkable,1
good,1
multiplicity,1
npflugfelder,1
nurture,1
dramatic,1
caused,1
mately,1
fulfilled,1
carriage,1
useful,1
hanover,1
especial,1
reinforces,1
dollase,1
socialist,1
dictionary,1
hanashi,1
protest,1
fumiko,1
intellectuals,1
le,1
emphasizes,1
instru,1
claim,1
night,1
involved,1
specifically,1
chas,1
netsuai,1
simulation,1
imbues,1
unblemished,1
recognition,1
erature,1
altered,1
noncommunication,1
legitimize,1
depression,1
psychological,1
supposedly,1
ts,1
observe,1
shadows,1
sanga,1
convey,1
essentially,1
platform,1
codes,1
deviant,1
renegotiated,1
mixing,1
da,1
engages,1
stringed,1
su,1
subjection,1
ariko,1
barely,1
visible,1
articulation,1
kimi,1
graduating,1
datta,1
passivity,1
filling,1
kanai,1
citations,1
compul,1
matured,1
reciprocated,1
roots,1
cycle,1
bara,1
beauty,1
toiu,1
prizes,1
ghost,1
grateful,1
homogenic,1
harumi,1
undesirable,1
aiyoku,1
rang,1
readership,1
avoid,1
rehearsal,1
subsequently,1
advertised,1
musabetsuki,1
essayist,1
liberation,1
reverberating,1
uncommon,1
seidosha,1
likely,1
transform,1
underground,1
exterior,1
chains,1
gah,1
forever,1
lit,1
matter,1
keogh,1
practices,1
unsensational,1
reconfigures,1
letters,1
shikku,1
scholarly,1
kaibunsha,1
action,1
cheerfulness,1
jobun,1
unification,1
tises,1
incorrect,1
separation,1
happy,1
ochanomizu,1
drama,1
service,1
expansion,1
masaru,1
queer,1
acknowledged,1
jogaku,1
brief,1
kenbo,1
oversight,1
apologizing,1
forbidden,1
fruitless,1
eloquently,1
gift,1
etc,1
allen,1
shaki,1
above,1
izumi,1
echoing,1
darkness,1
kokugo,1
several,1
ignorant,1
transgressing,1
dawa,1
standing,1
outer,1
modes,1
closet,1
artist,1
hero,1
cultivate,1
sanitize,1
schoolboys,1
direction,1
recess,1
fingertips,1
jik,1
reit,1
stuttered,1
worked,1
sincere,1
ining,1
flux,1
depicted,1
sweeping,1
simultaneous,1
jaanaru,1
kanrin,1
criticism,1
ansorojii,1
usages,1
vignettes,1
selling,1
violence,1
reference,1
daiichi,1
refusing,1
revisiting,1
furigana,1
fic,1
disorderly,1
endless,1
signi,1
disappeared,1
heny,1
kurabu,1
wearing,1
positing,1
mediately,1
formally,1
instinctive,1
challenged,1
official,1
ne,1
yum,1
defers,1
amidst,1
mitting,1
index,1
specimens,1
unwin,1
shook,1
vows,1
nichibei,1
rasa,1
acting,1
included,1
nuns,1
gendering,1
publishing,1
experimental,1
pseudonym,1
demonstrates,1
yomikaeru,1
switch,1
unsullied,1
intense,1
rape,1
tsukue,1
departing,1
department,1
touching,1
foolishness,1
ji,1
begins,1
celebrates,1
mich,1
overflowing,1
innate,1
arranging,1
snow,1
journalist,1
meets,1
picture,1
flee,1
fill,1
volume,1
saik,1
tries,1
street,1
fan,1
shinj,1
interiority,1
hon,1
members,1
quacy,1
genshi,1
ognized,1
nanshoku,1
structures,1
omission,1
jinrui,1
fell,1
interrogating,1
sawada,1
postcolonial,1
muk,1
reporting,1
rejects,1
bunsh,1
rock,1
contin,1
towards,1
projects,1
ships,1
desiring,1
smith,1
intending,1
seidoteki,1
subscribes,1
unparalleled,1
coincidence,1
katakana,1
overwhelming,1
fundamental,1
conduct,1
scholars,1
areas,1
minnesota,1
walked,1
creative,1
centered,1
agree,1
depict,1
kikai,1
attempting,1
centrism,1
enable,1
parting,1
really,1
associates,1
beloved,1
doubt,1
variation,1
intimated,1
nakayama,1
fashion,1
pattern,1
reflect,1
kazue,1
discussed,1
override,1
beliefs,1
serious,1
anne,1
aggressive,1
documents,1
faints,1
genealogy,1
tuts,1
performances,1
model,1
shown,1
consummation,1
layers,1
discuss,1
developing,1
purposes,1
novelist,1
joseishi,1
establish,1
income,1
yume,1
participate,1
heavily,1
ularizing,1
authenticate,1
shufu,1
minneapolis,1
maneuver,1
showing,1
invitation,1
perhaps,1
shind,1
linity,1
eds,1
jiden,1
ficiality,1
cul,1
victimized,1
dylan,1
threats,1
gives,1
free,1
ikushi,1
hikage,1
poli,1
violent,1
silencing,1
raped,1
shirayuri,1
discourses,1
ternally,1
excerpt,1
greatest,1
exhibit,1
meaningful,1
vast,1
art,1
kond,1
admits,1
churches,1
intimate,1
barale,1
suicides,1
genres,1
resources,1
range,1
phoria,1
prohibition,1
active,1
un,1
pop,1
shosha,1
miyako,1
sixth,1
looking,1
preys,1
junjir,1
worship,1
beloveds,1
medium,1
iwabuchi,1
daini,1
notebook,1
murdered,1
rec,1
theorization,1
denies,1
combining,1
affection,1
imeji,1
rivers,1
feminists,1
inherently,1
congress,1
submitted,1
pleasure,1
bitter,1
anism,1
styles,1
yomu,1
nenp,1
inade,1
markers,1
previous,1
inori,1
reinforcing,1
complicated,1
rassing,1
accoutrements,1
kiteki,1
kakkata,1
mura,1
syllabary,1
pline,1
anthology,1
maid,1
open,1
meanings,1
monoshirich,1
otsuki,1
habit,1
reputation,1
sustain,1
peter,1
ketsu,1
logic,1
aberrant,1
evils,1
august,1
held,1
eve,1
disappoint,1
allowed,1
toshite,1
reviewers,1
threw,1
aposiopesis,1
direct,1
budding,1
parts,1
him,1
depiction,1
distinction,1
paths,1
filled,1
accurate,1
illicit,1
satoko,1
peer,1
greco,1
pupil,1
came,1
expressing,1
thomas,1
class,1
faith,1
closing,1
graphic,1
es,1
random,1
aki,1
sabetsuki,1
guilt,1
ribbon,1
mamoru,1
juncture,1
disgusting,1
relation,1
kaneko,1
epistemology,1
overcome,1
wise,1
pro,1
mainly,1
imago,1
www,1
enjoyed,1
decides,1
concepts,1
mokuji,1
proceedings,1
expand,1
postwar,1
watakushi,1
shomin,1
equivalent,1
noriko,1
selfishness,1
save,1
itoguchi,1
saw,1
celebrity,1
engagement,1
professional,1
ago,1
embodied,1
recurring,1
sur,1
pupils,1
behind,1
kibara,1
mittsu,1
brown,1
aij,1
sented,1
motif,1
reluctant,1
performing,1
unwittingly,1
enfolded,1
depth,1
mita,1
penguin,1
gendai,1
imply,1
arntzen,1
stems,1
today,1
perspectives,1
masse,1
wisdom,1
independent,1
tomo,1
nishi,1
science,1
osamu,1
maier,1
kenneth,1
foreign,1
okano,1
nh,1
vision,1
plays,1
practitioners,1
maps,1
prose,1
foster,1
fear,1
resistant,1
congenitally,1
inside,1
lines,1
leslie,1
dansh,1
inference,1
institutions,1
attempted,1
clothes,1
venues,1
transformed,1
rethinking,1
hanshizen,1
paves,1
force,1
aisuru,1
distorting,1
velopment,1
lawrence,1
visual,1
sleeves,1
overlap,1
interplay,1
semegiau,1
anxiety,1
area,1
countries,1
length,1
contributor,1
html,1
linking,1
aina,1
shortened,1
boon,1
daldatta,1
ad,1
nuance,1
erupts,1
construction,1
analysis,1
kill,1
dewa,1
enhance,1
honno,1
provisionally,1
disci,1
yarn,1
vow,1
nishida,1
kitada,1
face,1
remains,1
publica,1
commenting,1
interpretive,1
susan,1
jarring,1
clinical,1
pression,1
stable,1
matters,1
cary,1
stephen,1
sections,1
versation,1
assistant,1
environment,1
publicly,1
valuing,1
suggestions,1
admonishes,1
nyonin,1
rarely,1
uttered,1
growing,1
postmodern,1
nenpu,1
abandonment,1
preface,1
protect,1
conclusion,1
doubtless,1
seikaku,1
incorporated,1
existence,1
chiisaki,1
kansatsu,1
tomoshi,1
determinants,1
appears,1
symbolic,1
elicited,1
scrutiny,1
tics,1
explicate,1
dualistic,1
mourn,1
few,1
kara,1
dearu,1
sciences,1
alternative,1
appre,1
feminismo,1
couples,1
cover,1
kindaiteki,1
oidesulmasu,1
highly,1
know,1
kakure,1
insistently,1
deficiencies,1
control,1
introducing,1
image,1
monthly,1
versive,1
henry,1
proponents,1
shares,1
cultures,1
tuberculosis,1
worth,1
share,1
irruption,1
folk,1
prolific,1
seriously,1
setting,1
nent,1
believe,1
illnesses,1
celebratory,1
best,1
sonja,1
ink,1
down,1
criture,1
bifurcated,1
ph,1
constructions,1
domestic,1
visiting,1
draws,1
yukie,1
kyog,1
foundation,1
concurrently,1
teaches,1
ciate,1
vibrant,1
hysteria,1
compliance,1
degenerates,1
grey,1
obviously,1
servation,1
ozawa,1
perfectly,1
reconfiguring,1
precarious,1
ordered,1
reflected,1
vicarious,1
build,1
childbirth,1
examining,1
magnolia,1
explicitly,1
ambivalent,1
closest,1
junbungaku,1
particu,1
shorin,1
living,1
mitsuko,1
turned,1
following,1
ologists,1
defend,1
defending,1
rimer,1
attain,1
reconfigured,1
condemning,1
notable,1
perceiving,1
award,1
combined,1
unique,1
phenom,1
leucadian,1
ornate,1
stability,1
ones,1
stance,1
plants,1
want,1
antipathic,1
trope,1
sociology,1
nearby,1
rumiko,1
series,1
maintain,1
year,1
map,1
writes,1
theory,1
taishoku,1
ceased,1
unnecessary,1
tightly,1
leaving,1
fight,1
extent,1
loved,1
dream,1
jid,1
undo,1
rating,1
projection,1
dark,1
annual,1
strings,1
imperial,1
murasaki,1
generally,1
nuances,1
aren,1
diffusing,1
spaces,1
kodomo,1
kiyoshi,1
onnagata,1
emergent,1
poems,1
careful,1
tifies,1
reify,1
attachments,1
met,1
attached,1
useit,1
shi,1
uniform,1
hen,1
klyoko,1
postschool,1
sea,1
wazurai,1
osu,1
ta,1
lesbianism,1
publishers,1
bibunch,1
authentic,1
tsuki,1
turns,1
sareru,1
thin,1
transition,1
disciplines,1
step,1
controls,1
rigid,1
duction,1
com,1
torian,1
daraku,1
sexuaritii,1
grossberg,1
mesu,1
arguments,1
multilayered,1
families,1
homosexuality,1
chikad,1
definitions,1
au,1
think,1
construed,1
categorization,1
paula,1
our,1
mentor,1
okuda,1
superseded,1
promoted,1
runs,1
idealism,1
soft,1
acceptability,1
ultimately,1
until,1
hiroko,1
gens,1
distinguish,1
differentiation,1
editor,1
ledge,1
rediscovery,1
donald,1
web,1
numerous,1
institutional,1
authored,1
national,1
emotive,1
unease,1
discursive,1
aware,1
mode,1
tactical,1
iden,1
dangerous,1
documentation,1
phy,1
instead,1
fatal,1
dense,1
flourishes,1
broader,1
evidence,1
onnd,1
opinions,1
mas,1
arti,1
regular,1
attributes,1
shameful,1
ryoku,1
insinuates,1
colleagues,1
forming,1
off,1
regain,1
grapple,1
saiwai,1
uation,1
embodies,1
walking,1
recalling,1
rout,1
increased,1
uum,1
surgeons,1
traveling,1
kawa,1
ruth,1
anonymous,1
joseiron,1
discrimination,1
kihan,1
tionalism,1
minami,1
sen,1
attending,1
jitsugy,1
lily,1
desk,1
gordon,1
bell,1
kenbunsha,1
caress,1
kensuke,1
encyclopedia,1
element,1
abroad,1
lovesick,1
tactic,1
develop,1
tispiece,1
abandoned,1
winston,1
re,1
heir,1
focus,1
immediately,1
conventions,1
strong,1
mature,1
dedicatory,1
recent,1
dif,1
fictions,1
virtue,1
ga,1
meeting,1
daughter,1
roles,1
termed,1
happiest,1
furoku,1
major,1
occur,1
contem,1
increase,1
perpetual,1
ue,1
destabilizes,1
