WORDCOUNTS,WEIGHT
the,9
of,8
love,7
a,6
in,5
our,4
your,3
on,3
from,2
woman,2
you,2
knowing,2
we,2
than,2
pleasure,2
or,2
dew,1
at,1
skin,1
expect,1
blades,1
pawns,1
indian,1
climbing,1
hissing,1
this,1
two,1
air,1
tail,1
menses,1
proud,1
running,1
times,1
bitch,1
blackheads,1
velvet,1
like,1
feeling,1
spread,1
pluck,1
voices,1
day,1
things,1
phone,1
know,1
grass,1
chasing,1
over,1
some,1
fluid,1
mechanics,1
sagging,1
night,1
all,1
literature,1
ivory,1
morning,1
sitting,1
are,1
edgeless,1
easier,1
noses,1
for,1
their,1
mothers,1
slippery,1
life,1
drying,1
peace,1
sleep,1
moles,1
and,1
out,1
early,1
when,1
song,1
closer,1
beds,1
whistling,1
hushed,1
lawns,1
itch,1
backs,1
us,1
hounds,1
falling,1
recurring,1
sky,1
arithmetic,1
pack,1
close,1
then,1
come,1
