WORDCOUNTS,WEIGHT
the,565
of,419
and,204
in,200
to,186
is,182
a,181
that,126
as,97
s,95
it,80
for,72
la,70
celestina,68
by,62
his,60
this,59
de,58
its,56
but,45
love,44
her,44
not,42
with,41
an,40
be,40
text,39
lozana,34
also,34
he,32
more,31
que,29
no,28
has,26
gilman,26
i,25
which,25
print,25
literature,24
between,24
philology,23
language,23
on,23
at,22
if,21
law,21
death,21
are,21
reading,20
y,20
only,20
from,20
delicado,19
one,19
even,19
god,19
she,19
martyrdom,18
thus,18
literary,18
el,17
calisto,17
when,17
or,17
same,17
identity,17
christian,17
any,17
their,16
alienation,16
would,16
word,15
diego,15
desire,15
erotic,15
just,15
most,15
silva,15
itself,15
while,15
author,14
en,14
courtly,14
however,14
pedro,14
san,14
see,14
so,14
can,14
marranism,14
harst,13
celestinesque,13
philological,13
problem,13
framework,12
martyr,12
sense,12
read,12
joachim,12
natural,12
melibea,12
does,11
important,11
passion,11
meaning,11
con,11
may,11
bond,11
rojas,11
ed,11
true,10
words,10
there,10
precisely,10
since,10
than,10
los,10
example,10
mi,10
up,10
religious,10
fact,10
time,10
por,10
alvaro,10
here,10
namely,10
have,10
first,9
lover,9
turn,9
rather,9
could,9
world,9
double,9
refers,9
like,9
mask,9
been,9
becomes,9
then,9
them,9
knot,9
both,9
characters,9
way,8
commentary,8
every,8
seems,8
kind,8
him,8
section,8
m,8
contrast,8
quite,8
will,8
play,8
converso,8
become,8
theatrical,8
ln,8
felides,8
must,8
texts,8
some,8
they,7
into,7
being,7
pleberio,7
madrid,7
marrano,7
bawd,7
without,7
how,7
phrases,7
was,7
ambiguity,7
out,7
term,7
because,7
work,7
phrase,7
allaigre,7
cátedra,7
two,7
strategies,7
another,7
understanding,7
yo,7
means,7
who,7
life,7
commonplace,7
whether,7
metaphor,7
whinnom,7
e,6
stoic,6
hence,6
divine,6
segunda,6
notion,6
mary,6
union,6
del,6
interpretation,6
under,6
certainly,6
name,6
inquisition,6
idea,6
do,6
model,6
como,6
upon,6
use,6
pandulfo,6
me,6
note,6
silvano,6
amor,6
very,6
show,6
question,6
cambridge,6
andaluza,6
francisco,6
o,5
later,5
transcendent,5
ambiguous,5
sexual,5
implies,5
point,5
persecuted,5
such,5
gospel,5
general,5
explicit,5
legal,5
mourning,5
undermines,5
inherent,5
commonplaces,5
reader,5
explains,5
authenticity,5
people,5
poesía,5
own,5
indeed,5
about,5
once,5
makes,5
social,5
many,5
simple,5
utterance,5
prostitute,5
why,5
más,5
transcendence,5
relation,5
story,5
figure,5
often,5
analysis,5
las,5
implicit,5
remains,5
should,5
ambivalence,4
jure,4
complex,4
expression,4
studies,4
character,4
presents,4
princeton,4
hints,4
t,4
sources,4
all,4
seneca,4
reveal,4
written,4
account,4
activity,4
reaction,4
vanity,4
dynamic,4
literal,4
himself,4
topos,4
perspective,4
marriage,4
whose,4
gryphius,4
process,4
similar,4
se,4
reason,4
zepp,4
feliciano,4
instance,4
strategy,4
closely,4
my,4
radical,4
unions,4
furthermore,4
doesn,4
spiritual,4
opposition,4
scene,4
contradictions,4
order,4
theater,4
allusions,4
breaking,4
deyermond,4
imagery,4
still,4
jesus,4
represents,4
sex,4
salutary,4
topical,4
these,4
representation,4
christ,4
spain,4
less,4
lost,4
herself,4
described,4
three,4
montalbán,4
effect,4
rhetorical,4
figures,4
justice,4
commentator,4
criminal,4
case,4
knows,4
suffering,4
what,4
making,4
mere,4
popular,4
lies,4
writing,4
arnalte,4
although,4
spectator,4
focus,4
much,4
recent,4
dos,4
tus,4
significant,3
persecución,3
miguel,3
introduction,3
jews,3
macpherson,3
earthly,3
modern,3
ian,3
cevil,3
feels,3
supposedly,3
stylistic,3
baranda,3
fortune,3
fernando,3
masked,3
saying,3
significance,3
pasión,3
lovesick,3
steadfastness,3
mine,3
inner,3
g,3
te,3
topic,3
self,3
david,3
ñudos,3
consequently,3
seal,3
invites,3
cites,3
claude,3
essential,3
act,3
essence,3
adds,3
completely,3
represented,3
certain,3
persons,3
supposed,3
understand,3
image,3
louise,3
imitation,3
saint,3
lucenda,3
nefija,3
uses,3
plot,3
called,3
rent,3
heaven,3
sentence,3
cannot,3
absolute,3
distinguish,3
line,3
emphasis,3
claim,3
concept,3
psychological,3
su,3
calls,3
superficiality,3
continuations,3
alan,3
exemplary,3
strict,3
next,3
sake,3
gloria,3
describes,3
questioning,3
therefore,3
second,3
scelus,3
might,3
framing,3
object,3
establishes,3
duplicity,3
muerte,3
enigmatic,3
si,3
already,3
illustrated,3
justicia,3
conventions,3
again,3
stating,3
lack,3
mln,3
lovesickness,3
behind,3
consolación,3
scar,3
number,3
mean,3
registers,3
virgin,3
constancy,3
meanings,3
authors,3
essay,3
immanence,3
individual,3
distinction,3
different,3
especially,3
trying,3
consists,3
kaplan,3
esta,3
bears,3
paradoxical,3
es,3
fall,3
mother,3
face,3
conversos,3
considered,3
sections,3
following,3
comes,3
conclusion,3
simply,3
nirenberg,3
inquisitorial,3
estas,3
dimension,3
paper,3
novel,3
returns,3
obviously,3
quoted,3
living,3
evident,3
salomon,3
terms,3
grief,3
suggests,3
level,3
code,3
became,3
conventional,3
polandria,3
ambiguously,3
sickness,3
mas,3
filosofía,3
observation,3
perversion,3
traditional,3
celestial,3
famous,3
vividly,3
impossibility,2
now,2
common,2
develops,2
responds,2
tres,2
narrator,2
trans,2
linguistic,2
quixote,2
conversion,2
otra,2
sure,2
stoicism,2
porque,2
position,2
razón,2
history,2
tells,2
before,2
something,2
lure,2
leads,2
leen,2
cutting,2
neostoic,2
else,2
vos,2
letters,2
ay,2
syphilitic,2
give,2
refusal,2
other,2
tradition,2
narrative,2
liverpool,2
inquisitive,2
closer,2
resulting,2
help,2
pleito,2
erich,2
glory,2
sacred,2
keith,2
concepts,2
reworking,2
superficially,2
context,2
employs,2
protagonists,2
dying,2
matthew,2
right,2
mujer,2
possible,2
modo,2
authentic,2
uninvolved,2
obvious,2
decoding,2
far,2
above,2
treatise,2
masks,2
learned,2
repeatedly,2
constitutive,2
fun,2
quieres,2
explained,2
ravenna,2
against,2
santa,2
esa,2
concerning,2
cosas,2
back,2
subjects,2
healer,2
cancioneros,2
occasion,2
hermeneutical,2
subversion,2
infinite,2
master,2
site,2
wounds,2
affirms,2
betrays,2
reflects,2
identification,2
main,2
connected,2
derived,2
leriano,2
noche,2
tree,2
awareness,2
antithesis,2
bonds,2
marks,2
university,2
consider,2
invite,2
traces,2
weak,2
argued,2
too,2
age,2
contempláme,2
follow,2
readings,2
beyond,2
notions,2
pious,2
care,2
tu,2
contrary,2
drawing,2
cut,2
enlazar,2
emendation,2
expressed,2
gregory,2
based,2
appearance,2
jewish,2
search,2
significations,2
deal,2
scenes,2
shared,2
predecessor,2
meditation,2
hispanic,2
remedy,2
oder,2
durham,2
celestinas,2
appears,2
quiere,2
idiomatic,2
wants,2
todo,2
vihuela,2
well,2
having,2
theological,2
carries,2
betrayed,2
prominent,2
part,2
london,2
knowledge,2
auerbach,2
comentada,2
caught,2
place,2
adducing,2
structures,2
binding,2
doors,2
personal,2
novels,2
cárcel,2
couple,2
holy,2
hidden,2
healing,2
laughing,2
earth,2
quien,2
least,2
working,2
things,2
cries,2
emphasizes,2
héneken,2
woodcut,2
several,2
spanish,2
cervantes,2
highly,2
masking,2
feelings,2
vanidad,2
telling,2
impossible,2
women,2
always,2
corona,2
immanentization,2
notes,2
protagonist,2
crime,2
reprobatio,2
barbara,2
spirituality,2
eternal,2
fuchs,2
related,2
topoi,2
situation,2
opposites,2
rome,2
identified,2
spectacle,2
appearances,2
pármeno,2
judgment,2
comments,2
manifest,2
resurrection,2
put,2
loss,2
single,2
continuation,2
depicted,2
criticism,2
jay,2
snare,2
quincia,2
circumcision,2
corporeal,2
mediates,2
heritage,2
book,2
ask,2
performs,2
experienced,2
shows,2
limit,2
torture,2
inevitably,2
break,2
john,2
puerta,2
condensed,2
pattern,2
man,2
elegant,2
where,2
necessary,2
carnal,2
generic,2
eds,2
presuppose,2
explicitly,2
vuestra,2
ingenious,2
intimate,2
amoris,2
una,2
made,2
staging,2
servant,2
collections,2
detailed,2
judge,2
medium,2
wonder,2
religion,2
ideas,2
salvador,2
agnostic,2
nothing,2
individuals,2
were,2
dikaiosynës,2
undecidable,2
muero,2
adding,2
judaism,2
enfermedad,2
try,2
serves,2
course,2
provides,2
latter,2
repeated,2
faith,2
sight,2
deliberate,2
será,2
structure,2
present,2
andreas,2
secret,2
lazo,2
suggest,2
depth,2
front,2
fueled,2
lovers,2
wisdom,2
independent,2
roma,2
ironically,2
lines,2
bulletin,2
outburst,2
force,2
importantly,2
confine,2
lazarillo,2
hope,2
combines,2
problematic,2
resemble,2
belt,2
stable,2
stephen,2
servants,2
resonates,2
mentioned,2
changing,2
contradiction,2
ever,2
known,2
irrepressible,2
symbol,2
couples,2
ni,2
connection,2
seem,2
current,2
contradictory,2
wood,2
works,2
type,2
caricature,2
hint,2
bien,2
beginning,2
specter,2
according,2
juridical,2
pertinent,2
proven,2
sus,2
statement,2
eyes,2
rhyme,2
treatises,2
pozo,2
don,2
universe,2
son,2
paradise,2
thereby,2
presunto,2
role,2
innocent,2
mayor,2
die,2
subject,2
song,2
presupposes,2
und,2
susanne,2
think,2
procures,2
analogy,2
orgasm,2
cáliz,2
shown,2
righteousness,2
counsels,2
discursive,2
sufferings,2
instead,2
fatal,2
affirmation,2
anonymous,2
respective,2
salamanca,2
themselves,2
needle,2
immediately,2
judaísmo,2
comparable,2
charity,2
close,2
gozo,2
kurt,1
scission,1
negó,1
given,1
pervaded,1
leichabdankungen,1
allegedly,1
produces,1
compares,1
done,1
characterized,1
corrects,1
accidents,1
deny,1
invalidated,1
ыо,1
medieval,1
notarlas,1
authentification,1
names,1
speculum,1
tú,1
attains,1
truth,1
represent,1
passar,1
engendered,1
entrails,1
perfection,1
determine,1
worthy,1
affirming,1
ultimate,1
prostitutes,1
novum,1
predilection,1
mouth,1
philologist,1
stripped,1
paradoxically,1
reflection,1
discover,1
replaced,1
partially,1
hay,1
star,1
identify,1
essays,1
ruiz,1
songs,1
cielos,1
referring,1
formed,1
tañe,1
authority,1
openness,1
motto,1
cabeça,1
contextualization,1
drowns,1
número,1
criticizes,1
approaches,1
sudden,1
inconsistent,1
crueldad,1
conscious,1
decrees,1
pandero,1
scarred,1
ti,1
former,1
acceptance,1
quemaran,1
flores,1
ecstatically,1
burn,1
title,1
maybe,1
connotations,1
revision,1
source,1
sententious,1
pie,1
strikes,1
chastity,1
syno,1
turning,1
padescerlas,1
translate,1
martírio,1
said,1
painful,1
vandenhoeck,1
fúnebres,1
exhaust,1
wrong,1
titles,1
long,1
constituting,1
preceding,1
jodíos,1
alluding,1
discovers,1
ellas,1
traición,1
conversoliterature,1
tormes,1
ii,1
suave,1
indicated,1
feeling,1
palabra,1
bereft,1
possesses,1
quiero,1
ears,1
sunday,1
cancioneroayúcs,1
coger,1
worked,1
fragmentary,1
advanced,1
j,1
nuestras,1
expiate,1
lulled,1
unjust,1
suerte,1
humana,1
unwillingly,1
rufián,1
culminates,1
remark,1
display,1
reasons,1
astonishingly,1
differences,1
potentially,1
parodied,1
trauerspiels,1
able,1
padesció,1
graece,1
concludes,1
alcancé,1
cancionero,1
spectaculum,1
providence,1
vivir,1
dignum,1
real,1
unto,1
emblem,1
introduces,1
textkultur,1
heartily,1
alquivio,1
orejas,1
last,1
faithful,1
madre,1
mind,1
priest,1
cuerpo,1
revise,1
johns,1
threshold,1
venereal,1
univ,1
versability,1
contents,1
similarities,1
ad,1
concealed,1
sound,1
partners,1
est,1
takes,1
rewriting,1
weaving,1
existence,1
suspect,1
forthcoming,1
blistering,1
albeit,1
adaptability,1
adopts,1
inverts,1
basore,1
misreading,1
mass,1
amplified,1
göttingen,1
killed,1
rests,1
jumping,1
vol,1
suicide,1
lends,1
tela,1
felt,1
abundantly,1
tratado,1
determined,1
politics,1
sexo,1
andré,1
establishing,1
picks,1
tiene,1
composes,1
mutual,1
procuress,1
consciousness,1
literaturen,1
padre,1
holiness,1
crowned,1
sino,1
variations,1
say,1
except,1
internalizing,1
sent,1
laws,1
climax,1
heretical,1
enter,1
suo,1
ritual,1
moral,1
formula,1
frenzy,1
identifies,1
letter,1
sweet,1
debe,1
denoting,1
sign,1
split,1
realizing,1
fothergillpayne,1
perdía,1
exposed,1
razones,1
pasarlas,1
cadenas,1
conflict,1
central,1
ends,1
goal,1
irreducible,1
includes,1
indefinite,1
nuestro,1
review,1
strife,1
monogamy,1
chastises,1
peculiarities,1
doy,1
backgrounds,1
bonn,1
pescas,1
trujillo,1
cuchillada,1
bringet,1
subverts,1
leño,1
logic,1
ability,1
moment,1
relations,1
reyes,1
elegantly,1
monotheistic,1
condensation,1
highlighting,1
heightened,1
application,1
rigorously,1
prediction,1
música,1
insofar,1
inversion,1
century,1
corydon,1
melancholic,1
whores,1
eterna,1
connote,1
cases,1
arouse,1
dezir,1
padesco,1
deeds,1
places,1
document,1
praises,1
refer,1
figur,1
profound,1
body,1
difficulty,1
operi,1
compared,1
applying,1
left,1
trusting,1
continuous,1
witnessed,1
misleading,1
burlesque,1
publications,1
parecía,1
casanova,1
nevizzano,1
empleada,1
enteramente,1
blue,1
sin,1
instruments,1
pueda,1
look,1
spite,1
marital,1
irony,1
weave,1
loneliness,1
guard,1
contrarios,1
traits,1
acknowledge,1
haze,1
glad,1
poorly,1
readable,1
blessing,1
tramaré,1
longing,1
talks,1
proverb,1
opposed,1
prueva,1
interesting,1
hero,1
onlooker,1
leys,1
adequate,1
understands,1
german,1
retóricas,1
dissertationes,1
generals,1
entraré,1
dilemma,1
metodológicos,1
bring,1
meditating,1
pobre,1
sentences,1
superficial,1
remain,1
presupposed,1
ironic,1
illustration,1
sort,1
basic,1
mediated,1
pies,1
landscape,1
afterwards,1
diras,1
culminating,1
unfaithfully,1
presentation,1
di,1
dislodged,1
secularization,1
siquiera,1
entenderlas,1
parents,1
suffer,1
goes,1
survives,1
opportunity,1
spiritualizes,1
burla,1
supplement,1
lazeria,1
archdeacon,1
soy,1
parts,1
hearing,1
assuming,1
pages,1
tocada,1
witness,1
leaves,1
lacking,1
rules,1
repeats,1
putas,1
redundancy,1
practicing,1
augmented,1
consequences,1
abundant,1
qué,1
extremes,1
absorbed,1
precious,1
jargon,1
characterizes,1
coño,1
manera,1
lozanas,1
send,1
tower,1
category,1
paragraphs,1
jüdische,1
evangelio,1
duplication,1
hervor,1
soon,1
affect,1
ensure,1
praise,1
ganancia,1
les,1
reinforcement,1
pastime,1
linguae,1
talk,1
india,1
miembro,1
clearly,1
latin,1
edition,1
days,1
receiving,1
displays,1
nombres,1
deja,1
acknowledges,1
max,1
contemplates,1
powerful,1
wondering,1
overseer,1
followed,1
consolatory,1
definite,1
consequence,1
elevaciones,1
requires,1
según,1
puts,1
answers,1
atada,1
erroneous,1
wearing,1
antithetical,1
testify,1
presupposition,1
opinion,1
tambourine,1
muger,1
oblique,1
stands,1
categorical,1
estos,1
epilogue,1
reform,1
providentia,1
talking,1
had,1
tübingen,1
turcos,1
narration,1
matáis,1
disbelief,1
sarcastic,1
fatality,1
testimonies,1
conflates,1
encoding,1
medicine,1
estatura,1
hands,1
zwischen,1
orifices,1
speaker,1
cuanto,1
conspicuous,1
recognize,1
procuration,1
sylva,1
rebuttal,1
oh,1
wont,1
tenga,1
personas,1
vigorous,1
constantly,1
poetry,1
base,1
punishment,1
amatoria,1
late,1
lead,1
imparts,1
balde,1
outbursts,1
further,1
conversions,1
understood,1
cultural,1
celestinesca,1
let,1
twice,1
cuts,1
amores,1
mainly,1
paraíso,1
circular,1
mate,1
redes,1
pleitos,1
produced,1
devoid,1
torn,1
promise,1
obras,1
romanischen,1
otherwise,1
tiraqueau,1
vivid,1
conversa,1
hidalgo,1
dolor,1
taught,1
public,1
faithfulness,1
sacrifice,1
creates,1
james,1
hopkins,1
possibility,1
toviese,1
impression,1
memory,1
briefly,1
aspects,1
undermined,1
matchmaker,1
existential,1
christianity,1
suspended,1
discordance,1
spheres,1
turca,1
canonigo,1
criticize,1
aprobados,1
tantos,1
manheim,1
inconveniente,1
instituted,1
subscription,1
repetition,1
alcançar,1
crude,1
apparent,1
intentus,1
transcended,1
comment,1
confirms,1
multiplied,1
excessive,1
scars,1
ten,1
reminiscence,1
surprise,1
padecían,1
whole,1
used,1
medico,1
overview,1
aliud,1
literally,1
accidental,1
records,1
comprehensible,1
hacer,1
sinrazón,1
chica,1
et,1
call,1
cancionerolyric,1
intertextual,1
spends,1
focuses,1
weekly,1
ghostly,1
cry,1
surrounding,1
employed,1
premarital,1
entails,1
dize,1
desvelábase,1
unjustified,1
penis,1
heinemann,1
ésta,1
encounters,1
mirarlas,1
basket,1
stones,1
citing,1
maldad,1
heartless,1
depicting,1
oxymora,1
someone,1
misery,1
governs,1
accused,1
hard,1
below,1
reinforces,1
empathetic,1
stage,1
mismas,1
josé,1
angel,1
alto,1
catholic,1
saque,1
specifically,1
calling,1
castle,1
desentrañarles,1
sufficient,1
correspondientes,1
revealing,1
este,1
mal,1
executed,1
lawyers,1
notorious,1
staged,1
codes,1
illusions,1
miracles,1
treasures,1
vein,1
ironizes,1
st,1
necessity,1
dim,1
posseerían,1
wife,1
amplifies,1
correspondence,1
notice,1
peculiar,1
roots,1
traé,1
mando,1
ghost,1
institu,1
displaced,1
árbor,1
conosciendo,1
bible,1
ingenioso,1
activities,1
deste,1
sacado,1
content,1
tiempo,1
camouflage,1
internalizes,1
transforming,1
petrarch,1
happen,1
barocken,1
underlies,1
arrangement,1
poignantly,1
forever,1
matter,1
spelled,1
stuttgart,1
noble,1
esto,1
enacts,1
dañas,1
godless,1
subverted,1
proverbs,1
hide,1
turns,1
sé,1
blessed,1
observations,1
sermon,1
yrá,1
comic,1
appreciate,1
testamentům,1
forward,1
lamentation,1
musical,1
rendering,1
giovanni,1
reproducing,1
returning,1
asentéme,1
prove,1
converted,1
allen,1
grande,1
intervention,1
make,1
garden,1
expanded,1
boy,1
prolija,1
greed,1
outer,1
movement,1
spot,1
hiding,1
seemingly,1
abrupt,1
betray,1
va,1
tends,1
aquellos,1
positive,1
spectacular,1
mediator,1
martirio,1
voyeurism,1
dismemberment,1
corpus,1
aquí,1
confronting,1
verborgen,1
tercera,1
sincere,1
burlas,1
oxford,1
alleged,1
legibus,1
reference,1
limosna,1
grimacing,1
vs,1
deus,1
cor,1
paradox,1
happened,1
thought,1
suspicious,1
mandas,1
ganar,1
mission,1
matrimonio,1
fijo,1
morbid,1
borrowed,1
paradoxes,1
exposes,1
us,1
neither,1
dél,1
index,1
proverbio,1
assimilation,1
home,1
planned,1
bind,1
islam,1
delight,1
compassionate,1
nada,1
ruprecht,1
pues,1
lament,1
al,1
públicos,1
aunque,1
maliciously,1
estar,1
problemas,1
mejor,1
noted,1
arranging,1
renuevo,1
paronymie,1
meets,1
memento,1
gente,1
rings,1
herkunft,1
mimesis,1
simulation,1
disappearing,1
logos,1
legible,1
solomon,1
statements,1
paul,1
multiplying,1
comparison,1
business,1
metaphysical,1
stated,1
stories,1
coincidence,1
unremitting,1
rejects,1
hija,1
salutífero,1
deutsche,1
speaks,1
incorporates,1
longer,1
hollow,1
contrasts,1
fundamental,1
severin,1
benevolent,1
sentimentales,1
endless,1
renovate,1
striking,1
untie,1
predominant,1
beliefs,1
depict,1
match,1
cristianos,1
lacks,1
really,1
oneself,1
classical,1
caballero,1
new,1
renta,1
velda,1
end,1
reacts,1
impatient,1
presente,1
everything,1
doubt,1
latina,1
communicates,1
hallare,1
discussed,1
observes,1
serious,1
success,1
rhetoric,1
enact,1
never,1
overrules,1
patterns,1
ages,1
multiplication,1
proverbial,1
hand,1
católicos,1
posits,1
manos,1
increases,1
petrarchan,1
dio,1
consummation,1
secular,1
continuing,1
dorothy,1
capricious,1
empire,1
sensual,1
tell,1
confrontation,1
hides,1
castration,1
uttered,1
practice,1
nestle,1
cristiana,1
mundo,1
concisely,1
resigned,1
desatala,1
heralds,1
über,1
assault,1
exceeds,1
stunning,1
free,1
obsession,1
convenient,1
anticipate,1
desires,1
sacco,1
quisiere,1
fight,1
imagine,1
original,1
ephemeral,1
niemeyer,1
status,1
halaguero,1
missionary,1
theirs,1
admits,1
clients,1
father,1
coherent,1
disease,1
skepticism,1
examples,1
considering,1
rhetoricized,1
discovery,1
conduce,1
salamón,1
renders,1
writings,1
reunion,1
fictional,1
años,1
previously,1
deplores,1
cierto,1
individuality,1
destos,1
combining,1
unfortunately,1
hasta,1
overtones,1
assumption,1
announcement,1
approach,1
causes,1
ethnic,1
evolution,1
actual,1
kingdom,1
diré,1
menos,1
archive,1
full,1
previous,1
lazos,1
rigor,1
involves,1
seduce,1
yields,1
mancha,1
registros,1
open,1
quod,1
trübsal,1
clear,1
fl,1
reality,1
stress,1
mt,1
tail,1
definitely,1
utter,1
victory,1
faces,1
held,1
converts,1
times,1
nicasio,1
good,1
donď,1
vida,1
está,1
depiction,1
irresolvable,1
stimulation,1
after,1
illicit,1
connects,1
anagram,1
presse,1
standard,1
commentaries,1
bibelgesellschaft,1
short,1
erfahrungswelten,1
skull,1
partes,1
eberhard,1
transfigured,1
comparing,1
problems,1
maxim,1
tañido,1
astonish,1
satisfy,1
qualities,1
latín,1
hará,1
allusion,1
reads,1
habile,1
bienaventurado,1
topics,1
grandmother,1
exactly,1
midnight,1
ruffians,1
lawyer,1
armor,1
bienaventurados,1
steiger,1
claiming,1
probably,1
aland,1
astonishing,1
pasé,1
versus,1
overthrow,1
desseos,1
duality,1
engagement,1
morir,1
payment,1
conveyed,1
remedio,1
perverted,1
attention,1
culmination,1
dealing,1
european,1
implicitly,1
enough,1
vacuo,1
rico,1
mediate,1
provoking,1
dawn,1
suggestion,1
errar,1
para,1
flesh,1
imply,1
circle,1
shattered,1
declaration,1
ostensible,1
salud,1
mediation,1
legalization,1
vision,1
plays,1
bound,1
prose,1
pieces,1
inside,1
recognizes,1
resumed,1
gordian,1
nuptialis,1
transformed,1
translation,1
enlazastes,1
distorting,1
vanidades,1
señor,1
inadequate,1
flacas,1
indicate,1
antiquity,1
fervent,1
intend,1
enviaré,1
accusation,1
hilado,1
tempter,1
frontier,1
semejantes,1
respect,1
pasar,1
pena,1
dais,1
idioms,1
mártir,1
heightens,1
instances,1
obstacle,1
satirical,1
subvert,1
commenting,1
interpretive,1
confessed,1
cavalleros,1
inheres,1
outcast,1
slip,1
daba,1
legacies,1
detail,1
claims,1
torment,1
sentido,1
juicio,1
sabe,1
contained,1
shadow,1
natura,1
constant,1
nightly,1
terrible,1
saintliness,1
voluntades,1
oxymoronic,1
consist,1
version,1
conjunction,1
incorporated,1
cómo,1
biography,1
toda,1
wear,1
constituted,1
reinforced,1
forehead,1
forgetting,1
impetus,1
diomedes,1
implied,1
exposition,1
sonaremos,1
subjecting,1
skillful,1
triumphant,1
confesó,1
alludes,1
ralph,1
tengo,1
besides,1
uno,1
jodia,1
vosotros,1
tocado,1
encoded,1
tramar,1
der,1
diesem,1
mis,1
época,1
evokes,1
resounds,1
novelas,1
intellectual,1
tendencies,1
each,1
ñudo,1
interrupted,1
shares,1
tongue,1
jenem,1
spontaneous,1
laceration,1
amalie,1
jamás,1
setting,1
registrars,1
believe,1
king,1
did,1
unsolvable,1
best,1
down,1
argue,1
universal,1
vicious,1
speech,1
vase,1
knots,1
particularly,1
metaphorical,1
reproduces,1
prefigures,1
ir,1
associated,1
mori,1
cities,1
identities,1
elsewhere,1
reino,1
accepts,1
invocation,1
ramos,1
tonnes,1
advances,1
person,1
siendo,1
ladrones,1
parody,1
ladies,1
integrates,1
helping,1
witch,1
kleist,1
attain,1
romançe,1
reproduce,1
retroactively,1
canonized,1
fiddle,1
unique,1
laying,1
accounts,1
abraham,1
supports,1
particular,1
quote,1
house,1
maintain,1
laureola,1
unfold,1
undertones,1
bridegroom,1
oppositions,1
rewrite,1
produce,1
transgresses,1
noticed,1
almost,1
intends,1
vil,1
w,1
art,1
genre,1
des,1
middle,1
queda,1
lurks,1
dialogues,1
ensnare,1
intention,1
poems,1
rereading,1
peace,1
sheer,1
conclude,1
through,1
decisive,1
city,1
espaciaba,1
press,1
monarchs,1
convinced,1
giving,1
manifold,1
intended,1
impose,1
congenial,1
rigid,1
confronted,1
lapsus,1
acuestas,1
enamoradas,1
citations,1
duped,1
officially,1
fleeting,1
allows,1
aims,1
invests,1
ensuing,1
aspect,1
heilstheater,1
gesture,1
internalized,1
tions,1
remarks,1
cordon,1
come,1
proceeds,1
false,1
theatricality,1
literalism,1
abierta,1
annotations,1
imprudent,1
spectatorship,1
birth,1
passionis,1
sempronio,1
renowned,1
canonizados,1
paradigm,1
florida,1
apologizes,1
jew,1
write,1
grant,1
unease,1
catch,1
relevance,1
dangerous,1
register,1
imitative,1
suffers,1
realism,1
d,1
alienated,1
crimes,1
hojas,1
reminiscent,1
intertwining,1
opinions,1
gen,1
hertzen,1
symbolizes,1
effects,1
respiciat,1
seeks,1
off,1
philosophy,1
halagos,1
objections,1
presenting,1
latine,1
thiefs,1
traveling,1
háreis,1
vi,1
thousand,1
allá,1
thief,1
potential,1
falacias,1
news,1
thing,1
dissimulation,1
ser,1
caricias,1
llagas,1
rabo,1
justify,1
supply,1
comparaciones,1
tienes,1
early,1
subverting,1
virgins,1
connubialibus,1
contractos,1
asks,1
element,1
little,1
mimetically,1
abandoned,1
images,1
gainsville,1
manifests,1
strong,1
among,1
facile,1
cross,1
rhymes,1
meeting,1
acá,1
asked,1
doing,1
attendance,1
atormentado,1
daughter,1
anyjuridicotheological,1
domini,1
quedar,1
tragic,1
customs,1
cited,1
evidently,1
deeper,1
reigns,1
murió,1
