WORDCOUNTS,WEIGHT
the,111
of,53
and,52
to,44
it,37
you,31
a,30
in,28
your,24
ms,22
is,21
that,18
for,18
be,17
with,16
will,15
i,15
have,14
not,12
one,11
as,10
at,9
must,9
rejected,9
this,9
on,9
then,8
by,8
into,7
its,7
his,6
been,6
was,6
or,6
more,6
again,6
do,6
like,6
an,6
back,6
now,5
he,5
they,5
we,5
had,5
out,5
there,5
upon,5
my,5
would,5
can,5
if,4
who,4
once,4
but,4
two,4
s,4
here,4
over,4
are,4
hand,4
say,4
letter,4
friend,4
our,4
come,4
editor,4
t,4
publication,4
so,4
may,3
page,3
others,3
from,3
ve,3
address,3
paper,3
time,3
learn,3
those,3
has,3
original,3
some,3
little,3
through,3
away,3
such,3
finally,3
good,3
although,3
study,3
between,3
editors,3
journal,3
envelope,3
mss,3
therefore,2
relationship,2
no,2
way,2
ready,2
learning,2
return,2
maypole,2
make,2
after,2
comments,2
try,2
life,2
english,2
articles,2
read,2
soon,2
slip,2
marks,2
university,2
us,2
just,2
same,2
too,2
these,2
mine,2
ever,2
first,2
only,2
love,2
certainly,2
care,2
challenge,2
important,2
all,2
turn,2
other,2
tear,2
could,2
down,2
faulkner,2
printed,2
returns,2
together,2
reunion,2
mind,2
state,2
didn,2
signs,2
what,2
something,2
see,2
want,2
issue,2
necessary,2
proceed,2
record,2
advice,2
while,2
right,2
detweiler,2
well,2
made,2
accompanying,2
rehabilitation,2
press,2
got,2
whole,2
learned,2
remarks,2
which,2
office,2
fold,2
three,2
individual,2
least,2
did,2
few,2
feelings,2
presence,2
find,2
up,2
even,2
guess,2
wife,2
much,2
notice,2
example,2
should,2
postlady,2
difficult,1
seventh,1
offices,1
margins,1
front,1
originally,1
became,1
caliban,1
produces,1
second,1
hey,1
wishes,1
rapport,1
whose,1
personally,1
understands,1
steady,1
hopes,1
without,1
eleven,1
easy,1
provide,1
letters,1
surreptitiously,1
implying,1
develops,1
answered,1
erase,1
clods,1
separation,1
absent,1
resubmissions,1
ruptured,1
relieved,1
short,1
held,1
gradual,1
happy,1
rule,1
ungoverned,1
watch,1
selections,1
emerson,1
delighted,1
spindle,1
basic,1
begin,1
appreciate,1
classic,1
anniversary,1
steps,1
college,1
overused,1
worthy,1
death,1
process,1
cluck,1
luck,1
lost,1
alone,1
community,1
mailbox,1
above,1
opportunity,1
diver,1
substantiate,1
gripping,1
subconscious,1
manuscript,1
folded,1
expect,1
frolic,1
minutes,1
b,1
certain,1
expert,1
their,1
spot,1
discover,1
balanced,1
put,1
hold,1
reception,1
pages,1
safely,1
positive,1
leaves,1
often,1
casually,1
spared,1
bosom,1
highly,1
white,1
structuralpsychological,1
joyously,1
guide,1
feel,1
word,1
informative,1
table,1
glossy,1
composed,1
yet,1
exists,1
schnurbart,1
references,1
itself,1
understand,1
face,1
repressed,1
posthumously,1
thought,1
country,1
circulated,1
incidentally,1
attachment,1
mutilate,1
considered,1
hair,1
trace,1
marred,1
thoughtless,1
assistant,1
proof,1
shirt,1
suggestions,1
title,1
demised,1
mildly,1
holding,1
teaches,1
before,1
shock,1
callous,1
growing,1
smile,1
herbert,1
bend,1
distressing,1
objectivity,1
broke,1
house,1
humanities,1
notarized,1
mentioned,1
experiment,1
already,1
situations,1
psyche,1
most,1
personalist,1
department,1
emotional,1
superior,1
round,1
being,1
damaging,1
bar,1
symbolic,1
either,1
weeping,1
picture,1
concerning,1
published,1
double,1
lightly,1
modest,1
langer,1
savor,1
murmur,1
queequeg,1
successfully,1
memorized,1
creases,1
footnoting,1
wipe,1
m,1
guilt,1
chalk,1
reacquainted,1
know,1
toward,1
interested,1
salient,1
renewed,1
ears,1
postman,1
available,1
sneer,1
printing,1
allow,1
disappeared,1
nearest,1
each,1
many,1
character,1
emotions,1
admire,1
declaim,1
specialized,1
retype,1
came,1
reach,1
admit,1
courageously,1
stories,1
treatment,1
nothing,1
believe,1
fundamental,1
cricket,1
jottings,1
tillich,1
print,1
daily,1
found,1
hands,1
great,1
temper,1
appeared,1
afraid,1
solace,1
strategy,1
potentially,1
choice,1
post,1
unprepared,1
rich,1
last,1
parting,1
oneself,1
served,1
transferred,1
aloud,1
never,1
harpooner,1
uncle,1
somewhere,1
how,1
events,1
far,1
procedure,1
equilibrium,1
prose,1
iron,1
appropriately,1
fascinated,1
happiness,1
possibility,1
help,1
hostilities,1
achieved,1
called,1
rural,1
undulant,1
rhetoric,1
sends,1
folding,1
better,1
respect,1
circulation,1
date,1
further,1
stand,1
following,1
fourth,1
quietly,1
circumvention,1
robert,1
knows,1
waving,1
draw,1
game,1
day,1
covered,1
let,1
manner,1
somewhat,1
pulley,1
where,1
sentimental,1
heads,1
epidermis,1
iowa,1
capricious,1
accepted,1
them,1
seminar,1
terms,1
aq,1
form,1
less,1
inquiry,1
cannot,1
tell,1
meet,1
involvement,1
suffered,1
side,1
otherwise,1
practice,1
however,1
attitudes,1
saint,1
procedures,1
besides,1
approached,1
leaving,1
distance,1
public,1
prone,1
injunction,1
always,1
particularly,1
resubmit,1
gently,1
shakespeare,1
recommend,1
briefly,1
discuss,1
healthy,1
scenes,1
insensitive,1
abruptly,1
anticipate,1
secure,1
degree,1
produce,1
noticed,1
reminder,1
voice,1
sir,1
imagine,1
almost,1
suppress,1
don,1
private,1
understanding,1
line,1
glue,1
journals,1
literature,1
tuck,1
size,1
travel,1
new,1
vaguely,1
dog,1
strengths,1
proudly,1
remember,1
conscience,1
helps,1
careful,1
heart,1
reader,1
mental,1
brought,1
peace,1
point,1
greet,1
outfit,1
purpose,1
snide,1
frowned,1
fair,1
hypocritical,1
wilful,1
realistic,1
desirable,1
play,1
quickly,1
copies,1
innocent,1
meaningful,1
himself,1
head,1
minds,1
concern,1
intended,1
abominably,1
poignant,1
finish,1
wm,1
unfortunately,1
cows,1
equanimity,1
succumbed,1
convenience,1
collection,1
during,1
redetachment,1
gambits,1
disparaging,1
weaning,1
hygiene,1
concentrate,1
render,1
think,1
dispense,1
mistake,1
goal,1
campus,1
personal,1
farewells,1
comparable,1
novels,1
hubris,1
participate,1
until,1
sleight,1
conducive,1
couple,1
preparation,1
accountable,1
argument,1
years,1
grooves,1
week,1
reveals,1
open,1
own,1
edification,1
professor,1
deftly,1
initiated,1
backgrounds,1
against,1
graduate,1
count,1
approach,1
wouldn,1
recognize,1
profession,1
author,1
accept,1
aware,1
essay,1
newsletter,1
calmly,1
staple,1
tough,1
remotest,1
nonchalantly,1
course,1
moment,1
tone,1
keep,1
include,1
scotch,1
caused,1
threw,1
excuses,1
need,1
function,1
tom,1
him,1
brave,1
absolutely,1
high,1
handkerchief,1
shameful,1
frustrations,1
maintained,1
colleagues,1
crumple,1
weaknesses,1
thing,1
membership,1
squarely,1
claim,1
provides,1
extremely,1
night,1
old,1
definitive,1
untouched,1
stray,1
heat,1
lax,1
shirts,1
sufficient,1
especially,1
random,1
accomplished,1
article,1
stalk,1
body,1
resubmission,1
passages,1
arrange,1
spilled,1
reread,1
cranks,1
unfeeling,1
become,1
research,1
exhaustive,1
rejection,1
sensible,1
c,1
scuba,1
tactics,1
left,1
smacks,1
exactly,1
zen,1
effect,1
carrier,1
retyping,1
peevishness,1
symbol,1
d,1
clutch,1
mr,1
caesuras,1
enthusiastically,1
when,1
question,1
east,1
probably,1
nosey,1
seal,1
wanly,1
scholarly,1
develop,1
look,1
re,1
introduced,1
bovine,1
glance,1
mature,1
psychic,1
than,1
destruction,1
observed,1
florida,1
truck,1
totally,1
caution,1
sad,1
smudges,1
delivered,1
am,1
ma,1
adjust,1
phase,1
enjoy,1
major,1
glad,1
compensations,1
deeper,1
grasp,1
eagerly,1
ado,1
