WORDCOUNTS,WEIGHT
the,293
that,182
it,181
and,174
i,171
to,170
of,145
s,136
a,126
in,111
you,109
is,78
t,69
was,67
he,62
there,56
with,45
all,44
have,43
mc,42
jo,41
at,38
about,37
macmurrough,37
be,37
because,37
for,36
just,35
but,35
jim,35
they,34
an,32
when,32
or,31
what,31
on,31
so,30
know,29
like,28
as,26
had,26
really,25
one,24
his,23
do,23
well,23
think,23
way,22
would,22
get,21
see,21
this,21
something,20
if,19
doyler,19
not,19
book,19
were,19
ireland,18
love,18
thing,18
o,17
my,17
don,17
neill,17
things,16
could,16
seems,15
me,15
then,15
two,15
are,15
interview,15
going,15
jamie,15
can,15
go,14
no,14
how,14
out,14
swim,14
where,14
boys,14
which,14
write,14
been,13
friendship,13
them,13
want,13
has,13
writing,13
does,12
from,12
more,12
did,12
end,12
war,12
your,12
d,12
much,12
into,11
saying,11
scrotes,11
only,11
him,11
back,11
always,11
re,11
we,11
by,10
m,10
those,10
some,10
very,10
who,10
family,10
up,10
says,9
being,9
right,9
say,9
place,9
become,9
mean,8
boy,8
wanted,8
any,8
ve,8
actually,8
novel,8
together,8
doesn,8
oh,8
even,8
here,8
isn,8
still,7
why,7
thought,7
laughs,7
thinking,7
said,7
yes,7
came,7
last,7
couldn,7
through,7
people,7
nothing,7
come,7
knew,6
church,6
their,6
these,6
first,6
lot,6
long,6
might,6
view,6
over,6
many,6
seem,6
kilbrack,6
gone,6
time,6
didn,6
voice,6
son,6
got,6
island,6
than,6
such,6
own,6
course,6
moment,6
young,6
find,6
she,5
bring,5
sort,5
nobody,5
becomes,5
lost,5
once,5
ing,5
read,5
home,5
same,5
different,5
anything,5
wrong,5
other,5
character,5
new,5
dead,5
never,5
rising,5
problem,5
civil,5
whole,5
wonderful,5
novels,5
change,5
needs,5
between,5
look,5
will,4
now,4
christian,4
second,4
figure,4
rough,4
somebody,4
tide,4
mad,4
army,4
talk,4
saved,4
often,4
macmur,4
feel,4
us,4
comrades,4
teaching,4
friend,4
sacrifice,4
published,4
somehow,4
forty,4
sure,4
england,4
joyce,4
great,4
everything,4
take,4
loves,4
man,4
big,4
mind,4
foot,4
british,4
metaphor,4
woman,4
youth,4
sequel,4
chapter,4
another,4
having,4
almost,4
characters,4
catholicism,4
part,4
irish,4
talking,4
use,4
older,4
dublin,4
coming,4
real,4
three,4
swimming,4
times,4
sense,4
hard,4
kind,4
mack,4
old,4
around,4
gets,4
wasn,4
mr,4
men,4
seemed,4
need,4
doing,4
difficult,3
interesting,3
sins,3
journey,3
rather,3
car,3
catholic,3
cut,3
notion,3
goes,3
arm,3
dialogue,3
word,3
happened,3
completely,3
itself,3
sex,3
hadn,3
spent,3
before,3
nice,3
without,3
gay,3
ever,3
else,3
ll,3
christmas,3
also,3
voices,3
again,3
disturbance,3
words,3
idea,3
half,3
speech,3
changed,3
away,3
written,3
growing,3
killed,3
books,3
style,3
scene,3
day,3
work,3
father,3
finished,3
background,3
true,3
purpose,3
sea,3
its,3
happens,3
lovely,3
adverbs,3
values,3
throughout,3
wouldn,3
fought,3
won,3
against,3
someone,3
needed,3
started,3
brave,3
easter,3
quite,3
lose,3
body,3
trying,3
versus,3
priest,3
passages,3
left,3
awful,3
world,3
rights,2
sweeping,2
child,2
matter,2
five,2
names,2
eva,2
begin,2
inside,2
released,2
male,2
april,2
host,2
seen,2
after,2
loses,2
er,2
standing,2
minutes,2
movement,2
area,2
leave,2
put,2
vengeance,2
iconography,2
live,2
supposed,2
mother,2
yet,2
wash,2
understand,2
face,2
ly,2
bad,2
wages,2
east,2
decade,2
forget,2
hours,2
laborer,2
bit,2
latin,2
comes,2
ed,2
weeks,2
chief,2
joins,2
sergeant,2
shot,2
rape,2
four,2
most,2
begins,2
dalkey,2
torical,2
certainly,2
sustained,2
feeling,2
ofthat,2
chance,2
worked,2
beautiful,2
each,2
water,2
opposition,2
nancy,2
head,2
okay,2
found,2
intended,2
hospital,2
able,2
tells,2
obviously,2
far,2
image,2
weren,2
false,2
immortal,2
works,2
february,2
absolutely,2
ra,2
places,2
took,2
ground,2
knows,2
born,2
though,2
reading,2
heaven,2
road,2
within,2
anymore,2
surprised,2
sentence,2
val,2
younger,2
spoke,2
gives,2
shine,2
wants,2
america,2
christianity,2
realized,2
terribly,2
drive,2
reminds,2
received,2
cares,2
writers,2
bear,2
heart,2
point,2
arms,2
nation,2
publishers,2
contract,2
year,2
raven,2
sold,2
call,2
open,2
rebels,2
progress,2
moments,2
takes,2
conflict,2
actual,2
story,2
our,2
halfway,2
de,2
kids,2
yeats,2
everybody,2
years,2
both,2
quality,2
revisions,2
manifestation,2
grew,2
language,2
wish,2
stage,2
socialist,2
off,2
whatever,2
speak,2
self,2
sodomy,2
specific,2
problems,2
transfer,2
newspapers,2
six,2
meaning,2
c,2
rhythm,2
early,2
shouldn,2
slightly,2
little,2
frantically,2
absalom,2
citizen,2
equal,2
rest,2
major,2
odd,2
motif,2
talked,1
final,1
mess,1
becoming,1
promised,1
ued,1
enough,1
midpoint,1
socrates,1
institutionalized,1
fifty,1
greasy,1
acter,1
order,1
pages,1
underlies,1
tobe,1
afloat,1
relationship,1
conscripted,1
condense,1
ical,1
kissing,1
done,1
roclc,1
york,1
whose,1
understands,1
nineteen,1
transformations,1
evocative,1
heads,1
breeze,1
mercy,1
innocent,1
ethics,1
imagining,1
waves,1
noble,1
bringing,1
dying,1
evocation,1
action,1
inn,1
alongside,1
probably,1
separation,1
sentences,1
ire,1
short,1
wrote,1
smole,1
acs,1
novelists,1
created,1
grass,1
ironic,1
isolation,1
life,1
abundance,1
caught,1
luck,1
landscape,1
pening,1
antipatriotic,1
od,1
perilous,1
bare,1
month,1
nearly,1
innocence,1
process,1
unintentionally,1
watching,1
ting,1
fifth,1
convince,1
community,1
pile,1
contrary,1
tive,1
mechanics,1
revolution,1
fever,1
starts,1
make,1
prose,1
slipped,1
republican,1
tragedy,1
connected,1
thirteen,1
extreme,1
transformation,1
b,1
lovingly,1
undefined,1
sunday,1
length,1
complex,1
mulcahy,1
pays,1
tion,1
tinge,1
sunrise,1
positive,1
horrible,1
strive,1
leaves,1
cave,1
opposite,1
tiny,1
mythic,1
danger,1
standard,1
blood,1
tuosity,1
smile,1
guide,1
united,1
interned,1
authority,1
manhood,1
boats,1
edited,1
brought,1
stuff,1
equation,1
reference,1
emotion,1
spouts,1
tower,1
paragraphs,1
struggle,1
numbers,1
modern,1
park,1
soon,1
dis,1
evolved,1
under,1
poets,1
god,1
tied,1
university,1
labor,1
lavatory,1
detail,1
scribner,1
organization,1
purgation,1
rapist,1
kil,1
eventually,1
dignified,1
narra,1
dictates,1
v,1
twoboysl,1
rises,1
occurred,1
chris,1
inequality,1
peri,1
quick,1
piece,1
liked,1
specify,1
maybe,1
complete,1
delight,1
shock,1
threatening,1
terrible,1
following,1
air,1
nominally,1
broke,1
every,1
exactness,1
redemption,1
excitement,1
lament,1
door,1
version,1
iris,1
frightened,1
already,1
turning,1
must,1
blushing,1
show,1
friendly,1
chosen,1
volunteers,1
fumbling,1
ask,1
equivocation,1
round,1
echo,1
behind,1
too,1
hounded,1
n,1
theme,1
follow,1
stephen,1
happening,1
moycullen,1
extraordinarily,1
lee,1
generally,1
cries,1
gentleman,1
mac,1
filling,1
worst,1
hear,1
learned,1
galway,1
tographs,1
tides,1
name,1
creation,1
avoiding,1
shifted,1
quickened,1
care,1
originally,1
mon,1
technique,1
business,1
lad,1
give,1
sides,1
taken,1
important,1
childhood,1
military,1
indicated,1
tentionally,1
brother,1
geography,1
systems,1
ated,1
deval,1
lucky,1
central,1
paragraph,1
schooldays,1
rel,1
friends,1
thinks,1
working,1
whereas,1
greater,1
j,1
enchanted,1
nature,1
invent,1
stop,1
fm,1
senses,1
divorced,1
grandfather,1
rifles,1
normal,1
share,1
shows,1
longer,1
compress,1
inten,1
gravestone,1
ney,1
boyhood,1
best,1
regret,1
equivocal,1
room,1
music,1
cloth,1
culminates,1
pushing,1
disrupted,1
cried,1
traditionally,1
critically,1
abstract,1
granddaughter,1
p,1
efftct,1
returns,1
banks,1
boots,1
until,1
choice,1
imaginary,1
sprawling,1
swung,1
rich,1
immersed,1
children,1
educated,1
spanish,1
actu,1
break,1
deal,1
job,1
scenes,1
aloud,1
uncle,1
school,1
closer,1
badness,1
till,1
reaffirmed,1
grows,1
lyric,1
mythical,1
signed,1
died,1
contemporary,1
doubt,1
visits,1
hasn,1
russia,1
textures,1
help,1
conjugations,1
instruct,1
goad,1
edwardian,1
fresh,1
consciousness,1
togeth,1
living,1
asks,1
wonder,1
late,1
person,1
curious,1
may,1
stupid,1
david,1
across,1
tyou,1
clarity,1
learn,1
swirriming,1
confess,1
augustine,1
joycean,1
exactly,1
according,1
ber,1
wales,1
let,1
ruined,1
committed,1
checked,1
cism,1
hour,1
catechism,1
ahhh,1
refrain,1
tries,1
novelist,1
alot,1
putting,1
whether,1
catholi,1
affirmation,1
falseness,1
conscription,1
michael,1
cannot,1
dislike,1
sound,1
forth,1
lines,1
pearse,1
ballast,1
nar,1
metro,1
generosity,1
fighters,1
lets,1
however,1
near,1
hell,1
executed,1
declensions,1
modernist,1
spiritual,1
perhaps,1
stories,1
saving,1
absolute,1
narrative,1
required,1
joyousness,1
disturbing,1
guilty,1
mathematics,1
drafts,1
separated,1
glasthule,1
loved,1
pulled,1
prayer,1
money,1
vein,1
waters,1
treaty,1
streets,1
james,1
shifts,1
complexity,1
while,1
particularly,1
free,1
huge,1
sexual,1
memory,1
brilliant,1
march,1
worthy,1
char,1
stance,1
rewrite,1
priests,1
leaders,1
fives,1
imagine,1
busy,1
onus,1
porter,1
conversation,1
ennobled,1
militaristic,1
brings,1
miniature,1
marc,1
brack,1
myself,1
determined,1
logical,1
believable,1
spake,1
liberating,1
revealed,1
cre,1
muglins,1
pointless,1
gains,1
deed,1
youi,1
middle,1
goodness,1
rocks,1
easier,1
pronounce,1
made,1
bought,1
sacrifices,1
ity,1
upon,1
level,1
hate,1
rid,1
ative,1
reflection,1
mathematician,1
code,1
unless,1
apart,1
county,1
politics,1
met,1
sheer,1
transformed,1
line,1
autonomous,1
looseness,1
example,1
communication,1
develop,1
along,1
duty,1
pedophilic,1
convinced,1
keeps,1
buy,1
signor,1
turns,1
nua,1
top,1
description,1
deciding,1
ten,1
rendering,1
ple,1
histor,1
sixteen,1
everywhere,1
went,1
religion,1
loss,1
bible,1
jour,1
connolly,1
flute,1
hav,1
harmony,1
stole,1
describes,1
defraud,1
memories,1
tigh,1
morality,1
daimon,1
band,1
keep,1
hap,1
mani,1
tianity,1
tences,1
runs,1
ends,1
rative,1
demon,1
veracity,1
historical,1
stay,1
somewhere,1
remem,1
sees,1
review,1
regions,1
staters,1
question,1
extension,1
oddly,1
nerves,1
front,1
shown,1
described,1
accuracy,1
gates,1
deeply,1
redeemed,1
north,1
sity,1
editor,1
week,1
difference,1
afterward,1
meanings,1
eveline,1
clear,1
since,1
whoever,1
quest,1
lately,1
notice,1
plato,1
europe,1
washington,1
maligned,1
representa,1
agent,1
subtle,1
sustain,1
aware,1
discovery,1
explanation,1
forgotten,1
crisis,1
polycarp,1
relatively,1
regarded,1
hibernia,1
offer,1
joined,1
individual,1
least,1
gate,1
less,1
ireannach,1
immediately,1
good,1
land,1
realism,1
humor,1
appoint,1
tight,1
martello,1
liable,1
summer,1
ease,1
strange,1
recurring,1
reshape,1
am,1
possible,1
getting,1
expected,1
cipher,1
setded,1
next,1
generation,1
z,1
worldly,1
lie,1
chest,1
playing,1
contrast,1
clothes,1
subtie,1
earlier,1
running,1
eye,1
poetic,1
losing,1
socialism,1
rank,1
phrase,1
zeitgeist,1
remains,1
bank,1
better,1
orga,1
imagination,1
troubles,1
exchange,1
hiccup,1
magical,1
small,1
recollection,1
bloodthirsty,1
evident,1
shame,1
samhradh,1
especially,1
imagines,1
eleven,1
youtl,1
bloody,1
ship,1
conner,1
grow,1
pho,1
vir,1
sen,1
reads,1
intellectualized,1
single,1
research,1
afford,1
reported,1
interfered,1
remembers,1
suddenly,1
ally,1
guardian,1
third,1
jokes,1
mainly,1
challenge,1
effect,1
nization,1
andr,1
miracles,1
arose,1
pool,1
murrough,1
y,1
drawn,1
adverb,1
death,1
instance,1
sin,1
visibility,1
adventure,1
peo,1
present,1
victorian,1
focus,1
proper,1
desperate,1
details,1
green,1
grace,1
taylor,1
sun,1
sayings,1
charity,1
writ,1
rhymes,1
occasion,1
should,1
newly,1
flapping,1
spoken,1
defrauding,1
hardly,1
start,1
loan,1
gide,1
moved,1
acknowledge,1
waiting,1
unin,1
settle,1
portrait,1
tragic,1
unified,1
yeah,1
glad,1
marching,1
deeper,1
saddest,1
gifted,1
covetous,1
