WORDCOUNTS,WEIGHT
the,765
of,430
in,393
and,274
to,261
a,177
jub,154
as,153
s,128
lev,119
is,104
love,102
jubilees,101
your,97
that,81
his,76
for,74
also,74
not,72
cf,69
you,69
with,64
one,61
jacob,57
this,56
see,55
between,52
esau,51
from,46
an,44
fellow,44
yourself,43
other,42
at,41
testament,40
by,40
joseph,40
be,40
isaac,39
brother,38
sons,38
which,36
will,34
dead,34
sea,34
their,33
heart,33
gen,33
being,31
on,31
shall,30
these,30
are,29
all,29
author,29
discoveries,29
biblical,29
book,28
final,27
together,27
livneh,27
t,26
i,26
story,26
it,25
brotherly,24
he,24
relations,23
bad,23
another,23
what,23
them,23
while,23
intent,22
who,22
each,22
jubilean,21
israel,21
him,21
injunction,21
they,20
hate,20
was,20
two,20
commandment,20
brothers,20
noah,19
thus,19
may,19
rebecca,19
however,18
has,18
hebrew,18
fraternal,18
israelites,18
abraham,18
were,17
terms,17
have,17
e,16
m,16
peace,16
interpretation,16
violation,16
exegesis,16
texts,16
j,15
narrative,15
testaments,15
literary,15
appears,15
esp,15
my,15
but,15
d,15
c,15
hatred,14
context,14
into,13
phrases,13
similar,13
phrase,13
latter,13
within,13
aiming,13
jealous,13
fulfillment,12
ordinance,12
jewish,12
its,12
good,12
below,12
second,12
above,12
or,12
both,12
specific,12
against,11
gentiles,11
ed,11
allusions,11
same,11
new,11
do,11
been,11
kill,11
oath,11
malicious,11
peaceful,10
regarding,10
such,10
occurs,10
l,10
references,10
brill,10
war,10
family,10
various,10
evil,10
under,10
toward,10
like,10
although,10
doing,10
does,9
murder,9
h,9
studies,9
harmony,9
attested,9
kinsman,9
section,9
n,9
because,9
bible,9
qumran,9
things,9
indicates,9
ancient,9
noted,9
only,9
fact,9
man,9
πν,9
zech,9
ishmael,9
namely,9
leiden,9
early,9
should,9
now,8
blessing,8
words,8
found,8
himself,8
curse,8
deut,8
kinsfolk,8
cd,8
patriarchs,8
related,8
contains,8
am,8
law,8
death,8
verses,8
text,8
enemy,8
covenantal,8
became,8
flusser,8
association,8
indicated,7
tion,7
incidences,7
first,7
link,7
there,7
con,7
scrolls,7
aim,7
appear,7
wherein,7
r,7
literature,7
constitute,7
contrast,7
several,7
when,7
land,7
god,7
exegetical,7
idea,7
scholars,7
children,7
discussion,7
father,7
upon,7
writings,7
so,7
general,7
separate,7
theme,7
here,7
press,7
occur,7
given,7
common,6
if,6
referring,6
reworking,6
werman,6
lifetime,6
familial,6
lambert,6
leviticus,6
separating,6
g,6
document,6
than,6
no,6
act,6
unit,6
unique,6
after,6
root,6
term,6
well,6
ez,6
josephus,6
rewritten,6
earth,6
ps,6
make,6
reference,6
zechariah,6
stories,6
men,6
linked,6
gad,6
language,6
would,6
ge,6
edom,6
vanderkam,6
relation,6
genesis,6
attitude,6
translation,6
hearts,6
then,6
practice,6
different,6
loved,6
tions,6
derive,6
passages,6
ant,5
word,5
help,5
lees,5
mind,5
those,5
account,5
x,5
cited,5
throughout,5
χ,5
concerning,5
traditions,5
via,5
portrayed,5
b,5
w,5
endres,5
helped,5
das,5
relating,5
further,5
basis,5
part,5
example,5
nation,5
thoughts,5
separation,5
happy,5
object,5
yourselves,5
lord,5
more,5
buch,5
discussed,5
jubi,5
where,5
k,5
become,5
probably,5
note,5
fulfilling,5
jubiläen,5
blessings,5
alludes,5
der,5
living,5
person,5
according,5
whether,5
doran,5
son,5
com,5
damascus,5
djd,5
loving,5
firstly,5
later,4
meaning,4
ν,4
implies,4
stands,4
live,4
constitutes,4
β,4
amongst,4
kinsmen,4
prosperous,4
intentions,4
test,4
said,4
synonymous,4
sources,4
every,4
take,4
loves,4
last,4
chapters,4
sectarian,4
due,4
kugel,4
de,4
divine,4
elements,4
self,4
egypt,4
ally,4
consequently,4
josephs,4
notion,4
represented,4
reworked,4
sarah,4
moreover,4
exod,4
university,4
possibly,4
sim,4
view,4
expressed,4
p,4
honoring,4
understood,4
let,4
verse,4
having,4
albeck,4
carry,4
significantly,4
during,4
jealousy,4
interpreted,4
order,4
specifically,4
swear,4
descendants,4
und,4
abrahams,4
testamentary,4
therefore,4
die,4
idols,4
represents,4
us,4
light,4
narratives,4
exodus,4
jer,4
xii,4
hated,4
number,4
fight,4
affinity,4
use,4
refers,4
sensitivity,4
period,4
features,4
instruction,4
relationship,4
lot,4
tin,4
detailed,4
life,4
ing,4
any,4
judah,4
nrsv,4
occurrences,4
temple,4
command,4
over,4
historical,4
passage,4
form,4
statement,4
role,4
intended,4
aspect,4
come,4
background,4
covenant,4
numerous,4
π,4
harm,4
include,4
observation,4
ham,4
among,4
go,3
way,3
conjoined,3
populous,3
stood,3
japheth,3
likewise,3
abot,3
instructions,3
properly,3
fixed,3
necessarily,3
history,3
thematic,3
negative,3
shoftim,3
signifies,3
ii,3
culminates,3
closer,3
scheme,3
anger,3
stand,3
speech,3
u,3
right,3
great,3
some,3
kgs,3
occurring,3
framework,3
central,3
ty,3
since,3
wrath,3
satan,3
nor,3
honored,3
curses,3
look,3
coexistence,3
hermeneutical,3
jerusalem,3
van,3
york,3
πκ,3
killing,3
parts,3
means,3
facilitated,3
clearly,3
alluded,3
four,3
terminology,3
portrays,3
antithetical,3
closely,3
based,3
could,3
rule,3
halacha,3
punishment,3
embedded,3
expressions,3
patriarchal,3
aspects,3
directly,3
isaacs,3
description,3
place,3
cerning,3
literally,3
ι,3
long,3
attributed,3
hidden,3
sense,3
adversely,3
observe,3
research,3
majority,3
proper,3
eternal,3
kindness,3
exception,3
wh,3
violates,3
message,3
dan,3
rather,3
observance,3
time,3
end,3
forms,3
cup,3
rabbinic,3
armed,3
perhaps,3
day,3
years,3
interpreting,3
original,3
sipre,3
worship,3
expression,3
continue,3
examination,3
swearing,3
clear,3
authors,3
judaism,3
depiction,3
seeking,3
offspring,3
twelve,3
me,3
indicate,3
fall,3
sections,3
following,3
physical,3
wicked,3
parental,3
paper,3
inclined,3
very,3
merely,3
destroyed,3
places,3
helping,3
her,3
transgression,3
josh,3
lies,3
aims,3
mathys,3
piety,3
reveals,3
isa,3
charles,3
themselves,3
much,3
broader,3
evidently,3
sa,2
o,2
fathers,2
obey,2
legitimate,2
repre,2
worthy,2
introduction,2
per,2
just,2
juxtaposition,2
conducted,2
sheffield,2
english,2
verb,2
favor,2
florentino,2
character,2
narra,2
presents,2
source,2
contexts,2
liebe,2
notre,2
consistent,2
η,2
constituting,2
deadsea,2
derives,2
taken,2
possesses,2
attempt,2
commentary,2
nature,2
composition,2
blessed,2
survey,2
hands,2
state,2
ous,2
case,2
grudge,2
weaving,2
abbreviated,2
righteous,2
egyptians,2
possible,2
ordinances,2
solely,2
point,2
conceptual,2
sent,2
laws,2
γιν,2
human,2
vanderkams,2
injn,2
nn,2
copenhagen,2
pentateuch,2
recipient,2
dame,2
denote,2
vengeance,2
farewell,2
kind,2
dis,2
unity,2
parallelism,2
sibling,2
deeds,2
deed,2
deuteronomy,2
möhr,2
even,2
details,2
beneath,2
atar,2
zeb,2
across,2
remain,2
explicit,2
presentation,2
parents,2
importance,2
benjamin,2
study,2
instructs,2
kins,2
receiving,2
allude,2
prevent,2
follow,2
followed,2
comprising,2
always,2
fjub,2
dlvu,2
italics,2
formulary,2
had,2
taining,2
resembles,2
lived,2
out,2
deal,2
jn,2
destined,2
relate,2
interpretations,2
inter,2
qumrân,2
silver,2
recently,2
sentence,2
promise,2
beshall,2
leuven,2
tob,2
already,2
ideal,2
concept,2
differ,2
ten,2
kindly,2
consistently,2
milgrom,2
people,2
et,2
matt,2
alliance,2
segal,2
depicting,2
suggest,2
apocryphal,2
mitchell,2
concerns,2
injunc,2
disharmony,2
dimant,2
up,2
philistines,2
roots,2
cycle,2
plausible,2
dsd,2
nations,2
critical,2
highlights,2
units,2
tes,2
mentary,2
arist,2
identified,2
indeed,2
secondly,2
brief,2
comments,2
standing,2
retelling,2
positive,2
single,2
fighting,2
violate,2
towards,2
serve,2
nat,2
orders,2
assistance,2
culture,2
propounded,2
demonstrates,2
ruiten,2
sam,2
attacks,2
technique,2
added,2
ΐ,2
sky,2
conduct,2
cursed,2
noahs,2
larger,2
associates,2
clause,2
contemporary,2
puech,2
parallel,2
fashion,2
fragments,2
v,2
present,2
signifying,2
jud,2
jacobs,2
consequence,2
explicitly,2
ibid,2
sir,2
demonstrated,2
lqphab,2
understanding,2
knew,2
examples,2
made,2
bear,2
including,2
tive,2
deinen,2
significant,2
stealing,2
additions,2
virtually,2
sequence,2
described,2
open,2
significance,2
directed,2
reward,2
ezek,2
cally,2
serves,2
practiced,2
anyone,2
earlier,2
never,2
especially,2
allusion,2
describing,2
can,2
figures,2
saw,2
we,2
broth,2
christian,2
moses,2
declaration,2
five,2
foreign,2
prosperity,2
primarily,2
pseudepigrapha,2
sandwich,2
birthright,2
sharp,2
analysis,2
antiquities,2
itself,2
face,2
remains,2
berger,2
conclusion,2
mentioned,2
weeks,2
qu,2
implied,2
precise,2
echoes,2
know,2
principle,2
control,2
shares,2
regard,2
rivalry,2
denotes,2
burying,2
assessment,2
reproach,2
descrip,2
proceedings,2
depicts,2
idem,2
accounts,2
house,2
textual,2
mekh,2
suggests,2
commandments,2
chr,2
intention,2
preserved,2
code,2
despite,2
measure,2
citations,2
argues,2
mutual,2
similarity,2
iss,2
playing,2
extremely,2
increased,2
thousand,2
njn,2
entire,2
immediately,2
nächsten,2
sworn,2
observed,2
formulae,2
indicating,2
sion,2
courts,1
periods,1
hdg,1
ending,1
utnvl,1
interpre,1
chico,1
ddtin,1
bub,1
forty,1
declared,1
fertile,1
recalls,1
opponent,1
imprecations,1
separated,1
represent,1
djm,1
extreme,1
distress,1
fea,1
noun,1
considerably,1
notably,1
φ,1
berlin,1
linguistic,1
schiffman,1
identifies,1
told,1
becoming,1
center,1
cipally,1
conveys,1
injrò,1
judicious,1
mankind,1
jubilee,1
stone,1
ihre,1
tures,1
ostensibly,1
rietzel,1
peeters,1
mit,1
nl,1
ttin,1
blows,1
ti,1
ideals,1
acceptance,1
scribner,1
flores,1
allies,1
tübingen,1
unlike,1
jos,1
before,1
remedy,1
tg,1
entertaining,1
edu,1
instructing,1
njri,1
hints,1
sifre,1
har,1
examina,1
member,1
deserved,1
invoking,1
abotg,1
defeated,1
explaining,1
familiarity,1
hence,1
torical,1
expands,1
dtin,1
preceding,1
lipj,1
alluding,1
regulating,1
garcía,1
juda,1
might,1
asso,1
devours,1
admonition,1
nyh,1
chazon,1
youngest,1
declares,1
memorial,1
resemblance,1
affinities,1
europe,1
tradition,1
interwoven,1
pqd,1
assertion,1
borders,1
desire,1
remark,1
ben,1
thank,1
rabbi,1
portrayal,1
origin,1
fully,1
follows,1
redactor,1
fel,1
ίοππί,1
ol,1
dilln,1
greatly,1
prevail,1
tinction,1
unctions,1
feature,1
piété,1
laiw,1
tigchelaar,1
byn,1
erations,1
emphasized,1
blackwell,1
remainder,1
concepts,1
deriving,1
political,1
opposite,1
embody,1
discipline,1
readiness,1
johns,1
bibel,1
dating,1
wpnn,1
wait,1
insti,1
prosper,1
uu,1
enantal,1
andexegetical,1
malul,1
proceed,1
rewriting,1
dancing,1
uva,1
lam,1
recorded,1
eastern,1
kayo,1
egyp,1
israelite,1
adopts,1
translations,1
primary,1
iv,1
drink,1
america,1
kistér,1
discuss,1
originates,1
resumption,1
gütersloh,1
representations,1
abhor,1
prior,1
nordic,1
neudecker,1
shavuot,1
illustrate,1
ance,1
pursue,1
conspired,1
move,1
nyty,1
γιτ,1
jokiranta,1
diss,1
likely,1
regards,1
rela,1
birth,1
uncertain,1
literal,1
quota,1
malachi,1
uhi,1
dirty,1
resembling,1
representing,1
nd,1
πτ,1
moral,1
formula,1
empha,1
prototype,1
pursuit,1
celebrate,1
warfare,1
lights,1
philo,1
ttpn,1
corresponding,1
usage,1
üb,1
learned,1
doubleday,1
possessing,1
goal,1
associations,1
includes,1
therein,1
severe,1
development,1
neighbor,1
prets,1
reject,1
mm,1
eating,1
dlvw,1
objective,1
radak,1
num,1
adopted,1
flqd,1
representative,1
signifiers,1
application,1
buckled,1
mandment,1
dllomu,1
employing,1
century,1
basil,1
interprets,1
thing,1
oracles,1
aramaic,1
cases,1
inserted,1
ciation,1
clark,1
underlying,1
cita,1
perspective,1
concrete,1
depend,1
refer,1
modifying,1
ρπν,1
universitätsverlag,1
ιπτιν,1
serving,1
slave,1
sions,1
served,1
reu,1
cates,1
compared,1
honour,1
kinship,1
chap,1
helpful,1
undertaking,1
exegeses,1
swords,1
receipt,1
οόπιν,1
conspiracy,1
interweaving,1
neusner,1
qri,1
drank,1
messages,1
occasion,1
pains,1
commanding,1
ma,1
iòl,1
intuition,1
unattainable,1
ment,1
realization,1
festschrift,1
njps,1
juridical,1
pericope,1
njtò,1
failed,1
retribu,1
ers,1
oxford,1
macholtz,1
iti,1
philadelphia,1
wishes,1
écrits,1
hamburg,1
πιπνι,1
reflects,1
hopes,1
predicted,1
contravene,1
respondent,1
distinction,1
performance,1
rpty,1
aimed,1
leading,1
sentences,1
developed,1
πυρ,1
exegeted,1
befall,1
incidence,1
patriarch,1
dp,1
tel,1
captives,1
connected,1
à,1
se,1
derived,1
special,1
revelation,1
nachge,1
possess,1
indiata,1
í,1
black,1
white,1
practicing,1
antithesis,1
consequences,1
front,1
bestowal,1
obedience,1
consistency,1
support,1
soul,1
send,1
halakha,1
gener,1
old,1
appar,1
wanted,1
paral,1
uprooted,1
otherwise,1
dated,1
specify,1
shin,1
elsewhere,1
conclusions,1
edition,1
days,1
welfare,1
wk,1
schichte,1
eventu,1
frequently,1
observations,1
fare,1
most,1
origins,1
nikiru,1
connecting,1
exe,1
adverb,1
signification,1
mon,1
suggested,1
providing,1
tory,1
commanded,1
atlanta,1
clements,1
haggai,1
harsh,1
whereas,1
burn,1
ites,1
lead,1
inten,1
jeremiahs,1
mendels,1
escalation,1
carrying,1
entered,1
begun,1
joy,1
typical,1
reply,1
facilitate,1
pass,1
tament,1
préesséniens,1
endeavor,1
eat,1
im,1
composi,1
unattested,1
obad,1
academic,1
companion,1
sword,1
sipra,1
expressly,1
eschatological,1
rightfully,1
versity,1
stressing,1
keywords,1
pesharim,1
connotations,1
proselyte,1
produced,1
boundaries,1
cannot,1
applied,1
separates,1
όί,1
unconvincing,1
discus,1
nickelsburg,1
hasmonean,1
explain,1
designations,1
hbb,1
opposition,1
benjamins,1
tdot,1
creates,1
albani,1
hopkins,1
near,1
possibility,1
briefly,1
ther,1
technical,1
wx,1
distinguishes,1
christianity,1
none,1
designating,1
network,1
relatives,1
stances,1
jonah,1
liable,1
tütob,1
ihe,1
rnjrtn,1
work,1
neukirchener,1
é,1
pròn,1
maneuvers,1
cus,1
ordi,1
future,1
unless,1
leads,1
london,1
purpose,1
ahsasal,1
flod,1
knowledge,1
eradicated,1
faithfully,1
confined,1
comment,1
experiencing,1
nilü,1
selbst,1
whole,1
halakah,1
siegfried,1
accord,1
q,1
citation,1
fit,1
art,1
primaeval,1
jsj,1
records,1
versus,1
intertextual,1
vessels,1
away,1
reflect,1
schwartz,1
employed,1
systematic,1
hebräische,1
jjs,1
preparation,1
lange,1
injunctions,1
pretation,1
verbs,1
specifi,1
stead,1
received,1
edomites,1
either,1
feldman,1
violated,1
causal,1
occa,1
indi,1
correct,1
mately,1
fulfilled,1
working,1
drouti,1
inference,1
γπν,1
catholic,1
warrant,1
keturah,1
tahäsasa,1
emphasizes,1
sack,1
ariel,1
sole,1
htr,1
greek,1
few,1
tation,1
psychological,1
presence,1
essentially,1
distinguished,1
utn,1
ancestors,1
ππν,1
weapons,1
differing,1
methodological,1
ent,1
abra,1
core,1
characterizes,1
testa,1
renewed,1
dependent,1
fortress,1
hollander,1
wife,1
describes,1
world,1
notes,1
jtò,1
nv,1
passive,1
actions,1
geographical,1
deficiency,1
culminate,1
circum,1
survived,1
herein,1
battle,1
pertaining,1
obeying,1
testifying,1
noteworthy,1
ical,1
situation,1
forever,1
charlesworth,1
lit,1
matter,1
allu,1
exhaust,1
bringing,1
shedding,1
qedoshim,1
employ,1
used,1
indicative,1
interweaves,1
exeget,1
shields,1
overall,1
multivalence,1
expansion,1
plans,1
fratricide,1
terah,1
göttingen,1
fifih,1
poor,1
sect,1
judgment,1
echoing,1
ρππιν,1
illustrating,1
expanded,1
conceived,1
amram,1
macc,1
strife,1
τρπ,1
contra,1
cultivate,1
put,1
sodom,1
margam,1
biological,1
omits,1
once,1
depicted,1
denunciation,1
joshua,1
turmoil,1
yet,1
auspices,1
çdkay,1
examined,1
ovlj,1
wake,1
makes,1
read,1
requiring,1
thought,1
alongside,1
sex,1
hdbura,1
τίίν,1
evidences,1
thesis,1
din,1
luke,1
pigraphical,1
tn,1
acting,1
home,1
hénoch,1
plotted,1
conveying,1
complete,1
footnoted,1
yoke,1
performed,1
baltimore,1
um,1
damas,1
wrongdoings,1
al,1
synonymy,1
belonging,1
illustrated,1
prin,1
functions,1
reports,1
inj,1
truncated,1
frameworks,1
disciplinary,1
testimony,1
fire,1
bib,1
statements,1
destitute,1
multiplying,1
request,1
blazing,1
links,1
mark,1
paraphrasing,1
again,1
fin,1
others,1
stating,1
approaching,1
pointed,1
knowing,1
reporting,1
ask,1
missoula,1
principally,1
rel,1
addition,1
many,1
analytical,1
signified,1
speaks,1
iu,1
οπνΐ,1
treatment,1
tos,1
occurrence,1
relates,1
misinterpretation,1
plan,1
depict,1
nathan,1
abstract,1
ish,1
layer,1
mohr,1
midrash,1
everything,1
goodwill,1
pattern,1
malediction,1
pairing,1
removal,1
valence,1
rebuke,1
brotherhood,1
documents,1
offence,1
took,1
paris,1
assist,1
model,1
dlbu,1
purposes,1
func,1
mohn,1
πγρ,1
nance,1
michael,1
strategies,1
ifcowl,1
necessary,1
til,1
material,1
paired,1
parted,1
remarked,1
jonge,1
meta,1
bloodshed,1
shifts,1
enmity,1
niehoff,1
remove,1
tude,1
koninklijke,1
exhibit,1
investigated,1
wassen,1
explanation,1
range,1
incidents,1
active,1
pertain,1
njti,1
upn,1
porating,1
relat,1
pseude,1
warrior,1
blum,1
expand,1
tanaaic,1
bialik,1
raven,1
stegemann,1
evant,1
engaging,1
congress,1
ideas,1
harvard,1
bed,1
exhibited,1
milik,1
canon,1
clauses,1
chosen,1
full,1
rab,1
physi,1
epic,1
delcor,1
students,1
ently,1
sugges,1
low,1
quotation,1
notations,1
three,1
archaeological,1
aware,1
publication,1
reputation,1
interpret,1
conception,1
held,1
someone,1
kane,1
belongs,1
function,1
attribution,1
haxen,1
played,1
uni,1
stages,1
lie,1
devise,1
conversation,1
ε,1
mourning,1
intertextuality,1
α,1
faith,1
omiyi,1
odtin,1
liv,1
article,1
eyes,1
antonym,1
hebron,1
fabry,1
verbatim,1
commands,1
obeys,1
respectively,1
nei,1
zweifache,1
structure,1
ί,1
enemies,1
druy,1
ihjn,1
ate,1
northern,1
bestowed,1
workshop,1
conducting,1
ρ,1
haven,1
destruction,1
evaluated,1
contradic,1
tians,1
attention,1
baggage,1
théologie,1
examines,1
visit,1
phorical,1
dealing,1
european,1
carried,1
worldview,1
crete,1
lesonenu,1
indication,1
suggestion,1
progeny,1
baltzer,1
informs,1
aid,1
oflev,1
γι,1
adverbial,1
independent,1
continued,1
seventeen,1
bold,1
figure,1
variously,1
prophets,1
plays,1
ideology,1
fields,1
fear,1
begin,1
lines,1
deaths,1
becomes,1
fraternity,1
magnes,1
began,1
violating,1
farewells,1
threaten,1
sandwiched,1
remaining,1
whereby,1
try,1
frames,1
nty,1
often,1
uis,1
construction,1
continually,1
blood,1
interconnected,1
steads,1
directives,1
ascribes,1
composed,1
idioms,1
frey,1
ofjubilees,1
scholem,1
manifesting,1
addressed,1
burned,1
redaction,1
fifteen,1
flies,1
takes,1
associated,1
ned,1
ters,1
hating,1
version,1
peoples,1
circumstances,1
manual,1
demonstrate,1
reinforced,1
ίγιν,1
extension,1
schweiz,1
borrows,1
slays,1
hilhorst,1
rival,1
supported,1
laban,1
plea,1
doi,1
ύγρ,1
shem,1
cov,1
rappaport,1
set,1
dj,1
ry,1
milieu,1
outcome,1
moran,1
ship,1
edomite,1
dwl,1
proofjoseph,1
ππφπο,1
weinfeld,1
rebeccas,1
docherty,1
descriptions,1
sizes,1
connection,1
setting,1
exploration,1
did,1
disaster,1
denoted,1
ph,1
clan,1
argue,1
senting,1
loyalty,1
report,1
inquiry,1
salamon,1
foundation,1
ar,1
exhibits,1
expresses,1
theology,1
rely,1
getical,1
geburstag,1
ordered,1
reflected,1
bin,1
examining,1
quoted,1
works,1
für,1
livneb,1
njtl,1
ojn,1
implicit,1
ulti,1
list,1
ones,1
making,1
dorans,1
trope,1
quote,1
imposed,1
mony,1
min,1
juxtaposed,1
manuscripts,1
veyance,1
incor,1
sanh,1
tute,1
correlates,1
òtto,1
institute,1
commencement,1
almost,1
listed,1
emphasis,1
cerned,1
signify,1
fourteen,1
thematically,1
hdburd,1
gradation,1
augmentation,1
maiamat,1
neck,1
directive,1
recognizing,1
goldschmidt,1
expected,1
pain,1
thereby,1
little,1
conclude,1
erally,1
dpn,1
through,1
city,1
faqada,1
prevalent,1
τόπ,1
turns,1
taments,1
happens,1
extended,1
testified,1
atti,1
rolfrendtorffzum,1
apocrypha,1
connotation,1
divided,1
mention,1
slain,1
evidenced,1
τη,1
goals,1
multiply,1
our,1
druydna,1
tubingen,1
wie,1
additional,1
question,1
sickness,1
ultimately,1
until,1
erased,1
lel,1
cambridge,1
petersen,1
formulates,1
tiibingen,1
pnn,1
jew,1
washington,1
grant,1
charge,1
hurt,1
parallels,1
course,1
correlated,1
holiness,1
evidence,1
peacejul,1
prohibition,1
hasasa,1
states,1
attributes,1
symbolizes,1
dkay,1
presenting,1
freiburg,1
recalling,1
worried,1
respective,1
ries,1
apart,1
portrait,1
clarify,1
justify,1
reached,1
era,1
parenthesis,1
siebeck,1
sharing,1
martínez,1
element,1
divergent,1
erly,1
seek,1
wickedness,1
beings,1
cross,1
penal,1
close,1
draft,1
dich,1
customarily,1
dimani,1
harmful,1
richly,1
kaya,1
