WORDCOUNTS,WEIGHT
the,765
of,606
to,375
in,329
and,229
a,214
that,178
as,157
which,129
is,124
on,118
her,108
my,106
his,103
by,95
with,95
it,92
or,89
i,87
have,83
p,82
sappho,82
for,75
was,73
not,66
be,65
this,63
he,62
an,56
love,56
ideal,56
welcker,54
s,50
other,50
so,50
but,49
been,46
from,45
one,44
more,38
greeks,37
than,36
its,35
die,33
all,30
no,30
their,30
are,30
had,29
der,29
at,28
opponent,28
those,28
any,28
has,28
most,27
me,27
such,26
own,25
were,25
himself,24
what,24
greek,24
paederastia,23
these,23
would,23
him,22
can,22
could,21
female,21
between,21
every,20
may,20
man,20
argument,20
here,19
they,18
etc,18
where,18
character,18
art,18
zu,17
und,17
if,16
liebe,16
being,16
first,16
there,16
case,16
against,16
friendship,16
same,16
having,15
den,15
she,15
unnatural,14
passion,14
even,14
vice,14
let,14
sense,14
beauty,14
therefore,14
us,14
men,14
male,14
who,14
both,14
nicht,13
taste,13
influence,13
how,13
still,13
only,13
also,13
less,13
described,13
life,13
text,13
either,12
feeling,12
very,12
am,12
two,12
affection,12
relation,12
we,12
then,12
them,12
terms,12
much,12
among,12
now,11
kl,11
erotic,11
phaon,11
whom,11
woman,11
von,11
must,11
form,11
little,11
question,11
mode,11
apologists,10
might,10
words,10
married,10
intercourse,10
general,10
however,10
ode,10
literature,10
sapphos,10
under,10
many,10
als,10
sensual,10
lesbian,10
itself,10
founded,10
passage,10
remarks,10
opinions,10
some,9
e,9
plato,9
nor,9
sich,9
shall,9
muller,9
when,9
object,9
nature,9
should,9
v,9
see,9
moral,9
husband,9
while,9
our,9
evidence,9
passages,9
c,9
daughter,9
common,8
view,8
true,8
mit,8
beautiful,8
seems,8
state,8
sq,8
point,8
author,8
further,8
hardly,8
myself,8
opinion,8
well,8
reader,8
t,8
social,8
ist,8
part,8
above,8
sex,8
bernhardy,8
purity,8
youth,8
sie,8
fellow,8
leidenschaft,8
effect,8
judgement,8
dass,8
attic,8
ever,8
works,8
extent,8
element,8
does,7
deny,7
athenian,7
genius,7
habits,7
ii,7
connexion,7
reference,7
certain,7
age,7
reply,7
required,7
least,7
richter,7
up,7
notice,7
society,7
will,7
whatever,7
time,7
manner,7
answer,7
years,7
imagine,7
chiefly,7
full,7
period,7
distinction,7
never,7
regard,7
far,7
historical,7
whether,7
english,6
former,6
history,6
into,6
poetess,6
assumes,6
distinct,6
self,6
b,6
susceptibility,6
too,6
das,6
used,6
unless,6
whole,6
paederastian,6
tone,6
things,6
second,6
appreciate,6
neither,6
fact,6
put,6
remark,6
fragments,6
pure,6
homer,6
herself,6
commentators,6
socrates,6
note,6
impulse,6
natural,6
each,6
believe,6
statement,6
theory,6
subject,6
ihrer,6
perception,6
page,5
achilles,5
bei,5
authority,5
asserted,5
women,5
beneficial,5
give,5
friendly,5
leading,5
warm,5
abhorrence,5
real,5
amorous,5
cited,5
treatise,5
guilty,5
points,5
aus,5
thing,5
though,5
ton,5
tugend,5
essential,5
without,5
act,5
subjected,5
doctrine,5
after,5
cases,5
wurde,5
defines,5
m,5
sequel,5
term,5
equally,5
applied,5
example,5
phrase,5
several,5
propriety,5
indeed,5
purest,5
suppose,5
single,5
ground,5
free,5
made,5
judge,5
expression,5
nothing,5
language,5
like,5
latter,5
greece,5
circle,5
es,5
considered,5
proof,5
following,5
over,5
best,5
einem,5
platonic,5
strain,5
instinct,5
mure,5
virtue,5
paederast,4
iliad,4
properly,4
word,4
wollustig,4
modern,4
xenophon,4
hence,4
sqq,4
quoting,4
voluptuous,4
commentary,4
comedy,4
definition,4
venus,4
last,4
issue,4
side,4
phaedr,4
say,4
letter,4
thus,4
quality,4
human,4
relations,4
application,4
living,4
admitted,4
symp,4
occasion,4
virtuous,4
german,4
main,4
illustration,4
viewed,4
pages,4
parts,4
nobler,4
spirit,4
quoted,4
admiration,4
called,4
out,4
system,4
assuming,4
because,4
public,4
justly,4
work,4
writers,4
neue,4
favourite,4
presume,4
eine,4
poet,4
auch,4
allusions,4
feelings,4
observe,4
lieder,4
always,4
f,4
secondly,4
fair,4
place,4
already,4
name,4
admit,4
subjoined,4
really,4
charges,4
honor,4
forms,4
hand,4
rh,4
necessary,4
moralists,4
original,4
eromenos,4
assume,4
previous,4
authors,4
suidas,4
morals,4
sentiment,4
parallel,4
allusion,4
auffassung,4
become,4
sacred,4
referred,4
erastes,4
mother,4
school,4
ovid,4
simply,4
rival,4
besides,4
plutarch,4
limited,4
different,4
did,4
down,4
er,4
merely,4
person,4
enjoyment,4
u,4
bd,4
innocent,4
mention,4
false,4
mistress,4
attributes,4
quotes,4
admitting,4
th,4
views,4
critics,3
o,3
appealed,3
way,3
truth,3
extreme,3
legitimate,3
sapph,3
mouth,3
ihr,3
justified,3
dignified,3
cit,3
before,3
descriptions,3
variety,3
said,3
else,3
sources,3
titles,3
xai,3
possesses,3
indulgent,3
joke,3
supplied,3
assertion,3
great,3
reasons,3
subsequent,3
feature,3
somewhat,3
within,3
schwachheit,3
iv,3
right,3
addresses,3
capable,3
possible,3
mutual,3
anacreon,3
fur,3
deserted,3
welckers,3
regarding,3
possessing,3
throughout,3
lover,3
reverse,3
interest,3
fictitious,3
affairs,3
symptoms,3
highest,3
stigmatised,3
young,3
waren,3
drawn,3
journal,3
kept,3
whose,3
rather,3
statements,3
yet,3
nonsense,3
similar,3
talk,3
k,3
means,3
category,3
consider,3
proved,3
alluded,3
show,3
commonly,3
powerful,3
generally,3
widow,3
perceive,3
expressed,3
title,3
concentration,3
critic,3
rule,3
deal,3
oder,3
equal,3
war,3
cannot,3
placed,3
ignorance,3
expressions,3
appeals,3
reality,3
nation,3
q,3
personal,3
citizen,3
elegant,3
reine,3
towards,3
presumption,3
accused,3
prevalence,3
order,3
worst,3
few,3
astounding,3
ill,3
essentially,3
distinguished,3
da,3
paramour,3
portion,3
ausnahmen,3
stale,3
ia,3
prove,3
declamation,3
once,3
home,3
grossere,3
efforts,3
published,3
power,3
stated,3
pointed,3
added,3
verliebte,3
maternal,3
viii,3
doubt,3
offence,3
readers,3
proverbial,3
present,3
material,3
perhaps,3
einer,3
native,3
alle,3
degree,3
another,3
credit,3
unfavourable,3
treated,3
virgin,3
refers,3
questions,3
auf,3
directed,3
op,3
odious,3
admission,3
characterised,3
spread,3
socratic,3
attaches,3
freundschaft,3
standard,3
ap,3
article,3
although,3
bestowed,3
indulgence,3
attention,3
separate,3
christian,3
irregular,3
practical,3
annimmt,3
reasonable,3
bears,3
anxious,3
often,3
construction,3
athen,3
respect,3
face,3
stellen,3
attachment,3
meant,3
share,3
sexes,3
bode,3
gesch,3
nur,3
argue,3
innern,3
benefit,3
sexual,3
ihres,3
carefully,3
add,3
maintain,3
mere,3
boys,3
almost,3
des,3
popular,3
level,3
poems,3
pain,3
through,3
altogether,3
longinus,3
substance,3
grosser,3
defence,3
zum,3
sprung,3
writer,3
remains,3
bounds,3
exclusively,3
antient,3
tract,3
conception,3
lucian,3
difficult,2
possessed,2
beseitigen,2
later,2
meaning,2
atthis,2
alone,2
stands,2
plainly,2
forth,2
large,2
connubial,2
denied,2
geworden,2
remind,2
h,2
strictly,2
unanswered,2
easily,2
sublime,2
inference,2
censure,2
gr,2
supposing,2
necessarily,2
tells,2
husbands,2
connexions,2
wenigen,2
negative,2
brutal,2
ethics,2
fast,2
defects,2
certainly,2
attempts,2
taken,2
concentrated,2
grossen,2
weniger,2
denn,2
advanced,2
england,2
j,2
diese,2
ovids,2
advantage,2
blind,2
follows,2
idealising,2
moderns,2
composition,2
room,2
take,2
loves,2
hands,2
elderly,2
describes,2
taunt,2
mind,2
primitive,2
tv,2
reserved,2
xenoph,2
widowhood,2
ad,2
glauben,2
td,2
ganz,2
con,2
existence,2
autolycus,2
primary,2
zur,2
demetr,2
vol,2
logical,2
condition,2
shared,2
crowned,2
kleine,2
diss,2
apart,2
taking,2
immoral,2
laws,2
apply,2
marriage,2
laurels,2
description,2
fragment,2
collection,2
poetical,2
li,2
fallacy,2
spricht,2
mine,2
reprobation,2
misquotations,2
de,2
divine,2
lady,2
commissi,2
wthe,2
rank,2
iy,2
refer,2
comparative,2
peculiarity,2
compare,2
committing,2
child,2
idealised,2
exempt,2
digression,2
deeply,2
conceive,2
pronounced,2
purer,2
bring,2
performance,2
sort,2
en,2
kind,2
mean,2
knew,2
maximus,2
risk,2
connected,2
strange,2
dialogue,2
special,2
possess,2
developments,2
bad,2
palroclus,2
hinter,2
objects,2
humour,2
familiar,2
plat,2
amid,2
section,2
elsewhere,2
edition,2
days,2
w,2
ihnen,2
ugly,2
versteckt,2
followed,2
paraded,2
ha,2
ihre,2
friends,2
result,2
habitually,2
found,2
effort,2
lebens,2
diet,2
poetry,2
im,2
late,2
left,2
courteous,2
appears,2
anecdote,2
gefuhle,2
opposition,2
misrepresented,2
absurdity,2
alludes,2
feminine,2
gesagt,2
apprehend,2
figurative,2
r,2
y,2
formerly,2
scope,2
favourable,2
civilisation,2
confined,2
aged,2
barren,2
surprise,2
selbst,2
year,2
describe,2
during,2
partly,2
collective,2
contains,2
middle,2
reflect,2
employed,2
attributed,2
good,2
varieties,2
adel,2
correct,2
below,2
contrast,2
destiny,2
discourse,2
sake,2
involved,2
long,2
accomplished,2
wider,2
ls,2
transfer,2
denotes,2
portions,2
mixing,2
perpetrated,2
dem,2
st,2
decency,2
goat,2
wife,2
proper,2
erklart,2
periode,2
notes,2
behalf,2
champion,2
hellenic,2
led,2
candid,2
conf,2
temperament,2
reduced,2
lit,2
matter,2
incredible,2
noble,2
concede,2
gluhendste,2
again,2
bis,2
exception,2
fastened,2
cohabited,2
make,2
standing,2
modes,2
zeal,2
licentious,2
about,2
criticism,2
interpretation,2
read,2
paradox,2
thought,2
evil,2
restricted,2
critical,2
quarrel,2
light,2
eros,2
dichterin,2
ed,2
excellence,2
contempt,2
qualified,2
begins,2
reizbarkeit,2
friend,2
testimony,2
volume,2
purified,2
valid,2
think,2
purely,2
amours,2
others,2
conceived,2
deserves,2
intellect,2
smith,2
dearest,2
head,2
scholars,2
haben,2
inconsistency,2
ideale,2
associates,2
omitted,2
end,2
venture,2
injurios,2
grecian,2
fame,2
paris,2
fable,2
evaded,2
pauly,2
sister,2
celebrated,2
sittenreinheit,2
concisely,2
notices,2
remarked,2
apologeten,2
number,2
corrupt,2
refuted,2
remained,2
beg,2
nichts,2
extended,2
discussion,2
favour,2
admits,2
father,2
success,2
examples,2
upon,2
einen,2
bear,2
renders,2
bemuht,2
entirely,2
use,2
prevailed,2
unfair,2
maintains,2
engaged,2
injurious,2
theories,2
specimen,2
open,2
compositions,2
clear,2
suffice,2
se,2
tl,2
reputation,2
held,2
symposium,2
xxiv,2
vivuntque,2
tangible,2
expressing,2
faith,2
qualities,2
eyes,2
accordingly,2
master,2
probably,2
unqualified,2
opposite,2
justice,2
rarity,2
entitled,2
carried,2
monstrous,2
imply,2
complaining,2
assert,2
sole,2
flowed,2
indispensable,2
foregoing,2
noch,2
aa,2
zarte,2
worse,2
wantonly,2
philosopher,2
delicacy,2
antiquity,2
class,2
expedients,2
inspired,2
verhaltniss,2
schriften,2
graver,2
farbe,2
ehre,2
cognate,2
themselves,2
matters,2
claims,2
faculties,2
authorities,2
alkaos,2
elaborate,2
series,2
calores,2
schonheit,2
patroclus,2
contradiction,2
implied,2
physical,2
zuneigung,2
tenor,2
excess,2
infra,2
extant,2
principle,2
control,2
sure,2
readily,2
assumed,2
ft,2
iii,2
fifteen,2
perfectly,2
ueber,2
just,2
masters,2
bands,2
better,2
places,2
turned,2
reproach,2
confess,2
ingenuous,2
ike,2
ohne,2
namely,2
degradation,2
heyn,2
fondly,2
particular,2
allowance,2
eulogy,2
gratification,2
scrupulous,2
sittlicher,2
imputing,2
noticed,2
evading,2
felt,2
diesen,2
mutterlichen,2
kin,2
content,2
step,2
com,2
callias,2
tender,2
partake,2
welche,2
youthful,2
anxiously,2
specially,2
unable,2
immer,2
sensually,2
indess,2
detestable,2
national,2
charge,2
wish,2
instead,2
fatal,2
exists,2
poes,2
d,2
countrymen,2
effects,2
association,2
plea,2
dishonesty,2
ift,2
abscheulichkeit,2
entire,2
given,2
re,2
immediately,2
strong,2
xiii,2
recent,2
previously,2
suppresses,2
occur,2
ofgercnjaft,1
ireuiied,1
summed,1
final,1
uuumann,1
wfeefle,1
brighter,1
vorliegt,1
qfiyt,1
mazes,1
aussersten,1
handsome,1
recesses,1
lust,1
scandal,1
rate,1
deference,1
yceg,1
antoine,1
struggle,1
refinement,1
xaxov,1
gynaeoea,1
aber,1
dann,1
auctoritates,1
cognates,1
altesten,1
tainted,1
declared,1
lucians,1
spiegelte,1
implying,1
frack,1
unbescholtener,1
hallucination,1
wir,1
generous,1
corruption,1
menschlujhe,1
consort,1
scholar,1
turpitude,1
designated,1
shameles,1
contusion,1
represent,1
wahrscheinlichkcit,1
transcribe,1
affected,1
distress,1
sajienspiel,1
fullpos,1
privations,1
fiction,1
thfe,1
thrown,1
xtjnoi,1
worthy,1
presses,1
implies,1
namorestt,1
hfer,1
mystification,1
noticing,1
wew,1
specks,1
originating,1
myslificalton,1
confessing,1
totally,1
aiv,1
quibbling,1
ailein,1
per,1
passing,1
expect,1
forcing,1
pksyeo,1
unsuccessful,1
yaterliche,1
innigkeit,1
conducted,1
mancher,1
judged,1
dignity,1
hate,1
tke,1
enqugh,1
psajitge,1
confidence,1
bute,1
tend,1
conversant,1
mankind,1
vast,1
witze,1
songs,1
referring,1
formed,1
schools,1
awor,1
ofmuller,1
constitutes,1
continent,1
reprobate,1
palpably,1
unwritten,1
rt,1
pervading,1
fra,1
bekehren,1
ly,1
conscious,1
ardent,1
jest,1
verkennenden,1
konnen,1
descriptive,1
tied,1
conclusive,1
reasonably,1
hair,1
neues,1
sentimentality,1
style,1
qnma,1
stoic,1
tbcir,1
distaste,1
tome,1
selbstgefuhle,1
allies,1
harsh,1
tween,1
burn,1
jegt,1
gehort,1
dieser,1
wvaterttche,1
amply,1
kann,1
holding,1
viriliter,1
observing,1
quarrels,1
biographical,1
complacency,1
revered,1
gentlewoaian,1
something,1
induced,1
uncorrupted,1
nice,1
oris,1
source,1
kinsmen,1
chastity,1
wman,1
hftnselfi,1
inale,1
awn,1
supra,1
panegyrics,1
objecting,1
round,1
cordially,1
vorkommen,1
cast,1
synonymous,1
based,1
direction,1
platonists,1
avsqov,1
perusal,1
orestes,1
owfau,1
lesbides,1
allegory,1
lightly,1
modest,1
vos,1
sophistical,1
tise,1
posed,1
matured,1
cause,1
jier,1
viz,1
derives,1
phi,1
garizen,1
exaggerated,1
handle,1
stoff,1
estate,1
rede,1
address,1
uuder,1
compliment,1
treasappho,1
attempt,1
muth,1
womatt,1
fasst,1
ourselves,1
departure,1
experiments,1
danced,1
endlich,1
leugnende,1
lysimele,1
vl,1
names,1
unjust,1
quid,1
principles,1
cleobulus,1
sqcoiixd,1
attractive,1
europe,1
beruht,1
secondary,1
belong,1
aiq,1
suggesting,1
rogatio,1
estimation,1
undertake,1
display,1
gedanken,1
evidently,1
protest,1
alterthums,1
analpr,1
analyses,1
thema,1
flescriptions,1
senses,1
nonexistence,1
vieierlei,1
bos,1
gthat,1
able,1
verfasser,1
trealise,1
counterargument,1
scheme,1
beds,1
falsification,1
providence,1
festivities,1
tbis,1
befell,1
evfen,1
wnot,1
ganze,1
introduces,1
achieved,1
xx,1
indulged,1
misrepresenting,1
baneful,1
course,1
date,1
filial,1
stand,1
precisely,1
infragm,1
pylades,1
platos,1
normal,1
ber,1
vorher,1
discipline,1
apostrophes,1
committed,1
derverfasser,1
imploring,1
moralises,1
vapid,1
gratified,1
subjugation,1
attempted,1
traces,1
arbiters,1
legend,1
igcog,1
pecuniary,1
andromeda,1
speaker,1
british,1
akin,1
nowhere,1
witfe,1
empty,1
jq,1
ungenerously,1
liebenswurdigkeit,1
philological,1
xavzixtjv,1
unmixed,1
ftjaximus,1
tie,1
assertions,1
habena,1
aad,1
av,1
einetn,1
shameless,1
advisedly,1
verliebten,1
facetious,1
vnal,1
mass,1
satirists,1
abnormity,1
hall,1
jus,1
ths,1
pisa,1
custom,1
iycoiixijv,1
wunderbare,1
account,1
erkenne,1
boasted,1
hearsbreadth,1
superfluity,1
sneered,1
abscheulich,1
significance,1
attaching,1
shame,1
reaching,1
vaguely,1
dno,1
restraints,1
klare,1
anapveon,1
solely,1
bios,1
aoxqixu,1
obvious,1
leniency,1
sittlichestiramungtt,1
mental,1
tijv,1
consequent,1
paving,1
ignores,1
dwelt,1
selecting,1
literal,1
constrained,1
train,1
enter,1
juvenile,1
lasst,1
acquires,1
erasistratus,1
beneath,1
praeception,1
safely,1
engage,1
pursuit,1
impartial,1
contrasts,1
audience,1
spateren,1
illustrating,1
prejudice,1
misrepresentation,1
phaedrus,1
bildet,1
rechnung,1
corresponding,1
vindication,1
freundlicher,1
gravity,1
usage,1
aeoliae,1
exist,1
befcn,1
dibg,1
prom,1
clinias,1
dorliiatit,1
review,1
befreitu,1
surely,1
gewiss,1
leidenschafl,1
draught,1
leuchtende,1
connect,1
einzugehen,1
tyrannical,1
immediate,1
ndoubt,1
pursue,1
professor,1
horazischen,1
since,1
due,1
interesses,1
mixifrig,1
erfahrung,1
reset,1
rhapsody,1
lovef,1
curse,1
g,1
caricatur,1
mehrerern,1
granting,1
bodily,1
told,1
latxaojqta,1
outrage,1
criminality,1
ut,1
singularly,1
purify,1
subdue,1
moment,1
zuncfco,1
confining,1
hid,1
te,1
weii,1
labyrinth,1
ess,1
characteristic,1
tegorically,1
undeniably,1
tacit,1
supplies,1
tfie,1
ins,1
itt,1
entzieht,1
media,1
vvenn,1
nt,1
sample,1
privilege,1
insult,1
comprised,1
geschmuckt,1
learning,1
nities,1
supposes,1
exercise,1
bus,1
tested,1
syq,1
billig,1
recklessly,1
misconception,1
affectionate,1
solchen,1
old,1
uch,1
complains,1
altec,1
sets,1
glory,1
concedes,1
honourable,1
cooler,1
leukas,1
balls,1
vom,1
concerning,1
amount,1
kinds,1
subjects,1
theologen,1
tlje,1
grundliche,1
body,1
pagnie,1
admirer,1
holds,1
wv,1
poem,1
recognised,1
ally,1
honour,1
zweiten,1
demetrius,1
twice,1
estimate,1
erst,1
find,1
qde,1
ilv,1
enhance,1
coinciding,1
outset,1
theatres,1
brother,1
consequently,1
seal,1
pardonable,1
slightest,1
reflexion,1
look,1
herauszuwagen,1
gegen,1
therefpre,1
werden,1
auge,1
amare,1
aussern,1
correctness,1
discovering,1
inveighing,1
conceded,1
uopolluted,1
behauptungen,1
aofjiatot,1
sane,1
puellas,1
wauch,1
aydqi,1
adversary,1
error,1
ment,1
disciples,1
uifa,1
jst,1
ajway,1
mentioned,1
tarnished,1
anders,1
sehr,1
natur,1
higher,1
homely,1
forty,1
parity,1
clearchus,1
griech,1
simultaneously,1
abbreviation,1
vindicating,1
iti,1
alleged,1
manrterliebe,1
rebuked,1
freilich,1
pathetic,1
schwdrmerei,1
depreciate,1
puions,1
played,1
license,1
tyrius,1
heroes,1
deviw,1
variance,1
mattered,1
plaining,1
gynaeceum,1
minence,1
unwilling,1
sentences,1
generations,1
sapphb,1
blames,1
preeminently,1
lasritioasntess,1
juerd,1
lie,1
ydoxoov,1
fragra,1
misinterprets,1
af,1
heresy,1
theil,1
ai,1
ausdrucken,1
process,1
unanimously,1
maideh,1
represented,1
fascinations,1
angaben,1
opportunity,1
ovq,1
inanes,1
formally,1
luciar,1
pointedly,1
addr,1
ex,1
soreness,1
tig,1
conversation,1
importance,1
leave,1
beriihrte,1
exsappho,1
impure,1
direct,1
represents,1
ix,1
irrumpens,1
sanctuary,1
pp,1
aijju,1
plutarchs,1
solacing,1
white,1
lay,1
discernment,1
feel,1
productive,1
mullef,1
mochte,1
antithesis,1
allmalig,1
beziehen,1
space,1
front,1
supposed,1
fid,1
repetitio,1
proclaimed,1
inanimate,1
support,1
ordeal,1
gous,1
hook,1
tissue,1
arid,1
understand,1
downward,1
obliquity,1
injury,1
escape,1
eloqn,1
phaons,1
puella,1
misquoted,1
subsist,1
hervor,1
affect,1
indignities,1
frankness,1
females,1
deutlichsten,1
eingeno,1
possibly,1
kleinods,1
discriminating,1
exlteme,1
heroi,1
literary,1
werth,1
hi,1
etymology,1
schlechten,1
seasoned,1
bit,1
considerations,1
rdie,1
clearly,1
specify,1
conclusions,1
passed,1
insensibility,1
spontaneously,1
enjoyments,1
quartets,1
banqueting,1
invariably,1
weven,1
transcendantly,1
unkeusckbeit,1
document,1
assailed,1
reviewed,1
upper,1
xenophontean,1
esquire,1
track,1
xi,1
gluhendsten,1
wdie,1
companions,1
mischievous,1
lesbia,1
experienced,1
superior,1
additional,1
oi,1
verhalt,1
advocate,1
beyond,1
frothy,1
shed,1
regnabat,1
frau,1
putting,1
precision,1
harsher,1
xsofu,1
fey,1
trary,1
sympos,1
bewilder,1
instance,1
iolaus,1
qcot,1
willing,1
subsidiary,1
cloudless,1
explain,1
hit,1
sweeten,1
believed,1
lascivious,1
je,1
guilt,1
important,1
palliate,1
uhlen,1
tyranny,1
noxxd,1
effervescence,1
retirement,1
differently,1
xql,1
appear,1
tritt,1
bilden,1
prescribes,1
rb,1
concupiscence,1
opponents,1
greater,1
uv,1
raw,1
weit,1
closely,1
advance,1
noir,1
affirmative,1
rebutting,1
lead,1
laid,1
imli,1
xsofii,1
introduce,1
path,1
pest,1
stratonice,1
allow,1
conciseness,1
allusive,1
emblazoned,1
principal,1
vifi,1
sieht,1
entering,1
superfluous,1
nxovgitordtw,1
inaugurating,1
firjqolq,1
ciceros,1
pausan,1
evasive,1
seven,1
conspicuous,1
andere,1
transference,1
alloy,1
recoil,1
pass,1
iriany,1
bathyllus,1
ganzlich,1
twenty,1
wift,1
preceptor,1
heitre,1
interpretations,1
base,1
plulologen,1
thebes,1
passionate,1
culture,1
respects,1
pre,1
dtbq,1
feels,1
degrading,1
accurately,1
affectation,1
iygaxpev,1
stets,1
affair,1
improbability,1
idealise,1
tiriechen,1
frisch,1
understood,1
grund,1
subsisted,1
omitting,1
mainly,1
silence,1
incompatible,1
gluck,1
crdata,1
ashamed,1
indirect,1
duced,1
afforded,1
kunst,1
youths,1
produced,1
ungeheuer,1
persons,1
tlotte,1
enlightened,1
auszusprechen,1
jyr,1
grounds,1
wealth,1
hellenism,1
soph,1
xiv,1
spiritual,1
your,1
perform,1
aitd,1
dwelling,1
hadthe,1
ifjiivaiot,1
alibi,1
comprehension,1
nonsensical,1
gods,1
worthless,1
philosophic,1
impression,1
inconstant,1
entschlossenheit,1
precept,1
shape,1
abuse,1
taxes,1
sharply,1
none,1
scrusappho,1
selbstgefflhk,1
detractors,1
fecistis,1
colonna,1
basis,1
whicl,1
spellbound,1
line,1
modesty,1
ihe,1
mistatement,1
inferred,1
biogr,1
cavils,1
hellas,1
supplanted,1
carry,1
ensue,1
prominent,1
brought,1
hauptinhalt,1
mytilenaean,1
degrees,1
satirical,1
london,1
drew,1
purpose,1
sfo,1
griechen,1
training,1
fragmenle,1
knowledge,1
uicht,1
calls,1
quently,1
clearer,1
povg,1
poesi,1
lejbiscbe,1
felsen,1
malereien,1
discriminates,1
virulence,1
repeating,1
mmen,1
perversions,1
womit,1
heyne,1
gave,1
sorrow,1
sta,1
schreiben,1
axovoi,1
einflosst,1
refined,1
alten,1
lcsbian,1
aristophanic,1
literally,1
constitute,1
asserts,1
people,1
lii,1
mwss,1
imputation,1
lorbeerkranze,1
ahd,1
actually,1
centred,1
sweetest,1
details,1
historische,1
erotischer,1
sagen,1
mentions,1
aufgerficfct,1
durch,1
forces,1
illustrative,1
alles,1
sensibility,1
voluptuousness,1
bidding,1
xviii,1
kritik,1
showing,1
unmoglich,1
sicily,1
ovjd,1
sententiam,1
gently,1
urn,1
esbisch,1
eben,1
gorgias,1
paedag,1
tpoivixt,1
weeks,1
requoting,1
menschlichq,1
approach,1
pollution,1
unmarried,1
thread,1
dialogues,1
heartless,1
ulriei,1
explaining,1
detailed,1
xtqxog,1
trieb,1
noiqoig,1
running,1
solution,1
fbjj,1
calmer,1
folgern,1
describing,1
paralipomena,1
leidenschaff,1
idiom,1
vorurtheil,1
manners,1
retired,1
responsibility,1
recanted,1
alcibiades,1
lee,1
xo,1
mannerliebe,1
kleinod,1
diafdyiiv,1
son,1
cer,1
le,1
fxavia,1
andern,1
sonal,1
action,1
sbme,1
schwachbeit,1
pronounces,1
formen,1
vain,1
arbitrary,1
detestation,1
around,1
conrtexiou,1
hinjsem,1
festive,1
heat,1
desire,1
hercules,1
dwell,1
taristrien,1
contrariam,1
unblemished,1
characteristics,1
vermeidet,1
endeavour,1
jeder,1
tfo,1
narrating,1
sorrows,1
stigma,1
vet,1
presence,1
vr,1
kopfe,1
amor,1
wenn,1
convey,1
attached,1
apologistsa,1
okfj,1
trist,1
credible,1
obnoxious,1
occasions,1
customary,1
aloi,1
niss,1
brilltrnt,1
weiss,1
doctrines,1
dim,1
os,1
rlhr,1
anacreons,1
frantically,1
results,1
citations,1
amp,1
leidenschatt,1
peculiar,1
frfcundschaft,1
cercolas,1
komikera,1
appropriate,1
lore,1
value,1
crime,1
ernpfindens,1
gross,1
werke,1
finds,1
hiscase,1
docs,1
nywtos,1
beklagen,1
pronoimces,1
settle,1
rest,1
miserable,1
establishments,1
quibble,1
enjoy,1
dictated,1
fiber,1
fancies,1
luxuries,1
rd,1
howpver,1
testatur,1
rarest,1
nations,1
favourites,1
appeal,1
irtiply,1
prescribed,1
seats,1
haiqiotqcag,1
ercimenoi,1
lad,1
ivould,1
eloc,1
tea,1
maderatipfcy,1
zeugnissen,1
happen,1
ursache,1
womanhood,1
aller,1
kostbarstes,1
reflexions,1
skeptischer,1
metaphysical,1
sondern,1
ingenuity,1
condemnation,1
ideial,1
absence,1
thurae,1
materials,1
qqoted,1
bringing,1
cherish,1
guarded,1
zahtreichen,1
geschrieben,1
ollust,1
identified,1
dreamy,1
gepaart,1
incorrect,1
haufig,1
proverbs,1
sehien,1
service,1
vieler,1
antiochus,1
lesbi,1
bothe,1
vollendetste,1
cloud,1
return,1
joyeuse,1
inclusive,1
eminent,1
forward,1
merits,1
nearly,1
assurance,1
oden,1
rheinisches,1
vouchers,1
lhr,1
rivalry,1
sittliche,1
fehlen,1
ittcfiiaqag,1
pacderastian,1
wisest,1
ignorant,1
manifest,1
verliebiheit,1
incredibly,1
boy,1
uvsqi,1
study,1
furdichtung,1
insulting,1
spot,1
sache,1
cupbearer,1
collation,1
hold,1
va,1
prefix,1
measure,1
mannern,1
answering,1
diess,1
aggressor,1
permanently,1
acieriee,1
fursorge,1
spoken,1
hoe,1
absurd,1
reedited,1
aud,1
allegations,1
oxford,1
maiden,1
avaxqioptqs,1
dwells,1
uaut,1
sympathies,1
athme,1
bearings,1
lhat,1
museum,1
od,1
myr,1
hierauf,1
gloom,1
makes,1
complication,1
devotion,1
jungfraulicher,1
acted,1
paedcrasiia,1
vjulgar,1
qc,1
ipsas,1
vv,1
east,1
mixed,1
theteian,1
exposure,1
matron,1
verhielte,1
miiller,1
ansicht,1
vanishes,1
fcwho,1
disappears,1
thesis,1
perceived,1
ancient,1
arguments,1
reflects,1
tain,1
meretricious,1
included,1
spotless,1
pf,1
ils,1
tophaon,1
positively,1
liberty,1
geftihl,1
collectively,1
lord,1
incompetent,1
idiomatic,1
kmn,1
exalt,1
adduced,1
unsullied,1
zweifel,1
reduces,1
verkcnnenden,1
darstellen,1
illustrated,1
prineipit,1
scraps,1
princely,1
swinish,1
aristotle,1
mak,1
noted,1
innate,1
gentlemen,1
wje,1
baby,1
hielten,1
bordering,1
ojv,1
affections,1
considers,1
include,1
gentleman,1
fj,1
urkundlichen,1
einmal,1
lauter,1
gatt,1
highbred,1
leader,1
fire,1
niceties,1
wohl,1
rufe,1
dilemma,1
french,1
zuerst,1
aspect,1
petitto,1
law,1
untrue,1
lapse,1
rin,1
stronger,1
wliich,1
menschliche,1
gotiliche,1
figure,1
mark,1
admirable,1
undervaluing,1
possession,1
avail,1
fete,1
amour,1
thoroughy,1
addition,1
sophistries,1
iqipatag,1
temperaments,1
destroy,1
ftrms,1
emotions,1
wusstsein,1
contemptuous,1
shows,1
ofphilosophy,1
subscribes,1
idea,1
klar,1
gar,1
consideration,1
limit,1
treatment,1
pair,1
fundamental,1
xii,1
endless,1
gthus,1
regret,1
punkte,1
broadly,1
enlarging,1
appeared,1
ought,1
qo,1
witztger,1
audacious,1
attempting,1
thepristis,1
habe,1
enable,1
docuit,1
dibs,1
bject,1
downwards,1
dnouinu,1
richer,1
quintilian,1
new,1
gedacht,1
cision,1
withering,1
coarseness,1
ausdfuck,1
aggravation,1
litigant,1
succeeding,1
joys,1
habit,1
unricb,1
serious,1
germanic,1
warmen,1
confusion,1
enough,1
tier,1
clemens,1
burning,1
fleissig,1
do,1
convivial,1
herrschenden,1
yeyovivai,1
nauseous,1
iyfxjuijd,1
model,1
madchen,1
macht,1
repioacfi,1
swallow,1
horace,1
dea,1
immature,1
anathemas,1
iven,1
origin,1
maturity,1
niemals,1
ao,1
gait,1
denounces,1
ruberzuziehen,1
ueberresten,1
roiaviag,1
djchtungen,1
books,1
lamentable,1
amounting,1
grave,1
gives,1
reconciled,1
lurk,1
imputed,1
eq,1
bejng,1
day,1
staring,1
defendi,1
qqv,1
remove,1
kaun,1
matrix,1
offerida,1
faubourg,1
understanding,1
bond,1
exhibit,1
lap,1
fallowed,1
nachdruck,1
theirs,1
sammtliche,1
encycl,1
disease,1
session,1
survive,1
birth,1
sophocles,1
grossly,1
explanation,1
moralist,1
worden,1
schwerer,1
blaze,1
durchzog,1
heroine,1
sapphic,1
yo,1
giles,1
parents,1
praeter,1
amatae,1
calumny,1
passes,1
distinctly,1
whither,1
misstatements,1
sixth,1
depended,1
increase,1
ylove,1
heroischer,1
streams,1
medium,1
minds,1
wonder,1
honorable,1
admiring,1
elegy,1
denies,1
atid,1
erne,1
religiously,1
deprived,1
largely,1
assumption,1
virtually,1
mehr,1
causes,1
morality,1
band,1
dances,1
ideas,1
bed,1
inflicted,1
tola,1
intellectual,1
deutschen,1
welcher,1
imposes,1
aids,1
aoxqixot,1
exaggerates,1
trust,1
belter,1
anmulh,1
dismissed,1
eurip,1
unbefleckten,1
involves,1
excused,1
kindred,1
ties,1
homeric,1
vidueller,1
hindrances,1
quotation,1
inj,1
whoever,1
exonerated,1
angebaute,1
aware,1
frantic,1
grew,1
hinged,1
discussed,1
express,1
ausschweifender,1
geschlechts,1
rnpuise,1
fountain,1
bonn,1
refinements,1
disappointed,1
objection,1
toov,1
characterising,1
eve,1
times,1
allowed,1
external,1
threw,1
ef,1
aposiopesis,1
exemplary,1
founds,1
acquiescence,1
aeofiiav,1
eines,1
escaped,1
charmides,1
rhetoric,1
avaxgimv,1
uyovrog,1
unsensual,1
unjustifiable,1
worldly,1
paths,1
irregularity,1
ihrem,1
xen,1
probable,1
earlier,1
renewal,1
believing,1
confounded,1
innerstes,1
spent,1
jungern,1
decide,1
isinga,1
educational,1
strongly,1
paederastirin,1
ip,1
richters,1
especially,1
ausschliessjlch,1
written,1
traumt,1
disclaims,1
borr,1
qwa,1
schalzt,1
falser,1
maifc,1
victory,1
reads,1
eroraenos,1
regier,1
narrow,1
whbre,1
greatly,1
fliy,1
pro,1
extensive,1
deliberate,1
iegoi,1
lns,1
sallied,1
accrue,1
define,1
pbaedrus,1
gluhendster,1
sagt,1
structure,1
tarch,1
offensive,1
nichl,1
imputations,1
xov,1
rhetorical,1
story,1
dariiber,1
looked,1
attischen,1
dreamt,1
figures,1
profligate,1
wan,1
apologist,1
reliquias,1
joint,1
insignificant,1
conveyed,1
versen,1
fanciful,1
ggtenschlich,1
occupy,1
embodied,1
modifications,1
reckless,1
universality,1
concisest,1
darker,1
pupils,1
la,1
awaiting,1
widely,1
overlooked,1
misquotes,1
species,1
mytitene,1
gifted,1
gyrinna,1
uncontaminated,1
nisi,1
lesbische,1
openness,1
consists,1
asking,1
fes,1
mtretr,1
usb,1
fraternal,1
extracted,1
ancients,1
manhood,1
spiral,1
esteemed,1
oa,1
aid,1
excuse,1
commentator,1
carnally,1
absorbing,1
lovers,1
ands,1
initials,1
belonged,1
reinheit,1
backed,1
reviewer,1
perusing,1
fairly,1
excellences,1
minstrel,1
hears,1
foreign,1
slating,1
lehren,1
igay,1
relieved,1
naturally,1
spouse,1
novfjv,1
proves,1
showering,1
grundr,1
misquotation,1
bare,1
ordinary,1
primarily,1
naively,1
rj,1
lesbos,1
mood,1
ting,1
nugacity,1
ovicu,1
dnb,1
tin,1
commended,1
un,1
seen,1
contrary,1
auctoritatibus,1
render,1
gestalt,1
uu,1
excited,1
tup,1
ohnecitate,1
fang,1
length,1
wilh,1
descanted,1
assorts,1
indecent,1
satisfaction,1
achtete,1
examine,1
analysis,1
paternal,1
quite,1
fe,1
existed,1
cercola,1
sheds,1
entertainment,1
dead,1
wives,1
composed,1
ovdhv,1
seinen,1
griechische,1
urged,1
night,1
humiliation,1
sympathy,1
achtesten,1
figured,1
pleasurable,1
beruhrote,1
wgliihendste,1
investigate,1
you,1
igfiv,1
puellae,1
anxieties,1
poets,1
borrowed,1
strictious,1
wercjen,1
addressed,1
detail,1
gorgo,1
supply,1
seat,1
dialogne,1
acquired,1
pl,1
prevarication,1
reciprocal,1
qvgiiypyalxa,1
constant,1
carikatur,1
gluth,1
practice,1
breach,1
pdssession,1
conclusion,1
jt,1
ausser,1
esteems,1
orest,1
conjunction,1
vorzuglich,1
nmiss,1
forget,1
ve,1
venial,1
athens,1
scha,1
constituted,1
invoked,1
tod,1
qu,1
turn,1
ansichtea,1
continues,1
extension,1
accruing,1
theme,1
known,1
exposition,1
paveigrjq,1
aaacreon,1
tyr,1
shunned,1
decorum,1
disguise,1
amicitia,1
thjs,1
narrowly,1
tliat,1
promulgated,1
loving,1
mystify,1
pt,1
enquiring,1
sabdue,1
appealing,1
obtuse,1
blindness,1
occurred,1
ito,1
belief,1
daruber,1
gattenliebe,1
coincides,1
diesem,1
authentically,1
know,1
physically,1
kostbarem,1
defining,1
recorded,1
military,1
glowing,1
obscene,1
vy,1
physicidh,1
country,1
phtton,1
brutalise,1
soaue,1
chen,1
lesbran,1
disinterested,1
yvvctixcov,1
worth,1
ni,1
inclined,1
interested,1
accustomed,1
gravejy,1
seem,1
smerdis,1
zeugnisse,1
unknown,1
ungenerous,1
prominence,1
print,1
appendix,1
publiely,1
casuistry,1
half,1
wejcher,1
iphigj,1
cbmoedians,1
domestic,1
vicious,1
report,1
thctee,1
foundation,1
rejiected,1
pleased,1
altered,1
lupiter,1
metaphorical,1
deem,1
exhibits,1
obviously,1
speculation,1
enemy,1
uovqv,1
asserting,1
ir,1
liberal,1
fail,1
pretended,1
associations,1
differed,1
geglaubt,1
past,1
goddess,1
misquoting,1
untruth,1
ptksiy,1
fess,1
ernstlich,1
absolutely,1
hint,1
dreary,1
wwundprbare,1
dismissing,1
lusive,1
ladies,1
william,1
sens,1
high,1
sittlichen,1
according,1
terpretation,1
freundliche,1
elis,1
numbers,1
condemning,1
denouncing,1
investigation,1
muse,1
transmitted,1
attri,1
combined,1
panegyrical,1
erklaren,1
hinzu,1
making,1
consolation,1
want,1
ich,1
quote,1
powejr,1
ganymede,1
eilher,1
stratonices,1
edinburgh,1
blight,1
interval,1
fragmente,1
ytyovivai,1
griechischen,1
thirdly,1
dispensation,1
qt,1
appetite,1
mittelpunkt,1
xxlll,1
extract,1
brilliant,1
pursued,1
dark,1
erzahlung,1
vernichtet,1
barely,1
absurdly,1
repudiates,1
unsterblichkeit,1
concurrence,1
copious,1
treatises,1
captivated,1
latterly,1
bewusstsein,1
suspicion,1
cce,1
erstaunen,1
sordid,1
congeniality,1
categories,1
freedom,1
jahrhunderte,1
ah,1
characterises,1
intertained,1
wahren,1
mir,1
sympathise,1
prodicus,1
fragm,1
remember,1
universities,1
ascendant,1
necessity,1
cbntend,1
chequered,1
wabenteuer,1
classes,1
nsuaj,1
extracts,1
peace,1
met,1
setat,1
evteft,1
beiden,1
taxed,1
sapphischen,1
introduced,1
amat,1
stuprum,1
importunities,1
tfye,1
became,1
duty,1
schon,1
eius,1
predecessors,1
intended,1
regulated,1
seasoning,1
everywhere,1
went,1
calculated,1
blot,1
irritation,1
inanibus,1
bdttiger,1
ihren,1
obtain,1
aufgekomn,1
triumphantly,1
solitary,1
intelligible,1
grossern,1
ranks,1
ausgesagt,1
representation,1
ensuing,1
fine,1
wvermisse,1
faculty,1
horat,1
construed,1
despised,1
frivolous,1
ein,1
vittoria,1
varied,1
originator,1
flight,1
refutation,1
welpk,1
cruelty,1
ambiguously,1
opportusappho,1
cp,1
analogy,1
wie,1
proceeds,1
susceptible,1
matronly,1
afflicted,1
sanctioned,1
tey,1
literatur,1
wild,1
enthusiasm,1
devoted,1
disfigure,1
shown,1
juaglingea,1
vorwurf,1
obliged,1
breaks,1
schojion,1
siltliche,1
infamem,1
editor,1
doubting,1
aeschyl,1
average,1
undue,1
sfcppko,1
initiated,1
lottginus,1
unequivocal,1
adhuc,1
numerous,1
dqfxcofjiivm,1
paedcrastia,1
erkennt,1
hurt,1
topics,1
motives,1
jjgegenschrifl,1
brain,1
immorality,1
reassertions,1
detached,1
appty,1
land,1
degrade,1
proceeding,1
certificate,1
prasumption,1
bymost,1
entgegengestellte,1
endeavours,1
innerer,1
states,1
horatius,1
durfen,1
eigentlich,1
piece,1
defined,1
jie,1
leiden,1
off,1
dichtungen,1
philosophy,1
organ,1
xd,1
objections,1
kritikers,1
pot,1
scape,1
blinded,1
pearls,1
speak,1
folly,1
campaign,1
rich,1
recital,1
welckerv,1
restrained,1
enamoured,1
offered,1
treats,1
hatte,1
bern,1
oft,1
race,1
distinctions,1
certainty,1
hom,1
dh,1
ng,1
aul,1
ranked,1
ksgxaika,1
revolting,1
depyth,1
ictvvpijfoog,1
ausmachten,1
scholarship,1
ral,1
offspring,1
perversion,1
jokes,1
igconxd,1
xqtlzsiv,1
except,1
reached,1
adheres,1
supporter,1
sharing,1
partial,1
create,1
early,1
vetfsfe,1
substantial,1
puts,1
abroad,1
loy,1
grtech,1
precepis,1
treating,1
testified,1
focus,1
startled,1
assuredly,1
mature,1
erasles,1
grace,1
intelligent,1
ab,1
nichi,1
ivqttvvtda,1
nun,1
vulgar,1
deutlich,1
fonder,1
beings,1
whomsoever,1
exclaims,1
schildert,1
aeschylus,1
pn,1
puted,1
attendance,1
injustice,1
ca,1
unbescholtenen,1
sqqjtixti,1
glorious,1
mistaken,1
sion,1
libeller,1
household,1
gesammelten,1
death,1
xxv,1
constitution,1
accumu,1
herben,1
ende,1
