WORDCOUNTS,WEIGHT
the,184
of,142
in,87
to,80
and,73
that,50
a,49
her,44
s,36
be,32
is,30
as,29
she,28
this,26
wife,26
it,23
by,23
such,23
may,21
with,21
love,21
would,18
an,18
or,17
alisoun,16
on,16
chaucer,16
erotic,15
not,15
for,15
prologue,14
p,13
one,12
jankyn,12
his,11
at,10
has,10
well,10
magic,10
which,10
but,9
remedies,9
d,9
been,8
matters,8
was,8
seem,8
could,8
bath,8
general,8
no,7
if,7
rowland,7
about,7
wives,7
reference,7
ovid,7
more,7
seems,7
he,6
play,6
foul,6
from,6
had,6
other,6
book,6
allusion,6
statement,6
suggests,6
have,6
least,6
him,6
aphrodisiacs,6
indeed,5
also,5
death,5
all,5
are,5
there,5
tales,5
thus,5
n,5
involved,5
canterbury,5
way,4
rather,4
husband,4
cannot,4
yet,4
university,4
us,4
husbands,4
practices,4
already,4
subject,4
nature,4
only,4
dame,4
fourth,4
geoffrey,4
them,4
perhaps,4
hinted,4
some,4
exempla,4
imagined,4
press,4
review,4
course,4
poet,4
when,4
given,4
re,4
than,4
hardly,4
f,3
personally,3
matter,3
sort,3
still,3
they,3
their,3
moreover,3
murder,3
martin,3
clerk,3
need,3
these,3
hints,3
experience,3
connection,3
suggested,3
did,3
cures,3
practical,3
insinuation,3
further,3
reading,3
what,3
see,3
woman,3
while,3
w,3
degree,3
account,3
suspicion,3
amoris,3
even,3
reader,3
through,3
very,3
himself,3
use,3
tale,3
puhvel,3
lucilia,3
aids,3
sees,3
i,3
times,3
beryl,3
works,3
suggest,3
involve,3
fury,3
phrase,3
latter,3
hint,3
especially,3
between,3
parallel,3
can,3
london,3
charms,3
should,3
actions,3
portrait,3
unlikely,2
unlawfull,2
imagine,2
interpre,2
daunce,2
candid,2
situation,2
york,2
me,2
cally,2
without,2
recall,2
medieval,2
indicated,2
meaning,2
five,2
hous,2
wonder,2
barley,2
prudent,2
deadly,2
distress,2
intriguing,2
suggestion,2
expect,2
leave,2
makes,2
revelour,2
ample,2
kill,2
potions,2
alys,2
likely,2
violence,2
instances,2
winny,2
means,2
experienced,2
targe,2
ardor,2
into,2
literary,2
suggestions,2
title,2
elsewhere,2
ed,2
conclusion,2
skeat,2
two,2
possibilities,2
restoratives,2
work,2
koude,2
imply,2
certainly,2
medies,2
attempts,2
taken,2
possesses,2
hoten,2
natural,2
view,2
virulent,2
towards,2
raw,2
skills,2
my,2
lack,2
striking,2
wyves,2
flagging,2
editors,2
gives,2
time,2
classical,2
new,2
obviously,2
far,2
cautious,2
type,2
never,2
mind,2
ladies,2
sexual,2
according,2
ambiguous,2
whether,2
sensual,2
list,2
versed,2
kyteler,2
case,2
particular,2
diatribe,2
weye,2
practice,2
metaphor,2
alice,2
misogynous,2
possibility,2
another,2
directly,2
deianira,2
chaur,2
mean,2
metellius,2
art,2
probably,2
made,2
herte,2
philtrum,2
guarded,2
little,2
point,2
knowledge,2
pre,2
three,2
herself,2
intended,2
significant,2
remedia,2
aside,2
being,2
story,2
question,2
touch,2
stead,2
logue,2
interested,2
significance,2
own,2
clear,2
since,2
poisoning,2
tirade,2
citing,2
vagueness,2
good,2
common,2
so,2
hat,2
clues,2
kind,2
earlier,2
atmosphere,2
potion,2
old,2
amount,2
highly,2
tation,2
pro,2
women,2
like,2
v,2
conscience,2
much,2
macmillan,2
among,2
we,2
recent,2
notes,2
hamel,2
innocent,2
awareness,2
attention,2
moved,2
olde,2
admirably,1
suspects,1
final,1
drynke,1
indication,1
yeve,1
oxford,1
detach,1
fantasy,1
jeal,1
impair,1
respect,1
dolores,1
plummer,1
sore,1
alternative,1
reflects,1
plotted,1
holmes,1
various,1
beatings,1
mysterious,1
bake,1
pyne,1
statements,1
english,1
desires,1
substances,1
performance,1
schmidt,1
sensing,1
dictate,1
short,1
adds,1
scholar,1
informing,1
how,1
foster,1
life,1
represent,1
employment,1
vague,1
might,1
deaths,1
sinister,1
miraculous,1
clothmaker,1
night,1
female,1
process,1
soutiltee,1
remote,1
referred,1
get,1
knew,1
didactic,1
un,1
seen,1
killing,1
ultimate,1
mundane,1
univ,1
make,1
garden,1
indicates,1
after,1
proposition,1
per,1
connected,1
dramati,1
church,1
skilful,1
wo,1
certain,1
mending,1
interesting,1
derived,1
renew,1
classic,1
strange,1
shift,1
suited,1
hold,1
manifes,1
direction,1
why,1
selection,1
bread,1
often,1
novice,1
soaked,1
enhance,1
blood,1
prente,1
spak,1
procuring,1
reme,1
underscores,1
undeniably,1
alleviating,1
word,1
cherished,1
alive,1
toxic,1
mother,1
ways,1
interpretation,1
reason,1
archiv,1
thinks,1
canada,1
consid,1
easily,1
preting,1
erupts,1
cryptic,1
han,1
park,1
bad,1
climactic,1
vastly,1
nerve,1
self,1
god,1
tied,1
inspiration,1
ousy,1
nyght,1
savory,1
justified,1
aggressiveness,1
racked,1
ammu,1
shirt,1
muriel,1
philanderer,1
falls,1
pend,1
total,1
torments,1
clearly,1
robinson,1
candor,1
unblushing,1
light,1
wrongdoers,1
accent,1
watson,1
practi,1
following,1
same,1
teaching,1
walking,1
air,1
something,1
considered,1
dominate,1
every,1
mary,1
always,1
comes,1
idiomatic,1
alleged,1
mentioned,1
words,1
too,1
loaves,1
conjunction,1
ism,1
temperament,1
baker,1
disjointed,1
unlettered,1
unusually,1
simply,1
provokes,1
toronto,1
quotations,1
possibly,1
noted,1
increasingly,1
visualize,1
legiti,1
first,1
infuriating,1
member,1
anything,1
philtres,1
powerful,1
thynke,1
insinuating,1
picture,1
concerning,1
published,1
indications,1
wishful,1
physical,1
generally,1
failing,1
alludes,1
familiarity,1
hence,1
street,1
lead,1
merited,1
awakened,1
disposition,1
day,1
support,1
puts,1
useful,1
swyn,1
skill,1
ambi,1
destructive,1
bookish,1
feeble,1
extortion,1
belief,1
muchel,1
give,1
wicked,1
mentions,1
kenneth,1
buckler,1
decades,1
hire,1
mutually,1
plausibly,1
rare,1
poysoun,1
partner,1
reflections,1
elements,1
image,1
taughte,1
attempting,1
anticlimactic,1
j,1
commentary,1
poison,1
hem,1
tongue,1
closely,1
par,1
worth,1
canon,1
bold,1
gravely,1
company,1
yearns,1
rivals,1
deal,1
viz,1
occurred,1
dabbler,1
mcgill,1
tradition,1
abilities,1
dianyre,1
straightforward,1
clarendon,1
prominence,1
suggesting,1
includes,1
demise,1
distrustful,1
broken,1
plot,1
great,1
called,1
dialogue,1
ought,1
houghton,1
presence,1
witnesses,1
essence,1
domestic,1
inappropriate,1
stood,1
potentially,1
markable,1
parting,1
really,1
captivate,1
presumably,1
wikked,1
vernon,1
furious,1
warning,1
tells,1
paring,1
leeway,1
curiosity,1
events,1
procedure,1
end,1
wandringe,1
any,1
cherl,1
excite,1
audience,1
contemporary,1
take,1
real,1
guilty,1
away,1
pennsylvania,1
fashion,1
complete,1
gleefully,1
man,1
hinges,1
shield,1
discussed,1
poetry,1
pilgrimage,1
fuelled,1
somme,1
inter,1
rhetoric,1
punishment,1
clude,1
merely,1
better,1
rejuvenation,1
wyf,1
unglossed,1
state,1
musings,1
lat,1
hand,1
airing,1
stand,1
precisely,1
learn,1
those,1
remedie,1
helping,1
compaig,1
informed,1
psychologically,1
game,1
chologically,1
hall,1
let,1
manner,1
somewhat,1
harcourt,1
foule,1
oother,1
nye,1
ecclesiastical,1
exposing,1
attack,1
lethal,1
daniel,1
openly,1
pointedly,1
statute,1
bother,1
appears,1
similarities,1
weighing,1
moore,1
contemporaries,1
revive,1
answer,1
ones,1
involvement,1
imaginary,1
younger,1
intertwined,1
takes,1
however,1
wedded,1
preoccupation,1
dr,1
explain,1
theory,1
outrageous,1
implication,1
lean,1
repulsive,1
dream,1
identification,1
frailties,1
manuals,1
content,1
reflected,1
lustfulness,1
gladly,1
conditioned,1
bewitched,1
saying,1
stimulants,1
flaunting,1
ther,1
because,1
aspects,1
nition,1
years,1
almost,1
aging,1
vol,1
swervings,1
demonstrated,1
illicit,1
mifflin,1
lucie,1
instilled,1
intends,1
possible,1
bokeler,1
literature,1
sensualist,1
deemed,1
admits,1
pretend,1
who,1
spectre,1
examples,1
considering,1
background,1
reaction,1
powers,1
cambridge,1
yeoman,1
boston,1
eln,1
explanation,1
carries,1
exception,1
obvious,1
sn,1
homicidal,1
claim,1
heroine,1
writings,1
unless,1
deliberately,1
delicate,1
city,1
line,1
pasiphae,1
previously,1
relief,1
fur,1
reserve,1
cited,1
apparent,1
bequeathed,1
loudly,1
comment,1
seel,1
recommend,1
keeps,1
discreet,1
looking,1
encouraged,1
rendering,1
must,1
theorization,1
summoner,1
expression,1
sion,1
illusion,1
kee,1
contribute,1
introduction,1
tender,1
place,1
sign,1
refers,1
web,1
enraged,1
pursuing,1
assume,1
resourceful,1
literally,1
son,1
subtly,1
mention,1
unannotated,1
harmonize,1
expertise,1
wandering,1
aspect,1
seinte,1
preceded,1
wistful,1
doubleday,1
insinuations,1
hadde,1
ambiguously,1
prepared,1
enchanting,1
throughout,1
were,1
raising,1
vices,1
imagery,1
nonparallelism,1
guity,1
weel,1
complicated,1
fading,1
sustains,1
dunn,1
ingenious,1
conjectural,1
until,1
ex,1
bicam,1
conducive,1
youth,1
used,1
flights,1
exceedingly,1
blackmail,1
interpreted,1
spect,1
wandrynge,1
both,1
aggressive,1
enchance,1
misgivings,1
necromancy,1
due,1
abounding,1
psy,1
minds,1
moral,1
venus,1
initially,1
chemistry,1
misguided,1
dramatically,1
t,1
does,1
baking,1
scathing,1
de,1
covert,1
profession,1
erable,1
bi,1
points,1
deian,1
health,1
sexaully,1
priapic,1
interest,1
inured,1
harm,1
regarded,1
singularly,1
pin,1
revolves,1
traumati,1
dia,1
accused,1
fatal,1
veneris,1
define,1
hard,1
followed,1
jr,1
questionable,1
misogynic,1
mas,1
dealings,1
maliciously,1
agitation,1
insinuative,1
involving,1
relating,1
variously,1
hitherto,1
effects,1
stresses,1
learning,1
forced,1
order,1
brood,1
exercise,1
attempted,1
turn,1
ted,1
sexuality,1
lucidly,1
patristic,1
standard,1
cases,1
parallelism,1
heart,1
valid,1
allusions,1
around,1
blame,1
imagination,1
deeds,1
heat,1
small,1
hercules,1
relationship,1
proclaim,1
displays,1
its,1
charles,1
sentiment,1
few,1
surely,1
somehow,1
causing,1
pondering,1
article,1
marriage,1
revealing,1
qualities,1
ill,1
clever,1
easy,1
practitioner,1
tenor,1
supposedly,1
inclusion,1
neophil,1
young,1
dramatic,1
occurs,1
notorious,1
fate,1
themselves,1
mystery,1
convey,1
brace,1
c,1
tactics,1
posses,1
concluded,1
mainly,1
instructed,1
fressh,1
cook,1
nessus,1
find,1
convicting,1
james,1
raised,1
abedde,1
paramour,1
men,1
innuendo,1
ira,1
element,1
ferias,1
approach,1
overtake,1
slightest,1
journal,1
timely,1
using,1
focussed,1
strong,1
saw,1
y,1
here,1
chaunce,1
obtained,1
robin,1
caution,1
martial,1
provided,1
mons,1
sentiments,1
court,1
rubbing,1
lucretius,1
broached,1
engl,1
bowden,1
straying,1
react,1
rambling,1
plant,1
glaringly,1
