WORDCOUNTS,WEIGHT
the,361
of,300
is,196
to,167
and,135
in,130
a,116
it,98
love,98
that,93
be,79
we,62
this,59
as,58
for,58
which,55
not,48
by,47
but,45
with,41
s,40
are,39
person,34
qualities,34
his,31
at,30
such,29
can,29
account,28
our,27
have,25
plato,25
if,24
there,23
an,23
or,22
identity,22
may,21
what,21
so,21
on,21
than,20
more,19
diotima,19
one,18
from,18
socrates,17
christian,17
no,17
all,17
has,17
beauty,17
he,16
personal,16
even,16
should,16
other,15
jones,15
immortality,14
only,14
sense,14
between,14
i,13
its,13
human,13
would,13
here,12
different,12
desire,12
very,12
because,12
self,12
being,11
beautiful,11
conception,11
symposium,11
about,10
most,10
time,10
out,10
though,10
her,10
concept,10
point,10
much,10
who,9
still,9
itself,9
when,9
through,9
question,9
him,9
also,8
mctaggart,8
relation,8
doubt,8
those,8
form,8
some,8
will,7
way,7
been,7
notion,7
us,7
same,7
physical,7
nature,7
speech,7
merely,7
less,7
spiritual,7
son,7
world,7
thus,7
course,7
least,7
like,7
value,7
warner,6
remaining,6
led,6
use,6
once,6
alive,6
under,6
why,6
first,6
hence,6
set,6
important,6
many,6
had,6
man,6
enough,6
platonic,6
then,6
understanding,6
discussion,6
given,6
part,6
argument,6
martin,6
loving,6
little,6
finds,6
close,6
does,5
now,5
metaphysical,5
himself,5
sort,5
seen,5
they,5
their,5
dialogue,5
analysis,5
word,5
any,5
too,5
clear,5
philosophers,5
rather,5
my,5
fact,5
great,5
p,5
do,5
where,5
something,5
appears,5
persons,5
existence,5
leaving,5
loved,5
criteria,5
obvious,5
true,5
beloved,5
own,5
good,5
wish,5
things,5
difficult,4
me,4
she,4
noble,4
purely,4
how,4
becomes,4
e,4
conceptions,4
translation,4
often,4
cases,4
crombie,4
cannot,4
means,4
read,4
modern,4
cause,4
was,4
dialectical,4
conclusion,4
contact,4
emotions,4
either,4
taken,4
admirable,4
cultures,4
whom,4
connection,4
principles,4
could,4
ought,4
differences,4
altruistic,4
emotion,4
children,4
contemporary,4
immortal,4
happiness,4
philosophical,4
concepts,4
whether,4
moore,4
answer,4
accounts,4
however,4
dialectic,4
survival,4
perhaps,4
having,4
replacement,4
possible,4
determined,4
work,4
both,4
concern,4
place,4
father,4
nevertheless,4
years,4
difference,4
since,4
need,4
life,4
underlying,4
recent,4
virtue,4
agathon,4
final,3
seems,3
likely,3
various,3
wisdom,3
provide,3
logically,3
eternal,3
incoherent,3
bound,3
limited,3
others,3
alone,3
philosophy,3
similar,3
certain,3
theologians,3
properly,3
see,3
respect,3
yet,3
finitude,3
matters,3
wittgenstein,3
these,3
emotional,3
constituted,3
said,3
continued,3
wrong,3
alteration,3
think,3
admiration,3
partner,3
into,3
speaks,3
worth,3
available,3
believe,3
difficulty,3
beliefs,3
arises,3
might,3
while,3
approximation,3
metaphysics,3
term,3
further,3
understood,3
regard,3
context,3
them,3
terms,3
case,3
employs,3
particular,3
necessary,3
upon,3
ordinary,3
number,3
continuities,3
retain,3
ethical,3
dialogues,3
mental,3
far,3
knowledge,3
looking,3
intended,3
ordering,3
loss,3
whole,3
seek,3
central,3
lover,3
sensibility,3
open,3
directed,3
accept,3
properties,3
level,3
acquiescence,3
seeks,3
although,3
imaginative,3
response,3
organism,3
essentially,3
find,3
present,3
happen,2
eternity,2
progeny,2
topic,2
regardless,2
child,2
essential,2
sophist,2
without,2
later,2
usually,2
main,2
vision,2
created,2
resisted,2
truth,2
parent,2
levels,2
fifty,2
procreation,2
doctrine,2
worthy,2
trivial,2
happens,2
vol,2
speakers,2
importance,2
talk,2
dignity,2
reject,2
criticism,2
starting,2
reference,2
makes,2
insistence,2
win,2
thought,2
considerations,2
god,2
pour,2
perceived,2
contemplation,2
unlike,2
london,2
seriously,2
recently,2
associated,2
just,2
culture,2
comes,2
descriptions,2
two,2
lower,2
speaking,2
people,2
plausible,2
direction,2
beyond,2
independent,2
pick,2
isolation,2
members,2
instantiated,2
name,2
belief,2
ii,2
suggested,2
view,2
principia,2
familiar,2
perceive,2
destroy,2
turn,2
limb,2
seem,2
best,2
found,2
else,2
half,2
reasons,2
strength,2
attack,2
conventional,2
particularly,2
were,2
classical,2
able,2
closer,2
personality,2
presupposed,2
worn,2
begetting,2
priestess,2
somewhat,2
questions,2
behind,2
issue,2
above,2
condemn,2
resembles,2
required,2
ceased,2
symposiasts,2
gives,2
chapter,2
after,2
easy,2
determine,2
shakespeare,2
sexual,2
changing,2
well,2
underlie,2
another,2
grounds,2
second,2
proportioned,2
condemned,2
contemplative,2
quality,2
used,2
condition,2
pc,2
cambridge,2
phenomena,2
discovery,2
doctrines,2
move,2
presented,2
formal,2
taking,2
example,2
role,2
transition,2
substance,2
describes,2
causes,2
wherever,2
aristophanes,2
conditions,2
individuals,2
merit,2
postchristian,2
throughout,2
grace,2
anything,2
involves,2
facts,2
difficulties,2
parfit,2
significance,2
connected,2
impels,2
gorgias,2
daniels,2
moral,2
whereas,2
amputated,2
objection,2
never,2
individual,2
raises,2
normally,2
fulfilment,2
stage,2
features,2
rhetoric,2
adequacy,2
stages,2
held,2
order,2
attempted,2
earlier,2
thing,2
hamlyn,2
union,2
involved,2
speak,2
forms,2
characteristics,2
sufficient,2
include,2
seventy,2
highest,2
valuable,2
ethica,2
become,2
themselves,2
discontinuous,2
say,2
impossible,2
result,2
always,2
generally,2
up,2
offspring,2
probably,2
rhetorical,2
proper,2
immediately,2
traditions,2
triangularity,2
shall,2
according,2
overlapping,2
ask,1
sartre,1
did,1
manner,1
reinstates,1
threatened,1
go,1
defensible,1
defended,1
universals,1
alters,1
explanations,1
argued,1
underlies,1
tremendous,1
zuboff,1
prevent,1
recognized,1
done,1
adequate,1
whose,1
beget,1
understands,1
spco,1
supposed,1
block,1
note,1
arnold,1
prefer,1
absence,1
heroes,1
mysterious,1
bringing,1
comely,1
rorty,1
concerned,1
admire,1
vesey,1
delineates,1
develops,1
interested,1
commentary,1
five,1
gpco,1
centrality,1
explain,1
pull,1
coincide,1
developed,1
thoughts,1
faced,1
impossibility,1
enables,1
confused,1
claim,1
encouraged,1
impersonality,1
strictly,1
warwick,1
critical,1
influential,1
particularity,1
decades,1
affected,1
released,1
argues,1
attitude,1
stating,1
debates,1
hold,1
epoq,1
process,1
poor,1
whatever,1
extends,1
progressively,1
goes,1
conceives,1
individuation,1
succeeding,1
introduction,1
stands,1
determining,1
says,1
make,1
reidentifying,1
universe,1
inordinately,1
orthodoxy,1
importantly,1
passing,1
standing,1
correlatives,1
b,1
justification,1
transcended,1
whereby,1
leave,1
epcoq,1
similarities,1
american,1
direct,1
engendering,1
mistaken,1
evaluative,1
mounted,1
unsatisfactory,1
saved,1
class,1
profoundly,1
putative,1
cease,1
tend,1
impersonal,1
reassess,1
williams,1
united,1
achieve,1
control,1
coherence,1
wilbye,1
live,1
alter,1
pivotal,1
picking,1
endure,1
supporting,1
english,1
assimilates,1
interpretation,1
suffice,1
nincompoop,1
clumsy,1
reason,1
soul,1
fit,1
treated,1
beatific,1
intense,1
unusual,1
completeness,1
pressures,1
notoriously,1
soon,1
phenomenological,1
vastly,1
want,1
pp,1
proud,1
interdependence,1
continuity,1
latter,1
poets,1
paradoxes,1
varying,1
consider,1
hair,1
clash,1
deny,1
inconsistencies,1
position,1
sorts,1
thesis,1
supposing,1
deeds,1
necessarily,1
invocation,1
intellectually,1
opening,1
neglected,1
preconceptions,1
tactless,1
encomium,1
con,1
sketches,1
intelligible,1
specify,1
elsewhere,1
days,1
believed,1
teaching,1
destroying,1
attain,1
dialectician,1
friendship,1
passionately,1
house,1
exemplified,1
doubtless,1
literally,1
reach,1
exemplification,1
version,1
frequently,1
w,1
veritable,1
university,1
already,1
must,1
talking,1
motive,1
arguing,1
unjustified,1
physically,1
identification,1
experience,1
beginnings,1
heterosexual,1
officially,1
reflects,1
nobility,1
continues,1
origins,1
reopens,1
known,1
thinking,1
scrutiny,1
sometimes,1
traceable,1
satisfactory,1
considers,1
room,1
sublimated,1
promissory,1
claims,1
requirement,1
persuade,1
long,1
inventors,1
humanly,1
requires,1
sons,1
adds,1
reconsideration,1
appealing,1
useful,1
appreciation,1
hate,1
discovers,1
fleshly,1
exalted,1
construed,1
odd,1
crucially,1
subjects,1
sections,1
dominant,1
godfrey,1
challenge,1
lives,1
technique,1
power,1
implications,1
give,1
madrigal,1
forty,1
selves,1
oath,1
highly,1
know,1
outcome,1
personified,1
spend,1
crucial,1
differently,1
branches,1
sophists,1
body,1
conceived,1
deserves,1
loveand,1
intellectual,1
dissatisfied,1
flat,1
each,1
ourselves,1
stamp,1
towards,1
readily,1
conduct,1
greater,1
physicist,1
misguided,1
release,1
perceptive,1
expressed,1
disinterested,1
words,1
share,1
lawgivers,1
based,1
expose,1
oxford,1
comparatively,1
affects,1
introduce,1
consideration,1
exploration,1
higher,1
quick,1
endorse,1
skills,1
needs,1
societies,1
allusive,1
assess,1
formulations,1
mainspring,1
revived,1
suitable,1
buddhist,1
examination,1
train,1
together,1
falls,1
abstract,1
indeed,1
judge,1
plays,1
against,1
attempt,1
displaying,1
parodied,1
nearest,1
arisen,1
myself,1
oneself,1
changed,1
diverse,1
orders,1
relational,1
acquiesce,1
rebuttal,1
immune,1
procreate,1
criticisms,1
radical,1
requirements,1
state,1
audience,1
replying,1
ago,1
sight,1
take,1
journey,1
book,1
reproduction,1
review,1
persist,1
lasting,1
distinctive,1
greatest,1
immensely,1
help,1
attained,1
serious,1
xocxko,1
battery,1
respects,1
type,1
spcog,1
fathered,1
m,1
extend,1
edge,1
better,1
men,1
consist,1
sentence,1
conclusions,1
date,1
reasonable,1
fullest,1
precisely,1
secondly,1
raised,1
fame,1
elevated,1
ground,1
eased,1
pointing,1
informed,1
covered,1
solely,1
delineated,1
trapped,1
war,1
heaven,1
suspicion,1
evolutionary,1
skilled,1
literature,1
elusive,1
purposes,1
phaedo,1
transitory,1
impulse,1
sharpened,1
conceiving,1
establish,1
relevant,1
vulnerable,1
majority,1
sonneteer,1
companies,1
depends,1
revive,1
ones,1
making,1
ch,1
pursue,1
independently,1
put,1
underpinnings,1
otherwise,1
remained,1
preventing,1
thirty,1
ed,1
philistine,1
eye,1
revision,1
interconnection,1
passed,1
desiring,1
mortal,1
arise,1
woman,1
trust,1
inadequate,1
identities,1
mcta,1
books,1
debate,1
problem,1
key,1
testifies,1
homosexual,1
admit,1
metaphor,1
property,1
going,1
free,1
encountered,1
really,1
mentioned,1
foothold,1
berkeley,1
strikes,1
continent,1
failure,1
gross,1
justifies,1
cpco,1
yield,1
deal,1
clearly,1
almost,1
voice,1
football,1
xli,1
soi,1
logical,1
mean,1
awareness,1
cerned,1
bloom,1
liable,1
existentialist,1
incoherence,1
strain,1
belonging,1
intimate,1
coherent,1
traced,1
survive,1
doubtful,1
reidentification,1
contexts,1
quarterly,1
birth,1
powers,1
ends,1
made,1
bodies,1
explanation,1
disagree,1
range,1
exception,1
predispositions,1
writers,1
bear,1
caused,1
circumstances,1
mct,1
transcend,1
fine,1
future,1
fixed,1
g,1
multiple,1
brought,1
peace,1
bpcog,1
reported,1
mere,1
degrees,1
glosses,1
irresoluble,1
mentally,1
discusses,1
line,1
competing,1
revert,1
denial,1
ultimate,1
initiate,1
climax,1
apparent,1
spectator,1
over,1
develop,1
became,1
related,1
apply,1
likenesses,1
comment,1
object,1
unrealistic,1
overlooks,1
giving,1
medium,1
insuperable,1
proustian,1
description,1
empirical,1
directness,1
assumptions,1
significant,1
extended,1
illusion,1
brings,1
v,1
vast,1
count,1
call,1
living,1
largely,1
force,1
blue,1
collection,1
presupposes,1
arguments,1
exciting,1
phaedrus,1
amelie,1
ever,1
broad,1
partly,1
morality,1
reduces,1
constitute,1
maintained,1
render,1
winning,1
linked,1
satisfactorily,1
simply,1
evolution,1
childhood,1
conflict,1
thereafter,1
goal,1
maintains,1
retaining,1
accepted,1
prepared,1
mathematical,1
come,1
field,1
full,1
philosopher,1
away,1
appeared,1
produce,1
actual,1
express,1
experiences,1
cast,1
endorsed,1
fashion,1
described,1
capacities,1
caring,1
maliciousness,1
masquerading,1
virtues,1
tical,1
homeric,1
ignored,1
inevitable,1
anchored,1
providing,1
sensibilities,1
finding,1
quest,1
attributed,1
aware,1
frustrated,1
realized,1
defence,1
opens,1
exaggerates,1
peripheral,1
recognize,1
appropriate,1
analysed,1
points,1
d,1
clue,1
integrate,1
reversed,1
peculiar,1
try,1
extensions,1
moment,1
times,1
neither,1
pride,1
indicate,1
inspiring,1
rhetorician,1
fulfilled,1
hard,1
application,1
justify,1
perfectly,1
constructed,1
function,1
provided,1
alcibiades,1
reinforces,1
involve,1
socratic,1
heart,1
involving,1
serves,1
attributes,1
you,1
destroys,1
kind,1
pinpointed,1
derive,1
valuesystems,1
loeb,1
discourse,1
plausibility,1
instinct,1
preservation,1
phrase,1
standard,1
objections,1
intimacy,1
consequence,1
ingrained,1
provides,1
parmenides,1
insurance,1
remains,1
autrui,1
nor,1
relations,1
folly,1
family,1
psychological,1
small,1
historicist,1
parentage,1
felt,1
epo,1
firmly,1
legitimizes,1
character,1
ignore,1
intercourse,1
problems,1
back,1
wider,1
concerns,1
qualifications,1
apart,1
pco,1
distinctively,1
eyes,1
sonnet,1
allowed,1
legitimate,1
peculiarity,1
holds,1
invoke,1
clarify,1
insists,1
young,1
thereby,1
wholly,1
composite,1
adumbrated,1
attainment,1
overcome,1
blunted,1
rejection,1
usual,1
conclude,1
continuous,1
third,1
wreck,1
differing,1
tended,1
individualistic,1
partial,1
create,1
follows,1
participating,1
inherit,1
pas,1
seeking,1
revised,1
ggart,1
puts,1
element,1
obscure,1
instance,1
similarity,1
posed,1
adopted,1
equivalent,1
concerning,1
treating,1
gulf,1
orthodox,1
reunited,1
conventions,1
strong,1
among,1
demonstration,1
programme,1
conceive,1
connections,1
came,1
diminished,1
drop,1
civil,1
jarring,1
embodied,1
successive,1
modifications,1
creativity,1
hope,1
inescapable,1
built,1
employ,1
am,1
thence,1
triangular,1
advocating,1
adjust,1
proportional,1
widely,1
brown,1
overlooked,1
series,1
major,1
oksenberg,1
behalf,1
casts,1
repays,1
accepting,1
ours,1
intelligibly,1
diseased,1
culminate,1
