WORDCOUNTS,WEIGHT
the,364
of,302
to,235
and,180
that,167
is,149
a,140
in,121
be,114
it,108
this,93
knowledge,83
s,71
not,70
experiences,62
for,60
as,56
would,54
about,53
or,46
one,44
if,43
have,43
by,41
recognitional,41
he,37
experience,37
could,36
all,35
are,35
there,35
concepts,35
however,35
his,34
blind,33
mental,33
these,31
but,30
what,30
facts,30
like,30
an,30
had,28
i,28
our,28
may,27
man,27
has,27
states,27
having,26
capacities,25
any,24
molyneux,24
case,24
with,23
first,23
pain,23
other,22
able,22
ability,22
will,21
was,21
them,21
upon,21
thus,21
born,21
alpha,20
they,20
centaurian,20
some,20
objective,20
on,20
jackson,19
which,19
argument,19
between,19
no,18
nagel,18
see,18
can,18
who,17
then,17
person,17
from,17
such,17
even,17
sort,16
we,16
been,15
how,15
visual,15
identify,15
only,15
seem,15
differences,15
question,15
after,15
without,14
their,14
direct,14
theoretical,14
certain,13
lack,13
relevant,13
nausea,13
evidence,12
state,12
theory,12
among,12
at,11
why,11
cubes,11
mary,11
gap,11
cube,11
more,11
spheres,11
color,11
failure,11
think,11
does,10
heatwave,10
way,10
provide,10
indeed,10
red,10
warner,10
make,10
us,10
colors,10
those,10
whether,10
made,10
claim,10
apply,10
love,10
so,10
plausible,10
sphere,9
just,9
give,9
know,9
view,9
paper,9
cannot,9
capacity,9
physicalism,9
information,9
clear,9
levin,9
janet,9
factual,8
discriminate,8
seems,8
must,8
test,8
being,8
here,8
my,8
new,8
though,8
bats,8
particular,8
premise,8
another,8
distinguish,8
example,8
were,8
kind,8
cases,8
because,8
than,8
second,7
makes,7
sorts,7
two,7
also,7
connection,7
empiricists,7
different,7
inference,7
necessary,7
her,7
recognition,7
its,7
description,7
questions,7
sufficient,7
go,6
special,6
presumably,6
she,6
rather,6
important,6
acquired,6
type,6
never,6
physicalist,6
answer,6
required,6
sight,6
both,6
richard,6
concept,6
point,6
ideas,6
perceptual,6
bat,6
immediately,6
hard,6
distinction,6
functionalism,6
given,6
should,6
sensations,6
locke,5
matter,5
suppose,5
yet,5
consider,5
complete,5
same,5
argued,5
did,5
sensation,5
stomach,5
merely,5
further,5
do,5
similarities,5
discriminative,5
sophisticated,5
problem,5
understanding,5
conceptual,5
sufficiently,5
food,5
arguments,5
surely,5
shown,5
argues,5
course,5
good,5
him,5
themselves,5
green,5
am,5
moreover,4
produces,4
presentation,4
notion,4
dimensions,4
premises,4
told,4
helpful,4
feel,4
namely,4
intuitively,4
objects,4
unlike,4
before,4
something,4
conclusion,4
too,4
show,4
follow,4
ostensive,4
berkeley,4
each,4
many,4
missing,4
gregory,4
abilities,4
best,4
prior,4
correctly,4
argue,4
time,4
hand,4
directly,4
well,4
identification,4
discussion,4
true,4
mastery,4
along,4
use,4
indebted,4
issues,4
theories,4
own,4
worry,4
against,4
points,4
bodily,4
p,4
loar,4
features,4
provides,4
specific,4
empiricism,4
field,4
much,4
appeal,3
enough,3
contributes,3
now,3
deny,3
due,3
l,3
ways,3
practical,3
tactile,3
omniscient,3
congenitally,3
others,3
determine,3
reason,3
seen,3
relations,3
still,3
contribution,3
similar,3
qualia,3
touched,3
hold,3
often,3
lacking,3
once,3
support,3
means,3
itself,3
sure,3
seeing,3
seriously,3
wherewithal,3
feels,3
source,3
university,3
materials,3
most,3
indicate,3
subjective,3
long,3
human,3
philosophy,3
subject,3
simple,3
out,3
classical,3
clearly,3
brian,3
concludes,3
far,3
acquiring,3
current,3
let,3
suspicion,3
neither,3
independently,3
physicist,3
perhaps,3
while,3
explicitly,3
touch,3
memory,3
epiphenomenal,3
connections,3
account,3
possible,3
compelling,3
conjecture,3
properties,3
examples,3
move,3
obvious,3
x,3
describe,3
fail,3
phenomenon,3
faint,3
people,3
actually,3
call,3
come,3
full,3
false,3
previous,3
described,3
unable,3
copies,3
appropriate,3
neuropsychologist,3
mastered,3
least,3
theoretically,3
effects,3
taste,3
quite,3
definitive,3
especially,3
objectively,3
close,3
relation,3
implausible,3
experiential,3
instruments,3
proper,3
world,3
gleaned,3
occur,3
deficiency,3
hypothesis,3
barbara,2
dogs,2
things,2
therefore,2
purer,2
situation,2
whose,2
nonetheless,2
various,2
common,2
taken,2
visually,2
science,2
short,2
functional,2
equivocates,2
unpleasant,2
match,2
parent,2
alone,2
judgment,2
contour,2
structure,2
appears,2
threaten,2
expect,2
individuation,2
designed,2
frank,2
mortal,2
thought,2
completely,2
bad,2
pp,2
discussions,2
evidential,2
under,2
require,2
continuity,2
claims,2
salient,2
classify,2
environment,2
lessons,2
physicalistic,2
experiment,2
alien,2
anything,2
permit,2
physical,2
requires,2
problems,2
alternative,2
set,2
ii,2
quickly,2
feeling,2
thank,2
again,2
might,2
over,2
appear,2
similarly,2
believe,2
put,2
proof,2
adequate,2
ourselves,2
experienced,2
contention,2
character,2
sonar,2
fact,2
equivocation,2
knowing,2
comments,2
epistemic,2
bit,2
experientially,2
access,2
lacks,2
ambiguity,2
individuated,2
reasoning,2
manifested,2
particularly,2
cognitive,2
contemporary,2
priming,2
take,2
review,2
philosophical,2
feature,2
failures,2
judgments,2
possession,2
mind,2
consulting,2
somewhat,2
implicit,2
less,2
system,2
making,2
want,2
suspect,2
otherwise,2
nothing,2
forthcoming,2
brain,2
explain,2
formulation,2
number,2
almost,2
imagine,2
felt,2
r,2
condition,2
burden,2
phenomena,2
little,2
discrimination,2
pass,2
reported,2
tastes,2
including,2
negative,2
concern,2
looked,2
empirical,2
identifies,2
tied,2
inferences,2
constitute,2
learned,2
versa,2
reflect,2
electron,2
versions,2
difference,2
received,2
initial,2
conditions,2
comprehensive,2
machine,2
viewing,2
sense,2
eventually,2
general,2
geometry,2
suggest,2
learning,2
plausibility,2
extremely,2
thomas,2
nor,2
items,2
needs,2
depend,2
few,2
recognize,2
unless,2
internal,2
version,2
contrary,2
incapable,2
acquire,2
pineapple,2
raised,2
up,2
looks,2
look,2
vice,2
results,2
figures,2
avoid,2
knows,2
eye,2
recent,2
beings,2
perception,2
ones,2
abdominal,2
using,1
imaginatively,1
smells,1
difficult,1
failed,1
indication,1
amiss,1
bolstered,1
reidel,1
lila,1
qualities,1
omniscience,1
currently,1
fails,1
alleged,1
horowitz,1
arc,1
spectrum,1
specifications,1
physicalisrr,1
owes,1
child,1
essential,1
back,1
nageljackson,1
publishing,1
observations,1
irreversibly,1
raise,1
cramp,1
sets,1
contingent,1
observers,1
angle,1
degree,1
purely,1
induces,1
sessions,1
usually,1
indicative,1
contrast,1
strike,1
cramping,1
samples,1
lurking,1
operative,1
vision,1
impressive,1
exhilaration,1
electrons,1
truth,1
play,1
career,1
tried,1
reminders,1
contributi,1
fewer,1
bare,1
ordinary,1
roundabout,1
defined,1
capture,1
pause,1
becomes,1
e,1
demonstration,1
april,1
whatever,1
july,1
detailed,1
above,1
considerably,1
inability,1
rats,1
innateness,1
lives,1
unclear,1
dispositions,1
expert,1
southern,1
envisioned,1
complex,1
unfamiliar,1
conceptformation,1
ix,1
assuming,1
kinds,1
structural,1
leaves,1
coresponding,1
vocabularies,1
extra,1
admonition,1
picked,1
unexperienced,1
reflections,1
chamber,1
table,1
expressing,1
education,1
prehensive,1
isomorphism,1
gathering,1
intrinsic,1
types,1
interpretation,1
creatures,1
shift,1
understand,1
fears,1
intense,1
easily,1
studies,1
specified,1
competence,1
park,1
acquisition,1
applied,1
involved,1
serve,1
you,1
theorists,1
sounds,1
spirit,1
weaker,1
tensions,1
reasonably,1
acceptance,1
challenged,1
addressed,1
detail,1
orange,1
raw,1
established,1
perceived,1
history,1
into,1
vestiges,1
home,1
reliably,1
grounds,1
holding,1
chunk,1
specify,1
ordered,1
quarterly,1
edition,1
days,1
cocker,1
objectivity,1
track,1
descriptions,1
flaws,1
restricted,1
complexity,1
pie,1
acknowledging,1
tempting,1
already,1
nervous,1
always,1
touching,1
simply,1
extensive,1
ever,1
novel,1
said,1
innate,1
beside,1
wonder,1
ingestion,1
individuate,1
sometimes,1
precise,1
avoided,1
laboriously,1
longer,1
conforms,1
regardless,1
tamara,1
tht,1
generality,1
wrong,1
stated,1
justified,1
members,1
strenuous,1
answered,1
insure,1
feelers,1
collies,1
blindness,1
derives,1
bubble,1
scientific,1
challenge,1
australasian,1
school,1
perceptions,1
death,1
empiricistic,1
natural,1
available,1
plausibly,1
expectation,1
identified,1
allow,1
proposed,1
unwarranted,1
stretch,1
advanced,1
conclude,1
hours,1
active,1
unattainable,1
expressed,1
deficient,1
words,1
prediction,1
dramatically,1
incomplete,1
schiffer,1
shows,1
company,1
outside,1
describable,1
copy,1
contrives,1
unknown,1
ce,1
assuaged,1
straightforward,1
harder,1
sloan,1
together,1
difficulty,1
great,1
agree,1
traditionally,1
ought,1
abstract,1
scenario,1
item,1
temptation,1
regaining,1
until,1
geometrical,1
iii,1
oneself,1
angeles,1
beg,1
insufficiency,1
foundation,1
moon,1
ca,1
closer,1
fallen,1
rely,1
procedure,1
end,1
exotic,1
room,1
desire,1
light,1
everything,1
cambridge,1
doubt,1
defuse,1
convey,1
procrusteans,1
claimed,1
affirmed,1
inferential,1
examining,1
program,1
subsequent,1
closest,1
shapes,1
u,1
compatibilities,1
beliefs,1
representative,1
works,1
predicted,1
phenomenology,1
edge,1
accurately,1
left,1
stand,1
beginning,1
sighted,1
traced,1
understood,1
draw,1
exactly,1
california,1
unlikely,1
influential,1
reading,1
responsibility,1
where,1
committed,1
perceptually,1
insufficiencies,1
intensity,1
continuing,1
induced,1
confined,1
tremendous,1
treat,1
afforded,1
tools,1
viewed,1
recently,1
persons,1
tell,1
primarily,1
defense,1
cause,1
lines,1
globe,1
appraising,1
placed,1
refute,1
apears,1
rich,1
differentiates,1
spherical,1
pains,1
protagonists,1
unravel,1
confirmation,1
plain,1
guarantee,1
dispel,1
numerous,1
children,1
tie,1
vomit,1
method,1
modify,1
gives,1
adapts,1
vestige,1
threat,1
intuitions,1
perceivers,1
iv,1
really,1
me,1
optical,1
brilliant,1
pursued,1
improve,1
comphilosophical,1
geometric,1
desires,1
shape,1
guesswork,1
entity,1
when,1
minimal,1
don,1
psychology,1
capable,1
logical,1
accounting,1
inadequate,1
reprinted,1
used,1
exclusively,1
illustrate,1
pleasant,1
platitude,1
relational,1
backing,1
knew,1
tight,1
takes,1
skepticism,1
criticisms,1
effectiveness,1
network,1
radically,1
easier,1
primed,1
explanation,1
los,1
presented,1
dinner,1
circumstances,1
careful,1
associated,1
leads,1
thereby,1
differ,1
nature,1
part,1
individual,1
ignores,1
intelligent,1
resources,1
strictest,1
recovery,1
increase,1
providing,1
reductionist,1
requirements,1
became,1
role,1
landau,1
easy,1
correlation,1
causes,1
identity,1
experiencing,1
attributed,1
knowlcould,1
surprise,1
quarter,1
happens,1
acute,1
witnessing,1
illusion,1
engage,1
linking,1
unfortunately,1
enabled,1
laurence,1
acknowledgement,1
unfair,1
assumption,1
lesson,1
experiental,1
behavior,1
trumpet,1
encourages,1
thesis,1
assume,1
phenomenal,1
corresponding,1
vocabulary,1
shades,1
reports,1
spaniels,1
expertise,1
gain,1
relies,1
unpleasantness,1
trend,1
painful,1
acknowledged,1
variables,1
varied,1
discontinuity,1
absorb,1
bed,1
retaining,1
dog,1
constitutive,1
accessible,1
unforeseen,1
michael,1
suggested,1
peculiar,1
sound,1
devoted,1
endorsed,1
involves,1
accuracy,1
suffices,1
project,1
distinctive,1
finally,1
theses,1
rejected,1
efficiently,1
development,1
ignored,1
open,1
intractable,1
pennsylvania,1
ambiguities,1
sample,1
truths,1
similarity,1
else,1
importance,1
stress,1
fullness,1
t,1
expectations,1
g,1
grant,1
essay,1
intact,1
interest,1
causal,1
objection,1
someone,1
reflection,1
regarded,1
large,1
mixed,1
decided,1
apparatus,1
times,1
grown,1
ergo,1
needed,1
normally,1
correct,1
structurally,1
caused,1
perverse,1
friedman,1
application,1
perfectly,1
rawer,1
eyesight,1
earlier,1
reliable,1
functionalist,1
mild,1
overly,1
expected,1
involving,1
order,1
pink,1
exercise,1
discriminations,1
thing,1
area,1
last,1
wish,1
adequately,1
distinct,1
specifically,1
latter,1
enterprise,1
family,1
troubles,1
counterexample,1
stored,1
herman,1
roles,1
patch,1
crescent,1
permitted,1
ingested,1
invulnerable,1
nemirow,1
uncontroversial,1
restored,1
ricketts,1
wondered,1
inescapable,1
somehow,1
took,1
imaginative,1
prepubescent,1
compatibility,1
starting,1
significantly,1
arise,1
unreflective,1
constitutes,1
assures,1
classificatory,1
responsible,1
become,1
successors,1
choosing,1
essentially,1
consequencould,1
overcome,1
applying,1
contact,1
supply,1
say,1
witnessed,1
effect,1
exercising,1
impossible,1
wedge,1
whatsoever,1
inductive,1
sharing,1
d,1
fully,1
v,1
visible,1
equally,1
views,1
identifications,1
through,1
drawn,1
aim,1
consequently,1
stimulating,1
develop,1
journal,1
impress,1
inverted,1
glance,1
instances,1
empiricist,1
answers,1
notes,1
ignore,1
stephen,1
goes,1
provided,1
asked,1
normal,1
function,1
gleitman,1
showed,1
acknowledge,1
himself,1
nativist,1
impressions,1
questioning,1
widely,1
overlooked,1
objected,1
looking,1
work,1
heterogeneous,1
clearest,1
likely,1
