WORDCOUNTS,WEIGHT
the,666
of,453
and,332
to,302
in,264
a,230
is,179
music,150
that,145
as,136
s,131
her,120
it,100
for,91
she,87
anne,82
with,80
on,74
this,62
not,62
love,56
by,53
be,51
duve,49
has,45
popular,44
have,44
which,43
from,42
or,41
culture,41
one,40
was,40
consumption,39
but,38
also,37
an,37
hemstedt,34
musical,34
are,34
more,32
und,32
at,31
taste,31
gender,31
its,30
ist,30
who,30
when,29
dl,29
cassette,28
see,28
cultural,27
mixtape,27
life,27
than,26
his,26
i,26
liebeslied,26
between,26
dies,25
no,25
their,25
kein,25
pop,25
ich,25
they,24
tape,24
can,24
novel,23
literature,22
new,22
men,22
der,22
women,21
own,21
he,21
die,21
into,20
german,20
about,20
what,19
way,18
song,18
there,17
karen,17
even,17
how,17
w,17
das,17
only,17
been,17
does,16
all,16
some,16
up,16
out,15
consumer,15
social,15
me,15
tastes,14
record,14
world,14
will,14
while,14
herself,13
hurley,13
other,13
letter,13
andrew,13
alison,13
lewis,13
mix,13
adorno,13
capital,13
whom,12
collection,12
main,12
von,12
had,12
during,12
am,12
make,12
after,12
class,12
particularly,12
both,12
d,12
production,11
such,11
may,11
rather,11
could,11
werther,11
well,11
knowledge,11
frankfurt,11
these,11
so,11
different,11
mixtapes,11
form,11
des,11
you,11
much,11
over,10
those,10
tapes,10
war,10
ed,10
medium,10
listener,10
like,10
do,10
girls,10
terms,10
particular,10
if,9
might,9
beautiful,9
seems,9
young,9
moore,9
just,9
my,9
however,9
through,9
value,9
female,9
technology,9
bourdieu,9
man,9
distinction,9
male,9
es,9
itself,9
musik,9
boys,9
introduction,8
history,8
zu,8
con,8
romantic,8
listening,8
london,8
records,8
technologies,8
we,8
relationship,8
sm,8
ein,8
although,8
meaning,7
e,7
germany,7
being,7
aesthetic,7
consumers,7
generation,7
ole,7
university,7
access,7
appears,7
emotion,7
already,7
mir,7
least,7
eine,7
feelings,7
bis,7
under,7
als,7
end,7
never,7
food,7
aesthetics,7
were,7
mt,7
would,7
often,7
sexes,7
then,7
any,7
associated,7
listeners,7
burns,7
press,7
early,7
now,6
legitimate,6
modern,6
nicht,6
character,6
first,6
passion,6
long,6
feeling,6
cited,6
relationships,6
hierarchy,6
g,6
media,6
century,6
bowie,6
communication,6
sublime,6
certain,6
affect,6
literary,6
most,6
back,6
late,6
cannot,6
part,6
sense,6
yet,6
same,6
emotional,6
mich,6
book,6
put,6
many,6
longer,6
lack,6
another,6
made,6
kittler,6
band,6
peter,6
him,6
exchange,6
relation,6
attitude,6
ing,6
hatte,6
here,6
seem,6
according,6
bartel,6
them,6
too,6
suggests,6
art,6
piece,6
narrator,5
kant,5
songs,5
studies,5
experience,5
t,5
hence,5
within,5
recorded,5
very,5
gendered,5
pierre,5
critique,5
aber,5
ways,5
process,5
sociology,5
clearly,5
hereafter,5
instance,5
important,5
friends,5
whereas,5
shared,5
du,5
around,5
finds,5
therefore,5
various,5
sex,5
emotions,5
fact,5
time,5
really,5
contemporary,5
fashion,5
observes,5
forms,5
less,5
use,5
pleasure,5
clear,5
luhmann,5
noch,5
get,5
must,5
know,5
control,5
far,5
quoted,5
bands,5
era,5
listen,5
emphasis,5
ultimately,5
write,5
say,5
wir,4
market,4
berlin,4
large,4
title,4
before,4
predominantly,4
years,4
attempts,4
words,4
together,4
sein,4
able,4
reading,4
behind,4
gramophone,4
axel,4
albeit,4
reaction,4
eating,4
de,4
type,4
identify,4
sich,4
notion,4
parents,4
theodor,4
means,4
reason,4
geoffrey,4
term,4
ger,4
younger,4
yogi,4
heart,4
significantly,4
realm,4
personal,4
approach,4
things,4
industry,4
wenn,4
dem,4
critical,4
film,4
beatles,4
play,4
object,4
still,4
above,4
experiences,4
structural,4
once,4
interpretation,4
mein,4
us,4
death,4
scholars,4
haben,4
took,4
everyday,4
wave,4
remained,4
grether,4
formal,4
entirely,4
auf,4
archive,4
points,4
essay,4
thomas,4
qualities,4
become,4
femininity,4
division,4
reviewer,4
becomes,4
collections,4
understand,4
erhabenen,4
inferior,4
simply,4
continues,4
symbolic,4
text,4
offers,4
cover,4
paper,4
cultures,4
jonny,4
did,4
past,4
economy,4
almost,4
despite,4
huber,4
argues,4
difference,4
reveals,4
cambridge,4
remains,4
specific,4
rotten,4
point,4
little,4
among,4
punk,4
common,3
tion,3
trans,3
american,3
formed,3
wareham,3
kl,3
mit,3
schon,3
schonen,3
liebe,3
anything,3
australia,3
advanced,3
spulte,3
nature,3
possibilities,3
desire,3
right,3
take,3
real,3
horses,3
written,3
ganz,3
vol,3
musi,3
felski,3
himself,3
identifies,3
leben,3
labor,3
throughout,3
lover,3
audio,3
aus,3
group,3
domain,3
moment,3
relations,3
hat,3
old,3
subjects,3
radio,3
left,3
find,3
knows,3
via,3
added,3
hamburg,3
direct,3
helms,3
lay,3
fromm,3
lives,3
category,3
dean,3
wanted,3
bremen,3
image,3
elsewhere,3
producers,3
impact,3
wollte,3
generally,3
shifted,3
barnstedt,3
appear,3
expressed,3
melancholia,3
im,3
inter,3
wieder,3
though,3
typewriter,3
required,3
public,3
scene,3
possibility,3
because,3
aspects,3
feminine,3
having,3
basis,3
lied,3
writers,3
apparent,3
people,3
actually,3
either,3
working,3
epiphany,3
kassette,3
da,3
notes,3
protagonist,3
enjoy,3
led,3
situation,3
matter,3
indeed,3
investments,3
boy,3
beimer,3
oxford,3
lp,3
thought,3
den,3
restricted,3
enthusiast,3
iiber,3
um,3
friedrich,3
affections,3
considers,3
tries,3
fan,3
toward,3
again,3
others,3
marker,3
everything,3
remain,3
maker,3
enough,3
hand,3
where,3
michael,3
lines,3
material,3
routledge,3
distance,3
gives,3
going,3
immer,3
demonstrated,3
singers,3
private,3
including,3
identity,3
largely,3
refers,3
feminists,3
significance,3
meanings,3
express,3
beobachtungen,3
times,3
high,3
include,3
eyes,3
acquire,3
structure,3
cassettes,3
lovers,3
provide,3
hears,3
tsiolkas,3
rob,3
analysis,3
fall,3
respect,3
school,3
kate,3
heike,3
viel,3
suhrkamp,3
welt,3
cccs,3
set,3
acquired,3
each,3
down,3
bush,3
er,3
feminist,3
beginning,3
cal,3
making,3
lauretis,3
mere,3
theory,3
problem,3
level,3
occasionally,3
code,3
buy,3
bourgeois,3
subject,3
com,3
phenomenon,3
writing,3
our,3
vollauf,3
twentieth,3
aware,3
richard,3
should,3
wutz,3
attributes,3
themselves,3
johnson,3
characters,3
entire,3
ende,3
dominant,2
mostly,2
produces,2
done,2
kendel,2
arcane,2
ulrike,2
tyranny,2
christos,2
consume,2
wissenschaften,2
liberating,2
extends,2
notably,2
per,2
expect,2
endlessly,2
becoming,2
complex,2
replaced,2
gefuhl,2
english,2
compilation,2
diederichsen,2
position,2
unlike,2
factor,2
nineteenth,2
classifies,2
materials,2
diedrich,2
came,2
titles,2
regression,2
creation,2
ashgate,2
rita,2
attractive,2
fulfills,2
differences,2
accumulated,2
messmer,2
narrative,2
ences,2
farther,2
onto,2
nevertheless,2
erich,2
stand,2
immanuel,2
sanyo,2
opposite,2
contents,2
boyfriends,2
empty,2
takes,2
dissemination,2
existence,2
ltd,2
primary,2
sought,2
postpunk,2
mass,2
saying,2
format,2
implies,2
player,2
functions,2
zuriick,2
meamber,2
monopoly,2
fur,2
laws,2
experiencing,2
along,2
message,2
harmony,2
surplus,2
expertise,2
september,2
central,2
etwas,2
sumer,2
loveless,2
eduard,2
interest,2
maron,2
fischer,2
expected,2
kind,2
advances,2
par,2
self,2
creating,2
blank,2
contrary,2
modernity,2
akademie,2
effective,2
gemeinsamen,2
profit,2
momentary,2
demutswollust,2
loneliness,2
adult,2
schlammassel,2
pay,2
york,2
reflects,2
hopes,2
without,2
reimer,2
unique,2
goes,2
heard,2
similar,2
erbarmliche,2
parts,2
possess,2
study,2
randal,2
something,2
brought,2
pleasures,2
adolescents,2
maintaining,2
popliteratur,2
forget,2
hinter,2
objects,2
sorts,2
augen,2
india,2
elevated,2
fore,2
observations,2
wurde,2
superior,2
max,2
vom,2
beyond,2
putting,2
willfully,2
hit,2
view,2
thinks,2
talking,2
result,2
closely,2
based,2
acceptable,2
found,2
called,2
rutschky,2
thurston,2
tells,2
destined,2
respects,2
embedded,2
further,2
pro,2
equal,2
let,2
off,2
kunst,2
boyfriend,2
produced,2
track,2
otherwise,2
safe,2
walkman,2
katharina,2
produce,2
marie,2
hierarchies,2
spheres,2
eichborn,2
guys,2
gains,2
work,2
dog,2
received,2
zeitung,2
role,2
leisure,2
imagined,2
concept,2
dab,2
example,2
data,2
matias,2
ten,2
transportable,2
used,2
older,2
mufti,2
literally,2
increasingly,2
runs,2
details,2
neue,2
giver,2
jahre,2
call,2
teenage,2
alles,2
novels,2
darauf,2
ular,2
stanford,2
teenagers,2
ter,2
status,2
empowering,2
kurz,2
good,2
change,2
hard,2
field,2
dieting,2
reinforces,2
discourse,2
phrase,2
quite,2
berg,2
several,2
concerns,2
acts,2
distinguished,2
boundaries,2
antiemotional,2
fashions,2
always,2
drudgery,2
resistance,2
reciprocated,2
beauty,2
werke,2
society,2
appeal,2
girl,2
niklas,2
iiberlassen,2
practices,2
dispositions,2
alia,2
enables,2
limited,2
hanslick,2
promise,2
gift,2
whatever,2
standing,2
modes,2
happens,2
sensation,2
ask,2
hold,2
selection,2
tia,2
frank,2
communications,2
revealed,2
consuming,2
read,2
mochte,2
reproduced,2
soon,2
peers,2
place,2
disastrous,2
home,2
gendering,2
shifting,2
kerstin,2
unrequited,2
two,2
moments,2
rise,2
journalist,2
act,2
volume,2
persuasive,2
members,2
name,2
epistolary,2
aspect,2
paul,2
business,2
similarly,2
amour,2
rock,2
idea,2
aldershot,2
rewound,2
sleep,2
schone,2
arguably,2
serious,2
patterns,2
learn,2
meine,2
metaphors,2
kassettenmadchen,2
connoisseurship,2
receives,2
until,2
necessary,2
norms,2
japan,2
perhaps,2
woman,2
eds,2
coined,2
grasps,2
aufklarung,2
discourses,2
collecting,2
horte,2
fetish,2
link,2
stuck,2
distinctly,2
arm,2
significant,2
expression,2
denora,2
mehr,2
nothing,2
optimistic,2
low,2
afterward,2
restraint,2
language,2
passe,2
dominated,2
recipient,2
held,2
divisions,2
allowed,2
schwarzkopf,2
eines,2
lie,2
martin,2
venkatesh,2
imagination,2
quick,2
why,2
ture,2
gets,2
especially,2
liebens,2
dialektik,2
parade,2
dreamer,2
overcome,2
effect,2
probably,2
differ,2
begs,2
hope,2
normal,2
stands,2
fails,2
suggest,2
deck,2
circle,2
singer,2
sometimes,2
plays,2
army,2
seen,2
worse,2
effectively,2
inadequate,2
whereby,2
construction,2
auch,2
teresa,2
face,2
meant,2
judgments,2
growing,2
ve,2
theme,2
physical,2
protagonists,2
driving,2
excess,2
mutually,2
nur,2
substitute,2
kathrin,2
global,2
sucht,2
connection,2
interested,2
believe,2
ubiquitous,2
politics,2
current,2
regard,2
speech,2
goods,2
embodiment,2
distinctive,2
ambivalent,2
krasses,2
following,2
sie,2
atomistic,2
didn,2
born,2
tears,2
reproduce,2
thoroughly,2
communi,2
circles,2
whether,2
list,2
mann,2
anfang,2
likes,2
extent,2
transaction,2
divide,2
don,2
dedication,2
abwarts,2
enya,2
remember,2
adagio,2
horkheimer,2
recipients,2
puberty,2
city,2
pas,2
became,2
viegener,2
giving,2
riihmann,2
lies,2
focus,2
susanne,2
childhood,2
courtship,2
come,2
wie,2
sickness,2
cds,2
commercial,2
unable,2
conditions,2
october,2
jazz,2
finally,2
mode,2
doomed,2
course,2
contributed,2
instead,2
product,2
writer,2
involving,2
playing,2
defined,2
sexuality,2
respective,2
kassettenjungs,2
chicago,2
negotiate,2
lieb,2
create,2
asymmetry,2
keinen,2
gulf,2
compensation,2
uk,2
technological,2
ends,2
recent,2
discern,2
erscheinungen,1
nificance,1
normale,1
rauchpilz,1
final,1
desirable,1
resolve,1
vorn,1
arrives,1
brighter,1
ibo,1
commensurate,1
superiority,1
liegen,1
ja,1
possessed,1
lichtblitz,1
o,1
limped,1
faculties,1
vor,1
names,1
sind,1
dann,1
prefer,1
trast,1
merle,1
vide,1
sort,1
pur,1
car,1
concerned,1
sequently,1
lessly,1
pollute,1
juvenile,1
cent,1
soccer,1
pull,1
unimaginably,1
forschung,1
autono,1
attains,1
compensate,1
go,1
truth,1
pale,1
unvergleichliche,1
career,1
affected,1
freuden,1
widerliche,1
fiction,1
determine,1
verdursten,1
asset,1
glas,1
quent,1
adheres,1
schaft,1
lacherlich,1
considerably,1
differentiating,1
hennig,1
unsuccessful,1
bei,1
heidkamp,1
paradoxically,1
center,1
theticization,1
nism,1
judged,1
doom,1
diverges,1
intellectual,1
agency,1
myth,1
elaborated,1
enhance,1
birmingham,1
essays,1
ma,1
terminate,1
live,1
erster,1
openness,1
omy,1
underground,1
gehort,1
constitutes,1
federal,1
ernsteand,1
shy,1
hoarding,1
therapist,1
completely,1
bereits,1
easily,1
goosen,1
cryptic,1
struggle,1
han,1
notwithstanding,1
cement,1
blameless,1
duke,1
spirit,1
greater,1
ondary,1
ideals,1
fixed,1
raw,1
bubble,1
dimen,1
necessarily,1
durchstromte,1
einstellung,1
psychic,1
total,1
ahnung,1
benighted,1
biographical,1
melt,1
plattensammlung,1
hem,1
communicating,1
feels,1
arrived,1
lieben,1
siblings,1
zwischen,1
attractiveness,1
flaws,1
nice,1
nonetheless,1
kitschy,1
schlimmerer,1
tiful,1
literaturbetrieb,1
turning,1
themes,1
mushroom,1
chooses,1
politik,1
har,1
accumulation,1
painful,1
disgraced,1
island,1
romance,1
cast,1
else,1
transitions,1
inc,1
vocalists,1
modest,1
certainly,1
machte,1
modu,1
relies,1
anon,1
girlfriend,1
sad,1
discovers,1
derives,1
expressive,1
greatness,1
narrativen,1
convert,1
originally,1
chaos,1
aufgeregter,1
concentrated,1
sub,1
generated,1
kon,1
expectation,1
weniger,1
articulate,1
jungen,1
defiguration,1
rational,1
joke,1
neil,1
hermits,1
stedt,1
therapeu,1
j,1
departure,1
endlich,1
ware,1
containing,1
gated,1
replaces,1
lernen,1
cial,1
reach,1
shaped,1
principles,1
leiden,1
knowing,1
capitalist,1
replaying,1
scientists,1
tradition,1
explores,1
pferde,1
advantage,1
credits,1
selbstportrat,1
pes,1
great,1
feminism,1
potentially,1
analyses,1
exotic,1
thema,1
uncool,1
assembled,1
ullstein,1
studied,1
proves,1
trip,1
lydia,1
vergliihte,1
scheme,1
reveal,1
concludes,1
court,1
anyway,1
products,1
loves,1
listing,1
deemed,1
jumped,1
hands,1
help,1
feature,1
aschenbeck,1
failures,1
converts,1
leeres,1
last,1
mind,1
trouble,1
blooming,1
prehending,1
deutschlandstudien,1
gesammehe,1
suburbs,1
verted,1
political,1
musikalisch,1
tamed,1
albern,1
grrrl,1
ity,1
wagner,1
undergoes,1
sheet,1
dieses,1
subjugation,1
context,1
determinative,1
producing,1
ausgefeilte,1
system,1
british,1
nowhere,1
case,1
tauschwert,1
classifier,1
sprach,1
flaunt,1
occasional,1
ramsey,1
forthcoming,1
relived,1
isolde,1
listens,1
sollte,1
attacked,1
hiphop,1
rigby,1
replay,1
centers,1
autonomous,1
key,1
degenhardt,1
begrei,1
task,1
dir,1
money,1
paved,1
arrive,1
firm,1
beth,1
sexual,1
lifeworld,1
victims,1
reminder,1
zur,1
wunderbare,1
suicide,1
lends,1
opened,1
welcome,1
possible,1
determined,1
marked,1
bewerteten,1
compensatory,1
eas,1
schlob,1
activity,1
sensual,1
sidered,1
rewind,1
replace,1
goethe,1
digmatic,1
ance,1
instigators,1
zusammenbrach,1
alter,1
tellerauge,1
commonality,1
schlafst,1
move,1
vital,1
unlocking,1
west,1
community,1
supply,1
except,1
conceptual,1
postadolescence,1
ausgewahlter,1
rela,1
classics,1
intelligent,1
hiroshima,1
eventuates,1
resources,1
commercialisation,1
bottom,1
unrefined,1
promises,1
herman,1
mat,1
inexpensive,1
chronic,1
transcen,1
minimum,1
unhappy,1
forged,1
melting,1
tional,1
rap,1
behavior,1
teacher,1
corresponding,1
interestingly,1
disparaging,1
schmerzhaft,1
diat,1
reinvent,1
mistake,1
possessing,1
thus,1
pounding,1
phase,1
constitutive,1
muses,1
coun,1
review,1
ronald,1
instantiate,1
lon,1
disorder,1
dying,1
ticular,1
hedo,1
facts,1
difficulties,1
sibylle,1
scornful,1
quality,1
definitely,1
calculated,1
schallplatten,1
since,1
riot,1
dinge,1
converged,1
curse,1
triggering,1
silent,1
author,1
confer,1
canadians,1
reap,1
characteristic,1
receiver,1
ability,1
precise,1
contributors,1
trary,1
bridging,1
urtheilskraft,1
brother,1
experts,1
samen,1
occurs,1
club,1
teipel,1
discerning,1
fiona,1
conjures,1
supplies,1
writ,1
align,1
topic,1
dick,1
hinkten,1
overly,1
johnny,1
precritical,1
yourself,1
asymmetrical,1
melancholic,1
learning,1
nents,1
turn,1
aligned,1
municating,1
ethnomusicologist,1
deemable,1
altogether,1
distinct,1
developments,1
better,1
iation,1
curiously,1
melodies,1
mistakes,1
places,1
disco,1
keep,1
displays,1
felt,1
wollen,1
fond,1
demonstrative,1
kinds,1
fig,1
response,1
six,1
listened,1
recalls,1
honour,1
arranged,1
cohen,1
drives,1
gehorten,1
prides,1
anguished,1
semantic,1
invert,1
weight,1
storage,1
explore,1
drawn,1
einsamkeit,1
modisch,1
deine,1
misogyny,1
coded,1
kam,1
monika,1
think,1
colleague,1
transkulturellen,1
border,1
spread,1
william,1
consumerism,1
laurie,1
occasion,1
krankheit,1
webs,1
marx,1
zehn,1
zoe,1
influence,1
ton,1
ment,1
rarefied,1
rowohlt,1
gern,1
manuel,1
girly,1
liedes,1
promised,1
heraus,1
blick,1
sehr,1
van,1
failed,1
duplicate,1
rodopi,1
civilization,1
proverb,1
kontrolle,1
konnte,1
gaining,1
simultaneously,1
kissing,1
americans,1
whose,1
rourke,1
silence,1
incomparable,1
slick,1
stock,1
testimony,1
sets,1
l,1
inauthenticity,1
performance,1
ecstasy,1
impetus,1
generations,1
developed,1
adds,1
melodien,1
stop,1
fubball,1
gewesen,1
offnete,1
possession,1
affairs,1
progenitor,1
underclass,1
landscape,1
crash,1
misinterprets,1
appreciation,1
erinnern,1
levels,1
mean,1
aesthetically,1
johannes,1
knew,1
represented,1
analyzes,1
realizes,1
visceral,1
kramer,1
einfach,1
fiillte,1
earlier,1
manages,1
hauptsachlich,1
thing,1
verschwende,1
hajo,1
b,1
michel,1
brand,1
republic,1
leave,1
tristan,1
hearing,1
benjamin,1
prefers,1
adept,1
danger,1
seibt,1
offering,1
empowerment,1
animals,1
meiner,1
humil,1
space,1
moreover,1
risks,1
moves,1
meet,1
methuen,1
verunreinigen,1
send,1
injury,1
escape,1
cellar,1
pferdemusik,1
perceptions,1
gener,1
figuration,1
bad,1
tropes,1
ingness,1
klebebilder,1
latter,1
postmodern,1
tailored,1
encourages,1
beau,1
behaviours,1
elisabeth,1
attends,1
bit,1
eschew,1
presumably,1
stickers,1
semantics,1
demoted,1
romantics,1
n,1
inadequa,1
gradually,1
perspective,1
house,1
lematic,1
packaged,1
argued,1
frequently,1
aquaristik,1
upper,1
stanze,1
gesammelte,1
age,1
orientation,1
pferden,1
commonly,1
erleben,1
operate,1
atom,1
breakdowns,1
store,1
additional,1
ihnen,1
voluminous,1
powerful,1
dialectic,1
merkmale,1
silly,1
curi,1
aggre,1
brussig,1
cost,1
langer,1
replays,1
backwardness,1
stirrings,1
machen,1
yes,1
consecra,1
owning,1
care,1
sod,1
lust,1
mocking,1
m,1
projected,1
expo,1
normality,1
strategy,1
hedonistic,1
suggested,1
decades,1
admiration,1
decode,1
franz,1
angekommen,1
stampfende,1
belatedly,1
opening,1
sive,1
uses,1
inscribes,1
emerged,1
eingerichtet,1
acting,1
cd,1
blissful,1
included,1
allow,1
zeit,1
portable,1
kegan,1
revived,1
critic,1
method,1
viewpoint,1
begun,1
typical,1
solved,1
treatments,1
mubte,1
amsterdam,1
relating,1
flamenco,1
effort,1
lived,1
bomb,1
standardizing,1
changed,1
deal,1
subscribe,1
oretical,1
lebens,1
events,1
radical,1
disorders,1
meines,1
near,1
pain,1
distributor,1
adolescence,1
bevor,1
persist,1
accompany,1
flying,1
leidenschaft,1
burst,1
attained,1
markets,1
sends,1
evaluate,1
genes,1
applying,1
david,1
pure,1
verrtickt,1
furthermore,1
pointing,1
understood,1
idolized,1
durham,1
depicted,1
technical,1
transposed,1
trappings,1
homoerotic,1
homology,1
mediated,1
leonard,1
rubbish,1
province,1
lowbrow,1
happier,1
feuer,1
recently,1
furt,1
sentence,1
reinforce,1
mannliche,1
registers,1
failure,1
cliched,1
acquaintance,1
fish,1
olle,1
lets,1
masculine,1
sport,1
your,1
perform,1
trashy,1
debunks,1
brooklyn,1
uberwaltigung,1
dauerte,1
buchgesell,1
opposition,1
negotiated,1
photo,1
creates,1
symbolically,1
sustenance,1
tiefen,1
masculinity,1
memory,1
briefly,1
receive,1
cheerleaders,1
exert,1
sites,1
gemein,1
keeping,1
seeking,1
begann,1
wunsch,1
ler,1
future,1
aisthesis,1
covets,1
ode,1
artifacts,1
decides,1
lapses,1
unrealistic,1
start,1
josef,1
translate,1
poplitera,1
tapered,1
sorrows,1
nc,1
selbstsein,1
degrees,1
dominance,1
purpose,1
discusses,1
explains,1
calls,1
bitchy,1
clearer,1
confined,1
derisively,1
meanjin,1
domi,1
marketplace,1
tune,1
caught,1
konrad,1
makers,1
got,1
selbst,1
whole,1
erfahrst,1
overview,1
designate,1
sorrow,1
musikalisches,1
tale,1
fit,1
fail,1
refined,1
flight,1
verstehe,1
contains,1
thematically,1
marktforschung,1
intoxication,1
structures,1
subse,1
comeuppance,1
winter,1
rituals,1
et,1
cleaved,1
documented,1
durch,1
intertextual,1
proliferation,1
away,1
soundtrack,1
accord,1
ously,1
moralisch,1
realms,1
kritik,1
couple,1
lange,1
presume,1
sions,1
conceive,1
pistols,1
polity,1
eben,1
trends,1
drug,1
gap,1
conceited,1
gunstigen,1
sprang,1
manipulation,1
messages,1
researchers,1
exaggerates,1
sic,1
workaday,1
subtle,1
benbow,1
tone,1
appreci,1
fleetingly,1
businessman,1
neben,1
optimal,1
closing,1
artig,1
painting,1
correct,1
successful,1
ktirzeren,1
describing,1
lang,1
peterson,1
embodied,1
miraculous,1
shaping,1
heinz,1
stage,1
funktionszusammenhang,1
ankamen,1
unbearable,1
rarer,1
television,1
order,1
contrast,1
clothes,1
andern,1
wrong,1
assemble,1
sack,1
desires,1
settlement,1
sake,1
specifically,1
small,1
inclina,1
autonomy,1
zeichen,1
unerfreuliche,1
shapes,1
imagines,1
fraught,1
few,1
erature,1
sollen,1
multiple,1
munich,1
disposition,1
ship,1
revealing,1
bridge,1
folk,1
suming,1
cool,1
embarrassed,1
presence,1
prog,1
wtirde,1
disparate,1
hebdige,1
convey,1
hoffnung,1
staged,1
codes,1
mel,1
conclude,1
eher,1
telling,1
potent,1
occasions,1
crazy,1
annual,1
zuckerbabys,1
pays,1
platten,1
introduced,1
proper,1
describes,1
jeffreys,1
unpleasantness,1
peculiar,1
jahrhunderts,1
cycle,1
participates,1
appropriate,1
blind,1
vorstellung,1
augerhalb,1
gasser,1
passive,1
hedonistische,1
evoked,1
massive,1
gefiihl,1
sparks,1
accommodate,1
capturing,1
seemed,1
wordless,1
distin,1
subsequently,1
pattern,1
sung,1
institut,1
reduction,1
dissemi,1
converge,1
scored,1
musically,1
pertaining,1
gustav,1
hinterher,1
tanja,1
technique,1
power,1
critics,1
implications,1
outsider,1
lit,1
holds,1
variety,1
zickiger,1
taken,1
functioning,1
summertime,1
ymous,1
action,1
economic,1
taxis,1
concessions,1
falsch,1
melbourne,1
lag,1
revival,1
site,1
resisted,1
teen,1
cloud,1
return,1
revolt,1
commit,1
merits,1
laufen,1
likening,1
brings,1
acutely,1
prevailing,1
sitting,1
hutton,1
tosses,1
formative,1
july,1
uber,1
judgment,1
seiten,1
tor,1
says,1
bill,1
indicates,1
unwieldy,1
subclass,1
curtain,1
gute,1
initially,1
anand,1
signs,1
seemingly,1
neat,1
irgend,1
thereby,1
innovation,1
positive,1
authoritarian,1
mannern,1
liebliche,1
tull,1
memorex,1
para,1
queried,1
robin,1
unerkannten,1
pivotal,1
edited,1
unintended,1
alladi,1
warum,1
reference,1
intuitively,1
opportunities,1
sociologists,1
makes,1
paradox,1
fehler,1
jetzt,1
later,1
east,1
seeing,1
prisingly,1
exposure,1
light,1
exposes,1
termination,1
ele,1
ancient,1
today,1
brooks,1
stadtrechtlich,1
daniella,1
herum,1
achieve,1
sociological,1
overconsumption,1
fringes,1
potboilers,1
reintegration,1
bind,1
eliza,1
complete,1
hierarchized,1
ashamed,1
tic,1
demonstrates,1
sales,1
mensurate,1
iudicium,1
broached,1
industrial,1
insights,1
illustrated,1
gay,1
ferent,1
qualified,1
goodness,1
zweites,1
finable,1
friend,1
gradlinige,1
washabaugh,1
fugitive,1
fiedler,1
functioned,1
foucault,1
egal,1
onuki,1
proph,1
benefi,1
fire,1
flowing,1
majority,1
cies,1
ultracool,1
zurcher,1
afterlife,1
faculty,1
assert,1
flash,1
request,1
popularity,1
factory,1
neglect,1
angemessener,1
mark,1
capi,1
treatment,1
europe,1
jugendkultur,1
competencies,1
water,1
gentle,1
shows,1
naive,1
troubled,1
leashes,1
hollow,1
insatiable,1
litera,1
fundamental,1
head,1
klar,1
materialist,1
irre,1
belittle,1
buch,1
ought,1
exclusion,1
witnesses,1
musicians,1
lacks,1
freiwillige,1
daily,1
oneself,1
isolate,1
hear,1
plagued,1
preferring,1
signaled,1
personality,1
state,1
surrogates,1
resolved,1
venture,1
licated,1
considerable,1
imperfect,1
pin,1
discussed,1
kulturwissenschaftliche,1
hund,1
rebuke,1
teufelskreislauf,1
rhythms,1
contradistinction,1
ages,1
cup,1
uring,1
drove,1
plate,1
paris,1
abweichens,1
present,1
ground,1
basic,1
wallow,1
diickers,1
centre,1
ridicules,1
zwar,1
madchen,1
continuing,1
developing,1
refrain,1
sister,1
poses,1
novelist,1
ensured,1
aufnehmen,1
compromising,1
karl,1
jenny,1
pearance,1
suburb,1
interview,1
admires,1
forth,1
atsuko,1
origin,1
leveling,1
jeans,1
ereignisse,1
einer,1
native,1
bass,1
casey,1
sec,1
children,1
modernism,1
cul,1
tun,1
style,1
harnessed,1
martens,1
number,1
free,1
tify,1
encountered,1
ticularly,1
al,1
obsession,1
linked,1
realize,1
runaway,1
convenient,1
elevation,1
degree,1
plane,1
consumes,1
hinein,1
labt,1
fundamentally,1
vollig,1
entirety,1
triste,1
meaningful,1
nichts,1
aptly,1
miss,1
divided,1
expanded,1
father,1
spective,1
thirst,1
indiana,1
ets,1
genres,1
apogee,1
thanks,1
traurig,1
juli,1
wubte,1
range,1
eighteenth,1
values,1
situating,1
requited,1
wen,1
deliberately,1
ridiculous,1
gether,1
killing,1
closed,1
zeitgeschichte,1
harms,1
strongly,1
unpredictable,1
manifestations,1
canals,1
fetishistic,1
elite,1
berufe,1
top,1
genders,1
wound,1
varying,1
unfortunately,1
mythos,1
wasser,1
doubt,1
returned,1
poproman,1
engaging,1
obsessed,1
harvard,1
net,1
aes,1
deutschen,1
rare,1
story,1
freedom,1
maintains,1
continue,1
reproduction,1
trust,1
full,1
deployed,1
blatt,1
stultifying,1
gefiihle,1
advantages,1
dating,1
aufstieg,1
involves,1
handeln,1
described,1
aussprechen,1
joys,1
citing,1
negotiating,1
simists,1
pekar,1
gelaufen,1
careers,1
loosely,1
preters,1
reality,1
importance,1
binaries,1
corny,1
frustrated,1
authors,1
favorite,1
se,1
maligned,1
nora,1
wilfried,1
logic,1
interpret,1
epiph,1
conception,1
ashton,1
individual,1
someone,1
started,1
wonders,1
characterized,1
occa,1
ny,1
siiddeutsche,1
period,1
belongs,1
fidelity,1
lyricists,1
reinbek,1
played,1
mines,1
meaghan,1
serves,1
aesthet,1
stages,1
structuring,1
filled,1
proximity,1
keen,1
attributing,1
fancy,1
geliebt,1
provides,1
reveling,1
exhortation,1
narcissistic,1
morals,1
spent,1
uberhaupt,1
strangely,1
wasn,1
differing,1
servative,1
scathingly,1
article,1
construct,1
inspired,1
lesbian,1
allusion,1
rectify,1
hastily,1
nie,1
references,1
declare,1
apologetic,1
topics,1
grandmother,1
britain,1
sig,1
attendant,1
omnivores,1
james,1
steiger,1
judgement,1
wahrscheinlich,1
improbable,1
postwar,1
capabilities,1
epiphanic,1
besieges,1
slightly,1
ate,1
equivalent,1
inde,1
morris,1
workshop,1
tiere,1
macmillan,1
geography,1
duves,1
prelinguistically,1
intersubjective,1
tendency,1
celebrity,1
joint,1
professional,1
deigned,1
feel,1
fou,1
rerecorded,1
attention,1
hopeless,1
overlooked,1
examines,1
colder,1
sage,1
nonprint,1
european,1
musikalische,1
humiliating,1
indication,1
sonnenallee,1
aspirations,1
faux,1
suggestion,1
whelmed,1
wiedergefunden,1
christian,1
committed,1
rejected,1
geschrieben,1
ann,1
ihn,1
vinyl,1
backward,1
declaration,1
whomever,1
chances,1
doubly,1
fairly,1
personlichkeitsmarkt,1
bulk,1
crucial,1
chance,1
beinahe,1
five,1
foreign,1
eigentlich,1
replayed,1
effects,1
alto,1
erstwhile,1
selections,1
beriihren,1
fully,1
tech,1
flowed,1
lagen,1
handing,1
madchenplatte,1
inside,1
reminders,1
hel,1
insufficient,1
leslie,1
schlager,1
ordinary,1
hook,1
binary,1
independence,1
jede,1
success,1
sensitive,1
narasimhan,1
indiscriminate,1
detailed,1
gut,1
bears,1
hin,1
force,1
began,1
multivalent,1
thematization,1
markers,1
importantly,1
troduction,1
universitat,1
relevant,1
excited,1
nating,1
nological,1
rapidly,1
anxious,1
expert,1
indicate,1
fiihlte,1
gegenwart,1
atombombe,1
rot,1
changes,1
probierte,1
crass,1
jiirgen,1
bisher,1
inselhopping,1
reacting,1
recuperate,1
neurosis,1
surprising,1
entertainment,1
dead,1
sheila,1
seinen,1
types,1
humiliation,1
sympathy,1
instinctual,1
examine,1
repressed,1
album,1
figured,1
heather,1
bulimia,1
dass,1
hardly,1
demiitigend,1
phe,1
humiliat,1
attachment,1
rises,1
interacts,1
gab,1
considered,1
fac,1
entertain,1
ideologischen,1
circumscribed,1
produc,1
racked,1
proof,1
dislikes,1
brooking,1
seriously,1
emma,1
candle,1
bassen,1
heavy,1
rarely,1
meinecke,1
seabury,1
thinking,1
proceed,1
narcissistically,1
secondhand,1
aspiring,1
ineffable,1
summary,1
wirklich,1
broke,1
vorstadtmadchen,1
singles,1
elaborate,1
series,1
conclusion,1
schall,1
accordance,1
version,1
girlfriends,1
changing,1
wurden,1
deep,1
cvetkovich,1
zine,1
terns,1
extending,1
substitutes,1
contradiction,1
galenza,1
wear,1
modernen,1
focused,1
satisfying,1
reinforced,1
cate,1
auratic,1
inferiority,1
comes,1
nated,1
shop,1
shunned,1
rival,1
ridiculed,1
isensee,1
borrow,1
aspire,1
besides,1
prob,1
doi,1
loving,1
erzahltexte,1
fiinf,1
streber,1
begriffen,1
minology,1
diesem,1
boa,1
highly,1
zeh,1
evokes,1
liebes,1
partner,1
introducing,1
country,1
strauss,1
shares,1
spontaneous,1
debilitating,1
resentment,1
gone,1
best,1
specially,1
curious,1
alle,1
treibende,1
einmal,1
voracious,1
eingebildeter,1
kauflust,1
hopping,1
domestic,1
returns,1
post,1
eventually,1
ideological,1
milk,1
steinert,1
brothers,1
soloalbum,1
liked,1
exhibits,1
research,1
privileged,1
kleiner,1
benefit,1
imitators,1
geschichte,1
iron,1
identities,1
emo,1
closest,1
ausgleich,1
ftir,1
meager,1
unbedingt,1
pour,1
highbrow,1
apparati,1
works,1
fucking,1
risky,1
merely,1
selfhood,1
pushing,1
evident,1
subordinate,1
einem,1
jethro,1
ideologies,1
rep,1
befitting,1
exorcise,1
day,1
commodity,1
unlikely,1
networking,1
enjoyment,1
unfulfilled,1
conspire,1
darmstadt,1
meticulous,1
namely,1
ones,1
ibid,1
unsur,1
want,1
remix,1
trope,1
havemeister,1
sony,1
covers,1
interpreter,1
attitudes,1
diese,1
firmly,1
writes,1
grief,1
ceased,1
pankau,1
danach,1
distancing,1
therapy,1
simulacrum,1
loved,1
resistive,1
getting,1
appetite,1
supersensible,1
prestige,1
collector,1
junk,1
hitler,1
mull,1
oppositions,1
barely,1
animal,1
explored,1
yield,1
gehabt,1
information,1
excoriation,1
missed,1
shouldn,1
plattensammlungen,1
fraction,1
therapeutic,1
permeated,1
urban,1
ganzer,1
discussion,1
universe,1
anxieties,1
spaces,1
chy,1
seductive,1
bildungsroman,1
radically,1
magnificent,1
bodies,1
beitrage,1
uniting,1
overweight,1
alterations,1
circumstances,1
trivial,1
volk,1
beck,1
given,1
nomenon,1
austausches,1
dependent,1
consumerist,1
delivers,1
meeker,1
unkind,1
econ,1
eleanor,1
wertherzeit,1
widerstand,1
easy,1
adoles,1
tried,1
demonstrate,1
weltentwurf,1
step,1
cash,1
worst,1
situated,1
jim,1
sion,1
subculture,1
kudos,1
cb,1
tur,1
commodities,1
recounts,1
healed,1
intelligible,1
dropping,1
ddr,1
gurus,1
allows,1
ized,1
representation,1
grandioser,1
shame,1
coming,1
briickenbau,1
tions,1
hierar,1
aspires,1
prepared,1
spoiled,1
beside,1
producer,1
question,1
perversely,1
literatur,1
trophies,1
analytik,1
talism,1
deferred,1
wissenschaftliche,1
tell,1
legte,1
geschmacks,1
ulrich,1
breaks,1
youth,1
unfabbar,1
north,1
editor,1
ttber,1
lates,1
dicken,1
advent,1
kick,1
rationalization,1
atomizing,1
paradigm,1
national,1
scathing,1
grant,1
portrat,1
trauma,1
jaja,1
iden,1
wish,1
parallels,1
offer,1
deutlicher,1
enlightenment,1
typically,1
konstanze,1
suffers,1
drang,1
ponders,1
taz,1
opinions,1
selbstkontrolle,1
smaller,1
cation,1
glass,1
displaced,1
incidents,1
stillen,1
shameful,1
disservice,1
attempted,1
discounted,1
wirklichkeit,1
repeat,1
bigger,1
impacted,1
increased,1
morning,1
ihm,1
moved,1
merkur,1
offered,1
bernstein,1
vessel,1
potential,1
ated,1
removed,1
trigger,1
passages,1
penetrated,1
assumed,1
effortlessly,1
blainey,1
ics,1
rhythmen,1
besprochenen,1
inszenierung,1
marxist,1
elites,1
rejection,1
cheaper,1
guish,1
pool,1
subverting,1
texts,1
beide,1
views,1
hymn,1
fen,1
ily,1
pat,1
dental,1
traditional,1
duction,1
themen,1
images,1
counts,1
strong,1
seek,1
jugend,1
alexa,1
dif,1
observed,1
vulgar,1
cross,1
detriment,1
thorsten,1
asked,1
doing,1
ca,1
pillars,1
miscalculating,1
close,1
ganzes,1
happiest,1
household,1
owns,1
major,1
harmful,1
culturalist,1
