WORDCOUNTS,WEIGHT
the,50
of,45
is,31
and,26
knowledge,23
that,22
religion,22
to,22
he,19
it,19
not,16
religious,15
a,15
what,15
this,13
as,12
in,12
his,11
or,11
man,11
but,10
bennett,10
all,9
which,9
professor,9
we,9
does,8
know,8
be,8
makes,7
by,7
actuality,7
him,7
one,6
about,6
has,6
such,6
have,6
may,5
then,5
same,5
more,5
there,5
individual,5
immortality,4
if,4
god,4
us,4
these,4
first,4
other,4
are,4
for,4
our,4
peculiar,4
would,4
so,4
after,4
highest,4
at,3
dilemma,3
with,3
claims,3
two,3
anything,3
only,3
love,3
death,3
fact,3
s,3
beliefs,3
take,3
equally,3
carries,3
supreme,3
continuation,3
sense,3
kind,3
life,3
on,3
can,3
when,3
even,3
world,3
than,3
now,2
no,2
continued,2
object,2
says,2
make,2
they,2
criticism,2
get,2
reason,2
devotion,2
meant,2
university,2
was,2
something,2
speaks,2
defend,2
must,2
simply,2
known,2
else,2
here,2
alternative,2
interests,2
mysterious,2
nature,2
possibilities,2
interested,2
great,2
loyalty,2
far,2
constantly,2
passionate,2
knows,2
let,2
form,2
cannot,2
however,2
mere,2
while,2
wants,2
because,2
claim,2
religiousness,2
very,2
its,2
concern,2
constitute,2
supernature,2
instead,2
like,2
value,2
will,1
eternal,1
actuated,1
go,1
critical,1
defended,1
therefore,1
eternity,1
second,1
deny,1
indefensible,1
matter,1
rather,1
purely,1
meaning,1
criticize,1
how,1
claimed,1
acquires,1
truth,1
everyone,1
worthy,1
becomes,1
represented,1
whatever,1
reconstruction,1
yale,1
philosophy,1
loses,1
everybody,1
similar,1
certain,1
strange,1
engendering,1
direction,1
pages,1
impersonal,1
falsity,1
clarification,1
namely,1
respect,1
precious,1
indispensable,1
thinks,1
lives,1
worlds,1
serve,1
soon,1
cause,1
earnest,1
founders,1
thesis,1
supposing,1
rightly,1
elsewhere,1
comes,1
dishonest,1
experience,1
earnestly,1
superior,1
continues,1
awe,1
either,1
inconsistencies,1
beyond,1
tries,1
hence,1
every,1
solve,1
discouraged,1
give,1
attempts,1
important,1
might,1
others,1
view,1
eludes,1
rejects,1
rational,1
ourselves,1
many,1
character,1
dearest,1
efforts,1
endow,1
longer,1
seem,1
knowing,1
believe,1
found,1
ought,1
abstract,1
regard,1
effort,1
time,1
reasoning,1
proves,1
new,1
reacts,1
purview,1
nevertheless,1
haven,1
poetry,1
fear,1
honor,1
men,1
outside,1
do,1
henry,1
furthermore,1
though,1
where,1
reviews,1
within,1
continuing,1
whether,1
terms,1
depends,1
want,1
issue,1
particular,1
existence,1
plain,1
writes,1
problem,1
arsenal,1
memory,1
oo,1
another,1
none,1
demonstrated,1
credit,1
some,1
basis,1
who,1
solely,1
own,1
start,1
upon,1
entrancing,1
values,1
unless,1
grieve,1
example,1
utmost,1
literal,1
press,1
ruling,1
himself,1
transition,1
reverence,1
skeptical,1
genuine,1
assume,1
exposed,1
thus,1
nothing,1
come,1
personal,1
believes,1
exceedingly,1
facts,1
lands,1
run,1
alternately,1
write,1
evasions,1
dominated,1
interest,1
interpret,1
wieman,1
offer,1
an,1
realization,1
poet,1
seeks,1
nelson,1
arbitrary,1
nor,1
items,1
anybody,1
promotion,1
endowed,1
depend,1
observation,1
charles,1
few,1
state,1
somehow,1
honesty,1
insists,1
become,1
correction,1
supported,1
chicago,1
except,1
impossible,1
whatsoever,1
find,1
cognitive,1
cognition,1
seeking,1
little,1
journal,1
much,1
apparently,1
deeply,1
imperfectly,1
should,1
influence,1
unfortunate,1
behalf,1
