WORDCOUNTS,WEIGHT
the,537
of,441
and,346
to,248
in,209
love,179
a,137
justice,136
king,118
that,112
as,99
is,91
for,67
was,65
it,61
not,60
s,57
his,57
this,54
by,54
be,46
an,44
or,42
its,39
he,39
power,39
social,37
with,34
which,32
persons,32
society,32
but,32
understanding,31
on,31
conception,30
from,30
all,28
one,25
also,25
god,24
were,24
state,22
tillich,22
their,21
has,19
change,19
community,19
new,19
they,18
religious,18
well,18
are,18
have,18
being,17
other,17
christian,17
at,16
institutions,16
martin,15
jr,14
because,14
only,14
many,14
influence,13
them,13
more,13
individuals,13
would,13
luther,13
what,13
agape,13
some,12
dignity,12
rights,12
thought,12
creative,12
upon,12
been,12
respect,12
while,12
among,12
concern,11
into,11
human,11
nature,11
within,11
like,11
even,11
about,11
present,11
him,11
analysis,11
did,11
both,11
creation,10
than,10
method,10
will,10
evil,10
these,10
life,10
does,9
ethics,9
had,9
together,9
sought,9
against,9
due,9
white,9
most,9
found,9
freedom,9
order,9
others,9
made,9
full,9
individual,9
relationship,9
who,9
african,9
american,8
might,8
tradition,8
those,8
self,8
journal,8
york,8
we,8
gandhi,8
however,8
when,8
world,8
rawls,8
universe,8
should,8
struggle,7
groups,7
every,7
unjust,7
capacity,7
result,7
distribution,7
could,7
people,7
acts,7
stated,7
toward,7
end,7
often,7
form,7
through,7
way,6
religions,6
ultimate,6
properly,6
possible,6
conflict,6
thus,6
whose,6
means,6
image,6
just,6
greater,6
public,6
failure,6
civil,6
related,6
place,6
personal,6
no,6
action,6
makes,6
rather,6
niebuhr,6
coercion,6
another,6
men,6
faith,6
possess,6
can,6
claims,6
must,6
natural,6
person,6
theory,6
giving,6
if,5
created,5
group,5
center,5
unlike,5
something,5
nonetheless,5
experience,5
philosophers,5
enables,5
address,5
seems,5
context,5
existence,5
america,5
essential,5
reagan,5
without,5
enabled,5
moreover,5
university,5
age,5
injustice,5
understood,5
christianity,5
work,5
claim,5
part,5
nation,5
oppressed,5
make,5
jesus,5
yet,5
reconciliation,5
eros,5
harper,5
fashion,5
do,5
less,5
interrelated,5
father,5
writings,5
moral,5
reality,5
essay,5
assert,5
seen,5
force,5
itself,5
believed,5
simply,5
press,5
beloved,5
seeks,5
philosophy,5
needs,5
row,5
humankind,4
separated,4
church,4
live,4
rational,4
great,4
forgiving,4
racial,4
system,4
right,4
insight,4
exist,4
relationships,4
such,4
may,4
poor,4
how,4
reinhold,4
notion,4
importance,4
special,4
benefits,4
effort,4
demands,4
term,4
further,4
cannot,4
required,4
theological,4
basis,4
used,4
listening,4
concept,4
interpreted,4
own,4
destiny,4
family,4
concerns,4
potent,4
economic,4
return,4
violence,4
light,4
resolution,4
paul,4
law,4
fact,4
oppressors,4
where,4
ontological,4
necessary,4
perhaps,4
values,4
philia,4
archive,4
points,4
especially,4
relation,4
saw,4
greek,4
sandel,4
employment,4
recognize,4
consider,4
nonviolent,4
each,4
nozick,4
theology,4
terms,4
require,4
level,4
peace,4
our,4
accept,4
although,4
need,4
between,4
element,4
concerned,3
later,3
college,3
sphere,3
rewards,3
societal,3
first,3
either,3
give,3
definition,3
able,3
i,3
there,3
robert,3
political,3
followers,3
task,3
activity,3
himself,3
segregation,3
regarding,3
ability,3
relations,3
application,3
unity,3
elements,3
nor,3
consequently,3
americans,3
adequate,3
basic,3
support,3
forget,3
conceptualization,3
improvement,3
democratic,3
always,3
problems,3
important,3
suggested,3
philosophical,3
during,3
policies,3
issues,3
structures,3
reflect,3
capacities,3
good,3
caused,3
things,3
persuade,3
choose,3
christians,3
fully,3
annual,3
equality,3
advocate,3
synthesis,3
playmate,3
direction,3
fair,3
same,3
addition,3
treatment,3
time,3
john,3
personality,3
man,3
forms,3
never,3
hand,3
model,3
manner,3
continuing,3
forth,3
practice,3
belief,3
status,3
private,3
including,3
ontology,3
approach,3
three,3
held,3
so,3
black,3
presidential,3
written,3
liberalism,3
interdependent,3
george,3
provide,3
consent,3
frankena,3
school,3
then,3
any,3
thinking,3
associated,3
set,3
over,3
anthropology,3
interpersonal,3
worth,3
interested,3
universal,3
loyalty,3
william,3
statement,3
shall,3
influenced,3
became,3
bondedness,3
administration,3
montgomery,3
negro,3
washington,3
states,3
integration,3
campaign,3
themselves,3
justify,3
create,3
given,3
traditional,3
beings,3
difficult,2
go,2
possessed,2
limits,2
nonviolence,2
gentler,2
resulted,2
alone,2
adoption,2
told,2
kinder,2
true,2
empower,2
spirit,2
harsh,2
revision,2
source,2
sources,2
embraced,2
utopia,2
meaning,2
asserts,2
j,2
words,2
borders,2
desire,2
government,2
reunion,2
procedure,2
religion,2
stand,2
mohandas,2
key,2
primary,2
account,2
capable,2
shared,2
whatever,2
litigious,2
still,2
above,2
formula,2
thinkers,2
learned,2
fullness,2
facts,2
agreement,2
development,2
ethical,2
professor,2
pursuit,2
dei,2
interest,2
thing,2
concrete,2
deed,2
determination,2
races,2
served,2
find,2
deeply,2
general,2
commanding,2
acted,2
operation,2
racism,2
recognized,2
act,2
acrimony,2
aimed,2
developed,2
compatible,2
aggressive,2
possession,2
doctrine,2
process,2
active,2
parents,2
determining,2
legal,2
certain,2
benjamin,2
envision,2
reason,2
understand,2
repeated,2
liberal,2
fairness,2
powerful,2
unjustly,2
follow,2
defines,2
consequence,2
willing,2
providing,2
commanded,2
constructive,2
character,2
expressed,2
reprinted,2
based,2
conservative,2
called,2
strength,2
out,2
international,2
embedded,2
equal,2
fulfill,2
dialectic,2
absolute,2
receive,2
aspects,2
gained,2
received,2
locus,2
london,2
purpose,2
denial,2
clearer,2
securing,2
contains,2
employed,2
sense,2
working,2
responsibility,2
protest,2
adequacy,2
anarchy,2
small,2
sufficient,2
up,2
st,2
value,2
interrelatedness,2
nations,2
therefore,2
matter,2
variety,2
identified,2
separation,2
interdependence,2
april,2
civility,2
indicates,2
decisions,2
spoken,2
read,2
under,2
us,2
neither,2
kelsey,2
inalienable,2
insights,2
street,2
leader,2
baptist,2
preferences,2
performs,2
wholeness,2
usefulness,2
diminishing,2
essence,2
reasoning,2
doubt,2
accepted,2
michael,2
interview,2
norms,2
realize,2
degree,2
mays,2
enhanced,2
use,2
affects,2
harvard,2
commandment,2
services,2
grounding,2
philosopher,2
office,2
theories,2
clear,2
stress,2
formulas,2
characterized,2
revised,2
played,2
daddy,2
practiced,2
earlier,2
latter,2
artificial,2
educational,2
systems,2
qualities,2
become,2
imago,2
redemptive,2
institution,2
embodied,2
limiting,2
entitled,2
ministry,2
widespread,2
becomes,2
lives,2
why,2
holmes,2
considered,2
dissertation,2
hinduism,2
bush,2
shunned,2
loving,2
removed,2
december,2
global,2
believe,2
leaders,2
ph,2
particularly,2
goods,2
separating,2
historical,2
day,2
succeeded,2
affirm,2
references,2
mikelson,2
cause,2
particular,2
redemption,2
problem,2
her,2
institute,2
ideal,2
gandhian,2
necessity,2
classes,2
substance,2
programs,2
teachings,2
campaigns,2
tions,2
doer,2
remarks,2
analogy,2
come,2
question,2
until,2
unable,2
years,2
cambridge,2
harm,2
course,2
realism,2
d,2
you,2
embodies,2
blacks,2
sectors,2
recent,2
virtue,2
building,2
race,2
now,1
produces,1
done,1
personally,1
deny,1
obligations,1
companionship,1
oriented,1
prefer,1
common,1
crozer,1
fortified,1
bonding,1
tion,1
extend,1
environmental,1
determine,1
resisting,1
introduction,1
conversion,1
fundamentum,1
hate,1
denied,1
forgiveness,1
ma,1
alive,1
asserted,1
motto,1
ways,1
irrespective,1
approaches,1
bias,1
contend,1
favor,1
peroration,1
whereas,1
doubts,1
acceptance,1
policy,1
position,1
western,1
equated,1
organic,1
francis,1
total,1
observing,1
before,1
remedy,1
unite,1
binds,1
englewood,1
attuned,1
meaningless,1
permitted,1
women,1
different,1
negative,1
predominantly,1
said,1
pastoral,1
passion,1
stressed,1
failing,1
davis,1
long,1
avoiding,1
allocations,1
entailed,1
implications,1
chaos,1
taken,1
restoration,1
military,1
asia,1
possesses,1
outlining,1
supplied,1
hatred,1
parties,1
affirmed,1
shaped,1
principles,1
attractive,1
nothing,1
skills,1
explores,1
theologically,1
simple,1
disproportionate,1
differences,1
july,1
emotion,1
rich,1
bestowing,1
achievement,1
follows,1
dominantly,1
cohesion,1
resulting,1
ambition,1
feature,1
last,1
mind,1
sacred,1
henry,1
seriousness,1
discipline,1
hostility,1
segregated,1
citizenship,1
concealed,1
issue,1
side,1
aired,1
inseparable,1
bending,1
forthcoming,1
dr,1
homelessness,1
foundational,1
adopts,1
advice,1
incorporate,1
rests,1
march,1
indirectly,1
felt,1
recommended,1
determined,1
compelling,1
slight,1
contractual,1
transcend,1
reconsidering,1
say,1
eliminating,1
establishment,1
asserting,1
resources,1
quantity,1
cited,1
along,1
negotiation,1
undoubtedly,1
tied,1
harmony,1
harold,1
controlled,1
labor,1
goal,1
retaining,1
constitutive,1
collapse,1
ronald,1
historically,1
accuracy,1
seminaries,1
component,1
accountable,1
proportionate,1
quality,1
bent,1
since,1
demanded,1
furthering,1
agent,1
neighbors,1
reflection,1
relatively,1
ease,1
heightened,1
cf,1
insisted,1
insofar,1
rooted,1
century,1
marxism,1
retaliatory,1
forceful,1
nelson,1
adjustment,1
arc,1
conciliation,1
feasible,1
perspective,1
concerning,1
six,1
generated,1
cant,1
oxford,1
wholly,1
jarl,1
effective,1
gainsaid,1
thin,1
reactivating,1
weight,1
compel,1
identifications,1
obscure,1
student,1
sin,1
spite,1
traditions,1
cosmic,1
occasion,1
delivered,1
marx,1
glad,1
employ,1
civilization,1
observer,1
dewolf,1
betterment,1
purely,1
l,1
evoking,1
destroy,1
ruptured,1
remain,1
assassination,1
reference,1
bond,1
conceptions,1
risk,1
supplement,1
rigor,1
similar,1
b,1
talk,1
direct,1
parts,1
assuming,1
salvation,1
matched,1
k,1
lacking,1
consequences,1
proclaimed,1
arid,1
category,1
suppression,1
insistence,1
applied,1
consultation,1
plus,1
personalism,1
yellow,1
devoting,1
latin,1
litigate,1
disadvantaged,1
n,1
restricted,1
instrument,1
weak,1
frequently,1
threat,1
companions,1
show,1
communities,1
motivates,1
provokes,1
superior,1
shorter,1
oppresses,1
linkage,1
followed,1
oppression,1
puts,1
instance,1
care,1
respected,1
m,1
opinion,1
strategy,1
preference,1
trained,1
strengthen,1
view,1
appear,1
shun,1
incapable,1
atlanta,1
friends,1
opponents,1
meanness,1
closely,1
ontologically,1
whom,1
alienation,1
accidentals,1
transcendence,1
hands,1
search,1
access,1
wrongly,1
changed,1
deal,1
destined,1
events,1
compassion,1
primacy,1
requirements,1
dispute,1
insisting,1
accompany,1
constantly,1
emotionally,1
struggles,1
grocer,1
topics,1
equally,1
infliction,1
cultural,1
focused,1
affirms,1
war,1
rightfully,1
purge,1
stressing,1
teacher,1
viewed,1
produced,1
unemployment,1
suffered,1
harshness,1
hypothetical,1
tension,1
depriving,1
losophic,1
wide,1
claimants,1
deprive,1
abuse,1
formulate,1
directly,1
network,1
designation,1
revealed,1
honors,1
gains,1
gospel,1
carry,1
significantly,1
brought,1
affectional,1
example,1
supreme,1
gender,1
caught,1
description,1
compulsive,1
though,1
whole,1
misinterpreted,1
consistently,1
refined,1
trumpet,1
keep,1
kings,1
forces,1
legislation,1
systematic,1
entails,1
philosophically,1
won,1
president,1
week,1
empowering,1
strengthened,1
wheat,1
nj,1
attributed,1
count,1
encounters,1
hungary,1
lifted,1
creating,1
broadcast,1
solution,1
legacy,1
construct,1
viable,1
successful,1
presented,1
deity,1
revolution,1
discourse,1
exclude,1
quite,1
involved,1
specifically,1
nashville,1
several,1
stemmed,1
disunity,1
few,1
inescapable,1
accomplished,1
highly,1
psychological,1
presence,1
stake,1
disharmony,1
telling,1
foremost,1
brown,1
inability,1
reuniting,1
majority,1
results,1
proper,1
unduly,1
diminished,1
provided,1
skill,1
racists,1
passive,1
actions,1
activities,1
south,1
liberation,1
portion,1
critical,1
led,1
likely,1
units,1
situation,1
business,1
conditioning,1
impartial,1
reduced,1
absence,1
practices,1
bringing,1
doctoral,1
indeed,1
located,1
limited,1
play,1
successes,1
schemes,1
wait,1
nietzsche,1
brings,1
forbidden,1
intimidation,1
reaffirm,1
vocation,1
reconstruction,1
says,1
veins,1
comments,1
similarly,1
perennial,1
seemingly,1
theologians,1
ethicist,1
single,1
biological,1
omits,1
repression,1
meritorious,1
misuse,1
philadelphia,1
emerged,1
criticism,1
interpretation,1
auspices,1
security,1
builds,1
serve,1
message,1
borrowed,1
clergy,1
morehouse,1
beneficiaries,1
ancient,1
victories,1
rightly,1
illuminated,1
culture,1
performed,1
dehumanize,1
ed,1
outlined,1
disobedience,1
motivate,1
two,1
emotional,1
williams,1
rise,1
functioned,1
affections,1
volume,1
catalog,1
members,1
name,1
heritage,1
again,1
death,1
conceived,1
rejects,1
put,1
concretion,1
missing,1
efforts,1
unifying,1
lack,1
idea,1
cleanup,1
preserve,1
fundamental,1
lobby,1
deficient,1
abilities,1
areas,1
ought,1
abstract,1
sheppard,1
choice,1
tangible,1
enable,1
daily,1
larger,1
estrangement,1
preferring,1
harming,1
omitted,1
contemporary,1
considerable,1
seldom,1
sentimentality,1
enlarge,1
advocacy,1
conferred,1
patterns,1
racist,1
evoke,1
ground,1
operating,1
secular,1
existing,1
receives,1
see,1
duties,1
spoke,1
conviction,1
books,1
children,1
compelled,1
cosmos,1
mercy,1
ordinary,1
style,1
reflected,1
explicitly,1
free,1
remove,1
autobiography,1
original,1
fundamentally,1
recognizing,1
mean,1
exhibit,1
encounter,1
theirs,1
admits,1
influences,1
robertson,1
treated,1
discovery,1
explanation,1
reparations,1
helps,1
region,1
destroys,1
handmaiden,1
deliberately,1
upn,1
increase,1
holt,1
sufficiently,1
ruling,1
drug,1
encouraged,1
controlling,1
denies,1
significant,1
wonderful,1
magnanimously,1
band,1
procurement,1
embodying,1
aside,1
prominently,1
actual,1
injustices,1
merit,1
aids,1
examination,1
trust,1
advantages,1
versions,1
exceedingly,1
rejected,1
significance,1
engender,1
enlargement,1
reward,1
inadequate,1
profession,1
virtues,1
sustain,1
victory,1
supportive,1
amounts,1
interpret,1
try,1
times,1
pride,1
caribbean,1
helpful,1
belongs,1
acquiescence,1
regulate,1
distinction,1
ratings,1
stride,1
improved,1
procuring,1
provides,1
medal,1
thomas,1
adequately,1
decide,1
enumerate,1
sentiment,1
internal,1
arise,1
juncture,1
correct,1
emphasized,1
overcome,1
wise,1
preston,1
acquire,1
displayed,1
effect,1
sentiments,1
structure,1
james,1
purging,1
implication,1
conscience,1
story,1
dominance,1
equivalent,1
northern,1
accord,1
professional,1
cliffs,1
normatively,1
pastor,1
vigorous,1
division,1
applies,1
advantaged,1
decolonization,1
improperly,1
gifted,1
separate,1
ethic,1
fails,1
asking,1
accepting,1
motivator,1
suggestion,1
entail,1
fueled,1
circle,1
mitigate,1
today,1
note,1
africa,1
enumerated,1
wisdom,1
lot,1
kindling,1
quo,1
recall,1
usually,1
affectionately,1
types,1
fear,1
mutuality,1
reasonable,1
attitude,1
injecting,1
class,1
primarily,1
consequentialist,1
referred,1
rob,1
excluding,1
began,1
polls,1
effectively,1
transformation,1
legitimacy,1
deals,1
indicate,1
distort,1
successor,1
dehumanizes,1
phrase,1
implementing,1
actualization,1
construction,1
blood,1
united,1
hope,1
surprising,1
urged,1
creatures,1
citizens,1
instances,1
get,1
combines,1
occupies,1
rigorous,1
thick,1
meant,1
tribe,1
rightful,1
coterie,1
presidency,1
share,1
contained,1
infusion,1
selecan,1
sexes,1
sketches,1
blocked,1
panama,1
impulse,1
garment,1
conclusion,1
accomplishes,1
changing,1
detachment,1
constituted,1
implied,1
exposition,1
constructed,1
masses,1
consensus,1
invade,1
funding,1
listeners,1
here,1
command,1
alternative,1
particulars,1
respecting,1
retained,1
principle,1
control,1
commonplace,1
actuality,1
par,1
india,1
removing,1
embodiments,1
resentment,1
argue,1
half,1
current,1
proportional,1
inquiry,1
foundation,1
brothers,1
degenerates,1
enemy,1
sustaining,1
rely,1
far,1
embodiment,1
build,1
associations,1
boundedness,1
distinctive,1
utilized,1
disputes,1
passage,1
works,1
merely,1
ideally,1
turned,1
hint,1
stamps,1
augustine,1
bbc,1
alabama,1
deteriorate,1
strained,1
unique,1
undercut,1
whether,1
stability,1
selected,1
namely,1
making,1
evangelical,1
westminster,1
operationalization,1
add,1
attitudes,1
leaving,1
extent,1
dream,1
insightful,1
w,1
pursued,1
secure,1
constitutional,1
produce,1
almost,1
reenforced,1
suggests,1
amelioration,1
cluster,1
radically,1
certainties,1
boston,1
apparatus,1
intention,1
son,1
circumstances,1
preserved,1
altered,1
refinement,1
little,1
conclude,1
prospect,1
republic,1
assumptions,1
everywhere,1
pervades,1
humanizes,1
reunite,1
obtain,1
superpowers,1
impartiality,1
using,1
aspect,1
coming,1
think,1
espouse,1
formation,1
understandings,1
youth,1
argument,1
reveals,1
righteousness,1
finding,1
quest,1
national,1
finally,1
aware,1
wieman,1
contributed,1
move,1
actively,1
instead,1
resembled,1
physical,1
ll,1
aristotelian,1
incidents,1
affirmation,1
attributes,1
centrality,1
defined,1
sexuality,1
testament,1
remains,1
association,1
comparison,1
observation,1
specific,1
surrender,1
oft,1
assumed,1
third,1
elites,1
negotiate,1
reached,1
early,1
cohesive,1
views,1
bounds,1
persuaded,1
interaction,1
adopted,1
develop,1
abandoned,1
appealing,1
much,1
racially,1
recalcitrant,1
strong,1
ends,1
grace,1
loyalties,1
asked,1
doing,1
perception,1
impotent,1
