WORDCOUNTS,WEIGHT
the,532
of,324
and,174
in,146
to,136
a,134
is,117
that,93
his,85
s,69
as,65
bagrov,56
for,49
her,49
p,47
by,46
this,45
ia,44
it,43
he,35
which,35
with,35
on,31
sof,30
these,29
are,28
old,28
not,27
be,27
family,26
more,26
has,25
but,24
love,24
new,24
an,24
from,23
at,22
its,22
stepan,21
aksakov,21
mikhailovich,21
or,20
nikolaevna,18
we,18
have,18
kurolesov,17
their,17
will,17
she,17
world,17
had,16
chronicle,16
only,15
when,15
who,15
if,14
narrative,14
such,14
him,14
one,13
first,13
bagrovo,13
ufa,13
been,13
all,12
however,12
fact,12
praskov,12
no,11
life,11
may,10
was,10
events,10
own,10
decline,10
would,10
segment,10
while,10
himself,9
before,9
young,9
even,9
most,9
out,9
well,9
pp,9
power,9
epic,9
can,9
does,8
marriage,8
whose,8
man,8
so,8
figure,8
husband,8
theme,8
aleksei,8
course,8
way,7
later,7
into,7
nature,7
last,7
precisely,7
richard,7
far,7
chapters,7
than,7
russian,7
earlier,7
aura,7
us,7
end,7
less,7
dynast,7
like,7
segments,7
gregg,7
years,7
true,6
there,6
some,6
human,6
they,6
master,6
without,6
basic,6
age,6
durkin,6
work,6
part,6
early,6
good,6
sense,6
female,6
any,6
different,6
little,6
given,5
now,5
heroic,5
word,5
patriarch,5
being,5
might,5
ivanovna,5
sign,5
thus,5
fourth,5
newlyweds,5
main,5
pages,5
days,5
viewed,5
cannot,5
icon,5
change,5
small,5
god,5
auerbach,5
baby,5
name,5
many,5
see,5
woman,5
father,5
values,5
herself,5
were,5
biblical,5
three,5
after,5
respect,5
mother,5
itself,5
over,5
thy,5
what,5
both,5
son,5
courtship,5
birth,5
remains,5
should,5
final,4
sergei,4
modern,4
trace,4
long,4
i,4
those,4
chapter,4
account,4
e,4
obvious,4
central,4
recalls,4
third,4
generation,4
how,4
culminating,4
parts,4
serfs,4
changes,4
image,4
literary,4
could,4
further,4
spiritual,4
having,4
place,4
contrast,4
quite,4
specifically,4
few,4
eclipse,4
wife,4
girl,4
again,4
yet,4
under,4
seems,4
same,4
narratives,4
men,4
where,4
deep,4
wilderness,4
background,4
homeric,4
clear,4
trek,4
never,4
ethic,4
becomes,4
fields,4
scarcely,4
here,4
natural,4
orenburg,4
seem,4
very,4
brilliant,4
vol,4
up,4
role,4
voyage,4
lands,4
focus,4
surroundings,3
inspection,3
alone,3
introduction,3
told,3
constitutes,3
sets,3
monolithic,3
decade,3
position,3
character,3
thematic,3
themes,3
creation,3
other,3
creator,3
primitive,3
somewhat,3
takes,3
second,3
kind,3
arisha,3
find,3
act,3
completely,3
certain,3
namely,3
repeated,3
threat,3
stands,3
pastoral,3
whom,3
called,3
passionate,3
sentimental,3
patriarchal,3
already,3
reader,3
example,3
related,3
whole,3
describe,3
people,3
novels,3
couple,3
earth,3
things,3
event,3
pregnancy,3
society,3
journey,3
short,3
indeed,3
blessed,3
play,3
judgment,3
boy,3
religious,3
omnipotence,3
recedes,3
unfolds,3
makes,3
falls,3
lord,3
begins,3
noted,3
toward,3
put,3
hand,3
autocrat,3
forth,3
day,3
discovery,3
virgin,3
entirely,3
use,3
eden,3
full,3
described,3
moral,3
eve,3
provides,3
become,3
embodied,3
genesis,3
scheming,3
relationship,3
crucial,3
male,3
affinity,3
bears,3
force,3
then,3
dimension,3
evokes,3
domestic,3
them,3
almost,3
middle,3
popular,3
through,3
subject,3
come,3
finally,3
grown,3
land,3
defined,3
testament,3
between,3
c,3
grandson,3
characters,3
diabolical,3
buguruslan,3
daughter,3
superiority,2
handsome,2
two,2
chronological,2
connivance,2
truth,2
presence,2
suitor,2
center,2
confines,2
graze,2
mashinskii,2
satisfied,2
notwithstanding,2
former,2
occurred,2
source,2
princeton,2
pioneers,2
entourage,2
women,2
t,2
undermine,2
wrong,2
mysterious,2
believe,2
grandfather,2
words,2
displacement,2
affinities,2
great,2
simple,2
closer,2
satanic,2
strength,2
erich,2
mind,2
embody,2
within,2
context,2
case,2
suicide,2
lends,2
fitting,2
tracing,2
powers,2
moscow,2
detail,2
occurring,2
mental,2
point,2
sporadically,2
gynocentric,2
framework,2
daughters,2
andrew,2
throughout,2
review,2
serf,2
facts,2
immediate,2
against,2
assumes,2
g,2
corner,2
cf,2
rooted,2
supremacy,2
tends,2
underlying,2
perspective,2
fond,2
granddaughters,2
truly,2
marvelous,2
looms,2
hardly,2
adversary,2
promised,2
surprisingly,2
york,2
thou,2
rescue,2
easily,2
opposite,2
replete,2
means,2
romantic,2
university,2
proved,2
section,2
just,2
resolute,2
weak,2
four,2
follow,2
followed,2
recur,2
mendacious,2
founding,2
dynastic,2
view,2
thrust,2
conquest,2
standards,2
formidable,2
attentions,2
lead,2
superhuman,2
perennially,2
resembles,2
niece,2
punishment,2
feels,2
unimpeachable,2
understood,2
province,2
feuer,2
scale,2
absolute,2
opposition,2
triumph,2
scene,2
aging,2
diminution,2
protected,2
arrives,2
decides,2
proportions,2
apparent,2
during,2
partly,2
translated,2
member,2
rage,2
describing,2
deity,2
buildings,2
order,2
fury,2
phrase,2
visible,2
estates,2
despite,2
diminished,2
finds,2
settlers,2
therefore,2
likely,2
sovereign,2
variety,2
absence,2
action,2
analogue,2
still,2
above,2
garden,2
positive,2
riches,2
once,2
incursion,2
devotion,2
fifth,2
disastrous,2
acting,2
symptomatic,2
home,2
fiancee,2
passionately,2
colored,2
unusually,2
fell,2
think,2
mark,2
death,2
ailing,2
maternal,2
epithets,2
lacks,2
inevitably,2
time,2
jehovah,2
flocks,2
reasons,2
readers,2
dedushka,2
evoke,2
do,2
present,2
emotion,2
generic,2
number,2
civilized,2
another,2
hesitate,2
omnipotent,2
excerpt,2
apt,2
discussion,2
zubin,2
genres,2
temperamental,2
region,2
fictional,2
manifestations,2
medium,2
robinson,2
bed,2
recovery,2
low,2
significance,2
peripheral,2
dominated,2
amounts,2
fresh,2
antiquity,2
latter,2
eyes,2
archetypes,2
farmstead,2
anger,2
bygone,2
admire,2
circle,2
me,2
wisdom,2
provide,2
sometimes,2
dimensions,2
adored,2
seen,2
detailed,2
often,2
satisfaction,2
surprising,2
creatures,2
recalling,2
rises,2
forests,2
acquired,2
anthropomorphic,2
proof,2
terrible,2
suffers,2
physical,2
text,2
acumen,2
know,2
removed,2
principle,2
control,2
each,2
sure,2
parental,2
migration,2
novel,2
setting,2
down,2
emergence,2
build,2
rehearses,2
places,2
person,2
stature,2
knows,2
transparent,2
unique,2
terms,2
form,2
comes,2
attitudes,2
platonic,2
levitt,2
indifference,2
rectitude,2
infant,2
nj,2
peace,2
wedding,2
press,2
conventional,2
childhood,2
our,2
question,2
youth,2
touch,2
parallels,2
offer,2
crafty,2
shift,2
heroine,2
offered,2
pioneering,2
virginal,2
tolstoy,2
nativity,2
dark,2
traditional,2
much,2
among,2
recent,2
virtue,2
built,2
close,2
major,2
resolve,1
rassypalsia,1
ending,1
regnant,1
frail,1
produces,1
surround,1
declension,1
child,1
page,1
limits,1
bride,1
obstacle,1
difficult,1
common,1
drunken,1
important,1
fertile,1
serpent,1
katerina,1
develops,1
responds,1
scholar,1
till,1
created,1
rages,1
distress,1
spiteful,1
episodes,1
fiction,1
arrive,1
fences,1
despairing,1
juvenescence,1
chthonic,1
exemplars,1
thibaults,1
firstborn,1
notably,1
passing,1
expect,1
minutes,1
church,1
large,1
steadfast,1
discover,1
iliad,1
judged,1
perpetuate,1
integrity,1
fittingly,1
myth,1
enhance,1
identify,1
remind,1
recollects,1
cherished,1
authority,1
prepiatsviia,1
martyrdom,1
oracle,1
sudden,1
tense,1
marcus,1
favor,1
lettre,1
considerations,1
deny,1
apprised,1
resourcefulness,1
western,1
outmaneuvered,1
history,1
unlike,1
title,1
eastward,1
quarrels,1
tells,1
biographical,1
revered,1
archetypal,1
nonetheless,1
societal,1
du,1
convulsion,1
agitated,1
permitted,1
wilt,1
disturbances,1
chooses,1
test,1
brutal,1
predominantly,1
ethics,1
uprising,1
romance,1
anything,1
terrestial,1
picturesque,1
beneficial,1
stricture,1
every,1
simplicities,1
posed,1
fabula,1
straddles,1
derives,1
ii,1
suave,1
give,1
colors,1
digressive,1
estate,1
feeling,1
regimen,1
possesses,1
conflict,1
indulgent,1
beautiful,1
reassuringly,1
ourselves,1
diseases,1
j,1
senseless,1
hour,1
tenthe,1
comedy,1
resemblance,1
company,1
condoned,1
melkii,1
impute,1
attractive,1
prayed,1
thyself,1
tradition,1
skills,1
assess,1
advantage,1
succeeds,1
governed,1
undertake,1
gradual,1
fortunes,1
blind,1
assembled,1
senses,1
achievement,1
confront,1
borne,1
cavalier,1
disappearance,1
proves,1
hundred,1
impious,1
arms,1
launched,1
uncovered,1
liturgy,1
festivities,1
gestures,1
take,1
loves,1
victors,1
liubov,1
chauvinistic,1
copious,1
conjugal,1
kyrie,1
harrowing,1
kumys,1
persistence,1
stupid,1
emphasized,1
greatly,1
respond,1
concepts,1
childish,1
debut,1
demeanor,1
normal,1
stupendous,1
letting,1
ambiguous,1
signs,1
whim,1
horseback,1
el,1
fulfilling,1
similarities,1
nomadic,1
surpasses,1
promptings,1
side,1
synchronic,1
depending,1
resemblances,1
catching,1
east,1
captures,1
motion,1
verne,1
planted,1
reassert,1
mass,1
iv,1
lofty,1
pozdorovel,1
leisurely,1
embarks,1
felt,1
capable,1
delivers,1
chronicler,1
instincts,1
condition,1
mikhail,1
burning,1
object,1
emu,1
move,1
dinner,1
crowned,1
deceit,1
laconic,1
epidemic,1
taking,1
eulogist,1
besom,1
litigious,1
say,1
obstetrician,1
afoul,1
monopoly,1
loosely,1
nechistii,1
cited,1
compares,1
vasha,1
promises,1
narrator,1
appease,1
awaits,1
accustomed,1
beneath,1
dignity,1
sketched,1
opposes,1
pseudocontradiction,1
celebrate,1
congruence,1
prejudice,1
pillar,1
guilty,1
eschewing,1
acres,1
repeatedly,1
piedmont,1
goal,1
eleison,1
icons,1
uprooting,1
collapse,1
married,1
matlaw,1
reciting,1
ingratiate,1
peculiarities,1
spectrum,1
dynamics,1
inner,1
ethical,1
forfeits,1
extinguished,1
pursue,1
run,1
bent,1
observes,1
since,1
bes,1
analyzing,1
sentimentalism,1
personalities,1
de,1
afflatus,1
author,1
confer,1
cramped,1
novelistic,1
seismic,1
neighbors,1
intact,1
interest,1
forgotten,1
domain,1
characteristic,1
storehouse,1
viewing,1
sadistic,1
unfailingly,1
veneer,1
grouped,1
taper,1
quondam,1
bounty,1
ploughing,1
taste,1
deepest,1
duff,1
turn,1
bacon,1
refuses,1
sallies,1
affectionate,1
union,1
decisions,1
handiwork,1
unhappiness,1
late,1
deeds,1
transcends,1
seeing,1
crosses,1
bereaved,1
turbid,1
scrambles,1
laska,1
body,1
speed,1
modernity,1
honesty,1
six,1
elicit,1
afrosin,1
unchanged,1
twice,1
damsel,1
drives,1
rounding,1
undertaking,1
paterfamilias,1
swiss,1
nechistaia,1
obscure,1
pardonable,1
journal,1
look,1
spite,1
marital,1
apparently,1
deeply,1
repudiated,1
occasion,1
lthough,1
traits,1
savage,1
weakness,1
quells,1
influence,1
throngs,1
parlance,1
proviso,1
staryi,1
depths,1
incidental,1
pliable,1
subversive,1
van,1
failed,1
live,1
volga,1
stepmother,1
builder,1
profoundly,1
wishes,1
recognized,1
simplified,1
german,1
likeness,1
adores,1
obtuseness,1
supernatural,1
resists,1
horseman,1
english,1
preodolela,1
ulbandus,1
absent,1
superficial,1
essence,1
respectful,1
excerpts,1
adapt,1
incipient,1
reverential,1
purged,1
calculation,1
pause,1
exercise,1
lasting,1
dismay,1
sorceress,1
granted,1
locks,1
ex,1
kiss,1
strands,1
importance,1
b,1
direct,1
hearing,1
sick,1
special,1
study,1
beats,1
bosom,1
lay,1
impressed,1
deserting,1
feel,1
animals,1
space,1
absorbed,1
moves,1
fade,1
ordeal,1
reason,1
lives,1
brunswick,1
fervently,1
defies,1
colonizing,1
win,1
rumors,1
dolls,1
affect,1
dutton,1
servants,1
marks,1
auspicious,1
immemorial,1
triumphant,1
eventually,1
familiar,1
peasants,1
otherwise,1
consolidate,1
resiliency,1
edition,1
odyssey,1
spontaneously,1
tying,1
invariably,1
sheer,1
comity,1
fore,1
quarters,1
too,1
exemplify,1
advancing,1
cousins,1
show,1
commonly,1
conqueror,1
piety,1
ugly,1
powerful,1
surface,1
beyond,1
exceed,1
enamored,1
consequence,1
melville,1
exploitation,1
welled,1
guidance,1
pious,1
care,1
m,1
courtly,1
antecedents,1
suggested,1
admiration,1
drawing,1
iconography,1
thinks,1
holdings,1
whereas,1
edens,1
avant,1
uses,1
result,1
my,1
klaus,1
arrival,1
gesellschaft,1
dichtung,1
critic,1
heavenly,1
found,1
tormentor,1
entering,1
derivatives,1
erosion,1
hands,1
expanses,1
joy,1
serge,1
henceforth,1
docile,1
foreground,1
vulnerability,1
stereotype,1
demands,1
scenes,1
furious,1
teeming,1
shared,1
wholly,1
relays,1
primacy,1
requirements,1
dispute,1
cosmogony,1
overtures,1
impaired,1
configuration,1
poem,1
emerge,1
accompany,1
brightly,1
suits,1
respects,1
unthinkable,1
disobey,1
urbanization,1
cups,1
pure,1
knit,1
outset,1
traced,1
informed,1
though,1
equal,1
sympathetically,1
focused,1
healthy,1
war,1
fulfillment,1
sharply,1
dynasty,1
appears,1
recently,1
saltykovshchedrin,1
sentence,1
intensity,1
dispersal,1
meet,1
suffered,1
applied,1
eternally,1
younger,1
grounds,1
energy,1
vivid,1
record,1
kurolesit,1
tension,1
explain,1
wahrheit,1
duly,1
benign,1
types,1
expressions,1
criteria,1
briefly,1
because,1
kathryn,1
feminine,1
xix,1
vanitatum,1
suspended,1
none,1
rescues,1
filthy,1
inferred,1
lapses,1
zubina,1
vse,1
contexts,1
wildernesses,1
circumstantial,1
orchestrate,1
start,1
locus,1
galsworthy,1
heart,1
orgy,1
psychological,1
parashino,1
purpose,1
vincit,1
compass,1
slavophile,1
confined,1
comment,1
exemplifies,1
thoughts,1
ecologist,1
emotional,1
poliubil,1
shocking,1
loss,1
year,1
literature,1
tale,1
island,1
older,1
fail,1
expansive,1
constitute,1
accidental,1
records,1
unmistakable,1
actually,1
underscored,1
compensation,1
colossal,1
licit,1
prisoner,1
feigned,1
et,1
forces,1
away,1
surrounding,1
admirers,1
riding,1
hubris,1
nor,1
folklore,1
idyllic,1
metes,1
status,1
wheat,1
stern,1
relative,1
holy,1
freshness,1
strongest,1
roil,1
olden,1
misguided,1
manifestation,1
misplaced,1
regions,1
messenger,1
depicting,1
lifted,1
squabbling,1
multiplicity,1
published,1
responses,1
crotchety,1
attorney,1
changeth,1
azure,1
nephew,1
least,1
infallible,1
peopled,1
viable,1
successful,1
caused,1
syndrome,1
fulfilled,1
hard,1
sharper,1
chateaubriand,1
constituent,1
questionable,1
wildly,1
reinforces,1
brave,1
rebukes,1
stage,1
wellbeing,1
coupled,1
next,1
behold,1
capriciousness,1
grass,1
emphasizes,1
rutgers,1
night,1
sagas,1
chort,1
several,1
gauche,1
leaves,1
endowed,1
la,1
accomplished,1
truisms,1
feelings,1
buffoonish,1
components,1
flena,1
executed,1
folk,1
cool,1
disaster,1
acts,1
reaping,1
observe,1
amor,1
denotes,1
shadows,1
motherhood,1
petitions,1
machina,1
unhurried,1
core,1
fully,1
prerogatives,1
orthodox,1
sullied,1
cattle,1
results,1
appurtenances,1
using,1
transmuted,1
vent,1
reciprocated,1
mischief,1
beauty,1
appropriate,1
steppes,1
newly,1
dency,1
passive,1
parenthetically,1
moved,1
inconceivable,1
golovlevs,1
retreating,1
enjoy,1
geographical,1
activities,1
molodets,1
smitten,1
tormented,1
prescribed,1
typee,1
domesticity,1
mimetic,1
f,1
heretofore,1
verb,1
indicated,1
brightest,1
critics,1
pugachev,1
joyous,1
dorados,1
various,1
entitled,1
taken,1
bred,1
gardees,1
religion,1
happy,1
appearances,1
hinge,1
breaches,1
schemes,1
return,1
classic,1
unequals,1
brief,1
commit,1
ten,1
famous,1
inand,1
forbidden,1
sochinenii,1
reduce,1
trample,1
bond,1
charm,1
strife,1
standing,1
backdrop,1
neat,1
ask,1
deliverer,1
direction,1
southeast,1
nonromantic,1
languishing,1
apocalypse,1
guide,1
simbirsk,1
depicted,1
springs,1
gospel,1
elaboration,1
toutes,1
externalized,1
signally,1
intense,1
sociologists,1
deus,1
read,1
happened,1
suspicious,1
serve,1
evil,1
plough,1
array,1
crochety,1
slavic,1
manor,1
challenged,1
ne,1
hilly,1
neither,1
perceived,1
shook,1
ancestress,1
positively,1
unheralded,1
complete,1
battered,1
ashamed,1
friendship,1
exalt,1
veritable,1
contempt,1
tricks,1
touching,1
reports,1
andreevna,1
speaking,1
memorable,1
rise,1
betrothal,1
awe,1
displaces,1
picture,1
affections,1
misery,1
transvaluation,1
chose,1
invests,1
gentleman,1
tries,1
members,1
oral,1
fire,1
also,1
tour,1
paul,1
suit,1
courageous,1
comparison,1
stronger,1
limit,1
pathetically,1
selfish,1
others,1
similarly,1
misfortunes,1
motifs,1
experienced,1
daring,1
successively,1
generously,1
ban,1
swain,1
doren,1
stepanovich,1
gravely,1
longer,1
culprit,1
stories,1
treatment,1
contrasts,1
fundamental,1
conduct,1
head,1
revolution,1
occurrence,1
relates,1
wellspoken,1
fortiori,1
powerless,1
witnesses,1
crop,1
distance,1
choice,1
sobranie,1
educated,1
daily,1
diverse,1
preferring,1
emphatic,1
personality,1
everything,1
contemporary,1
bol,1
prosaic,1
pattern,1
thwarting,1
flighty,1
serious,1
arcadias,1
removal,1
angels,1
virginie,1
faints,1
forms,1
belongings,1
learn,1
miraculously,1
remarkable,1
manner,1
circumstantially,1
creature,1
secular,1
continuing,1
inroads,1
receives,1
renaissance,1
parent,1
homer,1
explicit,1
viii,1
necessary,1
maturity,1
swing,1
chronologically,1
native,1
meting,1
ignoring,1
mercy,1
style,1
gives,1
reconciled,1
counterpart,1
follows,1
shifts,1
beverley,1
going,1
free,1
antichrist,1
forsytes,1
obsession,1
convenient,1
enfeebled,1
feverish,1
understanding,1
mean,1
ignored,1
vast,1
intimate,1
ambiance,1
upon,1
sober,1
speculates,1
helps,1
cult,1
sides,1
servant,1
sacrilegious,1
persecutions,1
obedient,1
alas,1
delicate,1
desperate,1
enormous,1
solomonic,1
manservant,1
chauvinist,1
strongly,1
judge,1
ruling,1
exploits,1
concern,1
imbued,1
potentate,1
expression,1
angle,1
rivers,1
shalt,1
manipulation,1
sequence,1
ideas,1
prominently,1
exhibited,1
continue,1
supposition,1
dispiriting,1
wyss,1
chosen,1
imagery,1
sic,1
reinforcing,1
pampered,1
initiatives,1
arguably,1
defect,1
distortion,1
meanings,1
discovered,1
truths,1
provoked,1
reality,1
fades,1
dukh,1
lakes,1
faces,1
gothic,1
individual,1
times,1
pride,1
admirer,1
confers,1
parasha,1
high,1
risen,1
miracle,1
cheprunova,1
obtained,1
stages,1
lie,1
maksimovich,1
filled,1
scandalmonger,1
spirits,1
ruler,1
illicit,1
unheard,1
connects,1
doubted,1
managerial,1
ural,1
martin,1
accused,1
meddlesome,1
mettle,1
faith,1
sanity,1
problems,1
realist,1
enlightenment,1
article,1
silly,1
commentators,1
qualities,1
seductively,1
barefoot,1
assures,1
uncouth,1
relation,1
insularity,1
interpretations,1
overcome,1
respectively,1
wise,1
smacks,1
exactly,1
deliberate,1
effect,1
assigning,1
structure,1
january,1
v,1
beneficent,1
slightly,1
ensure,1
ruck,1
figures,1
confesses,1
famine,1
propose,1
darker,1
vain,1
decay,1
crusoe,1
opinions,1
stereotypes,1
vanitas,1
offspring,1
authentically,1
visit,1
increasing,1
fails,1
scattered,1
european,1
infuriated,1
petulant,1
kheraskov,1
yields,1
suggestion,1
christian,1
disregards,1
beset,1
informs,1
imply,1
omnia,1
jealously,1
transformations,1
note,1
succinctly,1
continued,1
vicissitudes,1
bold,1
five,1
plays,1
naturally,1
impressive,1
informing,1
suggestive,1
delighted,1
claimed,1
abject,1
fear,1
spouse,1
begin,1
qualifies,1
foreword,1
versts,1
playing,1
recognizes,1
ordinary,1
shrew,1
slow,1
outburst,1
investigators,1
exceptional,1
success,1
siuzhet,1
embodying,1
visual,1
oddly,1
thirteen,1
excited,1
recognize,1
incredulity,1
gullible,1
length,1
capacious,1
traveled,1
soboi,1
bloodthirsty,1
idyll,1
inspired,1
responsible,1
telom,1
extra,1
pristine,1
paternal,1
fall,1
inferior,1
discord,1
tempter,1
frontier,1
dead,1
endure,1
courage,1
muted,1
constants,1
beauties,1
months,1
face,1
worlds,1
erupts,1
unusual,1
sound,1
regularly,1
slowness,1
bernardin,1
recognizably,1
repellent,1
meal,1
hasten,1
sections,1
inspect,1
neglected,1
seriously,1
punished,1
openly,1
tirelessly,1
senior,1
impulse,1
antecedent,1
etymologically,1
mann,1
conclusion,1
russians,1
analogues,1
tebia,1
flattering,1
untamed,1
circumstances,1
founded,1
tolkien,1
duress,1
continues,1
soil,1
pace,1
discrepancy,1
grandfatherly,1
thousand,1
grazing,1
sonia,1
bronze,1
ralph,1
noninvolvement,1
carl,1
shepherds,1
patently,1
loving,1
symbol,1
mow,1
brat,1
calamity,1
command,1
set,1
polyvalence,1
couples,1
bright,1
triptych,1
why,1
labeling,1
quickly,1
obetovannyi,1
enters,1
ploughed,1
introducing,1
stuns,1
perceptive,1
shares,1
meadows,1
connection,1
exploration,1
flattery,1
deceive,1
gone,1
did,1
best,1
villain,1
expense,1
half,1
surprised,1
returns,1
loyalty,1
vanishes,1
incredulous,1
foundation,1
iii,1
mediocrity,1
privileged,1
unspoiled,1
visits,1
fourfold,1
sum,1
pictures,1
fears,1
past,1
anomalous,1
innumerable,1
russia,1
rural,1
works,1
type,1
bewilderment,1
inspires,1
merely,1
better,1
qualitatively,1
rossiada,1
beginning,1
according,1
unlikely,1
applaud,1
evocation,1
nominal,1
reign,1
implicit,1
relents,1
attenuating,1
doings,1
twisted,1
references,1
yielded,1
juxtaposed,1
grief,1
ceased,1
tightly,1
pereselenie,1
notes,1
loved,1
surveying,1
waters,1
sowing,1
periphery,1
remedies,1
pitted,1
emblematic,1
melkim,1
esthetic,1
urban,1
art,1
travel,1
genre,1
panegyric,1
lurks,1
gratitude,1
autocratic,1
romantically,1
proudly,1
bought,1
denouement,1
providential,1
demonic,1
must,1
preserved,1
villainous,1
altered,1
ill,1
ancestral,1
conclude,1
excesses,1
city,1
unkind,1
charisma,1
became,1
uninhibited,1
easy,1
endlessly,1
giving,1
manifold,1
plans,1
senescence,1
step,1
ignorant,1
substance,1
garde,1
guile,1
possessions,1
obtain,1
tender,1
equipped,1
allows,1
representation,1
mimesis,1
writing,1
gain,1
coming,1
varied,1
cruelty,1
complaints,1
sexist,1
luxurious,1
chaste,1
proceeds,1
energies,1
wild,1
dint,1
devoted,1
laments,1
ultimately,1
until,1
obliged,1
atala,1
survival,1
discourages,1
reveals,1
marry,1
triumphed,1
advent,1
maidservant,1
charms,1
opens,1
strikingly,1
iconic,1
mode,1
alekseevna,1
motives,1
mikahilovich,1
register,1
insight,1
prolonged,1
exclaims,1
actively,1
matchaleksei,1
buddenbrooks,1
include,1
although,1
typically,1
wooed,1
realism,1
consolidated,1
cooper,1
define,1
d,1
crimes,1
need,1
green,1
constructed,1
etiquette,1
irrefutable,1
smaller,1
perpetrator,1
states,1
obstacles,1
crossed,1
punitive,1
variously,1
effects,1
prospect,1
defiance,1
hypocrisies,1
detests,1
recital,1
morning,1
doubtless,1
portrait,1
morally,1
vi,1
indoor,1
evoked,1
news,1
spacious,1
surrender,1
thingshe,1
certainty,1
compounded,1
glimpse,1
harassed,1
recounted,1
single,1
tribes,1
urbane,1
ascendancy,1
redolent,1
vary,1
create,1
embraces,1
substantial,1
puts,1
rein,1
valley,1
absences,1
heir,1
images,1
immediately,1
strong,1
seek,1
liubili,1
ends,1
leitmotif,1
copiously,1
sila,1
beings,1
cross,1
fictions,1
building,1
doing,1
roles,1
jealous,1
deeper,1
richly,1
heterogeneous,1
