WORDCOUNTS,WEIGHT
the,1273
of,714
to,496
in,429
and,406
a,310
is,267
that,261
b,224
it,204
not,164
we,157
as,156
be,154
for,151
this,151
i,115
with,111
empedocles,111
have,108
which,107
are,105
on,97
by,94
p,90
from,88
strife,85
love,82
if,77
he,75
or,74
may,73
but,71
see,71
his,67
would,66
elements,65
has,63
one,63
cosmos,63
v,60
what,60
world,56
our,54
there,51
no,51
fragments,51
s,50
was,48
more,47
present,47
e,46
cf,46
also,45
at,44
an,44
its,44
other,44
simplicius,43
they,42
all,42
de,42
beings,41
cycle,40
about,40
must,40
aristotle,38
us,37
these,37
even,36
their,36
cosmogony,36
only,36
yet,34
here,34
should,34
after,33
into,32
point,32
living,32
n,32
account,31
where,31
were,31
them,31
first,30
cypris,30
cosmic,30
can,30
two,29
up,28
sphairos,28
been,28
had,27
being,27
above,27
such,27
than,27
f,27
so,27
how,26
place,26
raven,26
when,25
same,24
caelo,24
passages,24
now,23
seems,23
condition,23
well,23
fragment,22
however,22
out,22
pp,22
do,22
phase,21
r,21
earth,21
whether,21
o,20
while,20
forms,20
another,20
evidence,20
since,19
too,19
four,19
could,19
stage,19
know,19
passage,19
through,19
thought,19
does,18
might,18
some,18
power,18
much,18
cit,17
book,17
x,17
find,17
ov,17
still,17
without,17
genesis,17
dual,17
her,17
both,17
between,17
t,16
origin,16
say,16
l,16
again,16
idea,16
neikos,16
mixture,16
lines,16
who,16
argument,16
most,15
my,15
found,15
part,15
good,15
etc,15
fact,15
op,15
things,15
different,15
very,15
dk,15
use,14
word,14
before,14
said,14
creation,14
opposite,14
himself,14
kind,14
refer,14
reason,14
work,14
reconstruction,14
aetius,14
fire,14
physical,14
although,14
context,13
far,13
poem,13
cannot,13
sense,13
below,13
second,13
made,13
stages,13
statement,13
think,13
separation,12
together,12
reproduction,12
make,12
vv,12
complete,12
perhaps,12
note,12
diels,12
theory,12
beginning,12
tissues,12
c,12
way,11
composition,11
those,11
possible,11
cosmological,11
g,11
parmenides,11
hardly,11
whose,11
under,11
bignone,11
rule,11
heaven,11
mixing,11
phys,11
read,11
described,11
evolutionary,11
text,11
did,11
better,11
formation,11
later,10
tradition,10
last,10
reference,10
process,10
view,10
possibility,10
having,10
will,10
says,10
put,10
interpretation,10
end,10
keep,10
presocratic,10
philotes,10
itself,10
paper,10
burnet,10
just,9
large,9
words,9
principles,9
u,9
development,9
sun,9
phases,9
essential,9
rather,9
certain,9
important,9
opinion,9
used,9
correct,9
ancient,9
actually,9
probably,9
motif,9
any,9
section,9
sea,9
come,9
question,9
early,9
entire,9
given,9
scheme,8
case,8
existence,8
regarding,8
against,8
plato,8
like,8
testimony,8
statements,8
similar,8
parts,8
placed,8
basis,8
line,8
indeed,8
forward,8
verses,8
biological,8
loc,8
once,8
ev,8
many,8
time,8
identical,8
own,8
upon,8
refers,8
nothing,8
latter,8
seen,8
life,8
report,8
ff,8
form,8
accept,8
course,8
re,8
close,8
meaning,7
created,7
separated,7
truth,7
long,7
ii,7
taken,7
nature,7
reasons,7
state,7
mortal,7
bones,7
sexual,7
surely,7
millerd,7
developments,7
y,7
moreover,7
consider,7
clearly,7
air,7
respiration,7
mixtures,7
subjects,7
came,7
late,7
further,7
let,7
rest,7
few,7
am,7
arist,7
makes,7
xal,7
others,7
shows,7
new,7
doubt,7
pattern,7
flesh,7
material,7
realize,7
sequence,7
him,7
imagination,7
reading,7
information,7
cherniss,7
subject,7
went,7
explanation,7
need,7
gen,7
create,7
hypothesis,7
entities,6
holscher,6
likely,6
h,6
position,6
something,6
anything,6
belong,6
iv,6
right,6
combination,6
thus,6
includes,6
reverse,6
due,6
mixed,6
back,6
shall,6
influence,6
von,6
nor,6
additional,6
relating,6
though,6
creates,6
because,6
wilamowitz,6
brought,6
esp,6
thoughts,6
description,6
et,6
next,6
led,6
arrangement,6
workmanship,6
stated,6
similarly,6
reasoning,6
considerable,6
fashion,6
necessary,6
number,6
ibid,6
treated,6
wonder,6
assume,6
processes,6
shortly,6
clear,6
period,6
zoogony,6
repeated,6
include,6
become,6
effect,6
themselves,6
why,6
less,6
arnim,6
kosmos,6
animal,6
limbs,6
phenomena,6
presented,6
little,6
arguments,6
d,6
specific,6
evidently,6
indicated,5
groups,5
introduction,5
great,5
compounds,5
follows,5
take,5
creator,5
el,5
light,5
genetic,5
apply,5
excursus,5
topic,5
hermes,5
look,5
details,5
operation,5
main,5
doctrine,5
earlier,5
importance,5
understand,5
instance,5
allow,5
called,5
events,5
relate,5
term,5
fourth,5
understood,5
kranz,5
differentiation,5
enough,5
related,5
preceded,5
describing,5
xo,5
order,5
exclude,5
quite,5
describes,5
eternal,5
variety,5
direction,5
neither,5
ed,5
motifs,5
water,5
speaks,5
oc,5
accepted,5
discussion,5
completed,5
including,5
karsten,5
increase,5
entirely,5
confidence,5
variation,5
three,5
discussed,5
corr,5
helpful,5
arise,5
relation,5
physiological,5
dealing,5
means,5
blood,5
detail,5
meant,5
then,5
conclusion,5
comes,5
each,5
seem,5
regard,5
historical,5
quoted,5
according,5
problem,5
rendering,5
functions,5
wish,5
built,5
metaph,4
prefer,4
needed,4
true,4
completely,4
trace,4
organic,4
leads,4
philosophers,4
certainly,4
human,4
give,4
ourselves,4
possibilities,4
broken,4
confusion,4
nevertheless,4
help,4
introduces,4
somewhat,4
mind,4
firm,4
illustrate,4
vital,4
explained,4
difficulties,4
characteristic,4
held,4
turn,4
concerning,4
groningen,4
third,4
lf,4
perfect,4
van,4
authority,4
go,4
basic,4
mean,4
active,4
leave,4
derived,4
familiar,4
presumably,4
follow,4
passed,4
generally,4
stands,4
thinks,4
closely,4
testimonies,4
moon,4
pov,4
deal,4
produced,4
verse,4
near,4
calls,4
fit,4
accord,4
formations,4
miss,4
wished,4
aol,4
observe,4
zeller,4
appropriate,4
finds,4
brief,4
comments,4
suppose,4
represents,4
soon,4
rightly,4
al,4
toward,4
creative,4
ought,4
everything,4
outside,4
covered,4
answer,4
distance,4
physicists,4
identity,4
hypotheses,4
causes,4
doxographers,4
belongs,4
general,4
remark,4
k,4
story,4
relative,4
entitled,4
me,4
crucial,4
began,4
empedoclean,4
contribution,4
remaining,4
often,4
hope,4
instances,4
alternative,4
set,4
believe,4
gone,4
best,4
appendix,4
half,4
particularly,4
places,4
following,4
knows,4
wit,4
particular,4
add,4
balance,4
almost,4
suggests,4
cosmogonies,4
preserved,4
parmenidean,4
die,4
assumptions,4
using,4
coming,4
yap,4
finally,4
aware,4
doxographic,4
product,4
reached,4
recent,4
dine,4
difficult,3
done,3
concerned,3
nec,3
cornford,3
easily,3
incidentally,3
justified,3
history,3
holding,3
fashioning,3
else,3
wrong,3
repeatedly,3
colors,3
j,3
definition,3
attractive,3
procedure,3
comparative,3
tv,3
within,3
ad,3
system,3
side,3
proceed,3
suspect,3
establishes,3
unmixed,3
task,3
discuss,3
wonders,3
prior,3
capable,3
activity,3
solely,3
obvious,3
apart,3
except,3
uncertain,3
thinkers,3
diversity,3
mistake,3
expect,3
countless,3
realized,3
adduced,3
distinct,3
body,3
compare,3
impressions,3
unmoved,3
goes,3
connected,3
lacking,3
origins,3
animals,3
references,3
established,3
former,3
w,3
show,3
ne,3
indications,3
followed,3
whereas,3
moving,3
result,3
whom,3
bearing,3
entered,3
sequel,3
item,3
pass,3
equally,3
fusion,3
katharmoi,3
analogous,3
scale,3
explain,3
method,3
vo,3
impression,3
technical,3
keeping,3
concept,3
unless,3
purpose,3
interpreters,3
whole,3
describe,3
previously,3
hard,3
suggest,3
around,3
sole,3
essentially,3
doctrines,3
organs,3
cx,3
matter,3
lev,3
whatever,3
degree,3
single,3
criticism,3
loq,3
sex,3
included,3
reports,3
aggregates,3
death,3
admit,3
treatment,3
scholars,3
took,3
establish,3
ao,3
gives,3
subdued,3
tenets,3
scil,3
questions,3
assign,3
continue,3
characterized,3
function,3
kept,3
especially,3
article,3
astonishing,3
save,3
attention,3
greek,3
la,3
decision,3
mss,3
separate,3
carried,3
suggestion,3
she,3
sometimes,3
gv,3
begin,3
lost,3
originated,3
responsible,3
creatures,3
considered,3
matters,3
differentiated,3
sexes,3
thinking,3
associated,3
conditions,3
masses,3
organization,3
der,3
plutarch,3
natural,3
aphrodite,3
introducing,3
interested,3
returns,3
sc,3
theology,3
audience,3
separating,3
fail,3
works,3
terms,3
plants,3
quote,3
maintain,3
heraclitus,3
firmly,3
unnecessary,3
minar,3
remember,3
balances,3
thereby,3
role,3
convinced,3
tried,3
perspective,3
champions,3
varied,3
relates,3
shown,3
difference,3
similarity,3
philos,3
anim,3
jaeger,3
land,3
you,3
speak,3
observation,3
supply,3
views,3
strong,3
looking,3
misunderstanding,2
final,2
frequent,2
xet,2
produces,2
apo,2
concern,2
pull,2
represent,2
extreme,2
happen,2
alone,2
combine,2
starts,2
manuscript,2
likewise,2
ample,2
referring,2
alive,2
asserted,2
hesitates,2
unanswered,2
specified,2
ux,2
favor,2
satisfied,2
spirit,2
reasonably,2
presents,2
turns,2
ae,2
ou,2
descriptions,2
eye,2
leipzig,2
rl,2
consistent,2
awkwardness,2
xol,2
preceding,2
fertile,2
originally,2
implications,2
anywhere,2
worked,2
rational,2
advanced,2
departure,2
saves,2
reach,2
leading,2
differences,2
achievement,2
studied,2
able,2
proves,2
farther,2
closer,2
ol,2
tx,2
phronesis,2
xx,2
lv,2
precisely,2
concepts,2
favoring,2
committed,2
issue,2
pl,2
yxp,2
misreading,2
restoring,2
felt,2
implies,2
excursuses,2
indicating,2
laws,2
cited,2
radical,2
desirable,2
along,2
enter,2
collection,2
behavior,2
phenomenal,2
daimon,2
learned,2
conflict,2
goal,2
throughout,2
denying,2
rv,2
accounted,2
viv,2
author,2
group,2
divine,2
interest,2
regarded,2
relations,2
te,2
bone,2
concentric,2
century,2
anaxagoras,2
nr,2
priority,2
items,2
turned,2
depend,2
contrary,2
merit,2
myth,2
left,2
competition,2
error,2
behave,2
gaining,2
builder,2
wishes,2
operations,2
uev,2
exact,2
ra,2
unit,2
whirl,2
presentation,2
myself,2
knew,2
dealt,2
sbba,2
thing,2
direct,2
disintegration,2
study,2
illustrations,2
evolution,2
dismiss,2
soul,2
settled,2
day,2
plus,2
neutral,2
proved,2
elsewhere,2
etl,2
unavoidable,2
initiative,2
oi,2
beyond,2
points,2
always,2
suggested,2
greater,2
gregory,2
priori,2
discount,2
heavenly,2
strength,2
combinations,2
amsterdam,2
theophrastus,2
philosophical,2
akademie,2
equal,2
ignorance,2
saving,2
premise,2
ascendance,2
misconstruction,2
eliminate,2
briefly,2
xix,2
weight,2
correctly,2
data,2
weinberg,2
received,2
repetition,2
ku,2
future,2
explains,2
gave,2
consistently,2
positing,2
during,2
contains,2
speaking,2
diller,2
colleague,2
call,2
vro,2
somewhere,2
corollary,2
plurality,2
showing,2
resort,2
xxl,2
manifestation,2
detailed,2
creating,2
eine,2
corresponds,2
poet,2
reaches,2
every,2
consensus,2
rr,2
ordnung,2
presence,2
peak,2
impossible,2
fashions,2
customary,2
visible,2
progress,2
cosmology,2
necessity,2
ot,2
value,2
tannery,2
inform,2
avoid,2
content,2
snails,2
specifying,2
critical,2
overtax,2
vlastos,2
furnished,2
situation,2
comment,2
gather,2
tempted,2
limited,2
return,2
appreciate,2
prevailing,2
returning,2
step,2
convince,2
experiences,2
fair,2
happened,2
continuity,2
auv,2
aristophanes,2
thesis,2
intelligible,2
repetitions,2
propounded,2
ro,2
experiment,2
already,2
wisconsin,2
insights,2
begins,2
arranging,2
fill,2
starting,2
recall,2
ask,2
xoa,2
fundamental,2
xlv,2
statesman,2
dummler,2
remain,2
venture,2
man,2
never,2
conclusions,2
lov,2
hand,2
trot,2
centre,2
manner,2
continuing,2
relevant,2
real,2
forth,2
refuted,2
thoroughly,2
remained,2
remove,2
cpu,2
birth,2
organisms,2
owe,2
anaximander,2
herself,2
empirical,2
unfortunately,2
assumption,2
vc,2
ideas,2
actual,2
prelude,2
full,2
dismissed,2
advantages,2
dl,2
deduce,2
reality,2
adding,2
rcov,2
language,2
tl,2
agreement,2
definitely,2
counter,2
physics,2
heat,2
ended,2
contributed,2
probable,2
epoch,2
refering,2
glaring,2
decide,2
nederlandse,2
eyes,2
parallel,2
realm,2
topics,2
teach,2
construction,2
learn,2
looks,2
fe,2
destruction,2
justice,2
increasing,2
consists,2
off,2
simplic,2
dominates,2
oq,2
stars,2
science,2
movements,2
inside,2
attitude,2
contrast,2
confine,2
ch,2
try,2
changes,2
paragraphs,2
worlds,2
uol,2
sound,2
regularly,2
populate,2
proof,2
takes,2
tov,2
grounds,2
version,2
nctxoq,2
contradiction,2
ever,2
determinants,2
speculating,2
extension,2
dubious,2
treats,2
xt,2
cover,2
diakrisis,2
over,2
mutually,2
sure,2
connection,2
unknown,2
av,2
argue,2
cyclical,2
proceded,2
speculation,2
perfectly,2
infer,2
attractions,2
placing,2
merely,2
concrete,2
investigation,2
namely,2
making,2
accounts,2
cause,2
pertinent,2
allowance,2
aet,2
brilliant,2
observations,2
exegesis,2
bodies,2
parm,2
fitting,2
poems,2
understanding,2
giving,2
manifold,2
transition,2
rash,2
heading,2
remarks,2
layers,2
until,2
touch,2
julius,2
cambridge,2
frame,2
pertinently,2
offer,2
instead,2
rn,2
building,2
obscurity,2
disruption,2
seeks,2
philosophy,2
remains,2
mixes,2
doubtless,2
comparison,2
moved,2
vi,2
inclination,2
offered,2
supported,2
removed,2
generatione,2
lx,2
justify,2
zweite,2
occur,2
element,2
develop,2
traditional,2
manifests,2
asked,2
conception,2
perception,2
merge,1
dogmas,1
presocratics,1
nvavrotov,1
yevoxtoo,1
reconstructive,1
complaint,1
apy,1
wro,1
currently,1
redefining,1
deny,1
uooq,1
digressions,1
gopfo,1
oaur,1
opcpol,1
limits,1
technician,1
common,1
implemented,1
oat,1
oetd,1
rev,1
lebenszyklen,1
commentary,1
argued,1
oprepctmat,1
hesitation,1
embarked,1
scholar,1
pity,1
till,1
commitment,1
ris,1
tvox,1
sameness,1
urheberin,1
vuiv,1
discredited,1
drawing,1
college,1
legg,1
ferdinand,1
revolutionary,1
ylysvaccool,1
determine,1
axo,1
affirming,1
xoquezq,1
noticing,1
ultimate,1
alternation,1
xcop,1
originate,1
dogmatic,1
per,1
start,1
prudent,1
reliquiae,1
yawning,1
clarifies,1
center,1
discover,1
elementary,1
complex,1
replaced,1
xe,1
nrtxor,1
achievements,1
hurry,1
unsatisfactory,1
saved,1
denied,1
safely,1
poetry,1
rlav,1
agency,1
judicious,1
manavat,1
essays,1
uncomfortable,1
oaxvij,1
advised,1
songs,1
formed,1
interrupt,1
erster,1
ways,1
strictly,1
persuades,1
criticizes,1
ctolxetx,1
inconsistent,1
contend,1
additionally,1
modern,1
yxplal,1
rco,1
zlvoc,1
roaac,1
contention,1
overlook,1
earnest,1
backs,1
stoic,1
fixed,1
itx,1
kmoapeo,1
antithesis,1
exciting,1
sv,1
total,1
observing,1
cornell,1
sr,1
muoi,1
xoasoyovia,1
uses,1
postulates,1
arguing,1
tyche,1
strikes,1
precursors,1
iax,1
character,1
root,1
women,1
vlpoc,1
footing,1
liebe,1
test,1
kaeop,1
yx,1
dogma,1
cast,1
gia,1
roeo,1
vola,1
reconstructions,1
eaopwi,1
disagreement,1
production,1
reappear,1
oaxplvovroq,1
restoration,1
throws,1
xkywv,1
concentrated,1
contrasted,1
vcl,1
attempt,1
ocxpqroc,1
central,1
articulate,1
absurd,1
fragmentary,1
analogies,1
skemp,1
discerned,1
negates,1
nacvotoa,1
inherently,1
unlike,1
vl,1
equivocation,1
latent,1
height,1
affinities,1
available,1
copy,1
weltzeiten,1
aoc,1
secondary,1
atl,1
orow,1
suggesting,1
correspondingly,1
splaairos,1
sein,1
stopgap,1
wholenatured,1
dxota,1
nwuxv,1
imported,1
pressed,1
oov,1
arises,1
alleinen,1
revisions,1
cavalier,1
inherent,1
xszvov,1
link,1
overtaxed,1
rhythmical,1
resulting,1
immortal,1
cyoyovla,1
subsequent,1
reexaminations,1
coalescence,1
feature,1
xpola,1
plainly,1
auvmappoaev,1
persistence,1
loose,1
xxxuaoc,1
affair,1
trouble,1
remainder,1
creativity,1
zalpov,1
complicated,1
ours,1
eppl,1
letting,1
xpxtuv,1
springing,1
luminis,1
epic,1
rog,1
deduced,1
sq,1
eao,1
discerning,1
depends,1
speech,1
corroborating,1
erm,1
departures,1
xct,1
nearer,1
sumises,1
embryological,1
fused,1
maintaining,1
abbreviated,1
indebtedness,1
govea,1
plain,1
xvxxos,1
xxt,1
fiction,1
stretched,1
albeit,1
ingeniously,1
ylxloq,1
capacity,1
prone,1
motion,1
histoire,1
dias,1
encouraging,1
supplemented,1
evax,1
rests,1
cu,1
xrel,1
originates,1
xev,1
severs,1
reminder,1
simpl,1
zur,1
tuxv,1
misconceived,1
riv,1
otov,1
opened,1
recommended,1
logical,1
ax,1
compelling,1
lun,1
rzpp,1
auvoyovaiq,1
characterize,1
compositions,1
mutual,1
reduce,1
aopjlax,1
xsae,1
olxlav,1
vec,1
raut,1
glxpuoi,1
introduced,1
diss,1
wien,1
taking,1
smooth,1
evov,1
navrolcus,1
bottom,1
nokvra,1
shorten,1
formula,1
identifies,1
avepxcofv,1
unverstandlich,1
dignity,1
empedoclel,1
engage,1
alahxlq,1
physiologist,1
philo,1
eeoxetusilv,1
harmony,1
ous,1
harold,1
vorsokr,1
framework,1
orroqxceov,1
issues,1
usage,1
succeed,1
exist,1
carping,1
relies,1
jier,1
cff,1
preoccupied,1
scaliger,1
zxoq,1
upheld,1
arche,1
ulevj,1
review,1
enn,1
xtvvns,1
manifest,1
aua,1
loicw,1
happiness,1
tiaoxt,1
severe,1
zv,1
quality,1
reject,1
accommodation,1
pursue,1
digestion,1
tw,1
kye,1
attesting,1
ael,1
assumes,1
posidonius,1
xoyou,1
aus,1
kp,1
agent,1
pxaomxl,1
becoming,1
eo,1
xlyyt,1
reflection,1
ntanlq,1
relatively,1
juxtaposition,1
ovxt,1
ag,1
attested,1
xous,1
afford,1
oras,1
mxpeaccog,1
ut,1
kirk,1
respects,1
convention,1
pay,1
nt,1
mild,1
awl,1
admitted,1
xtbs,1
uf,1
forced,1
mundi,1
guided,1
transitional,1
unity,1
remembering,1
inserted,1
militate,1
ylmvq,1
speculative,1
blame,1
curiously,1
lvcv,1
evident,1
feasible,1
grxev,1
wjx,1
confounded,1
causing,1
ithaca,1
jula,1
xlpvoc,1
completing,1
difficulty,1
elicit,1
wholly,1
impulsion,1
allowing,1
postponed,1
olv,1
wiser,1
circumference,1
ditch,1
aorist,1
sie,1
supererogativum,1
rhythm,1
referi,1
xocl,1
mechanical,1
impulse,1
sicilian,1
formulate,1
pausanias,1
men,1
xlvqov,1
obscure,1
grammatical,1
yevcaoal,1
journal,1
preserving,1
spite,1
critique,1
nezxoc,1
yi,1
apparently,1
spread,1
strengthening,1
ltyo,1
ignore,1
occasion,1
urgent,1
conceded,1
invites,1
generation,1
ctcf,1
lloupytxiq,1
wl,1
scription,1
plausibilities,1
catastrophe,1
festschrift,1
belonging,1
netxouq,1
confusions,1
promised,1
wiurde,1
accor,1
awkward,1
alv,1
cwoyovtxc,1
interesting,1
xot,1
alleged,1
recognized,1
simplified,1
adequate,1
troc,1
rw,1
xolvwo,1
rzv,1
leaping,1
akademika,1
identification,1
leva,1
ml,1
elaborate,1
bring,1
growth,1
destroy,1
puare,1
auyxexpl,1
tesv,1
prudently,1
developed,1
elvxl,1
z,1
persuasively,1
na,1
muse,1
transmits,1
afterwards,1
sorely,1
explicit,1
cxxb,1
yuvaxlxelwv,1
mieux,1
ai,1
comparable,1
approaches,1
forgo,1
gxelv,1
stnrctly,1
graecorum,1
realizes,1
dwag,1
rjv,1
tct,1
arrangements,1
phrases,1
neighborhood,1
edwin,1
undifferentiated,1
heard,1
proportion,1
supplement,1
ex,1
explaining,1
costs,1
hazardous,1
errs,1
dell,1
membra,1
wasv,1
luvp,1
desperately,1
refered,1
herodotus,1
witness,1
furnishes,1
complication,1
white,1
repeats,1
voectioaomv,1
xoclrr,1
summarized,1
feel,1
clarification,1
doings,1
factors,1
alfll,1
absorbed,1
supposed,1
moves,1
embarrassing,1
consistency,1
support,1
theodor,1
antagonism,1
utterly,1
escape,1
expunged,1
parentheses,1
vitalizing,1
applied,1
locpxeagooc,1
interspersed,1
canvass,1
ypna,1
vea,1
biased,1
suffices,1
university,1
reaaopo,1
needless,1
entry,1
ap,1
acquaintance,1
borrowed,1
fishes,1
aesch,1
neexouv,1
emergence,1
eschew,1
latin,1
specify,1
transformed,1
proposed,1
edition,1
zetemata,1
ovf,1
attain,1
completion,1
record,1
invariably,1
gradually,1
counteracts,1
fifth,1
verhandelingen,1
inextricable,1
congregating,1
prevent,1
xi,1
rnixtures,1
halfte,1
kypsoq,1
adl,1
overtakes,1
fashioned,1
lg,1
commented,1
prima,1
powerful,1
uovov,1
depart,1
liva,1
vtoll,1
bec,1
defines,1
pouyevn,1
cxino,1
xeviqrov,1
putting,1
preferably,1
itpo,1
armonia,1
recur,1
cogent,1
rendered,1
injustice,1
odd,1
tu,1
corresponding,1
m,1
projected,1
flame,1
providing,1
yeyoarcc,1
forsake,1
italics,1
eludes,1
tro,1
hot,1
conflicts,1
iaxcov,1
disappeared,1
kv,1
union,1
emendation,1
eingreifen,1
carelessness,1
uv,1
solmsen,1
yielding,1
expressed,1
standards,1
advance,1
puxe,1
emlpov,1
ooo,1
lead,1
auvopp,1
path,1
harmonia,1
someone,1
invent,1
appearance,1
detaching,1
amicizia,1
vorsokratiker,1
entering,1
superfluous,1
explanatory,1
typical,1
uov,1
tentatively,1
ambitious,1
ulrp,1
separable,1
xtvnyrot,1
wiped,1
piaecog,1
demands,1
yaye,1
hilosophorum,1
uvla,1
vep,1
aloof,1
xepacloldvolalv,1
endeavor,1
vcov,1
emerge,1
defensive,1
shapes,1
rrepi,1
attained,1
base,1
yuta,1
liver,1
none,1
atapu,1
xlvirrol,1
lei,1
adverbially,1
gottingen,1
emv,1
kinship,1
xcpmlpov,1
ersten,1
oxxoc,1
grew,1
undeniable,1
unite,1
kytveto,1
lkvou,1
rocal,1
posited,1
rsle,1
vouchsafed,1
sil,1
aspects,1
indirect,1
mourelatos,1
devoid,1
meet,1
promise,1
ocpuez,1
separates,1
nezxo,1
monograph,1
otherwise,1
cpna,1
safe,1
guesses,1
soph,1
tol,1
changeless,1
patent,1
absolute,1
philosophorum,1
required,1
circumstances,1
balanced,1
taught,1
tantroi,1
muorap,1
surmised,1
xenophanes,1
countermovement,1
dilettantish,1
unchallenged,1
influenced,1
overlapping,1
improve,1
distinguishes,1
failure,1
shape,1
aeclk,1
ndi,1
directly,1
cpoetao,1
display,1
rxvta,1
differ,1
iyuovto,1
designation,1
spheres,1
invisible,1
toil,1
rct,1
grecque,1
vers,1
discarded,1
scope,1
implement,1
responding,1
pu,1
hemispheres,1
ite,1
xovre,1
emphasis,1
evo,1
carries,1
xr,1
schwabl,1
yva,1
opal,1
oyov,1
guess,1
xcxxov,1
analyze,1
london,1
materialize,1
discusses,1
griechen,1
numerous,1
norm,1
reserve,1
apparent,1
confined,1
withdraws,1
rvolou,1
touching,1
qoroq,1
vpucvtxx,1
methodical,1
xcrl,1
aeco,1
got,1
repeating,1
stein,1
loss,1
sexually,1
littdraire,1
q,1
corrupt,1
nepl,1
synkrisis,1
postulated,1
ixpl,1
gi,1
inspire,1
constitute,1
pdlxlxs,1
fruitful,1
ove,1
runs,1
tr,1
rashly,1
winter,1
antike,1
device,1
aar,1
employed,1
il,1
compact,1
systematic,1
digression,1
philosophically,1
exegetes,1
tears,1
weakest,1
craftsman,1
contending,1
negation,1
whither,1
strongest,1
markedly,1
zucepvotc,1
gap,1
concreto,1
presumption,1
approach,1
tolx,1
either,1
sic,1
unimaginative,1
tkvoq,1
outline,1
oyovea,1
stud,1
running,1
caution,1
legacy,1
least,1
ratios,1
qualifications,1
suns,1
jys,1
breaking,1
atna,1
cold,1
carry,1
tew,1
writers,1
disregarded,1
speculations,1
prevalence,1
protest,1
teil,1
behold,1
multitude,1
xxote,1
cepov,1
arbitrary,1
atmosphere,1
sake,1
withdrawing,1
ocyxnq,1
upshot,1
several,1
surrendered,1
xmcix,1
sufficient,1
visv,1
munich,1
replace,1
xxvopaog,1
grow,1
temporary,1
insists,1
tation,1
acts,1
oro,1
convey,1
tenet,1
prejudge,1
rovu,1
da,1
credible,1
occasions,1
core,1
name,1
fully,1
octrlm,1
nctxous,1
eit,1
lpo,1
corruptione,1
amtius,1
resistance,1
paid,1
und,1
naw,1
ucv,1
distinguishing,1
providenta,1
unduly,1
exdzuao,1
yelv,1
grateful,1
xromctv,1
ee,1
actions,1
undesirable,1
enjoy,1
schematic,1
activities,1
heracitus,1
seemed,1
endorses,1
ado,1
axvvtov,1
believers,1
void,1
toutov,1
ew,1
therefore,1
kindness,1
oaokvt,1
lyyl,1
fa,1
approximate,1
verb,1
business,1
io,1
reduced,1
absence,1
availed,1
contact,1
keeps,1
emp,1
shedding,1
pudor,1
fortunately,1
rt,1
incline,1
xeuxac,1
acplv,1
cyoyovlam,1
action,1
unification,1
lovt,1
concessions,1
auvd,1
short,1
appearances,1
revival,1
departs,1
ia,1
resisted,1
archetype,1
axlvitol,1
play,1
manipulate,1
elvol,1
impose,1
commit,1
merits,1
respectable,1
assurance,1
attaching,1
prove,1
cexec,1
judgment,1
lobsters,1
presently,1
symmetry,1
conceived,1
anima,1
kerschensteiner,1
xoi,1
rejects,1
traps,1
archaique,1
simultaneously,1
ewx,1
seemingly,1
hold,1
conybeare,1
imposed,1
adapted,1
qualms,1
positive,1
stvoci,1
tenses,1
wv,1
impugns,1
postulate,1
crabs,1
ooev,1
convictions,1
guide,1
qux,1
wiederholung,1
otc,1
oxford,1
simultaneous,1
ezr,1
adduces,1
rm,1
samne,1
tale,1
attach,1
examined,1
tp,1
wake,1
accident,1
retreat,1
ulterior,1
pouyeviw,1
ebenfalls,1
serve,1
aec,1
evidential,1
seeing,1
accretion,1
trou,1
zurich,1
tiq,1
latitude,1
nelxouc,1
lewr,1
turtles,1
constant,1
une,1
homogeneous,1
nat,1
xoao,1
lxero,1
ezval,1
cpuaec,1
xml,1
giessen,1
baltimore,1
inferences,1
iacoljgl,1
ecs,1
si,1
bv,1
safeguards,1
nelxouq,1
cheerful,1
beforehand,1
vocvtow,1
reliance,1
quotations,1
visualize,1
friend,1
despondency,1
panzerbieter,1
rip,1
stones,1
picture,1
published,1
ptoto,1
act,1
volume,1
tries,1
interlopers,1
provide,1
remotest,1
vermachtnis,1
xgc,1
oexcl,1
ovi,1
ocux,1
suit,1
courageous,1
mischung,1
rx,1
approaching,1
pointed,1
knowing,1
wisest,1
xkyel,1
flat,1
missing,1
txtel,1
conformity,1
lack,1
vapetcov,1
qxe,1
valid,1
consideration,1
limit,1
preserve,1
iyevovto,1
occurrence,1
striking,1
vestigium,1
misinterpretation,1
fascinating,1
compound,1
ocaaovt,1
agree,1
nept,1
uyxpevelv,1
causa,1
inevitably,1
stobaeus,1
really,1
fatal,1
break,1
larger,1
classical,1
diverse,1
john,1
grows,1
octv,1
xc,1
distrust,1
contemporary,1
contends,1
lq,1
charges,1
touoog,1
habit,1
philoponus,1
descrizione,1
serious,1
vt,1
tq,1
gxcev,1
rough,1
finaly,1
bony,1
vw,1
cpgu,1
fuefn,1
puzzling,1
sweat,1
wiets,1
paris,1
xapopgae,1
owitcv,1
ron,1
xocd,1
converse,1
letter,1
nenxos,1
oveo,1
road,1
developing,1
orderly,1
purposes,1
equate,1
refrain,1
timaeus,1
tre,1
choice,1
gratuitous,1
conviction,1
nestle,1
wiener,1
focusing,1
nelxouv,1
roxctx,1
xoct,1
guarantees,1
presuppose,1
gyxev,1
eet,1
explicitly,1
borne,1
eq,1
chemical,1
clg,1
argues,1
hesitate,1
imagine,1
discredits,1
simon,1
nrb,1
heiberg,1
pfvov,1
becomes,1
koninklijke,1
apt,1
whiteness,1
aotxexp,1
ingenious,1
nutrition,1
associates,1
extended,1
accuses,1
palov,1
rivalry,1
strangeness,1
aztro,1
xxa,1
rtv,1
astray,1
survive,1
excluding,1
examples,1
considering,1
sever,1
guthrie,1
opus,1
formulation,1
bear,1
mcp,1
sides,1
disintegrate,1
aucher,1
indiscriminate,1
passes,1
dissolve,1
characterizing,1
xooack,1
clause,1
sufficiently,1
xcvioc,1
eta,1
safer,1
nlta,1
birds,1
mixings,1
xxou,1
appalling,1
xmxt,1
aocppoq,1
conversely,1
food,1
byx,1
suv,1
blcxp,1
waking,1
robinson,1
affects,1
products,1
poavl,1
kingdom,1
ecpazpo,1
supposition,1
examination,1
fitted,1
sees,1
yev,1
aow,1
bywater,1
sro,1
eight,1
munding,1
aqoatpoq,1
students,1
thirteen,1
sacrificing,1
solitude,1
attraction,1
charge,1
rejected,1
futile,1
xv,1
steering,1
ypopezaol,1
meanings,1
quotation,1
whoever,1
directed,1
authors,1
peripheral,1
publication,1
dlxg,1
vagueness,1
offing,1
proofs,1
ovqr,1
formulas,1
yields,1
amounts,1
worldorder,1
co,1
arolxcxa,1
august,1
deals,1
quicquam,1
outraged,1
eve,1
individual,1
symposium,1
xtx,1
musste,1
started,1
change,1
tim,1
ocantea,1
uo,1
impelled,1
summer,1
pupwploc,1
ocmev,1
wrav,1
oot,1
aorists,1
sundering,1
surer,1
trv,1
goveo,1
visavis,1
yevovwo,1
doubted,1
petitio,1
provides,1
segment,1
kve,1
auyxp,1
unambiguous,1
favored,1
ccoyovtal,1
readers,1
facing,1
comparing,1
problems,1
commentators,1
satisfy,1
trying,1
incapable,1
adopts,1
experimenti,1
parmen,1
juncture,1
normal,1
assures,1
oetarum,1
reads,1
editors,1
grip,1
emphasized,1
interpretations,1
respectively,1
ixetv,1
exactly,1
caused,1
wishing,1
assigning,1
vovo,1
structure,1
confusing,1
yeyaxcrlv,1
comfortably,1
xs,1
aw,1
nails,1
aix,1
xauclq,1
ground,1
sine,1
saw,1
govern,1
censorinus,1
ntornq,1
salq,1
remarkable,1
occupy,1
recurring,1
propose,1
xoca,1
xod,1
eaoo,1
ndivrx,1
emped,1
concluded,1
widely,1
applies,1
species,1
gomperz,1
fails,1
lof,1
space,1
xa,1
asking,1
accepting,1
indication,1
fifty,1
arqxe,1
ubertragung,1
cleanthes,1
lo,1
assigned,1
monstrous,1
informs,1
imply,1
pure,1
oa,1
gratuitously,1
oprovelaa,1
hoelscher,1
aoat,1
belonged,1
perspectives,1
adverbial,1
complexion,1
fairly,1
inhabitants,1
bold,1
bulk,1
five,1
adequacy,1
amherst,1
vision,1
naturally,1
claimed,1
tm,1
consummate,1
maxima,1
compatibflity,1
lving,1
averse,1
gxecv,1
vague,1
autlvelv,1
atolxcel,1
validity,1
bare,1
tutnot,1
vlekv,1
sway,1
garbled,1
rj,1
fpov,1
referred,1
bothers,1
oblique,1
concluding,1
insist,1
collections,1
interfere,1
translation,1
ccpoyovex,1
xicx,1
worse,1
faute,1
qpqaiv,1
tae,1
datv,1
goodly,1
cpoc,1
philosopher,1
pk,1
lightning,1
los,1
cynicism,1
furnish,1
periodo,1
paradoxical,1
area,1
ocxzp,1
covering,1
length,1
wilhelm,1
viuv,1
gefiigte,1
shortened,1
rot,1
es,1
planets,1
altwpuaocxl,1
phrase,1
gliq,1
analysis,1
mological,1
profess,1
aqupaoa,1
scheidung,1
united,1
rxv,1
ovnt,1
respect,1
xkya,1
composed,1
supporting,1
xey,1
get,1
ox,1
examine,1
ehre,1
aye,1
opuepoctaa,1
unchanging,1
grounded,1
fac,1
stable,1
ycyvovtau,1
nxoct,1
uoplex,1
hasten,1
sections,1
oix,1
xcog,1
suggestions,1
contained,1
authorities,1
yeyaxalv,1
excised,1
going,1
believed,1
ahead,1
rcpov,1
lessons,1
npeoft,1
zy,1
yc,1
accomplishes,1
xixxo,1
nachpriifung,1
complexity,1
mentioned,1
changing,1
defend,1
yiveto,1
rigor,1
hell,1
neoplatonic,1
needs,1
suppl,1
simply,1
wr,1
auvepxzetot,1
rigidly,1
tlopgot,1
continues,1
theme,1
known,1
exposition,1
authenticity,1
xkov,1
satisfactory,1
acucxr,1
quotes,1
acl,1
facie,1
generic,1
hatte,1
besides,1
oruvepztcev,1
tenor,1
flagrant,1
pt,1
cov,1
vteaoyu,1
blindness,1
motions,1
locxplal,1
headed,1
outcome,1
lz,1
trunk,1
ran,1
reinhardt,1
evokes,1
banished,1
opuqgoclaa,1
ltorino,1
illusion,1
principle,1
control,1
ouvoaoq,1
votoq,1
tendencies,1
pz,1
fault,1
readily,1
environment,1
correspond,1
qi,1
attribute,1
ratio,1
roc,1
tote,1
confident,1
ylyvzaocl,1
exploration,1
poq,1
sm,1
ycl,1
alexander,1
monotonous,1
xnvntol,1
pushes,1
ph,1
printed,1
bit,1
dispensation,1
tcr,1
minimized,1
lxpcvelv,1
inquiry,1
peep,1
iii,1
ototox,1
linked,1
contradictory,1
inep,1
vindicated,1
asserting,1
primary,1
cohere,1
build,1
associations,1
examining,1
xez,1
past,1
closest,1
accepts,1
pour,1
smelling,1
extu,1
public,1
clarity,1
pup,1
subjunctive,1
integrates,1
evwv,1
game,1
scholarly,1
numbers,1
fuller,1
impact,1
vaxxm,1
platonising,1
carefully,1
reign,1
transmitted,1
combined,1
unique,1
spatial,1
physiology,1
complacently,1
stability,1
ovwly,1
testimonia,1
independently,1
kaopw,1
tcl,1
busying,1
interpreter,1
interval,1
xelv,1
yov,1
leaving,1
unwise,1
weak,1
cnuvepxopvv,1
listen,1
rhyme,1
pendently,1
differs,1
translators,1
xocxvolalv,1
trustworthiness,1
projection,1
veat,1
produce,1
original,1
noticed,1
einfache,1
treatises,1
agreed,1
mededelingen,1
ideal,1
ovntrcv,1
fraction,1
npq,1
freedom,1
exclusively,1
xu,1
welcome,1
unreasonable,1
eipreov,1
conference,1
massed,1
burmet,1
arabic,1
xxokvrm,1
careful,1
gaysov,1
ruled,1
appear,1
materializing,1
preferable,1
prospect,1
nasxrc,1
press,1
became,1
easy,1
yeycml,1
lacuna,1
puzzled,1
rux,1
agents,1
entstehung,1
xocp,1
acute,1
confronted,1
measure,1
substance,1
alla,1
immaterial,1
results,1
reconstruct,1
ayppoulrm,1
nrapxcl,1
rov,1
qualitative,1
phenomenon,1
admits,1
netxeoq,1
isolated,1
definitions,1
au,1
aspect,1
invoked,1
unitu,1
ocxplvelv,1
cp,1
analogy,1
proceeds,1
beside,1
idaycvo,1
nyt,1
atelerate,1
perforce,1
years,1
ettore,1
xacl,1
xote,1
trusted,1
disposal,1
initiated,1
finding,1
txzz,1
open,1
xou,1
zum,1
write,1
recovering,1
wo,1
sprung,1
defender,1
discovery,1
octmaq,1
parallels,1
approximately,1
toptev,1
ntcvtozln,1
therem,1
consolidated,1
proceeding,1
define,1
oav,1
surmise,1
xoc,1
opinions,1
ll,1
hardening,1
xoctm,1
states,1
writer,1
affirmation,1
effects,1
piece,1
yopeop,1
leiden,1
discounted,1
plentiful,1
organ,1
shells,1
bliss,1
lxaulov,1
presenting,1
madison,1
xtlvov,1
definitive,1
confess,1
archaic,1
veterum,1
attestation,1
respective,1
wondered,1
plea,1
xtxxov,1
assumed,1
maoac,1
vlv,1
aggressiveness,1
exhaustive,1
xxo,1
chicago,1
inasmuch,1
nelxoue,1
ueks,1
parenthesis,1
pleased,1
partial,1
texts,1
maximum,1
import,1
puts,1
mix,1
pieces,1
abandoned,1
saopco,1
immediately,1
glance,1
originator,1
among,1
itplv,1
unequivocal,1
xoapioyovtat,1
compounding,1
resembled,1
anaxag,1
successive,1
doing,1
ragmenta,1
ca,1
roles,1
ue,1
lucretius,1
xxv,1
heterogeneous,1
eagerly,1
