WORDCOUNTS,WEIGHT
the,237
and,157
of,135
in,112
a,101
s,93
to,67
her,63
is,51
his,50
cass,50
music,48
with,48
wagner,35
trilbe,34
that,32
friel,32
ingram,30
from,28
she,27
for,22
as,22
an,21
three,19
who,19
past,17
on,17
into,16
rhapsody,16
which,15
two,15
at,14
after,14
drama,14
love,14
their,13
house,13
tristan,13
this,13
play,13
by,13
mcguire,13
eden,13
rhapsodies,13
my,12
loves,12
like,12
isolde,11
new,11
et,10
harry,10
but,10
later,9
i,9
he,9
about,9
or,9
more,9
life,9
are,9
it,8
first,8
dramatic,8
when,8
has,8
have,8
now,7
some,7
act,7
because,7
its,7
people,7
moments,7
where,7
him,7
not,7
they,6
one,6
wagnerian,6
mr,6
de,6
out,6
work,6
brian,6
begins,6
death,6
ireland,6
me,6
then,6
here,6
them,6
years,6
major,6
studies,5
before,5
all,5
other,5
winged,5
melodies,5
young,5
philadelphia,5
york,5
les,5
was,5
irish,5
world,5
yet,5
dreams,5
olsen,5
others,5
chair,5
orchestral,5
extended,5
la,5
lines,5
over,5
audience,5
vocal,5
you,5
final,4
seems,4
danced,4
richard,4
journal,4
so,4
similar,4
most,4
christmas,4
had,4
fourth,4
pasts,4
quinn,4
appropriate,4
will,4
tread,4
action,4
home,4
present,4
father,4
made,4
golden,4
finally,4
leave,4
relationship,4
un,4
liebestod,4
gar,4
canadian,4
between,4
early,4
pat,4
common,3
if,3
melody,3
truth,3
e,3
live,3
hair,3
long,3
composer,3
musical,3
rapid,3
comedy,3
great,3
room,3
real,3
side,3
key,3
right,3
jeff,3
thus,3
realized,3
brother,3
back,3
marriage,3
even,3
join,3
german,3
no,3
costello,3
heard,3
harmonies,3
modified,3
days,3
qui,3
joy,3
speaker,3
rhapsodic,3
valkyrie,3
your,3
memory,3
used,3
armchair,3
successful,3
family,3
small,3
maxwell,3
indeed,3
exile,3
return,3
declamation,3
under,3
emotional,3
many,3
creative,3
wine,3
man,3
never,3
road,3
woman,3
going,3
venusberg,3
fades,3
spread,3
earlier,3
especially,3
feet,3
been,3
plays,3
pieces,3
dans,3
each,3
places,3
what,3
alice,3
dream,3
episode,3
travel,3
wife,3
memories,3
strong,3
come,3
d,3
passages,3
actions,3
characters,3
struggle,2
bride,2
drunken,2
career,2
village,2
joyful,2
large,2
character,2
evasive,2
painful,2
give,2
progression,2
worked,2
departure,2
narrative,2
verbal,2
concludes,2
composition,2
take,2
there,2
priest,2
reading,2
within,2
takes,2
dancing,2
king,2
america,2
stella,2
asides,2
dirty,2
solo,2
keeps,2
himself,2
unhappy,2
behavior,2
yeats,2
magic,2
occurs,2
old,2
rhapsodie,2
rollins,2
poem,2
would,2
sin,2
than,2
profoundly,2
leading,2
tonal,2
remain,2
remote,2
travels,2
repeats,2
moreover,2
making,2
fantasy,2
concerto,2
romantic,2
servants,2
weaves,2
prepares,2
too,2
powerful,2
notions,2
odd,2
flow,2
friends,2
gooks,2
whom,2
arrival,2
recitation,2
big,2
softly,2
companion,2
same,2
comme,2
ces,2
near,2
having,2
carries,2
repetition,2
explains,2
description,2
during,2
seated,2
gently,2
social,2
stage,2
next,2
sings,2
night,2
around,2
imagines,2
few,2
suddenly,2
visible,2
gordon,2
second,2
rapture,2
minor,2
contact,2
short,2
still,2
make,2
garden,2
boy,2
movement,2
ofthe,2
shabby,2
us,2
lovers,2
extravagant,2
une,2
delight,2
ed,2
misery,2
rings,2
members,2
fire,2
also,2
elocution,2
approaching,2
twenty,2
children,2
adjusts,2
classical,2
end,2
appropriately,2
dramas,2
outside,2
auditorium,2
private,2
gaudy,2
opera,2
formal,2
desperate,2
herself,2
confidence,2
individuals,2
sees,2
men,2
story,2
joint,2
dancer,2
irregular,2
husband,2
celebration,2
becomes,2
united,2
elderly,2
reciprocal,2
comes,2
must,2
symbolic,2
gone,2
did,2
down,2
speech,2
vibrant,2
very,2
day,2
form,2
loved,2
resident,2
sordid,2
des,2
sadie,2
popular,2
both,2
son,2
attentive,2
malicious,2
thereby,2
through,2
adjudicating,2
giving,2
song,2
named,2
background,2
interpolations,2
recitations,2
melodic,2
tannhauser,2
aul,2
mystery,2
leitmotif,2
sa,1
countryside,1
difficult,1
defeats,1
ceildhe,1
o,1
entreaties,1
audible,1
dies,1
develops,1
commentary,1
tion,1
scornfully,1
ready,1
represent,1
peaceful,1
affected,1
celebre,1
rowdy,1
fingers,1
fiction,1
arrive,1
red,1
alone,1
extends,1
blends,1
butcher,1
minutes,1
steadfast,1
american,1
choisis,1
use,1
mad,1
cars,1
word,1
songs,1
schools,1
picking,1
true,1
english,1
withered,1
prince,1
crooked,1
drinks,1
easily,1
testy,1
compilation,1
favor,1
park,1
former,1
grove,1
theatre,1
fixed,1
recreation,1
history,1
harsh,1
presents,1
wagnerien,1
nita,1
tells,1
explodes,1
expressed,1
accent,1
fashioning,1
jostling,1
thematic,1
track,1
source,1
fauteuil,1
lure,1
journeys,1
fires,1
arms,1
joe,1
lower,1
round,1
being,1
warns,1
discordant,1
t,1
inc,1
cries,1
every,1
parce,1
certainly,1
quitting,1
creation,1
contortion,1
pervasive,1
exaggerated,1
peering,1
fund,1
implications,1
fathom,1
enables,1
might,1
season,1
attempt,1
refusal,1
permanently,1
absurd,1
beautiful,1
retreat,1
england,1
declares,1
words,1
definition,1
dreaming,1
loire,1
company,1
aile,1
avec,1
sang,1
imaginary,1
exotic,1
rich,1
bestowing,1
follows,1
aesthetic,1
moors,1
link,1
jacket,1
reiteration,1
dom,1
promontory,1
help,1
soaring,1
independent,1
last,1
horses,1
mind,1
state,1
mocks,1
those,1
gifts,1
china,1
joie,1
chanter,1
behind,1
allegories,1
tragedy,1
sound,1
est,1
empty,1
whiskey,1
anniversary,1
sophisticated,1
inquire,1
plain,1
tie,1
east,1
pulled,1
mendelssohn,1
chants,1
crowley,1
pub,1
hall,1
march,1
smokes,1
atonality,1
porter,1
brings,1
probing,1
drunkard,1
player,1
powers,1
obvious,1
edit,1
indigent,1
west,1
except,1
regards,1
x,1
far,1
cited,1
loudly,1
limped,1
chronic,1
frenzy,1
samarkand,1
eroded,1
liberated,1
harmony,1
shut,1
signal,1
cette,1
central,1
exercises,1
includes,1
crossing,1
ravaged,1
kicked,1
collapse,1
que,1
relationships,1
homecoming,1
reverse,1
facts,1
seventy,1
abrasiveness,1
run,1
leitmotifs,1
visited,1
raving,1
incessantly,1
police,1
frantic,1
decided,1
hid,1
harmonic,1
assured,1
agitation,1
unwilling,1
learning,1
forced,1
hat,1
momentarily,1
exercise,1
diffuseness,1
resting,1
pretensions,1
rejecting,1
bay,1
frustrating,1
fond,1
deed,1
body,1
defeating,1
recalls,1
suitable,1
preens,1
third,1
recitative,1
traveler,1
rhythm,1
fighting,1
rearrangent,1
weight,1
toil,1
designed,1
escapists,1
bravely,1
tout,1
details,1
apparently,1
wounded,1
function,1
stanley,1
adversary,1
finishes,1
depths,1
skivvy,1
aristocracy,1
higher,1
talks,1
articulates,1
rhapsodize,1
volga,1
wishes,1
town,1
exclaiming,1
l,1
growth,1
modulate,1
performance,1
across,1
essence,1
pretends,1
columba,1
praising,1
coastal,1
annoyed,1
process,1
bucknell,1
active,1
realizes,1
arm,1
phrases,1
storms,1
walkyrie,1
flexible,1
loses,1
b,1
entre,1
desperately,1
dialogue,1
study,1
white,1
summarized,1
sunshine,1
polite,1
moves,1
gawddam,1
experimenting,1
accounts,1
eighteen,1
earrings,1
gallant,1
changes,1
escape,1
applied,1
alliterative,1
highfalutin,1
university,1
encourages,1
india,1
slowly,1
clearly,1
just,1
spirit,1
spontaneously,1
imitation,1
dominate,1
glorious,1
haunt,1
w,1
periodically,1
frozen,1
cunning,1
rescued,1
show,1
pegasus,1
trace,1
nomme,1
joyfully,1
voluminous,1
flights,1
musicaux,1
storm,1
actes,1
isolation,1
blatant,1
myths,1
fluid,1
greater,1
talking,1
opening,1
avant,1
uses,1
salvage,1
title,1
choir,1
walk,1
histories,1
train,1
protector,1
begun,1
called,1
terse,1
typical,1
germinal,1
relating,1
effort,1
conspicuous,1
settles,1
shared,1
events,1
necessaires,1
defiantly,1
emerge,1
accompany,1
poetry,1
meter,1
afternoon,1
aries,1
fusion,1
effective,1
heaven,1
silence,1
inserts,1
singing,1
teacher,1
sentence,1
intensity,1
cannot,1
sledge,1
duplicates,1
energy,1
verse,1
however,1
jolting,1
refuge,1
instrumental,1
persia,1
bow,1
falsify,1
seventies,1
solitaires,1
expressions,1
musique,1
distinguishes,1
desesperes,1
exert,1
jeers,1
network,1
relatives,1
line,1
bolster,1
rumbles,1
heart,1
significantly,1
psychological,1
part,1
london,1
melodiques,1
yank,1
reciprocate,1
confined,1
chromatic,1
stares,1
crying,1
composers,1
loss,1
realm,1
unnaturalistic,1
describe,1
older,1
riders,1
omnibus,1
literally,1
flight,1
chacun,1
records,1
vieillards,1
prisoner,1
personal,1
away,1
preparation,1
confession,1
tears,1
week,1
own,1
wheat,1
count,1
laughing,1
evening,1
creating,1
stylized,1
exerting,1
running,1
shilling,1
tann,1
describing,1
hard,1
handbags,1
anger,1
straight,1
symphonic,1
dictionary,1
box,1
grass,1
television,1
le,1
clothes,1
dramatique,1
sweeney,1
discourse,1
quite,1
slash,1
emerging,1
involved,1
attention,1
intervals,1
sneers,1
interrupts,1
chorus,1
pregnant,1
majestic,1
replace,1
ship,1
bottle,1
bridge,1
transfer,1
breaking,1
distinguished,1
potent,1
impossible,1
spasm,1
bursting,1
up,1
lui,1
chords,1
frantically,1
describes,1
beauty,1
blind,1
protagonist,1
reassuring,1
dam,1
moved,1
rest,1
sophistication,1
scrounging,1
subsequently,1
reappear,1
seats,1
stoically,1
south,1
threatened,1
hymns,1
transform,1
situation,1
neurotic,1
piano,1
chains,1
variety,1
doss,1
beloved,1
bringing,1
synchronized,1
dreamy,1
glasgow,1
synthesis,1
vols,1
chestnut,1
again,1
wings,1
brief,1
forward,1
nearly,1
drops,1
confinees,1
object,1
assure,1
elusive,1
community,1
weary,1
reconstruction,1
indicates,1
flexes,1
everywhere,1
comments,1
juggling,1
blending,1
bastard,1
initially,1
amour,1
vie,1
resilient,1
asile,1
lizzie,1
once,1
decevants,1
fair,1
read,1
thought,1
counterparts,1
experiemente,1
performer,1
inspiration,1
matron,1
nuns,1
light,1
complete,1
coarsely,1
connie,1
broad,1
antics,1
performers,1
responsive,1
surrenders,1
these,1
cheerful,1
gay,1
qualified,1
intensifies,1
inflec,1
volunteers,1
celebrates,1
oppressive,1
only,1
exit,1
meets,1
falsifient,1
fill,1
subjective,1
sureleve,1
resolution,1
french,1
comfortable,1
paul,1
seduced,1
untrue,1
jubilant,1
disappointing,1
mark,1
toward,1
amours,1
trois,1
rejects,1
violin,1
motifs,1
observance,1
seconds,1
fact,1
lack,1
leap,1
morhol,1
breakfast,1
treatment,1
chord,1
tolerate,1
walked,1
sullivan,1
checkers,1
musicians,1
time,1
break,1
fallen,1
grows,1
omitted,1
variation,1
frenetic,1
junior,1
pattern,1
warmly,1
serious,1
fragments,1
rhythms,1
stuff,1
drinking,1
bulky,1
do,1
swam,1
psychic,1
ron,1
threads,1
manner,1
honeymoon,1
establish,1
lewisburg,1
necessary,1
emotion,1
conviction,1
focusing,1
deep,1
intensify,1
invitation,1
slumber,1
native,1
ignoring,1
style,1
disregarded,1
fled,1
palestine,1
fight,1
mice,1
aptly,1
admits,1
survive,1
intent,1
assis,1
reversed,1
opus,1
upon,1
range,1
limitations,1
meals,1
reunion,1
fictional,1
passes,1
previously,1
deserts,1
warrior,1
team,1
cupid,1
amused,1
entirely,1
utterance,1
reconstructs,1
largely,1
racket,1
station,1
refers,1
reliving,1
distorting,1
band,1
sequence,1
dances,1
bed,1
questions,1
stilly,1
cathedral,1
voice,1
prelude,1
were,1
full,1
office,1
brittany,1
california,1
theories,1
open,1
reality,1
welcomed,1
language,1
ere,1
chante,1
hauser,1
passe,1
lady,1
lonely,1
counter,1
eve,1
keep,1
good,1
helpful,1
leurs,1
flood,1
innermost,1
period,1
inventing,1
jail,1
rhythmic,1
gates,1
iseut,1
parallels,1
features,1
tanhauser,1
played,1
barrage,1
unsettled,1
shortly,1
bahamas,1
conversation,1
believing,1
semitonal,1
exchange,1
quick,1
wrecks,1
wasn,1
queen,1
enough,1
maison,1
imaginative,1
eyes,1
often,1
confinement,1
become,1
relation,1
teach,1
can,1
looks,1
rhetorical,1
statue,1
psychical,1
equivalent,1
macmillan,1
we,1
vindictive,1
connections,1
fanciful,1
stick,1
ago,1
recurring,1
euphemistically,1
timidly,1
justice,1
decision,1
evasifs,1
offrent,1
lyrical,1
verses,1
responsiveness,1
consonance,1
vin,1
voyages,1
provide,1
mediation,1
hears,1
five,1
stalls,1
tonales,1
bound,1
ironically,1
vague,1
tacte,1
manly,1
referred,1
mood,1
lost,1
treacherous,1
concluding,1
progressively,1
detailed,1
partages,1
festival,1
returned,1
render,1
visual,1
shone,1
sequences,1
unpromising,1
volumes,1
insecurity,1
rehearsing,1
parade,1
expectations,1
fall,1
kissed,1
gawd,1
contreparties,1
surrendering,1
drame,1
comic,1
rises,1
detail,1
claims,1
torment,1
delights,1
correlative,1
personnes,1
liked,1
any,1
constant,1
decrit,1
reciproque,1
cloths,1
slinger,1
complexity,1
version,1
nervous,1
chat,1
solitary,1
ever,1
theme,1
known,1
physical,1
punctuates,1
compensates,1
rapturous,1
loving,1
symbol,1
faussement,1
listeners,1
wider,1
bright,1
resonance,1
quickly,1
drowned,1
ran,1
natural,1
intellectual,1
menting,1
provence,1
sure,1
slanderous,1
different,1
nobility,1
expanding,1
confident,1
falsely,1
mediations,1
believe,1
fabrication,1
acts,1
donnell,1
half,1
seldom,1
iii,1
brothers,1
job,1
antiphonally,1
brashness,1
enemy,1
associated,1
happiness,1
unrealized,1
accepts,1
quoted,1
passage,1
works,1
living,1
assessment,1
person,1
greyhound,1
hint,1
elevated,1
elmer,1
experi,1
inmates,1
affirm,1
denouncing,1
troupe,1
progresses,1
terms,1
prefers,1
selected,1
prolongee,1
compagnon,1
improvisatory,1
references,1
dissonant,1
concerts,1
saint,1
edinburgh,1
escapist,1
ripe,1
problem,1
while,1
secure,1
dark,1
rewrite,1
vol,1
property,1
influenced,1
skillfully,1
apartment,1
resolutely,1
suggests,1
phenomena,1
ideal,1
ambitious,1
finished,1
remember,1
merges,1
intention,1
owner,1
transport,1
sea,1
drowning,1
personnages,1
joining,1
press,1
turns,1
techniques,1
plans,1
dismal,1
gang,1
groans,1
inflections,1
abbott,1
tall,1
eroding,1
characterize,1
voyage,1
coming,1
think,1
our,1
wholes,1
lone,1
ugly,1
until,1
englishman,1
tramp,1
instructive,1
differentiation,1
score,1
dazzling,1
nile,1
samuel,1
charge,1
party,1
completed,1
wears,1
mantelpiece,1
orchestra,1
lively,1
dense,1
mutations,1
need,1
green,1
sur,1
states,1
yacht,1
involving,1
piece,1
playing,1
defined,1
swank,1
voluntary,1
locate,1
organ,1
agitating,1
repeat,1
prevenant,1
restrained,1
drames,1
refectory,1
censor,1
endeavors,1
removed,1
oft,1
region,1
root,1
bolowski,1
themselves,1
furthermore,1
russia,1
rejection,1
hotel,1
obligation,1
fervor,1
be,1
hymn,1
little,1
interaction,1
caretaker,1
re,1
much,1
turbulence,1
mcclelland,1
ends,1
celestial,1
cross,1
signals,1
roles,1
tragic,1
retrospect,1
rearrange,1
