WORDCOUNTS,WEIGHT
the,1067
of,675
to,582
and,548
in,382
a,256
was,219
that,215
as,182
for,151
he,147
is,146
not,133
be,131
it,129
his,120
but,117
they,115
love,114
which,110
with,104
or,99
by,92
their,88
one,86
god,85
more,84
wife,83
s,80
all,79
marriage,72
were,71
this,68
man,66
no,63
puritan,62
are,62
had,61
from,60
her,59
on,55
other,53
woman,52
men,52
him,50
them,48
have,48
so,47
preachers,46
first,45
there,44
upon,44
than,43
must,43
husband,40
an,39
at,37
when,37
may,35
good,35
she,35
who,35
should,35
if,34
such,34
even,33
only,33
p,30
though,30
wives,30
women,28
most,28
we,28
some,27
did,27
themselves,27
how,25
doctrine,25
its,25
these,25
made,25
church,24
any,23
what,23
married,22
scripture,22
marry,22
would,22
then,22
husbands,21
also,21
many,21
another,21
like,21
set,21
huntington,20
into,20
library,20
out,20
two,20
art,20
matrimony,20
every,19
could,19
well,19
will,19
quarterly,19
much,19
say,18
called,18
own,18
nature,18
same,18
state,18
been,18
himself,17
rogers,17
yet,17
godly,17
forth,17
life,17
great,16
can,16
family,16
about,16
children,16
better,16
little,16
way,15
before,15
milton,15
things,15
up,15
gift,15
pp,15
whately,15
paul,15
head,15
do,15
duties,15
each,15
subject,15
said,14
might,14
divorce,14
mind,14
those,14
shall,14
again,14
make,14
book,14
heart,14
very,14
william,14
hence,13
has,13
far,13
certain,13
reason,13
rule,13
thought,13
under,13
need,13
order,13
over,13
both,13
point,13
came,12
adam,12
godliness,12
none,12
holy,12
says,12
religious,12
hearts,12
according,12
course,12
grace,12
word,11
authority,11
i,11
important,11
union,11
greater,11
because,11
obedience,11
hath,11
work,11
world,11
put,11
smith,11
john,11
less,11
see,11
often,11
paradise,11
take,10
household,10
thus,10
author,10
honour,10
rather,10
edition,10
gouge,10
loved,10
equal,10
therefore,10
us,10
others,10
especially,10
puritans,10
here,10
sermons,10
too,10
does,9
being,9
together,9
within,9
without,9
after,9
special,9
preacher,9
people,9
choose,9
beauty,9
matter,9
time,9
looked,9
gifts,9
flesh,9
soul,9
itself,9
pulpit,9
appointed,9
matrimoniall,9
given,9
go,8
common,8
obey,8
true,8
english,8
nothing,8
mariage,8
henry,8
daniel,8
concerning,8
body,8
occasion,8
spirit,8
found,8
let,8
however,8
prayer,8
having,8
writers,8
brought,8
purpose,8
always,8
above,8
read,8
scriptures,8
published,8
christ,8
never,8
hand,8
free,8
lord,8
eve,8
down,8
injunction,8
duty,8
come,8
writer,8
truth,7
live,7
selfe,7
richard,7
except,7
learned,7
coverdale,7
thing,7
nor,7
whose,7
perkins,7
cause,7
image,7
your,7
spiritual,7
part,7
least,7
few,7
society,7
bullinger,7
proverbs,7
still,7
christen,7
appeared,7
choice,7
books,7
ibid,7
ideas,7
fall,7
poets,7
loving,7
natural,7
preparative,7
think,7
conditions,7
between,7
meaning,6
view,6
sure,6
something,6
experience,6
taken,6
words,6
providence,6
unto,6
trouble,6
king,6
right,6
account,6
human,6
divine,6
relations,6
expected,6
kind,6
truly,6
look,6
marital,6
heaven,6
granted,6
lay,6
just,6
yea,6
concupiscence,6
whom,6
subjection,6
required,6
taught,6
revealed,6
bible,6
away,6
wing,6
gataker,6
seemed,6
precepts,6
indeed,6
fit,6
fact,6
everything,6
where,6
necessary,6
domesticall,6
religion,6
affection,6
times,6
general,6
thomas,6
instruction,6
bee,6
christian,6
consent,6
translation,6
preface,6
comes,6
obviously,6
statement,6
question,6
among,6
seek,6
now,5
estate,5
alone,5
expect,5
second,5
laid,5
remedy,5
eye,5
permitted,5
crowne,5
give,5
seems,5
naturall,5
faithful,5
becon,5
treatise,5
since,5
glory,5
consequently,5
high,5
mean,5
parents,5
goes,5
saints,5
objects,5
commanded,5
my,5
betwixt,5
almost,5
persons,5
excellent,5
conjugall,5
relief,5
eyes,5
proper,5
secret,5
likely,5
short,5
sermon,5
object,5
whatever,5
neither,5
law,5
oeconomie,5
new,5
end,5
took,5
manner,5
bed,5
nevertheless,5
why,5
faith,5
wise,5
adultery,5
you,5
lost,5
sympathy,5
simply,5
ever,5
theme,5
besides,5
person,5
making,5
while,5
our,5
chaste,5
tract,5
celibacy,5
wedlock,5
vertue,5
later,4
mysteries,4
submission,4
told,4
former,4
long,4
finger,4
freely,4
supplied,4
parties,4
principles,4
somewhat,4
possible,4
magistrate,4
against,4
due,4
cases,4
offices,4
ways,4
sarah,4
similar,4
importance,4
makes,4
moreover,4
bad,4
want,4
praise,4
pains,4
thinke,4
contrary,4
character,4
aspects,4
meet,4
enough,4
gods,4
literature,4
continence,4
hee,4
whole,4
gave,4
place,4
couple,4
describing,4
hard,4
next,4
troubles,4
dod,4
play,4
once,4
ed,4
aristotle,4
present,4
perhaps,4
reasoning,4
number,4
day,4
chiefly,4
bucer,4
office,4
significance,4
three,4
rebecca,4
logic,4
earlier,4
relation,4
declare,4
sig,4
masculine,4
probably,4
hieron,4
genesis,4
me,4
lovers,4
practical,4
primarily,4
servants,4
known,4
couples,4
know,4
believe,4
best,4
merely,4
places,4
references,4
particular,4
ideal,4
marriages,4
became,4
families,4
samuel,4
finally,4
worckes,4
elect,4
texts,4
traditional,4
whenever,4
cross,4
doing,4
close,4
done,3
concerned,3
seminary,3
deserve,3
extreme,3
notably,3
denied,3
myth,3
blessing,3
jonathan,3
easily,3
farre,3
position,3
source,3
chastity,3
beare,3
anything,3
else,3
philosophers,3
setting,3
matrimonye,3
england,3
declares,3
desire,3
solace,3
puritanism,3
government,3
help,3
conjugal,3
robert,3
opposite,3
discipline,3
case,3
sarahs,3
est,3
felt,3
condition,3
timothy,3
conception,3
vocation,3
along,3
sweet,3
forme,3
desertion,3
corresponding,3
throughout,3
lover,3
development,3
demanded,3
ability,3
moment,3
predicament,3
learning,3
rank,3
old,3
unhappiness,3
subjects,3
third,3
sin,3
loneliness,3
conceded,3
influence,3
virtuous,3
interesting,3
essential,3
act,3
main,3
sort,3
match,3
mutuall,3
breast,3
ills,3
pages,3
feel,3
soule,3
means,3
remarriage,3
send,3
lives,3
needless,3
otherwise,3
house,3
thee,3
frequently,3
commonly,3
pious,3
care,3
m,3
preach,3
thine,3
endeavor,3
patriarchs,3
cannot,3
wherein,3
wealth,3
thou,3
superior,3
shee,3
shape,3
used,3
issues,3
either,3
tone,3
useful,3
innocent,3
phrase,3
submit,3
dwell,3
members,3
comfort,3
choosing,3
usual,3
abrahams,3
blind,3
power,3
procreation,3
female,3
assurance,3
prove,3
hold,3
fair,3
sex,3
teaching,3
affections,3
name,3
solomon,3
business,3
toward,3
death,3
efforts,3
idea,3
ought,3
pattern,3
accepted,3
marrying,3
beautifull,3
going,3
helpe,3
understanding,3
discussion,3
easier,3
bear,3
churchmen,3
use,3
pleasure,3
questions,3
actual,3
fulfil,3
edification,3
express,3
wits,3
owne,3
period,3
function,3
last,3
imagination,3
unruly,3
enjoyed,3
judgement,3
conscience,3
dealing,3
rachel,3
poet,3
sometimes,3
spouse,3
seen,3
obedient,3
ordering,3
understand,3
satisfaction,3
inferior,3
endure,3
education,3
gathered,3
matters,3
addressed,3
isaac,3
thinking,3
believed,3
conclusion,3
mentioned,3
version,3
vertues,3
fault,3
worth,3
save,3
seem,3
print,3
regard,3
domestic,3
goods,3
associated,3
tracts,3
happiness,3
prayers,3
proposed,3
works,3
living,3
turned,3
catalogue,3
cleaver,3
whether,3
form,3
ones,3
abraham,3
treatises,3
code,3
peace,3
conclude,3
through,3
content,3
convinced,3
elizabethan,3
went,3
protestants,3
accorded,3
pray,3
until,3
argument,3
lists,3
finding,3
write,3
imperative,3
wish,3
joined,3
pleasing,3
judges,3
define,3
extremely,3
speak,3
assumed,3
equall,3
strong,3
cited,3
looking,3
difficult,2
bernard,2
rate,2
child,2
page,2
limits,2
declared,2
commentary,2
scholar,2
created,2
everyone,2
margins,2
sphere,2
everybody,2
catechisms,2
large,2
nabal,2
whereof,2
maketh,2
designed,2
asserted,2
earthly,2
obligation,2
policy,2
supposing,2
title,2
inequality,2
contented,2
instructing,2
turning,2
everie,2
consistent,2
member,2
permit,2
abundant,2
embraced,2
certainly,2
implications,2
feeling,2
commandment,2
canticles,2
bridegroome,2
able,2
service,2
court,2
loves,2
devils,2
describes,2
ephesians,2
written,2
precisely,2
reading,2
theodore,2
occasional,2
performing,2
colophon,2
task,2
prone,2
knappen,2
sought,2
saying,2
draw,2
chapter,2
soldier,2
determined,2
console,2
doth,2
desired,2
supply,2
sent,2
laws,2
dignity,2
garden,2
plainly,2
shal,2
plato,2
surely,2
ere,2
explained,2
fitte,2
mine,2
points,2
nearly,2
satisfactions,2
evils,2
consolation,2
issued,2
writ,2
forbade,2
insisted,2
type,2
admitted,2
forced,2
beloved,2
keep,2
honourable,2
back,2
commendation,2
extraordinary,2
served,2
basille,2
publications,2
irresistible,2
unequivocally,2
drawn,2
seal,2
spite,2
master,2
cites,2
perfect,2
higher,2
lesser,2
seventh,2
disposed,2
urged,2
subordination,2
century,2
exact,2
performance,2
generations,2
essence,2
declaring,2
affairs,2
knew,2
dealt,2
wake,2
eight,2
b,2
govern,2
support,2
romantic,2
affect,2
erecting,2
sorts,2
familiar,2
linked,2
reformer,2
latin,2
proved,2
sum,2
n,2
age,2
four,2
show,2
ministers,2
piety,2
beyond,2
downe,2
followed,2
testament,2
sayd,2
puts,2
answers,2
courtly,2
opinion,2
protestant,2
friends,2
reprinted,2
dutifull,2
unfolding,2
preaching,2
search,2
godlie,2
relating,2
deal,2
hearers,2
haller,2
instruct,2
respects,2
understood,2
mate,2
reservation,2
bore,2
disproportion,2
warmth,2
grounds,2
verse,2
guidance,2
impression,2
r,2
line,2
liable,2
idealistic,2
instituted,2
unless,2
prompted,2
numerous,2
knowledge,2
calls,2
astonishing,2
got,2
records,2
actually,2
societie,2
meek,2
call,2
translated,2
warns,2
systematic,2
continencie,2
aspired,2
running,2
bond,2
strict,2
arise,2
field,2
manners,2
responsibility,2
wished,2
stage,2
quite,2
predestined,2
claim,2
event,2
around,2
small,2
folk,2
edwards,2
impossible,2
occasions,2
dedicated,2
finde,2
patience,2
generally,2
doctrines,2
peculiar,2
miserable,2
appeal,2
led,2
sons,2
saga,2
equality,2
bred,2
separation,2
wrote,2
turns,2
blessed,2
acknowledged,2
presently,2
standing,2
responsibilities,2
reception,2
direction,2
parker,2
single,2
guide,2
devotion,2
yourselves,2
clergy,2
saint,2
home,2
orders,2
light,2
liberty,2
yoke,2
significant,2
party,2
worst,2
spend,2
towards,2
emotions,2
consideration,2
conduct,2
discord,2
reform,2
really,2
personal,2
golden,2
dull,2
readers,2
outside,2
model,2
petrarchan,2
dwel,2
liking,2
evill,2
spoke,2
spell,2
mercy,2
unfitness,2
encountered,2
admonish,2
emotional,2
easie,2
shine,2
private,2
father,2
intimate,2
examples,2
background,2
writings,2
insist,2
woe,2
including,2
arose,2
clerical,2
increase,2
behooved,2
suffer,2
herself,2
worship,2
concern,2
cupid,2
expression,2
illusion,2
morality,2
proportion,2
epistles,2
converse,2
described,2
clear,2
discovered,2
whoever,2
fountain,2
peter,2
held,2
individual,2
escaped,2
feare,2
kept,2
latter,2
conclusions,2
trying,2
qualities,2
imaginative,2
spenser,2
lesse,2
incontinence,2
propose,2
gifted,2
maried,2
fleshe,2
asking,2
assigned,2
relationship,2
note,2
wisdom,2
continued,2
provide,2
mother,2
kinde,2
holiest,2
naturally,2
attitude,2
insufficient,2
began,2
whereby,2
length,2
papists,2
responsible,2
analysis,2
united,2
caste,2
kings,2
composed,2
creatures,2
vigor,2
ovid,2
detail,2
proof,2
meant,2
contained,2
aspiring,2
humane,2
willingness,2
text,2
quickly,2
ordered,2
control,2
paper,2
relieve,2
printed,2
argue,2
thy,2
foundation,2
benefit,2
past,2
elders,2
respect,2
subordinate,2
abigail,2
keepe,2
terms,2
allowance,2
mere,2
diary,2
holinesse,2
getting,2
remedies,2
require,2
secure,2
governe,2
yield,2
advise,2
balance,2
tongues,2
sweetest,2
popular,2
injunctions,2
bodies,2
idiom,2
level,2
whence,2
son,2
booke,2
altogether,2
role,2
easy,2
die,2
aptly,2
confronted,2
conventional,2
matches,2
fagius,2
chuseth,2
indebted,2
teachings,2
mention,2
hebrews,2
devoted,2
youth,2
difference,2
ignored,2
vulgar,2
contract,2
lawes,2
exclaims,2
instead,2
although,2
d,2
unmistakable,2
haste,2
evidence,2
sober,2
notions,2
effects,2
off,2
bliss,2
deserveth,2
ruth,2
needs,2
fitness,2
gracious,2
oft,2
fol,2
c,2
prophane,2
early,2
intended,2
souls,2
drew,2
observed,2
bene,2
virtue,2
himselfe,2
vertuous,2
ungodly,1
nicholas,1
blackfriars,1
resolve,1
bargain,1
david,1
defective,1
allocution,1
transfixed,1
handsome,1
thwarted,1
immediatly,1
deference,1
smote,1
deny,1
obligations,1
fathers,1
companionship,1
vitalized,1
prefer,1
fountaine,1
drunken,1
levell,1
heroic,1
avoiding,1
lyves,1
lineaments,1
rhetorique,1
names,1
pull,1
corruption,1
centering,1
consort,1
conceite,1
ready,1
imminence,1
wonder,1
mystical,1
sympathie,1
whereunto,1
elaborating,1
counsel,1
enjoins,1
tenets,1
superiority,1
harte,1
perfection,1
worthy,1
loosed,1
e,1
liberating,1
measures,1
totally,1
succession,1
rubies,1
eminency,1
joyful,1
alluded,1
likewise,1
group,1
becoming,1
reflection,1
conducted,1
discover,1
reverence,1
touched,1
hate,1
shoulders,1
formality,1
kinds,1
eke,1
wooers,1
confidence,1
properly,1
tend,1
refused,1
prime,1
approve,1
uncomfortable,1
advised,1
aegyptian,1
overcoming,1
mixt,1
phase,1
stocke,1
schools,1
amisse,1
continent,1
managing,1
rewards,1
drinks,1
strictly,1
equalizing,1
severall,1
completely,1
pressing,1
divers,1
ly,1
compilation,1
modern,1
stocks,1
brutish,1
satisfied,1
incidentally,1
inference,1
weaker,1
entring,1
tempered,1
topsailes,1
quickness,1
necessarily,1
harmony,1
harsh,1
lawfull,1
ordinarily,1
communion,1
turtle,1
tells,1
become,1
squareth,1
exceptions,1
dilating,1
assume,1
track,1
acquainted,1
tepid,1
nice,1
alleged,1
xenophon,1
prays,1
controlled,1
glow,1
shrewish,1
leads,1
unregenerate,1
vocabulary,1
lower,1
aside,1
passion,1
t,1
misgivings,1
submitted,1
modest,1
invention,1
voiced,1
loathing,1
digressed,1
quoting,1
ii,1
adopt,1
drastic,1
veine,1
address,1
acutely,1
ears,1
evah,1
anywhere,1
asserts,1
degree,1
ourselves,1
advanced,1
vows,1
intice,1
editions,1
hatred,1
definition,1
engaged,1
privately,1
defectivenesse,1
divinity,1
thereupon,1
company,1
maister,1
attractive,1
copy,1
decalogue,1
brightly,1
clothed,1
thanke,1
merit,1
advantage,1
royall,1
assertion,1
employments,1
estimation,1
vein,1
ben,1
therein,1
constituents,1
hesitation,1
agitate,1
indifferent,1
fully,1
train,1
purple,1
excellest,1
revisions,1
obeyed,1
inherent,1
signifie,1
sometime,1
essayed,1
farther,1
infirmities,1
scheme,1
reveal,1
inbred,1
plead,1
procedure,1
liii,1
misled,1
advocated,1
survey,1
real,1
debt,1
farmer,1
cicero,1
stomacke,1
unthrifty,1
foolish,1
petty,1
prescription,1
relatives,1
date,1
miles,1
increaseth,1
stand,1
ordayned,1
shew,1
political,1
provident,1
undefil,1
alike,1
committed,1
hostile,1
dissolved,1
stopped,1
bachelar,1
christs,1
fulfilling,1
wedthe,1
bluntly,1
system,1
gaine,1
british,1
side,1
appreciate,1
empty,1
fortune,1
proceed,1
depending,1
pained,1
eminent,1
pretext,1
suspect,1
forthcoming,1
exegesis,1
headlong,1
inquire,1
recorded,1
starres,1
ithe,1
handes,1
stretched,1
key,1
frowardnesse,1
draws,1
apt,1
matthew,1
shafts,1
u,1
conditioned,1
apple,1
meeke,1
arm,1
begotten,1
egoism,1
annulment,1
struggling,1
knife,1
governours,1
recommended,1
politics,1
enforcement,1
ball,1
pleasant,1
burning,1
cost,1
sale,1
dared,1
solely,1
mutual,1
fittest,1
lovinge,1
eating,1
stubborn,1
fine,1
mental,1
combination,1
x,1
joyned,1
diffused,1
unmatchable,1
buzzard,1
apply,1
anticipated,1
constrained,1
cutte,1
promises,1
unchecked,1
holye,1
beneath,1
connubial,1
leviticus,1
monastic,1
lights,1
nacions,1
collection,1
beggars,1
lyke,1
shut,1
singled,1
pillar,1
bin,1
homage,1
contentation,1
exercises,1
virginity,1
denying,1
apex,1
consente,1
relationships,1
decree,1
proceeded,1
difficulties,1
quality,1
patient,1
bent,1
transmogrified,1
riot,1
leaden,1
wyl,1
fate,1
wrath,1
de,1
dei,1
stationers,1
negation,1
heeding,1
charming,1
interest,1
authoritative,1
characteristic,1
hid,1
honest,1
unaptness,1
sot,1
ancient,1
bone,1
price,1
difficulty,1
application,1
constellation,1
convention,1
topic,1
agitation,1
yokefellows,1
judged,1
dis,1
weaknesses,1
absolved,1
satan,1
remembering,1
affectionate,1
mynd,1
saved,1
dooth,1
complains,1
blame,1
truism,1
curiously,1
nourished,1
milde,1
crosses,1
capped,1
mystic,1
depend,1
refer,1
fond,1
digitus,1
aspiration,1
deed,1
withdraw,1
handmaidens,1
honesty,1
procreate,1
young,1
forgiven,1
magnify,1
wholly,1
glossing,1
turneth,1
left,1
labouring,1
twice,1
jacob,1
carrying,1
find,1
tesie,1
died,1
warned,1
deuteronomy,1
mirrored,1
suitability,1
gospel,1
principall,1
preserving,1
vice,1
clearely,1
forbear,1
gevynge,1
exempt,1
deeply,1
helping,1
discovering,1
founder,1
pronounced,1
hardly,1
generation,1
enrich,1
baynes,1
formd,1
confusio,1
join,1
error,1
witty,1
grasp,1
uncalled,1
fairnesse,1
failed,1
behave,1
gaining,1
evinced,1
spirituall,1
sigs,1
warre,1
displeaseth,1
york,1
german,1
forbidding,1
privilege,1
prudish,1
statements,1
subjected,1
bring,1
l,1
principally,1
absent,1
arising,1
adds,1
respectful,1
compatible,1
householde,1
edward,1
influential,1
square,1
warp,1
afterwards,1
spares,1
explicit,1
befall,1
levels,1
ascertaining,1
joyntly,1
wifely,1
active,1
turne,1
undefiled,1
outward,1
anyone,1
heard,1
legal,1
modestest,1
turn,1
sympathize,1
strange,1
sicke,1
assuming,1
matched,1
adversaries,1
bosom,1
echoed,1
impressed,1
limitation,1
awareness,1
augmented,1
factors,1
absorbed,1
supposed,1
jargon,1
fade,1
troublesome,1
shell,1
proclaimed,1
mrs,1
favor,1
changes,1
escape,1
mans,1
ravished,1
funeral,1
tho,1
circulated,1
notwithstanding,1
theyr,1
alwayes,1
forget,1
repine,1
subservient,1
organization,1
fast,1
established,1
imposing,1
benefits,1
breeds,1
directest,1
repeated,1
devoting,1
disappointment,1
popularizing,1
idiosyncrasy,1
elsewhere,1
days,1
dcxvii,1
trustie,1
mary,1
quoted,1
sinewes,1
excitement,1
prowess,1
crocodiles,1
weak,1
haunt,1
differs,1
listed,1
w,1
prevent,1
unchangeable,1
solid,1
companions,1
earnestly,1
acknowledges,1
anonymously,1
whosoever,1
theeves,1
continual,1
encouragement,1
follow,1
maker,1
compellingly,1
henrie,1
comparisons,1
emptie,1
convincing,1
velvet,1
alwaies,1
latine,1
willing,1
plight,1
explain,1
covetous,1
zealous,1
hit,1
meete,1
hilt,1
perused,1
suggested,1
providing,1
trained,1
commentators,1
humility,1
drawing,1
cut,1
solon,1
stands,1
shun,1
lords,1
purse,1
talking,1
yielding,1
worries,1
expressed,1
speciall,1
humblest,1
advance,1
remembered,1
lock,1
based,1
yeeres,1
viz,1
sooner,1
cleverness,1
encyclopedic,1
conciseness,1
roome,1
ensue,1
withheld,1
future,1
appearance,1
histories,1
heavenly,1
habitually,1
listened,1
entered,1
ambition,1
color,1
strength,1
joy,1
typical,1
temptation,1
attack,1
adhered,1
carcasse,1
painstaking,1
effort,1
bestows,1
countenance,1
drunkard,1
furies,1
destined,1
resound,1
reconciled,1
disorders,1
accommodations,1
compendious,1
melancholy,1
accompany,1
poetry,1
believer,1
respectfully,1
punishment,1
sixt,1
redy,1
late,1
share,1
further,1
companion,1
overruleth,1
intervening,1
sword,1
knit,1
honoring,1
heirs,1
occupation,1
rotten,1
prelates,1
exactly,1
divell,1
repent,1
corinthians,1
conceit,1
pitch,1
steale,1
sentimental,1
silence,1
roe,1
ro,1
effect,1
obviated,1
singing,1
appears,1
purce,1
yeeldeth,1
intensity,1
unites,1
disapproved,1
applied,1
failure,1
acquaintance,1
placed,1
whatsoever,1
feudal,1
perform,1
saving,1
approached,1
disobey,1
adorning,1
contradicting,1
factum,1
industrious,1
laughing,1
closeth,1
patriarchal,1
briefly,1
biographies,1
zion,1
vrirtuous,1
alienation,1
feminine,1
outstanding,1
sounded,1
christianity,1
gained,1
directly,1
arithmeticall,1
faire,1
lets,1
christlich,1
basis,1
contayning,1
necessarie,1
degrees,1
bodie,1
tr,1
inferred,1
properties,1
distempereth,1
griefs,1
emphasis,1
assaults,1
nine,1
framed,1
charity,1
admired,1
imagined,1
reader,1
prized,1
tendernesse,1
obtruded,1
camel,1
extravagantly,1
insubordination,1
alive,1
breeding,1
vincit,1
explains,1
compass,1
homily,1
civil,1
denial,1
faithfully,1
farmstead,1
comment,1
journals,1
tune,1
feared,1
caught,1
ten,1
reminded,1
distaff,1
conscionable,1
maist,1
realm,1
describe,1
swarms,1
myght,1
hagar,1
during,1
faultes,1
inspire,1
contains,1
accidental,1
seated,1
continency,1
mentioning,1
rendering,1
dinned,1
intervenes,1
noblest,1
giveth,1
matrimonial,1
saw,1
wifes,1
believes,1
graced,1
compact,1
ake,1
verily,1
preparation,1
confession,1
resort,1
approbation,1
forcible,1
stead,1
interpreted,1
imploies,1
assembly,1
diverted,1
welbeing,1
discreet,1
attributed,1
chiefe,1
interested,1
sprang,1
manifestation,1
unmarried,1
shalt,1
teachinesse,1
circumventing,1
suffused,1
change,1
natures,1
scholastic,1
painting,1
epithet,1
fulfilled,1
working,1
below,1
diminish,1
comeliness,1
carry,1
adherents,1
especial,1
vocations,1
reliable,1
coupled,1
entent,1
behold,1
troubled,1
deborah,1
linck,1
wrong,1
dangerous,1
beasts,1
apparently,1
settlement,1
night,1
sake,1
patiently,1
ardors,1
heat,1
doubtlesse,1
calling,1
several,1
pours,1
defects,1
endowed,1
separately,1
christiana,1
accomplished,1
concerns,1
revealing,1
necessitie,1
knitting,1
sorrows,1
observe,1
amor,1
colossians,1
protect,1
distinguished,1
revels,1
joane,1
telling,1
tended,1
minos,1
miracles,1
wisely,1
goe,1
clever,1
housetop,1
condemned,1
sweete,1
lincks,1
bower,1
st,1
exhorted,1
dim,1
peculiarly,1
concurred,1
idle,1
dropping,1
estates,1
submitting,1
breed,1
exthe,1
appropriate,1
example,1
newly,1
existences,1
moved,1
waiting,1
humanistic,1
rest,1
undesirable,1
enjoy,1
schematic,1
setled,1
behalf,1
leah,1
strangers,1
reigns,1
nations,1
survived,1
prescribed,1
cite,1
void,1
flourished,1
petrarch,1
portion,1
battle,1
sixteenth,1
submissive,1
rottenness,1
situation,1
io,1
reduced,1
coniugium,1
ventured,1
frowardly,1
condemnation,1
absence,1
lycurgus,1
various,1
ramist,1
ovidian,1
bringing,1
thir,1
plainely,1
sanctity,1
identified,1
hide,1
happy,1
drama,1
conquerour,1
supremacy,1
limited,1
heads,1
wings,1
unapt,1
wait,1
brief,1
forward,1
allowable,1
poysons,1
song,1
breath,1
assure,1
reduce,1
adjoined,1
skilful,1
judgment,1
intervention,1
expanded,1
indicates,1
wisest,1
experiences,1
incorrigible,1
sending,1
wind,1
sinful,1
escaping,1
unfamiliar,1
jesus,1
adapted,1
theologians,1
positive,1
beset,1
churlish,1
illuminating,1
comforting,1
repression,1
superiour,1
depicted,1
foot,1
hominis,1
springs,1
unctuously,1
museum,1
opportunities,1
doe,1
swer,1
represents,1
salvation,1
marginal,1
paradox,1
happened,1
compounde,1
serve,1
civill,1
evil,1
sounds,1
fail,1
beget,1
assailed,1
inspiration,1
zurich,1
ne,1
needed,1
disagreeable,1
marred,1
index,1
flower,1
cumbers,1
management,1
contemplation,1
sodainly,1
snare,1
commonwealth,1
dimme,1
complete,1
delight,1
culture,1
ani,1
marigold,1
mysterious,1
lacked,1
skin,1
passions,1
incompetent,1
pseudonym,1
wright,1
deliver,1
al,1
infused,1
happinesse,1
largest,1
mindes,1
already,1
boldness,1
authoritie,1
illustrated,1
qualified,1
tending,1
increasingly,1
affirmed,1
rise,1
inheritance,1
revenge,1
lot,1
emotionwhich,1
picture,1
arrows,1
abominations,1
chose,1
volume,1
showing,1
dante,1
lamb,1
corporations,1
disposition,1
shrewishness,1
beautifullest,1
dilemma,1
mulier,1
blindnes,1
helpmeet,1
waves,1
stated,1
limit,1
comely,1
neglect,1
lest,1
amours,1
admirable,1
astonishment,1
pointed,1
knowing,1
conceived,1
serenate,1
similarly,1
lamp,1
harmonious,1
chers,1
fraile,1
allulded,1
tremendous,1
gentle,1
intending,1
adherence,1
corporal,1
husbandry,1
rebekkaes,1
longest,1
meanes,1
dissimilitude,1
admit,1
schoole,1
stories,1
prevaileth,1
treatment,1
huswifelie,1
abstain,1
professed,1
genuine,1
comings,1
striking,1
music,1
enlarging,1
wedded,1
merriment,1
endeavourer,1
umpire,1
eamestly,1
praiseworthy,1
deems,1
communions,1
hhh,1
stuffing,1
educated,1
daily,1
angry,1
classical,1
named,1
certaine,1
unfainedly,1
demonstrating,1
omitted,1
contemporary,1
doubt,1
resolved,1
venture,1
warmly,1
seldom,1
remark,1
thwarting,1
serious,1
anne,1
minister,1
reasons,1
rebuke,1
brotherhood,1
rhetoric,1
honor,1
sullennesse,1
prudential,1
ages,1
likelihood,1
learn,1
ground,1
remarkable,1
signifying,1
differences,1
anatomie,1
byfield,1
keys,1
evaded,1
knits,1
creature,1
excelld,1
developing,1
betake,1
refrain,1
existing,1
establish,1
baxter,1
renaissance,1
tell,1
provocations,1
homer,1
forthe,1
origin,1
freer,1
disparity,1
carnal,1
turgid,1
dutie,1
friendship,1
belief,1
vast,1
urges,1
ordinance,1
compleat,1
winslow,1
hie,1
learnt,1
borne,1
heed,1
recommend,1
anticipate,1
polities,1
hesitate,1
imagine,1
original,1
fundamentally,1
peeres,1
parish,1
hongry,1
greatest,1
doves,1
lap,1
warning,1
simple,1
extended,1
encounter,1
admits,1
scabberd,1
success,1
beareth,1
guests,1
treated,1
rendered,1
discovery,1
explanation,1
hundred,1
comforter,1
unquestionably,1
sacramental,1
desert,1
servant,1
thereto,1
churchman,1
enormous,1
previously,1
apology,1
sufficiently,1
sinne,1
sweets,1
morall,1
gusto,1
services,1
chuse,1
seeke,1
medium,1
louis,1
omit,1
thankes,1
forgot,1
religiously,1
largely,1
convenience,1
advises,1
francis,1
crooked,1
togethet,1
diaries,1
bargaine,1
intellectual,1
kingdom,1
canon,1
divinitie,1
continue,1
breaketh,1
aids,1
contentment,1
fitted,1
full,1
sinned,1
vices,1
kingdomes,1
imagery,1
fold,1
congregation,1
epic,1
underwent,1
joys,1
attraction,1
rejected,1
pertinently,1
proove,1
subtle,1
truths,1
provoked,1
moral,1
reality,1
directed,1
authors,1
communicated,1
discussed,1
habit,1
publication,1
language,1
oyle,1
dilate,1
slipperous,1
accounted,1
brass,1
frends,1
maintenance,1
pronounc,1
admission,1
august,1
anxious,1
controversies,1
allowed,1
started,1
perverse,1
reformers,1
gates,1
crooke,1
mask,1
cana,1
deceived,1
miracle,1
aptnesse,1
filled,1
disclaimer,1
households,1
keen,1
poetic,1
fancy,1
harder,1
commentaries,1
lose,1
recapitulates,1
spent,1
prudent,1
gets,1
margin,1
gcc,1
beforehand,1
jurisdiction,1
implore,1
verbosely,1
article,1
successor,1
followeth,1
satisfy,1
priest,1
hic,1
feet,1
assures,1
awakening,1
divest,1
sight,1
commands,1
overcome,1
topics,1
discerne,1
celibate,1
eestand,1
midnight,1
incompatible,1
onely,1
idm,1
teach,1
assigning,1
structure,1
extravagance,1
chilton,1
fateful,1
comfortably,1
bal,1
directs,1
assisi,1
slightly,1
righthand,1
carriage,1
bestowed,1
dreamt,1
forefront,1
instances,1
occupied,1
hind,1
institution,1
attend,1
meane,1
conveyed,1
mens,1
recanted,1
hope,1
normal,1
attention,1
widely,1
attended,1
prea,1
praier,1
calvin,1
harty,1
tactfully,1
advising,1
profitable,1
suggest,1
istud,1
individualism,1
seasons,1
flock,1
straight,1
lyrical,1
devote,1
omnia,1
gloomy,1
aid,1
moses,1
absorbing,1
haft,1
ing,1
richest,1
goodnesse,1
sealed,1
involving,1
mercies,1
assert,1
usually,1
earth,1
meats,1
willingly,1
plays,1
testing,1
tjsil,1
bound,1
arrow,1
gv,1
employment,1
begin,1
centuries,1
manly,1
ordinary,1
male,1
yoake,1
referred,1
mood,1
recourse,1
detailed,1
force,1
worse,1
jar,1
commonwealths,1
confine,1
reverted,1
reservations,1
paradoxical,1
try,1
countries,1
class,1
settled,1
hell,1
composeth,1
sinners,1
kill,1
continually,1
blood,1
profess,1
chamber,1
goeth,1
breasts,1
entreating,1
dead,1
etiological,1
enforced,1
eare,1
edifying,1
hutchinson,1
get,1
bestow,1
face,1
wants,1
commenting,1
sound,1
chiding,1
vitall,1
virgil,1
extensions,1
fatefully,1
earliest,1
concord,1
withall,1
dance,1
lye,1
sections,1
undertook,1
cannon,1
innocency,1
deductions,1
infusion,1
authorities,1
loyall,1
rarely,1
takes,1
constant,1
til,1
traneous,1
precedence,1
comelie,1
metall,1
aptness,1
heeded,1
conjunction,1
grand,1
finest,1
circumstances,1
therfore,1
existence,1
meeknesse,1
heathen,1
corner,1
struck,1
constituted,1
malleville,1
satisfying,1
beside,1
perversely,1
unction,1
beautie,1
uphold,1
implied,1
exposition,1
suffers,1
shop,1
housholders,1
unrighteous,1
physical,1
supports,1
disapproval,1
narrowly,1
singes,1
glossed,1
command,1
der,1
outcome,1
defining,1
spectacles,1
performed,1
mutually,1
current,1
romulus,1
godlines,1
principle,1
darkest,1
printer,1
thinges,1
rebeccas,1
bosomes,1
stereotyped,1
melt,1
matrimonie,1
tongue,1
dislikes,1
inclined,1
coupling,1
eloquence,1
prolific,1
commission,1
seriously,1
pickering,1
trine,1
simpathy,1
wherby,1
valour,1
righted,1
gc,1
partaking,1
casuistry,1
disrupted,1
half,1
nights,1
domino,1
magitians,1
unacknowledged,1
hindering,1
speech,1
belongeth,1
provoke,1
iii,1
pleased,1
offend,1
clearly,1
speculation,1
enemy,1
exhaustive,1
powell,1
unwisely,1
indispensable,1
seldome,1
cultivation,1
bones,1
cities,1
espouzed,1
crownes,1
ruths,1
passage,1
masters,1
prescribing,1
growing,1
beginning,1
outlook,1
hardness,1
defend,1
augustine,1
born,1
thanked,1
indisposition,1
unlikely,1
frigidity,1
inure,1
carefully,1
muse,1
combined,1
burns,1
preservative,1
shalbe,1
doings,1
plants,1
reminds,1
anyhow,1
imposed,1
westminster,1
browbeaten,1
add,1
textbook,1
hoped,1
myles,1
launches,1
imbrodered,1
condemn,1
warn,1
helper,1
supporter,1
seemd,1
instrument,1
dispensation,1
supplemented,1
christians,1
listen,1
appetite,1
clipte,1
confesse,1
contrariety,1
expositions,1
indifference,1
wanton,1
agreed,1
tryall,1
suggests,1
paradyse,1
dedication,1
scruples,1
refers,1
freedom,1
carying,1
gratitude,1
burden,1
tent,1
musicke,1
remember,1
universities,1
providential,1
blessednesse,1
occasionally,1
poems,1
careful,1
apostle,1
amiable,1
furniture,1
decisive,1
joining,1
confirm,1
press,1
tried,1
sunne,1
bid,1
preached,1
befell,1
sitting,1
step,1
assumptions,1
congenial,1
happens,1
measure,1
substance,1
concurring,1
contribute,1
arguments,1
legge,1
conversely,1
bees,1
gloss,1
mob,1
writing,1
gain,1
expositor,1
varied,1
sinneful,1
prepared,1
pieties,1
comprehended,1
superseded,1
sanctioned,1
murmured,1
compulsion,1
afresh,1
shown,1
solemne,1
breaks,1
moralists,1
argues,1
friendships,1
powers,1
cambridge,1
unexpectedly,1
initiated,1
sensibilities,1
twentieth,1
institutional,1
athenae,1
beings,1
grant,1
catch,1
vernacular,1
idiot,1
register,1
mindful,1
offer,1
grown,1
sweetens,1
land,1
lured,1
publik,1
leson,1
states,1
boke,1
selection,1
amiablenesse,1
exceeding,1
regular,1
sworde,1
playing,1
attempted,1
voluntary,1
hinder,1
philosophy,1
instinct,1
counseling,1
presenting,1
walking,1
remains,1
association,1
familie,1
reformation,1
summary,1
bigail,1
am,1
vi,1
inclination,1
offered,1
supported,1
searching,1
vessel,1
intensely,1
engrossing,1
actions,1
disturbing,1
softness,1
counselors,1
recompense,1
inducements,1
justify,1
favoured,1
overstepping,1
chicago,1
wicked,1
debate,1
brests,1
create,1
averred,1
bounds,1
substantial,1
instance,1
delicate,1
seminarie,1
abandoned,1
fellowship,1
desperate,1
dwelt,1
pharisees,1
doctrina,1
weake,1
owe,1
successive,1
asked,1
attendance,1
magnifying,1
resources,1
universe,1
showed,1
guilded,1
termed,1
uncertain,1
tragic,1
derogate,1
occur,1
martin,1
perpetual,1
thorough,1
amiss,1
