WORDCOUNTS,WEIGHT
the,64
to,46
and,41
of,33
in,28
baby,21
their,19
with,17
be,17
babies,16
mothers,15
have,14
birth,13
after,13
at,12
is,12
mother,12
more,10
should,10
a,9
for,9
that,8
this,8
contact,7
as,7
may,6
soon,6
two,6
are,6
children,6
who,6
on,6
parents,5
they,5
one,5
newborn,5
h,5
or,5
she,5
important,5
time,5
them,5
her,5
allowed,5
between,5
m,4
been,4
not,4
face,4
attachment,4
al,4
by,4
first,4
had,4
klaus,4
et,4
there,4
has,4
were,4
shown,4
an,4
can,4
when,4
we,4
will,3
it,3
child,3
no,3
if,3
separated,3
unit,3
breast,3
group,3
behaviour,3
then,3
days,3
from,3
but,3
care,3
put,3
each,3
all,3
hours,3
s,3
medicine,3
hospital,3
kennell,3
do,3
some,3
year,3
patterns,3
journal,3
much,3
critical,2
pediatrics,2
he,2
second,2
whose,2
his,2
later,2
groups,2
incidence,2
similar,2
hold,2
life,2
why,2
sick,2
often,2
about,2
likely,2
injuries,2
studies,2
was,2
seems,2
home,2
minutes,2
holding,2
observations,2
without,2
must,2
most,2
touching,2
love,2
delivery,2
also,2
potential,2
many,2
j,2
parental,2
access,2
speech,2
studied,2
any,2
new,2
events,2
nevertheless,2
developmental,2
advances,2
present,2
what,2
month,2
appears,2
cause,2
necessary,2
eye,2
neurology,2
because,2
failure,2
abuse,2
having,2
possible,2
future,2
work,2
father,2
both,2
naked,2
given,2
during,2
sequence,2
our,2
which,2
review,2
years,2
own,2
doctor,2
harm,2
wish,2
times,2
spent,2
promote,2
early,2
those,2
immediately,2
than,2
evidence,2
looking,2
advising,1
dealing,1
difficult,1
go,1
supremely,1
now,1
churchill,1
relationship,1
devote,1
wishes,1
done,1
today,1
behavioural,1
common,1
concerned,1
figure,1
usually,1
five,1
functional,1
ready,1
nurseries,1
begin,1
decades,1
fingers,1
resulted,1
fewer,1
reason,1
alone,1
still,1
determining,1
make,1
mouth,1
importance,1
direct,1
complex,1
integrity,1
special,1
extra,1
fall,1
united,1
awareness,1
hull,1
animals,1
factors,1
ing,1
ways,1
bonds,1
qualify,1
examined,1
injury,1
cleveland,1
thought,1
pressures,1
under,1
amended,1
forget,1
acceptance,1
matters,1
policy,1
neurological,1
familiar,1
organic,1
encourage,1
deliveries,1
clearly,1
same,1
n,1
battered,1
ed,1
primates,1
these,1
four,1
being,1
stitching,1
only,1
else,1
postnatal,1
physical,1
fix,1
wrong,1
long,1
every,1
tragedies,1
human,1
finger,1
rate,1
implications,1
give,1
know,1
again,1
might,1
trunk,1
rapid,1
thrive,1
over,1
promoting,1
addition,1
england,1
routine,1
talking,1
grow,1
different,1
inclined,1
longer,1
idea,1
preserve,1
gone,1
clothed,1
maternal,1
could,1
warm,1
together,1
placenta,1
appeared,1
differences,1
extended,1
feed,1
milk,1
out,1
wholly,1
closer,1
very,1
relate,1
benefit,1
take,1
kingdom,1
away,1
lick,1
shield,1
past,1
reasons,1
last,1
better,1
never,1
person,1
livingstone,1
helping,1
informed,1
normal,1
unlikely,1
technical,1
recently,1
produced,1
less,1
british,1
accounts,1
immature,1
excellent,1
otherwise,1
brief,1
edinburgh,1
leaving,1
problem,1
limbs,1
illness,1
while,1
recent,1
briefly,1
healthy,1
missed,1
ideal,1
private,1
infant,1
used,1
intimate,1
prematurity,1
caring,1
made,1
presented,1
student,1
limitations,1
r,1
concept,1
fondling,1
part,1
ohio,1
enormous,1
practices,1
increase,1
apparent,1
arms,1
mackeith,1
subject,1
chronic,1
poignant,1
feeds,1
significant,1
fed,1
persisted,1
palms,1
diately,1
succeed,1
tips,1
questions,1
neglect,1
imme,1
varied,1
hour,1
thus,1
orgasm,1
handicap,1
described,1
charge,1
such,1
paediatrician,1
difference,1
accommodation,1
medical,1
three,1
ringler,1
reward,1
doctors,1
september,1
summarised,1
midwives,1
interest,1
someone,1
workers,1
prolonged,1
although,1
good,1
issued,1
d,1
enabling,1
working,1
period,1
need,1
provided,1
suggest,1
wards,1
forming,1
kept,1
anyone,1
rushed,1
cases,1
extremely,1
saved,1
increased,1
neonatal,1
heat,1
few,1
subjects,1
bottle,1
eyes,1
response,1
six,1
young,1
adhere,1
commands,1
rejection,1
realised,1
witnessed,1
find,1
fully,1
explore,1
progress,1
instance,1
elated,1
guess,1
goat,1
paediatrics,1
kid,1
observed,1
premature,1
occasion,1
ago,1
delivered,1
asked,1
showed,1
delayed,1
rest,1
sensations,1
major,1
infants,1
