WORDCOUNTS,WEIGHT
the,1467
of,863
to,690
in,653
and,643
a,426
is,305
for,285
that,276
reach,251
this,242
chemicals,239
it,215
be,202
as,181
on,177
at,175
s,163
states,142
law,139
or,127
by,123
an,112
see,112
united,107
are,106
not,101
information,99
eu,97
with,95
also,94
will,83
note,80
european,79
substances,78
which,77
have,76
supra,71
from,71
http,70
its,69
has,68
list,68
regulatory,66
state,63
chemical,63
report,61
about,59
these,58
regulation,58
california,57
u,55
been,53
id,52
example,50
www,48
environmental,47
data,47
there,46
can,46
art,45
other,44
would,44
paper,43
their,43
they,42
one,41
concern,40
policy,39
reform,38
but,37
only,37
foreign,37
may,36
under,36
relation,36
health,35
companies,35
toxic,35
high,35
no,34
american,33
even,33
svhc,32
tsca,32
when,32
consumer,31
was,31
more,31
authorization,30
environment,30
available,29
epa,29
important,29
products,28
federal,28
chemistry,28
new,28
use,28
while,28
substance,28
such,27
act,27
international,27
where,27
must,27
market,26
than,26
org,26
comparative,25
upon,25
safety,25
article,25
among,25
production,24
those,24
vol,24
journal,24
impact,24
massachusetts,24
included,24
tion,23
industry,23
ngos,23
attraction,23
so,23
very,23
both,23
level,23
product,23
pdf,22
risk,22
gov,22
europe,22
including,22
green,22
agency,21
sin,21
do,21
here,21
migration,21
particular,21
role,21
way,20
first,20
out,20
up,20
bill,20
com,20
committee,19
third,19
section,19
public,19
well,19
actors,19
discussion,19
we,19
burden,19
does,18
candidate,18
government,18
l,18
union,18
could,18
two,18
many,18
registration,18
safer,18
alternatives,18
consumers,18
if,17
wagner,17
human,17
chemi,17
process,17
any,17
account,16
framework,16
most,16
result,16
used,16
part,16
existing,16
especially,16
chemsec,16
federalism,16
cal,16
final,15
member,15
all,15
parties,15
within,15
applicant,15
b,15
based,15
requirements,15
criteria,15
control,15
interested,15
subject,15
potential,15
between,15
resnik,14
protection,14
into,14
applegate,14
con,14
some,14
standards,14
required,14
efforts,14
ngo,14
annex,14
over,14
effects,14
center,13
before,13
apply,13
priority,13
house,13
work,13
submitted,13
trade,13
clear,13
global,13
include,13
might,12
j,12
threshold,12
development,12
competitor,12
how,12
certain,12
initiative,12
already,12
legislation,12
concerns,12
likely,12
us,12
outside,12
sess,12
alternative,12
what,12
require,12
suggests,12
re,12
cals,12
conditions,12
evidence,12
specific,12
true,11
being,11
gap,11
case,11
exposure,11
possible,11
against,11
de,11
interest,11
defense,11
billion,11
producers,11
proposed,11
w,11
database,11
sector,11
maine,11
implementation,11
business,11
requirement,11
light,11
volume,11
number,11
made,11
national,11
gen,11
program,11
offers,11
domestic,11
them,11
c,11
should,11
submit,10
thus,10
company,10
includes,10
his,10
across,10
levels,10
form,10
lowell,10
elsewhere,10
show,10
additional,10
banned,10
though,10
approach,10
relevant,10
world,10
power,10
fact,10
time,10
restrictions,10
initiatives,10
points,10
provides,10
provide,10
countries,10
analysis,10
known,10
whether,10
gao,9
ways,9
sub,9
still,9
similar,9
developments,9
entry,9
globalization,9
had,9
abroad,9
toys,9
concept,9
change,9
through,9
dtsc,9
forward,9
make,9
comments,9
recall,9
request,9
present,9
regulator,9
ideas,9
publication,9
individual,9
she,9
who,9
ing,9
articles,9
labeling,9
down,9
senate,9
argues,9
recent,9
much,9
superiority,8
groups,8
adoption,8
group,8
identify,8
taken,8
system,8
learning,8
kind,8
suitable,8
rather,8
ex,8
established,8
benefits,8
resource,8
requires,8
healthy,8
safe,8
however,8
least,8
research,8
notes,8
play,8
innovation,8
noted,8
ban,8
proposal,8
children,8
range,8
significant,8
refers,8
like,8
reg,8
para,8
substitution,8
tive,8
wilson,8
comes,8
set,8
commission,8
regard,8
options,8
terms,8
programs,8
finding,8
course,8
defined,8
summary,8
manufactured,8
entities,7
rev,7
informa,7
informational,7
large,7
complex,7
second,7
setting,7
fund,7
seems,7
containing,7
continue,7
reasons,7
polyphonic,7
found,7
powers,7
anticipated,7
notification,7
influence,7
incentive,7
ensure,7
argued,7
cost,7
problems,7
expressed,7
access,7
wide,7
possibility,7
basis,7
economic,7
rise,7
endocrine,7
order,7
around,7
governments,7
asp,7
he,7
capacity,7
reference,7
organizations,7
documents,7
examples,7
were,7
pro,7
figures,7
executive,7
governmental,7
accordance,7
each,7
did,7
build,7
making,7
directive,7
given,7
firms,7
question,7
lists,7
manufacturers,7
manufacturer,7
now,6
o,6
imported,6
e,6
sphere,6
specified,6
experience,6
said,6
chem,6
sources,6
identifying,6
sustainable,6
take,6
i,6
key,6
prior,6
basf,6
establishing,6
taking,6
behavior,6
authors,6
adopted,6
affairs,6
concerning,6
restrict,6
drawn,6
pbt,6
details,6
svhcs,6
opportunity,6
hazardous,6
europa,6
danger,6
risks,6
restriction,6
management,6
view,6
lead,6
demands,6
further,6
recently,6
produced,6
scale,6
placed,6
because,6
significantly,6
during,6
participate,6
f,6
variety,6
various,6
identified,6
action,6
transnational,6
released,6
exception,6
makes,6
put,6
campaigning,6
john,6
council,6
gives,6
website,6
echa,6
catalyst,6
general,6
ment,6
offer,6
standard,6
become,6
exported,6
percent,6
seeking,6
story,6
staff,6
crucial,6
five,6
toxics,6
denison,6
arts,6
then,6
shaffer,6
willingness,6
privacy,6
presence,6
clearly,6
assessment,6
imposed,6
too,6
categories,6
code,6
introduced,6
press,6
intended,6
manufacturing,6
sale,6
our,6
argument,6
dangerous,6
d,6
recourse,6
voluntary,6
strong,6
ca,6
courts,5
go,5
done,5
child,5
limits,5
common,5
submission,5
provisions,5
laid,5
vpvb,5
generated,5
agenda,5
nature,5
assess,5
advantage,5
borders,5
doc,5
context,5
ad,5
evaluation,5
existence,5
tal,5
design,5
richard,5
far,5
establishment,5
along,5
tons,5
regarding,5
review,5
feasibility,5
due,5
application,5
cases,5
nor,5
feasible,5
bills,5
carcinogens,5
developed,5
activists,5
dow,5
comply,5
white,5
rules,5
awareness,5
support,5
category,5
listed,5
reasonably,5
position,5
legislative,5
rule,5
authorisation,5
businesses,5
her,5
big,5
meet,5
technical,5
sites,5
almost,5
participation,5
future,5
stances,5
network,5
scope,5
r,5
year,5
overview,5
hereinafter,5
issues,5
accessible,5
officials,5
commerce,5
useful,5
php,5
senator,5
choose,5
multinational,5
provided,5
local,5
nations,5
led,5
absence,5
scientific,5
constraints,5
represents,5
disclosure,5
technology,5
home,5
reports,5
published,5
party,5
similarly,5
discussed,5
csr,5
less,5
judith,5
ports,5
practice,5
another,5
private,5
limitations,5
previously,5
looking,5
sold,5
chemicalspolicy,5
processes,5
option,5
office,5
three,5
latter,5
schapiro,5
availability,5
sept,5
adversarial,5
regula,5
testing,5
contrast,5
seen,5
associated,5
hpv,5
principle,5
publicly,5
different,5
just,5
according,5
lessons,5
bodies,5
met,5
step,5
using,5
come,5
disseminating,5
electronic,5
generate,5
washington,5
association,5
improve,5
obligation,5
edf,5
create,5
substantial,5
doing,5
difficult,4
concerned,4
designated,4
alone,4
likewise,4
assessments,4
ma,4
democratic,4
authority,4
h,4
nonetheless,4
every,4
address,4
toxicological,4
definition,4
leading,4
walmart,4
greatly,4
somewhat,4
obama,4
growing,4
task,4
pub,4
rests,4
recommendations,4
rela,4
cited,4
minimum,4
hazard,4
exist,4
authoritative,4
works,4
precautionary,4
ct,4
refer,4
back,4
disruptors,4
same,4
look,4
higher,4
mechanisms,4
steps,4
online,4
interesting,4
costs,4
individuals,4
performance,4
active,4
granted,4
persistent,4
importance,4
direct,4
generating,4
special,4
empowered,4
mation,4
means,4
university,4
leg,4
emergence,4
n,4
beyond,4
organisation,4
location,4
arrival,4
relating,4
relate,4
initial,4
im,4
respects,4
urgent,4
focused,4
cannot,4
tives,4
shape,4
directly,4
having,4
prioritizing,4
place,4
policies,4
own,4
shortcomings,4
either,4
lautenberg,4
good,4
below,4
stage,4
sponsors,4
protect,4
cefic,4
passive,4
activities,4
highlights,4
entitled,4
limited,4
above,4
sustainability,4
competition,4
push,4
intense,4
read,4
requiring,4
index,4
sales,4
department,4
allows,4
transatlantic,4
subcommittee,4
activism,4
striking,4
identical,4
hand,4
v,4
covered,4
establish,4
waxman,4
campaigns,4
demonstrating,4
described,4
exports,4
comprehensive,4
agreement,4
function,4
toxicity,4
assessing,4
effect,4
teach,4
equivalent,4
environ,4
attention,4
applies,4
examines,4
detailed,4
force,4
html,4
sealants,4
considered,4
senior,4
changing,4
country,4
seem,4
authorities,4
current,4
iii,4
particularly,4
goods,4
find,4
better,4
economy,4
cause,4
extent,4
always,4
produce,4
rohs,4
size,4
unreasonable,4
formation,4
leverage,4
although,4
need,4
opinions,4
cfm,4
shtml,4
seeks,4
classification,4
offered,4
infor,4
classifications,4
close,4
currently,3
page,3
corporate,3
heyvaert,3
downloads,3
created,3
encouraged,3
introduction,3
passing,3
disclose,3
effective,3
approaches,3
favor,3
undertaken,3
presents,3
ambitious,3
ucts,3
source,3
par,3
t,3
explaining,3
beneficial,3
bioaccumulative,3
together,3
rich,3
arises,3
able,3
xiii,3
thanks,3
concludes,3
regu,3
listing,3
written,3
respond,3
principal,3
robert,3
momsrising,3
advocates,3
advisory,3
suppress,3
drive,3
alter,3
cmrs,3
environmen,3
mental,3
say,3
laws,3
establishes,3
representing,3
enter,3
amendment,3
identifies,3
inventory,3
exposed,3
million,3
harv,3
affiliation,3
hazards,3
massachu,3
professor,3
reported,3
september,3
backdrop,3
author,3
media,3
codified,3
expected,3
wendy,3
document,3
response,3
served,3
networks,3
ingredient,3
opposed,3
authoriza,3
links,3
headquartered,3
reforms,3
changes,3
amended,3
signed,3
manufacture,3
inspiration,3
four,3
puts,3
phased,3
david,3
provisional,3
opinion,3
suggested,3
disclosed,3
uses,3
closely,3
encourage,3
pounds,3
allow,3
downstream,3
physicochemical,3
entered,3
seven,3
users,3
facilitate,3
cluding,3
inter,3
term,3
contest,3
fourth,3
aspects,3
indirect,3
pbts,3
norms,3
representatives,3
creates,3
nafta,3
preparations,3
wto,3
followed,3
learn,3
assemb,3
tool,3
related,3
interna,3
ten,3
literature,3
actually,3
highlighted,3
boxer,3
creating,3
joanne,3
arise,3
presented,3
hard,3
working,3
things,3
seized,3
hence,3
translocal,3
emerging,3
specifically,3
calling,3
sufficient,3
few,3
june,3
highly,3
petition,3
fully,3
annual,3
clearinghouse,3
results,3
appropriate,3
valuable,3
enjoy,3
critical,3
therefore,3
materials,3
bringing,3
impacts,3
overall,3
brief,3
movement,3
registered,3
decisions,3
supplier,3
frank,3
alterna,3
recommendation,3
energycommerce,3
serve,3
neither,3
positively,3
dan,3
vermont,3
autonomy,3
challenge,3
again,3
californian,3
tbt,3
addition,3
added,3
veerle,3
considerable,3
advocacy,3
serious,3
reproductive,3
enough,3
operating,3
manner,3
agencies,3
governance,3
explicitly,3
free,3
years,3
setts,3
understanding,3
technologies,3
exploring,3
disease,3
background,3
treated,3
prevention,3
findings,3
entirely,3
waste,3
expression,3
factor,3
resulting,3
actual,3
hoc,3
engaged,3
icy,3
proposition,3
prod,3
ties,3
open,3
tional,3
language,3
times,3
brussels,3
played,3
probable,3
exchange,3
legislatures,3
henry,3
looks,3
workshop,3
tendency,3
pean,3
suggest,3
suggestion,3
leveraging,3
continued,3
science,3
lines,3
sec,3
vpvbs,3
yale,3
recalled,3
achieve,3
respect,3
addressed,3
claims,3
proof,3
share,3
fifteen,3
htm,3
scrutiny,3
timetable,3
dimension,3
scientist,3
organized,3
december,3
board,3
feed,3
preamble,3
compliance,3
rely,3
benefit,3
past,3
risky,3
places,3
searchable,3
day,3
automatically,3
month,3
want,3
stat,3
constitutional,3
acc,3
emphasis,3
hundreds,3
little,3
scott,3
despite,3
pre,3
ec,3
regulate,3
ac,3
impose,3
measure,3
organization,3
arguments,3
pol,3
preemption,3
producer,3
shown,3
obliged,3
commercial,3
disposal,3
frame,3
sought,3
inherent,3
area,3
remains,3
substitute,3
actions,3
sharing,3
disrupting,3
import,3
focus,3
seek,3
comparable,3
euro,3
meeting,3
draft,3
senators,3
major,3
procedure,2
experimentalist,2
estimated,2
meaning,2
export,2
commitment,2
facto,2
college,2
measures,2
notably,2
per,2
hearings,2
told,2
becoming,2
picked,2
pollutionprevention,2
remind,2
openness,2
tors,2
additionally,2
studies,2
proactive,2
ghs,2
lation,2
pose,2
stan,2
evaluating,2
total,2
exceptions,2
toxicants,2
controlled,2
properties,2
women,2
file,2
disaggregated,2
provision,2
permit,2
wirth,2
localities,2
regulating,2
voices,2
pervasive,2
pfizer,2
implications,2
attempt,2
secretary,2
assist,2
articulate,2
taskforce,2
emerged,2
drivers,2
scorecard,2
experiments,2
mercury,2
shaped,2
principles,2
scientifically,2
ble,2
accompanied,2
confusion,2
turnover,2
blind,2
follows,2
ences,2
scheme,2
launched,2
subsequent,2
mind,2
authori,2
concepts,2
raised,2
prohibiting,2
classified,2
proposals,2
gaps,2
draws,2
nology,2
retailers,2
generates,2
accountability,2
determined,2
logical,2
compelling,2
stance,2
shared,2
october,2
ernmental,2
move,2
vital,2
obvious,2
internet,2
bans,2
point,2
except,2
monitoring,2
objective,2
increase,2
engage,2
attract,2
pursuing,2
diversity,2
singled,2
associations,2
centralized,2
therein,2
tonnage,2
blades,2
cid,2
facts,2
quality,2
inevitable,2
illustrates,2
g,2
ability,2
issued,2
arena,2
weaknesses,2
turn,2
candidates,2
registrant,2
elements,2
sized,2
cali,2
amount,2
version,2
contrary,2
serving,2
inclusion,2
outweigh,2
attests,2
compared,2
applying,2
highlighting,2
determinations,2
y,2
suitability,2
advantages,2
rep,2
traits,2
invites,2
competitive,2
ton,2
certification,2
aim,2
permits,2
adequate,2
york,2
main,2
ethanol,2
arising,2
chemicalwatch,2
remain,2
illustration,2
basic,2
en,2
biggest,2
preparing,2
parents,2
initiate,2
travels,2
worker,2
ongoing,2
hearing,2
promoting,2
retail,2
feel,2
animals,2
califor,2
bad,2
consultation,2
adopt,2
intensive,2
cess,2
workplace,2
record,2
profile,2
mixtures,2
reality,2
presumed,2
acceptance,2
superior,2
tort,2
ditz,2
xiv,2
ful,2
instance,2
willing,2
guidance,2
strategy,2
providing,2
tory,2
drawing,2
appear,2
nia,2
whereas,2
greater,2
advance,2
ambition,2
search,2
p,2
effort,2
economics,2
issue,2
emerge,2
representative,2
intervening,2
prompt,2
louisvillecharter,2
war,2
fisher,2
agreements,2
intensity,2
priorities,2
otherwise,2
xvii,2
rest,2
conferences,2
tant,2
scene,2
eliminate,2
globally,2
keeping,2
implement,2
harmonisation,2
received,2
strict,2
preferred,2
heart,2
prominent,2
brought,2
stake,2
heavily,2
tens,2
purpose,2
civil,2
calls,2
confined,2
quickly,2
excessive,2
elizabeth,2
whole,2
describe,2
cerning,2
broad,2
suppliers,2
constitute,2
contains,2
beginnings,2
people,2
employed,2
believes,2
icals,2
president,2
pollution,2
social,2
daryl,2
field,2
shaping,2
tested,2
next,2
framed,2
emory,2
exclude,2
acting,2
explored,2
small,2
ignore,2
choosing,2
core,2
invite,2
proper,2
rechtschaffen,2
value,2
finds,2
docs,2
administra,2
geographical,2
impor,2
invest,2
avoid,2
content,2
dossier,2
san,2
ical,2
situation,2
reduced,2
matter,2
protecting,2
functioning,2
populations,2
prioritization,2
giving,2
short,2
indeed,2
expansion,2
minority,2
transition,2
oversight,2
april,2
reduce,2
community,2
says,2
technically,2
sponsored,2
migra,2
humans,2
reforming,2
direction,2
positive,2
secretariat,2
guide,2
criticism,2
justifying,2
arrangements,2
opportunities,2
treaty,2
builds,2
rapra,2
populated,2
tain,2
release,2
ed,2
demonstrates,2
entrench,2
initia,2
ously,2
exploit,2
shows,2
lee,2
peti,2
leader,2
name,2
ind,2
book,2
childrens,2
prompting,2
asphalt,2
mark,2
thresholds,2
reporting,2
scientists,2
expose,2
lack,2
idea,2
warned,2
xii,2
call,2
plan,2
choice,2
overseen,2
harmonised,2
clause,2
end,2
observes,2
bility,2
foreseeable,2
fits,2
joan,2
ground,2
intervene,2
actor,2
model,2
possi,2
developing,2
jobs,2
necessary,2
ssrn,2
japan,2
fect,2
perhaps,2
sell,2
deficit,2
ecology,2
confidentiality,2
degree,2
thousands,2
greatest,2
balance,2
amendments,2
formal,2
region,2
transformed,2
charts,2
medium,2
zation,2
oppose,2
virtually,2
announcement,2
began,2
engaging,2
crevices,2
laboratory,2
examination,2
picks,2
previous,2
beling,2
involves,2
vii,2
provoked,2
pbdes,2
carcinogen,2
underutilization,2
chair,2
characterized,2
collaboration,2
parts,2
serves,2
distinction,2
lie,2
int,2
claim,2
permitting,2
annually,2
promote,2
study,2
sense,2
ratcheting,2
excluded,2
james,2
cern,2
consumption,2
implication,2
saw,2
joint,2
governor,2
ecotoxicological,2
develop,2
normal,2
la,2
widely,2
decision,2
performing,2
ered,2
imply,2
me,2
dards,2
nik,2
tech,2
ingredients,2
americanchemistry,2
inside,2
institutions,2
success,2
privileges,2
worse,2
try,2
life,2
es,2
pond,2
ciel,2
get,2
itself,2
consid,2
gathered,2
fought,2
schwarzenegger,2
res,2
matters,2
detail,2
heavy,2
following,2
lished,2
conclusion,2
circumstances,2
needs,2
demonstrate,2
simply,2
ner,2
economically,2
committees,2
pace,2
divisions,2
regime,2
proposes,2
borrow,2
factsandfigures,2
vogel,2
scien,2
enters,2
scares,2
confidential,2
restrictive,2
provoke,2
obviously,2
cities,2
sum,2
going,2
placing,2
william,2
warnings,2
notable,2
fornia,2
combined,2
references,2
pact,2
thirty,2
add,2
feb,2
covers,2
partici,2
protective,2
mutagens,2
quired,2
supplemented,2
exposures,2
institute,2
project,2
influenced,2
agreed,2
quantities,2
dehp,2
threat,2
contain,2
port,2
anxieties,2
conference,2
economist,2
multiple,2
marketing,2
november,2
easy,2
controls,2
wag,2
acknowledges,2
obtain,2
construed,2
tions,2
susceptible,2
epw,2
statute,2
powerful,2
quest,2
illinois,2
instead,2
canadian,2
clearest,2
arti,2
francisco,2
impacted,2
roughly,2
comparison,2
respective,2
cleaner,2
ics,2
exhaustive,2
pending,2
enterprise,2
asbestos,2
verified,2
traditional,2
senatorial,2
bene,2
tract,2
costly,2
exhibiting,1
miller,1
riskier,1
situated,1
mitted,1
chromium,1
kirsten,1
fined,1
servers,1
duce,1
rate,1
anticipates,1
deny,1
obligations,1
precepts,1
ciently,1
prefer,1
trast,1
deter,1
acknowl,1
horizontal,1
pur,1
tionalism,1
later,1
phonic,1
wwf,1
cent,1
obliga,1
collate,1
represent,1
mercial,1
dangers,1
exis,1
superfund,1
ant,1
extend,1
profitability,1
resulted,1
revolutionary,1
trans,1
announced,1
node,1
inferior,1
categorization,1
fragmented,1
requir,1
gripping,1
originate,1
pcbs,1
connecticut,1
forth,1
systemic,1
germany,1
ompare,1
expect,1
employees,1
cle,1
needed,1
louisville,1
discover,1
replaced,1
judged,1
denied,1
traded,1
drastically,1
kinds,1
diplomatic,1
properly,1
manufac,1
topics,1
tend,1
conducting,1
linkages,1
live,1
massa,1
regis,1
isting,1
sets,1
motivation,1
mandatory,1
item,1
di,1
uating,1
cftoken,1
ister,1
fletcher,1
bryan,1
ronmental,1
modern,1
satisfied,1
download,1
experimentation,1
transparency,1
considerations,1
cific,1
former,1
decade,1
advi,1
conclusive,1
doubts,1
overlook,1
vitally,1
sustainableproduction,1
enjoys,1
description,1
structing,1
discretely,1
title,1
sory,1
em,1
physicians,1
tells,1
schol,1
exacerbate,1
assisted,1
fruitful,1
detailing,1
something,1
induced,1
localism,1
edu,1
track,1
revision,1
dispersive,1
chief,1
palpable,1
conjecture,1
glossary,1
leads,1
dauntingly,1
reciprocally,1
cdc,1
chooses,1
myriad,1
consistent,1
anything,1
controver,1
undermine,1
inc,1
consum,1
barriers,1
embraced,1
bly,1
creation,1
posed,1
derives,1
tablishment,1
optionsfor,1
hood,1
ii,1
give,1
ernment,1
spencer,1
rapid,1
volkswagen,1
ourselves,1
transplant,1
diseases,1
asia,1
dramatically,1
possibilities,1
acted,1
parochial,1
sup,1
curtail,1
straightforward,1
ceptable,1
criticizing,1
theme,1
great,1
ehlers,1
oppfeadl,1
berichte,1
sindical,1
critic,1
stood,1
abou,1
producing,1
fate,1
regional,1
geopolitical,1
atlantic,1
expressions,1
composition,1
court,1
phthalates,1
kingdom,1
evolving,1
help,1
introduces,1
achieved,1
married,1
feature,1
failures,1
embrace,1
last,1
improving,1
murray,1
modernize,1
deriving,1
vertebrate,1
investigations,1
physical,1
china,1
challenged,1
discipline,1
reading,1
pertains,1
ity,1
burca,1
sheet,1
daniel,1
sneak,1
worldwide,1
rethinking,1
insti,1
similarities,1
marketed,1
nowhere,1
est,1
takes,1
nar,1
forum,1
narrower,1
chia,1
nec,1
notel,1
incen,1
resembles,1
recorded,1
eastwards,1
formulation,1
bur,1
advice,1
ucop,1
bioaccumula,1
adverse,1
carry,1
arrive,1
primary,1
iv,1
nificant,1
right,1
sponsibility,1
dreaded,1
sons,1
distributing,1
welcome,1
recommended,1
cooperation,1
georgetown,1
associ,1
ar,1
xv,1
entrepreneurs,1
facilitating,1
player,1
reaching,1
adopting,1
shielded,1
safechem,1
driver,1
globalharmon,1
professionals,1
arenas,1
west,1
sovereigntism,1
bromine,1
conceptual,1
biomonitoring,1
x,1
bluntly,1
compa,1
influential,1
diffused,1
resources,1
selecting,1
conception,1
dynamic,1
chart,1
dirty,1
considerably,1
message,1
accessed,1
chronic,1
letter,1
prevented,1
internationally,1
separating,1
shut,1
tale,1
succeed,1
tribute,1
hierarchy,1
chairman,1
central,1
natives,1
goal,1
unworkable,1
fracture,1
coun,1
differential,1
sumer,1
endanger,1
cluded,1
sweeping,1
situa,1
targeting,1
famously,1
ticular,1
pbde,1
reputation,1
minutes,1
run,1
demanded,1
pursuit,1
predated,1
categorized,1
realized,1
contentid,1
silent,1
lobalization,1
confer,1
agent,1
whatsnew,1
uploads,1
employee,1
relaxed,1
bridging,1
campaigned,1
reflection,1
characteristic,1
relatively,1
regarded,1
moment,1
tit,1
mswg,1
occurs,1
liver,1
heightened,1
ists,1
jr,1
emerges,1
exam,1
stanton,1
opportu,1
dence,1
hat,1
californians,1
exercise,1
dis,1
campaigners,1
cides,1
eign,1
distinct,1
items,1
old,1
self,1
constitutions,1
structed,1
perspective,1
writes,1
janet,1
depend,1
memorandum,1
encompass,1
body,1
highest,1
wellnetwork,1
ciprocally,1
completing,1
six,1
cant,1
ample,1
apr,1
twice,1
chap,1
ness,1
misleading,1
proactively,1
undertaking,1
speculates,1
unequivocally,1
ety,1
previ,1
equally,1
explore,1
ttn,1
consequently,1
seal,1
ticularly,1
instruments,1
bottles,1
reformulate,1
critique,1
sary,1
toxi,1
tufts,1
jeffords,1
cological,1
om,1
guard,1
leadership,1
positioned,1
protects,1
destabilize,1
inviting,1
pronounced,1
generation,1
weakness,1
chlorofluroalkanes,1
ok,1
shall,1
acknowledge,1
lastly,1
headline,1
proviso,1
ments,1
readable,1
regulatorynews,1
develops,1
kept,1
importers,1
promised,1
massey,1
sen,1
phases,1
nationwide,1
journeying,1
site,1
globaliza,1
imagine,1
assessed,1
legisla,1
accumulate,1
sixteen,1
purchase,1
simultaneously,1
colin,1
urged,1
neces,1
stitution,1
reflects,1
commis,1
beneath,1
ysis,1
uspirg,1
youngstown,1
constitutes,1
predicted,1
frustration,1
improved,1
synthesizing,1
subjected,1
gripped,1
purely,1
induces,1
presenting,1
principally,1
stricter,1
impetus,1
tists,1
discharging,1
retardants,1
possession,1
organizing,1
pies,1
secrets,1
unit,1
tunate,1
appreciation,1
borrowing,1
fascinating,1
realistically,1
advertise,1
treat,1
mean,1
precluded,1
injure,1
tary,1
ploys,1
analyzes,1
examined,1
hazardouswaste,1
titled,1
vicki,1
expenditure,1
legal,1
eight,1
poi,1
se,1
fittings,1
advan,1
icant,1
easily,1
contributions,1
pages,1
repec,1
amending,1
enacted,1
elaborate,1
packaging,1
iteration,1
echoed,1
persons,1
uncertainties,1
clarification,1
harmonization,1
reinforce,1
factors,1
tance,1
moreover,1
moves,1
wash,1
apparel,1
understand,1
branded,1
eval,1
exporter,1
appli,1
neurobehavioral,1
proving,1
mission,1
operates,1
execu,1
marks,1
consider,1
les,1
improvement,1
sorts,1
imposing,1
familiar,1
india,1
targeted,1
teaches,1
linked,1
debates,1
vivid,1
polychlorinated,1
sent,1
vidual,1
days,1
diffuse,1
numbers,1
mary,1
k,1
frequently,1
quarters,1
mjajor,1
notion,1
situations,1
metals,1
age,1
influ,1
communities,1
operate,1
exploited,1
benchmarking,1
origins,1
comparisons,1
argu,1
sabel,1
surface,1
requested,1
submerged,1
spur,1
jrc,1
modeled,1
pated,1
terminology,1
shifted,1
crucially,1
kerry,1
care,1
respected,1
m,1
incor,1
preference,1
ulation,1
dren,1
strengthen,1
healthytoys,1
consortia,1
adop,1
banning,1
friends,1
attempting,1
cancer,1
opening,1
worries,1
gregory,1
my,1
ditions,1
priori,1
occurred,1
concentration,1
bearing,1
leach,1
withheld,1
soc,1
halogenated,1
tending,1
spreads,1
conflict,1
train,1
tizing,1
entering,1
called,1
determines,1
mapping,1
struc,1
behavioral,1
centers,1
patrick,1
vironmental,1
criticisms,1
essary,1
disorders,1
near,1
enviro,1
narrow,1
persist,1
toxico,1
approximation,1
reihlen,1
struggles,1
base,1
mined,1
markets,1
liz,1
engel,1
obamaschange,1
companion,1
recipro,1
ger,1
ann,1
outset,1
accessing,1
undeniable,1
trubek,1
eased,1
supervisors,1
volvo,1
signalled,1
michigan,1
oppt,1
reviews,1
brokering,1
appears,1
default,1
viewed,1
population,1
promise,1
analogous,1
arguing,1
excellent,1
energy,1
rubber,1
nothing,1
hypothetical,1
procedures,1
ascertain,1
perform,1
judicial,1
explain,1
directions,1
biphenyls,1
acceleration,1
opposition,1
lighted,1
lease,1
january,1
pliant,1
bisphenol,1
briefly,1
expensive,1
resourced,1
advisor,1
kg,1
differ,1
acknowledging,1
competent,1
buzbee,1
savvy,1
recommending,1
sity,1
nies,1
amend,1
responding,1
imports,1
contextualized,1
crit,1
dissatisfaction,1
slightly,1
ents,1
tage,1
characterization,1
london,1
discusses,1
waldron,1
training,1
journeys,1
apparent,1
esp,1
reduction,1
nation,1
comment,1
flourish,1
recommends,1
positions,1
bite,1
tip,1
hile,1
surprise,1
constructs,1
gave,1
q,1
inno,1
refined,1
gaze,1
adap,1
lunch,1
comprehensible,1
long,1
yond,1
structures,1
runs,1
polity,1
vociferous,1
speaking,1
announcing,1
faults,1
statement,1
documented,1
prerogative,1
border,1
justification,1
viability,1
econo,1
appreciated,1
systematic,1
dynam,1
showing,1
missions,1
preparation,1
manage,1
envi,1
acronyms,1
status,1
endorsement,1
articlesbysubjecvd,1
assembly,1
connections,1
concurrent,1
suffi,1
discretion,1
else,1
count,1
presumption,1
gency,1
nike,1
terest,1
causal,1
larly,1
multiplicity,1
coordina,1
statutory,1
solution,1
chusetts,1
unac,1
indi,1
istry,1
diminish,1
comprises,1
administrator,1
chose,1
reliable,1
pation,1
collating,1
ssist,1
trading,1
cer,1
inspector,1
multitude,1
atw,1
corporatereport,1
combines,1
ward,1
vain,1
event,1
several,1
agement,1
characteristics,1
const,1
ict,1
grams,1
oc,1
ceal,1
burdensome,1
fueled,1
bridge,1
grow,1
tation,1
isfied,1
greenpeace,1
amounted,1
devices,1
invaluable,1
regulators,1
platform,1
attached,1
boundaries,1
consort,1
latory,1
junctures,1
workforce,1
jackson,1
impossible,1
credible,1
dedicated,1
baldacci,1
incurred,1
customary,1
generally,1
progress,1
necessity,1
minor,1
tri,1
describes,1
colloquium,1
benchmarks,1
notice,1
kid,1
diminished,1
abro,1
ignored,1
leveraged,1
preliminary,1
nicely,1
sinlist,1
waiting,1
uslegislationsearch,1
reducing,1
mechanism,1
researchandadvocacy,1
diphenylethers,1
lend,1
subsequently,1
barbara,1
south,1
affixed,1
encourages,1
belgium,1
electrical,1
proxy,1
critics,1
chains,1
demand,1
stronger,1
chlorine,1
gather,1
inadequacy,1
consultancy,1
evaluate,1
synthesis,1
ers,1
facture,1
turns,1
launch,1
alliance,1
feasi,1
pesti,1
schemes,1
return,1
acknowledged,1
classic,1
edges,1
framing,1
rendering,1
brings,1
forbidden,1
salud,1
object,1
prove,1
levit,1
neurodevelop,1
cole,1
tor,1
avail,1
indicates,1
thorization,1
plementing,1
paint,1
settings,1
hitherto,1
conduits,1
aligned,1
confronted,1
evidentiary,1
sion,1
finance,1
grainne,1
argumentation,1
confronting,1
volun,1
undeniably,1
once,1
metric,1
heitmann,1
collect,1
pursuant,1
oxford,1
prepare,1
indus,1
selling,1
fetus,1
liability,1
outlining,1
permission,1
barak,1
democrats,1
coverage,1
towards,1
thought,1
differences,1
soon,1
ring,1
predecessor,1
den,1
fifth,1
restricted,1
exceptionalism,1
clash,1
ne,1
selective,1
tific,1
perceived,1
salient,1
compiled,1
onomic,1
substitutability,1
participants,1
sitized,1
sachusetts,1
falls,1
commented,1
informal,1
assistance,1
tionary,1
kerstin,1
experiment,1
robust,1
ling,1
largest,1
industrial,1
confirmed,1
prin,1
al,1
detergents,1
williams,1
proach,1
kysar,1
baby,1
galvanize,1
journalist,1
surrey,1
independent,1
picture,1
considers,1
endo,1
double,1
love,1
fill,1
testimony,1
investors,1
routes,1
worst,1
postal,1
ordinance,1
members,1
starting,1
fire,1
ho,1
discussions,1
ackermann,1
observers,1
stream,1
enti,1
bring,1
fragmentation,1
stating,1
americanchemist,1
death,1
preferences,1
utes,1
varies,1
whitehouse,1
ciple,1
speaks,1
negatively,1
lengthy,1
causality,1
chemically,1
happening,1
blueprint,1
start,1
sing,1
treatment,1
fluence,1
conduct,1
scholars,1
deficient,1
chemists,1
et,1
pressure,1
departments,1
importation,1
maximizes,1
instituto,1
iceberg,1
abstract,1
lacks,1
rive,1
dossiers,1
penned,1
anal,1
cision,1
polybrominated,1
partic,1
focuses,1
searchname,1
desire,1
aug,1
everything,1
contemporary,1
unchecked,1
arsenic,1
unsurprisingly,1
minimize,1
clearing,1
imperfect,1
man,1
reflect,1
snail,1
vt,1
arly,1
borrowed,1
msc,1
enactment,1
forms,1
procurement,1
cept,1
took,1
likelihood,1
everyday,1
nity,1
chain,1
ironically,1
centre,1
increases,1
cil,1
thyroid,1
discussing,1
innovative,1
road,1
cles,1
na,1
competitors,1
entity,1
oregon,1
ensured,1
execution,1
non,1
ch,1
vulnerable,1
michael,1
readily,1
arduous,1
spoke,1
cir,1
focusing,1
intensify,1
invitation,1
manu,1
daunting,1
unclear,1
belief,1
seminars,1
honorable,1
begun,1
wil,1
tails,1
controversy,1
issuebriefs,1
confront,1
cprc,1
econpapers,1
remarkably,1
transparent,1
aims,1
cadmium,1
registrants,1
organize,1
stitutions,1
grounds,1
simon,1
interests,1
meetings,1
pooling,1
classes,1
ence,1
meaningful,1
investment,1
vast,1
sepa,1
normative,1
dave,1
heralded,1
periment,1
worsening,1
asthma,1
organisms,1
mothers,1
garner,1
helps,1
aligning,1
chemistrylnitiative,1
mies,1
nexreg,1
greenchemistryinitiative,1
reimann,1
enhanced,1
industrialized,1
participatory,1
sufficiently,1
velopments,1
identification,1
identity,1
presentations,1
don,1
rec,1
crease,1
combining,1
pecially,1
gentium,1
saferchemfinrpt,1
largely,1
additions,1
assume,1
globalizing,1
variation,1
maria,1
net,1
effectively,1
methodology,1
automotive,1
solis,1
decentralization,1
maintains,1
services,1
imposes,1
archive,1
chosen,1
full,1
enactments,1
deemed,1
ob,1
contribution,1
douglas,1
pattern,1
finally,1
templates,1
ofeu,1
dep,1
greenchemistryrpt,1
earth,1
transformation,1
poisoning,1
directed,1
frustrated,1
consult,1
welcomed,1
damage,1
ireland,1
hp,1
amounts,1
whereby,1
co,1
counter,1
held,1
watered,1
pressrelease,1
pride,1
ingredi,1
allowed,1
supplying,1
ef,1
period,1
spread,1
polluting,1
summer,1
phas,1
reformulated,1
cally,1
unjustifiable,1
alism,1
maximize,1
submissions,1
gory,1
earlier,1
equivocally,1
dustry,1
losing,1
upload,1
intrinsic,1
adequately,1
ap,1
dialogue,1
signif,1
lighting,1
ture,1
decide,1
strongly,1
favored,1
valued,1
labels,1
sentiment,1
oecd,1
outweighing,1
internal,1
outcomes,1
systems,1
satisfy,1
mining,1
sultations,1
evolutionary,1
disaggregation,1
episte,1
respectively,1
awful,1
sig,1
accrue,1
lawyer,1
gerous,1
ance,1
dumping,1
vide,1
protocols,1
tioning,1
northern,1
govern,1
relative,1
cfid,1
ago,1
political,1
hope,1
lowest,1
importer,1
tence,1
hopes,1
concluded,1
gleaned,1
division,1
justice,1
attended,1
harnessing,1
expressly,1
mas,1
bang,1
pate,1
overlapping,1
consequences,1
contributes,1
antonia,1
dealing,1
rope,1
rachel,1
departs,1
consists,1
provoking,1
panel,1
twelve,1
porated,1
tests,1
committed,1
applications,1
brite,1
regardless,1
raise,1
succinctly,1
ularly,1
bureau,1
lot,1
hexavalent,1
mixture,1
clinton,1
bold,1
sometimes,1
figure,1
sors,1
ecological,1
adequacy,1
ommendations,1
consent,1
practical,1
fields,1
untied,1
precursor,1
pieces,1
fear,1
unwarranted,1
begin,1
federalists,1
recal,1
parent,1
fewer,1
insufficient,1
widespread,1
dec,1
tellingly,1
slow,1
referred,1
publi,1
concluding,1
un,1
poly,1
relations,1
bears,1
velopment,1
dioxins,1
preventable,1
confine,1
recognize,1
maximizing,1
expert,1
emphasizes,1
rectly,1
dynamism,1
linking,1
sixty,1
reliability,1
why,1
inspired,1
methods,1
protocol,1
responsible,1
strides,1
filename,1
blood,1
gredients,1
pvc,1
activity,1
vpvp,1
composed,1
mother,1
coordination,1
exists,1
tial,1
competi,1
canada,1
concealed,1
inducing,1
shift,1
unacceptable,1
rigorous,1
joseph,1
chil,1
pp,1
vigor,1
interacts,1
selectivity,1
complacent,1
disruptor,1
sections,1
cratic,1
school,1
assistant,1
disap,1
reciprocal,1
contained,1
variable,1
recital,1
exercised,1
endpoints,1
mathias,1
donckers,1
compliant,1
nokia,1
reviewing,1
preface,1
singles,1
charting,1
univer,1
weeks,1
defend,1
plastics,1
surround,1
ples,1
founded,1
substitutes,1
releases,1
struck,1
constituted,1
cate,1
continues,1
demo,1
bush,1
shop,1
menendez,1
charter,1
intensely,1
text,1
equipment,1
plate,1
command,1
issuing,1
repository,1
poten,1
ry,1
drafting,1
legislature,1
dispel,1
facil,1
revealing,1
mutually,1
safeguard,1
dominated,1
deficiencies,1
tration,1
tured,1
categorizes,1
introducing,1
sure,1
clifford,1
halt,1
daedaepap,1
spontaneous,1
worth,1
novel,1
east,1
antici,1
illnesses,1
capital,1
best,1
liabili,1
trusted,1
dur,1
printed,1
argue,1
half,1
cc,1
surprisingly,1
speech,1
eventually,1
exploiting,1
intro,1
expresses,1
thinking,1
sial,1
powell,1
simitian,1
trabajo,1
hlthef,1
proved,1
reflected,1
bin,1
pect,1
environmentalists,1
defunct,1
particu,1
utilized,1
explana,1
necessitating,1
soci,1
conrad,1
living,1
february,1
propitious,1
merely,1
pushing,1
person,1
remediation,1
believed,1
beginning,1
outlook,1
unnecessarily,1
ested,1
tagid,1
consultants,1
draw,1
jeremy,1
succeeded,1
unlikely,1
plier,1
oig,1
administrative,1
fuller,1
protections,1
unique,1
regulates,1
offering,1
ones,1
precau,1
duplication,1
confines,1
maintain,1
sus,1
storm,1
map,1
mere,1
dissat,1
condemn,1
sounds,1
theory,1
vigorously,1
pros,1
unnecessary,1
starkly,1
problem,1
tutions,1
unwise,1
consisting,1
premised,1
nada,1
busi,1
mentioned,1
prestige,1
mandated,1
array,1
divide,1
elect,1
voice,1
solicit,1
contingent,1
cerned,1
freedom,1
fourteen,1
unnoticed,1
toxicant,1
pointment,1
boston,1
dialogues,1
intention,1
desist,1
crine,1
son,1
careful,1
leahy,1
greg,1
protected,1
conclude,1
availa,1
timely,1
fair,1
interaction,1
practices,1
trol,1
unrealistic,1
lap,1
buy,1
die,1
withdrawal,1
lies,1
administration,1
pollu,1
regulated,1
commissioned,1
mismatch,1
iproduct,1
screen,1
summarizes,1
appointed,1
epistemic,1
families,1
phenomenon,1
mention,1
fergus,1
vocal,1
mange,1
au,1
goals,1
gated,1
faculty,1
lus,1
ization,1
jan,1
prepared,1
attributable,1
extensive,1
false,1
ambiente,1
layers,1
outrageous,1
drafts,1
effectiveness,1
backyard,1
assis,1
reveals,1
ousted,1
conn,1
undue,1
onerous,1
grouncvdocs,1
copies,1
counsels,1
vance,1
institutional,1
charge,1
aware,1
proj,1
harm,1
crisis,1
emer,1
parallels,1
register,1
insight,1
joined,1
integrated,1
grabbing,1
usa,1
constructed,1
developmental,1
involving,1
col,1
you,1
panies,1
princi,1
unece,1
plentiful,1
salience,1
exceeded,1
walmartstores,1
madison,1
kyoto,1
burdens,1
mic,1
increased,1
guilliford,1
vi,1
charles,1
drift,1
news,1
itating,1
ated,1
greenbiz,1
compounded,1
propounds,1
ensuring,1
single,1
combination,1
pathways,1
posal,1
scholarship,1
sectors,1
showcase,1
avowed,1
progressive,1
toddlers,1
era,1
tatechemicalspolicy,1
debate,1
pool,1
early,1
fears,1
views,1
maximum,1
asks,1
element,1
ownership,1
evi,1
sheer,1
ifornia,1
corrosion,1
duction,1
testified,1
uk,1
technological,1
drew,1
demonstrated,1
resist,1
unequivocal,1
longer,1
dingell,1
asked,1
ecutive,1
lia,1
screening,1
spe,1
row,1
harmful,1
input,1
continuously,1
