WORDCOUNTS,WEIGHT
and,11
to,8
we,8
a,7
hussein,6
the,5
is,5
of,5
in,4
while,4
for,4
not,4
be,4
our,4
will,3
she,3
poetry,3
war,2
but,2
on,2
this,2
child,2
your,2
belinda,2
his,2
prose,2
flow,2
you,2
almost,2
kneels,2
are,2
blood,2
with,2
children,2
subraman,2
oil,2
literary,2
p,1
heaven,1
traveling,1
heads,1
melodramatic,1
al,1
magazine,1
years,1
aiming,1
them,1
own,1
he,1
currently,1
until,1
magazines,1
have,1
titled,1
troops,1
bush,1
rug,1
backs,1
t,1
lest,1
independent,1
screaming,1
rather,1
woman,1
love,1
native,1
reviews,1
that,1
been,1
every,1
save,1
short,1
sacrifice,1
like,1
paso,1
her,1
stop,1
slaughter,1
absorbs,1
writ,1
bombs,1
crews,1
buildings,1
studying,1
volume,1
fight,1
box,1
texan,1
don,1
mean,1
get,1
humans,1
now,1
killing,1
oops,1
goes,1
over,1
ourselves,1
sake,1
boiled,1
theirs,1
speak,1
around,1
pretend,1
vows,1
spent,1
these,1
advance,1
my,1
church,1
some,1
s,1
best,1
countries,1
american,1
stories,1
women,1
europe,1
editing,1
says,1
did,1
es,1
prayer,1
embarrassed,1
six,1
as,1
found,1
artwork,1
billy,1
clock,1
can,1
criticism,1
ing,1
seven,1
friends,1
d,1
o,1
judson,1
gypsy,1
tx,1
roll,1
lingo,1
pat,1
carolina,1
re,1
ei,1
dropping,1
ground,1
reproduction,1
graham,1
than,1
north,1
man,1
people,1
us,1
softening,1
river,1
blows,1
doing,1
last,1
nothing,1
precisely,1
forces,1
publishing,1
before,1
just,1
though,1
ours,1
