WORDCOUNTS,WEIGHT
the,234
of,161
and,136
in,87
a,74
love,67
to,64
is,62
that,61
s,55
with,55
her,52
as,36
de,34
was,34
by,34
i,32
it,30
for,28
this,28
et,26
mayotte,26
white,25
caribbean,25
on,25
sexual,24
la,24
me,23
black,22
tituba,22
what,21
his,20
or,20
he,19
an,19
je,19
l,17
transcultural,17
are,16
she,16
d,16
between,16
be,16
french,14
relationship,14
had,13
les,13
le,13
these,13
paris,13
who,13
but,12
do,12
capécia,12
woman,12
relationships,11
my,11
cultural,11
sex,11
from,11
have,11
even,10
qui,10
fanon,10
une,10
social,10
novel,10
télumée,10
at,9
context,9
relations,9
journal,9
il,9
man,9
would,9
qu,9
physical,9
one,8
du,8
has,8
que,8
poem,8
may,8
across,8
en,8
most,8
got,8
t,8
ne,8
skin,8
amour,8
john,8
horace,8
which,8
him,8
been,8
un,8
women,7
j,7
clark,7
plus,7
noire,7
m,7
when,7
damas,7
two,7
dans,7
peau,7
pas,7
sur,7
way,6
experience,6
first,6
all,6
europe,6
avec,6
some,6
à,6
romantic,6
literature,6
migrating,6
poésie,6
était,6
experiences,6
indian,6
au,6
literatures,6
identity,6
so,6
men,6
not,6
mother,6
pour,6
form,6
des,6
carbet,6
you,6
desire,5
moi,5
où,5
blancs,5
mais,5
lover,5
slave,5
maryse,5
no,5
wanted,5
literary,5
mon,5
into,5
hester,5
emotional,5
many,5
fact,5
martinican,5
see,5
avais,5
values,5
reality,5
n,5
son,5
perception,5
sa,4
does,4
nouvelle,4
american,4
masks,4
nègre,4
métissage,4
africaine,4
body,4
mistress,4
than,4
without,4
mes,4
se,4
their,4
monde,4
stith,4
comme,4
rape,4
présence,4
ses,4
still,4
about,4
only,4
more,4
other,4
new,4
noirs,4
corps,4
condé,4
encounter,4
nothing,4
were,4
significance,4
cla,4
anthologie,4
poets,4
any,4
ni,4
migration,4
particularly,4
very,4
african,4
beatrice,4
colonial,4
aware,4
am,4
texts,4
être,3
truth,3
senghor,3
presents,3
par,3
being,3
masques,3
there,3
fait,3
political,3
racial,3
takes,3
translations,3
chapter,3
andré,3
point,3
yao,3
narrator,3
such,3
moment,3
young,3
quand,3
act,3
rather,3
how,3
rien,3
tu,3
p,3
poetry,3
passionate,3
well,3
however,3
your,3
because,3
simone,3
kesteloot,3
part,3
gender,3
elizabeth,3
novels,3
jérémie,3
presented,3
contrast,3
master,3
up,3
pays,3
lucette,3
comments,3
violence,3
sociocultural,3
endicott,3
pluie,3
treatment,3
stimulus,3
end,3
practice,3
teeth,3
unfortunately,3
questions,3
ibid,3
described,3
dents,3
dit,3
examine,3
can,3
we,3
connections,3
voulais,3
africa,3
male,3
soul,3
zombie,3
life,3
respect,3
cultures,3
works,3
didn,3
terms,3
while,3
almost,3
transgression,3
both,3
became,3
cet,3
song,3
world,3
frantz,3
difference,3
americas,3
france,3
blacks,3
lilyan,3
c,3
yeux,3
little,3
ends,3
race,3
now,2
handsome,2
common,2
meaning,2
stood,2
created,2
affected,2
they,2
just,2
reflection,2
ma,2
true,2
grove,2
title,2
before,2
âme,2
contact,2
painful,2
else,2
either,2
yaya,2
desaragne,2
later,2
suis,2
able,2
real,2
help,2
last,2
belgique,2
within,2
est,2
lam,2
novelettes,2
felt,2
drive,2
desired,2
negritude,2
réalité,2
tous,2
behavior,2
autre,2
ceranus,2
human,2
abena,2
deux,2
mine,2
since,2
sailor,2
azevedo,2
characteristic,2
consummated,2
siècle,2
forced,2
thing,2
affectionate,2
cohen,2
eût,2
find,2
pueblo,2
critique,2
tout,2
details,2
bel,2
interesting,2
york,2
whose,2
martinique,2
english,2
absent,2
aimé,2
secrets,2
explicit,2
reference,2
ce,2
xango,2
earlier,2
retour,2
importance,2
certain,2
benjamin,2
study,2
danger,2
française,2
precious,2
eau,2
shining,2
marabout,2
markmann,2
negress,2
argued,2
too,2
back,2
character,2
expressed,2
noir,2
panorama,2
formulations,2
color,2
further,2
equally,2
though,2
parris,2
placed,2
carries,2
its,2
used,2
people,2
natal,2
désir,2
encounters,2
folie,2
clothes,2
parce,2
few,2
revealing,2
impossible,2
crazy,2
langue,2
visible,2
lui,2
ta,2
vent,2
activities,2
seemed,2
society,2
will,2
f,2
prosateurs,2
practices,2
various,2
indeed,2
sous,2
indien,2
postulation,2
female,2
forbidden,2
us,2
home,2
culture,2
aux,2
si,2
street,2
also,2
power,2
others,2
malgache,2
put,2
water,2
violettes,2
nathan,2
choice,2
time,2
sombre,2
somme,2
never,2
where,2
antillaise,2
ultimately,2
conviction,2
native,2
jolie,2
reflected,2
authorial,2
persona,2
blanc,2
significant,2
pleasure,2
story,2
points,2
essay,2
held,2
christopher,2
like,2
creolization,2
miracle,2
poetic,2
provides,2
class,2
eyes,2
grandmother,2
unites,2
judgement,2
dramaturges,2
separate,2
european,2
singer,2
lovers,2
movements,2
husband,2
sorcière,2
force,2
face,2
seuil,2
why,2
considered,2
léon,2
eventually,2
following,2
series,2
must,2
toussine,2
malheur,2
known,2
alternative,2
set,2
colorado,2
uncomplicated,2
rue,2
different,2
homme,2
poètes,2
salem,2
identities,2
advances,2
bien,2
voulu,2
césaire,2
reactions,2
whether,2
bonheur,2
early,2
emphasis,2
level,2
owner,2
multiple,2
acte,2
despite,2
press,2
tender,2
phenomenon,2
postcolonial,2
our,2
mentor,2
femme,2
xxe,2
years,2
jew,2
jamais,2
névralgies,2
carib,2
land,2
charles,2
removing,2
themselves,2
dark,2
caress,2
martiniquaise,2
focus,2
much,2
cahier,2
difficult,1
verger,1
go,1
étrange,1
transfixed,1
thwarted,1
vont,1
child,1
cover,1
scarf,1
autres,1
convergence,1
ambivalence,1
if,1
anthony,1
hurley,1
indicated,1
turner,1
supersedes,1
preference,1
represent,1
engendered,1
extreme,1
mer,1
cascading,1
trans,1
resisting,1
e,1
detour,1
pushed,1
mouth,1
incomprehensible,1
prohibitions,1
complex,1
conflicts,1
unsatisfactory,1
veux,1
conveys,1
linkages,1
live,1
repel,1
openness,1
federal,1
favor,1
better,1
spirit,1
unnatural,1
hair,1
oppressive,1
certains,1
position,1
servitude,1
fixed,1
abusive,1
concretized,1
inequality,1
ressemblent,1
râler,1
fragile,1
postulates,1
thematic,1
chiens,1
correa,1
retrouver,1
meaningless,1
societal,1
contexts,1
turning,1
leads,1
arms,1
mitigated,1
highlight,1
said,1
notre,1
consistent,1
envahissait,1
vrai,1
sources,1
hence,1
long,1
pink,1
certainly,1
testimonial,1
posed,1
discovers,1
gazon,1
ii,1
mysterious,1
rested,1
oubli,1
feeling,1
anomalies,1
musical,1
acutely,1
feuille,1
attempt,1
terrain,1
expectation,1
rare,1
absurd,1
beautiful,1
seems,1
nature,1
première,1
words,1
reach,1
book,1
psychiques,1
gorge,1
screamed,1
pungent,1
profondeurs,1
accompanied,1
great,1
sang,1
throughout,1
wave,1
producing,1
narrative,1
folle,1
geopolitical,1
rappelaient,1
incident,1
concludes,1
enameled,1
products,1
take,1
reproduction,1
productrice,1
prynne,1
ru,1
mind,1
precisely,1
those,1
seriousness,1
vouloir,1
alike,1
avouer,1
attempted,1
tragedy,1
souplesse,1
ahistorical,1
case,1
existence,1
undressed,1
posaient,1
rolls,1
inconnu,1
cireux,1
attraction,1
socioliterary,1
cela,1
unaware,1
continuum,1
inkwell,1
u,1
representations,1
plums,1
inerte,1
capable,1
beware,1
activity,1
condition,1
chantait,1
illustrate,1
chatoyante,1
powers,1
renowned,1
demeurai,1
luttais,1
marée,1
brusquement,1
boule,1
néanmoins,1
far,1
absurde,1
exchanges,1
whites,1
conception,1
cited,1
dynamic,1
gushed,1
sanglots,1
oublier,1
attendais,1
toi,1
collection,1
cette,1
exposed,1
succeed,1
relies,1
central,1
possessing,1
pen,1
supple,1
fascinated,1
dependence,1
bancal,1
hateful,1
saisie,1
foncée,1
immediate,1
suitor,1
reject,1
due,1
against,1
swimming,1
author,1
interest,1
faisait,1
tina,1
bridging,1
pleine,1
relatively,1
regarded,1
écurie,1
ôter,1
leaf,1
goodwife,1
smiling,1
certaines,1
kind,1
privé,1
ai,1
susanna,1
castigates,1
contagious,1
copulation,1
individual,1
wander,1
nor,1
self,1
désormais,1
underlying,1
perspective,1
freed,1
intercourse,1
verdant,1
pierre,1
permanentes,1
émail,1
africans,1
hasard,1
difficulty,1
races,1
emphases,1
left,1
effective,1
chap,1
drives,1
misleading,1
committing,1
prendrait,1
weight,1
consequently,1
communication,1
espèces,1
antilleanity,1
voulait,1
dois,1
incarnation,1
acknowledge,1
maleness,1
martiniquais,1
ton,1
valves,1
leopold,1
sobs,1
depths,1
passegiatap,1
empêcher,1
permits,1
deviation,1
criticism,1
enjôleuse,1
links,1
wanting,1
crooked,1
main,1
ironic,1
basic,1
landscape,1
fantasies,1
notices,1
breast,1
pudenda,1
myself,1
bond,1
represented,1
creolity,1
parents,1
inceste,1
heard,1
entre,1
magnet,1
strange,1
tidal,1
special,1
envision,1
produced,1
productive,1
awareness,1
consequences,1
space,1
update,1
irans,1
means,1
modified,1
understand,1
paragraphs,1
perceptions,1
affect,1
echarpe,1
postmodern,1
university,1
forget,1
entry,1
established,1
physically,1
beau,1
pulpe,1
repeated,1
evolved,1
disappointment,1
wouldn,1
presumably,1
clearly,1
contaminated,1
elsewhere,1
délices,1
consciousness,1
edition,1
air,1
impact,1
reflets,1
gazing,1
house,1
weak,1
veines,1
hurlait,1
age,1
four,1
grandfathers,1
domaine,1
requiert,1
couleur,1
ail,1
powerful,1
surface,1
follow,1
beyond,1
vannes,1
followed,1
discomfort,1
soir,1
asks,1
instance,1
permanent,1
sédar,1
destructive,1
instill,1
valeurs,1
alexis,1
bras,1
view,1
victimization,1
trop,1
ouvriraient,1
talking,1
avant,1
uses,1
result,1
path,1
societies,1
develops,1
rule,1
found,1
maintenant,1
entering,1
called,1
ils,1
typical,1
pulse,1
taboo,1
out,1
pouls,1
rester,1
changed,1
bitterness,1
shared,1
ocean,1
curiosity,1
pass,1
commettre,1
configuration,1
illness,1
barbados,1
lightheartedness,1
representative,1
petite,1
pure,1
libérées,1
laferrière,1
equal,1
planté,1
professes,1
effect,1
treat,1
appears,1
passegiata,1
recently,1
devenu,1
kinky,1
entendis,1
cannot,1
meet,1
otherwise,1
verse,1
deeprooted,1
andre,1
canards,1
cheval,1
ike,1
wide,1
jewish,1
tant,1
memory,1
très,1
inconscients,1
précieuse,1
lost,1
none,1
having,1
unequal,1
mobilisation,1
basis,1
genre,1
semblait,1
degrees,1
island,1
dog,1
intense,1
strengths,1
fictions,1
mobilization,1
chickens,1
heart,1
imagined,1
unless,1
heavily,1
étreint,1
explains,1
avaient,1
soi,1
norm,1
apparent,1
glints,1
anthologized,1
véritable,1
fit,1
discussions,1
during,1
neared,1
issues,1
literally,1
unrequited,1
constitute,1
reportedly,1
incest,1
relevance,1
soit,1
iphigene,1
coaxing,1
justification,1
away,1
reflect,1
coco,1
sensibility,1
sexism,1
entails,1
shouted,1
foudre,1
gardée,1
then,1
curiosité,1
contradictions,1
gap,1
criait,1
interracial,1
staple,1
evening,1
ombres,1
tone,1
working,1
désirais,1
depestre,1
coup,1
seized,1
prevalence,1
poet,1
grass,1
recollection,1
claim,1
night,1
crépus,1
around,1
entrer,1
driving,1
june,1
concerns,1
feelings,1
choose,1
compatibility,1
acts,1
notorious,1
remontait,1
tended,1
core,1
saisis,1
prend,1
majority,1
ensemble,1
juteuse,1
wife,1
results,1
using,1
marry,1
beauty,1
protagonist,1
provided,1
dany,1
inform,1
moved,1
waiting,1
actions,1
undesirable,1
enjoy,1
finir,1
nations,1
réel,1
south,1
toujours,1
girl,1
therefore,1
aller,1
forever,1
attempts,1
minimizes,1
strictures,1
fondamentalement,1
populations,1
transnational,1
short,1
happy,1
angoisse,1
sans,1
located,1
blessed,1
touche,1
pris,1
socalled,1
return,1
unconscious,1
exception,1
brings,1
community,1
souvenir,1
grande,1
mère,1
illustrating,1
make,1
indicates,1
domination,1
veins,1
hanged,1
iridescent,1
pouvais,1
douleur,1
movement,1
amboise,1
betray,1
religious,1
direction,1
spectacular,1
vie,1
single,1
humaine,1
crabs,1
guide,1
rené,1
once,1
fois,1
croisait,1
yet,1
muscles,1
swept,1
recounts,1
nacrées,1
represents,1
makes,1
read,1
happened,1
serve,1
éternellement,1
rain,1
message,1
under,1
restricted,1
clash,1
neither,1
thesis,1
perceived,1
contemplation,1
hadn,1
falls,1
delight,1
same,1
sharply,1
esclaves,1
évoluait,1
repercussions,1
silk,1
already,1
ressortir,1
coeur,1
begins,1
noted,1
moments,1
connu,1
predominate,1
rise,1
revenge,1
stones,1
independent,1
picture,1
disrespected,1
sexe,1
representation,1
leader,1
name,1
elie,1
heritage,1
stated,1
strike,1
grips,1
again,1
fin,1
jaillie,1
similarly,1
slavery,1
désiré,1
experienced,1
shows,1
longer,1
valid,1
presque,1
preserve,1
maternal,1
striking,1
proposal,1
luisants,1
attempting,1
predominated,1
inevitably,1
children,1
together,1
angry,1
oneself,1
larger,1
everything,1
doubt,1
golden,1
métissages,1
luisante,1
sentais,1
fear,1
forms,1
reproductive,1
patterns,1
aussi,1
took,1
hand,1
blackness,1
coulait,1
geography,1
psychic,1
étonnement,1
chasse,1
flooded,1
stony,1
consummation,1
couldn,1
ensured,1
poules,1
flesh,1
mutual,1
slice,1
perhaps,1
gives,1
thighs,1
ducks,1
postule,1
incestuous,1
boat,1
éperdu,1
casting,1
degree,1
reminds,1
italicized,1
remained,1
minded,1
delicious,1
autobiography,1
siens,1
coïcide,1
private,1
understanding,1
pitched,1
inonda,1
discussion,1
intimate,1
déviation,1
examples,1
birth,1
treated,1
made,1
discovery,1
doomed,1
icaques,1
limitations,1
slaves,1
servant,1
dérivais,1
seul,1
requited,1
fictional,1
including,1
moan,1
durait,1
songer,1
warrior,1
herself,1
complexities,1
heaved,1
europeans,1
top,1
imbued,1
honorable,1
use,1
pearly,1
sold,1
nigger,1
overtones,1
plantation,1
satiny,1
devint,1
bed,1
mercure,1
siguina,1
actual,1
hour,1
examination,1
full,1
ainsi,1
vu,1
racializing,1
voyais,1
specimen,1
maid,1
juicy,1
rejected,1
ashanti,1
open,1
clear,1
celui,1
alienating,1
peur,1
rêve,1
supportive,1
négrillonne,1
fanatic,1
anachronistic,1
defense,1
gate,1
pride,1
allowed,1
reculer,1
characterized,1
unsatisfying,1
depiction,1
réservé,1
laugh,1
eaux,1
pasty,1
anyone,1
after,1
imagination,1
problems,1
outcomes,1
incapable,1
relation,1
sight,1
overcome,1
suivie,1
effrayé,1
enjoyed,1
horse,1
attracted,1
visionaries,1
confesses,1
caribbeanness,1
basically,1
ago,1
fou,1
arbor,1
attention,1
approchais,1
species,1
decision,1
capécias,1
shocked,1
dogs,1
contrefait,1
implicitly,1
nuit,1
caressing,1
rebel,1
today,1
scared,1
fairly,1
provide,1
assert,1
sometimes,1
recreate,1
hommes,1
victoire,1
transformer,1
practical,1
restèrent,1
macrocosmically,1
flowed,1
ironically,1
même,1
lines,1
unconsummated,1
étouffer,1
seen,1
transformed,1
bouche,1
effectively,1
jambes,1
hopelessly,1
verte,1
deals,1
es,1
responsible,1
united,1
banishment,1
interdit,1
dead,1
centuries,1
exists,1
instances,1
défense,1
remains,1
worlds,1
problematic,1
mettre,1
premier,1
vêtements,1
stable,1
stephen,1
echoes,1
torment,1
reposed,1
ofthat,1
puis,1
environment,1
share,1
curious,1
encomium,1
thinking,1
associated,1
regrettably,1
nageait,1
ici,1
conclusion,1
contre,1
simply,1
ever,1
stereotypically,1
addressed,1
theme,1
inferiority,1
aurais,1
temporal,1
libérant,1
masturbating,1
text,1
loving,1
colonialism,1
ont,1
coincides,1
preoccupations,1
déchirer,1
highly,1
contente,1
natural,1
over,1
continental,1
odorante,1
contagieux,1
vous,1
each,1
shares,1
seem,1
gone,1
enfants,1
did,1
unknown,1
regard,1
returns,1
provoke,1
différent,1
ideological,1
transportée,1
linked,1
humain,1
sustaining,1
asserting,1
donnent,1
oblivion,1
splash,1
historical,1
happiness,1
donc,1
enslaving,1
cheveux,1
living,1
type,1
câpre,1
caraïbe,1
merely,1
destroyed,1
evident,1
antillean,1
researching,1
confess,1
game,1
caressait,1
investigation,1
poses,1
them,1
nationalist,1
migratory,1
involvement,1
want,1
varying,1
gontran,1
imposed,1
attitudes,1
statement,1
mere,1
protective,1
platonic,1
theory,1
vigorously,1
leaving,1
dream,1
undertones,1
souriais,1
intracultural,1
waters,1
foundations,1
another,1
odieux,1
bitterly,1
barrière,1
divide,1
orgue,1
migrations,1
mama,1
misshapen,1
déshabillait,1
property,1
sembla,1
don,1
suggests,1
phenomena,1
heure,1
signify,1
middle,1
translated,1
spaces,1
boston,1
remember,1
vertu,1
thereby,1
met,1
pressé,1
élément,1
springboard,1
sea,1
excursion,1
serais,1
toute,1
hurried,1
authentic,1
impose,1
went,1
imposaient,1
capècia,1
finish,1
jeta,1
lump,1
façon,1
conflits,1
nous,1
pourquoi,1
embrasser,1
neglect,1
crosscultural,1
analogy,1
minerva,1
proceeds,1
question,1
choke,1
shown,1
mauve,1
argument,1
touch,1
negro,1
generate,1
intensified,1
folio,1
similarity,1
conditions,1
unpalatable,1
opens,1
national,1
samuel,1
catch,1
poussant,1
value,1
course,1
although,1
cuisses,1
sadness,1
throat,1
constructed,1
states,1
effects,1
forming,1
off,1
intègre,1
philosophy,1
area,1
siguine,1
bliss,1
soie,1
fine,1
folly,1
brook,1
cascade,1
comparison,1
flooding,1
bonnes,1
needs,1
specific,1
territories,1
evoked,1
esclave,1
ensuring,1
reticent,1
étais,1
smooth,1
rejection,1
rire,1
amant,1
aucun,1
create,1
element,1
characters,1
documentary,1
participant,1
astonishment,1
glance,1
strong,1
among,1
moirée,1
writhed,1
recent,1
virtue,1
meeting,1
béni,1
tragic,1
predicated,1
faibles,1
plaisir,1
musclé,1
caresse,1
looking,1
