WORDCOUNTS,WEIGHT
the,128
of,99
and,65
to,43
in,42
be,35
is,33
that,30
life,26
it,21
a,21
god,20
are,20
for,19
but,16
not,15
soul,15
love,14
we,14
no,13
heaven,13
have,13
as,12
who,12
human,12
which,12
eternal,10
they,10
with,10
or,10
happiness,10
would,10
his,9
their,9
there,9
an,9
on,8
more,8
death,8
glory,8
our,8
shall,8
will,7
by,7
things,7
those,7
essential,6
thought,6
any,6
end,6
even,6
such,6
this,6
can,6
should,6
service,5
one,5
means,5
us,5
these,5
all,5
my,5
fact,5
s,5
joy,5
them,5
while,5
at,4
act,4
vision,4
often,4
hope,4
beatific,4
union,4
salvation,4
most,4
here,4
i,4
man,4
has,4
away,4
philosophy,4
between,4
sometimes,3
lasting,3
after,3
same,3
other,3
great,3
time,3
real,3
external,3
mind,3
what,3
cannot,3
saving,3
must,3
through,3
knowledge,3
its,3
affection,3
accidental,3
come,3
clear,3
earth,3
loving,3
highest,3
themselves,3
value,3
everlasting,2
may,2
suggest,2
does,2
where,2
without,2
way,2
if,2
supreme,2
tion,2
blessed,2
realise,2
forward,2
ordinary,2
doctrine,2
eternity,2
says,2
passing,2
church,2
yet,2
lives,2
earthly,2
evil,2
motive,2
into,2
from,2
two,2
ever,2
first,2
only,2
passed,2
either,2
sources,2
power,2
natural,2
pointed,2
monthly,2
had,2
result,2
consideration,2
believe,2
could,2
found,2
called,2
ought,2
out,2
demands,2
material,2
before,2
joys,2
merely,2
state,2
present,2
sensual,2
pleasures,2
lumen,2
spiritual,2
some,2
activity,2
element,2
ings,2
heart,2
except,2
irish,2
whole,2
nothing,2
were,2
since,2
against,2
creator,2
need,2
so,2
him,2
admitted,2
distinction,2
kind,2
exclude,2
nor,2
faith,2
especially,2
actions,2
sight,2
left,2
when,2
st,2
also,2
looked,2
than,2
enjoy,2
perfect,1
yearnings,1
purer,1
periods,1
glorix,1
appeal,1
consists,1
opposed,1
lo,1
christian,1
entail,1
relationship,1
applications,1
devote,1
glorios,1
dies,1
companionship,1
matter,1
immortality,1
supernatural,1
continued,1
concerned,1
attributes,1
principally,1
been,1
destroy,1
superficially,1
indeed,1
naturally,1
cultiva,1
compatible,1
how,1
created,1
remain,1
feared,1
trials,1
appreciate,1
attitude,1
arrive,1
notion,1
therefore,1
object,1
reason,1
prove,1
preachers,1
un,1
seen,1
still,1
phrases,1
make,1
anxiety,1
certain,1
put,1
rnever,1
theologians,1
kinds,1
abstractive,1
leaves,1
riches,1
danger,1
believing,1
repeats,1
remind,1
live,1
aspirations,1
extremes,1
supposed,1
h,1
untold,1
completely,1
itself,1
injury,1
arts,1
hearer,1
serve,1
mission,1
gladness,1
praise,1
seeing,1
religion,1
undertaken,1
neither,1
acquired,1
necessarily,1
heat,1
encourage,1
home,1
slowly,1
light,1
expecta,1
unimportant,1
terrible,1
lord,1
profundity,1
philosoph,1
friendship,1
conclusion,1
redemption,1
accordance,1
chief,1
frequently,1
already,1
charity,1
age,1
ve,1
hunger,1
experience,1
simply,1
being,1
said,1
people,1
encouragement,1
avoided,1
affections,1
misery,1
miseries,1
physical,1
comfortless,1
every,1
requires,1
gratifica,1
puts,1
majority,1
useful,1
paul,1
injustice,1
interests,1
wipe,1
give,1
knowab,1
think,1
know,1
enables,1
might,1
others,1
attractive,1
appear,1
expectation,1
ask,1
intellectual,1
friends,1
each,1
intellect,1
towards,1
many,1
greater,1
j,1
nature,1
different,1
tions,1
based,1
shows,1
subject,1
longer,1
treatment,1
allow,1
tear,1
nevertheless,1
secondary,1
specially,1
mainspring,1
herder,1
entering,1
essence,1
p,1
happy,1
inevitably,1
warning,1
tnderlying,1
scheme,1
destined,1
very,1
liturgy,1
fellowmen,1
constantly,1
prayers,1
serious,1
foolish,1
fear,1
punishment,1
possessors,1
never,1
do,1
v,1
teaching,1
though,1
enjoyments,1
ity,1
enjoyment,1
consummation,1
creature,1
treat,1
gill,1
theless,1
whether,1
see,1
promise,1
analogous,1
trinity,1
sciences,1
necessary,1
wealth,1
practice,1
existence,1
perhaps,1
belief,1
warn,1
temptations,1
immersed,1
u,1
iv,1
firm,1
discontent,1
draw,1
day,1
because,1
ht,1
labours,1
infused,1
failure,1
justifies,1
oppress,1
christianity,1
voice,1
overshadowing,1
wailing,1
cares,1
possible,1
distinguish,1
future,1
greatest,1
pre,1
revealed,1
condition,1
work,1
father,1
thirst,1
solid,1
background,1
powers,1
griefs,1
chiefly,1
perfectly,1
john,1
writers,1
limitations,1
addition,1
reader,1
hoping,1
pain,1
thereby,1
lawfully,1
satiety,1
part,1
purpose,1
preuss,1
city,1
establishment,1
altogether,1
apparent,1
thoughts,1
endeavour,1
encouraged,1
reminded,1
unhappy,1
happens,1
reverence,1
use,1
warfare,1
possessions,1
older,1
results,1
during,1
place,1
presupposes,1
spectre,1
teachings,1
exposed,1
li,1
neglect,1
thus,1
noblest,1
energies,1
false,1
perties,1
lone,1
promoted,1
warped,1
surely,1
devoted,1
adopting,1
until,1
erection,1
tears,1
argument,1
won,1
immediate,1
liness,1
moral,1
reward,1
language,1
beyond,1
accept,1
sustain,1
good,1
moment,1
applicable,1
keep,1
sense,1
truest,1
afford,1
little,1
involve,1
poet,1
prospect,1
longings,1
comforts,1
consoling,1
losing,1
bliss,1
mourning,1
abundant,1
lose,1
remains,1
old,1
family,1
men,1
dwell,1
intuitive,1
needs,1
concerning,1
supported,1
behind,1
internal,1
article,1
satisfy,1
eyes,1
depression,1
certainty,1
insists,1
young,1
relation,1
pro,1
unsatisfied,1
examine,1
effect,1
teach,1
enterprise,1
enjoyed,1
profit,1
christians,1
always,1
up,1
y,1
substantial,1
conscience,1
given,1
sin,1
look,1
apocalypse,1
souls,1
reunited,1
sun,1
beings,1
engrossed,1
occasion,1
passive,1
rest,1
pohle,1
activities,1
ment,1
deeper,1
