WORDCOUNTS,WEIGHT
the,1053
of,625
and,499
to,461
in,369
a,355
her,282
s,249
is,248
sappho,240
that,195
as,189
we,141
which,135
she,135
it,131
for,126
this,121
or,115
by,109
with,109
from,103
not,98
be,98
on,95
p,89
aphrodite,73
but,72
love,72
an,71
are,71
his,68
poem,67
was,67
i,65
what,65
at,62
into,58
poems,58
have,56
daydream,55
l,51
their,51
these,50
our,49
if,48
has,48
v,47
girl,46
sexual,42
may,41
us,41
all,40
can,40
no,38
would,38
one,37
life,37
when,36
who,36
other,34
its,34
were,34
most,33
does,31
t,31
you,31
only,29
more,29
own,29
them,29
poetry,28
must,28
goddess,28
such,26
my,26
will,26
do,26
they,25
though,25
world,25
some,24
than,24
lyrics,24
guilt,24
desire,23
sense,23
he,23
also,23
so,23
been,23
girls,23
feeling,22
there,22
any,22
seems,21
x,21
even,21
ceremony,21
poet,21
robert,20
cannot,20
tension,20
man,20
pleasure,20
since,19
could,19
heart,19
f,19
both,19
bagg,19
how,18
herself,18
me,18
did,18
o,17
sachs,17
bowra,17
had,17
presence,17
see,17
perhaps,17
archilochus,17
another,17
voice,17
past,17
through,17
words,16
felt,16
helen,16
make,16
present,16
woman,16
k,16
lesbian,16
then,16
now,15
first,15
find,15
however,15
because,15
beauty,15
about,15
same,15
ing,15
audience,15
something,14
experience,14
self,14
well,14
atthis,14
two,14
pp,14
each,14
c,14
say,13
si,13
work,13
fact,13
less,13
se,13
lines,13
why,13
far,13
person,13
between,13
here,13
freud,12
mind,12
moment,12
opinion,12
people,12
always,12
thought,12
personality,12
where,12
use,12
like,12
physical,12
feelings,12
pain,12
page,11
glp,11
might,11
very,11
y,11
without,11
feel,11
out,11
your,11
r,11
light,11
emotional,11
put,11
many,11
new,11
never,11
upon,11
him,11
way,10
passion,10
either,10
ourselves,10
flowers,10
real,10
female,10
mutual,10
against,10
divine,10
young,10
means,10
friends,10
shared,10
away,10
action,10
sex,10
emotions,10
speaks,10
hand,10
homer,10
anactoria,10
greek,10
suffering,10
circle,10
over,10
come,10
touch,10
wish,10
evidence,10
meaning,9
women,9
take,9
last,9
av,9
sweet,9
distinct,9
word,9
after,9
understand,9
line,9
purpose,9
friend,9
event,9
few,9
still,9
under,9
again,9
sleep,9
reality,9
men,9
know,9
believe,9
sensual,9
much,9
smile,8
nature,8
great,8
help,8
those,8
himself,8
dew,8
longing,8
erotic,8
wishes,8
york,8
rather,8
too,8
marriage,8
moon,8
before,8
prayer,8
memory,8
place,8
earth,8
up,8
using,8
society,8
unconscious,8
says,8
towards,8
stanza,8
time,8
desires,8
homosexual,8
intimacy,8
kai,8
becomes,8
often,8
share,8
impulse,8
set,8
seem,8
comfort,8
suggests,8
found,8
need,8
re,8
close,8
accomplish,7
just,7
j,7
fiction,7
iv,7
possible,7
human,7
g,7
kind,7
body,7
look,7
whose,7
similar,7
reason,7
greeks,7
ap,7
uses,7
scene,7
possibility,7
intense,7
used,7
personal,7
sensibility,7
tone,7
least,7
things,7
several,7
situation,7
power,7
garden,7
makes,7
others,7
persona,7
made,7
full,7
itself,7
face,7
comes,7
comparison,7
existence,7
natural,7
down,7
living,7
loved,7
sea,7
think,7
among,7
go,6
created,6
needed,6
easily,6
genius,6
conscious,6
character,6
harsh,6
source,6
being,6
aesthetic,6
long,6
give,6
beautiful,6
normal,6
con,6
apple,6
e,6
point,6
daydreams,6
sensation,6
times,6
response,6
extraordinary,6
ov,6
leaves,6
pleasures,6
soft,6
instance,6
future,6
events,6
intensity,6
gods,6
lovely,6
call,6
order,6
troubles,6
every,6
value,6
finds,6
am,6
therefore,6
likely,6
community,6
com,6
soon,6
friendship,6
already,6
death,6
shows,6
together,6
gives,6
expression,6
homeric,6
become,6
attention,6
sometimes,6
listeners,6
historical,6
quoted,6
form,6
almost,6
aware,6
speaking,6
little,6
images,6
m,5
group,5
true,5
tense,5
spirit,5
feels,5
whom,5
military,5
emotion,5
senses,5
loves,5
case,5
burke,5
except,5
fragment,5
thing,5
back,5
displeasure,5
truly,5
sensations,5
frustration,5
exact,5
bring,5
hers,5
certain,5
awareness,5
aura,5
excitement,5
beyond,5
appear,5
arrival,5
called,5
lived,5
deal,5
townsmen,5
further,5
otherwise,5
perform,5
ode,5
epiphany,5
carry,5
brought,5
whole,5
jealousy,5
holy,5
healing,5
sorrows,5
lesbos,5
dramatic,5
separation,5
play,5
experiences,5
wv,5
once,5
yet,5
read,5
tears,5
stimulus,5
ought,5
psychic,5
belief,5
argues,5
understanding,5
sound,5
earlier,5
especially,5
problems,5
trying,5
sensuality,5
effect,5
roses,5
un,5
anxiety,5
catullus,5
sympathy,5
ever,5
symbolic,5
moonlight,5
ir,5
u,5
dream,5
given,5
memories,5
gesture,5
question,5
opinions,5
themselves,5
strong,5
should,5
tion,4
arignota,4
unpleasant,4
alone,4
designed,4
remind,4
sudden,4
modern,4
hair,4
eye,4
ii,4
exile,4
attempt,4
lover,4
stand,4
context,4
fortune,4
right,4
taking,4
literal,4
exposed,4
charm,4
magic,4
lesser,4
nor,4
pho,4
apparently,4
chariots,4
cherished,4
oxford,4
across,4
process,4
heard,4
importance,4
leave,4
direct,4
literary,4
age,4
n,4
passed,4
sweat,4
came,4
pure,4
verse,4
tr,4
looks,4
pangs,4
part,4
example,4
thoughts,4
description,4
loss,4
q,4
during,4
excitation,4
actually,4
sensuous,4
someone,4
around,4
calling,4
impossible,4
st,4
maidens,4
taken,4
drama,4
blessed,4
nearly,4
object,4
appearance,4
shall,4
neither,4
ancient,4
delight,4
skin,4
social,4
sap,4
fill,4
falling,4
water,4
sky,4
lack,4
children,4
end,4
golden,4
vt,4
fragments,4
physiological,4
accepted,4
answer,4
until,4
style,4
imagine,4
able,4
concern,4
nothing,4
attraction,4
held,4
black,4
imagination,4
queen,4
implicitly,4
suggest,4
socrates,4
kenneth,4
force,4
changes,4
phrase,4
hope,4
sweetness,4
alcaeus,4
easy,4
deprivation,4
prayers,4
whether,4
making,4
cause,4
writes,4
problem,4
while,4
don,4
graceful,4
art,4
bittersweet,4
die,4
subject,4
everywhere,4
happens,4
odysseus,4
tell,4
motives,4
daydreaming,4
course,4
instead,4
famous,4
daughter,4
difficult,3
common,3
exhilaration,3
encouraged,3
truth,3
happen,3
discover,3
complex,3
kinds,3
completely,3
satisfied,3
position,3
sparrows,3
history,3
presents,3
moving,3
lobel,3
arms,3
said,3
lightly,3
certainly,3
ears,3
thus,3
possibilities,3
fives,3
lydia,3
court,3
separated,3
alert,3
trouble,3
reading,3
side,3
pl,3
habitual,3
mortal,3
task,3
firm,3
indulged,3
draw,3
logical,3
pleasant,3
vital,3
lyric,3
quality,3
assumes,3
vvv,3
interest,3
consolation,3
occurs,3
cf,3
beloved,3
dis,3
remembering,3
individual,3
psychological,3
intercourse,3
perceived,3
fines,3
weight,3
acknowledge,3
impressions,3
intuition,3
war,3
fleet,3
ka,3
lotus,3
hopes,3
act,3
absent,3
basic,3
appreciation,3
risk,3
ex,3
chariot,3
symbols,3
rising,3
affect,3
possibly,3
spreading,3
presumably,3
frequently,3
surface,3
splendor,3
followed,3
flow,3
faced,3
greater,3
remembered,3
allow,3
fascination,3
encounter,3
changed,3
complete,3
im,3
healthy,3
fulfillment,3
appears,3
produced,3
energy,3
spiritual,3
none,3
basis,3
start,3
reader,3
calls,3
island,3
surrounding,3
showing,3
glitter,3
caused,3
emphasizes,3
quite,3
dwell,3
sisters,3
closeness,3
visible,3
enjoy,3
outside,3
minor,3
glittering,3
matter,3
imagery,3
horses,3
reminded,3
brings,3
forbidden,3
gift,3
intervention,3
study,3
relaxed,3
ask,3
religious,3
fighting,3
foot,3
apples,3
denys,3
al,3
responsive,3
begins,3
epos,3
homosexuality,3
awe,3
longer,3
fellow,3
left,3
coming,3
performs,3
gentle,3
happening,3
sing,3
pressure,3
abstract,3
choice,3
charges,3
enough,3
evoke,3
remarkable,3
hopelessness,3
explicit,3
spoke,3
free,3
gladly,3
reminds,3
sufferer,3
intimate,3
lost,3
increase,3
worship,3
medium,3
autobiographical,3
ideas,3
bed,3
takes,3
sees,3
meanings,3
three,3
language,3
thrilling,3
counter,3
function,3
accurate,3
short,3
readers,3
whispering,3
imaginative,3
eyes,3
viewpoint,3
sight,3
pro,3
looked,3
destruction,3
pleas,3
provide,3
usually,3
bare,3
mood,3
seen,3
exists,3
pleasurable,3
gathered,3
clinical,3
practice,3
believed,3
consider,3
detachment,3
rival,3
sigmund,3
loving,3
drew,3
ko,3
sure,3
connection,3
creator,3
best,3
ft,3
sc,3
associations,3
happiness,3
hint,3
knows,3
literature,3
muse,3
rose,3
terms,3
create,3
leaving,3
appetite,3
w,3
middle,3
translated,3
trees,3
recognition,3
city,3
lesbianism,3
went,3
fi,3
conditions,3
open,3
accept,3
actively,3
touches,3
land,3
fruitfulness,3
off,3
philosophy,3
remains,3
climactic,3
speak,3
magical,3
moved,3
rest,3
sharing,3
dark,3
asks,3
traditional,3
ends,3
perception,3
looking,3
final,2
woven,2
vp,2
done,2
limits,2
imagining,2
concerned,2
achilleus,2
peaceful,2
interlude,2
anxieties,2
arrive,2
seances,2
blossom,2
per,2
expect,2
told,2
reflection,2
iliad,2
cyprus,2
denied,2
thwarted,2
confidence,2
identify,2
tend,2
join,2
sovereign,2
asserted,2
fiiv,2
sets,2
ways,2
h,2
milieu,2
beleaguered,2
acceptance,2
pasture,2
tells,2
suffered,2
arguing,2
palpable,2
reversal,2
petals,2
different,2
painful,2
member,2
aside,2
smiles,2
sources,2
reconstructions,2
prj,2
implications,2
mysterious,2
darkness,2
asserts,2
dreams,2
seizures,2
troops,2
laughter,2
dramatically,2
company,2
tradition,2
assertion,2
warm,2
daily,2
accompanied,2
sang,2
whatever,2
rich,2
oov,2
subdued,2
beds,2
expense,2
olympian,2
immortal,2
achieved,2
intuitive,2
ally,2
written,2
precisely,2
sacred,2
political,2
readiness,2
behind,2
within,2
ad,2
depends,2
nearer,2
dancing,2
ovs,2
enchantment,2
advice,2
trance,2
march,2
gratification,2
account,2
gardens,2
burning,2
swiftly,2
oedipus,2
ings,2
prove,2
holiness,2
adolescents,2
fine,2
along,2
enter,2
judgment,2
writing,2
fiercely,2
beneath,2
melting,2
toi,2
sign,2
behavior,2
pursuing,2
relies,2
includes,2
royal,2
surely,2
characteristic,2
ease,2
te,2
lolling,2
intel,2
honestly,2
poets,2
emerges,2
yourself,2
depend,2
uniformly,2
dite,2
tenses,2
exercise,2
understood,2
ness,2
vanish,2
rhythm,2
drawn,2
fluttering,2
sin,2
preserving,2
festivals,2
deeply,2
sister,2
occasion,2
influence,2
ment,2
depths,2
munion,2
steps,2
operation,2
authority,2
disposed,2
phallus,2
ably,2
identification,2
generations,2
interpretation,2
landscape,2
maximus,2
parents,2
suffer,2
goes,2
dp,2
phrases,2
manages,2
b,2
talk,2
ache,2
refuse,2
danger,2
rules,2
repeats,2
indispensable,2
modified,2
orig,2
anguish,2
stun,2
forget,2
descent,2
prepares,2
kal,2
yearning,2
air,2
completion,2
neck,2
perspective,2
desirability,2
contemporaries,2
argued,2
lydian,2
threat,2
motive,2
lesbia,2
powerful,2
follow,2
escape,2
consequence,2
conditional,2
rai,2
plight,2
mo,2
helped,2
important,2
view,2
yielding,2
opposition,2
tra,2
inherent,2
difficulty,2
strength,2
reads,2
speaker,2
foreground,2
effort,2
patroklos,2
pass,2
near,2
emerge,2
shield,2
tactful,2
term,2
wonder,2
irony,2
equal,2
let,2
awaken,2
fulfill,2
feminine,2
vivid,2
record,2
doesn,2
dwelling,2
method,2
kov,2
symbolically,2
vo,2
masculinity,2
wants,2
receive,2
genre,2
tyre,2
ira,2
translate,2
prized,2
richmond,2
unless,2
ot,2
throne,2
secret,2
auerbach,2
crying,2
barren,2
sorrow,2
contains,2
relevance,2
rituals,2
hither,2
rendered,2
departed,2
freshness,2
approach,2
cults,2
impasse,2
salutes,2
momentous,2
responses,2
solution,2
correct,2
cold,2
wished,2
humble,2
kap,2
next,2
wrong,2
claim,2
night,2
atmosphere,2
imagined,2
involved,2
family,2
devotees,2
imagines,2
altered,2
summons,2
revives,2
grow,2
acts,2
climate,2
usual,2
potent,2
managed,2
couple,2
richness,2
os,2
results,2
pa,2
peculiar,2
roots,2
seance,2
sad,2
visit,2
triumph,2
avoid,2
occasions,2
survived,2
cos,2
threatened,2
critical,2
led,2
shouts,2
transform,2
fortunate,2
critics,2
lawn,2
saw,2
absence,2
various,2
bringing,2
journey,2
sapphos,2
logically,2
idle,2
indeed,2
return,2
brief,2
suggestion,2
va,2
direction,2
stilled,2
comforting,2
spoken,2
springs,2
seizes,2
lifting,2
fife,2
hardly,2
borrowed,2
inspiration,2
technical,2
ro,2
ed,2
naked,2
departing,2
moments,2
rise,2
resemblance,2
ct,2
picture,2
loveliness,2
tries,2
reach,2
temporarily,2
flash,2
purely,2
impossibility,2
release,2
koi,2
idea,2
preserve,2
scholars,2
penelope,2
striking,2
creative,2
wine,2
crush,2
unwillingly,2
suppressed,2
really,2
hear,2
afar,2
rhetoric,2
rhythms,2
hesiod,2
vulnerable,2
forth,2
stirred,2
necessary,2
deep,2
distance,2
fight,2
autobiography,2
original,2
simon,2
vanishing,2
apt,2
luck,2
discussion,2
discovery,2
lattimore,2
range,2
alas,2
ol,2
depended,2
trat,2
entirely,2
incarnations,2
assume,2
affects,2
band,2
dissolving,2
bitter,2
actual,2
iov,2
supposition,2
nightmare,2
theories,2
finally,2
significance,2
clear,2
discovered,2
loi,2
transformation,2
directed,2
trap,2
op,2
express,2
lady,2
logic,2
lonely,2
pride,2
good,2
change,2
pos,2
socratic,2
distinction,2
filled,2
dazed,2
forms,2
maxim,2
flame,2
satisfy,2
qualities,2
spreads,2
relation,2
precinct,2
impersonal,2
claiming,2
probably,2
paris,2
cording,2
attracted,2
firmed,2
gifts,2
responsibility,2
division,2
rustles,2
tortured,2
contributes,2
carried,2
xa,2
crete,2
illusory,2
flesh,2
imply,2
grammar,2
continued,2
delicately,2
recall,2
crucial,2
chance,2
muted,2
nectar,2
hoplites,2
rough,2
begin,2
celebration,2
inside,2
male,2
contrast,2
referred,2
success,2
lives,2
lightning,2
sails,2
relevant,2
try,2
indicate,2
satisfaction,2
analysis,2
commits,2
breasts,2
dead,2
composed,2
unusual,2
nevertheless,2
pressures,2
meant,2
rises,2
detail,2
claims,2
immensely,2
ird,2
empty,2
mytilene,2
tensions,2
version,2
needs,2
continues,2
implied,2
echoes,2
disguise,2
glimpse,2
cooled,2
perversion,2
troy,2
longs,2
hanns,2
image,2
cm,2
par,2
desolate,2
wordsworth,2
firepower,2
returns,2
brothers,2
hinted,2
obviously,2
passage,2
merely,2
turned,2
following,2
born,2
redeem,2
according,2
day,2
exposing,2
answered,2
implicit,2
particular,2
pains,2
armies,2
theory,2
grief,2
directly,2
limbs,2
brilliant,2
secure,2
early,2
observations,2
hundreds,2
contain,2
bodies,2
remember,2
coma,2
aphro,2
four,2
satiety,2
altogether,2
awesome,2
role,2
innocent,2
ac,2
giving,2
intended,2
step,2
sparkle,2
sion,2
tender,2
reconstruct,2
necklaces,2
au,2
tions,2
epithets,2
orgasm,2
devoted,2
ure,2
shown,2
unable,2
axx,2
intensified,2
boy,2
infer,2
husband,2
register,2
states,2
attributes,2
hours,2
sexuality,2
opr,2
inextricable,2
celebrant,2
prob,2
intimates,2
charged,2
zeus,2
summoning,2
chicago,2
texts,2
exclusively,2
trembling,2
entire,2
corn,2
abandoned,2
tantalizingly,2
acraiat,1
summarizing,1
affords,1
trick,1
bpvgka,1
jao,1
axec,1
fci,1
discharged,1
smiler,1
bowls,1
forceful,1
shrinks,1
currently,1
exhilarating,1
virvo,1
loxdakov,1
surround,1
rpopuos,1
devotee,1
personally,1
deny,1
fxoi,1
tas,1
aph,1
aat,1
bright,1
phallic,1
lem,1
irl,1
dagger,1
xcxatvas,1
later,1
celebrants,1
promises,1
productions,1
responds,1
repossession,1
names,1
epoi,1
proaching,1
betray,1
ddxaggav,1
larks,1
plunging,1
posoodktvxos,1
ments,1
imminence,1
winds,1
secluding,1
influxes,1
career,1
everyone,1
swayed,1
extreme,1
notations,1
ant,1
hadas,1
oddity,1
jane,1
avsas,1
legitimate,1
determine,1
wooing,1
pierce,1
trembled,1
calm,1
implies,1
dissolution,1
wholehearted,1
seizure,1
iraxav,1
extends,1
kapslav,1
ois,1
sensa,1
mar,1
unavailable,1
gripping,1
string,1
plainly,1
ory,1
iuumined,1
astringently,1
linguistic,1
glimpses,1
passing,1
everybody,1
likewise,1
becoming,1
rrorjaai,1
applegrove,1
conducted,1
reaecrcrai,1
touched,1
prodicus,1
shoulders,1
ience,1
kols,1
nostalgia,1
pacing,1
disappeared,1
prevented,1
picked,1
spears,1
stays,1
anchor,1
songs,1
oxxoip,1
referring,1
second,1
live,1
ditional,1
motivation,1
vdwv,1
murder,1
strictly,1
palpably,1
tvxpov,1
disapproving,1
unanswered,1
protagoras,1
rt,1
arporov,1
cparat,1
athenian,1
censure,1
aaa,1
overtones,1
ore,1
nerve,1
grove,1
unnatural,1
specula,1
conclusive,1
child,1
capti,1
aeschylus,1
unlovely,1
yxvkvttikpov,1
devices,1
resourcefulness,1
waking,1
allies,1
prejudice,1
title,1
encourage,1
occurred,1
sv,1
communion,1
em,1
pivpoji,1
igas,1
tiva,1
biographical,1
ae,1
dreamer,1
communicating,1
russell,1
oos,1
evkapurrov,1
accom,1
po,1
descriptions,1
footfall,1
inal,1
yoking,1
iax,1
aesthetically,1
rome,1
properties,1
temperament,1
scourging,1
dvplojt,1
daimon,1
firmness,1
wince,1
round,1
urgency,1
smoothly,1
anything,1
cast,1
olive,1
inhibited,1
else,1
transitions,1
eyw,1
hallucination,1
cv,1
riva,1
sublimated,1
failing,1
please,1
modest,1
fearing,1
titles,1
letting,1
mytilenian,1
neglects,1
tribute,1
cleansed,1
xvoov,1
lows,1
intensest,1
modu,1
creation,1
posed,1
oxxoiplav,1
girlfriend,1
procession,1
interests,1
derives,1
exclusive,1
balm,1
hood,1
sarcastic,1
munication,1
allusively,1
ooopla,1
cavalry,1
address,1
foam,1
progression,1
generated,1
expectation,1
perience,1
degree,1
cent,1
trdvrai,1
knowing,1
active,1
dreamy,1
tth,1
asia,1
yvwrat,1
declares,1
confirmed,1
practicality,1
divinity,1
thereupon,1
olympians,1
persuasion,1
qvpjov,1
monies,1
attractive,1
transmutable,1
sup,1
text,1
leading,1
distorted,1
assess,1
advantage,1
uneasy,1
darkened,1
kotpao,1
ys,1
philoso,1
simple,1
solace,1
faces,1
throughout,1
stood,1
plumb,1
skeptics,1
garded,1
choked,1
pressed,1
follows,1
footfalls,1
plishing,1
ephemeral,1
incident,1
crrpc,1
proves,1
fluency,1
ccr,1
transforms,1
closer,1
scheme,1
immune,1
reveal,1
concludes,1
procedure,1
vk,1
religion,1
ipmpenerai,1
resulting,1
psychoanalysis,1
trcaso,1
acheron,1
slaughter,1
cleis,1
quelling,1
married,1
judging,1
yexa,1
distraught,1
embrace,1
exf,1
melody,1
pojta,1
taunt,1
sponses,1
alexandria,1
loose,1
determines,1
ovid,1
respond,1
ava,1
unpleas,1
seriousness,1
fillment,1
rain,1
rrrjoemv,1
papyrus,1
mime,1
nal,1
ours,1
histori,1
alike,1
discipline,1
somewhat,1
xalpolo,1
committed,1
numbering,1
frisson,1
intelligence,1
moellendorf,1
irrroaigev,1
vagina,1
acrrpa,1
somebody,1
yaipu,1
tragedy,1
rinses,1
apprentice,1
bluntly,1
sox,1
system,1
surpasses,1
problematical,1
concealed,1
defense,1
customs,1
evaluation,1
multitudinous,1
proceed,1
dixoi,1
inseparable,1
fused,1
staunch,1
ixr,1
heaped,1
pomorphic,1
amorous,1
trust,1
listens,1
lieve,1
recorded,1
incitingly,1
sespofirjk,1
key,1
outlet,1
draws,1
component,1
robes,1
trans,1
er,1
saying,1
killed,1
bianism,1
energetic,1
dxxd,1
violets,1
losses,1
identical,1
retain,1
design,1
kaxav,1
dcxluj,1
suicide,1
porolcn,1
opened,1
capable,1
recommended,1
determined,1
lifetime,1
gexdvva,1
delivers,1
associ,1
farnell,1
scent,1
condition,1
illustrate,1
aav,1
shame,1
jgayrjv,1
reaching,1
plague,1
patterned,1
powers,1
redd,1
alter,1
flamboyant,1
jxva,1
urges,1
splendid,1
move,1
sweetly,1
atheists,1
run,1
ff,1
rid,1
ocrera,1
cornfields,1
laconic,1
acriv,1
apart,1
mental,1
ivagdeig,1
desired,1
uncer,1
barraging,1
festi,1
guised,1
ignores,1
vated,1
pairs,1
resources,1
alarums,1
ggo,1
laws,1
acquir,1
dydvas,1
circumscribe,1
anticipated,1
confidences,1
jtjuewv,1
inhibition,1
wdirfi,1
incense,1
awaits,1
vavov,1
hungers,1
patrimony,1
formula,1
inally,1
introduction,1
plenty,1
opposes,1
cere,1
stirring,1
kxv,1
former,1
craftsmen,1
benefit,1
hazard,1
appeareth,1
inventory,1
tpolav,1
goblets,1
murderous,1
compassion,1
signal,1
ecstatic,1
wherever,1
poetical,1
exist,1
ttoxvavdiplois,1
extinct,1
vases,1
beseech,1
punishing,1
stir,1
mistake,1
penalty,1
lush,1
pounding,1
ravaged,1
denying,1
muses,1
xfj,1
regularly,1
gooseflesh,1
tending,1
plato,1
dependence,1
house,1
misfortune,1
erection,1
frazer,1
yeats,1
accuracy,1
explained,1
acrjixrjiwt,1
modify,1
redeemed,1
difficulties,1
vnakovet,1
pvxp,1
development,1
pockets,1
fragrant,1
pursue,1
eating,1
arrested,1
ixa,1
objective,1
snarl,1
visited,1
bodily,1
pursuit,1
wo,1
wpdvoj,1
accepts,1
xol,1
de,1
danaids,1
clustered,1
apartness,1
charming,1
womb,1
ttot,1
visitation,1
base,1
center,1
madness,1
ability,1
sp,1
creat,1
flows,1
brother,1
speculative,1
relations,1
hid,1
honest,1
xcu,1
tact,1
walter,1
immense,1
american,1
losdvei,1
humbler,1
gall,1
pronouncing,1
regarded,1
ds,1
spoor,1
frenzied,1
rooted,1
wepakedoioa,1
ttt,1
century,1
mild,1
expected,1
vinetendrils,1
lsoc,1
subdue,1
snake,1
arena,1
z,1
iotov,1
kex,1
taste,1
deepest,1
advances,1
ogous,1
affectionate,1
elements,1
old,1
unhappiness,1
indictment,1
reluctance,1
etherealize,1
evp,1
underlying,1
approved,1
places,1
bay,1
displays,1
behaving,1
ctti,1
gglv,1
judged,1
severed,1
concerning,1
fond,1
enjoying,1
causing,1
vrj,1
contrary,1
deed,1
highest,1
reproves,1
speed,1
softly,1
noyes,1
six,1
ik,1
animating,1
lrjs,1
compared,1
karay,1
ifiepe,1
epa,1
intervening,1
effective,1
oacra,1
chap,1
fourth,1
sperm,1
carrying,1
knit,1
kvx,1
undertaking,1
kao,1
enlivening,1
cparov,1
explore,1
sub,1
grammatical,1
guthrie,1
slightest,1
pasts,1
perversions,1
oeel,1
dear,1
poured,1
amare,1
tout,1
tones,1
ada,1
tacit,1
weave,1
loneliness,1
heself,1
dsifcq,1
crashes,1
didn,1
vlvoepiav,1
irjs,1
lectually,1
ceases,1
ruinous,1
altars,1
savage,1
geis,1
arises,1
invites,1
generation,1
psychologically,1
rhythmic,1
preferred,1
priestess,1
tsrjv,1
impulsive,1
rousing,1
celebrating,1
lga,1
grasp,1
develops,1
battles,1
tcoia,1
perfect,1
posira,1
rejoice,1
higher,1
blow,1
drained,1
permits,1
alv,1
wounds,1
conven,1
atct,1
via,1
seeming,1
interesting,1
fairest,1
openness,1
pathetic,1
town,1
uncon,1
flowering,1
silence,1
heroes,1
leus,1
elopement,1
statements,1
tt,1
devastating,1
oubliette,1
axfs,1
divination,1
wanting,1
choking,1
shares,1
troubled,1
unwilling,1
superficial,1
essence,1
adds,1
blames,1
watch,1
remain,1
smoking,1
vided,1
ra,1
sort,1
gown,1
weighted,1
iitoi,1
afterwards,1
kei,1
devo,1
specially,1
ridaxev,1
bawdy,1
breast,1
ai,1
bore,1
myself,1
notion,1
remote,1
mean,1
comparable,1
xpvgias,1
pb,1
circumstantial,1
approaches,1
ce,1
opportunity,1
pressing,1
preparatory,1
auden,1
sensed,1
stops,1
sparing,1
connected,1
loses,1
aipu,1
keen,1
poi,1
expelled,1
fiv,1
masque,1
ungraced,1
emends,1
yxv,1
hearing,1
desperately,1
ix,1
disintegration,1
pages,1
traeotfou,1
witness,1
arrived,1
poavvrj,1
tree,1
bosom,1
distant,1
triumphed,1
lay,1
excitements,1
discusses,1
gtpovdot,1
indulging,1
consequences,1
space,1
awhile,1
absorbed,1
date,1
happened,1
uncanny,1
moves,1
gathering,1
shining,1
ironic,1
honey,1
fantasy,1
straits,1
clat,1
solutions,1
eminine,1
utterly,1
susceptibility,1
settled,1
insistence,1
communing,1
win,1
partnership,1
unshakeable,1
aaevav,1
freeze,1
godlike,1
vea,1
censored,1
females,1
rudeness,1
instruction,1
les,1
distract,1
ttoto,1
sorts,1
cri,1
established,1
slsc,1
intellectually,1
organized,1
glaukos,1
keyprai,1
apa,1
sick,1
ottxoioi,1
hypothe,1
wealth,1
proved,1
sent,1
pws,1
driven,1
consciousness,1
tunately,1
days,1
lighting,1
odyssey,1
cythera,1
ficent,1
footnotes,1
vra,1
god,1
naming,1
lets,1
eventu,1
vitality,1
frag,1
prevent,1
reasonably,1
fictitious,1
frozen,1
xi,1
looser,1
situations,1
puberty,1
show,1
ministers,1
xvii,1
cyprian,1
favored,1
fashioned,1
superior,1
xoj,1
resource,1
isola,1
subliminal,1
laotcra,1
origins,1
continual,1
pjq,1
defeat,1
isolation,1
curi,1
obstacles,1
igos,1
epar,1
epga,1
comprising,1
cost,1
putting,1
surge,1
ful,1
fronts,1
spins,1
hereafter,1
fre,1
saving,1
fipi,1
thesis,1
destructive,1
sun,1
srj,1
imminent,1
care,1
ixde,1
escapes,1
tearful,1
metaphoric,1
redvaktjv,1
strategy,1
martyred,1
preference,1
tory,1
admiration,1
drawing,1
toying,1
eludes,1
amazing,1
perceive,1
thrust,1
commanded,1
posa,1
proposed,1
thinks,1
apostasy,1
pdv,1
whereas,1
tween,1
pox,1
talking,1
expressed,1
vas,1
ou,1
result,1
destructiveness,1
advance,1
diety,1
tc,1
xt,1
aphrodisiac,1
ooo,1
caeus,1
sincerely,1
rivals,1
listen,1
sensing,1
pfl,1
ripeness,1
sexy,1
excruciatingly,1
allusion,1
allusive,1
discount,1
harder,1
holds,1
jolt,1
vtauri,1
train,1
rule,1
overlooks,1
falls,1
oovoc,1
hands,1
speeches,1
joy,1
avrika,1
ners,1
access,1
otrator,1
temptation,1
attack,1
cascades,1
yvov,1
ambiguity,1
purifying,1
centers,1
conscience,1
demands,1
scenes,1
hearers,1
protegees,1
prepare,1
wholly,1
acrai,1
koia,1
getting,1
jettisoned,1
fjl,1
participates,1
insisting,1
measure,1
avoo,1
sensible,1
tremble,1
melancholy,1
eat,1
accompany,1
vsje,1
brill,1
constantly,1
ures,1
philosophical,1
abnormally,1
equates,1
outwitting,1
passionate,1
respects,1
tov,1
sends,1
overcome,1
late,1
revered,1
accurately,1
kapiedev,1
companion,1
kinship,1
elbow,1
reluctances,1
sadness,1
equally,1
disbelieving,1
vdeixojsrj,1
undeceivingly,1
kgt,1
ollection,1
traced,1
pointing,1
urgent,1
cling,1
ttoikix,1
adventurous,1
vents,1
twice,1
metabolism,1
tight,1
paler,1
gov,1
based,1
indirect,1
treat,1
portant,1
iroxv,1
antherisk,1
persons,1
promise,1
disapproved,1
harshness,1
ious,1
gnqdegiv,1
wgtt,1
guesses,1
yxvkvs,1
mischievous,1
sorcerer,1
blossoms,1
unproven,1
absolute,1
explain,1
somatic,1
shouting,1
deliver,1
ivdvtio,1
creates,1
val,1
benign,1
stations,1
kptfras,1
impression,1
deprive,1
reacting,1
alienation,1
failure,1
xos,1
shape,1
representatives,1
underlie,1
flower,1
avt,1
extravagance,1
having,1
feeding,1
theological,1
ota,1
participation,1
conversation,1
probing,1
kdxxigtov,1
relief,1
curing,1
arrives,1
assumption,1
idealistic,1
sworn,1
horticulture,1
horsemen,1
steep,1
sanction,1
appeals,1
mem,1
responding,1
rec,1
xov,1
ideal,1
writers,1
ticipates,1
odds,1
rriosaiv,1
significantly,1
rat,1
suspicion,1
alive,1
koxxos,1
tristesse,1
quering,1
unconditional,1
reserve,1
coeur,1
quently,1
olvox,1
symbolism,1
rarified,1
confirms,1
pletely,1
revealed,1
feared,1
caught,1
compulsive,1
ten,1
keeping,1
bowl,1
flung,1
texture,1
uc,1
realm,1
designate,1
olkovai,1
rodite,1
cronos,1
craved,1
wooos,1
blem,1
sdpva,1
ince,1
nervously,1
kdxxo,1
meet,1
cons,1
literally,1
flowerchain,1
records,1
accomplishment,1
zatv,1
ixd,1
lpoio,1
surpass,1
overeagerness,1
stimulate,1
pan,1
dispense,1
thereafter,1
examined,1
aimlessly,1
ifta,1
trapas,1
forces,1
swift,1
roisos,1
triumphs,1
eliot,1
coursing,1
concession,1
riding,1
cat,1
nerves,1
realms,1
entails,1
idyllic,1
avoeia,1
wanders,1
preparation,1
manage,1
excellencies,1
mortals,1
gently,1
smallest,1
ovk,1
sensibly,1
chill,1
vades,1
alleviation,1
ucdvoc,1
minds,1
bitchy,1
count,1
relentless,1
laughing,1
absorb,1
trate,1
regions,1
demeter,1
ktop,1
suffused,1
terror,1
contests,1
expended,1
talks,1
twinges,1
craftsmanship,1
mass,1
ixai,1
los,1
successful,1
describing,1
fulfilled,1
idiom,1
carries,1
below,1
useful,1
juxtaposi,1
cruder,1
vlscify,1
insoluble,1
consoling,1
shaping,1
marx,1
brave,1
stage,1
reliable,1
involve,1
excuse,1
wards,1
moses,1
behold,1
cer,1
resonses,1
grass,1
sings,1
rings,1
clothes,1
reverie,1
poignance,1
unfor,1
discourse,1
sharp,1
acted,1
straightway,1
brewing,1
fatigue,1
pours,1
english,1
weighty,1
dissolves,1
consensus,1
oc,1
inescapable,1
pregnant,1
concerns,1
shines,1
uylol,1
pare,1
leather,1
insensitive,1
transfer,1
temporary,1
introspective,1
invoke,1
disintegrates,1
plunged,1
prerogative,1
ensures,1
ointments,1
suddenly,1
iparai,1
yds,1
telling,1
blessings,1
ent,1
yielded,1
achil,1
boughs,1
daze,1
vgtowfx,1
vekrap,1
thrill,1
futility,1
overemphasized,1
families,1
pang,1
guise,1
dim,1
xatpe,1
headstrong,1
opnerov,1
ta,1
ris,1
infantry,1
splendidly,1
filling,1
olisbos,1
orchards,1
pleasur,1
organs,1
notice,1
explains,1
quid,1
plausible,1
slept,1
crime,1
kar,1
ghost,1
cttact,1
irpocrdma,1
auto,1
pervasive,1
gorgo,1
substantiality,1
actions,1
sophistication,1
activities,1
dictated,1
conducts,1
tjs,1
appeal,1
replacing,1
everyday,1
krjoi,1
voi,1
clearer,1
achilles,1
defended,1
press,1
purer,1
ype,1
smiling,1
underlies,1
sail,1
fa,1
ipvaoorj,1
verb,1
inhabit,1
excludes,1
irap,1
demand,1
garlands,1
attorneys,1
creed,1
onset,1
attempts,1
ingredients,1
contact,1
xelplwv,1
keeps,1
travdp,1
noble,1
vaginal,1
nonchalant,1
aim,1
gather,1
wary,1
xpvalaigiv,1
accord,1
uve,1
descending,1
yxvkvirikpov,1
genitals,1
operating,1
seventh,1
pleasured,1
hide,1
appearances,1
arouses,1
service,1
duction,1
depth,1
ttaxav,1
assuaging,1
posoim,1
disparagement,1
irorvia,1
jostled,1
dressed,1
appreciate,1
inclusive,1
itoi,1
yields,1
adopted,1
islands,1
dispelled,1
drench,1
interdependence,1
prevailing,1
cared,1
firjs,1
elusive,1
wrench,1
above,1
otrrrdreggi,1
purest,1
tor,1
mystifying,1
illogical,1
prose,1
xl,1
indicates,1
oaio,1
elixirs,1
wildness,1
battleships,1
tensile,1
receives,1
bewildering,1
achieve,1
sending,1
vais,1
ovtatat,1
movement,1
modes,1
bvpuov,1
swarm,1
rites,1
malice,1
hero,1
suppose,1
soothing,1
rjrai,1
hold,1
welling,1
structural,1
dsox,1
mourners,1
spectacular,1
single,1
postulate,1
convictions,1
frank,1
otc,1
dess,1
gave,1
dwells,1
sympathies,1
incipient,1
lpov,1
fascinating,1
intuitively,1
voluptous,1
excessively,1
surpassed,1
tremendous,1
catharsis,1
recommendation,1
devotion,1
instantly,1
hera,1
alongside,1
mindless,1
springtime,1
fun,1
xp,1
seeing,1
implacably,1
irpog,1
disrupts,1
restricted,1
lyrical,1
ia,1
challenged,1
cheat,1
ttorvia,1
shivery,1
vav,1
vertigo,1
ottl,1
reflects,1
puzzle,1
dvspa,1
tax,1
acting,1
likeness,1
writ,1
home,1
adored,1
sume,1
crj,1
nicos,1
dloioa,1
illuminated,1
kdxxvotov,1
leavetaking,1
apollo,1
abandon,1
lord,1
passions,1
thrice,1
passionately,1
tic,1
floor,1
colored,1
demonstrates,1
window,1
stc,1
thorny,1
joins,1
otherness,1
orpiofjlv,1
destination,1
scraps,1
krjvos,1
reports,1
phoenix,1
heterosexual,1
handling,1
noted,1
ruddy,1
assimilated,1
tresrptoutv,1
spin,1
exit,1
thrasymachus,1
ev,1
london,1
testimony,1
chose,1
cyt,1
persuade,1
fruitful,1
sis,1
strung,1
embody,1
name,1
successfully,1
unlimited,1
hollander,1
focused,1
aspect,1
seemed,1
assuage,1
book,1
attacks,1
condemned,1
confound,1
business,1
upset,1
brown,1
fell,1
neglect,1
hears,1
tls,1
toward,1
spend,1
voifi,1
ended,1
available,1
recited,1
similarly,1
lucky,1
dirges,1
photographs,1
addition,1
added,1
erect,1
yl,1
missing,1
iici,1
kaxa,1
efforts,1
usefulness,1
analogous,1
cultivated,1
throb,1
admit,1
warms,1
toll,1
regret,1
sarcasm,1
blocks,1
endless,1
perceptible,1
meadow,1
genuine,1
aesimides,1
animates,1
proposal,1
agree,1
rugged,1
exclusion,1
sleepy,1
attempting,1
tristia,1
kvttp,1
sensi,1
inevitably,1
declaring,1
vb,1
concluding,1
parting,1
anthro,1
break,1
modi,1
chains,1
beg,1
culti,1
warning,1
anal,1
flying,1
squandering,1
john,1
prepara,1
flees,1
state,1
impatient,1
viraosevcaiga,1
doubt,1
islander,1
resolved,1
guilty,1
irr,1
relaxes,1
fashion,1
bitterness,1
warmly,1
seldom,1
reflect,1
weeps,1
favorite,1
habit,1
goad,1
fasten,1
reasons,1
sevpv,1
bility,1
fear,1
honor,1
prolegomena,1
channel,1
rejoin,1
puzzling,1
possession,1
conclusions,1
took,1
goddesses,1
choke,1
drinking,1
arp,1
aching,1
likelihood,1
learn,1
thrills,1
shakes,1
performances,1
consists,1
witnesses,1
fro,1
tainty,1
increases,1
ttvkva,1
dpvxp,1
manner,1
apeara,1
described,1
ancients,1
caaot,1
consummation,1
unit,1
soj,1
orderly,1
equate,1
irapdyay,1
kdv,1
aa,1
ovo,1
ouj,1
armed,1
non,1
extremity,1
explicitness,1
marrying,1
ripivoiaw,1
nance,1
ultimately,1
lasts,1
tainly,1
disquieting,1
hides,1
ejaculation,1
gauging,1
conviction,1
laden,1
austere,1
gait,1
irv,1
osity,1
wiles,1
frightening,1
invitation,1
native,1
dramatize,1
conjuration,1
dispel,1
sicily,1
meta,1
axeit,1
kclttan,1
fragmenta,1
repeated,1
appetites,1
humdrum,1
sensibil,1
reflected,1
going,1
vf,1
ticularly,1
docuit,1
realize,1
thoroughly,1
fluidity,1
piness,1
statues,1
fc,1
remove,1
historian,1
demonstrated,1
understatement,1
cvaor,1
liv,1
emanating,1
analyzed,1
reasoning,1
parently,1
hatreds,1
yoi,1
exploring,1
diverse,1
miss,1
peva,1
admits,1
xxa,1
disease,1
influences,1
astray,1
survive,1
tithes,1
examples,1
acrr,1
background,1
treated,1
stronger,1
staging,1
coax,1
liberates,1
ity,1
accompanying,1
regain,1
defer,1
doorstep,1
host,1
reunion,1
ottls,1
okw,1
contemplate,1
unavailability,1
hypnotic,1
ality,1
gether,1
svvtos,1
enhanced,1
passes,1
wheeling,1
dissolve,1
retains,1
vision,1
gorgias,1
periences,1
anx,1
judge,1
recover,1
lgojs,1
wings,1
vtta,1
poignant,1
ggov,1
admiring,1
eaten,1
illusion,1
food,1
olaast,1
xavov,1
srjdr,1
inhibitions,1
contemporary,1
zc,1
refers,1
avtik,1
importuning,1
reliving,1
meadows,1
causes,1
glow,1
xxois,1
obsessed,1
tumble,1
inflicted,1
satisfactorily,1
questions,1
throws,1
roman,1
uncharged,1
freudian,1
seams,1
reasoner,1
visual,1
individuals,1
partners,1
baffling,1
munity,1
bpov,1
engender,1
purposeful,1
avsaiglv,1
revel,1
complicated,1
flocks,1
epic,1
acclaim,1
students,1
pv,1
kwrp,1
rejected,1
dar,1
communicates,1
crises,1
subtle,1
neuver,1
roo,1
avverov,1
hurt,1
tional,1
welcomed,1
observes,1
mt,1
demoralized,1
utter,1
health,1
gated,1
essay,1
iroxxa,1
urge,1
objection,1
prevents,1
co,1
travels,1
serious,1
wits,1
strengthens,1
arouse,1
symposium,1
keep,1
nrais,1
allowed,1
asocial,1
epuv,1
sardis,1
flood,1
length,1
hved,1
spread,1
satisfies,1
xoioa,1
mustered,1
acquiescence,1
wears,1
collaborator,1
serves,1
mustering,1
laugh,1
mercifully,1
redeems,1
shortly,1
pmav,1
chilly,1
poetic,1
losing,1
paellas,1
offense,1
mourning,1
ouvaioat,1
abundant,1
provides,1
lose,1
flutter,1
vellous,1
vaktopi,1
eigi,1
medicinal,1
fervent,1
erich,1
perfume,1
strict,1
demodocus,1
crci,1
bagjg,1
orcpotn,1
strongly,1
ojvcftvat,1
aidvaaou,1
stature,1
carelessly,1
rimbaud,1
possess,1
dvti,1
ribbon,1
occupa,1
vivendi,1
feet,1
axoy,1
vov,1
editors,1
grip,1
mare,1
suffers,1
shear,1
respectively,1
tactics,1
hypnotized,1
examine,1
irxagiov,1
tfiippa,1
afx,1
unruly,1
excluded,1
enjoyed,1
tcls,1
enemies,1
easygoing,1
vdecrw,1
vide,1
implication,1
flush,1
analyze,1
guess,1
begs,1
spectacularly,1
ewo,1
epics,1
dividing,1
ascribe,1
slide,1
trojan,1
eccentric,1
wells,1
grain,1
evyei,1
exchanging,1
confesses,1
ghostly,1
haven,1
xdpmpov,1
tendency,1
uranos,1
evkjapjrtov,1
conveyed,1
invocations,1
firjxeia,1
embodied,1
deflower,1
creativity,1
reckless,1
propose,1
kwvk,1
opposite,1
hnrq,1
sailing,1
unrelated,1
exper,1
awaiting,1
hopeless,1
aroused,1
freudwise,1
vd,1
reluctant,1
aoyc,1
fostered,1
separate,1
threads,1
dancer,1
rrmi,1
necks,1
boiaav,1
anxious,1
unexpected,1
nisi,1
humiliating,1
asking,1
indication,1
noisy,1
yiveooai,1
speculate,1
ambiguous,1
alters,1
caressing,1
beset,1
informs,1
quieted,1
aid,1
rapport,1
backward,1
vv,1
mitigate,1
lovers,1
pres,1
belonged,1
transformations,1
note,1
undergoes,1
xpucroo,1
xctst,1
yxcjgga,1
wisdom,1
stars,1
fairly,1
tomorrow,1
glumly,1
refutes,1
invasion,1
five,1
foreign,1
fleeting,1
relieved,1
investi,1
effects,1
consent,1
plays,1
naturally,1
blanched,1
tta,1
delighted,1
vx,1
pieces,1
reasonable,1
resistant,1
attitude,1
pensible,1
ttxaglov,1
borrowing,1
insufficient,1
widespread,1
derive,1
mankind,1
rj,1
watching,1
sensitive,1
directing,1
army,1
vals,1
insist,1
transformed,1
translation,1
glancing,1
kaiopbivav,1
oavatoji,1
conceiving,1
timid,1
fiaxlvcov,1
festival,1
oaa,1
render,1
wvtjp,1
exhorting,1
eya,1
repressed,1
remaining,1
facile,1
recognize,1
epov,1
xeprbv,1
dvoiwv,1
ywai,1
andromeda,1
oxv,1
calmest,1
countryman,1
ardently,1
es,1
intend,1
inspired,1
embarrassment,1
ejaculatory,1
kill,1
continually,1
adventure,1
footsoldiers,1
tapped,1
fall,1
connect,1
united,1
surprising,1
aspirations,1
respect,1
sharers,1
tioa,1
education,1
virile,1
dissuaded,1
axtotov,1
anointed,1
citizens,1
get,1
wildflowers,1
cckovto,1
vincing,1
zaatora,1
cult,1
wilamowitz,1
seiv,1
paying,1
investigate,1
fought,1
dissembles,1
fac,1
slip,1
xpvoiov,1
bough,1
considered,1
exult,1
announces,1
coterie,1
addressed,1
axeras,1
massage,1
torment,1
inkling,1
dance,1
disturb,1
prises,1
breathless,1
unashamed,1
proof,1
vates,1
cringing,1
dxfxvpav,1
seriously,1
authorities,1
practised,1
ijtti,1
shadow,1
avswv,1
rarely,1
pivam,1
liked,1
thinking,1
lectual,1
associated,1
airy,1
elected,1
terrible,1
ahead,1
montage,1
coporepa,1
series,1
conclusion,1
complexity,1
ferrying,1
oros,1
radiant,1
throw,1
apprehension,1
merges,1
yapveicould,1
xokaipa,1
yapve,1
wear,1
eco,1
kaxxigtov,1
satisfying,1
felicity,1
beside,1
lulling,1
satisfactory,1
ephiphany,1
temporal,1
specific,1
heartbreaking,1
catpa,1
efxas,1
mourn,1
inescap,1
intensely,1
temple,1
drift,1
symbol,1
wdirj,1
psf,1
offers,1
hearkened,1
magnificently,1
fictive,1
chxcros,1
lexi,1
kakx,1
agony,1
irpbs,1
equation,1
discomfort,1
eleusinian,1
trvxipltrdvu,1
reverberation,1
outcome,1
courtesan,1
trunk,1
enters,1
pipvata,1
evokes,1
exaltation,1
koreppet,1
glowing,1
incom,1
unclouded,1
control,1
ballads,1
poetarum,1
nontheological,1
vlsa,1
guaranteed,1
paper,1
melt,1
damning,1
tongue,1
slaked,1
dx,1
autonomous,1
worth,1
concen,1
lying,1
attribute,1
ramble,1
bless,1
relieve,1
confident,1
shrine,1
branches,1
otcra,1
gone,1
flowing,1
ivory,1
theogony,1
poig,1
omphalos,1
glaring,1
imaginings,1
excellence,1
drown,1
partaking,1
argue,1
temper,1
surprised,1
morphosis,1
universal,1
scenario,1
tenderness,1
answering,1
dv,1
speech,1
iar,1
eventually,1
isas,1
avra,1
satisfyingly,1
epiphanies,1
hysteria,1
stretching,1
doubts,1
job,1
intro,1
clearly,1
figure,1
speculation,1
irx,1
numb,1
attractions,1
embodiment,1
anguished,1
ous,1
fail,1
number,1
aclaofxai,1
comb,1
trailing,1
forlorn,1
dominates,1
archilo,1
placing,1
enlarged,1
innumerable,1
special,1
pour,1
conditioned,1
chus,1
absolutely,1
originality,1
instant,1
better,1
evident,1
catalogue,1
tastes,1
sinner,1
animal,1
hates,1
cal,1
outlook,1
id,1
noise,1
vqra,1
defend,1
william,1
drop,1
succeeded,1
ireirovoapitv,1
explanations,1
enjoyment,1
acow,1
spared,1
economy,1
evocation,1
vs,1
carefully,1
phaeacian,1
broke,1
ppe,1
unique,1
ifiipoji,1
addresses,1
dirvxiuirdvu,1
preface,1
playful,1
ones,1
naples,1
xrrai,1
ridiculousness,1
older,1
involvement,1
trota,1
phers,1
imposed,1
ma,1
libido,1
lished,1
preside,1
kaa,1
metaphor,1
maintain,1
plete,1
eroticism,1
foreterror,1
excruciation,1
platonic,1
firmly,1
ripe,1
baxlaicri,1
yov,1
understandably,1
familiarly,1
percussions,1
estab,1
toe,1
waters,1
bridegroom,1
aeolian,1
exacerbation,1
laxes,1
sleeping,1
shakespeare,1
xdxiar,1
px,1
vehicle,1
array,1
pursued,1
fore,1
floats,1
require,1
transgression,1
boys,1
fighters,1
insistent,1
explored,1
indirectly,1
peters,1
rationality,1
vol,1
property,1
vis,1
missed,1
wrongs,1
analyses,1
phenomena,1
emphasis,1
aiat,1
placement,1
yiaotara,1
pervade,1
afoot,1
daydreamer,1
freedom,1
millions,1
travel,1
maurice,1
haps,1
ovsi,1
hnro,1
stern,1
marking,1
eloping,1
indis,1
cares,1
denouement,1
fulfilment,1
presented,1
heaviness,1
occasionally,1
preserved,1
attentive,1
entrance,1
pervert,1
attachments,1
peace,1
karexlpmavev,1
srjire,1
tightening,1
witn,1
pas,1
practices,1
pre,1
mimesis,1
afjufnttorarai,1
procure,1
tynnros,1
invitations,1
buzzing,1
duty,1
sounding,1
convinced,1
xlttoigo,1
impose,1
jfia,1
song,1
texeoov,1
recklessness,1
avrav,1
confronted,1
impress,1
horseflesh,1
securely,1
indulge,1
guile,1
contribute,1
melilotus,1
xei,1
cav,1
squelching,1
partake,1
mitigation,1
pathos,1
hexameters,1
battle,1
phenomenon,1
mention,1
deities,1
wombs,1
twin,1
hap,1
comprehend,1
lydians,1
harrison,1
guttering,1
waves,1
father,1
subtlety,1
pair,1
nubile,1
cp,1
analogy,1
bio,1
proceeds,1
energies,1
askance,1
produce,1
lesbiorum,1
restraints,1
sickness,1
windownook,1
intent,1
formation,1
bafflement,1
wallowing,1
spring,1
breaks,1
youth,1
rubbed,1
veajvl,1
years,1
friendships,1
bask,1
lands,1
sensually,1
undue,1
zcv,1
finding,1
replace,1
sipai,1
travelling,1
oxgos,1
exerted,1
weaver,1
charge,1
poise,1
catch,1
trauma,1
flushed,1
mode,1
artificial,1
crisis,1
public,1
slides,1
dos,1
offer,1
bene,1
trqxot,1
caa,1
lively,1
pleasing,1
although,1
salt,1
proceeding,1
favors,1
oav,1
otstat,1
ade,1
kaxx,1
bland,1
gaze,1
guiding,1
unbearable,1
undying,1
antiphonal,1
disruption,1
exceeding,1
shameful,1
newness,1
piece,1
quotes,1
prospect,1
playing,1
tellingly,1
reviving,1
pressions,1
calmed,1
sovei,1
ocolgiv,1
oversaw,1
sir,1
fxexixajros,1
lovemaking,1
embodies,1
walking,1
ctlv,1
association,1
stanched,1
confess,1
bittersweetness,1
brunt,1
practiced,1
roles,1
vanished,1
aia,1
dazzle,1
restored,1
offered,1
preferably,1
rrrarpos,1
avfjlfjlaxos,1
recreates,1
ttotvia,1
ated,1
spectator,1
ovre,1
quelled,1
aerator,1
xirrrav,1
aggregations,1
fol,1
softness,1
graze,1
fellows,1
mystery,1
irapa,1
ral,1
ipiasouiva,1
moonlit,1
reached,1
acua,1
athena,1
era,1
sits,1
irrelevant,1
ridiculous,1
pleased,1
recognized,1
damp,1
addressing,1
paralyzing,1
jlov,1
fears,1
xxais,1
substantial,1
rein,1
hymn,1
characters,1
charging,1
scholarly,1
delicate,1
dvdlpamaw,1
divergent,1
xaigl,1
appealing,1
nrov,1
kwtti,1
immediately,1
manifests,1
glance,1
mature,1
seek,1
prison,1
grace,1
whenever,1
ab,1
povpais,1
recent,1
observed,1
behaves,1
charms,1
kox,1
private,1
beings,1
fidv,1
ovfios,1
breathed,1
stunned,1
degrade,1
stjvt,1
asked,1
doing,1
vulgar,1
enclave,1
frankly,1
jealous,1
mistaken,1
outlawed,1
confrontations,1
admired,1
otto,1
owns,1
fertilize,1
oixava,1
gold,1
scious,1
cambridge,1
