WORDCOUNTS,WEIGHT
the,571
of,296
in,196
and,187
a,158
to,145
de,71
painting,70
that,64
is,61
have,57
les,55
amour,53
poem,51
his,50
on,50
it,49
for,47
d,47
or,44
from,43
as,42
l,38
cupid,38
et,37
des,36
la,34
with,34
by,33
this,32
not,32
two,31
paris,30
at,29
en,29
love,29
s,29
who,27
muses,25
an,25
ques,25
obs,25
them,25
one,24
fun,24
railles,24
beech,24
was,22
its,22
all,21
o,20
no,20
funeral,20
le,20
are,20
caron,19
their,19
i,19
be,19
both,18
women,17
he,17
controversy,17
been,17
art,17
first,16
century,16
artist,16
death,16
which,16
would,16
they,15
has,15
m,15
parisian,15
louvre,15
procession,15
but,15
three,15
painter,15
you,15
qui,14
me,14
then,14
now,13
about,13
these,13
him,13
poet,13
her,13
poems,13
between,13
sixteenth,12
had,12
other,12
renaissance,12
theme,12
son,12
sa,11
museum,11
out,11
marot,11
lines,11
un,11
some,11
antoine,10
meaning,10
xxxiv,10
could,10
journal,10
literary,10
though,10
may,10
ne,10
bier,10
temple,10
vous,10
if,9
h,9
t,9
venus,9
est,9
parnassus,9
lyon,9
burial,9
part,9
god,9
only,9
also,9
see,9
poets,9
panegyric,9
au,9
e,8
par,8
those,8
que,8
your,8
well,8
people,8
il,8
several,8
time,8
new,8
ehrmann,8
do,8
we,8
series,8
known,8
works,8
berlin,7
into,7
dames,7
leur,7
thus,7
most,7
triumph,7
prominent,7
second,7
mourners,7
many,7
contemporary,7
made,7
were,7
triomphe,7
mort,7
unknown,7
while,7
over,7
years,7
sur,7
recent,7
car,6
later,6
whom,6
tous,6
what,6
without,6
how,6
ce,6
university,6
n,6
my,6
querelle,6
poetry,6
scene,6
trionfi,6
work,6
dieu,6
someone,6
when,6
will,6
same,6
french,6
where,6
erato,6
so,6
mount,6
she,6
dead,6
any,6
amyes,6
pour,6
jean,6
subject,6
c,6
way,5
large,5
title,5
du,5
being,5
cupido,5
seems,5
great,5
court,5
right,5
mythology,5
mais,5
such,5
back,5
ment,5
mus,5
r,5
sterling,5
related,5
long,5
affaire,5
above,5
movement,5
more,5
toward,5
canvas,5
another,5
ing,5
fran,5
qu,5
ont,5
far,5
cl,5
through,5
press,5
commissioned,5
damoyselles,5
common,4
alone,4
group,4
before,4
certainly,4
might,4
mont,4
narrative,4
stand,4
precisely,4
con,4
point,4
still,4
since,4
old,4
third,4
patron,4
se,4
wanted,4
presumably,4
upper,4
important,4
friends,4
ou,4
came,4
amsterdam,4
events,4
having,4
triumphs,4
suggest,4
around,4
mythological,4
describes,4
ferme,4
neuf,4
led,4
matter,4
make,4
paint,4
put,4
single,4
makes,4
borrowed,4
si,4
fontainebleau,4
fact,4
scholars,4
likelihood,4
blatt,4
after,4
poetic,4
obscure,4
can,4
figures,4
visual,4
es,4
wives,4
itself,4
virgil,4
simply,4
der,4
did,4
goddess,4
purchase,4
muse,4
paintings,4
world,4
question,4
anonymous,4
silenus,4
archives,3
groups,3
petrarch,3
identify,3
favor,3
presents,3
hasp,3
husbands,3
gelais,3
sources,3
trouble,3
j,3
cyclops,3
avec,3
assertion,3
display,3
sang,3
folle,3
studied,3
date,3
context,3
courage,3
eust,3
resemblances,3
historians,3
prior,3
possible,3
dessin,3
obvious,3
x,3
central,3
peintre,3
interest,3
nor,3
ha,3
dear,3
tout,3
moy,3
york,3
mes,3
front,3
droz,3
contemporaries,3
defeat,3
tu,3
view,3
appear,3
based,3
appearance,3
maintenant,3
effort,3
pointing,3
appears,3
however,3
ces,3
place,3
own,3
veulx,3
amor,3
und,3
society,3
cle,3
avoir,3
bonne,3
laurel,3
noble,3
sauvignon,3
wrote,3
cole,3
woods,3
once,3
yet,3
reference,3
beatrice,3
amys,3
neither,3
light,3
editions,3
ed,3
speaking,3
published,3
available,3
sing,3
present,3
horace,3
woman,3
metropolitan,3
distance,3
valois,3
classical,3
private,3
background,3
looking,3
compositions,3
publication,3
virtues,3
points,3
dessus,3
features,3
mourning,3
least,3
latter,3
furent,3
saw,3
george,3
pieces,3
seen,3
recognize,3
analysis,3
acquired,3
puis,3
small,3
believed,3
contre,3
tapestry,3
must,3
wicked,3
mis,3
know,3
cm,3
aura,3
pallas,3
catalogue,3
following,3
form,3
reputations,3
influenced,3
almost,3
terre,3
publishers,3
our,3
vostre,3
shown,3
until,3
cambridge,3
documentation,3
charles,3
rejection,3
characters,3
given,3
much,3
among,3
here,3
building,3
go,2
waited,2
medieval,2
tion,2
names,2
revue,2
nationaux,2
trans,2
clio,2
mundane,2
ois,2
center,2
aller,2
formed,2
likely,2
english,2
ways,2
studies,2
something,2
nonetheless,2
source,2
leads,2
soci,2
abate,2
creation,2
ay,2
sad,2
viewer,2
lamenting,2
attempt,2
worked,2
words,2
merveillieux,2
potentially,2
guin,2
concludes,2
composition,2
promontory,2
help,2
last,2
written,2
doncques,2
tell,2
faict,2
histoire,2
vol,2
italian,2
authentic,2
tournes,2
taking,2
collection,2
cependant,2
exist,2
exercises,2
sorbonne,2
paratoire,2
reputation,2
against,2
g,2
author,2
guevara,2
marnef,2
decided,2
kind,2
elements,2
faustine,2
person,2
bien,2
body,2
six,2
dates,2
left,2
continuous,2
drawn,2
leurs,2
even,2
master,2
karine,2
van,2
failed,2
high,2
geneva,2
town,2
bring,2
leading,2
main,2
absent,2
across,2
orpheus,2
borrowing,2
mean,2
cherubs,2
tel,2
heard,2
earlier,2
terpsichore,2
bnf,2
importance,2
b,2
herouet,2
chariot,2
scaura,2
gathering,2
vielle,2
entry,2
familiar,2
dition,2
numbers,2
too,2
lebel,2
followed,2
frein,2
painted,2
mon,2
drawing,2
peintures,2
iconography,2
whereas,2
worries,2
result,2
lead,2
adore,2
exhibition,2
bearing,2
contres,2
found,2
speaker,2
changed,2
circa,2
kunstgewerbemuseum,2
melancholy,2
avoit,2
further,2
pure,2
pro,2
let,2
war,2
singing,2
comme,2
otherwise,2
explain,2
conservatrice,2
eunesse,2
climb,2
pr,2
nine,2
heart,2
concept,2
london,2
tristesse,2
calls,2
thalia,2
gave,2
ses,2
angers,2
friend,2
personal,2
away,2
either,2
earth,2
p,2
carriage,2
commissioning,2
scaillierez,2
del,2
amphion,2
sings,2
avez,2
quite,2
night,2
event,2
involved,2
calling,2
eleven,2
religieuses,2
dedicated,2
notes,2
am,2
subsequently,2
barbara,2
reduced,2
various,2
short,2
happy,2
sans,2
resisted,2
brief,2
innocence,2
prove,2
grande,2
douleur,2
oxford,2
pp,2
thought,2
meschant,2
under,2
complainct,2
flower,2
nuns,2
une,2
xviiie,2
heureuse,2
vers,2
coeur,2
rijksmuseum,2
power,2
sometimes,2
sky,2
efforts,2
artists,2
shows,2
longer,2
wreath,2
twenty,2
troubled,2
treatment,2
cour,2
striking,2
golden,2
never,2
aussi,2
took,2
dueil,2
v,2
ground,2
accepted,2
mourns,2
carnal,2
loyaut,2
perhaps,2
belief,2
reflected,2
understanding,2
ence,2
extended,2
upon,2
bacchus,2
writings,2
atteint,2
region,2
fleur,2
nuict,2
hypotheses,2
refers,2
veoir,2
poussin,2
questions,2
icy,2
nothing,2
previous,2
harangue,2
ties,2
meanings,2
provoked,2
defense,2
good,2
exquisite,2
like,2
period,2
general,2
attribution,2
depiction,2
mountain,2
provides,2
thomas,2
accused,2
wilkins,2
article,2
allusion,2
propos,2
slightly,2
attention,2
separate,2
assembl,2
niccol,2
dimensions,2
lost,2
adored,2
force,2
length,2
mundt,2
respect,2
considered,2
school,2
abandonment,2
ordered,2
ovid,2
mentioned,2
exposition,2
mourn,2
plusieurs,2
nouvelle,2
guerre,2
each,2
dore,2
different,2
roman,2
setting,2
deceive,2
jeanne,2
leaders,2
down,2
appendix,2
aise,2
speech,2
number,2
pictures,2
closest,2
merely,2
pri,2
feminist,2
fin,2
abb,2
whether,2
terms,2
making,2
want,2
cile,2
saint,2
problem,2
listen,2
size,2
presume,2
presented,2
circumstances,2
votre,2
serviteurs,2
pain,2
little,2
mande,2
tapestries,2
com,2
contribute,2
oeuvre,2
fascher,2
antique,2
come,2
afflicted,2
youth,2
wears,2
instead,2
although,2
ye,2
sadness,2
ceste,2
green,2
evidence,2
france,2
folly,2
comparison,2
jealous,2
mystery,2
chicago,2
uncertainty,2
famous,2
should,2
successive,2
built,2
major,2
advisay,1
final,1
tura,1
miller,1
difficult,1
does,1
ola,1
grieved,1
picard,1
handsome,1
tains,1
languorous,1
struggle,1
child,1
diligent,1
lem,1
appealed,1
pascua,1
selon,1
esmoy,1
estate,1
commemorated,1
vienna,1
triomphant,1
poitiers,1
represent,1
market,1
mer,1
esprit,1
interventions,1
asleep,1
busy,1
cruciato,1
diane,1
suyvoit,1
lodie,1
succession,1
notably,1
lopez,1
passing,1
prudent,1
celle,1
audacity,1
touched,1
encores,1
kinds,1
putative,1
menoit,1
tend,1
entries,1
precede,1
ma,1
newark,1
live,1
alive,1
completely,1
crainte,1
unanswered,1
contend,1
laurier,1
earthly,1
easily,1
foresworn,1
modern,1
ell,1
feit,1
eminence,1
giants,1
wonderful,1
spirit,1
beaulx,1
trilogy,1
follower,1
comparisons,1
western,1
character,1
history,1
unlike,1
enterrement,1
francis,1
stan,1
etique,1
total,1
tells,1
mittelalter,1
panion,1
evil,1
proces,1
nineteenth,1
tongue,1
po,1
descriptions,1
eye,1
estant,1
entourage,1
exquis,1
restauration,1
turning,1
experience,1
diffusion,1
lower,1
doves,1
anything,1
sance,1
defeated,1
else,1
devoit,1
stressed,1
petrarke,1
dieux,1
miter,1
gieuses,1
amoureux,1
wrong,1
reposer,1
hence,1
titles,1
conduisoit,1
preceding,1
interested,1
mercure,1
inaccurate,1
give,1
attempts,1
taken,1
restoration,1
jupiter,1
composer,1
monter,1
suis,1
anywhere,1
incomplete,1
episcopal,1
nature,1
departure,1
gin,1
comedy,1
scavoir,1
pen,1
book,1
affinities,1
saturne,1
knowing,1
requis,1
accommodate,1
together,1
quant,1
ploroyent,1
dichtung,1
differences,1
redoubte,1
togas,1
iadis,1
portrayal,1
imaginary,1
origin,1
cials,1
fully,1
colloque,1
arises,1
able,1
consoloit,1
marys,1
lasse,1
reveal,1
onto,1
picturing,1
room,1
uncovered,1
take,1
humanisme,1
nevertheless,1
subsequent,1
sceu,1
there,1
pouuoir,1
tombeau,1
gol,1
sein,1
stupid,1
fullest,1
maistre,1
principal,1
consoled,1
henceforth,1
cevoir,1
surely,1
reading,1
chanter,1
favoring,1
committed,1
sheet,1
within,1
cuenca,1
el,1
similarities,1
nul,1
followers,1
corroborating,1
ernest,1
case,1
takes,1
nar,1
tapisserie,1
dangereux,1
quelqu,1
establishes,1
forthcoming,1
magnifique,1
cuydoit,1
faulxx,1
plume,1
identities,1
attacked,1
dictz,1
task,1
unaware,1
advisedly,1
nizet,1
translations,1
notoriety,1
sought,1
orator,1
u,1
saying,1
sexual,1
killed,1
rests,1
climbed,1
routiers,1
design,1
custom,1
zur,1
veu,1
placement,1
ofthose,1
discrepancies,1
welcome,1
magnificent,1
slight,1
sale,1
princess,1
traicter,1
splendid,1
occupy,1
asides,1
fine,1
perceived,1
say,1
rela,1
geans,1
pairs,1
uncertain,1
cited,1
printings,1
compares,1
mesdisans,1
xlle,1
representing,1
enter,1
cembre,1
narrator,1
rimed,1
renunci,1
chambrette,1
sweet,1
leben,1
inventory,1
citer,1
complicating,1
controlled,1
audace,1
regarding,1
offerme,1
conflict,1
goal,1
prom,1
beaux,1
dancez,1
deux,1
royal,1
presumptueux,1
dependence,1
relationships,1
arrive,1
consacr,1
doris,1
haut,1
nn,1
aucuns,1
mine,1
facts,1
beaut,1
development,1
inevitable,1
cyclopes,1
lungen,1
personalities,1
contemploit,1
outrage,1
forgotten,1
reflection,1
relatively,1
sp,1
fosse,1
sot,1
portray,1
te,1
br,1
ducteur,1
flamande,1
untersuchungen,1
ologique,1
lancolique,1
piti,1
melodiously,1
vray,1
edici,1
media,1
stained,1
z,1
dis,1
turn,1
occasioned,1
rank,1
cases,1
inserted,1
phoebus,1
distinct,1
ation,1
perspective,1
document,1
wept,1
amere,1
turned,1
praises,1
refer,1
feray,1
ediciones,1
imprimerie,1
subjects,1
fig,1
babelon,1
knecht,1
young,1
caresser,1
defeating,1
myth,1
vate,1
compared,1
dame,1
cytheree,1
compare,1
find,1
died,1
irresistible,1
weight,1
marvelous,1
diverge,1
sepulture,1
diffames,1
quand,1
look,1
practically,1
details,1
tones,1
triomf,1
featur,1
ialousie,1
croy,1
ais,1
occasion,1
traits,1
pronounced,1
catalogues,1
shall,1
influence,1
virtuous,1
marching,1
prudente,1
meit,1
promised,1
obeisance,1
aristocracy,1
critics,1
defending,1
primaticcio,1
gaining,1
acter,1
venuses,1
erotic,1
nuyere,1
reflects,1
theresa,1
ling,1
identification,1
beau,1
portrayed,1
wanting,1
filigram,1
superficial,1
developed,1
bergeon,1
remain,1
possession,1
realit,1
influential,1
landscape,1
reign,1
afterwards,1
culminating,1
observer,1
lamentable,1
longest,1
knew,1
active,1
killing,1
bequest,1
collec,1
aymoyent,1
certain,1
derived,1
strange,1
hearing,1
compter,1
allegory,1
tionship,1
witness,1
spectators,1
k,1
oeuvres,1
ascending,1
riposte,1
rit,1
essentials,1
suffice,1
menteurs,1
means,1
modified,1
involvement,1
scavez,1
eval,1
changes,1
albert,1
duyt,1
dutton,1
praise,1
elle,1
possibly,1
triumphant,1
veult,1
encourages,1
toy,1
descent,1
flammarion,1
lodieux,1
dated,1
promptement,1
section,1
just,1
edition,1
basty,1
worried,1
air,1
dessins,1
house,1
voix,1
w,1
coustume,1
four,1
commented,1
resource,1
origins,1
powerful,1
passed,1
shed,1
seulette,1
isolation,1
toro,1
iconology,1
undertaken,1
consequence,1
chantoyent,1
conditional,1
instance,1
permanent,1
portrays,1
je,1
likens,1
symbolized,1
gesturing,1
opinion,1
pity,1
decades,1
personified,1
differently,1
perceive,1
conflicts,1
disappeared,1
union,1
greater,1
painters,1
talking,1
arrived,1
advance,1
lieu,1
rivals,1
identifying,1
gre,1
tantique,1
blamed,1
tra,1
farthest,1
route,1
pasture,1
critic,1
rule,1
plot,1
called,1
access,1
solved,1
attack,1
allegorically,1
martyr,1
foreground,1
mourner,1
seven,1
crowd,1
scenes,1
estudios,1
international,1
scavons,1
fifteenthand,1
dispute,1
bind,1
diffi,1
eu,1
erme,1
apperceuz,1
fo,1
tiers,1
suits,1
respects,1
nulle,1
big,1
handbook,1
companion,1
equally,1
tascher,1
understood,1
briefly,1
cultural,1
iugement,1
buried,1
omitting,1
inconstant,1
espa,1
michigan,1
districts,1
renais,1
kunst,1
recently,1
cannot,1
excellent,1
acquaintance,1
monograph,1
record,1
verse,1
ford,1
universidad,1
ilde,1
rent,1
highwaymen,1
armor,1
niederl,1
doctor,1
gods,1
oh,1
possibility,1
wants,1
information,1
affair,1
discours,1
ther,1
because,1
char,1
directly,1
deuil,1
saturn,1
used,1
romans,1
probably,1
bystanders,1
mayer,1
sculpture,1
passas,1
plainctes,1
ouvrage,1
palacio,1
ronsard,1
writers,1
exquises,1
themes,1
differ,1
cleaning,1
alogue,1
example,1
reserve,1
departing,1
knowledge,1
aabccb,1
aigu,1
comment,1
bewail,1
feared,1
description,1
letriomphe,1
got,1
universit,1
year,1
ascribe,1
realm,1
tale,1
during,1
obscured,1
editorial,1
disant,1
printers,1
literally,1
partly,1
destination,1
records,1
commande,1
knees,1
pan,1
nach,1
devant,1
vately,1
binding,1
call,1
quielque,1
surrounding,1
jealousy,1
than,1
sembloit,1
cat,1
stanford,1
fought,1
gryic,1
voz,1
gracious,1
hillside,1
tuer,1
cartiers,1
xve,1
faisoit,1
severing,1
tioned,1
massacres,1
couche,1
folie,1
engravings,1
officials,1
hangs,1
trouve,1
eine,1
grans,1
correct,1
caused,1
ovide,1
level,1
subtil,1
delivered,1
buildings,1
semblez,1
stage,1
straight,1
mani,1
next,1
ayent,1
stimulated,1
pected,1
dangerous,1
phrase,1
hermeneutics,1
mesdie,1
sont,1
entrer,1
het,1
mn,1
combattu,1
menendez,1
concerns,1
munich,1
este,1
cession,1
patience,1
brought,1
extoll,1
amounted,1
font,1
essentially,1
bildteppiche,1
conclude,1
ent,1
nordiques,1
kunsthistorisches,1
langue,1
always,1
visible,1
descendants,1
up,1
nostre,1
os,1
purpose,1
ta,1
using,1
nico,1
beauty,1
grateful,1
chantant,1
valuable,1
execution,1
servants,1
concordances,1
seemed,1
corpse,1
toute,1
abbot,1
survived,1
f,1
naming,1
san,1
chantz,1
fortunate,1
contest,1
absence,1
vraye,1
princesse,1
tes,1
voir,1
letters,1
inadequacy,1
identified,1
indeed,1
predecessors,1
labors,1
brian,1
ancien,1
bour,1
exception,1
brings,1
fruitless,1
april,1
tranchant,1
whatever,1
july,1
judgment,1
surmonter,1
morley,1
precedes,1
standing,1
boy,1
iuppiter,1
initially,1
southern,1
cavallo,1
nicelli,1
verses,1
xvie,1
bildteppichserie,1
guide,1
depicted,1
fois,1
paradis,1
dess,1
selling,1
critice,1
chez,1
interpretation,1
vided,1
toutes,1
andv,1
represents,1
read,1
happened,1
veiled,1
serve,1
soon,1
hier,1
oeil,1
us,1
today,1
bo,1
enigmatic,1
orders,1
chantez,1
lieux,1
eros,1
upright,1
culture,1
faisoient,1
lord,1
ro,1
friendship,1
repercussions,1
um,1
lament,1
fessing,1
reprint,1
boldness,1
thorn,1
delaware,1
ouy,1
craignoit,1
disagreed,1
celebrates,1
gracieux,1
phyllis,1
apperceu,1
sketch,1
harper,1
representation,1
oultrage,1
fan,1
starting,1
name,1
tombstone,1
unmen,1
destitute,1
fink,1
strike,1
trinkle,1
amours,1
gents,1
others,1
approaching,1
haute,1
similarly,1
mme,1
printing,1
added,1
inence,1
effet,1
darstel,1
speaks,1
schemit,1
extolls,1
stories,1
fundamental,1
head,1
clarendon,1
stanza,1
music,1
virgile,1
travaux,1
cassoni,1
appeared,1
mountainous,1
quel,1
lacks,1
grave,1
commemorate,1
larger,1
accompanied,1
beg,1
understandable,1
becker,1
quelques,1
end,1
variation,1
femme,1
identical,1
considerable,1
luy,1
man,1
reflect,1
worn,1
parisienne,1
satyr,1
readers,1
behind,1
huitan,1
hand,1
ceivable,1
contrefaict,1
nunca,1
corps,1
mouuit,1
estre,1
road,1
cles,1
anciens,1
secular,1
mu,1
florence,1
nance,1
celebrated,1
sagesse,1
piteous,1
spot,1
eclogue,1
peinture,1
dance,1
necessary,1
endormie,1
ahead,1
traictement,1
indifferent,1
chronologically,1
counterfeit,1
bildung,1
trise,1
alle,1
going,1
cleric,1
degree,1
amenez,1
attacking,1
verd,1
sir,1
tude,1
imagine,1
triste,1
vertu,1
greatest,1
arch,1
peult,1
querelles,1
examples,1
diligens,1
treated,1
amytie,1
enchanteur,1
explanation,1
pave,1
locate,1
sides,1
formal,1
coffin,1
previously,1
sixth,1
pry,1
maris,1
clustered,1
ruling,1
warrior,1
top,1
entirely,1
largely,1
assumption,1
folz,1
emphasize,1
langoreux,1
assume,1
maria,1
overcoming,1
prominently,1
harvard,1
bitter,1
recovery,1
examination,1
dessoubz,1
fantasie,1
dealer,1
full,1
sees,1
ainsi,1
write,1
homenage,1
literatura,1
resents,1
dating,1
tort,1
versions,1
low,1
mancha,1
significance,1
worry,1
subtle,1
chantoient,1
modem,1
adding,1
authors,1
talk,1
ah,1
utter,1
victory,1
lady,1
cruel,1
bober,1
co,1
workers,1
august,1
pin,1
held,1
nombre,1
ri,1
sayings,1
brussels,1
mique,1
played,1
register,1
woodcuts,1
serves,1
linking,1
panels,1
tarnish,1
irresolvable,1
gory,1
probable,1
conversation,1
greco,1
believing,1
morals,1
sepul,1
exchange,1
men,1
especially,1
xviie,1
panofsky,1
problems,1
silly,1
fowe,1
escoutez,1
eyes,1
parallel,1
piteuses,1
successors,1
sight,1
emphasized,1
references,1
dans,1
greatly,1
ann,1
mainly,1
reli,1
blasmes,1
torians,1
monographs,1
ehrui,1
ofausonius,1
blasmoyent,1
consecutive,1
bored,1
story,1
spain,1
looked,1
below,1
contenter,1
workshop,1
inconstante,1
anger,1
invented,1
culty,1
sainct,1
pucelles,1
premiers,1
isabel,1
modifications,1
liars,1
pariures,1
division,1
clarification,1
gens,1
gustave,1
carried,1
rope,1
reproaches,1
europese,1
somewhat,1
speculate,1
pictorial,1
vertueux,1
relationship,1
modification,1
steep,1
circle,1
cance,1
pres,1
belonged,1
wisdom,1
independent,1
provide,1
venez,1
science,1
movements,1
seizi,1
addressing,1
ecole,1
chance,1
dictionnary,1
doresenavant,1
fools,1
destina,1
informing,1
cythere,1
fear,1
spouse,1
reasonable,1
rencontre,1
celebration,1
loz,1
segovia,1
signifi,1
bulletin,1
becomes,1
plor,1
delmarcel,1
collections,1
translation,1
strongly,1
phebus,1
bears,1
ronera,1
began,1
ster,1
try,1
indicate,1
countries,1
geoisie,1
antiquity,1
life,1
gallery,1
inspired,1
accusation,1
arts,1
entrusted,1
existed,1
bocage,1
ruhe,1
sylvie,1
commands,1
chamber,1
entertainment,1
composed,1
pena,1
mother,1
escripts,1
get,1
hardiesse,1
vex,1
face,1
unusual,1
problematic,1
premier,1
chant,1
straightway,1
espine,1
ie,1
res,1
ofthat,1
rescript,1
seine,1
publicly,1
physicien,1
magnitude,1
cupids,1
victoria,1
historian,1
thalie,1
taxer,1
francesco,1
principals,1
version,1
accuse,1
nationale,1
grand,1
medi,1
memorialize,1
demonstrate,1
constituted,1
reinforced,1
continues,1
informed,1
borrows,1
precise,1
recognizable,1
laissez,1
bronze,1
troubl,1
palace,1
proposes,1
petrarcastrionfi,1
sujet,1
rubenstein,1
offers,1
drew,1
ialoux,1
set,1
couples,1
wooded,1
why,1
triad,1
prouver,1
imposing,1
sexuality,1
trouvoit,1
solves,1
vy,1
revenir,1
conversant,1
paper,1
contemplated,1
tomb,1
sleeps,1
genoulx,1
honteuse,1
offi,1
key,1
seem,1
believe,1
michelangelo,1
best,1
prends,1
fonso,1
ph,1
wealthy,1
presence,1
reminiscent,1
loyalty,1
report,1
homme,1
dat,1
clearly,1
theology,1
ff,1
ayez,1
fraunces,1
oblivion,1
inference,1
perdu,1
build,1
associations,1
historical,1
plaques,1
differed,1
venant,1
las,1
past,1
conduire,1
mass,1
disputes,1
proposed,1
passage,1
living,1
girls,1
recevoir,1
better,1
places,1
tasy,1
collera,1
ensuyvant,1
mythen,1
beginning,1
ladies,1
rep,1
according,1
unlikely,1
femmes,1
seducer,1
explanations,1
stijl,1
heads,1
escripre,1
erwin,1
voicy,1
plorons,1
poses,1
idem,1
sau,1
list,1
rising,1
yielded,1
mellin,1
independently,1
unsus,1
requises,1
metaphor,1
maintain,1
proven,1
blandishments,1
plete,1
signature,1
mere,1
balsamo,1
dedans,1
ceased,1
promis,1
leaving,1
certes,1
chapter,1
plorez,1
voulurent,1
amye,1
amy,1
enchanter,1
produce,1
hyde,1
noticed,1
tant,1
proposing,1
ori,1
episode,1
pu,1
temps,1
thematically,1
popular,1
triumphal,1
neck,1
alterations,1
owner,1
vieux,1
preserved,1
portraying,1
ruled,1
met,1
elles,1
introduced,1
sea,1
fair,1
pas,1
frescoes,1
role,1
costez,1
focal,1
intended,1
sion,1
peremptory,1
soucy,1
arguments,1
summarizes,1
sseler,1
mention,1
deities,1
pol,1
isolated,1
graces,1
vignon,1
ndische,1
coming,1
neglect,1
rendre,1
risme,1
chaste,1
false,1
partement,1
coles,1
parquoy,1
argument,1
lists,1
editor,1
abbe,1
tryumphes,1
avons,1
similarity,1
finding,1
cruelle,1
twentieth,1
temerity,1
rator,1
frame,1
strikingly,1
vif,1
completed,1
harm,1
wish,1
course,1
immorality,1
joined,1
sepultura,1
tot,1
canvases,1
guiffrey,1
proceeding,1
entreprendre,1
need,1
weep,1
glass,1
shameful,1
clues,1
raging,1
dominates,1
obeyssance,1
plentiful,1
await,1
fue,1
remains,1
veis,1
hopes,1
summary,1
resiste,1
ruth,1
respective,1
news,1
totally,1
rest,1
maidens,1
prob,1
charged,1
bocaige,1
yesterday,1
debate,1
presumptuous,1
create,1
early,1
mercury,1
caress,1
exclusively,1
element,1
entire,1
enfant,1
divergent,1
veior,1
focus,1
immediately,1
grace,1
tousiours,1
pulling,1
compounding,1
virtue,1
ausonius,1
fur,1
race,1
close,1
encours,1
evidently,1
row,1
songer,1
advocating,1
hypothesis,1
