WORDCOUNTS,WEIGHT
i,10
to,6
love,6
a,5
it,4
and,4
the,3
in,3
of,3
send,3
me,2
have,2
bridges,2
first,2
that,2
technical,2
might,2
for,2
other,2
one,2
cleveland,2
is,2
with,2
cash,2
leaflet,2
am,2
which,2
purchase,1
may,1
span,1
tne,1
careless,1
now,1
truss,1
kevin,1
four,1
list,1
second,1
note,1
cupid,1
only,1
without,1
your,1
letters,1
please,1
yet,1
driving,1
has,1
fascination,1
leaflets,1
types,1
so,1
was,1
occasionally,1
next,1
you,1
know,1
another,1
others,1
over,1
who,1
unselfish,1
used,1
old,1
reprints,1
are,1
my,1
anxious,1
introduce,1
available,1
bridge,1
makes,1
kinds,1
ohio,1
enclose,1
involved,1
find,1
structure,1
thought,1
when,1
get,1
identify,1
even,1
fallen,1
pass,1
impatient,1
country,1
bad,1
under,1
tallen,1
university,1
type,1
or,1
unlike,1
state,1
knows,1
though,1
sheard,1
