WORDCOUNTS,WEIGHT
the,444
of,323
and,320
in,264
gay,207
to,172
a,165
community,114
men,89
s,84
hiv,84
that,81
as,73
sex,62
were,55
for,54
sexual,53
aids,53
is,48
with,43
was,42
this,40
participants,39
social,39
new,37
their,36
by,36
which,36
not,36
have,35
g,34
dowsett,33
prevention,33
de,32
et,32
study,31
we,31
la,30
from,30
these,29
are,27
australia,26
sydney,26
on,26
it,25
they,25
al,25
w,24
about,24
health,23
an,23
been,23
m,22
but,22
i,21
culture,21
you,20
among,20
at,19
one,19
group,18
has,18
safe,18
who,18
epidemic,17
first,17
j,17
research,17
cultural,16
australian,16
communities,16
other,15
educator,15
practices,15
or,15
educators,14
responses,14
also,14
early,14
be,14
ways,13
may,13
his,13
university,13
many,13
relation,13
through,13
pandemic,12
t,12
all,12
some,12
relations,12
public,12
r,12
place,12
more,12
d,12
york,11
l,11
en,11
identity,11
like,11
can,11
lives,11
frame,11
between,11
he,10
experience,10
said,10
there,10
those,10
interviews,10
inner,10
work,10
del,10
sense,10
vih,10
understandings,10
interview,10
time,10
what,10
our,10
asos,10
national,10
participant,10
doing,10
ambivalence,9
e,9
paper,9
political,9
within,9
internet,9
had,9
london,9
rowe,9
press,9
two,9
practice,9
three,9
professional,9
then,9
las,9
while,9
homosexual,8
gayness,8
que,8
y,8
ongoing,8
los,8
people,8
society,8
toward,8
others,8
do,8
findings,8
k,8
life,8
often,8
living,8
don,8
des,8
reported,8
think,8
sexuality,8
shift,8
observed,8
groups,7
themes,7
feeling,7
such,7
sample,7
response,7
aso,7
developed,7
process,7
incidence,7
risk,7
les,7
four,7
behaviour,7
p,7
term,7
construct,7
kippax,7
yet,7
commonwealth,7
belonging,7
fragmentation,7
where,7
fight,7
years,7
analysis,7
education,7
here,7
each,7
elford,7
institutional,7
if,6
h,6
into,6
du,6
emerged,6
nature,6
shared,6
kind,6
journal,6
than,6
after,6
pp,6
strategy,6
out,6
wales,6
however,6
describe,6
personal,6
alan,6
weeks,6
several,6
home,6
une,6
shifting,6
no,6
idea,6
anal,6
man,6
patterns,6
see,6
routledge,6
discussion,6
subjectivity,6
values,6
use,6
earlier,6
promotion,6
institutions,6
frames,6
get,6
did,6
sida,6
current,6
them,6
socially,6
need,6
re,6
now,5
complex,5
trobe,5
infections,5
worked,5
belong,5
dynamic,5
unprotected,5
andrew,5
throughout,5
development,5
since,5
moment,5
even,5
messages,5
how,5
active,5
elsewhere,5
based,5
found,5
late,5
having,5
data,5
its,5
used,5
during,5
issues,5
collective,5
own,5
south,5
therefore,5
led,5
experiences,5
performer,5
performers,5
parties,5
together,5
sociality,5
centre,5
increases,5
another,5
understanding,5
increase,5
expression,5
actual,5
meanings,5
safety,5
individual,5
so,5
dans,5
un,5
cultures,5
sampling,5
particularly,5
growing,5
whether,5
form,5
particular,5
researchers,5
must,5
role,5
qualitative,5
challenges,5
specific,5
tribes,5
way,4
introduction,4
conducted,4
qui,4
formed,4
second,4
being,4
programmes,4
davis,4
protease,4
enduring,4
evolving,4
west,4
implications,4
medical,4
columbia,4
third,4
find,4
constructs,4
barebacking,4
unsafe,4
rather,4
performance,4
notion,4
b,4
understand,4
just,4
n,4
most,4
intercourse,4
problems,4
antecedents,4
constructive,4
homosexuales,4
understood,4
participation,4
concept,4
example,4
knowledge,4
sexually,4
approach,4
emerging,4
multiple,4
when,4
rofes,4
critical,4
various,4
identified,4
indeed,4
melbourne,4
darlinghurst,4
parker,4
us,4
subjectivities,4
same,4
friendship,4
um,4
couch,4
haart,4
noted,4
only,4
love,4
forms,4
necessary,4
eds,4
going,4
remained,4
prevencion,4
described,4
logic,4
characterized,4
methods,4
increasing,4
alex,4
five,4
sage,4
constant,4
changing,4
highly,4
know,4
different,4
identities,4
transmitted,4
both,4
aggleton,4
finally,4
salience,4
era,4
longer,4
race,4
struggle,3
constante,3
common,3
hurley,3
meaning,3
fiction,3
han,3
park,3
sedgwick,3
history,3
francis,3
turning,3
interests,3
later,3
words,3
shaped,3
reveal,3
state,3
staff,3
partners,3
taking,3
point,3
framework,3
optimism,3
expertise,3
central,3
thus,3
relationships,3
author,3
media,3
century,3
thing,3
distinct,3
explore,3
ven,3
crawford,3
unravelling,3
sherr,3
van,3
whose,3
without,3
act,3
maffesoli,3
certain,3
space,3
support,3
beyond,3
bolding,3
expressed,3
treatments,3
international,3
mclnnes,3
negotiated,3
scene,3
because,3
well,3
sites,3
basis,3
dilemmas,3
narratives,3
purpose,3
got,3
loss,3
queens,3
forces,3
canberra,3
project,3
pedagogic,3
status,3
grassroots,3
bareback,3
good,3
change,3
field,3
shaping,3
contingency,3
concerns,3
feelings,3
observe,3
disconnectedness,3
always,3
up,3
using,3
value,3
power,3
harry,3
para,3
recruited,3
perceived,3
sector,3
jon,3
street,3
constituency,3
disengagement,3
similarly,3
happening,3
lack,3
twenty,3
exclusion,3
condom,3
oneself,3
connell,3
debates,3
contemporary,3
ages,3
took,3
strategies,3
por,3
concern,3
ideas,3
engaged,3
theoretical,3
would,3
collected,3
never,3
constructing,3
recalled,3
creativity,3
relationship,3
today,3
perspectives,3
lot,3
usually,3
hommes,3
success,3
el,3
began,3
contribution,3
itself,3
singular,3
mentioned,3
geographic,3
sustained,3
set,3
over,3
believe,3
clearly,3
cities,3
pour,3
hombres,3
ethnography,3
bollen,3
explored,3
conference,3
edwards,3
uniform,3
au,3
come,3
crisis,3
although,3
usa,3
smaller,3
mobilized,3
themselves,3
consisted,3
uncertainty,3
taylor,3
difficult,2
cohesiveness,2
mostly,2
behavioural,2
immune,2
epidemics,2
becoming,2
large,2
enables,2
rick,2
agency,2
larry,2
designed,2
motivation,2
summaries,2
studies,2
pose,2
contexts,2
altman,2
stressed,2
originally,2
might,2
grulich,2
sub,2
diseases,2
gary,2
skills,2
suggesting,2
desire,2
careers,2
confusion,2
thanks,2
subsequent,2
feature,2
respond,2
concepts,2
career,2
reading,2
context,2
clatts,2
case,2
issue,2
est,2
crystal,2
sophisticated,2
etait,2
draw,2
hall,2
felt,2
possible,2
politics,2
mutual,2
syndromes,2
occurring,2
negotiation,2
recapture,2
funded,2
usage,2
historically,2
targeting,2
against,2
registered,2
learning,2
times,2
sexualities,2
body,2
stigma,2
online,2
erotic,2
bring,2
harrington,2
activists,2
organizing,2
una,2
granted,2
eight,2
turn,2
momento,2
neighbourhoods,2
bonds,2
adequately,2
methamphetamine,2
wouldn,2
edition,2
prestage,2
powerful,2
cristal,2
notions,2
generally,2
requires,2
dominant,2
important,2
suggested,2
salient,2
therapies,2
methodology,2
annees,2
greater,2
talking,2
adelaide,2
therapy,2
urgency,2
whom,2
location,2
included,2
could,2
called,2
noting,2
captured,2
constantly,2
embedded,2
desde,2
priorities,2
binghamton,2
your,2
required,2
ces,2
bureaucratization,2
professionals,2
randy,2
information,2
psychiatric,2
framed,2
reader,2
future,2
brought,2
sexuales,2
gender,2
ten,2
reynolds,2
broad,2
binding,2
comunidad,2
ser,2
rituals,2
swift,2
stanford,2
cornerstone,2
my,2
trends,2
following,2
premiere,2
multiplicity,2
successful,2
working,2
suggest,2
preferred,2
order,2
le,2
fatigue,2
sufficient,2
telling,2
core,2
resistance,2
describes,2
corbin,2
macdonald,2
se,2
activities,2
subsequently,2
sendziuk,2
demand,2
service,2
comparative,2
limited,2
play,2
successes,2
positioned,2
intervention,2
make,2
closet,2
structural,2
analizamos,2
mao,2
towards,2
rules,2
aux,2
ed,2
largest,2
increasingly,2
functioned,2
resultados,2
members,2
organizations,2
challenge,2
experienced,2
efforts,2
unifying,2
main,2
stories,2
treatment,2
hart,2
plummer,2
occupations,2
creative,2
diagnoses,2
rosengarten,2
infectious,2
diverse,2
everything,2
multiplication,2
communaute,2
operating,2
innovative,2
dance,2
spoke,2
deficiency,2
strauss,2
coined,2
original,2
casual,2
background,2
upon,2
watney,2
represented,2
largely,2
deployed,2
connected,2
fracturing,2
alienating,2
lampinen,2
gesture,2
express,2
cambio,2
issn,2
david,2
allowed,2
ny,2
period,2
creating,2
tribal,2
provides,2
leg,2
outside,2
nos,2
systems,2
lesbian,2
become,2
invented,2
depuis,2
factors,2
mcinnes,2
belonged,2
ventuneac,2
george,2
drag,2
science,2
movements,2
imperatives,2
force,2
transformation,2
arts,2
continually,2
existed,2
hope,2
chen,2
attachment,2
meant,2
tribe,2
stephen,2
wog,2
acquired,2
any,2
thinking,2
material,2
believed,2
version,2
circumstances,2
ve,2
diversifying,2
simply,2
chat,2
continues,2
constructed,2
ll,2
membership,2
funding,2
ont,2
butler,2
connection,2
marginalization,2
down,2
report,2
inquiry,2
sustaining,2
ethos,2
aqui,2
beginning,2
terms,2
selected,2
want,2
getting,2
institute,2
bureaucratic,2
dedication,2
categories,2
popular,2
foley,2
city,2
bureaucratized,2
became,2
lies,2
situated,2
allows,2
nous,2
writing,2
coming,2
question,2
models,2
ignored,2
paradigm,2
wolitski,2
course,2
valenzuela,2
evidence,2
sur,2
reflexive,2
constituencies,2
regular,2
defined,2
area,2
remains,2
increased,2
barry,2
bart,2
attending,2
c,2
standpoints,2
gestures,2
much,2
seek,2
recent,2
major,2
padilla,1
final,1
miller,1
go,1
does,1
forties,1
dominating,1
situate,1
personally,1
developpe,1
opinion,1
kers,1
responds,1
milieu,1
generous,1
examinons,1
commitment,1
bathhouses,1
valeur,1
breathe,1
ant,1
interventions,1
legitimate,1
arrive,1
dissolution,1
resided,1
associated,1
federation,1
evans,1
serosorting,1
affirmatively,1
contemporaneous,1
joyful,1
center,1
amazing,1
replaced,1
pondered,1
spine,1
illegal,1
effective,1
nostalgia,1
identify,1
tend,1
cours,1
diversification,1
referring,1
algunas,1
live,1
transcribed,1
comunidades,1
uniquely,1
represente,1
completely,1
jonathan,1
epidemiological,1
esto,1
subjetividades,1
realities,1
decade,1
irresponsibility,1
policy,1
protection,1
western,1
reconnect,1
resurgence,1
ian,1
split,1
ciudades,1
unlike,1
individually,1
total,1
before,1
uses,1
mortality,1
thematic,1
vidas,1
edu,1
contested,1
newbury,1
nuevas,1
oaks,1
palpable,1
obligan,1
par,1
negative,1
vocabulary,1
rising,1
consistent,1
highlighted,1
coding,1
sit,1
seropositive,1
bitchy,1
sources,1
amidst,1
every,1
neglects,1
geoffrey,1
certainly,1
drugs,1
lutte,1
creation,1
dolezal,1
production,1
questions,1
exclusive,1
interested,1
give,1
taken,1
discursively,1
address,1
questioned,1
terrain,1
lifestyle,1
england,1
seems,1
reevaluation,1
best,1
possibilities,1
knowing,1
resumen,1
tradition,1
leading,1
explores,1
professions,1
daily,1
great,1
reasons,1
thank,1
constituents,1
estaban,1
accumulated,1
potentially,1
analyses,1
producing,1
narrative,1
dificil,1
stabilisee,1
government,1
sous,1
monograph,1
resulting,1
espaces,1
take,1
beijnen,1
vic,1
professionnels,1
cybercartography,1
devised,1
last,1
mind,1
murray,1
emphasized,1
normal,1
coordinated,1
uniforme,1
gibson,1
latrobe,1
fuck,1
infection,1
abelove,1
racial,1
calculus,1
rethinking,1
forums,1
papers,1
epistemological,1
british,1
changements,1
antirretroviral,1
con,1
governmental,1
inseparable,1
espace,1
schechter,1
assertions,1
foundational,1
key,1
advice,1
motion,1
matthew,1
bones,1
pub,1
mass,1
incorporate,1
right,1
negotiating,1
addresses,1
clinic,1
deal,1
emergeaient,1
scenes,1
sexo,1
player,1
reaching,1
drive,1
tiene,1
reaction,1
desarrollada,1
occupy,1
arenas,1
feminism,1
combination,1
sino,1
conceptual,1
reflecting,1
far,1
panic,1
resources,1
dirty,1
solo,1
himself,1
demanded,1
ritual,1
ambivalencia,1
mais,1
collection,1
connectedness,1
diversity,1
phase,1
therein,1
lover,1
review,1
gras,1
hazards,1
hallaban,1
immediatement,1
weakened,1
spectrum,1
seropostivos,1
immediate,1
dynamics,1
inevitable,1
pursue,1
backgrounds,1
illustrates,1
initial,1
due,1
pursuit,1
software,1
integral,1
millennium,1
bodily,1
indican,1
mixed,1
pandemia,1
exist,1
american,1
constellation,1
realization,1
dont,1
dick,1
february,1
yourself,1
certaines,1
bombarded,1
remembering,1
adventuring,1
elements,1
unclean,1
immigrants,1
antiretrovirales,1
underlying,1
rejecting,1
perspective,1
document,1
convincing,1
back,1
subjects,1
differently,1
ha,1
circonstances,1
serving,1
extraordinary,1
flawed,1
young,1
vancouver,1
detecting,1
warned,1
leurs,1
coutinho,1
subculturas,1
sin,1
performative,1
communication,1
balan,1
yi,1
medication,1
deeply,1
etica,1
simplistic,1
descriptive,1
professionally,1
adult,1
pronounced,1
ok,1
subversion,1
acknowledge,1
rates,1
sensations,1
tratamiento,1
constructionism,1
unifier,1
employ,1
freedoms,1
rights,1
site,1
messy,1
assessed,1
offices,1
oxford,1
via,1
philadelphia,1
recognized,1
fiestas,1
added,1
floor,1
potent,1
camp,1
encompassed,1
across,1
dry,1
sort,1
mediated,1
weighted,1
capture,1
mean,1
levine,1
ce,1
resume,1
persistent,1
expresarse,1
similar,1
ponder,1
lamented,1
supersede,1
direct,1
parts,1
peer,1
cualitativo,1
compromises,1
unificado,1
special,1
enacted,1
lacking,1
lay,1
uncertainties,1
feel,1
practicing,1
moves,1
eleve,1
guides,1
pleasures,1
reinterpretation,1
making,1
accounts,1
avenement,1
parentheses,1
partnership,1
mission,1
plus,1
consider,1
preservativo,1
established,1
imposing,1
familiar,1
behaviours,1
argues,1
emergence,1
branch,1
linked,1
intrinsically,1
sum,1
hiviaids,1
days,1
completion,1
afios,1
hospers,1
remaking,1
equilibrado,1
exploratory,1
argued,1
frequently,1
mountaineering,1
seropos,1
too,1
xi,1
age,1
show,1
acceptance,1
commonly,1
operate,1
heading,1
uncomfortably,1
shorter,1
followed,1
position,1
consequence,1
transcripts,1
rice,1
improvisational,1
instance,1
fragmentacion,1
fifties,1
shifted,1
hivprevention,1
principios,1
care,1
etude,1
drawing,1
cut,1
trajectories,1
conflicts,1
empowers,1
whereas,1
opening,1
arrived,1
closely,1
appraisal,1
remembered,1
geskus,1
pursuits,1
walk,1
allow,1
culturelle,1
transmission,1
histories,1
medicine,1
traditionally,1
ils,1
access,1
amsterdam,1
relating,1
effort,1
embracing,1
seven,1
changed,1
crowd,1
demands,1
bitterness,1
mcgarrigle,1
changement,1
rooms,1
negociation,1
quandaries,1
events,1
radical,1
monitoring,1
light,1
mobilization,1
dislocation,1
emerge,1
valor,1
dilemas,1
big,1
academic,1
further,1
handbook,1
fourth,1
buttressed,1
occupation,1
supervisors,1
demostrado,1
let,1
hacia,1
keywords,1
activist,1
animate,1
moralities,1
produced,1
persons,1
appearing,1
productively,1
tension,1
procedures,1
guarantee,1
guidance,1
virus,1
reflexivity,1
expressions,1
masculinity,1
acknowledgements,1
operationalized,1
aspects,1
aspiration,1
failure,1
lost,1
eficacia,1
relief,1
literature,1
vers,1
planning,1
puissantes,1
bounded,1
implement,1
reitze,1
tool,1
partir,1
attenuation,1
ideal,1
generative,1
claim,1
imagined,1
striking,1
civil,1
disconnection,1
reduction,1
forcefully,1
indigenous,1
comment,1
criticized,1
intentionally,1
reliance,1
overview,1
genuine,1
consistently,1
sociodemographic,1
older,1
discussions,1
policies,1
postulated,1
unificatrice,1
long,1
actually,1
falling,1
participated,1
williams,1
advertising,1
focuses,1
halfway,1
reevaluar,1
surrounding,1
novels,1
formations,1
queer,1
mailman,1
occidente,1
empowering,1
ethnicity,1
subjectivites,1
polity,1
attributed,1
either,1
bodies,1
heartless,1
pick,1
siecle,1
premieres,1
spaargaren,1
running,1
solution,1
accused,1
trouve,1
pedagogy,1
marco,1
level,1
below,1
lavin,1
constituent,1
cold,1
delivered,1
unexpected,1
individualism,1
lacked,1
next,1
undetectable,1
mediterranean,1
discourse,1
owned,1
concordant,1
quite,1
midst,1
barriers,1
night,1
involved,1
specifically,1
around,1
caracterisee,1
small,1
chan,1
characteristics,1
ignore,1
driving,1
few,1
exemplifies,1
biomedical,1
este,1
leather,1
psychological,1
breaking,1
civic,1
despues,1
choosing,1
decline,1
protect,1
boundaries,1
tended,1
delinquency,1
revitalising,1
engages,1
dukers,1
visible,1
articulation,1
st,1
marcadamente,1
necessity,1
horrendous,1
arrivee,1
pays,1
paid,1
correspondence,1
periode,1
notes,1
dejo,1
viral,1
lincoln,1
inform,1
am,1
evoked,1
reducing,1
capturing,1
metanfetamina,1
mess,1
will,1
liberation,1
highlights,1
partially,1
san,1
noteworthy,1
likely,1
conceptualizations,1
chains,1
steady,1
architecture,1
steadily,1
seguro,1
populations,1
action,1
separation,1
sans,1
depth,1
contrasted,1
nuestros,1
plans,1
motivated,1
acknowledged,1
appartenance,1
funny,1
forbidden,1
etc,1
prove,1
allen,1
still,1
mainstream,1
interactions,1
desencadenaron,1
sinful,1
longitudinal,1
adjusting,1
modes,1
spot,1
settings,1
actuales,1
strategic,1
hold,1
direction,1
year,1
vie,1
single,1
purposefully,1
xxi,1
once,1
contributing,1
fois,1
unintended,1
interpretation,1
reference,1
recordings,1
examined,1
opportunities,1
thought,1
serve,1
soon,1
elle,1
traves,1
continuity,1
penetracion,1
resultats,1
challenged,1
ne,1
inconsistencies,1
management,1
unwin,1
tackle,1
fringes,1
raise,1
bind,1
assistance,1
apres,1
dougan,1
passions,1
robust,1
negociacion,1
already,1
antiproteases,1
emotional,1
volunteers,1
circunstancias,1
friend,1
rise,1
galvanize,1
shows,1
sexe,1
delivery,1
redefine,1
partouzes,1
resolution,1
clap,1
skill,1
unsustainable,1
business,1
cedents,1
mark,1
denning,1
guez,1
again,1
fin,1
locating,1
preferences,1
available,1
reporting,1
put,1
conduct,1
emotions,1
fact,1
communautes,1
blocks,1
ghetto,1
epidemie,1
abstract,1
demonstrations,1
remarked,1
manifested,1
really,1
larger,1
relacion,1
end,1
substantially,1
inherently,1
weekly,1
considerable,1
parallel,1
pattern,1
entertainers,1
conclusions,1
behind,1
decennie,1
learn,1
present,1
ground,1
journalists,1
porte,1
fuels,1
clusters,1
thirties,1
continuing,1
purposes,1
existing,1
accepted,1
relevant,1
interviewees,1
ultimately,1
less,1
subjectified,1
until,1
coincided,1
council,1
tasas,1
agencies,1
norms,1
amene,1
belief,1
preparation,1
metropolitan,1
compelled,1
ignoring,1
como,1
shifts,1
reflected,1
free,1
recreational,1
imagine,1
published,1
simon,1
breakdown,1
recognizing,1
clout,1
glue,1
reveals,1
implicaciones,1
mix,1
campaigns,1
ecstasy,1
vez,1
disease,1
excluding,1
effectiveness,1
observable,1
made,1
comprise,1
implicated,1
matthews,1
discrimination,1
saunas,1
including,1
ogilvie,1
collided,1
nettement,1
load,1
morbidity,1
drug,1
significant,1
operated,1
additions,1
exciting,1
rodden,1
tolerance,1
causes,1
collaborative,1
pleasure,1
conflicted,1
distanced,1
ethnic,1
processes,1
services,1
continue,1
franklin,1
trust,1
configured,1
fantastic,1
full,1
recruitment,1
reinforcing,1
galvanized,1
temas,1
intimacy,1
rejected,1
worry,1
volunteer,1
clear,1
engender,1
historic,1
moral,1
encontrado,1
publication,1
periodo,1
ere,1
mcfarland,1
mardi,1
entre,1
horrific,1
plutot,1
denzin,1
pride,1
indicate,1
homes,1
collaboration,1
indexing,1
spread,1
ejemplo,1
occidentaux,1
function,1
him,1
unsatisfying,1
cally,1
antecedentes,1
obtained,1
traction,1
spilling,1
fragility,1
losing,1
transcript,1
lose,1
pills,1
wood,1
institutionalized,1
dilemmes,1
margin,1
educational,1
organisations,1
valued,1
especially,1
queen,1
internal,1
trying,1
epistemology,1
trouble,1
references,1
bureaucracies,1
topics,1
effect,1
awful,1
valdeserri,1
availability,1
confusing,1
primeros,1
rhetorical,1
begs,1
adaptations,1
splitting,1
mckenna,1
saw,1
destruction,1
marshalling,1
connections,1
positioning,1
ago,1
develop,1
controversial,1
dissonance,1
condoms,1
attention,1
sailing,1
encompassing,1
unrelated,1
augmente,1
performing,1
visit,1
fenton,1
ethic,1
dealing,1
entitled,1
things,1
geographi,1
twelve,1
me,1
peers,1
violation,1
note,1
coterminous,1
processed,1
continued,1
bars,1
provide,1
assert,1
email,1
practical,1
foster,1
confused,1
risque,1
decada,1
suffice,1
dashed,1
visibility,1
inside,1
insufficient,1
primarily,1
referred,1
dimensions,1
lugar,1
directions,1
seen,1
detailed,1
team,1
bears,1
pertenencia,1
returned,1
circumstance,1
markers,1
thirteen,1
cynicism,1
legitimacy,1
recognize,1
renderings,1
countries,1
length,1
dynamism,1
neighbourhood,1
nuance,1
examine,1
expectations,1
michael,1
surprising,1
composed,1
bypass,1
types,1
fields,1
kaldor,1
atmosphere,1
canada,1
maureen,1
worlds,1
unusual,1
interpretive,1
gathered,1
investigate,1
clinical,1
blurred,1
considered,1
caracterizadas,1
addressed,1
school,1
explorons,1
publicly,1
personnels,1
practised,1
proteasa,1
liked,1
aumentado,1
series,1
conclusion,1
exemplified,1
difficile,1
complexity,1
contre,1
suppl,1
demonstrate,1
ever,1
invoked,1
partnerships,1
symbolic,1
implied,1
thousand,1
eleven,1
temple,1
doi,1
text,1
organizational,1
offers,1
command,1
estas,1
wider,1
integrative,1
noventa,1
quickly,1
outcome,1
actuels,1
defining,1
uncommonly,1
natural,1
mutually,1
theorising,1
control,1
country,1
interpersonal,1
descriptions,1
novel,1
yeah,1
setting,1
ghb,1
capital,1
incorporating,1
okay,1
leaders,1
print,1
websites,1
indelibly,1
argue,1
constructions,1
domestic,1
unsettling,1
provoke,1
contradictory,1
guy,1
siglo,1
nouvelles,1
privileged,1
very,1
supervisor,1
build,1
associations,1
historical,1
explicitly,1
techno,1
problematics,1
works,1
baster,1
masters,1
absolutely,1
merely,1
places,1
hint,1
bien,1
discontent,1
researching,1
activism,1
according,1
basics,1
tingle,1
levelling,1
redefinition,1
unique,1
incidencia,1
ecoulee,1
surgieron,1
involvement,1
rebellion,1
met,1
cause,1
tailored,1
maintain,1
theory,1
homosexually,1
medicalization,1
suggerent,1
penetration,1
leaving,1
problem,1
adaptation,1
condiciones,1
mandated,1
villes,1
noticed,1
reviewed,1
tant,1
vis,1
influenced,1
almost,1
observations,1
suggests,1
phenomena,1
emphasis,1
urban,1
contain,1
refers,1
art,1
incoherence,1
middle,1
weide,1
fulfilment,1
presented,1
ownership,1
son,1
altered,1
ruled,1
thereby,1
profesional,1
leonards,1
pas,1
estudio,1
alternatives,1
introdujo,1
verified,1
subcultures,1
trouvaient,1
irreducible,1
alta,1
subject,1
intended,1
pandemie,1
song,1
happens,1
twenties,1
demanding,1
arguments,1
niveau,1
maintained,1
falter,1
finales,1
goals,1
eroding,1
characterize,1
keynote,1
varied,1
pseudonyms,1
prepared,1
eric,1
false,1
remien,1
serostatus,1
formation,1
compulsion,1
shown,1
tell,1
touch,1
entity,1
detection,1
clubs,1
finding,1
conditions,1
snowballing,1
epidemiologists,1
salas,1
emotive,1
imperative,1
inmediatamente,1
depressing,1
iterative,1
regenerating,1
joined,1
instead,1
facteurs,1
envers,1
typically,1
integrated,1
obligent,1
facilitates,1
unified,1
mas,1
antiretroviral,1
states,1
centrality,1
reviving,1
forming,1
off,1
regain,1
harmony,1
presenting,1
testament,1
francisco,1
campaign,1
summary,1
needs,1
offered,1
observation,1
potential,1
removed,1
assumed,1
ensuring,1
deployment,1
tuvieron,1
jamie,1
cook,1
fennema,1
irrelevant,1
create,1
confiding,1
uso,1
given,1
focus,1
immediately,1
strong,1
derogatory,1
programming,1
beings,1
goldsamt,1
building,1
broader,1
asked,1
indicating,1
ca,1
signals,1
primera,1
termed,1
fortuitous,1
reservees,1
perception,1
retrospect,1
continuously,1
