WORDCOUNTS,WEIGHT
the,475
of,449
to,296
and,280
a,210
is,187
in,186
that,147
for,129
as,124
love,123
we,107
are,84
god,81
it,80
this,77
not,72
our,69
be,69
one,67
or,67
moral,60
by,55
what,53
with,48
who,45
s,44
have,43
an,42
from,41
which,36
us,32
these,32
would,28
such,27
they,26
being,26
but,26
can,26
actions,26
view,25
upon,25
any,25
all,24
right,24
see,24
at,23
human,23
his,23
ideal,23
point,22
has,22
community,22
form,22
those,21
no,21
their,21
out,21
theological,21
does,19
own,19
on,19
its,18
other,18
i,18
good,18
however,17
judge,17
loving,17
there,16
will,16
beneficence,16
test,15
suicide,15
neighbor,15
means,15
persons,15
people,15
harvard,15
life,15
morally,15
kind,14
act,14
consequences,14
about,14
more,14
also,14
others,14
man,14
do,14
judgments,14
if,13
when,13
goodness,13
commandments,13
some,13
ethics,12
within,12
review,12
was,12
someone,12
characteristics,12
another,12
analysis,12
then,12
how,11
norm,11
standpoint,11
toward,11
time,11
greatest,11
were,11
so,11
men,11
justice,11
christian,11
very,11
should,11
rational,10
king,10
characteristic,10
firth,10
may,10
certain,10
he,10
power,10
benefit,10
them,10
take,9
taking,9
even,9
indeed,9
observer,9
number,9
faith,9
become,9
been,9
freedom,9
into,8
source,8
wrong,8
interests,8
calculus,8
formula,8
ethical,8
cannot,8
war,8
jewish,8
part,8
ten,8
sake,8
situation,8
make,8
decisions,8
disposition,8
made,8
relationship,8
seen,8
claims,8
must,8
here,8
each,8
universal,8
person,8
gang,8
given,8
way,7
rightor,7
nature,7
loyalty,7
most,7
important,7
standards,7
example,7
sole,7
influence,7
therefore,7
passions,7
social,7
limit,7
concern,7
biblical,7
like,7
sense,7
respect,7
whether,7
particular,7
theory,7
duty,7
giving,7
think,7
covenant,7
you,7
loyalties,7
commitment,6
every,6
tradition,6
great,6
x,6
ability,6
than,6
suffering,6
checks,6
reference,6
consider,6
generally,6
whom,6
because,6
work,6
members,6
acts,6
various,6
action,6
same,6
only,6
children,6
three,6
essay,6
know,6
argue,6
utilitarian,6
discussion,6
between,6
among,6
doing,6
child,5
before,5
first,5
consistent,5
certainly,5
might,5
desire,5
case,5
chapter,5
relationships,5
whose,5
explicit,5
b,5
negroes,5
deut,5
understood,5
possibility,5
scope,5
benevolence,5
whole,5
place,5
up,5
commit,5
yet,5
evil,5
exodus,5
emotional,5
speaking,5
john,5
considerable,5
where,5
equate,5
duties,5
understanding,5
itself,5
rightness,5
unique,5
despite,5
come,5
question,5
meaning,4
groups,4
e,4
position,4
character,4
cit,4
something,4
said,4
nevertheless,4
functions,4
learned,4
immediate,4
difficulty,4
virtuous,4
discernment,4
rather,4
bring,4
sort,4
remote,4
determining,4
feel,4
reason,4
argued,4
traditionally,4
furthermore,4
wrongness,4
killers,4
otherwise,4
absolute,4
criteria,4
future,4
related,4
year,4
call,4
least,4
quite,4
family,4
am,4
kindness,4
gift,4
put,4
positive,4
guide,4
two,4
noted,4
fact,4
d,4
oneself,4
everything,4
contemporary,4
practice,4
free,4
mill,4
students,4
clear,4
op,4
individual,4
function,4
often,4
twofold,4
tested,4
attitude,4
following,4
principle,4
setting,4
best,4
luther,4
influenced,4
role,4
course,4
need,4
summary,4
traditional,4
asked,4
emulate,3
go,3
now,3
stuart,3
affected,3
determine,3
worthy,3
alone,3
ultimate,3
group,3
provisions,3
use,3
live,3
true,3
h,3
considerations,3
motive,3
history,3
passion,3
adopt,3
attempt,3
ourselves,3
words,3
principles,3
accompanied,3
emotion,3
precisely,3
racial,3
conferring,3
depends,3
system,3
takes,3
possible,3
himself,3
ross,3
thus,3
surely,3
development,3
since,3
philosophical,3
realization,3
insofar,3
guided,3
religious,3
concerning,3
mean,3
comparable,3
benefits,3
w,3
prima,3
humility,3
had,3
result,3
lead,3
sabbath,3
demands,3
let,3
well,3
having,3
basis,3
reader,3
r,3
knowledge,3
nation,3
genuine,3
warranted,3
actually,3
personal,3
trends,3
either,3
previously,3
order,3
destiny,3
species,3
society,3
outsider,3
identified,3
jesus,3
tends,3
single,3
depicted,3
disposed,3
security,3
thought,3
under,3
complete,3
name,3
herbert,3
niebuhr,3
theologically,3
classical,3
outside,3
model,3
manner,3
necessary,3
day,3
ibid,3
imagine,3
expression,3
food,3
actual,3
individuals,3
sustain,3
interpret,3
general,3
keep,3
him,3
martin,3
finite,3
tendency,3
decision,3
somewhat,3
fear,3
institutions,3
trait,3
sensitive,3
confine,3
why,3
hope,3
probabilistic,3
joseph,3
considered,3
conditions,3
simply,3
roderick,3
facie,3
tendencies,3
sure,3
believe,3
speech,3
particularly,3
linked,3
richardson,3
making,3
injunction,3
always,3
while,3
gratitude,3
both,3
far,3
utilitarians,3
righteousness,3
utilitarianism,3
approves,3
fellows,3
partial,3
early,3
seek,3
ends,3
virtue,3
roles,3
race,3
discern,3
capone,2
final,2
exhibiting,2
difficult,2
done,2
deny,2
concerned,2
later,2
stood,2
judging,2
per,2
american,2
approved,2
strictly,2
fletcher,2
contend,2
brandt,2
justified,2
relativism,2
alleged,2
experience,2
t,2
sources,2
hence,2
specifically,2
creation,2
give,2
taken,2
feeling,2
j,2
seems,2
shaped,2
available,2
debt,2
loves,2
help,2
stand,2
dispositional,2
conscientiousness,2
task,2
account,2
capable,2
alinsky,2
say,2
immoral,2
familial,2
genetic,2
daughters,2
mistake,2
chapters,2
difficulties,2
pursue,2
pursuit,2
g,2
neighbors,2
discerning,2
espoused,2
turn,2
brother,2
nor,2
sibling,2
deeds,2
agapism,2
concrete,2
amount,2
fate,2
find,2
weight,2
mankind,2
propositions,2
rightand,2
sisters,2
recognized,2
compatible,2
calculation,2
represented,2
parents,2
humanity,2
se,2
moreover,2
suffice,2
determination,2
escape,2
bad,2
affect,2
want,2
self,2
n,2
welfare,2
weak,2
prevent,2
vietnam,2
definite,2
testament,2
your,2
problems,2
care,2
m,2
appear,2
union,2
my,2
agenda,2
could,2
conflict,2
called,2
attack,2
seven,2
rescuing,2
further,2
shall,2
equal,2
treat,2
recently,2
placed,2
hypothetical,2
gods,2
failure,2
used,2
concept,2
significantly,2
theistic,2
discussions,2
accord,2
achieving,2
else,2
count,2
earth,2
normally,2
arise,2
beneficent,2
things,2
warrant,2
discourse,2
phrase,2
event,2
involved,2
concerns,2
methodological,2
occasions,2
necessity,2
world,2
plausible,2
rest,2
eternal,2
critical,2
noteworthy,2
sons,2
demand,2
reduced,2
matter,2
variety,2
materials,2
brings,2
object,2
interpretation,2
violence,2
serve,2
neither,2
thesis,2
imitate,2
luke,2
liberty,2
al,2
experiment,2
optimific,2
many,2
cultivated,2
lack,2
valid,2
consideration,2
attempting,2
praiseworthy,2
striving,2
larger,2
conferred,2
forms,2
learn,2
present,2
purposes,2
validity,2
relevant,2
jobs,2
explicitly,2
interpreting,2
private,2
exhibit,2
father,2
considering,2
values,2
actualize,2
owe,2
bondage,2
refers,2
processes,2
trust,2
described,2
significance,2
directed,2
sensitivity,2
held,2
played,2
distinction,2
probable,2
attributing,2
provides,2
class,2
decide,2
especially,2
enough,2
trying,2
sanctifying,2
claiming,2
achieve,2
vain,2
attention,2
implicitly,2
emulation,2
success,2
philosophy,2
frankena,2
contribution,2
methods,2
types,2
instances,2
get,2
israelites,2
meant,2
neighborlove,2
environment,2
contained,2
thinking,2
associated,2
version,2
detachment,2
known,2
set,2
methodologically,2
over,2
control,2
cox,2
readily,2
seriously,2
did,2
regard,2
brothers,2
theology,2
perfectly,2
living,2
type,2
merely,2
evident,2
drop,2
terms,2
degenerate,2
respecter,2
almost,2
qua,2
recognition,2
recipients,2
turns,2
using,2
afflicted,2
tell,2
survival,2
numerous,2
appropriate,2
define,2
product,2
derive,2
forming,2
speak,2
deciding,2
themselves,2
obligation,2
maximum,2
import,2
instance,2
develop,2
images,2
grace,2
recent,2
observed,2
occur,2
kurt,1
democracy,1
impossibility,1
sermons,1
obligations,1
justwar,1
fathers,1
limits,1
prefer,1
films,1
conflicting,1
declared,1
heroic,1
religions,1
names,1
generous,1
threatened,1
strives,1
trustworthy,1
neighborly,1
represent,1
engendered,1
mat,1
widening,1
affirming,1
albeit,1
considerably,1
endowments,1
distributed,1
expect,1
sympathetic,1
likewise,1
told,1
reflection,1
juxtaposition,1
partially,1
perpetuate,1
saved,1
denied,1
systematically,1
illegal,1
kinds,1
tend,1
essays,1
designed,1
referring,1
sovereign,1
asserted,1
ways,1
murder,1
baier,1
investigating,1
jonathan,1
earthly,1
easily,1
largely,1
country,1
satisfied,1
censure,1
spirit,1
iqs,1
equated,1
allies,1
harsh,1
unlike,1
concretized,1
encourage,1
vestiges,1
reliably,1
knox,1
total,1
tells,1
siblings,1
contexts,1
women,1
negative,1
anything,1
overcoming,1
doggedly,1
provision,1
stressed,1
psychotherapists,1
concur,1
disagreement,1
entailed,1
rested,1
implying,1
hire,1
possesses,1
lamenting,1
central,1
maturation,1
poison,1
hatred,1
parties,1
dramatically,1
divinity,1
book,1
decalogue,1
levite,1
scientists,1
assertion,1
daily,1
inflict,1
display,1
simple,1
potentially,1
approximating,1
normative,1
senses,1
obeyed,1
able,1
service,1
onto,1
procedure,1
expense,1
kingdom,1
deemed,1
harvey,1
inadvertently,1
maurice,1
heartily,1
failures,1
pursues,1
mind,1
state,1
priest,1
forgiving,1
respond,1
raised,1
robert,1
political,1
normal,1
committed,1
everyone,1
construe,1
hostility,1
livelihood,1
tragedy,1
weighing,1
issue,1
ascribed,1
existence,1
forthcoming,1
inadequate,1
righteous,1
key,1
teleological,1
capacity,1
misunderstood,1
bases,1
killed,1
motivating,1
stepped,1
magnificent,1
desist,1
delivers,1
activity,1
ball,1
illustrate,1
characterize,1
adopting,1
reaction,1
insight,1
richard,1
vital,1
obvious,1
except,1
treating,1
waging,1
sent,1
conception,1
apply,1
along,1
dirty,1
irrational,1
ritual,1
leviticus,1
tied,1
prejudice,1
behavior,1
pursuing,1
singled,1
sabbatical,1
regarding,1
preoccupied,1
promulgating,1
collapse,1
hazards,1
quality,1
medical,1
illustrates,1
against,1
realized,1
unpublished,1
confer,1
agent,1
interest,1
relatively,1
large,1
deliberation,1
gun,1
mixed,1
relations,1
honest,1
hideously,1
jr,1
nurtured,1
assessment,1
expected,1
yourself,1
exercise,1
prophecy,1
spawn,1
old,1
deliverer,1
stored,1
rejecting,1
legally,1
places,1
refer,1
profound,1
approval,1
endeavoring,1
response,1
concert,1
restrict,1
dearly,1
compared,1
applying,1
continuous,1
third,1
loveth,1
truly,1
committing,1
samaritan,1
look,1
poured,1
deeply,1
conceive,1
professing,1
correctness,1
traits,1
hardly,1
acknowledge,1
conjure,1
react,1
grasp,1
ecumenical,1
impossible,1
higher,1
seventh,1
permits,1
behave,1
poor,1
interesting,1
racism,1
essential,1
ably,1
without,1
observers,1
performance,1
presupposed,1
reinhold,1
conceptions,1
requisite,1
suffer,1
probability,1
legal,1
connected,1
thing,1
similar,1
variant,1
contributions,1
special,1
revelation,1
study,1
commend,1
vindicate,1
white,1
impressed,1
consistency,1
replete,1
pleasures,1
enjoined,1
injury,1
fervently,1
maintaining,1
emphasis,1
perpetuation,1
expects,1
operates,1
distributive,1
servants,1
objects,1
sorts,1
dyck,1
eventually,1
image,1
actualizing,1
clearly,1
disadvantaged,1
just,1
yearning,1
numbers,1
house,1
restricted,1
characterizations,1
too,1
situations,1
commonly,1
democratic,1
piety,1
powerful,1
beyond,1
defines,1
dramatized,1
cost,1
putting,1
aquinas,1
puts,1
mix,1
willing,1
hate,1
feeble,1
weighed,1
david,1
opinion,1
strategy,1
commanded,1
redeeming,1
contention,1
ordinarily,1
expressed,1
closely,1
came,1
pursuits,1
ushering,1
societies,1
legalistic,1
appearance,1
carrying,1
rule,1
found,1
color,1
determines,1
impartially,1
behavioral,1
deal,1
recitation,1
relation,1
relational,1
instruct,1
pitfalls,1
term,1
phenomenology,1
pure,1
outset,1
informed,1
vocational,1
fulfillment,1
bureaucratic,1
stressing,1
absorption,1
intensity,1
meet,1
promise,1
deliberations,1
appearing,1
hare,1
toppled,1
exegetical,1
procedures,1
spiritual,1
wellspring,1
lyons,1
facilities,1
taught,1
opposition,1
method,1
near,1
scene,1
information,1
receive,1
justifies,1
gained,1
directly,1
scripture,1
participation,1
degrees,1
line,1
correctly,1
decides,1
idealistic,1
narratives,1
qualifications,1
carry,1
claim,1
floundered,1
prominent,1
brought,1
heavily,1
penetrating,1
experiencing,1
description,1
criticized,1
reminded,1
ple,1
loss,1
literature,1
misinterpreted,1
gave,1
kindly,1
consistently,1
reynolds,1
collective,1
relevance,1
documented,1
justification,1
participate,1
philosophically,1
resort,1
interpreted,1
impinging,1
citing,1
generically,1
change,1
creating,1
outmoded,1
viable,1
regardless,1
negligible,1
questionable,1
fostered,1
shaping,1
revolution,1
wished,1
apprehend,1
qumran,1
compensating,1
hired,1
calling,1
several,1
autonomy,1
wider,1
choose,1
revealing,1
compatibility,1
invoke,1
supposedly,1
edwards,1
research,1
startling,1
essentially,1
obnoxious,1
richness,1
dim,1
nonreligious,1
wife,1
results,1
games,1
peculiar,1
inquiries,1
purporting,1
commonweal,1
finds,1
inform,1
evoked,1
incumbent,1
activities,1
promising,1
content,1
outworn,1
happen,1
differentiations,1
second,1
approximate,1
joyous,1
attempts,1
elimination,1
exhaust,1
bringing,1
contended,1
unrealistic,1
supreme,1
die,1
play,1
minority,1
forward,1
nietzsche,1
exception,1
etc,1
exerts,1
persecutor,1
specifying,1
halmos,1
above,1
jealousies,1
experiences,1
sending,1
indignation,1
modes,1
cultivate,1
hollywood,1
argumentation,1
spoken,1
once,1
bentham,1
sweeping,1
justifying,1
opportunities,1
represents,1
makes,1
rules,1
accident,1
east,1
fail,1
rom,1
cooks,1
ancient,1
riots,1
dictates,1
acting,1
included,1
lord,1
choices,1
dropped,1
skin,1
wiliam,1
passionately,1
ed,1
wright,1
wronged,1
ruleutilitarian,1
alien,1
qualified,1
reliance,1
proclivities,1
increasingly,1
contemptuous,1
predisposition,1
debtors,1
unifying,1
gospels,1
unsung,1
persuade,1
needy,1
atheistic,1
absolutistic,1
paul,1
law,1
frederick,1
stated,1
mark,1
selfish,1
death,1
recited,1
ask,1
mails,1
perfected,1
efforts,1
usefulness,1
ethicists,1
preserve,1
fundamental,1
benevolent,1
creative,1
ought,1
abstract,1
sloppy,1
lacks,1
new,1
theologian,1
end,1
personality,1
dispassionate,1
arthur,1
variation,1
venture,1
imperfect,1
discussed,1
brotherhood,1
ruler,1
never,1
genealogy,1
overstate,1
fits,1
hand,1
evoke,1
creature,1
sparing,1
receives,1
coercion,1
congruous,1
less,1
entails,1
mendenhall,1
choice,1
norms,1
rounds,1
generic,1
books,1
mercy,1
encountered,1
shoot,1
convenient,1
process,1
original,1
phenomenological,1
becomes,1
recognizing,1
bond,1
secured,1
supplies,1
intimate,1
counsellors,1
invested,1
examples,1
mothers,1
helps,1
wretched,1
including,1
intensified,1
depended,1
individuality,1
ruthless,1
mosaic,1
entirely,1
significant,1
confidence,1
affection,1
pervasiveness,1
emphasize,1
robinson,1
assume,1
causes,1
morality,1
pauline,1
aside,1
ethnic,1
exhibited,1
commandment,1
maintains,1
injustices,1
nothing,1
specifies,1
bonhoeffer,1
chosen,1
relinquishes,1
theories,1
open,1
discovered,1
reality,1
emphasizing,1
grew,1
restraint,1
language,1
virtues,1
clue,1
laudatory,1
urge,1
recipient,1
serious,1
vested,1
homes,1
allowed,1
derived,1
characterized,1
belongs,1
fellow,1
reformers,1
murderers,1
premium,1
high,1
pathetic,1
hiring,1
counted,1
accurate,1
anyone,1
earlier,1
losing,1
standard,1
incur,1
thomas,1
morals,1
civilian,1
discarded,1
sentiment,1
lifts,1
satisfy,1
qualities,1
imaginative,1
ribs,1
parochial,1
emphasized,1
declare,1
assessing,1
greatly,1
accordingly,1
structure,1
archetypes,1
seeking,1
hard,1
probably,1
conscience,1
story,1
begs,1
equivalent,1
predispose,1
save,1
destruction,1
egoistic,1
imperfectly,1
stick,1
universality,1
regimes,1
dispossessed,1
widely,1
offspring,1
reluctant,1
calvin,1
ethic,1
increasing,1
accepting,1
detach,1
suggestion,1
casuistic,1
omnipercipient,1
napalm,1
circle,1
me,1
declaration,1
belonged,1
note,1
provide,1
legalism,1
sometimes,1
usually,1
five,1
practical,1
sol,1
elder,1
omniscient,1
begin,1
visibility,1
parent,1
theist,1
ordinary,1
sympathy,1
multi,1
predict,1
qualify,1
subordinating,1
force,1
render,1
effectively,1
unselfishness,1
importantly,1
hopelessly,1
recognize,1
paradoxical,1
try,1
indicate,1
adumbrate,1
intend,1
responsible,1
examine,1
expectations,1
kill,1
commits,1
surprising,1
confronts,1
centuries,1
citizens,1
exists,1
ontological,1
problematic,1
unacceptable,1
tribe,1
detail,1
school,1
talents,1
curious,1
absolutism,1
ceaseless,1
graven,1
comes,1
mandelbaum,1
demonstrate,1
stendahl,1
potter,1
implied,1
precise,1
shunned,1
specific,1
ralph,1
membership,1
disapproval,1
perhaps,1
burned,1
krister,1
text,1
command,1
butler,1
outcome,1
easy,1
dimension,1
inequities,1
disinterested,1
conscientious,1
worth,1
inclined,1
connection,1
adjudication,1
distance,1
down,1
villain,1
ph,1
casuistry,1
vicious,1
ideological,1
job,1
enemy,1
sustaining,1
asserting,1
embodiment,1
cultivation,1
associations,1
distinctive,1
past,1
outrage,1
passage,1
inspires,1
procedural,1
ideally,1
destroyed,1
defend,1
knows,1
william,1
born,1
game,1
according,1
discuss,1
ritualize,1
attain,1
carefully,1
namely,1
references,1
cause,1
maintain,1
calculations,1
mere,1
sociologist,1
tightly,1
extent,1
understandably,1
knoweth,1
foundations,1
hitler,1
secure,1
yield,1
agreed,1
suggests,1
threat,1
scruples,1
reparation,1
ascertain,1
categories,1
agape,1
popular,1
exegesis,1
dimly,1
son,1
circumstances,1
multiple,1
peace,1
fair,1
drowning,1
awesome,1
hatreds,1
press,1
innocent,1
convinced,1
withdrawal,1
everywhere,1
rationale,1
sectional,1
phenomenon,1
ensuing,1
goals,1
aspect,1
reducible,1
prepared,1
espouse,1
coles,1
intent,1
devoted,1
ultimately,1
outrageous,1
argument,1
years,1
difference,1
quest,1
paradigm,1
web,1
national,1
aware,1
dwelleth,1
motives,1
crisis,1
wish,1
public,1
offer,1
applicable,1
detached,1
include,1
although,1
land,1
cognitive,1
unified,1
dogma,1
affirmation,1
quotes,1
circulating,1
seeks,1
off,1
await,1
area,1
presenting,1
embodies,1
extremely,1
remains,1
blameworthy,1
israel,1
observation,1
narrowly,1
charles,1
potential,1
removing,1
justify,1
chicago,1
era,1
th,1
irrelevant,1
debate,1
views,1
predictable,1
element,1
fellowship,1
focus,1
much,1
immediately,1
counts,1
whenever,1
famous,1
beings,1
delineate,1
built,1
customs,1
vividly,1
perception,1
exhort,1
