WORDCOUNTS,WEIGHT
the,491
of,381
to,247
and,213
a,176
in,161
that,143
is,126
it,97
for,93
as,88
or,80
be,73
nietzsche,62
this,60
with,59
not,52
by,44
on,44
test,42
its,42
an,41
which,35
are,34
at,33
if,32
s,32
more,32
can,30
what,30
one,29
has,28
he,28
from,28
but,27
into,26
we,26
itself,24
have,24
you,24
ai,23
rigor,23
us,23
testing,23
something,22
new,22
i,21
experimental,21
when,21
does,20
would,20
truth,19
even,19
been,19
philosophy,19
america,18
will,17
love,17
all,16
there,16
time,16
faith,15
such,14
no,14
his,14
their,14
was,14
personality,14
being,13
out,13
future,13
scientific,13
only,13
discovery,13
science,13
becomes,13
any,13
gs,13
how,12
knowledge,12
order,12
up,12
gay,12
problem,12
way,11
without,11
least,11
things,11
good,11
avital,11
me,11
who,11
loves,10
than,10
certain,10
too,10
could,10
great,10
where,10
over,10
inquiry,10
now,9
other,9
those,9
some,9
possible,9
point,9
human,9
kind,9
had,9
however,9
guarantee,9
because,9
place,9
were,9
so,9
testability,9
must,9
them,9
whether,9
role,9
respectable,9
much,9
habits,8
nature,8
rather,8
beyond,8
experimentation,8
philosophical,8
actors,8
always,8
about,8
once,8
see,8
proofs,8
thinking,8
through,8
needs,8
they,7
anything,7
invention,7
experiments,7
somewhat,7
probability,7
most,7
my,7
cannot,7
calls,7
personal,7
acts,7
still,7
yet,7
these,7
disposition,7
end,7
ages,7
number,7
another,7
upon,7
imagination,7
life,7
very,7
theory,7
conditions,7
themselves,7
philosophers,6
precisely,6
within,6
capable,6
say,6
against,6
thus,6
development,6
roneil,6
may,6
reason,6
problems,6
appears,6
part,6
own,6
field,6
demand,6
brief,6
violence,6
thought,6
under,6
also,6
godei,6
everything,6
present,6
ground,6
logic,6
become,6
tests,6
then,6
comes,6
known,6
know,6
while,6
press,6
need,6
between,6
meaning,5
reflection,5
designed,5
ways,5
might,5
intelligence,5
takes,5
himself,5
run,5
error,5
notion,5
space,5
university,5
solid,5
age,5
your,5
sacrifice,5
change,5
cold,5
site,5
experiment,5
already,5
hofstadter,5
many,5
fact,5
never,5
do,5
answer,5
bloop,5
discussion,5
questions,5
artificial,5
force,5
constant,5
different,5
terms,5
plans,5
come,5
partial,5
strong,5
should,5
names,4
stone,4
trace,4
said,4
nietzschean,4
give,4
experimenter,4
reading,4
side,4
politics,4
goal,4
moment,4
probabilities,4
keep,4
left,4
sci,4
essays,4
critique,4
invites,4
interesting,4
dilemma,4
thing,4
risks,4
ronell,4
means,4
day,4
instance,4
view,4
though,4
failure,4
well,4
having,4
work,4
planning,4
call,4
improvisation,4
loved,4
results,4
world,4
value,4
nonetheless,4
shedding,4
make,4
statements,4
power,4
toward,4
longer,4
contemporary,4
execution,4
necessary,4
perhaps,4
degree,4
true,4
theories,4
open,4
computational,4
like,4
function,4
him,4
today,4
seen,4
often,4
proof,4
set,4
down,4
type,4
clarity,4
according,4
form,4
writes,4
art,4
turns,4
allows,4
difference,4
cognitive,4
given,4
ambivalence,3
treaties,3
passing,3
american,3
banning,3
formalism,3
favor,3
conscious,3
considerations,3
necessarily,3
history,3
experience,3
first,3
cast,3
requirement,3
every,3
promoting,3
seems,3
desire,3
firm,3
derrida,3
actor,3
existence,3
design,3
prior,3
taking,3
far,3
cited,3
prototype,3
agent,3
occurs,3
farewell,3
turn,3
cases,3
understood,3
sort,3
mean,3
opposite,3
bach,3
consider,3
just,3
completion,3
uninterrogated,3
requires,3
flow,3
advance,3
found,3
ambiguity,3
demands,3
zone,3
let,3
outside,3
instrumental,3
minimal,3
formerly,3
example,3
accidental,3
people,3
count,3
sense,3
improv,3
event,3
long,3
around,3
sufficient,3
concerns,3
research,3
computations,3
altogether,3
am,3
indeed,3
object,3
above,3
says,3
estimations,3
put,3
tends,3
criticism,3
makes,3
evil,3
god,3
softening,3
skin,3
foucault,3
social,3
name,3
ask,3
music,3
plan,3
oneself,3
enough,3
blind,3
deep,3
project,3
going,3
technologies,3
made,3
unquestionably,3
values,3
enduring,3
real,3
clear,3
moral,3
reputation,3
belongs,3
standard,3
gets,3
systems,3
leaves,3
effect,3
frankenstein,3
structure,3
provide,3
chance,3
discourse,3
why,3
rigorous,3
ever,3
text,3
here,3
recursive,3
enters,3
principle,3
scientist,3
realizability,3
current,3
written,3
historical,3
sum,3
past,3
passage,3
works,3
living,3
merely,3
places,3
namely,3
particular,3
extent,3
observations,3
level,3
simply,3
subject,3
question,3
argument,3
catch,3
constructed,3
opinions,3
states,3
disruption,3
involving,3
playing,3
off,3
drift,3
create,3
freud,2
difficult,2
horror,2
go,2
produces,2
limits,2
commitment,2
distress,2
originate,2
becoming,2
prediction,2
hate,2
kinds,2
live,2
strictly,2
affective,2
enjoys,2
pose,2
hegel,2
revision,2
detected,2
leads,2
par,2
undermine,2
failing,2
provability,2
attempts,2
taken,2
stretch,2
hatred,2
definition,2
fauna,2
knowing,2
short,2
confirming,2
origin,2
borne,2
able,2
take,2
help,2
state,2
concepts,2
political,2
discipline,2
everyone,2
antennae,2
case,2
rests,2
determined,2
drive,2
functions,2
vital,2
bottom,2
explanatory,2
jouissance,2
collapse,2
weakened,2
ethical,2
assumes,2
intact,2
interest,2
domain,2
deliberation,2
walter,2
price,2
emerges,2
california,2
body,2
provisional,2
criterion,2
determinations,2
find,2
propositions,2
implementation,2
anglo,2
aim,2
downright,2
thinker,2
recognized,2
york,2
dangerously,2
essential,2
links,2
growth,2
destroy,2
remain,2
posits,2
goes,2
risk,2
associate,2
study,2
feel,2
attached,2
understand,2
supports,2
objects,2
linked,2
section,2
elsewhere,2
ideologies,2
mary,2
vitality,2
valuations,2
shed,2
notions,2
hereafter,2
absolute,2
important,2
result,2
based,2
someone,2
allow,2
rule,2
hands,2
strength,2
determines,2
henceforth,2
curiosity,2
pass,2
radical,2
atheism,2
emerge,2
negation,2
further,2
war,2
viewed,2
meet,2
promise,2
maddest,2
otherwise,2
rhythm,2
caprice,2
scene,2
possibility,2
supplants,2
keeping,2
line,2
start,2
carry,2
clean,2
concept,2
significantly,2
related,2
confirms,2
consistently,2
refined,2
figures,2
runs,2
douglas,2
gratitude,2
manage,2
hidden,2
incompleteness,2
computer,2
correct,2
ego,2
stage,2
reliable,2
tested,2
theater,2
quite,2
involved,2
brought,2
codes,2
impossible,2
wondrousness,2
grateful,2
finds,2
actions,2
questioning,2
unfinished,2
kant,2
eternity,2
led,2
counterexamples,2
unknowable,2
interference,2
service,2
exile,2
irony,2
limited,2
return,2
unconscious,2
forward,2
rendering,2
constraints,2
indicates,2
rigid,2
unprecedented,2
dennett,2
spot,2
negate,2
incursion,2
intense,2
laurence,2
accident,2
paradox,2
fail,2
calculations,2
light,2
same,2
friedrich,2
words,2
until,2
begins,2
picture,2
sketch,2
regardless,2
europe,2
addition,2
shows,2
limit,2
rickels,2
areas,2
transcendental,2
inevitably,2
really,2
break,2
loop,2
man,2
forms,2
hand,2
constative,2
less,2
ahead,2
distance,2
gives,2
encounter,2
intent,2
range,2
identity,2
entirely,2
assumption,2
itinerary,2
morality,2
submitted,2
knowable,2
complicated,2
attraction,2
quotation,2
truths,2
directed,2
habit,2
language,2
health,2
held,2
individual,2
vintage,2
distinction,2
after,2
monstrosity,2
internal,2
qualities,2
methods,2
constructing,2
juncture,2
relation,2
primitive,2
groundedness,2
contracts,2
copyright,2
tendency,2
try,2
carried,2
relationship,2
sometimes,2
idioms,2
experimenting,2
worse,2
determination,2
importantly,2
properties,2
paradoxical,2
introductory,2
impersonal,2
analysis,2
hope,2
supporting,2
siberia,2
exists,2
get,2
meant,2
unstoppable,2
durability,2
claims,2
disturb,2
curious,2
material,2
dishes,2
conjunction,2
evade,2
dimension,2
natural,2
each,2
sure,2
guaranteed,2
devalued,2
surprised,2
universal,2
shelley,2
rely,2
cities,2
happiness,2
masters,2
better,2
person,2
discover,2
unique,2
stance,2
want,2
statement,2
require,2
secure,2
petrification,2
produce,2
information,2
frozen,2
both,2
peace,2
little,2
despite,2
step,2
ignorant,2
happens,2
programs,2
lab,2
secured,2
maintained,2
aims,2
aspect,2
motif,2
dependability,2
soft,2
reveals,2
opens,2
register,2
offer,2
although,2
escher,2
shift,2
speak,2
untouched,2
flora,2
modeling,2
era,2
substantial,2
traditional,2
focus,2
duration,2
conventions,2
seek,2
recent,2
famous,2
programming,2
beings,2
brevity,2
perpetual,2
hypothesis,2
kurt,1
thickened,1
locates,1
brushing,1
decathexis,1
arranging,1
obligations,1
ethics,1
aphorism,1
concerned,1
silences,1
adopt,1
effeminating,1
effected,1
generous,1
monsters,1
hesitation,1
freezing,1
prompts,1
breathe,1
luck,1
grievous,1
extreme,1
syndications,1
fiction,1
thrown,1
trans,1
artus,1
offset,1
affirming,1
implies,1
associated,1
spurred,1
introduction,1
constitution,1
backdoors,1
connect,1
everybody,1
paradoxically,1
shocks,1
large,1
needed,1
tact,1
significant,1
partially,1
screening,1
putative,1
refused,1
closure,1
stays,1
cars,1
ma,1
songs,1
asserted,1
picking,1
positivistic,1
sets,1
bouchard,1
rewards,1
sudden,1
johns,1
studies,1
mit,1
athenian,1
modern,1
outgrows,1
nonknowledge,1
unpretended,1
former,1
weaker,1
thingness,1
policy,1
comparisons,1
snag,1
fixed,1
molting,1
character,1
cadence,1
disadvantaged,1
title,1
occurred,1
invent,1
ascertainable,1
cornell,1
before,1
fiend,1
moving,1
track,1
incredible,1
source,1
strikes,1
palpable,1
du,1
buys,1
permitted,1
scan,1
disturbances,1
negative,1
obsessed,1
round,1
chunking,1
reprinted,1
warns,1
coding,1
ideas,1
passion,1
else,1
either,1
earning,1
permanence,1
revalued,1
timed,1
fast,1
expands,1
loosened,1
creation,1
posed,1
production,1
contingent,1
topple,1
implications,1
quiz,1
enables,1
auratically,1
rush,1
ithaca,1
disfiguring,1
shrouded,1
expectation,1
artificially,1
rational,1
ourselves,1
advanced,1
official,1
departure,1
aforementioned,1
relearning,1
latent,1
possibilities,1
immense,1
eruption,1
displacement,1
scientists,1
belong,1
conformity,1
together,1
passageways,1
borders,1
battery,1
confusion,1
gradual,1
limber,1
timing,1
imaginary,1
follows,1
complicity,1
moderns,1
transforms,1
scheme,1
onto,1
retractions,1
designated,1
procedure,1
peacefulness,1
room,1
religion,1
sees,1
grip,1
concealment,1
lasting,1
alarming,1
honest,1
m,1
devised,1
last,1
consist,1
mind,1
exercises,1
stand,1
respond,1
raised,1
lynchpin,1
principal,1
robert,1
investigations,1
physical,1
advantages,1
improvises,1
unsettling,1
behind,1
extremes,1
suppleness,1
daniel,1
context,1
papers,1
triggered,1
system,1
epistemological,1
courage,1
corroborating,1
concealed,1
tensional,1
invasions,1
standstill,1
generosity,1
habitual,1
cue,1
alfred,1
dr,1
homelessness,1
catching,1
dying,1
historians,1
pulled,1
formulation,1
lowes,1
motion,1
constraint,1
sought,1
conditioned,1
slips,1
saying,1
killed,1
right,1
workability,1
anticipation,1
announced,1
felt,1
e,1
logical,1
destinai,1
delivers,1
authentic,1
activity,1
experimentee,1
condition,1
goethe,1
player,1
move,1
occupy,1
principia,1
mathematica,1
diffused,1
laws,1
unleashes,1
braid,1
apply,1
establishes,1
along,1
peacefully,1
representing,1
acquires,1
interviews,1
marginalized,1
formula,1
letter,1
melting,1
limitative,1
slack,1
tied,1
behavior,1
aberrations,1
gravity,1
optimism,1
exist,1
labor,1
punishing,1
technologically,1
phase,1
includes,1
constitutive,1
spurts,1
lover,1
hateful,1
punctual,1
loveless,1
difficulties,1
grooves,1
quality,1
extinguished,1
points,1
axioms,1
since,1
computerized,1
objective,1
demanded,1
pursuit,1
creators,1
schopenhauer,1
nailed,1
hierarchy,1
integral,1
peter,1
scarce,1
remorse,1
mastered,1
characteristic,1
faces,1
ability,1
edifice,1
decided,1
relations,1
raises,1
excerpted,1
finitude,1
cf,1
deflating,1
restore,1
insofar,1
century,1
expected,1
pertained,1
inhabited,1
objectivist,1
adjustment,1
nor,1
innovation,1
evening,1
perspective,1
grapples,1
profound,1
encompass,1
highest,1
speed,1
gast,1
handmaidens,1
channels,1
holds,1
skims,1
fate,1
allowing,1
positivisti,1
compared,1
arranged,1
ads,1
single,1
clock,1
drives,1
fixe,1
thin,1
glides,1
mechanical,1
irresistible,1
prompters,1
storage,1
explore,1
flip,1
men,1
seal,1
beat,1
slightest,1
ecologies,1
architects,1
fool,1
apparently,1
urgendy,1
discovering,1
metamorphosis,1
general,1
commanding,1
generation,1
acknowledge,1
dust,1
adjust,1
competitive,1
compromise,1
unassailable,1
grasp,1
promised,1
newer,1
juridical,1
phases,1
folds,1
failed,1
permits,1
surprisingly,1
operation,1
outfield,1
via,1
fort,1
openness,1
disposed,1
wishes,1
americans,1
whose,1
reflects,1
air,1
suck,1
privilege,1
act,1
relendess,1
card,1
mistrust,1
ungodliness,1
technobody,1
checks,1
predictably,1
developed,1
adds,1
remakes,1
stresses,1
stop,1
bind,1
weighted,1
paralysis,1
lamentable,1
momentarily,1
hold,1
process,1
conceptions,1
pressing,1
determining,1
neighborhood,1
supplement,1
legal,1
loses,1
groove,1
humanity,1
b,1
michel,1
brand,1
travels,1
personhood,1
gase,1
sacrificed,1
parts,1
ongoing,1
serial,1
benjamin,1
allegory,1
revelation,1
expounds,1
envision,1
furnishes,1
ensures,1
danger,1
disconfirming,1
distant,1
white,1
appropriateness,1
furtively,1
productive,1
awareness,1
practicing,1
rootedness,1
stricdy,1
consequences,1
supplements,1
absorbed,1
sedimented,1
reinterpretation,1
fulfill,1
fantasy,1
soul,1
lugubrious,1
send,1
noose,1
distinct,1
genius,1
changes,1
escape,1
determinacy,1
replicant,1
affect,1
ensure,1
freeze,1
marks,1
metropolis,1
greeks,1
possibly,1
signed,1
organization,1
improvement,1
sorts,1
established,1
discouraged,1
familiar,1
disrupts,1
residency,1
fortuity,1
anchoring,1
eschew,1
director,1
spontaneously,1
imitation,1
invariably,1
gradually,1
articulated,1
modalities,1
weak,1
athleticism,1
argued,1
frequently,1
profile,1
upper,1
suspend,1
communities,1
democratic,1
noncoincidence,1
resource,1
piety,1
millennium,1
follow,1
passed,1
officer,1
defines,1
idealized,1
position,1
arrests,1
random,1
surge,1
asks,1
permanent,1
destructive,1
odd,1
turnarounds,1
buoyed,1
supposing,1
believed,1
detroit,1
opinion,1
providing,1
undermines,1
unconditional,1
eludes,1
appear,1
trajectories,1
promote,1
nebraska,1
shook,1
artistic,1
sturdiness,1
thinks,1
holdings,1
yielding,1
expressed,1
arrived,1
inscribes,1
incomplete,1
explode,1
shortlived,1
questioned,1
desubjectivation,1
sei,1
adduce,1
scientifically,1
dauntlessly,1
begun,1
search,1
typical,1
discrete,1
temptation,1
mapping,1
foreground,1
deal,1
reinscriptions,1
issue,1
events,1
bizarre,1
configuration,1
fuel,1
compromised,1
guilds,1
respects,1
futurai,1
limp,1
predicates,1
equally,1
prompt,1
occupation,1
furthermore,1
ceases,1
urgent,1
equal,1
posited,1
blow,1
simulate,1
michigan,1
activist,1
interruption,1
pitting,1
recently,1
devoid,1
wherein,1
deliberations,1
baltimore,1
russell,1
safe,1
placed,1
projects,1
hypothetical,1
procedures,1
nauseate,1
bitternesses,1
required,1
repute,1
smuggles,1
acceleration,1
opposition,1
guns,1
jewish,1
foregrounded,1
hopkins,1
near,1
wayne,1
wants,1
technical,1
topology,1
outstanding,1
commitments,1
excellence,1
existential,1
suspended,1
rescues,1
betrayed,1
demystify,1
liable,1
used,1
disrespect,1
predictability,1
degenerate,1
bounded,1
implement,1
analyze,1
distinguish,1
claim,1
switches,1
focalized,1
hereditary,1
norm,1
performative,1
apparent,1
besetting,1
secret,1
homeland,1
pyramids,1
caught,1
texture,1
surprise,1
securing,1
loss,1
armchair,1
fit,1
discussions,1
incompletion,1
expansive,1
issues,1
broad,1
flight,1
probes,1
contains,1
blade,1
actually,1
fissuring,1
middle,1
winter,1
redefines,1
nonsubstantial,1
indisputable,1
forces,1
proliferation,1
revaluation,1
reflect,1
scope,1
warped,1
endorsed,1
offtrack,1
entails,1
showing,1
philosophically,1
monopoly,1
dishonorable,1
horizon,1
class,1
miss,1
dispenses,1
misguided,1
researchers,1
earth,1
exemplary,1
misery,1
running,1
infallible,1
punctuated,1
thagard,1
painting,1
describing,1
working,1
bouts,1
sweep,1
lowest,1
unexpected,1
involve,1
dictionary,1
mystified,1
applicability,1
warrant,1
unquestioned,1
destiny,1
pinned,1
randomization,1
phantasm,1
arbitrary,1
encompasses,1
normatively,1
contingency,1
several,1
dismantle,1
choose,1
presence,1
schedules,1
suddenly,1
telling,1
da,1
core,1
managed,1
condemned,1
generally,1
london,1
practice,1
doctrines,1
necessity,1
kaufmann,1
proper,1
paid,1
roots,1
purporting,1
weigh,1
crime,1
searches,1
provided,1
paul,1
lincoln,1
compels,1
whitehead,1
waiting,1
settle,1
massive,1
digging,1
promising,1
teleology,1
cathected,1
society,1
span,1
harden,1
mimetic,1
eternal,1
f,1
critical,1
noteworthy,1
reduced,1
minor,1
ventured,1
prompting,1
matter,1
absence,1
various,1
exhaust,1
bringing,1
paralyzed,1
criticize,1
predestination,1
rights,1
drama,1
feeling,1
motor,1
techniques,1
wondrous,1
yon,1
play,1
whim,1
tried,1
trials,1
relentlessly,1
nearly,1
assure,1
prove,1
inhibiting,1
inestimable,1
judgment,1
dissuasion,1
intervention,1
ice,1
premises,1
backdrop,1
dreaming,1
movement,1
artist,1
aligned,1
direction,1
structural,1
engineering,1
rondi,1
needles,1
cocky,1
legality,1
applications,1
calculate,1
repression,1
anticipates,1
performatives,1
bearings,1
victor,1
rock,1
permission,1
represents,1
pp,1
switching,1
read,1
steer,1
requiring,1
immaterial,1
asserts,1
disclosure,1
technology,1
axiomatic,1
index,1
domicile,1
management,1
phallus,1
ascetic,1
achieve,1
acting,1
orders,1
symptom,1
inventions,1
shock,1
dropped,1
intolerable,1
ed,1
demonstrates,1
contempt,1
odds,1
calculating,1
quotations,1
noted,1
moments,1
periclean,1
rise,1
revenge,1
divinity,1
considers,1
fill,1
volume,1
routes,1
simulation,1
rebounding,1
resolution,1
policing,1
unlimited,1
deterred,1
untested,1
law,1
anemic,1
attacks,1
metaphysical,1
stated,1
mark,1
again,1
stating,1
californian,1
pointed,1
bald,1
obsolesces,1
suspends,1
contaminating,1
overthrown,1
erect,1
performance,1
prometheus,1
efforts,1
biographemes,1
idée,1
lack,1
terminating,1
endless,1
fundamental,1
our,1
pressure,1
aegis,1
documents,1
match,1
solidity,1
flimsy,1
praiseworthy,1
demonstrations,1
remarked,1
layer,1
enable,1
thriller,1
classical,1
monumentality,1
susceptible,1
john,1
grows,1
doubt,1
undertake,1
golden,1
considerable,1
charges,1
impending,1
nuclear,1
imperfect,1
misdirect,1
reroute,1
mustered,1
germanic,1
honor,1
provisionality,1
psychologists,1
genealogy,1
precomprehends,1
learn,1
scorns,1
decisively,1
interrogate,1
imparting,1
covered,1
model,1
metaphors,1
lacan,1
continuing,1
relevant,1
renaissance,1
timer,1
ontological,1
spell,1
eruptions,1
bid,1
envied,1
eds,1
books,1
entitlement,1
shifts,1
integrity,1
obsession,1
score,1
aleatory,1
fluidity,1
anticipate,1
reminds,1
violent,1
naturalized,1
pretexts,1
thousands,1
universalizable,1
status,1
stabilize,1
credit,1
manageable,1
classes,1
extricate,1
understanding,1
greatest,1
proves,1
situated,1
extended,1
admits,1
supplies,1
coherent,1
abide,1
amendments,1
thanks,1
liberates,1
ontic,1
formal,1
region,1
fictional,1
including,1
delicate,1
passes,1
indestructible,1
unpredictable,1
ruling,1
arbitrarily,1
herself,1
solemn,1
concern,1
top,1
denies,1
confidence,1
hypotheses,1
largely,1
emphasize,1
ontology,1
factor,1
serialized,1
vocabulary,1
sequence,1
aside,1
pleasure,1
fuzziness,1
trend,1
lifestyle,1
maintains,1
nothing,1
continue,1
merit,1
contentment,1
ibid,1
fitted,1
disclosive,1
prelude,1
deployed,1
stops,1
previous,1
undecidable,1
connected,1
stayed,1
enrapturing,1
involves,1
excused,1
defect,1
trade,1
significance,1
erasure,1
meanings,1
styles,1
grew,1
discussed,1
finity,1
virtues,1
vagueness,1
odious,1
victory,1
essay,1
urge,1
helmsman,1
leave,1
issn,1
serious,1
times,1
allowed,1
inessential,1
skip,1
momentous,1
collaboration,1
ny,1
uprooting,1
mask,1
serves,1
computable,1
foreseeable,1
paths,1
spirits,1
anyone,1
fancy,1
indulging,1
lose,1
construct,1
repeated,1
spent,1
inscribed,1
metaphysically,1
unambiguous,1
figurable,1
detached,1
especially,1
discarded,1
probe,1
interface,1
potentialities,1
satisfy,1
trying,1
parallel,1
spreads,1
assures,1
insists,1
metonymy,1
narrow,1
epistemology,1
declare,1
compute,1
nobody,1
morphing,1
alliance,1
indefinitely,1
cognition,1
significandy,1
directs,1
rhetorical,1
greece,1
attracted,1
bestowed,1
grain,1
probative,1
versus,1
invented,1
saw,1
overthrow,1
engagement,1
persuading,1
green,1
evaluated,1
smog,1
stick,1
blunting,1
technoscientific,1
delimited,1
betting,1
mappings,1
attention,1
dispossessed,1
widely,1
applies,1
mobilizes,1
concerted,1
decision,1
hunt,1
limiting,1
increasing,1
european,1
factors,1
letting,1
trustees,1
accepting,1
gratifies,1
testable,1
interferences,1
assigned,1
fueled,1
responsiveness,1
beamed,1
dominates,1
decadent,1
processed,1
egregiously,1
fairly,1
façade,1
assert,1
crucial,1
usually,1
erase,1
foreign,1
stalls,1
bound,1
fear,1
unwarranted,1
begin,1
vague,1
attitude,1
urges,1
exceptional,1
dimensions,1
aiming,1
recourse,1
translation,1
detailed,1
privileges,1
drifting,1
anxiety,1
recognize,1
deals,1
plasticity,1
covering,1
sync,1
paradigmatic,1
linking,1
detects,1
satisfaction,1
responsible,1
nameable,1
construction,1
adventure,1
sated,1
tapped,1
sage,1
frontier,1
robots,1
dead,1
respect,1
simulated,1
fields,1
centuries,1
grounded,1
preview,1
stunts,1
sweetness,1
perpetuation,1
sound,1
reenergize,1
imitated,1
stable,1
considered,1
door,1
addressed,1
firstrate,1
handwaving,1
tyrant,1
nonstop,1
environment,1
reciprocal,1
share,1
dependable,1
rarely,1
narcissistically,1
clocked,1
ceaseless,1
terrible,1
following,1
conviction,1
subde,1
conclusion,1
accordance,1
changing,1
tempting,1
selfdeposit,1
apprehension,1
forget,1
diversifying,1
predictions,1
demonstrate,1
agents,1
rigidly,1
pace,1
theme,1
graft,1
temporal,1
wideranging,1
borrow,1
contradicted,1
triggers,1
useful,1
offers,1
sustained,1
staked,1
cover,1
bright,1
quickly,1
defining,1
excess,1
runner,1
everywhere,1
intellectual,1
colonization,1
anthropological,1
owing,1
bertrand,1
dare,1
country,1
readily,1
correspond,1
prototypes,1
reversal,1
spontaneous,1
novel,1
tryouts,1
setting,1
exploration,1
gödel,1
seem,1
board,1
believe,1
altering,1
best,1
unknown,1
straightforward,1
comfort,1
dictator,1
appendix,1
intrusive,1
task,1
regard,1
slippages,1
foundation,1
scientificity,1
hysteria,1
job,1
clearly,1
enforcing,1
masks,1
hundred,1
separating,1
pollock,1
reflected,1
deflection,1
build,1
pictures,1
ambivalent,1
synthesizers,1
burying,1
unstoppability,1
subterranean,1
edifices,1
growing,1
knows,1
regulations,1
outlines,1
automatic,1
catastrophic,1
subtractions,1
answered,1
affirm,1
protections,1
stability,1
selected,1
list,1
cause,1
anomy,1
noticeable,1
maintain,1
fervor,1
mere,1
platonic,1
firmly,1
temporally,1
leaving,1
inscriptions,1
shredders,1
waters,1
schelling,1
parasitism,1
prudence,1
getting,1
oppositions,1
habitlessness,1
rationality,1
almost,1
suggests,1
emphasis,1
strain,1
rearrangement,1
unseen,1
radically,1
certainties,1
bodies,1
neck,1
poems,1
probing,1
trivial,1
marked,1
ruled,1
ill,1
preestablished,1
exercising,1
satiety,1
decisive,1
introduced,1
resentful,1
content,1
became,1
innocent,1
convinced,1
regulated,1
assumptions,1
went,1
territory,1
acute,1
measure,1
jour,1
recedes,1
shiver,1
presupposes,1
equipped,1
epistemic,1
disrupted,1
falter,1
writing,1
goals,1
voyage,1
accorded,1
catches,1
varied,1
referential,1
precision,1
relates,1
analogy,1
energies,1
sickness,1
fred,1
extralegal,1
devoted,1
tell,1
models,1
spring,1
underworld,1
commercial,1
touch,1
unable,1
years,1
editor,1
notes,1
cambridge,1
trembles,1
advent,1
donald,1
unrigorously,1
illinois,1
jazz,1
finally,1
mode,1
unchangeability,1
wears,1
mindful,1
course,1
applicable,1
instead,1
operational,1
grown,1
include,1
land,1
proceeding,1
algorithms,1
evidence,1
installs,1
cummins,1
successive,1
grim,1
disrupt,1
contamination,1
locate,1
objections,1
remains,1
association,1
definitive,1
particularities,1
overtaking,1
ost,1
observation,1
specific,1
ought,1
cleaner,1
psychologization,1
passages,1
assumed,1
regularity,1
ensuring,1
drifts,1
solicit,1
debate,1
sharing,1
subverting,1
texts,1
views,1
puts,1
element,1
overtake,1
gulf,1
among,1
technological,1
whenever,1
north,1
vulgar,1
rhymes,1
building,1
broader,1
yes,1
formulae,1
built,1
signals,1
delayed,1
close,1
inventories,1
nourishes,1
major,1
recharge,1
noon,1
harmful,1
