WORDCOUNTS,WEIGHT
the,349
of,213
and,158
to,147
in,122
a,120
that,106
as,85
s,62
for,59
he,59
it,53
henry,51
is,51
his,43
on,43
we,41
about,34
not,34
with,34
have,31
one,28
or,27
by,26
be,25
mcewan,24
love,24
an,24
at,23
novel,22
news,22
but,20
what,20
our,20
they,19
baxter,19
when,18
from,18
was,17
which,17
had,16
has,16
her,16
their,15
this,15
him,15
now,14
than,14
world,14
us,14
only,14
can,14
story,14
way,13
all,13
its,13
there,12
even,12
other,12
them,12
saturday,12
does,11
page,11
i,11
pm,11
qxd,11
two,11
are,11
both,11
hadley,10
perowne,10
banville,10
would,10
been,10
if,9
into,9
were,9
own,9
also,9
see,9
plane,9
another,9
like,9
who,9
life,9
t,8
might,8
up,8
understanding,8
being,7
himself,7
could,7
persons,7
people,7
television,7
family,7
will,7
more,7
others,7
stories,7
day,7
she,7
different,7
words,6
take,6
those,6
such,6
http,6
young,6
after,6
hours,6
though,6
daisy,6
public,6
well,6
someone,6
time,6
man,6
learn,6
attention,6
then,6
must,6
know,6
son,6
speak,6
should,6
www,5
last,5
some,5
representat,5
ions,5
professionalism,5
september,5
moment,5
poem,5
may,5
rather,5
feel,5
victorian,5
thinks,5
attack,5
out,5
because,5
having,5
literature,5
part,5
thoughts,5
austen,5
once,5
yet,5
speaks,5
new,5
john,5
hand,5
less,5
woman,5
affection,5
sees,5
professional,5
understand,5
any,5
comes,5
com,5
think,5
you,5
names,4
trans,4
position,4
ian,4
something,4
arguing,4
first,4
seems,4
down,4
reading,4
account,4
burning,4
human,4
guardian,4
russian,4
arnold,4
liberal,4
most,4
war,4
doesn,4
dover,4
calls,4
wife,4
make,4
wake,4
read,4
accident,4
home,4
these,4
reporting,4
do,4
described,4
so,4
luhmann,4
earlier,4
written,4
theo,4
me,4
ordinary,4
fall,4
thinking,4
arrest,4
need,4
simply,4
strauss,4
particularly,4
historical,4
knows,4
beach,4
say,4
much,4
go,3
center,3
studies,3
modern,3
conscious,3
boulder,3
presents,3
observing,3
feels,3
wrong,3
hence,3
grandfather,3
great,3
able,3
help,3
plain,3
matthew,3
possible,3
against,3
relationships,3
group,3
interest,3
towers,3
privilege,3
bring,3
sort,3
basic,3
kind,3
talk,3
hearing,3
consequences,3
changes,3
university,3
familiar,3
just,3
view,3
become,3
really,3
appears,3
possibility,3
terrorist,3
esp,3
description,3
personal,3
away,3
novels,3
participate,3
change,3
social,3
involve,3
poet,3
event,3
june,3
fully,3
describes,3
beauty,3
various,3
wrote,3
judgment,3
technology,3
mobile,3
without,3
worst,3
fire,3
aspect,3
death,3
bourdieu,3
hear,3
readers,3
where,3
perhaps,3
books,3
made,3
wonder,3
virtually,3
questions,3
california,3
intimacy,3
three,3
conversation,3
provides,3
exactly,3
liberalism,3
means,3
lawrence,3
recognize,3
html,3
class,3
education,3
get,3
articles,3
observation,3
set,3
over,3
very,3
consciousness,3
merely,3
poetry,3
particular,3
while,3
darkling,3
voice,3
information,3
almost,3
suggests,3
art,3
conference,3
reported,3
press,3
easy,3
stairs,3
although,3
d,3
themselves,3
thing,3
early,3
entire,3
recent,3
asked,3
daughter,3
huntington,2
car,2
later,2
commitment,2
noticing,2
police,2
agency,2
likely,2
true,2
h,2
atonement,2
before,2
complacency,2
chief,2
lower,2
interests,2
attempts,2
foam,2
ourselves,2
available,2
desire,2
display,2
emotion,2
toleration,2
state,2
miles,2
sound,2
disdained,2
recorded,2
mass,2
saying,2
sexual,2
right,2
trade,2
mutual,2
richard,2
along,2
squash,2
lover,2
review,2
yeats,2
severe,2
facts,2
patient,2
grimaces,2
novelistic,2
lady,2
ability,2
media,2
runway,2
century,2
taste,2
affectionate,2
pierre,2
response,2
machines,2
effective,2
find,2
obliging,2
look,2
marital,2
morland,2
general,2
claude,2
rosalind,2
opposed,2
york,2
no,2
traffic,2
how,2
stop,2
forced,2
parents,2
goes,2
loses,2
importance,2
direct,2
strange,2
study,2
emergency,2
white,2
moreover,2
lives,2
wanted,2
meteor,2
operate,2
beyond,2
puts,2
imminent,2
greater,2
talking,2
expressed,2
uses,2
my,2
found,2
demands,2
events,2
disingenuous,2
constantly,2
skilled,2
promise,2
younger,2
fish,2
ignorance,2
nothing,2
networks,2
scene,2
aging,2
pronounce,2
work,2
ianmcewan,2
paraphrase,2
example,2
whole,2
describe,2
during,2
music,2
teenage,2
stanford,2
tough,2
attorney,2
running,2
least,2
sense,2
successful,2
level,2
talked,2
small,2
affluent,2
few,2
overfulfill,2
calm,2
niklas,2
critics,2
minor,2
noble,2
hitchens,2
days,2
unconscious,2
diagnostic,2
artist,2
answering,2
neurosurgery,2
chatterley,2
makes,2
thought,2
soon,2
seeing,2
under,2
neither,2
ancient,2
jay,2
culture,2
same,2
dropped,2
dna,2
rape,2
reports,2
emotional,2
bib,2
power,2
prompting,2
mark,2
put,2
addition,2
fact,2
treatment,2
ought,2
husband,2
children,2
associates,2
contemporary,2
charges,2
match,2
never,2
manner,2
hated,2
photographers,2
conviction,2
belief,2
free,2
elaine,2
thousands,2
imagine,2
recognizing,2
classes,2
private,2
disease,2
neurosurgeon,2
significant,2
began,2
engaging,2
pleasure,2
actual,2
hour,2
services,2
afterward,2
reality,2
movies,2
issn,2
fresh,2
individual,2
christopher,2
keep,2
tone,2
brain,2
imagination,2
article,2
systems,2
improbable,2
distant,2
looks,2
suspects,2
things,2
tests,2
escaping,2
relationship,2
provide,2
movements,2
sometimes,2
support,2
begin,2
inside,2
becomes,2
privileges,2
effectively,2
impersonal,2
continually,2
annoyance,2
hope,2
mother,2
susan,2
anthropological,2
poets,2
throw,2
sustained,2
why,2
quickly,2
each,2
did,2
universal,2
current,2
audience,2
cultivation,2
past,2
passage,2
person,2
explanations,2
whether,2
form,2
accounts,2
sociology,2
house,2
hundreds,2
karr,2
radically,2
naked,2
poems,2
pain,2
sontag,2
content,2
giving,2
lies,2
writing,2
remarks,2
come,2
cambridge,2
opens,2
catherine,2
course,2
include,2
neoliberal,2
off,2
practiced,2
between,2
terrorists,2
eloquently,2
develop,2
immediately,2
iraq,2
technological,2
mistaken,2
close,2
anchors,2
final,1
phones,1
mostly,1
produces,1
done,1
airports,1
limits,1
castigated,1
imagining,1
ambivalence,1
modernists,1
opinion,1
develops,1
commentary,1
narrator,1
identity,1
risible,1
created,1
prompts,1
praised,1
career,1
market,1
jane,1
asleep,1
euphoria,1
legitimate,1
red,1
alone,1
diagnose,1
helicopter,1
village,1
heal,1
american,1
pondered,1
star,1
rethink,1
properly,1
identify,1
essays,1
stone,1
anchor,1
join,1
songs,1
catastrophe,1
ways,1
murder,1
aversive,1
sudden,1
lacking,1
easily,1
commends,1
ramsay,1
eventfulness,1
protection,1
devices,1
committee,1
cargo,1
unlike,1
affording,1
aeroplane,1
holding,1
planes,1
exceptions,1
instructing,1
eye,1
nice,1
eager,1
conjecture,1
journalism,1
jonbenet,1
round,1
townsend,1
anything,1
explicitness,1
passion,1
else,1
unobservant,1
wakes,1
long,1
every,1
escalations,1
karenina,1
contemptuously,1
quoting,1
give,1
mysterious,1
military,1
moods,1
enables,1
address,1
brains,1
attempt,1
gone,1
retreat,1
official,1
incapacity,1
apologize,1
dramatically,1
unjust,1
company,1
saves,1
reach,1
book,1
cartoon,1
skills,1
automobile,1
professions,1
grundfest,1
warm,1
daily,1
jerky,1
simple,1
careers,1
solace,1
differences,1
analyses,1
disgust,1
atlantic,1
molecular,1
concludes,1
bovary,1
room,1
real,1
plot,1
ambition,1
speeches,1
achieved,1
damage,1
failures,1
skull,1
precisely,1
reserved,1
seriousness,1
political,1
opposite,1
communicativeness,1
alike,1
viet,1
committed,1
checked,1
within,1
context,1
demented,1
cheapen,1
friendly,1
habitual,1
dennis,1
eminent,1
suspect,1
badly,1
attacked,1
task,1
captures,1
adopts,1
peculiarities,1
primary,1
draw,1
discuss,1
lim,1
march,1
ringleader,1
astrocytoma,1
retain,1
deal,1
knife,1
announced,1
marked,1
politics,1
cockpit,1
player,1
schedule,1
hungry,1
october,1
pronouncements,1
move,1
driver,1
mental,1
combination,1
point,1
tastes,1
regards,1
far,1
classics,1
intelligent,1
familial,1
trollope,1
resources,1
uncertain,1
woodhouse,1
desirable,1
dementia,1
analyzing,1
fixation,1
urging,1
lights,1
oblivion,1
squires,1
tautened,1
expertise,1
repeatedly,1
deflates,1
regarding,1
mistake,1
dreads,1
thus,1
includes,1
denying,1
collapse,1
married,1
unmemorable,1
eras,1
beating,1
doris,1
representations,1
schoepf,1
pilot,1
medical,1
surrounded,1
askew,1
regimens,1
nam,1
knightley,1
corner,1
intact,1
domain,1
ucpressjournals,1
brother,1
decided,1
occurs,1
lability,1
jeremy,1
participating,1
conducted,1
roads,1
living,1
ag,1
soothing,1
ferguson,1
affairs,1
grocery,1
turn,1
viewing,1
refuses,1
tape,1
nelson,1
defense,1
bangkok,1
venerable,1
nor,1
old,1
self,1
mistakes,1
perspective,1
violently,1
grapples,1
approval,1
contrary,1
channels,1
six,1
luxuriates,1
difficulty,1
mourners,1
duct,1
mechanical,1
unwatched,1
weight,1
y,1
koran,1
colleague,1
apparently,1
spraying,1
messages,1
occasion,1
jones,1
understood,1
delivered,1
faulted,1
discernment,1
longing,1
folds,1
rights,1
site,1
talks,1
civilization,1
steps,1
weapon,1
banality,1
adequate,1
whose,1
understands,1
essential,1
riddles,1
costs,1
rorty,1
act,1
statements,1
unretouched,1
l,1
principally,1
developed,1
angeles,1
district,1
weighted,1
landscape,1
fantasies,1
appreciation,1
queasy,1
annoyed,1
process,1
stranger,1
represented,1
neighborhood,1
initiate,1
similar,1
certain,1
leave,1
proffered,1
pages,1
special,1
bosom,1
offering,1
lay,1
lawyer,1
enthusiasms,1
front,1
expressing,1
supposed,1
addressing,1
pleasures,1
suffice,1
fantasy,1
watching,1
reason,1
eighteen,1
tower,1
susceptibility,1
provinces,1
developments,1
operates,1
speculative,1
marks,1
supports,1
gonzales,1
cbs,1
sheeting,1
literary,1
attends,1
bit,1
wouldn,1
conceding,1
n,1
numbers,1
receiving,1
traces,1
articulated,1
resolute,1
argued,1
however,1
frequently,1
surgery,1
too,1
threat,1
age,1
four,1
rehearse,1
show,1
jacobson,1
superior,1
airforce,1
glossiest,1
surmise,1
cost,1
madame,1
always,1
wartime,1
consciousnesses,1
schooling,1
yes,1
mainstay,1
instantaneously,1
hit,1
helped,1
m,1
important,1
celebrants,1
suggested,1
trained,1
admiration,1
stands,1
fates,1
character,1
opening,1
advance,1
based,1
whom,1
encourage,1
steadied,1
harder,1
critic,1
nothingness,1
devastation,1
hands,1
tracking,1
called,1
item,1
speaker,1
carol,1
foreground,1
resembles,1
users,1
abbey,1
pass,1
insisting,1
captured,1
execute,1
symptoms,1
fanatically,1
rebellious,1
numbed,1
fourth,1
equally,1
prompt,1
codification,1
traits,1
darwinianism,1
stock,1
indirect,1
treat,1
produced,1
litany,1
cannot,1
placed,1
broadcasting,1
your,1
saving,1
explain,1
vehicles,1
heeds,1
professionals,1
drain,1
wonderment,1
creates,1
claire,1
engine,1
failure,1
basis,1
relatives,1
derisively,1
revealed,1
honors,1
planning,1
residents,1
received,1
already,1
los,1
dissatisfaction,1
throat,1
reader,1
unless,1
anesthesiologist,1
knowledge,1
apparent,1
symbolism,1
homeland,1
routinely,1
unusually,1
texture,1
used,1
continuation,1
realm,1
consistently,1
older,1
bayley,1
flight,1
collective,1
increasingly,1
jockey,1
announcing,1
transported,1
horrified,1
justification,1
weekly,1
recites,1
anticipating,1
stationary,1
plotters,1
won,1
week,1
washington,1
assembly,1
marking,1
minds,1
sink,1
approach,1
launching,1
protestations,1
gag,1
malcontents,1
responses,1
computer,1
brush,1
giant,1
caused,1
hard,1
field,1
manners,1
anger,1
chechen,1
suggest,1
simpler,1
next,1
batiste,1
order,1
contrast,1
granddaughter,1
disembodied,1
spies,1
night,1
patiently,1
consensus,1
pregnant,1
accomplished,1
tony,1
highly,1
alleviate,1
routine,1
inscrutable,1
disaster,1
breaking,1
rumour,1
essentially,1
usual,1
closeness,1
budgets,1
christians,1
tracks,1
inability,1
ongoingly,1
aggressively,1
acts,1
proper,1
peculiar,1
notes,1
slept,1
florida,1
protagonist,1
value,1
crime,1
provided,1
moved,1
promising,1
asp,1
capturing,1
seemed,1
avoid,1
strangers,1
notion,1
domesticity,1
span,1
battle,1
critical,1
converge,1
evening,1
disastrously,1
rankings,1
underlies,1
timeless,1
second,1
situation,1
nonetheless,1
materials,1
taken,1
endlessly,1
identified,1
separation,1
distorted,1
argot,1
short,1
indeed,1
tune,1
happy,1
feeling,1
blessed,1
return,1
brief,1
commit,1
nearly,1
brings,1
april,1
cash,1
telephones,1
still,1
says,1
garden,1
passengers,1
initially,1
collapsed,1
thailand,1
echo,1
backed,1
direction,1
disarmed,1
positive,1
structural,1
pilots,1
rational,1
edited,1
grammaticus,1
observer,1
permission,1
recordings,1
push,1
security,1
coverage,1
represents,1
elitist,1
sounds,1
j,1
orange,1
quarrel,1
complete,1
shock,1
congruent,1
gov,1
ashamed,1
ed,1
appeals,1
gay,1
junkie,1
begins,1
moments,1
twin,1
fugitive,1
pick,1
happening,1
fill,1
rings,1
routes,1
street,1
party,1
members,1
successfully,1
commandeered,1
temporarily,1
challenge,1
request,1
muslims,1
mighty,1
again,1
polemic,1
preferences,1
many,1
sickened,1
release,1
emotions,1
efforts,1
cultivated,1
shows,1
longer,1
regents,1
preserve,1
head,1
abilities,1
marvels,1
ghoulishly,1
striking,1
plan,1
abstract,1
demonstrations,1
choice,1
pretty,1
clover,1
villagevoice,1
enable,1
steered,1
larger,1
recounting,1
adaptiveness,1
novelists,1
end,1
debates,1
supposes,1
everything,1
airplanes,1
complaints,1
impending,1
indictments,1
observes,1
roof,1
serious,1
bmw,1
honor,1
elevators,1
possession,1
genealogy,1
behind,1
conspicuously,1
likelihood,1
journalists,1
covered,1
operating,1
deceptive,1
secular,1
couldn,1
continuing,1
developing,1
orthodoxy,1
underscores,1
answer,1
until,1
obediently,1
forth,1
emma,1
spoke,1
origin,1
philistine,1
deep,1
simplicity,1
resoundingly,1
nigel,1
dramatize,1
greeting,1
irritate,1
imaginings,1
gives,1
going,1
encountered,1
remarkably,1
alarmed,1
flickering,1
stalked,1
distortions,1
scant,1
remove,1
fight,1
terrorism,1
strings,1
ephemeral,1
clearsightedness,1
pitched,1
hatreds,1
cure,1
kathleen,1
father,1
intent,1
skepticism,1
examples,1
treated,1
amendments,1
values,1
limitations,1
desert,1
abandons,1
including,1
since,1
unpredictable,1
endearing,1
entirely,1
narrators,1
stuffier,1
returned,1
extraordinarily,1
processes,1
assign,1
circumstance,1
fails,1
stay,1
aesthetic,1
errands,1
full,1
previous,1
strikingly,1
office,1
tradition,1
ties,1
distortion,1
lapsing,1
open,1
worry,1
cameras,1
astronomer,1
communicated,1
express,1
language,1
agreement,1
points,1
soldiers,1
urge,1
disappointed,1
faces,1
symposium,1
good,1
reviewers,1
period,1
mount,1
serves,1
distinction,1
horrifying,1
shortly,1
bomber,1
transcript,1
adequately,1
men,1
quick,1
fervent,1
strangely,1
undercarriage,1
firefighters,1
somehow,1
took,1
imaginative,1
eyes,1
geographies,1
nybooks,1
evolutionary,1
newspapers,1
nerves,1
relation,1
overcome,1
wise,1
propos,1
britain,1
sentiments,1
assigning,1
james,1
enemies,1
saccades,1
narseal,1
attracted,1
figures,1
fbi,1
saw,1
destruction,1
payment,1
ago,1
algerians,1
decay,1
justice,1
decision,1
performing,1
shocked,1
observational,1
enough,1
hilariously,1
telephone,1
consists,1
yields,1
undifferentiated,1
ambulances,1
replies,1
states,1
aid,1
surpassed,1
publishing,1
humanities,1
window,1
gaines,1
george,1
haematomas,1
silently,1
program,1
suspected,1
pieces,1
spouse,1
celebration,1
parent,1
deaths,1
plastic,1
beneficiary,1
lost,1
concluding,1
pop,1
progressively,1
detailed,1
bears,1
distorting,1
farewells,1
importantly,1
requests,1
incredulity,1
expert,1
miami,1
neighbourhood,1
often,1
analysis,1
quite,1
blood,1
michael,1
united,1
respect,1
disagrees,1
collateral,1
appointments,1
questionnaires,1
wants,1
unusual,1
rationalize,1
clinical,1
meant,1
interacts,1
manifesting,1
claims,1
reprintinfo,1
share,1
judgments,1
terrible,1
harness,1
alterity,1
impulse,1
hungrily,1
unsheltered,1
dissemination,1
ve,1
altered,1
flashing,1
ever,1
speculating,1
forgetting,1
unleashed,1
recognizable,1
immersing,1
ll,1
willingness,1
corrections,1
disapproval,1
intensely,1
invade,1
doi,1
text,1
offers,1
alternative,1
colorado,1
posh,1
cover,1
replace,1
outcome,1
berkeley,1
nuclearity,1
blair,1
brooke,1
partner,1
bottle,1
introducing,1
copilot,1
anthropology,1
juice,1
mercedes,1
disinterested,1
warms,1
focuses,1
surfed,1
seem,1
cbc,1
unknown,1
administer,1
style,1
comfort,1
castigate,1
half,1
tenderness,1
report,1
speech,1
post,1
feed,1
elements,1
hospital,1
speculation,1
perfectly,1
appreciative,1
visits,1
explicitly,1
happiness,1
accepts,1
wryly,1
rehearses,1
works,1
emerges,1
absolutely,1
chechens,1
nark,1
blowing,1
rep,1
born,1
realize,1
briony,1
reproduce,1
communicate,1
remakes,1
depicts,1
reactions,1
cooking,1
namely,1
cause,1
add,1
converting,1
mere,1
leaving,1
distribution,1
extent,1
loved,1
unflagging,1
getting,1
rejoinder,1
fore,1
abruptly,1
produce,1
indifference,1
anna,1
don,1
emphasis,1
refers,1
photocopy,1
bedside,1
seductive,1
remember,1
paintings,1
presented,1
attentive,1
ill,1
attachments,1
prerogative,1
exercising,1
cigarette,1
city,1
musician,1
became,1
duty,1
sounding,1
buy,1
die,1
straighten,1
agents,1
went,1
panicky,1
screen,1
programs,1
demanding,1
reconstruct,1
appointed,1
phenomenon,1
challenges,1
inexplicably,1
communicative,1
representation,1
goethe,1
shame,1
coming,1
precision,1
frances,1
analysts,1
named,1
buying,1
wild,1
shown,1
tell,1
cycling,1
recording,1
touch,1
unable,1
invasion,1
argues,1
electronic,1
disappear,1
participates,1
conditions,1
chemical,1
jazz,1
finally,1
mode,1
dangerous,1
ridiculing,1
briefings,1
offer,1
vibrate,1
faux,1
algorithms,1
evidence,1
temporal,1
autumn,1
phone,1
integration,1
effects,1
voluntary,1
northanger,1
contemptible,1
area,1
posterity,1
implacable,1
gregarious,1
walking,1
repeat,1
epigraph,1
morning,1
restored,1
dissent,1
thousand,1
treats,1
removed,1
cnn,1
tenderly,1
lily,1
c,1
elites,1
bklim,1
hotel,1
yesterday,1
reached,1
era,1
alberto,1
create,1
fears,1
views,1
substantial,1
asks,1
tallis,1
gulf,1
seek,1
observed,1
blindness,1
beings,1
cross,1
rhymes,1
conversations,1
agnosticism,1
embraces,1
contestant,1
