WORDCOUNTS,WEIGHT
the,163
and,114
to,98
of,88
a,80
in,64
is,49
with,43
are,42
for,41
girls,38
have,35
as,31
that,31
sex,30
on,29
their,28
or,26
health,26
de,24
not,23
it,22
we,22
they,21
adolescents,20
participants,20
boys,20
time,19
was,18
i,18
group,17
from,17
be,17
by,16
rural,16
information,16
groups,15
who,15
one,15
education,14
this,14
she,13
but,13
at,12
about,12
them,12
melas,12
an,12
also,12
how,11
facilitator,11
her,11
adolescent,11
t,10
s,10
urban,10
would,10
sexuality,10
en,10
when,10
chetna,10
if,9
changes,9
more,9
had,9
during,9
were,9
la,9
other,9
mela,8
he,8
these,8
women,8
all,8
do,8
gender,8
up,8
even,8
much,8
what,7
o,7
been,7
school,7
each,7
organised,7
part,7
discussions,7
issues,7
los,7
y,7
should,7
his,6
l,6
parents,6
adolescence,6
age,6
menstruation,6
areas,6
found,6
very,6
take,6
there,6
day,6
where,6
el,6
our,6
which,6
married,6
only,6
camps,6
marriage,6
themselves,6
than,6
may,5
f,5
r,5
no,5
gujarat,5
team,5
get,5
les,5
us,5
india,5
same,5
emotional,5
first,5
stalls,5
because,5
sexual,5
discuss,5
some,5
helps,5
discrimination,5
et,5
questions,5
after,5
small,5
reproductive,5
topics,5
lt,4
camp,4
usually,4
husband,4
plays,4
ask,4
why,4
support,4
me,4
matters,4
into,4
home,4
source,4
without,4
four,4
experience,4
facilitators,4
know,4
many,4
ahmedabad,4
able,4
any,4
discussion,4
whether,4
learnt,4
while,4
well,4
w,4
through,4
role,4
people,4
nous,4
come,4
my,4
like,4
so,4
young,4
games,4
among,4
second,3
various,3
fair,3
male,3
female,3
active,3
opportunity,3
boy,3
similar,3
talk,3
terms,3
positive,3
often,3
capoor,3
schools,3
yet,3
days,3
growing,3
n,3
being,3
said,3
common,3
theme,3
love,3
physical,3
long,3
members,3
majority,3
over,3
j,3
did,3
beliefs,3
differences,3
become,3
discussed,3
interactive,3
better,3
que,3
manner,3
involvement,3
act,3
has,3
jovenes,3
great,3
another,3
having,3
sexuelle,3
divided,3
session,3
made,3
mehta,3
against,3
subject,3
sexually,3
place,3
d,3
personal,3
experiences,3
asking,3
such,3
open,3
own,3
run,3
clear,3
since,3
three,3
either,3
good,3
started,3
learning,3
relations,3
family,3
needs,3
organisations,3
especially,3
workshops,3
between,3
can,3
skit,3
marry,3
provided,3
activities,3
will,2
does,2
girl,2
interesting,2
z,2
situation,2
whose,2
materials,2
behavioural,2
bring,2
sessions,2
main,2
encouraged,2
menstrual,2
realise,2
everyone,2
afterwards,2
happen,2
process,2
busy,2
still,2
sobre,2
eight,2
village,2
chez,2
settings,2
beaucoup,2
para,2
como,2
feel,2
hemos,2
psychological,2
reason,2
understand,2
cycles,2
familiar,2
parte,2
educacion,2
included,2
rarely,2
then,2
just,2
practice,2
impact,2
ngos,2
too,2
two,2
begins,2
des,2
every,2
rather,2
setting,2
request,2
strategy,2
providing,2
again,2
others,2
unavailable,2
myths,2
gone,2
friends,2
greater,2
parental,2
avant,2
efforts,2
different,2
incomplete,2
based,2
outside,2
lack,2
seriously,2
together,2
half,2
une,2
children,2
out,2
man,2
help,2
pour,2
further,2
hand,2
fun,2
learn,2
cultural,2
equal,2
relevant,2
residential,2
adults,2
jeux,2
making,2
case,2
necessary,2
takes,2
your,2
woman,2
ong,2
going,2
deal,2
organising,2
participation,2
meetings,2
felt,2
shared,2
background,2
easier,2
true,2
stall,2
occurring,2
x,2
immoral,2
example,2
its,2
interact,2
host,2
got,2
expression,2
use,2
food,2
wife,2
workshop,2
families,2
allows,2
ideas,2
regarding,2
daughters,2
hour,2
relationships,2
leur,2
years,2
avons,2
related,2
change,2
ans,2
mixed,2
individual,2
need,2
expected,2
friend,2
order,2
le,2
wish,2
involved,2
cambios,2
few,2
state,2
pregnant,2
attending,2
villages,2
effective,2
sharing,2
sin,2
develop,2
practically,2
instances,2
observed,2
attend,2
building,2
meeting,2
se,2
am,2
sisters,2
stereotypes,2
adolescentes,2
visit,2
familia,1
smaller,1
periods,1
difficult,1
apporter,1
threatened,1
contributes,1
genero,1
breasts,1
elder,1
therefore,1
now,1
jlt,1
sustained,1
manifestations,1
esttbt,1
simultaneously,1
respect,1
petits,1
ixg,1
enjoyment,1
doubts,1
peers,1
essential,1
membres,1
representaciones,1
reflects,1
transformations,1
note,1
sanitation,1
lovet,1
evaluations,1
cooking,1
way,1
fairly,1
oneday,1
ntont,1
provide,1
dilemma,1
tt,1
scientific,1
drag,1
anos,1
residence,1
names,1
incorrect,1
distorted,1
across,1
developed,1
although,1
broaching,1
depth,1
stages,1
ia,1
playt,1
maffer,1
limited,1
enregistre,1
play,1
reciben,1
commence,1
ant,1
wa,1
environmental,1
explicit,1
preach,1
teat,1
bs,1
campamentos,1
remote,1
forthright,1
permission,1
practicamente,1
una,1
housework,1
un,1
ce,1
seen,1
clothes,1
detailed,1
appear,1
opportunities,1
make,1
atout,1
hearsay,1
heard,1
resume,1
lives,1
opposition,1
floors,1
flexible,1
canopy,1
ex,1
fulfilling,1
tradicionales,1
remaining,1
certain,1
told,1
relaxed,1
garsons,1
large,1
similarities,1
length,1
parts,1
ache,1
ongoing,1
betterexposed,1
hold,1
ix,1
religious,1
evolution,1
direction,1
es,1
xd,1
escuela,1
study,1
partner,1
seriolls,1
dans,1
hi,1
ltecole,1
stays,1
word,1
songs,1
contributing,1
pequenos,1
space,1
depicted,1
famille,1
openness,1
wig,1
mayoria,1
mother,1
pressuring,1
meet,1
fantasy,1
send,1
easily,1
matrimoniot,1
read,1
ofrecer,1
behave,1
meo,1
pratiquement,1
country,1
conscious,1
old,1
healthrelated,1
financial,1
meant,1
evolved,1
under,1
former,1
ball,1
diseases,1
dialects,1
teased,1
alguna,1
deny,1
sf,1
ensure,1
teens,1
garding,1
sexualite,1
plenary,1
slowly,1
sexes,1
homogeneous,1
limitation,1
menarche,1
advertido,1
husbands,1
irregular,1
morning,1
friendship,1
invariably,1
always,1
ateliers,1
hymen,1
indian,1
faith,1
prevent,1
jeunes,1
tambien,1
already,1
situations,1
orientation,1
most,1
respective,1
agents,1
constituted,1
e,1
came,1
exposed,1
member,1
casan,1
synonymous,1
scolding,1
inferiority,1
known,1
isolated,1
query,1
evoquons,1
accompanied,1
programmes,1
organisation,1
separately,1
contraception,1
familiarity,1
consequence,1
li,1
positivos,1
starting,1
pero,1
terminology,1
posed,1
unreliable,1
skill,1
entonces,1
reabout,1
exaggerated,1
bold,1
grasp,1
care,1
pourtant,1
couples,1
power,1
materiales,1
ry,1
taken,1
important,1
accompanies,1
ou,1
ilf,1
trained,1
exploded,1
natural,1
view,1
menstruating,1
mariees,1
dominated,1
put,1
wouid,1
degree,1
introducing,1
grupos,1
towards,1
dreams,1
extramarital,1
water,1
paper,1
divorced,1
disinterested,1
off,1
dlscusslons,1
neglected,1
fairs,1
whom,1
hablar,1
interested,1
introduce,1
least,1
someone,1
available,1
could,1
conduct,1
cartoon,1
avec,1
down,1
broken,1
putting,1
feels,1
clarify,1
youngpeople,1
simple,1
afraid,1
joy,1
esencial,1
p,1
mothers,1
mariage,1
impure,1
taboo,1
theyblame,1
particularly,1
lover,1
larger,1
necesario,1
logros,1
international,1
rooms,1
allowing,1
relate,1
end,1
interactiva,1
pornographic,1
camera,1
complaints,1
begun,1
clearly,1
before,1
loves,1
stomach,1
indulge,1
sexualmente,1
activite,1
emotionnelles,1
u,1
audiences,1
tras,1
indu,1
works,1
question,1
parentsr,1
m,1
physiques,1
never,1
places,1
person,1
ages,1
curious,1
enough,1
angry,1
juegos,1
afternoon,1
studies,1
urgently,1
equally,1
reasons,1
physiological,1
those,1
ground,1
knows,1
contact,1
understood,1
begin,1
ours,1
succeeded,1
reading,1
discussing,1
mainly,1
basics,1
salud,1
reproduce,1
assess,1
sexualidad,1
resumen,1
transmitted,1
unique,1
context,1
evenings,1
viewed,1
recently,1
entertaining,1
persons,1
hogar,1
less,1
confrontation,1
fisicos,1
want,1
partners,1
issue,1
younger,1
appreciate,1
est,1
con,1
eg,1
material,1
depending,1
however,1
sus,1
validate,1
perform,1
bz,1
maniere,1
besides,1
belief,1
muchos,1
facilities,1
fi,1
books,1
aboutphysical,1
rolling,1
groupes,1
extent,1
cadre,1
forma,1
diarrhoea,1
alcanzados,1
emocionales,1
getting,1
schoolgirl,1
undo,1
womanwoman,1
sleeping,1
verbally,1
wants,1
healthy,1
right,1
girlfriends,1
secure,1
malaria,1
outstanding,1
aupres,1
quarters,1
soutien,1
local,1
haciendo,1
generally,1
indispensable,1
synonym,1
impurity,1
prior,1
capable,1
possible,1
genre,1
classes,1
rally,1
understanding,1
programa,1
guys,1
contain,1
thatparental,1
literature,1
exhibits,1
gains,1
work,1
soit,1
popular,1
permitted,1
amor,1
examples,1
received,1
bodies,1
strict,1
presented,1
range,1
del,1
son,1
medical,1
servant,1
ve,1
taking,1
mental,1
themes,1
judgemental,1
say,1
deliberately,1
sexo,1
purpose,1
timely,1
discusses,1
stereotyping,1
despite,1
training,1
activos,1
masturbation,1
knowledge,1
spoilt,1
moustaches,1
discusion,1
became,1
charts,1
pulls,1
dirty,1
solo,1
entrepris,1
giving,1
podemos,1
minority,1
vuelven,1
adjoining,1
societal,1
went,1
genuine,1
gave,1
mais,1
older,1
focus,1
travel,1
affects,1
motivate,1
educating,1
hygiene,1
exist,1
writing,1
segregation,1
gimmick,1
think,1
preoccupied,1
sexuelles,1
starters,1
fails,1
exercises,1
rituals,1
call,1
stay,1
throughout,1
fluency,1
full,1
maintenir,1
cohabiting,1
aussi,1
discriminated,1
held,1
fetches,1
dismissed,1
advantages,1
temas,1
beating,1
systematic,1
participate,1
led,1
involves,1
drums,1
project,1
manage,1
filles,1
touch,1
unable,1
las,1
difference,1
both,1
bleed,1
feedback,1
problemes,1
initial,1
sustain,1
sont,1
minds,1
embargo,1
approach,1
cleans,1
curse,1
washing,1
write,1
express,1
apoyo,1
lb,1
accept,1
subtle,1
aware,1
observado,1
moret,1
makes,1
lectures,1
amounts,1
ut,1
tough,1
ease,1
serious,1
course,1
nonjudgemental,1
adopted,1
nombre,1
times,1
crime,1
include,1
lasts,1
homes,1
touches,1
lectura,1
isolating,1
schooi,1
difficulty,1
socially,1
sweep,1
effectively,1
aroused,1
puppets,1
him,1
hardly,1
talked,1
enjoys,1
ngo,1
distinction,1
you,1
piece,1
affairs,1
tangent,1
matiere,1
programme,1
accurate,1
interacting,1
sonal,1
turn,1
share,1
fuentes,1
quite,1
dar,1
provides,1
night,1
atmosphere,1
uso,1
latter,1
leg,1
men,1
portrayed,1
wlzen,1
requesting,1
promotion,1
mantener,1
gets,1
seminarios,1
moralistic,1
specific,1
concerns,1
participated,1
feelings,1
eux,1
body,1
k,1
grow,1
serving,1
miserably,1
brought,1
acts,1
abortion,1
observe,1
served,1
nonformal,1
relacionados,1
participatoryj,1
rajasthan,1
c,1
greatly,1
guardian,1
realised,1
single,1
kissed,1
loving,1
dropouts,1
helpful,1
occasions,1
committing,1
views,1
exclusively,1
working,1
st,1
consequently,1
guess,1
beat,1
participacion,1
padres,1
communication,1
ta,1
inde,1
constate,1
slept,1
period,1
using,1
amour,1
staff,1
backache,1
strong,1
wet,1
deeply,1
structured,1
messages,1
brooms,1
adult,1
doing,1
start,1
roles,1
aucune,1
delayed,1
acquis,1
once,1
enjoy,1
adolescencia,1
vocational,1
seemed,1
avoid,1
comenzo,1
wita,1
separate,1
lessons,1
heterogeneous,1
kept,1
