WORDCOUNTS,WEIGHT
the,135
of,96
and,88
a,77
in,66
to,56
is,50
nash,49
his,42
that,38
s,38
it,29
this,27
with,26
not,21
but,20
he,16
life,15
on,15
at,14
are,14
john,14
as,14
film,13
from,13
be,13
we,13
for,12
mind,12
thinking,11
by,11
mathematical,11
an,11
way,10
has,10
alicia,10
movie,9
mathematics,9
kind,9
can,9
beautiful,8
i,8
nasar,8
have,8
would,8
one,7
was,7
into,7
story,7
then,6
had,6
princeton,6
biography,6
more,6
all,6
fact,6
there,6
them,6
schizophrenia,6
nobel,5
goldsman,5
out,5
man,5
do,5
too,5
some,5
howard,5
its,5
like,5
him,5
so,5
will,4
if,4
been,4
how,4
does,4
their,4
makes,4
me,4
crowe,4
t,4
love,4
my,4
different,4
find,4
ron,4
where,4
what,4
theory,4
who,4
own,4
son,4
years,4
back,4
sense,4
crazy,4
much,4
point,3
continued,3
irrational,3
chalkboards,3
community,3
make,3
after,3
director,3
about,3
feel,3
ing,3
ways,3
mit,3
delusions,3
dissertation,3
or,3
same,3
no,3
these,3
www,3
every,3
also,3
other,3
care,3
taken,3
over,3
did,3
together,3
smart,3
ambiguity,3
time,3
any,3
new,3
stier,3
took,3
pure,3
she,3
russell,3
problem,3
because,3
logical,3
both,3
even,3
mathematician,3
most,3
subject,3
com,3
screen,3
largely,3
began,3
world,3
people,3
ideas,3
real,3
our,3
which,3
were,3
good,3
problems,3
when,3
student,3
should,3
may,2
go,2
asking,2
now,2
hero,2
relationship,2
sylvia,2
matter,2
bluefield,2
created,2
truth,2
through,2
fiction,2
math,2
pressure,2
credited,2
they,2
told,2
parts,2
tion,2
class,2
special,2
hollywood,2
see,2
space,2
thought,2
months,2
reason,2
larde,2
understand,2
solutions,2
explains,2
proof,2
moving,2
rea,2
gradually,2
simply,2
being,2
wire,2
speaking,2
tears,2
known,2
picture,2
ful,2
rather,2
set,2
available,2
intellectual,2
impression,2
artistic,2
rational,2
character,2
book,2
could,2
great,2
p,2
treatments,2
prize,2
drama,2
found,2
personality,2
state,2
carnegie,2
take,2
grip,2
historical,2
hospitals,2
illness,2
outside,2
further,2
game,2
complicated,2
somewhat,2
relationships,2
akiva,2
scribbling,2
against,2
relapses,2
public,2
wants,2
aging,2
almost,2
org,2
says,2
taking,2
smooth,2
looking,2
eleanor,2
became,2
role,2
manifold,2
year,2
during,2
describes,2
human,2
faculty,2
think,2
recovery,2
throughout,2
campus,2
maa,2
differential,2
psychologist,2
ultimately,2
open,2
reject,2
since,2
graduate,2
frame,2
recognize,2
points,2
essay,2
proofs,2
characteristic,2
least,2
instead,2
autobiographical,2
although,2
delusional,2
things,2
high,2
next,2
you,2
order,2
off,2
area,2
valid,2
around,2
several,2
offered,2
amount,2
between,2
response,2
mental,2
partial,2
slightly,2
orderly,2
re,2
wife,2
results,2
invented,2
reality,2
than,2
arrogant,2
isn,2
major,2
emerged,2
awards,2
appeal,1
tragically,1
illustrating,1
cite,1
periods,1
seems,1
given,1
dylan,1
awkward,1
divergence,1
indication,1
ending,1
teaching,1
suggestion,1
whelmed,1
horizons,1
via,1
jesse,1
brute,1
o,1
york,1
critics,1
exhibit,1
delusionally,1
connelly,1
saw,1
variety,1
window,1
without,1
supernatural,1
architecture,1
replied,1
visually,1
journey,1
metaphoric,1
concerned,1
scientific,1
meticulously,1
crucial,1
lots,1
recuperates,1
muted,1
distorted,1
doctoral,1
sonable,1
husband,1
suc,1
happy,1
riemann,1
opin,1
simon,1
muttering,1
nonsense,1
mingle,1
stories,1
katy,1
basic,1
parade,1
celebration,1
inside,1
ant,1
colleagues,1
toms,1
edges,1
arrive,1
capture,1
cut,1
responded,1
process,1
slow,1
e,1
regu,1
april,1
poses,1
kept,1
transformed,1
requisite,1
still,1
ponent,1
trite,1
force,1
mainstream,1
effectively,1
interactions,1
persistent,1
wake,1
connected,1
professor,1
standing,1
similar,1
hospitalizations,1
se,1
certain,1
large,1
similarities,1
length,1
seemingly,1
delighted,1
contributions,1
commendable,1
positive,1
conveys,1
often,1
single,1
generosity,1
analysis,1
superb,1
impressed,1
awareness,1
word,1
library,1
absorbed,1
confines,1
interview,1
specialist,1
true,1
lar,1
fields,1
recognized,1
victor,1
support,1
fascinating,1
scene,1
sidewalks,1
exceptional,1
refusing,1
send,1
devoted,1
club,1
worlds,1
involuntary,1
numerology,1
paradox,1
ly,1
rationalize,1
pbs,1
modern,1
genius,1
conscious,1
rigorous,1
sym,1
array,1
ges,1
technology,1
sharing,1
spirit,1
montage,1
decade,1
university,1
filmmakers,1
possibly,1
us,1
position,1
graffiti,1
astate,1
committee,1
familiar,1
harsh,1
clear,1
title,1
seriously,1
magnitude,1
foul,1
home,1
otherwise,1
eventually,1
equations,1
clearly,1
biographical,1
proved,1
liberties,1
shock,1
consciousness,1
abbott,1
feels,1
footnoted,1
platitudes,1
air,1
something,1
placed,1
series,1
conclusion,1
source,1
gets,1
univer,1
euclid,1
acade,1
rep,1
advance,1
already,1
turning,1
must,1
odds,1
provocative,1
challenges,1
algebraic,1
diffeomorphic,1
dimming,1
experience,1
emotional,1
acting,1
came,1
first,1
powerful,1
aside,1
gap,1
stephanie,1
badly,1
acceptable,1
published,1
present,1
matics,1
physical,1
ll,1
generally,1
humble,1
palace,1
cries,1
heartbreaking,1
capable,1
requires,1
certainly,1
unscripted,1
drugs,1
pregnant,1
disagreeable,1
asks,1
begin,1
willing,1
somehow,1
unreliable,1
reassuring,1
willpower,1
reconciliation,1
odd,1
exaggerated,1
hit,1
athlete,1
power,1
m,1
premonitions,1
middlebrow,1
accompanies,1
might,1
others,1
recorded,1
interpretation,1
natural,1
view,1
refusal,1
intellectually,1
script,1
imbedded,1
rare,1
antidote,1
each,1
causes,1
many,1
financial,1
whittinghill,1
remarried,1
nature,1
release,1
emotions,1
arrived,1
intricately,1
actuality,1
only,1
december,1
earned,1
longer,1
phantom,1
consequently,1
confident,1
creativity,1
cumb,1
consideration,1
accustomed,1
seem,1
board,1
preserve,1
believe,1
asserts,1
gone,1
genetic,1
daily,1
best,1
divorce,1
bolically,1
endless,1
down,1
credits,1
room,1
critic,1
inherent,1
entered,1
inflict,1
reasons,1
thank,1
accessible,1
toral,1
attack,1
methodically,1
geometrical,1
emotion,1
effort,1
layer,1
reasoning,1
particularly,1
economics,1
storybook,1
able,1
scenes,1
diverse,1
disoriented,1
resentative,1
muses,1
princetonian,1
events,1
far,1
end,1
amid,1
while,1
fills,1
ironically,1
contemporary,1
jennifer,1
golden,1
mathe,1
hinges,1
draping,1
marches,1
married,1
struggles,1
dev,1
audiences,1
appeared,1
inter,1
living,1
type,1
february,1
absolutely,1
big,1
last,1
middlebury,1
never,1
hint,1
affair,1
stand,1
riemannian,1
pro,1
stature,1
equally,1
those,1
doc,1
bravely,1
confess,1
helping,1
play,1
actor,1
free,1
remissions,1
headings,1
healthy,1
reading,1
soning,1
war,1
elicits,1
refine,1
behind,1
confes,1
hyperactive,1
dissolved,1
unique,1
appears,1
whether,1
turned,1
treacle,1
nomadic,1
final,1
everyone,1
verbatim,1
ion,1
less,1
lege,1
answer,1
making,1
analogous,1
tures,1
maddeningly,1
lines,1
fighting,1
con,1
globe,1
safe,1
thirty,1
harvested,1
elliptic,1
forgivable,1
frightening,1
generic,1
pened,1
along,1
counterfeit,1
narrative,1
conclusions,1
isometrically,1
books,1
debate,1
controversy,1
adaptation,1
farnham,1
extent,1
style,1
understandably,1
task,1
captures,1
gives,1
advice,1
creates,1
tidy,1
her,1
cluttered,1
number,1
going,1
drug,1
unraveled,1
dazzled,1
acknowledgements,1
influenced,1
saying,1
ther,1
institute,1
victims,1
topology,1
solving,1
alienation,1
well,1
exhilarating,1
deal,1
awarded,1
sions,1
balance,1
collages,1
thousands,1
account,1
having,1
textured,1
apies,1
ineptitude,1
virginia,1
moviemaking,1
classes,1
politics,1
compelling,1
understanding,1
greatest,1
authentic,1
fessional,1
sometime,1
used,1
resurface,1
work,1
incredible,1
sity,1
father,1
anecdotes,1
disease,1
appreciate,1
intent,1
practical,1
background,1
wandering,1
boston,1
schuster,1
basis,1
insight,1
writers,1
insights,1
panes,1
anguishing,1
heart,1
fine,1
includ,1
west,1
significantly,1
scaled,1
met,1
conclude,1
versa,1
except,1
part,1
including,1
truthful,1
example,1
politician,1
devious,1
sass,1
literal,1
develop,1
related,1
equilibrium,1
comment,1
aged,1
easy,1
undoubtedly,1
giving,1
mentally,1
turns,1
nashes,1
tried,1
ten,1
reminded,1
batch,1
hunting,1
entirely,1
reverence,1
acute,1
ematics,1
genuine,1
hypotheses,1
sidered,1
operated,1
tied,1
place,1
lesson,1
needed,1
refers,1
behavior,1
duped,1
rescue,1
numero,1
glow,1
engaging,1
imathematics,1
fashion,1
hap,1
communicated,1
pleasure,1
exist,1
nurse,1
complained,1
said,1
central,1
documentary,1
announcing,1
strong,1
precision,1
munity,1
insulin,1
come,1
named,1
personal,1
full,1
false,1
spells,1
surrounding,1
question,1
importantly,1
retraction,1
g,1
compact,1
ure,1
evidence,1
tell,1
talents,1
frustrating,1
couple,1
vice,1
pattern,1
component,1
won,1
such,1
low,1
received,1
rendered,1
medical,1
truths,1
structured,1
scheduled,1
minds,1
adding,1
debility,1
relentless,1
messages,1
either,1
stakes,1
movies,1
profession,1
relatively,1
corner,1
health,1
depicting,1
stockholm,1
brash,1
calls,1
explanation,1
orienta,1
madness,1
heightening,1
parallels,1
hall,1
brain,1
ean,1
moment,1
embrace,1
times,1
closing,1
physics,1
allowed,1
col,1
correct,1
successful,1
suffers,1
smith,1
dan,1
socially,1
need,1
forbes,1
jr,1
honestly,1
everest,1
cold,1
dieting,1
wildly,1
complex,1
geometry,1
mount,1
writer,1
finds,1
storytelling,1
quotes,1
changes,1
stride,1
anyone,1
philosophy,1
turn,1
instinct,1
recoveries,1
brilliance,1
extremely,1
integrity,1
louis,1
self,1
family,1
direction,1
maybe,1
kyle,1
quick,1
underlying,1
screenwriter,1
writes,1
ler,1
seminal,1
affliction,1
needs,1
eco,1
ceremony,1
few,1
profound,1
disproportionately,1
reengage,1
feelings,1
differently,1
trying,1
incapable,1
bridge,1
ensued,1
web,1
temporary,1
notation,1
extraordinary,1
demons,1
young,1
dramatic,1
become,1
themselves,1
mystery,1
spotty,1
missing,1
essentially,1
left,1
scott,1
extraterrestrials,1
respond,1
johnson,1
marriage,1
freshly,1
obligation,1
fervor,1
mechanical,1
pleased,1
mellon,1
always,1
silvia,1
seeking,1
shouldn,1
up,1
accolades,1
predictable,1
looks,1
justice,1
unresolved,1
communication,1
data,1
abandoned,1
unpleas,1
buffet,1
using,1
why,1
details,1
colleague,1
corners,1
childish,1
intelligent,1
medication,1
deeply,1
recent,1
notes,1
unexpectedly,1
nomic,1
cosmic,1
beings,1
symp,1
professional,1
remarkable,1
ghost,1
controversial,1
recurring,1
asked,1
doing,1
uncomfortably,1
emerge,1
acknowledge,1
waiting,1
undone,1
medica,1
close,1
tragic,1
pleas,1
paranoid,1
divorced,1
deeper,1
lend,1
haunts,1
hypothesis,1
