WORDCOUNTS,WEIGHT
the,211
of,111
and,93
her,86
his,79
he,66
in,65
to,64
that,62
is,57
a,47
s,44
dreams,39
she,33
as,29
dream,27
with,24
browning,22
for,22
bad,21
by,19
not,17
him,17
which,16
but,14
are,14
poems,14
relationship,13
have,13
male,12
only,12
an,12
speaker,11
city,11
we,11
man,10
woman,10
has,10
be,10
wife,10
who,9
life,9
nature,9
this,9
it,8
does,8
about,8
forest,8
on,8
love,8
more,8
waking,8
between,8
husband,7
how,7
one,7
within,7
at,6
if,6
their,6
or,6
speaking,6
victorian,6
response,6
poetry,6
while,6
behavior,6
own,6
like,6
would,6
poem,6
was,5
dreamer,5
from,5
narration,5
psyche,5
had,5
first,5
stanza,5
i,5
cannot,5
art,5
most,5
were,5
reflect,5
recalls,5
even,5
given,5
wishes,4
may,4
reflects,4
they,4
artist,4
yet,4
series,4
ii,4
each,4
emotions,4
shows,4
reveal,4
devil,4
those,4
daniel,4
because,4
goodman,4
r,4
both,4
upon,4
despite,4
couple,4
such,4
reveals,4
moral,4
sense,4
kind,4
emphasizes,4
faith,4
potential,4
can,4
than,4
ghost,4
brown,4
will,3
continued,3
been,3
ironically,3
word,3
once,3
when,3
repressed,3
pp,3
modern,3
us,3
version,3
being,3
sublimated,3
also,3
other,3
taken,3
death,3
view,3
control,3
uses,3
speaks,3
words,3
whom,3
conduct,3
critic,3
prior,3
iii,3
doubt,3
do,3
primitive,3
what,3
see,3
facetious,3
iv,3
sexual,3
discovery,3
must,3
herself,3
cruelty,3
relationships,3
facts,3
since,3
three,3
change,3
atavistic,3
exam,3
self,3
imagines,3
profound,3
lines,3
fears,3
beauty,3
should,3
superiority,2
now,2
final,2
york,2
no,2
rather,2
opening,2
recall,2
later,2
pathetically,2
stress,2
dreamed,2
schwa,2
wonder,2
truth,2
female,2
judgment,2
symmetry,2
them,2
speakers,2
makes,2
revelation,2
satan,2
monologues,2
moreover,2
polarities,2
violence,2
lives,2
gloom,2
studies,2
evil,2
affect,2
claims,2
into,2
its,2
then,2
feels,2
same,2
two,2
revenge,2
surface,2
namely,2
might,2
attempt,2
image,2
all,2
present,2
my,2
incomplete,2
subject,2
shaped,2
loved,2
could,2
appearance,2
together,2
indeed,2
narrated,2
lacks,2
narrative,2
narrating,2
lover,2
recognize,2
new,2
events,2
know,2
perfidy,2
struggle,2
fear,2
question,2
last,2
never,2
accusations,2
robert,2
william,2
understood,2
submissive,2
creature,2
univ,2
form,2
answer,2
dance,2
paranoid,2
ed,2
clyde,2
common,2
perfection,2
creates,2
another,2
balance,2
inconstancy,2
anxieties,2
rz,2
suggests,2
stern,2
some,2
fantasy,2
imagined,2
point,2
part,2
press,2
role,2
sexually,2
concern,2
irrational,2
impose,2
human,2
fancies,2
fascinated,2
express,2
until,2
kiss,2
schwarz,2
notice,2
finally,2
characteristic,2
sadistic,2
define,2
cold,2
contrast,2
cope,2
earlier,2
illicit,2
joined,2
nor,2
imagination,2
feelings,2
qualities,2
miserable,2
presence,2
up,2
dominance,2
describes,2
strong,2
darker,2
kenyon,2
coexist,1
suspects,1
expurgation,1
critics,1
difficult,1
horror,1
failed,1
undressing,1
permits,1
syntax,1
poignant,1
anticipates,1
suggestion,1
complaint,1
interesting,1
christian,1
innovative,1
profoundly,1
caliban,1
likely,1
discourtesy,1
adultery,1
fanciful,1
heaven,1
matter,1
without,1
expected,1
sterile,1
way,1
evolve,1
shedding,1
pries,1
stream,1
implying,1
mistrust,1
commentary,1
chastising,1
main,1
himself,1
identity,1
f,1
masculine,1
enables,1
bound,1
expitomized,1
irony,1
spouse,1
represent,1
meredith,1
disguising,1
extreme,1
acknowledged,1
episodes,1
brief,1
merits,1
outlet,1
rapid,1
process,1
implies,1
instincts,1
incompatability,1
lost,1
abnormal,1
intimidation,1
seen,1
sect,1
counterpart,1
fragmented,1
amplifications,1
itself,1
festival,1
imposition,1
phrases,1
make,1
subconscious,1
heard,1
defenses,1
disregard,1
daytime,1
importantly,1
passing,1
sympathetic,1
dreaming,1
deathly,1
movement,1
leave,1
tact,1
length,1
inconsequential,1
seemingly,1
onlooker,1
perpetuate,1
displaying,1
why,1
fancy,1
ababb,1
study,1
often,1
perhaps,1
preoccupation,1
spoken,1
awareness,1
repent,1
beautiful,1
otherness,1
remind,1
second,1
space,1
hawthorne,1
manque,1
instructs,1
keats,1
reaches,1
prodigality,1
turmoil,1
roma,1
addressing,1
vignettes,1
hannah,1
reference,1
sympathy,1
completely,1
examined,1
examine,1
creations,1
poignantly,1
dare,1
pathological,1
me,1
park,1
ring,1
forestall,1
under,1
frankness,1
fifth,1
tensions,1
exposure,1
particular,1
forget,1
jekyll,1
horned,1
enjoys,1
factual,1
excitedly,1
enticing,1
seems,1
description,1
artifice,1
harsh,1
slyly,1
divestiture,1
interior,1
submitted,1
necessary,1
cannibalistic,1
punished,1
antiseptic,1
holding,1
clearly,1
cornell,1
essence,1
shares,1
consciousness,1
edition,1
threatening,1
believed,1
something,1
dominate,1
intentions,1
gradually,1
blemish,1
stasis,1
source,1
intensification,1
witnessing,1
renounces,1
these,1
sadomasochistic,1
circumstances,1
disjointed,1
show,1
demonstrate,1
heterosexual,1
begins,1
quotations,1
disagreed,1
reminding,1
commented,1
continues,1
powerful,1
resemblance,1
irvine,1
awe,1
either,1
affections,1
submerged,1
considerate,1
physical,1
disguise,1
hence,1
submit,1
every,1
endured,1
destroying,1
undoubtedly,1
disloyalty,1
creation,1
amount,1
eschews,1
primordial,1
aspect,1
consuming,1
alternative,1
destructive,1
dramatize,1
structures,1
dominant,1
phrasing,1
technique,1
business,1
flame,1
pollute,1
highly,1
entangled,1
providing,1
stumped,1
again,1
dissociates,1
illogical,1
turbulent,1
prosecute,1
l,1
absurd,1
fragmentary,1
sure,1
responds,1
destroy,1
character,1
standards,1
libidinous,1
joyce,1
remembered,1
based,1
killed,1
book,1
sarcastic,1
exploration,1
good,1
treatment,1
remarks,1
gone,1
imposes,1
sarcasm,1
explores,1
marvels,1
regret,1
recurrent,1
suggesting,1
plan,1
desire,1
great,1
victim,1
chastise,1
joy,1
p,1
returns,1
intermingled,1
disturbed,1
assertion,1
distance,1
absolutism,1
particularly,1
out,1
break,1
deal,1
distract,1
balancing,1
hear,1
monologue,1
thinking,1
faults,1
very,1
asserting,1
embodiment,1
personality,1
palatial,1
disingenuous,1
expressing,1
everything,1
pavement,1
fitting,1
assertiveness,1
scene,1
nearly,1
artistic,1
bizarre,1
anger,1
eliot,1
considerable,1
creator,1
outrage,1
just,1
works,1
rebuke,1
inquired,1
rhetoric,1
commonplace,1
implicit,1
patterns,1
psychologist,1
reversal,1
terminate,1
handbook,1
consciously,1
mr,1
obsession,1
asolando,1
eve,1
palliation,1
marbles,1
closely,1
consciences,1
informed,1
though,1
hall,1
career,1
reading,1
bitter,1
where,1
affirms,1
recollections,1
numbers,1
hostility,1
objectivity,1
aspects,1
circles,1
accepted,1
context,1
improvise,1
centenary,1
appears,1
whether,1
solomon,1
amuse,1
playful,1
selected,1
voyeur,1
making,1
rebellion,1
suffered,1
case,1
cause,1
varying,1
scale,1
era,1
energy,1
material,1
shape,1
dome,1
focusing,1
hell,1
pulpit,1
turgid,1
sport,1
passed,1
dr,1
effort,1
narrate,1
philological,1
explain,1
bully,1
courtesy,1
unnecessary,1
trial,1
king,1
honan,1
benign,1
reflected,1
spontaneity,1
really,1
eliminate,1
wants,1
alarmed,1
diabolic,1
conceit,1
vitality,1
addresses,1
degree,1
feminine,1
well,1
civilized,1
explored,1
hyde,1
setting,1
throne,1
texts,1
indifference,1
imagine,1
almost,1
terrifying,1
squares,1
replacement,1
diction,1
discrepancies,1
felt,1
vignette,1
miniature,1
orgiastic,1
capable,1
possible,1
probing,1
suspicion,1
line,1
conform,1
exploring,1
activity,1
modesty,1
used,1
nastiness,1
disrespect,1
work,1
drawn,1
anecdotes,1
knew,1
survive,1
objectify,1
wild,1
examples,1
contexts,1
ambiguous,1
speculation,1
dimly,1
made,1
explanation,1
remember,1
level,1
mingles,1
carry,1
clean,1
heart,1
reader,1
flaw,1
estranged,1
far,1
gradual,1
prominent,1
taking,1
illustrated,1
abandons,1
ohio,1
london,1
purpose,1
cleanse,1
introduced,1
overgrowing,1
realizes,1
agnes,1
accurst,1
calls,1
play,1
chooses,1
objective,1
confirms,1
apparently,1
individuality,1
figure,1
narrator,1
thoughts,1
against,1
listener,1
respectable,1
charitable,1
surprise,1
appalling,1
beneath,1
combining,1
conventional,1
contending,1
feared,1
recounts,1
acknowledges,1
place,1
emphasize,1
images,1
refers,1
ever,1
issues,1
disguised,1
controlled,1
stevenson,1
oak,1
world,1
framework,1
guilty,1
people,1
guise,1
engulfed,1
setebos,1
writing,1
transmitting,1
participated,1
neglect,1
pamphlets,1
thus,1
cumulatively,1
clapham,1
our,1
subsumed,1
slab,1
previous,1
married,1
comparable,1
novels,1
fun,1
surely,1
believes,1
constancy,1
repels,1
involves,1
reverse,1
anthology,1
attraction,1
verbs,1
ryals,1
years,1
inner,1
known,1
fact,1
quality,1
discrepancy,1
quotation,1
clear,1
deftly,1
alternately,1
provoked,1
parallel,1
intensifying,1
else,1
recalcitrant,1
conditions,1
unconsciously,1
realized,1
wrath,1
strikingly,1
de,1
g,1
dominated,1
hurt,1
interest,1
someone,1
tone,1
parallels,1
try,1
course,1
spire,1
moth,1
prolonged,1
individual,1
mass,1
psychotic,1
envy,1
correct,1
derived,1
describing,1
period,1
followed,1
jr,1
gruesome,1
responsibility,1
dishonored,1
distances,1
geometry,1
suggest,1
articulate,1
excuse,1
played,1
poet,1
tennyson,1
distinction,1
you,1
order,1
derive,1
off,1
imposed,1
progressive,1
sexuality,1
bliss,1
measure,1
explicate,1
came,1
four,1
indicates,1
did,1
speak,1
nightmare,1
folly,1
underlined,1
taint,1
worst,1
gets,1
needs,1
observation,1
wedlock,1
few,1
adjectives,1
back,1
although,1
infinite,1
trying,1
imaginative,1
elaborate,1
eyes,1
grow,1
recrimination,1
allowed,1
ebullience,1
young,1
devouring,1
allowing,1
narrow,1
still,1
damned,1
discontinuous,1
revels,1
defensive,1
conclude,1
narrates,1
twice,1
disarm,1
deliberate,1
forms,1
guilt,1
rebuking,1
erst,1
find,1
women,1
occasions,1
devane,1
crux,1
antisocial,1
x,1
hardy,1
probably,1
puts,1
st,1
entire,1
twofold,1
corrected,1
duration,1
using,1
figures,1
need,1
reality,1
occupied,1
analogy,1
deeply,1
destruction,1
conceive,1
vindictive,1
concise,1
appropriate,1
discovering,1
dislike,1
remarkable,1
fellow,1
hardly,1
achieve,1
time,1
attention,1
maj,1
locked,1
impressions,1
master,1
impulsive,1
reserve,1
lucretius,1
major,1
volitionally,1
perception,1
virtual,1
ebbed,1
society,1
shocked,1
