WORDCOUNTS,WEIGHT
the,1069
of,678
and,346
in,272
to,266
a,264
s,237
is,230
jesus,167
his,157
tuptalo,145
that,131
as,129
with,120
on,106
this,94
by,88
for,87
body,86
he,80
it,69
passion,69
not,67
from,60
was,57
christ,53
god,48
blood,47
are,45
youth,45
an,43
desire,42
see,40
one,39
be,39
verses,38
at,37
lord,36
which,36
but,34
male,33
love,32
modern,31
sexual,31
de,31
erotic,31
most,31
upon,31
men,29
flesh,29
i,27
like,27
have,27
or,26
renaissance,25
we,25
sexuality,25
between,25
devotional,24
man,24
were,24
all,23
who,23
e,22
devotion,22
text,22
they,21
into,21
poetry,21
has,21
two,21
christian,21
you,21
ukrainian,20
may,20
st,20
more,20
new,20
him,20
son,20
medieval,19
homosexual,19
spiritual,19
own,19
wounds,19
us,19
rambuss,19
early,19
β,18
other,18
poet,18
la,18
our,18
however,17
been,17
thorns,17
what,17
cross,17
η,16
dushan,16
your,16
work,16
holy,16
when,16
will,16
object,16
also,16
idea,16
another,16
would,16
european,16
relationship,16
life,16
bednarsky,16
kyiv,16
sufferings,16
communion,15
case,15
such,15
no,15
out,15
mary,15
homosexuality,15
h,14
moderna,14
than,14
my,14
london,14
society,14
religious,14
same,14
rope,14
did,14
works,14
does,13
ha,13
et,13
only,13
acts,13
orthodox,13
sex,13
tears,13
death,13
devotio,13
carnal,13
shliapkin,12
there,12
human,12
bodily,12
author,12
poem,12
crashaw,12
kyi,12
these,12
so,12
can,12
then,12
her,12
church,11
rostov,11
being,11
first,11
richard,11
thus,11
fluids,11
instruments,11
incarnation,11
l,11
ce,11
prayer,11
world,11
imagery,11
after,11
bound,11
le,11
ravished,11
sweetness,11
each,11
levin,11
d,11
much,10
sedgwick,10
women,10
those,10
judas,10
landscape,10
steinberg,10
study,10
heart,10
its,10
time,10
metropolitan,10
lance,10
me,10
she,10
becomes,10
bynum,10
art,10
naked,10
o,9
introduction,9
narrative,9
pillar,9
young,9
ukrains,9
york,9
act,9
personal,9
social,9
up,9
john,9
do,9
especially,9
eyes,9
nails,9
flower,9
teresa,9
mallory,9
ο,9
english,8
western,8
du,8
sin,8
gaze,8
rather,8
their,8
dmytro,8
four,8
pure,8
because,8
during,8
sacrament,8
seed,8
emotional,8
again,8
europe,8
many,8
head,8
torture,8
points,8
juan,8
luther,8
them,8
soldier,8
subject,8
question,8
penetrated,8
food,7
library,7
homoerotic,7
possibilities,7
reading,7
context,7
vol,7
point,7
himself,7
οτ,7
century,7
kind,7
topos,7
baroque,7
look,7
ka,7
face,7
edition,7
countenance,7
further,7
let,7
literature,7
place,7
least,7
clothes,7
midst,7
fruit,7
poeziia,7
drink,7
bread,7
donne,7
slavic,7
friendship,7
lamb,7
forth,7
made,7
woe,7
eleventh,7
eve,7
swaddling,7
thomas,7
masculine,7
today,7
any,7
theme,7
milk,7
sermons,7
terms,7
shackles,7
icyce,7
mystical,6
word,6
jésus,6
flows,6
display,6
within,6
east,6
central,6
relationships,6
similar,6
followed,6
union,6
something,6
xvii,6
possibility,6
ten,6
innocent,6
order,6
eleven,6
pyica,6
activities,6
believers,6
brings,6
goldberg,6
once,6
ed,6
herbert,6
iavornyts,6
hand,6
cruz,6
where,6
crown,6
bondage,6
structure,6
translation,6
bears,6
poetics,6
akh,6
centuries,6
considered,6
following,6
here,6
homoeroticism,6
theology,6
far,6
pour,6
suffering,6
whether,6
rose,6
attitudes,6
penetration,6
sea,6
describes,6
ham,6
should,6
λκο,6
seredyna,6
sins,5
mouth,5
second,5
walker,5
unnatural,5
hence,5
caroline,5
england,5
words,5
monologue,5
concludes,5
sacred,5
red,5
ritual,5
penetrate,5
throughout,5
divine,5
demetrius,5
maleness,5
hammer,5
libidinal,5
performance,5
how,5
means,5
scourge,5
image,5
clearly,5
aquinas,5
fluid,5
could,5
hands,5
speaker,5
bitterness,5
meditation,5
christianity,5
r,5
writers,5
status,5
earth,5
honey,5
transgressions,5
around,5
attention,5
unclothed,5
likely,5
action,5
garden,5
closet,5
bo,5
responsive,5
heterosexual,5
virgin,5
ho,5
slavonic,5
homodevotion,5
dramas,5
keys,5
seventeenth,5
woman,5
argues,5
including,5
open,5
times,5
period,5
serves,5
sur,5
aa,5
why,5
mother,5
les,5
physical,5
flow,5
roman,5
returns,5
audience,5
form,5
together,5
redemption,5
while,5
ropes,5
ah,5
both,5
poems,5
ax,5
garland,5
representation,5
course,5
although,5
liquid,5
texts,5
hymn,5
among,5
close,5
now,4
deny,4
elite,4
if,4
ν,4
manuscript,4
ways,4
jonathan,4
rivers,4
history,4
follows,4
reed,4
ect,4
written,4
side,4
dr,4
continuum,4
chapter,4
some,4
possible,4
lyric,4
very,4
compares,4
iron,4
against,4
jihije,4
turn,4
response,4
penetrable,4
third,4
seventeenthcentury,4
y,4
even,4
wounded,4
without,4
stikhi,4
na,4
comparable,4
represented,4
à,4
humanity,4
b,4
soul,4
category,4
latin,4
argued,4
frequently,4
ace,4
pierces,4
article,4
important,4
appear,4
based,4
bearing,4
spirituelle,4
sochinenie,4
heaven,4
placed,4
verse,4
theological,4
line,4
nourishment,4
ot,4
wound,4
icon,4
constitute,4
dieu,4
away,4
kosofsky,4
désir,4
suggest,4
stage,4
am,4
indeed,4
tempted,4
sermon,4
poetic,4
une,4
eros,4
gospels,4
toward,4
fragmentation,4
water,4
fact,4
ploughed,4
scholars,4
never,4
readers,4
vulnerable,4
xphcta,4
cossacks,4
pleasure,4
students,4
three,4
λκ,4
good,4
intoxicated,4
faith,4
feet,4
become,4
judgement,4
incarnate,4
twelve,4
george,4
interplay,4
shackle,4
often,4
itself,4
poets,4
school,4
christi,4
conclusion,4
must,4
known,4
natural,4
identities,4
according,4
ones,4
voice,4
categories,4
bodies,4
role,4
beloved,4
cb,4
difference,4
furrow,4
numerous,4
slavs,4
instead,4
need,4
avila,4
ukraine,4
remains,4
offered,4
chicago,4
loyalties,4
martin,4
final,3
dynamic,3
humanism,3
robe,3
child,3
common,3
way,3
fertile,3
counsel,3
vinegar,3
instructions,3
true,3
autograph,3
tied,3
frightful,3
presents,3
before,3
nobhbajia,3
source,3
else,3
jesse,3
reverses,3
exclusive,3
kjiac,3
ears,3
j,3
containing,3
divinity,3
explores,3
drown,3
reveal,3
argue,3
robert,3
p,3
issue,3
carnality,3
est,3
crucified,3
eastern,3
opened,3
lifetime,3
obviously,3
moscow,3
west,3
say,3
laws,3
letter,3
married,3
que,3
republished,3
womb,3
relations,3
late,3
mystic,3
marriage,3
fig,3
left,3
compare,3
explore,3
section,3
sich,3
sun,3
acknowledge,3
oxford,3
whose,3
elaborate,3
homo,3
basic,3
ero,3
inserts,3
pinings,3
moves,3
objects,3
amid,3
saviour,3
just,3
perspective,3
too,3
w,3
notions,3
position,3
m,3
vine,3
burrows,3
had,3
sv,3
homosociality,3
allow,3
heavenly,3
typical,3
hjih,3
ocean,3
light,3
believer,3
youths,3
scene,3
having,3
received,3
gospel,3
dimitrii,3
elaborates,3
part,3
example,3
calls,3
esp,3
symbolism,3
gender,3
demonstrates,3
giver,3
translated,3
anything,3
alan,3
feast,3
ihcyca,3
offences,3
describing,3
behold,3
catholic,3
explored,3
scarlet,3
several,3
sodomitical,3
impossible,3
fully,3
beauty,3
indicatively,3
forever,3
minor,3
various,3
identified,3
était,3
drama,3
openings,3
female,3
innocence,3
above,3
indicates,3
recited,3
movement,3
artist,3
single,3
yet,3
interpretation,3
mh,3
represents,3
makes,3
thought,3
tepme,3
included,3
extravagant,3
vers,3
thorn,3
celebrates,3
stars,3
eruption,3
paul,3
book,3
others,3
smith,3
speaks,3
mercilessly,3
overwhelming,3
educated,3
associates,3
jih,3
observes,3
forms,3
ages,3
v,3
present,3
corps,3
soft,3
less,3
meditate,3
xphctoc,3
necessary,3
gro,3
gives,3
rjiaea,3
original,3
fundamentally,3
discussion,3
ecstasy,3
considering,3
giles,3
sixth,3
mysticism,3
approach,3
inflicted,3
strasti,3
take,3
weeps,3
flood,3
function,3
mind,3
painting,3
commands,3
displayed,3
story,3
consists,3
precious,3
eraa,3
crucial,3
five,3
observe,3
un,3
analysis,3
manhood,3
commemoration,3
subvert,3
joseph,3
sponge,3
cover,3
mentioned,3
proposes,3
loving,3
offers,3
nejiehamh,3
know,3
berkeley,3
mipa,3
mutually,3
paper,3
different,3
flowing,3
appendix,3
dans,3
printed,3
bor,3
particularly,3
expresses,3
avec,3
historical,3
elsewhere,3
evident,3
tenth,3
boys,3
middle,3
sweetest,3
presented,3
bray,3
through,3
became,3
activity,3
intended,3
friday,3
proceeds,3
examples,3
years,3
cossack,3
aware,3
trumbach,3
gentry,3
association,3
speak,3
reformation,3
ruth,3
needs,3
c,3
th,3
characters,3
entire,3
poème,2
ravishing,2
concerned,2
indicated,2
bloodied,2
óojitohb,2
truth,2
represent,2
top,2
everyone,2
perfection,2
feminization,2
intersect,2
per,2
group,2
complex,2
rjiaey,2
sexualities,2
bk,2
salvation,2
motivation,2
drinks,2
approaches,2
wolf,2
sweeter,2
character,2
necessarily,2
dies,2
title,2
gethsemane,2
liquids,2
chastity,2
carmen,2
unlock,2
said,2
notre,2
t,2
shedding,2
pharaoh,2
give,2
entangled,2
furrowed,2
meaning,2
beautiful,2
company,2
inflict,2
potentially,2
studied,2
found,2
godlessly,2
religion,2
menaion,2
last,2
shepherd,2
concepts,2
partners,2
hell,2
ymom,2
payne,2
lash,2
king,2
draws,2
saying,2
right,2
moero,2
icyc,2
leo,2
eroticizing,2
move,2
petersburg,2
betrothal,2
conception,2
apply,2
along,2
representing,2
seigneur,2
cbme,2
sa,2
sweet,2
collection,2
harmony,2
ecstatic,2
framework,2
bleeding,2
illia,2
madrid,2
reject,2
counterpoint,2
moh,2
assumes,2
silent,2
sp,2
consummated,2
spot,2
ybbi,2
exercise,2
distinct,2
david,2
honourable,2
intercourse,2
ithaca,2
drives,2
fourth,2
njianet,2
drawn,2
delivered,2
invites,2
shall,2
οττ,2
bepbom,2
ke,2
using,2
rejoice,2
failed,2
seventh,2
nazareth,2
interesting,2
avoids,2
riezanov,2
adorable,2
essential,2
theresa,2
macerated,2
focnoaa,2
main,2
humanation,2
angeles,2
mhjiocth,2
amfilokhii,2
titov,2
doctrine,2
filled,2
mean,2
suffer,2
fixated,2
heard,2
saints,2
appears,2
se,2
certain,2
studies,2
rhetoric,2
comme,2
influence,2
zja,2
shining,2
despise,2
circulated,2
poète,2
evil,2
thessalonica,2
proclaims,2
literary,2
byzantine,2
imitation,2
bruce,2
μλ,2
upper,2
tephh,2
always,2
couplet,2
κροβη,2
dominant,2
teph,2
strategy,2
drawing,2
sodomite,2
opening,2
expressed,2
uses,2
gregory,2
terrifying,2
betrayal,2
saslow,2
extraordinary,2
orifices,2
seven,2
lived,2
passionate,2
semen,2
softly,2
teaching,2
understood,2
cultural,2
durham,2
teacher,2
recently,2
bernini,2
cannot,2
fla,2
cepaue,2
perform,2
required,2
creates,2
near,2
randolph,2
receive,2
aspects,2
ctpactefi,2
basis,2
genre,2
los,2
carry,2
reader,2
orifice,2
proportions,2
plough,2
penetrating,2
experience,2
oropoaa,2
fornication,2
whole,2
sexually,2
unique,2
obscured,2
hm,2
contains,2
people,2
streams,2
communicant,2
knees,2
beads,2
call,2
bishop,2
cry,2
haven,2
employed,2
participate,2
honeycomb,2
deeply,2
refuse,2
someone,2
neck,2
legacy,2
cruel,2
useful,2
ropectb,2
ego,2
deity,2
siècle,2
level,2
rings,2
spear,2
multitude,2
discourse,2
rosary,2
dangerous,2
sake,2
cero,2
every,2
soil,2
imagines,2
members,2
shines,2
presence,2
andrei,2
research,2
torrent,2
usual,2
sexualized,2
core,2
visible,2
ta,2
proper,2
finds,2
sinless,2
piercing,2
therefore,2
ceremonial,2
positions,2
humanist,2
noble,2
mark,2
édification,2
comparative,2
comments,2
greed,2
mapih,2
prostration,2
birgitta,2
texte,2
voyeurism,2
about,2
spoken,2
criticism,2
libidinale,2
tbogh,2
reference,2
sonnets,2
under,2
fifth,2
historia,2
platonism,2
falls,2
complete,2
editions,2
saw,2
grape,2
performed,2
pierced,2
aristotle,2
postenlightenment,2
echo,2
innate,2
bcero,2
published,2
testimony,2
name,2
power,2
kh,2
strike,2
pointed,2
deserves,2
amour,2
missing,2
release,2
longer,2
iaroslavl,2
cojihue,2
abstract,2
gospodni,2
lacks,2
daily,2
larger,2
end,2
contemporary,2
identical,2
istoriia,2
serious,2
appeared,2
drinking,2
mâle,2
ground,2
tomb,2
model,2
manner,2
kho,2
il,2
coarse,2
orthodoxy,2
repeated,2
breast,2
chair,2
day,2
remained,2
wrapped,2
cbütyio,2
emanating,2
private,2
understanding,2
father,2
intimate,2
rendered,2
eighteenth,2
writings,2
enormous,2
clerical,2
identity,2
concern,2
swaddled,2
ignatius,2
use,2
virtually,2
began,2
prostitute,2
ideas,2
yourself,2
nothing,2
theoretical,2
yew,2
publication,2
express,2
soldiers,2
korocb,2
pride,2
poaca,2
goodness,2
features,2
sochinennye,2
distinction,2
reversals,2
cicero,2
puncturing,2
torturers,2
latter,2
imagination,2
shevchenko,2
state,2
include,2
nos,2
satisfy,2
k,2
passionis,2
sight,2
epistemology,2
hi,2
enemies,2
crucifixion,2
ctojin,2
astonishing,2
stick,2
brown,2
dealing,2
loyola,2
vie,2
marilyn,2
ploughs,2
adultery,2
grammar,2
queering,2
segments,2
sometimes,2
figure,2
usually,2
flowed,2
attitude,2
unbelievers,2
army,2
golgotha,2
nactbipa,2
wounding,2
hope,2
composed,2
kissed,2
foligno,2
montre,2
arts,2
cam,2
iconographie,2
kempis,2
μλγκο,2
thinking,2
hanging,2
garment,2
homosocial,2
version,2
luminous,2
preclude,2
constituted,2
harington,2
amicitia,2
strastnye,2
penetrates,2
ko,2
enters,2
over,2
intellectual,2
refused,2
τβολ,2
interrupted,2
eighth,2
pronouncement,2
speech,2
erupting,2
brothers,2
archpastor,2
placing,2
person,2
κ,2
namely,2
making,2
particular,2
cjiaaoctb,2
ganymede,2
saint,2
angela,2
shakespeare,2
pursued,2
dark,2
ecce,2
almost,2
listed,2
suggests,2
kpect,2
transgression,2
infant,2
des,2
bob,2
oath,2
preserved,2
attachments,2
ohio,2
scourged,2
die,2
subculture,2
tender,2
images,2
divided,2
writing,2
categorization,2
jan,2
contrasts,2
come,2
thirst,2
piety,2
until,2
devoutly,2
indescribable,2
eroticization,2
judges,2
canadian,2
speaking,2
enfleshing,2
seeks,2
ποητο,2
repeat,2
untouched,2
moved,2
imaginations,2
ninth,2
faithless,2
sinner,2
mope,2
given,2
ends,2
doing,2
ηβμ,1
chrétien,1
oóhjiia,1
difficult,1
horror,1
jiioa,1
meneft,1
ja,1
κτ,1
possessed,1
prière,1
transforming,1
bocnomhhahie,1
devotee,1
situate,1
metal,1
accomplish,1
teatr,1
fathers,1
mara,1
delugelike,1
ethics,1
ukrainska,1
emptiness,1
penances,1
onec,1
hurley,1
religions,1
stylistic,1
drag,1
responds,1
groups,1
dévotion,1
revue,1
cboio,1
runo,1
viiobafl,1
scholar,1
koniem,1
yrihbaüftcfl,1
wonder,1
personnel,1
extreme,1
pobratymstvo,1
elaborating,1
interventions,1
iavornts,1
trans,1
arheu,1
vypusk,1
despicable,1
iecbceob,1
alone,1
sola,1
mcgrath,1
fragmented,1
celebrate,1
starts,1
bocnomhhahîe,1
praises,1
beneath,1
mopaepubi,1
becoming,1
reminding,1
jxà,1
grammatically,1
perceive,1
touched,1
voluptueuse,1
bepbb,1
bruises,1
leningrad,1
tiani,1
copyist,1
heetphbim,1
lequel,1
cíhobhh,1
tend,1
insertion,1
dipping,1
coincides,1
songs,1
referring,1
formed,1
remind,1
schools,1
dart,1
orthodoxe,1
martyrdom,1
sower,1
apologia,1
muscovite,1
ctojiny,1
sophia,1
favor,1
conscious,1
expects,1
blameless,1
starovynnyi,1
wonderful,1
intellectuals,1
jio,1
continuity,1
unresponsive,1
supper,1
mootcaiue,1
zjpebjie,1
κροββ,1
eparkhii,1
tells,1
hho,1
uie,1
accent,1
âme,1
mykax,1
nohiiace,1
resides,1
nineteenth,1
ou,1
po,1
bethlehem,1
affirment,1
cbíraath,1
homoeros,1
hamero,1
prays,1
npehhctaro,1
amongst,1
otlja,1
maria,1
nude,1
practices,1
permitted,1
spit,1
par,1
arms,1
mjiata,1
stykhy,1
kpobh,1
har,1
maccloskey,1
bum,1
lower,1
incomplete,1
militis,1
cast,1
otcbiia,1
cyril,1
aside,1
explaining,1
stressed,1
beneficial,1
oravers,1
sources,1
titles,1
fast,1
npeaíoâodrbucmeo,1
handwriting,1
grapes,1
frankfurt,1
container,1
preceding,1
kpectomt,1
creation,1
noopajih,1
connection,1
bushkovitch,1
fifteenth,1
regulating,1
sad,1
interests,1
inconceivable,1
hamden,1
hellenic,1
fopkyio,1
eepea,1
obeying,1
implications,1
taken,1
military,1
ymhpaet,1
eoace,1
salvific,1
vols,1
sores,1
attempt,1
substances,1
darkness,1
refusal,1
sunday,1
actual,1
cejiteha,1
articulate,1
ymuahmucn,1
worked,1
undeniably,1
tolerated,1
hcmhjiocthbho,1
vilnius,1
dreams,1
seems,1
nature,1
lyyz,1
bloomington,1
historiography,1
heóechbih,1
immense,1
reach,1
knowing,1
copy,1
τβρη,1
tradition,1
souffrances,1
leading,1
down,1
advantage,1
broken,1
warm,1
governed,1
conceptualized,1
nphxhjihthcji,1
great,1
jefi,1
célèbrent,1
obha,1
thank,1
bojik,1
exhortation,1
cyma,1
bead,1
yôhhctba,1
spiritualia,1
blind,1
rich,1
prelude,1
clothe,1
fruits,1
orry,1
kcctokom,1
able,1
sometime,1
cnacehiü,1
hundred,1
footsteps,1
yaobt,1
composition,1
fe,1
heiko,1
idealization,1
swim,1
oroshennoe,1
naet,1
deemed,1
unto,1
introduces,1
creator,1
feature,1
called,1
utiliser,1
strength,1
tbepa,1
arimathea,1
chbotoaabua,1
rtjio,1
priest,1
exercises,1
kaxo,1
raised,1
njiojx,1
dispositional,1
principal,1
political,1
uapb,1
discipline,1
uepkbh,1
manipulate,1
techniques,1
hostile,1
return,1
γοηημη,1
stopped,1
npecjiaflkhh,1
papers,1
houiaiue,1
üpehhuh,1
trumpets,1
tboh,1
γοηλη,1
violé,1
takes,1
suspect,1
mortal,1
gazed,1
identifies,1
tie,1
anthropologists,1
gayness,1
faint,1
sexualité,1
cnaceme,1
ukrainien,1
u,1
firm,1
ctojui,1
draw,1
rests,1
passiones,1
unscourged,1
bkyuiath,1
unite,1
silently,1
egyptians,1
pagination,1
italian,1
felt,1
prior,1
cares,1
fitting,1
determined,1
delivers,1
sixteenth,1
forbidden,1
bozhii,1
npopacth,1
iloflo,1
ih,1
hungry,1
establishing,1
functions,1
deux,1
ropecriio,1
bibliography,1
eating,1
κροβίΐο,1
crowned,1
obvious,1
jihue,1
ki,1
occurring,1
heterosexuality,1
grieve,1
except,1
yorl,1
twelfth,1
incarné,1
classics,1
endnote,1
sent,1
cited,1
desirable,1
bottom,1
emissions,1
interior,1
tephob,1
flbahazjecíith,1
ceõe,1
sont,1
fiercely,1
eroxte,1
maio,1
mojihtbehhoe,1
engage,1
monastic,1
forme,1
oblivion,1
ejiaroaapctbehhoe,1
thinkers,1
sign,1
noeepraio,1
attract,1
gnaanahiiihh,1
corresponding,1
òjiarocjiobjifliomyk,1
karen,1
méditation,1
exist,1
maniacal,1
iecteob,1
exercitia,1
ty,1
rjiaca,1
intertwines,1
chapters,1
virginity,1
spurts,1
oberman,1
prague,1
heót,1
hhhto,1
terea,1
review,1
bepxy,1
leigh,1
laelius,1
btctb,1
vituperation,1
fils,1
progression,1
dying,1
octabhjih,1
mine,1
difficulties,1
immediate,1
depicts,1
dynamics,1
consideration,1
quality,1
rhyming,1
run,1
professor,1
nphbjreáhhlih,1
arrested,1
objective,1
viv,1
koho,1
xphcty,1
haiue,1
dimitrij,1
unpublished,1
g,1
dei,1
philosophical,1
intact,1
humanists,1
entwines,1
faisait,1
interest,1
domain,1
chhoctíio,1
xjltó,1
ability,1
deliberation,1
nostra,1
ttjieca,1
cepaije,1
οποκη,1
kpachbih,1
te,1
santa,1
ycta,1
envy,1
hcot,1
nas,1
ravish,1
worn,1
nurtured,1
living,1
convention,1
reproduced,1
pay,1
cruising,1
yzjapob,1
rooted,1
williams,1
cjiazjoctb,1
mild,1
jiioahha,1
hitherto,1
z,1
taste,1
moment,1
ctpactcm,1
candidates,1
cases,1
inserted,1
nor,1
items,1
old,1
teõt,1
places,1
shifty,1
crosses,1
raises,1
depend,1
concerning,1
profound,1
back,1
subjects,1
bloody,1
structural,1
shaft,1
serving,1
jlhua,1
modernité,1
monk,1
beholding,1
meditates,1
difficulty,1
inclusion,1
recalls,1
compared,1
honour,1
tbohmt,1
consulted,1
enlightened,1
marlowe,1
brynskoi,1
decarnify,1
overwhelmed,1
died,1
õojitehb,1
momentary,1
coinciding,1
swords,1
strikes,1
essays,1
pours,1
performative,1
preserving,1
constructs,1
dear,1
obessed,1
demonstration,1
rjiac,1
traditions,1
bte,1
atjio,1
ctpacthbimh,1
streaming,1
oration,1
talent,1
cemy,1
sodomy,1
caahbim,1
fierce,1
master,1
mitb,1
error,1
cyujh,1
blessing,1
ripecb,1
site,1
dish,1
civilization,1
cynosure,1
genital,1
hypothèses,1
via,1
profoundly,1
chiasma,1
recognized,1
kissing,1
likeness,1
forbidding,1
exclaiming,1
rviachiii,1
subjected,1
ba,1
links,1
bring,1
meditating,1
jocth,1
generations,1
developed,1
okpbibaeui,1
excerpts,1
abundance,1
sort,1
compris,1
mercifully,1
nactbh,1
nojikom,1
longest,1
cohort,1
notion,1
lindhardt,1
players,1
affective,1
progresses,1
noa,1
killing,1
requisite,1
granted,1
risk,1
njioaa,1
narechii,1
resume,1
connected,1
kiss,1
nipples,1
harmonieusement,1
entre,1
brett,1
kjnonamh,1
direct,1
parts,1
sexualization,1
cahhu,1
doubted,1
placent,1
possess,1
gratefully,1
tree,1
beaten,1
black,1
mezia,1
lay,1
monologues,1
feel,1
sublime,1
overlooked,1
dismiss,1
hama,1
moreover,1
reappears,1
addressing,1
expired,1
replete,1
support,1
reason,1
lives,1
voluntarily,1
albert,1
posthumously,1
traveled,1
monumental,1
etca,1
affect,1
ukrainienne,1
ziajih,1
wanted,1
praise,1
university,1
consider,1
possibly,1
harh,1
xxxviii,1
organization,1
ttm,1
established,1
physically,1
nojioäatcji,1
familiar,1
retained,1
descent,1
quote,1
piously,1
intertwined,1
floctoü,1
iscariot,1
boon,1
presumably,1
greenberg,1
liberal,1
focnoflhhy,1
columbus,1
monde,1
offertes,1
icpovrfc,1
spirit,1
n,1
record,1
lances,1
sensibly,1
articulated,1
desirability,1
hierarchically,1
pontius,1
instrument,1
bredbeck,1
ukrainain,1
icpoee,1
facsimile,1
ttjieche,1
kako,1
solid,1
cbüto,1
advancing,1
orientation,1
companions,1
milan,1
chm,1
baiiih,1
ymmjumca,1
subjectivizations,1
npectoji,1
omohhcfl,1
shorter,1
ßbahcweciit,1
flights,1
surface,1
follow,1
stephanie,1
ajie,1
kpecta,1
mylyi,1
pendentis,1
willard,1
requires,1
asks,1
jiioôob,1
attendants,1
pilate,1
ikos,1
enucn,1
tpekjiütaro,1
mo,1
tu,1
urging,1
calgary,1
canadienne,1
pity,1
théologique,1
admiration,1
italics,1
view,1
categorical,1
ear,1
qui,1
bjiachoio,1
artistic,1
epilogue,1
whereas,1
greater,1
charnelle,1
nphkphth,1
remembered,1
reprinted,1
acceptable,1
identifying,1
uõnym,1
adore,1
walk,1
judean,1
chris,1
cjibima,1
six,1
hanoehhbift,1
anthropomorphique,1
skim,1
flohhtafl,1
entered,1
cjiobamh,1
focnozja,1
victim,1
rjiabbi,1
ποτοκομ,1
joy,1
tekymifi,1
ό,1
amsterdam,1
physicians,1
centers,1
objectives,1
changed,1
bory,1
biuketcfl,1
reply,1
legion,1
rebirth,1
pass,1
pam,1
compassion,1
oh,1
invaded,1
basset,1
halperin,1
eat,1
preacher,1
emotionally,1
grammarian,1
featured,1
mitropolitom,1
ectb,1
unthinkable,1
term,1
npeaaembih,1
ezihht,1
tbepabifi,1
moyen,1
bojikom,1
hh,1
kynho,1
ποτοπη,1
onto,1
grandaughter,1
affirms,1
bflara,1
enuücn,1
theologia,1
olin,1
bore,1
treat,1
connotations,1
prohibit,1
viewed,1
milton,1
symbols,1
sentence,1
thirsting,1
notes,1
biflhyeab,1
deliberations,1
garments,1
ioao,1
appearing,1
emanation,1
personnelles,1
spirituallife,1
bepea,1
faire,1
icpecrao,1
refuge,1
explain,1
perish,1
instrumental,1
lachance,1
taught,1
pentecost,1
vomit,1
practise,1
public,1
ciaet,1
temptations,1
performers,1
cornucopia,1
masculinity,1
sequential,1
alludes,1
mvitb,1
palpable,1
feminine,1
well,1
mojinajihb,1
sites,1
nailing,1
lost,1
throne,1
sincerely,1
fleece,1
konïemt,1
physionomies,1
oõarpehha,1
πρίηαη,1
cjiyxy,1
trial,1
pronounce,1
sprouts,1
possibilités,1
öarpeh,1
bystanders,1
coarseness,1
brine,1
properties,1
imprisoned,1
hctohhji,1
hughey,1
listening,1
andrij,1
rostovskogo,1
icycobo,1
emphasis,1
betrayed,1
canticle,1
npemhctomy,1
concept,1
cjiyiua,1
base,1
extravagantly,1
stir,1
cota,1
knowledge,1
fires,1
related,1
pulls,1
ytoíiaiot,1
mto,1
thoughts,1
ceathtejibctby,1
shkil,1
cokpyuiehho,1
reminded,1
signed,1
pylypiuk,1
flagellation,1
nu,1
padyüch,1
cboemy,1
sorrow,1
q,1
describe,1
cicojib,1
couched,1
inherited,1
ctoht,1
accidental,1
records,1
incest,1
keep,1
tboefi,1
versus,1
rpiuiharo,1
yioaet,1
macon,1
doors,1
petersson,1
versatile,1
υβμ,1
reiterate,1
psychologist,1
barok,1
systematic,1
couple,1
conference,1
confession,1
stanford,1
practicer,1
smallest,1
desexualization,1
swore,1
ethnicity,1
óarpahhuy,1
diistva,1
hctonaeui,1
sensuous,1
ijb,1
passione,1
nphhhctaro,1
tolerance,1
manifestation,1
cro,1
violated,1
kykh,1
stones,1
hcnoßtctb,1
begines,1
irtjia,1
suffused,1
discerpta,1
yacachbih,1
preceded,1
sinfulness,1
tone,1
occasion,1
poacfc,1
running,1
tolerant,1
consciente,1
tudor,1
normally,1
sense,1
element,1
raskolnycheskoi,1
okpoeabjiehho,1
field,1
breaking,1
iakov,1
exprimé,1
aroused,1
tom,1
anomaly,1
revolution,1
josé,1
cymifi,1
ecb,1
theater,1
croyant,1
exclude,1
atmosphere,1
κτο,1
amidst,1
episkopom,1
dwell,1
calling,1
vremia,1
croate,1
shapes,1
june,1
feelings,1
devotees,1
opyaih,1
grow,1
executed,1
brought,1
aomy,1
poètes,1
cexxiaa,1
codes,1
kojitha,1
μηέ,1
jiioóhth,1
philip,1
mojihtba,1
fashions,1
secretions,1
condemned,1
crux,1
fonctionne,1
taras,1
productivity,1
wife,1
discusses,1
pa,1
inverted,1
submitting,1
nift,1
despite,1
plausible,1
cefi,1
teo,1
value,1
galen,1
grateful,1
provided,1
sillabicheskaia,1
inform,1
rest,1
massive,1
avoid,1
pope,1
hanpacha,1
bee,1
baiuea,1
ecr,1
survived,1
cite,1
mitropolita,1
spirituality,1
eternal,1
f,1
herein,1
tenet,1
longing,1
lenin,1
stepney,1
san,1
verb,1
io,1
condemnation,1
binds,1
nonetheless,1
series,1
rome,1
entitled,1
kojih,1
requirement,1
letters,1
mmmoxozmmih,1
bandolini,1
orme,1
βηηβμ,1
xphctobmm,1
magnum,1
indicative,1
giving,1
spectacle,1
wrote,1
πρητεκτ,1
ποτβμηϋετ,1
service,1
sous,1
arheij,1
norhóhyt,1
play,1
hhiry,1
repentant,1
forward,1
btiuaet,1
prevailing,1
arino,1
hepmho,1
etc,1
rjiyóoko,1
whatever,1
bkyiuaeiu,1
sect,1
still,1
conferred,1
says,1
make,1
opet,1
woods,1
jiiotum,1
standing,1
torso,1
óhcepom,1
sinful,1
similarly,1
cjiaflkhh,1
judaic,1
sensation,1
aoeraem,1
erotique,1
theologians,1
jik,1
confronting,1
chronicle,1
thinker,1
foot,1
cboôoflharo,1
giovanna,1
museum,1
hauiy,1
colleges,1
yacacha,1
cricified,1
rapport,1
pp,1
read,1
builds,1
serve,1
exactly,1
soon,1
counterparts,1
raison,1
wearing,1
clergy,1
seeing,1
receptacle,1
performer,1
babe,1
perspiration,1
challenged,1
ne,1
npemhorax,1
differentiate,1
dominates,1
ancient,1
vjbbh,1
npouettaet,1
κρυτη,1
thirsts,1
mystiques,1
loaefickhm,1
clothing,1
perses,1
bind,1
delight,1
culture,1
keeping,1
ro,1
akathistos,1
vespers,1
literally,1
hochbbih,1
lament,1
switch,1
pykh,1
largest,1
narratives,1
rape,1
cbinajia,1
preeminent,1
challenges,1
gay,1
hunger,1
celui,1
begins,1
puhl,1
friend,1
tokh,1
cy,1
foucault,1
affections,1
kpobo,1
fill,1
τη,1
posseses,1
gentleman,1
vulnera,1
diary,1
endured,1
schismatic,1
visitor,1
baacetcfl,1
btheu,1
conclut,1
fleshly,1
cepzjijh,1
rung,1
hwcmace,1
challenge,1
dichotomies,1
slovnyk,1
mentions,1
patron,1
noopajia,1
purely,1
admirable,1
spend,1
polemic,1
punish,1
approaching,1
enchiridion,1
nopmoum,1
prayed,1
bephramh,1
intellect,1
addition,1
towards,1
vikariem,1
financial,1
destroy,1
emotions,1
erasmus,1
ernst,1
moacaiiie,1
réciproques,1
artists,1
extols,1
slavists,1
hearing,1
lack,1
oena,1
hcmmjiocthbho,1
cjiazrhahuim,1
sing,1
bcfe,1
astonishment,1
find,1
fundamental,1
blur,1
outrance,1
bedchamber,1
slavistiche,1
unclothable,1
fleeing,1
ocd,1
kpoß,1
centered,1
unidentified,1
honouring,1
cpezj,1
ciiiet,1
pacnauia,1
herrick,1
slavistes,1
choice,1
χολητη,1
pouch,1
layer,1
oneself,1
classical,1
murphy,1
ybu,1
hear,1
grows,1
harmoniously,1
prescriptively,1
connue,1
doubt,1
rassuzhdenie,1
charges,1
boäiü,1
ejitohbie,1
ricerche,1
implores,1
discussed,1
nohhji,1
cnachtejiji,1
powerless,1
viri,1
shelf,1
brotherhood,1
gluttony,1
outside,1
took,1
eparn,1
tsyklu,1
npomucjn,1
dominion,1
riectphiu,1
otroky,1
available,1
posit,1
handed,1
covered,1
erotically,1
winepress,1
lifegiving,1
juotthiuaro,1
banned,1
devoted,1
continuing,1
equate,1
loves,1
lyrique,1
rjiaaom,1
ch,1
bcenja,1
portrayal,1
michael,1
answer,1
tell,1
bceft,1
ijepkob,1
confrontation,1
cjiazjocth,1
containers,1
conviction,1
maturity,1
tpoctb,1
cyrillic,1
disparity,1
eepxou,1
deep,1
mystics,1
erbme,1
louvain,1
mbicjiehhbih,1
frightening,1
invitation,1
chet,1
real,1
angelic,1
tak,1
stylistically,1
purple,1
arises,1
ójiebothhoio,1
plunges,1
number,1
going,1
argument,1
alarmed,1
μηογη,1
grasps,1
lists,1
bibliographic,1
reminds,1
fc,1
cpea,1
psicologia,1
demonstrated,1
kretzmann,1
rostovskii,1
entirety,1
marriageable,1
kto,1
pitched,1
panych,1
crucify,1
ignored,1
situated,1
finish,1
encounter,1
theirs,1
sensory,1
fetish,1
link,1
sviatitelia,1
indiana,1
invested,1
yuoaumuch,1
meß,1
staging,1
reversed,1
opus,1
preachers,1
proscribed,1
conspirators,1
churchmen,1
wretched,1
servant,1
bora,1
citations,1
dicken,1
alas,1
conceivable,1
walton,1
previously,1
bameviy,1
lips,1
hcnojihhcfl,1
dazzling,1
herself,1
worship,1
louis,1
attributed,1
nph,1
empirical,1
waste,1
expression,1
zaporiz,1
affection,1
amfilokhiem,1
operated,1
assumption,1
xphctobbixi,1
francis,1
sequence,1
engulfed,1
permeates,1
bitter,1
aaiot,1
hto,1
bphbix,1
hija,1
kingdom,1
engaged,1
mhph,1
individuals,1
supposition,1
xphctobo,1
examination,1
unmarried,1
check,1
cbjreajih,1
cct,1
sees,1
npehhcta,1
office,1
kzjy,1
dismissed,1
california,1
joie,1
chelovitsï,1
nevertheless,1
epic,1
célèbre,1
involves,1
versions,1
ties,1
hangs,1
worshippers,1
lusty,1
significance,1
dl,1
edification,1
substitutes,1
clear,1
tis,1
mynhtejiem,1
flyiuy,1
nepbjiehha,1
authors,1
michel,1
language,1
xx,1
bi,1
τβκγτ,1
desexualize,1
eorombicjiehhoe,1
cnaaoctb,1
essay,1
logic,1
amounts,1
co,1
excites,1
jy,1
held,1
gestures,1
individual,1
crpactem,1
allowed,1
derived,1
poac,1
worships,1
vida,1
eozopoòuu,1
depiction,1
played,1
division,1
collected,1
synthese,1
worldly,1
lie,1
nane,1
anyone,1
kíhky,1
tasting,1
ukrainskom,1
misunderstanding,1
βπηηοη,1
cboero,1
standard,1
pupil,1
haidamaky,1
provides,1
segment,1
lose,1
trueman,1
mvkh,1
short,1
yjbbjiaet,1
proclaim,1
accused,1
decide,1
cup,1
nationality,1
sodometries,1
thematics,1
chapel,1
obharb,1
glenn,1
editors,1
relation,1
declare,1
impersonal,1
excess,1
overcome,1
respectively,1
danger,1
respond,1
celibate,1
effect,1
litopys,1
teach,1
eorohocharo,1
james,1
ί,1
extravagance,1
offensive,1
capabilities,1
rhetorical,1
cocua,1
arhija,1
savait,1
dominance,1
ate,1
hornjatkevyc,1
furrows,1
dreamt,1
grain,1
anger,1
occupied,1
notpeóy,1
apeeecam,1
mystetstva,1
nhiiry,1
physicality,1
constituent,1
persuading,1
bcbm,1
cold,1
radiant,1
conjoin,1
ynehia,1
greek,1
homoerotique,1
ycepaho,1
cbmo,1
negative,1
widely,1
species,1
ravaged,1
njianeiiih,1
netbipe,1
okpoeabjiehha,1
stands,1
pequigney,1
loflbi,1
rarity,1
cnachtejia,1
chyzhevs,1
norpeóeme,1
rizdvianoho,1
début,1
incyca,1
things,1
asking,1
flock,1
pyirfc,1
ποηοκ,1
jiiote,1
lo,1
ποτομ,1
tephoearo,1
sword,1
assisting,1
ctpaßamh,1
note,1
thoughtful,1
permeability,1
humanité,1
moph,1
wisdom,1
creature,1
ympy,1
continued,1
suckling,1
movements,1
mu,1
ckopo,1
mip,1
husband,1
fn,1
naturally,1
onjieeaiot,1
foster,1
cantatas,1
spouse,1
reasonable,1
cjiaflnahiiiih,1
celebration,1
cn,1
lines,1
espousal,1
nourishing,1
lies,1
blueness,1
contrast,1
bonds,1
pys,1
entombment,1
adored,1
directing,1
érotisation,1
modified,1
tepmh,1
transformed,1
outline,1
cyaefi,1
tboe,1
penetrability,1
effectively,1
nakedness,1
contribution,1
tower,1
remaining,1
erzja,1
juanist,1
paradoxical,1
deals,1
cejiahie,1
cognitive,1
thérèse,1
linking,1
owed,1
introductory,1
accusation,1
phrase,1
unusual,1
touchstone,1
capacité,1
construction,1
λ,1
existed,1
fall,1
disrobed,1
cmepty,1
surprising,1
ilpiemiiih,1
ι,1
ejifeha,1
endure,1
τω,1
types,1
canonical,1
exists,1
βάκζίοά,1
erupts,1
problematic,1
eugene,1
sound,1
occupies,1
hebtphbixt,1
susan,1
hory,1
extensions,1
seat,1
attachment,1
meant,1
njiobymhmh,1
xphctobum,1
cnjianjihby,1
troparion,1
echoes,1
brynian,1
operates,1
prayerful,1
jmie,1
marshal,1
gct,1
anthropomorphic,1
exchanged,1
présentent,1
suggestions,1
contained,1
écrivains,1
practised,1
encomium,1
associated,1
beast,1
terrible,1
belarusan,1
castle,1
occasions,1
comes,1
accomplishes,1
arrest,1
complexity,1
dimitriem,1
uglichskim,1
founded,1
cbjito,1
curtius,1
rituals,1
demonstrate,1
instructed,1
devout,1
punctures,1
ever,1
satisfying,1
qu,1
reinforced,1
obrazi,1
bepeamh,1
extension,1
symbolic,1
mjiaaeheub,1
creasy,1
xphcry,1
weeping,1
noóifi,1
metbipex,1
distract,1
ostensive,1
chorus,1
rjiarojiom,1
oaydnuuß,1
disapproval,1
extinguishes,1
chtfleh,1
md,1
cü,1
potency,1
voyeurs,1
russkaia,1
pt,1
ame,1
sweden,1
uapem,1
command,1
ciio,1
heóeceho,1
pauses,1
cipactext,1
alistair,1
drowned,1
ni,1
dimension,1
quench,1
podobii,1
hecthoft,1
partner,1
control,1
siggins,1
sprituality,1
moe,1
fault,1
cornaro,1
gahhom,1
hem,1
portal,1
tongue,1
reversal,1
njiofla,1
steven,1
erotics,1
unir,1
accustomed,1
paß,1
ungrateful,1
spilled,1
hauia,1
npezrbhzjtmo,1
cjia,1
hnea,1
βοοπρϊήτη,1
deposited,1
genus,1
thy,1
loyalty,1
post,1
foundation,1
jechhuy,1
eroxe,1
ca,1
defeat,1
privileged,1
antiquity,1
edible,1
taem,1
otuy,1
heb,1
okajihhoe,1
shakespear,1
nailed,1
poveda,1
npecbfltaro,1
masterpiece,1
réciproque,1
quoted,1
bohhcica,1
friends,1
exited,1
hospodni,1
practises,1
jxo,1
approached,1
respect,1
où,1
scholarship,1
believed,1
bilingual,1
beginning,1
hardness,1
confess,1
knows,1
william,1
born,1
automatically,1
namuaocmueno,1
propovedi,1
kozakiv,1
vehkii,1
eeahrejickom,1
poses,1
selected,1
list,1
turov,1
apaacaifluih,1
aito,1
monastery,1
westminster,1
libido,1
house,1
commencée,1
arousing,1
cbma,1
ctojib,1
platonic,1
firmly,1
writes,1
theory,1
problem,1
unfold,1
loved,1
dream,1
supplemented,1
bem,1
ctpactex,1
awoke,1
appetite,1
differs,1
uglich,1
norman,1
μηγκο,1
kpob,1
produce,1
pacnataro,1
rocnoahhy,1
tjiaro,1
richness,1
pu,1
praying,1
porh,1
photocopy,1
rjiauiaiot,1
popular,1
bennet,1
identify,1
gratitude,1
molodyi,1
xpnctoc,1
remember,1
intention,1
recognizing,1
trees,1
lambs,1
drowns,1
paradise,1
hiiihm,1
pain,1
homilies,1
little,1
conclude,1
rhymaflch,1
hyma,1
city,1
altogether,1
content,1
beer,1
athens,1
kpbibabbim,1
unleash,1
carves,1
nazie,1
rendering,1
song,1
step,1
oaeacaoio,1
everywhere,1
happens,1
opyzùa,1
invited,1
cjibiuiauie,1
cuh,1
natalia,1
dimitriia,1
kingston,1
queerness,1
partake,1
appointed,1
prohibits,1
relying,1
mention,1
allows,1
au,1
fine,1
gain,1
savva,1
aspect,1
haiiiero,1
think,1
naiwb,1
epithets,1
unexplored,1
coctpaacaaa,1
npoõodouta,1
mennyky,1
survive,1
burger,1
rrbeo,1
continues,1
apxhnactbipk,1
hallet,1
hierarch,1
cepue,1
bedewed,1
apxhnactbipckla,1
bohhcka,1
cbinahha,1
chained,1
locations,1
fi,1
crucible,1
editor,1
reveals,1
cambridge,1
sever,1
ukrainskyi,1
sensibilities,1
copies,1
eunuch,1
twentieth,1
xjitó,1
expressions,1
opens,1
jhecb,1
write,1
submits,1
grant,1
beyond,1
iconic,1
dipped,1
accept,1
imperative,1
completed,1
activités,1
wears,1
ctpaiiiha,1
indolence,1
enlightenment,1
salt,1
paçoca,1
socially,1
ottojib,1
iaroslavskoi,1
tudtalo,1
κροβίκ,1
moace,1
weep,1
hhctoh,1
smaller,1
avert,1
writer,1
aristotelian,1
involving,1
dress,1
konie,1
effects,1
marveling,1
secreting,1
ornament,1
leiden,1
apaoha,1
postrenaissance,1
unauthorized,1
presenting,1
corrections,1
transcending,1
permeable,1
cjiijiiiht,1
lithuania,1
jihija,1
moemy,1
mae,1
requesting,1
enamoured,1
doubtless,1
cyaa,1
flooding,1
affliction,1
ύά,1
specific,1
endeavors,1
thief,1
potential,1
humours,1
removed,1
taking,1
abstinence,1
clarify,1
rptxh,1
softness,1
themselves,1
dependant,1
mystery,1
endnotes,1
russia,1
inasmuch,1
corporealized,1
wicked,1
sits,1
luptalo,1
pool,1
blushes,1
nobhhyjicfl,1
fears,1
cyzja,1
substantial,1
stream,1
preosviashchennym,1
kpatkoe,1
eloquently,1
ίά,1
tomakh,1
ôaazoeóuhbiu,1
letopisec,1
focus,1
literaturnyi,1
cblhobckh,1
minds,1
counts,1
strong,1
wickedness,1
abahaziecflt,1
recent,1
rozysk,1
resist,1
njiam,1
condescend,1
virtue,1
alternative,1
asked,1
libertine,1
mock,1
couplets,1
roles,1
shame,1
winnipeg,1
boswell,1
tephih,1
liturgical,1
constitution,1
polysémie,1
impotent,1
hypothesis,1
