WORDCOUNTS,WEIGHT
the,733
of,426
and,294
in,286
a,262
is,253
to,249
s,167
that,158
as,147
thais,116
phaedria,115
for,112
his,102
love,102
with,89
it,86
he,79
by,79
or,72
which,72
not,67
eunuch,65
has,61
chaerea,61
terence,58
on,58
her,57
note,51
above,50
an,50
pamphila,50
but,49
i,48
have,48
may,45
between,44
she,43
be,43
at,41
this,40
parmeno,38
thraso,38
from,37
soldier,35
we,35
see,35
was,33
are,31
who,29
comedy,28
passion,27
also,27
will,26
been,26
when,25
menander,25
courtesan,25
one,23
such,22
no,22
play,21
you,21
if,20
had,20
what,20
gnatho,19
roman,19
there,18
here,18
role,18
all,17
himself,17
than,17
me,17
rival,17
does,16
gifts,16
since,16
rather,16
david,16
him,16
greek,16
chremes,15
konstan,15
cf,15
marriage,15
n,15
house,15
however,15
two,15
only,15
new,15
into,14
ludwig,14
own,14
more,14
so,14
case,13
how,13
status,13
they,12
sincerity,12
their,12
plot,12
scene,12
another,12
can,12
both,12
now,11
way,11
citizen,11
act,11
because,11
buchner,11
its,11
double,11
where,11
perhaps,11
like,11
conclusion,11
while,11
later,10
girl,10
some,10
against,10
m,10
out,10
good,10
up,10
terenz,10
eunuchus,10
relation,10
plautus,10
very,10
true,9
character,9
first,9
feeling,9
might,9
relations,9
kind,9
would,9
after,9
though,9
personal,9
sense,9
same,9
rape,9
do,9
original,9
structure,9
catullus,9
then,9
certainly,8
action,8
j,8
lover,8
interest,8
brother,8
even,8
romantic,8
whom,8
could,8
example,8
about,8
once,8
these,8
end,8
free,8
father,8
maid,8
different,8
believe,8
whether,8
terms,8
e,7
t,7
other,7
de,7
turn,7
steidle,7
whose,7
patron,7
latin,7
my,7
called,7
appears,7
well,7
genre,7
part,7
stage,7
quite,7
und,7
rome,7
idea,7
woman,7
upon,7
function,7
figure,7
comic,7
must,7
over,7
final,6
word,6
before,6
mind,6
precisely,6
takes,6
far,6
slave,6
young,6
erotic,6
without,6
form,6
too,6
w,6
scenes,6
term,6
tension,6
having,6
work,6
pepe,6
phrase,6
proper,6
value,6
am,6
f,6
says,6
again,6
sees,6
least,6
lovers,6
drexler,6
reason,6
seen,6
analysis,6
any,6
rivalry,6
just,6
them,6
terentian,6
des,6
evidence,6
puts,6
much,6
roles,6
meaning,5
pythias,5
studies,5
cit,5
tradition,5
possible,5
point,5
g,5
moment,5
nor,5
l,5
developed,5
notion,5
goes,5
parasite,5
understand,5
p,5
cannot,5
heart,5
explains,5
whole,5
solution,5
eun,5
dramatic,5
sincere,5
under,5
animus,5
social,5
toward,5
fact,5
plan,5
zagagi,5
pattern,5
subjectivity,5
expression,5
were,5
moral,5
earlier,5
elegists,5
claims,5
seem,5
did,5
better,5
day,5
want,5
problem,5
necessity,5
recognition,5
through,5
our,5
argument,5
motives,5
c,5
say,5
common,4
complex,4
motive,4
harsh,4
source,4
said,4
else,4
connection,4
flury,4
seems,4
nature,4
narrative,4
monologue,4
mutual,4
formula,4
behavior,4
cicero,4
beginning,4
shall,4
b,4
image,4
most,4
back,4
view,4
friends,4
opening,4
found,4
further,4
bianco,4
story,4
suggest,4
amor,4
wife,4
notes,4
second,4
power,4
matter,4
drama,4
brief,4
exception,4
object,4
still,4
competition,4
yet,4
makes,4
read,4
eros,4
ed,4
already,4
name,4
business,4
propertius,4
scholars,4
time,4
classical,4
man,4
discussion,4
herself,4
identity,4
elegy,4
exchange,4
greece,4
fraenkel,4
division,4
verses,4
plays,4
order,4
often,4
prologue,4
share,4
simply,4
feelings,4
know,4
control,4
expresses,4
making,4
theory,4
loved,4
finale,4
die,4
question,4
commercial,4
cambridge,4
course,4
off,4
comedies,4
client,4
characters,4
among,4
difficult,3
complaint,3
responds,3
submission,3
sympathetic,3
h,3
situation,3
favor,3
conscious,3
position,3
history,3
paper,3
women,3
vocabulary,3
anything,3
long,3
words,3
down,3
scheme,3
previous,3
take,3
loves,3
hands,3
last,3
written,3
raised,3
ambiguous,3
replies,3
side,3
constraint,3
right,3
custom,3
move,3
dyscolus,3
jachmann,3
exposed,3
thus,3
inner,3
meretrix,3
jealous,3
old,3
keep,3
body,3
ithaca,3
mistress,3
semantic,3
acknowledge,3
master,3
opposed,3
hopes,3
conceptions,3
parents,3
certain,3
leave,3
dialogue,3
means,3
greeks,3
presumably,3
days,3
exploited,3
hetaira,3
asks,3
suggested,3
arrival,3
ambiguity,3
reply,3
idem,3
intensity,3
gilmartin,3
profit,3
opposition,3
affair,3
romans,3
beneficium,3
characterization,3
call,3
observed,3
miss,3
komodie,3
change,3
below,3
festive,3
acts,3
enjoy,3
society,3
critical,3
critics,3
amatory,3
happy,3
constraints,3
allen,3
greed,3
parker,3
single,3
loc,3
frank,3
oxford,3
interpretation,3
romische,3
paradox,3
antipho,3
ancient,3
praesens,3
subjective,3
subplot,3
technique,3
put,3
many,3
essence,3
absens,3
behind,3
paris,3
present,3
less,3
necessary,3
material,3
gives,3
truculentus,3
outburst,3
acknowledgment,3
made,3
sober,3
slaves,3
recover,3
concern,3
affection,3
greimas,3
full,3
nevertheless,3
open,3
language,3
serves,3
distinction,3
offense,3
latter,3
faith,3
exactly,3
excluded,3
institution,3
scio,3
depth,3
consent,3
practical,3
lines,3
heidelberg,3
citizens,3
itself,3
terenzio,3
grounded,3
rarely,3
following,3
version,3
theme,3
worth,3
enemy,3
associations,3
type,3
according,3
implicit,3
add,3
shakespeare,3
require,3
almost,3
don,3
suggests,3
truc,3
denouement,3
intention,3
presented,3
entrance,3
despite,3
easy,3
subject,3
cash,3
gain,3
youth,3
difference,3
marry,3
functions,3
counsels,3
animo,3
submits,3
remains,3
association,3
speak,3
menandrian,3
entire,3
little,3
re,3
conventions,3
should,3
conception,3
cw,2
inward,2
done,2
customer,2
child,2
alley,2
enter,2
truth,2
scruple,2
therefore,2
introduction,2
bei,2
closure,2
sander,2
persuades,2
di,2
contend,2
jonathan,2
athenian,2
modern,2
wolf,2
spirit,2
demand,2
fixed,2
necessarily,2
originality,2
title,2
avarice,2
guise,2
arguing,2
hearts,2
intentions,2
liebe,2
being,2
incomplete,2
elation,2
derives,2
hire,2
yours,2
departure,2
advantage,2
desire,2
remark,2
confusion,2
emotion,2
published,2
reveal,2
composition,2
help,2
those,2
everyone,2
within,2
returns,2
iii,2
amorous,2
sale,2
nn,2
anagnorisis,2
zur,2
restoring,2
opened,2
strand,2
establishing,2
alter,2
lyric,2
resources,2
sullivan,2
fragment,2
donatus,2
haynes,2
nurse,2
human,2
throughout,2
theophrastus,2
reverse,2
ethical,2
whore,2
interior,2
demanded,2
accepts,2
eduard,2
characteristic,2
giving,2
decided,2
occurs,2
price,2
ut,2
liaison,2
convention,2
inversion,2
admitted,2
taste,2
dismisses,2
difficulty,2
plautine,2
recalls,2
arranged,2
third,2
compare,2
drawn,2
look,2
sister,2
general,2
interpolation,2
betrays,2
wishes,2
century,2
dilemma,2
superficial,2
adds,2
compatible,2
possession,2
presentation,2
ngg,2
bond,2
represented,2
ex,2
thing,2
importance,2
plots,2
herodotus,2
enacted,2
pp,2
consequences,2
university,2
maiden,2
incerta,2
familiar,2
assent,2
clearly,2
wins,2
elsewhere,2
frequently,2
lesbia,2
latomus,2
surface,2
requires,2
terminology,2
permanent,2
use,2
appear,2
based,2
acceptable,2
appearance,2
transient,2
rule,2
access,2
archibald,2
amsterdam,2
demands,2
events,2
near,2
base,2
equally,2
irony,2
understood,2
let,2
persons,2
sport,2
refuge,2
possibility,2
briefly,2
conceit,2
aspects,2
r,2
line,2
courtesans,2
revealed,2
contexts,2
episode,2
brought,2
london,2
purpose,2
knowledge,2
genuine,2
remarks,2
place,2
mercenary,2
woldemar,2
device,2
et,2
completes,2
believes,2
oblige,2
minds,2
contradictions,2
segal,2
encounters,2
aethiopian,2
violated,2
subtle,2
normally,2
caused,2
describing,2
level,2
contrast,2
emphasizes,2
family,2
several,2
liebeselegie,2
summons,2
startling,2
philip,2
always,2
coordinate,2
dependent,2
equation,2
community,2
cj,2
appropriate,2
waiting,2
philologus,2
saturnalian,2
raped,2
arrangement,2
absence,2
indeed,2
enables,2
return,2
transition,2
forward,2
uber,2
intervention,2
make,2
standing,2
indignation,2
movement,2
contra,2
simultaneous,2
fair,2
complication,2
thought,2
soon,2
sex,2
inspiration,2
philodemus,2
us,2
neither,2
complete,2
abandon,2
generally,2
alien,2
begins,2
mention,2
bradbrook,2
mentions,2
sandbach,2
varies,2
leading,2
match,2
husband,2
exclusion,2
inconsistency,2
really,2
walther,2
personality,2
resolved,2
observes,2
serious,2
ought,2
forms,2
conclusions,2
hand,2
v,2
model,2
eckard,2
establish,2
gorler,2
karl,2
consents,2
answer,2
confrontation,2
deep,2
belief,2
als,2
remained,2
imagine,2
mean,2
mood,2
art,2
decrepit,2
survive,2
birth,2
virgin,2
bear,2
delicate,2
entirely,2
caustic,2
reasserts,2
rescue,2
real,2
gunther,2
finally,2
clear,2
discovered,2
transformation,2
peter,2
objection,2
tokens,2
ny,2
attribution,2
shortly,2
inscribed,2
jingle,2
erich,2
nachtrag,2
possess,2
become,2
effect,2
looks,2
differ,2
equivalent,2
securing,2
save,2
relative,2
professional,2
caution,2
vain,2
la,2
motif,2
shocked,2
things,2
unstable,2
suggestion,2
relationship,2
equals,2
meets,2
george,2
provide,2
chance,2
inside,2
le,2
institutions,2
possessiveness,2
lost,2
theater,2
transformed,2
obstacle,2
trait,2
recognize,2
indicate,2
why,2
inspired,2
hope,2
bestow,2
entertain,2
goldberg,2
contained,2
practice,2
comes,2
series,2
mentioned,2
athens,2
contradiction,2
struck,2
irrationality,2
wicked,2
sustained,2
set,2
der,2
natural,2
principle,2
each,2
sure,2
country,2
novel,2
ratio,2
inclined,2
best,2
comedie,2
brothers,2
contradictory,2
perfectly,2
audience,2
pretended,2
cq,2
richardson,2
passage,2
emerges,2
advances,2
respect,2
hermes,2
game,2
rhmus,2
darmstadt,2
reconcile,2
accounts,2
cause,2
ma,2
griechischen,2
complexity,2
fortenbaugh,2
property,2
agreed,2
freedom,2
wehrli,2
son,2
introduced,2
lies,2
conventional,2
condition,2
immediately,2
disrupted,2
exploit,2
aspect,2
proceeds,2
false,2
compulsion,2
models,2
touch,2
schizophrenic,2
frame,2
deleuze,2
accept,2
watt,2
aspetti,2
exclaims,2
instead,2
favors,2
need,2
involving,2
derive,2
restored,2
specific,2
passages,2
sharing,2
bargain,2
interaction,2
comparable,2
answers,2
bene,2
virtue,2
close,2
odisse,1
resolve,1
trick,1
constantia,1
go,1
superiority,1
defending,1
romischen,1
handsome,1
mostly,1
produces,1
freezes,1
inconstantia,1
page,1
certo,1
edge,1
courtly,1
avoiding,1
protests,1
indicated,1
prologues,1
commentary,1
fuming,1
strategy,1
cupidity,1
imported,1
harmlessly,1
prompts,1
kolax,1
judging,1
ideo,1
market,1
belfagor,1
sull,1
episodes,1
rapes,1
tou,1
lovethais,1
trans,1
presses,1
deceit,1
eliminated,1
totally,1
stands,1
plainly,1
soliloquy,1
per,1
banished,1
expect,1
hybris,1
considering,1
certus,1
american,1
engineered,1
marriageability,1
kinds,1
sociales,1
fed,1
properly,1
ungovernable,1
designed,1
insertion,1
likely,1
authority,1
asserted,1
constitutes,1
strictly,1
completely,1
sudden,1
georg,1
inconsistent,1
easily,1
dyskolos,1
sublime,1
incidentally,1
douglass,1
considerations,1
theatre,1
protection,1
loitering,1
andria,1
enjoys,1
stael,1
allies,1
pose,1
muriel,1
carroll,1
occurred,1
inequality,1
communion,1
scamp,1
alongside,1
cornell,1
husbands,1
rudd,1
ideologie,1
thematic,1
eye,1
leipzig,1
princeton,1
societal,1
maria,1
du,1
entourage,1
distilled,1
conjecture,1
endow,1
themes,1
arms,1
experience,1
euripides,1
poenulus,1
romance,1
reassure,1
inhibited,1
defeated,1
transitions,1
perceptive,1
dichter,1
modest,1
hence,1
every,1
labor,1
rivals,1
learned,1
commissions,1
container,1
creation,1
gilles,1
reverses,1
discovers,1
exclusive,1
balm,1
coexist,1
ii,1
suave,1
implications,1
give,1
attempts,1
taken,1
debating,1
estate,1
dicussion,1
ears,1
stylistic,1
drag,1
straightforwardly,1
asserts,1
worked,1
rational,1
retreat,1
philia,1
tion,1
affirmed,1
latent,1
quid,1
scholia,1
comico,1
attractive,1
knowing,1
route,1
twenty,1
pledge,1
broken,1
room,1
matthias,1
correspondingly,1
together,1
reasons,1
thank,1
centering,1
theomacheibut,1
indifferent,1
rich,1
officiis,1
liverpool,1
follows,1
shot,1
verbal,1
transferred,1
aloud,1
proves,1
thanks,1
inbred,1
concludes,1
procedure,1
norwood,1
rustici,1
ready,1
evolving,1
emblem,1
achieved,1
damage,1
patterned,1
chaera,1
economy,1
resorting,1
tastelessness,1
dearer,1
date,1
miles,1
zu,1
unspecified,1
alert,1
stand,1
respond,1
croce,1
satire,1
diphilos,1
alike,1
pertains,1
barred,1
majority,1
ncg,1
ad,1
bluntly,1
traits,1
ciceron,1
fortune,1
coventional,1
occasional,1
teasing,1
important,1
forthcoming,1
escort,1
ideological,1
trade,1
plausible,1
gelzer,1
interlude,1
ideologically,1
merry,1
formulation,1
draws,1
advice,1
mass,1
conditioned,1
facts,1
agriculture,1
lena,1
ventures,1
great,1
addresses,1
friedrich,1
account,1
indirectly,1
vol,1
anticipation,1
untersuchung,1
replacement,1
felt,1
logical,1
delivers,1
illustrate,1
mikhail,1
burning,1
shame,1
fritz,1
echoes,1
foreigners,1
reaction,1
bidder,1
fraud,1
hecyra,1
richard,1
dinner,1
obvious,1
alone,1
stubborn,1
hypomnemata,1
apart,1
invited,1
tastes,1
rosa,1
artful,1
establishment,1
motivstudien,1
misunderstands,1
household,1
compares,1
constrained,1
keeps,1
ritual,1
komodien,1
identifies,1
dignity,1
deserted,1
expository,1
collection,1
expecting,1
sign,1
pursuing,1
bravado,1
wherever,1
luck,1
succeed,1
manuscript,1
weren,1
conflict,1
central,1
phase,1
pernoscati,1
collapse,1
comedians,1
announce,1
surely,1
contrasted,1
dying,1
severe,1
augments,1
oeuvres,1
komischen,1
bracket,1
seventy,1
constantly,1
pursuit,1
sibi,1
impersonate,1
cracks,1
assumes,1
offended,1
negation,1
charming,1
heroines,1
divine,1
lectures,1
forgotten,1
domain,1
madness,1
faces,1
pejorative,1
mutable,1
elegantly,1
considerable,1
conjures,1
honestly,1
insisted,1
living,1
regarded,1
lan,1
fischer,1
fickleness,1
manager,1
abrupt,1
given,1
yourself,1
held,1
affairs,1
interprets,1
bembine,1
dis,1
velit,1
distinct,1
par,1
self,1
deeds,1
curiously,1
fielding,1
depend,1
refer,1
concerning,1
amusement,1
remarking,1
contract,1
approval,1
deed,1
highest,1
withdraw,1
inclusion,1
elicit,1
wholly,1
adumbrated,1
jonson,1
compared,1
guardian,1
spontaneously,1
consulted,1
drives,1
despair,1
truly,1
discerning,1
find,1
helpful,1
warned,1
momentary,1
ivers,1
sincerely,1
y,1
liebessprache,1
reared,1
journal,1
dramatos,1
corrected,1
reasoned,1
lefkowitz,1
witty,1
resolutions,1
wortfeldes,1
apparently,1
squabbling,1
servant,1
wounded,1
bills,1
persuasivethere,1
reflex,1
arises,1
invites,1
castas,1
nuanced,1
sisters,1
quiet,1
puellas,1
impulsive,1
sies,1
virtual,1
react,1
rabelais,1
ingenuous,1
mechanism,1
promised,1
perfect,1
harbinger,1
rejoice,1
expositionstechnik,1
insofar,1
failed,1
surprisingly,1
articulates,1
poor,1
downright,1
objectionable,1
interesting,1
alive,1
weapon,1
recognized,1
york,1
ancienne,1
essential,1
polarization,1
critica,1
expected,1
frustration,1
programmatic,1
pledged,1
bring,1
drive,1
growth,1
jupiter,1
abolished,1
forestalled,1
inwardness,1
pretends,1
presupposed,1
edward,1
adapt,1
disjunction,1
posits,1
en,1
affectionan,1
komornicka,1
appreciation,1
supposes,1
cynical,1
capture,1
denoted,1
calculation,1
consternation,1
forgives,1
stranger,1
soulful,1
opportunity,1
trite,1
mountford,1
similar,1
uxoris,1
proffered,1
parts,1
ass,1
romantisme,1
special,1
leaves,1
dirnenliebe,1
blurring,1
masquerade,1
appropriateness,1
slips,1
indentification,1
assailed,1
awareness,1
respectability,1
disguises,1
von,1
crise,1
space,1
firmer,1
originalis,1
consistency,1
raymond,1
crestfallen,1
webster,1
suspicious,1
soul,1
brunswick,1
problemi,1
settled,1
escape,1
bad,1
honored,1
affect,1
operates,1
servants,1
anguish,1
suffices,1
discomfited,1
les,1
entry,1
suspense,1
cryptically,1
retained,1
wearing,1
depends,1
prepares,1
ashmore,1
bit,1
wouldn,1
troops,1
proved,1
warren,1
sum,1
driven,1
proposed,1
former,1
mary,1
factitious,1
process,1
argued,1
quarters,1
prevent,1
situations,1
captzvi,1
four,1
show,1
grbs,1
motivates,1
commonly,1
holiday,1
operate,1
origins,1
rationally,1
powerful,1
follow,1
exceed,1
surmise,1
idealized,1
obstacles,1
dramatized,1
cost,1
stark,1
leno,1
exploitation,1
instance,1
angrily,1
masterly,1
injustice,1
index,1
determinate,1
odd,1
mutely,1
contrary,1
whimsicality,1
coincide,1
preference,1
providing,1
plausibly,1
perceive,1
morbi,1
thinks,1
union,1
hours,1
expressed,1
reprinted,1
attentions,1
actantial,1
allow,1
fortunes,1
histories,1
knoche,1
das,1
occasion,1
attack,1
served,1
prepare,1
facilitate,1
criticisms,1
stipulated,1
aloof,1
noting,1
captured,1
vigorous,1
initial,1
philosophical,1
poetry,1
attained,1
im,1
arrogance,1
compromised,1
passionate,1
punishment,1
sends,1
playwrights,1
laughter,1
barber,1
politique,1
degrading,1
handbook,1
supporters,1
ceases,1
equal,1
retires,1
precipitate,1
amatam,1
amores,1
war,1
elicits,1
sentimental,1
professes,1
incompatible,1
sharply,1
analogous,1
purchased,1
excellent,1
younger,1
acquaintance,1
otherwise,1
wealth,1
litterature,1
spiritual,1
confirmation,1
absolute,1
explain,1
duly,1
hopkins,1
misconstrued,1
intimating,1
adulescentes,1
feminine,1
tack,1
resident,1
basis,1
literature,1
zlefevre,1
tr,1
inferred,1
atjohns,1
sanction,1
appeals,1
kennard,1
costume,1
start,1
decency,1
writers,1
preferred,1
unmasking,1
del,1
dissatisfaction,1
competent,1
reader,1
prominent,1
netta,1
breeding,1
competing,1
porous,1
reserve,1
esp,1
secret,1
coded,1
comment,1
mercurial,1
pretenses,1
surprise,1
repeating,1
loss,1
year,1
overview,1
gave,1
aliud,1
consistently,1
jhs,1
corrupt,1
refined,1
rand,1
defoe,1
inspire,1
contains,1
calculating,1
relevance,1
interiority,1
samia,1
reimported,1
earn,1
scare,1
friend,1
winter,1
materialization,1
doors,1
cry,1
prostates,1
corollary,1
cancelled,1
employed,1
sensibility,1
stanford,1
approbation,1
won,1
connections,1
abolish,1
hidden,1
metic,1
delay,1
garb,1
citing,1
prices,1
distinctions,1
flee,1
pick,1
overdetermined,1
reconciling,1
construct,1
tolerant,1
eine,1
commerce,1
successful,1
hard,1
miseries,1
idiom,1
corresponds,1
useful,1
dryly,1
responsibility,1
sublimated,1
excuse,1
resolving,1
prohibits,1
dangereuses,1
nostrifundi,1
sporting,1
excitable,1
pimp,1
careful,1
ain,1
ward,1
nearest,1
attendite,1
acted,1
night,1
sake,1
augustan,1
involved,1
textual,1
small,1
airy,1
summon,1
deorum,1
erao,1
sufficient,1
consensus,1
imagines,1
few,1
munich,1
choose,1
untroubled,1
lefevre,1
compatibility,1
transfer,1
temporary,1
sentimentalizing,1
psychological,1
presence,1
manchester,1
blunt,1
distinguished,1
staged,1
petition,1
humbled,1
boundaries,1
impossible,1
hor,1
altogether,1
palatable,1
ajp,1
customary,1
dichtung,1
applies,1
interrogation,1
peregrinus,1
progress,1
helene,1
dim,1
rabid,1
ta,1
world,1
submitting,1
notice,1
peculiar,1
arrogant,1
structured,1
perikeiromene,1
scientia,1
grateful,1
finds,1
tib,1
festivity,1
propriety,1
brothel,1
rest,1
miserable,1
unashamed,1
reducing,1
ses,1
seemed,1
internalizes,1
appeal,1
barbara,1
cite,1
transforming,1
marked,1
sidney,1
reduction,1
defended,1
istuc,1
kindness,1
challenge,1
faciundumfuit,1
edith,1
led,1
blight,1
irrespective,1
exterior,1
opposites,1
forever,1
moodiness,1
saw,1
innocent,1
clarissa,1
bringing,1
dispositions,1
parallelogram,1
identified,1
farce,1
spell,1
concessions,1
abiding,1
allegiance,1
imagery,1
service,1
reproaches,1
comparative,1
seager,1
exults,1
diceres,1
limited,1
elizabethan,1
wait,1
harari,1
unconscious,1
acknowledged,1
minae,1
possesses,1
drops,1
outlive,1
brings,1
fruitless,1
whatever,1
esia,1
judgment,1
echoing,1
ignorant,1
comments,1
precedes,1
permissible,1
favory,1
collapsed,1
malice,1
simultaneously,1
suppose,1
mme,1
hold,1
reception,1
escapade,1
ineligible,1
ebullient,1
assigned,1
texte,1
antonin,1
label,1
gilbert,1
robin,1
beautiful,1
victor,1
violence,1
hugh,1
arrangements,1
security,1
intimation,1
represents,1
flush,1
accident,1
happened,1
fights,1
corroborated,1
evil,1
sounds,1
orazio,1
den,1
seclusion,1
god,1
formally,1
operam,1
times,1
parsimonious,1
reconciliation,1
perceived,1
workmanship,1
reconsideration,1
hadn,1
home,1
nat,1
erotikos,1
symptom,1
rightly,1
delight,1
ploy,1
qucc,1
choices,1
ideology,1
ashamed,1
truces,1
mediaeval,1
considere,1
wright,1
deliver,1
einige,1
silk,1
inamorato,1
odds,1
emotional,1
beginnings,1
cum,1
attique,1
noted,1
learns,1
speaking,1
rise,1
valuehe,1
picture,1
affections,1
sincerus,1
fill,1
testimony,1
chose,1
persuasive,1
alteration,1
fellow,1
party,1
vere,1
peregrina,1
disposition,1
resolution,1
lewis,1
reconciliations,1
french,1
destitute,1
book,1
lapse,1
metaphysical,1
stated,1
pathetically,1
mark,1
others,1
death,1
pointed,1
available,1
conceived,1
enmities,1
deserves,1
cheaply,1
motifs,1
sider,1
experienced,1
succeeded,1
dalle,1
ernst,1
efforts,1
deficient,1
cultivated,1
longer,1
admit,1
isfundietaedes,1
stories,1
hollow,1
turner,1
treatment,1
preserve,1
stimulus,1
professed,1
relates,1
instability,1
fredric,1
creative,1
agree,1
appeared,1
afraid,1
elegiac,1
antinomy,1
disturbed,1
forces,1
choice,1
children,1
pet,1
angry,1
break,1
isolate,1
warning,1
hear,1
surfaces,1
john,1
fallen,1
whaley,1
beloved,1
state,1
coarseness,1
everything,1
modified,1
irreverence,1
venture,1
collapses,1
charges,1
discussed,1
inimicum,1
simple,1
senex,1
contumelia,1
reitzenstein,1
took,1
proverbial,1
contradictoriness,1
insane,1
accusations,1
likelihood,1
utinam,1
exo,1
chaereas,1
increases,1
covered,1
manner,1
bakhtin,1
telegraphic,1
superimposed,1
iya,1
receives,1
ch,1
foot,1
tell,1
strategies,1
rudens,1
devo,1
domum,1
spoke,1
obliged,1
volatile,1
perceives,1
verus,1
wiles,1
indication,1
remarked,1
outrageous,1
discommode,1
controversy,1
cogently,1
alle,1
categorically,1
counterpart,1
clinch,1
lauded,1
jest,1
fidum,1
remarkably,1
moot,1
recommend,1
realize,1
benedetto,1
fight,1
interpreting,1
storge,1
untimely,1
demonstrated,1
meetings,1
becomes,1
classes,1
balance,1
mercator,1
squanders,1
jameson,1
persona,1
disease,1
cancels,1
gloriosus,1
treated,1
explanation,1
northampton,1
range,1
locate,1
wretched,1
heroine,1
generalizations,1
prudentia,1
contemplate,1
deliberately,1
ridiculous,1
including,1
passes,1
misgivings,1
predominates,1
atene,1
hetairai,1
genial,1
exploits,1
honorable,1
denies,1
skeptical,1
confidence,1
repertory,1
provenience,1
largely,1
station,1
licensed,1
importuning,1
assume,1
likable,1
aristotle,1
morality,1
engaging,1
mutability,1
revelations,1
amoribus,1
insure,1
questions,1
attic,1
actual,1
maintains,1
engaged,1
eligible,1
nothing,1
artaud,1
amplitude,1
insults,1
zum,1
specifies,1
voice,1
reenters,1
vices,1
dismissed,1
rastier,1
resents,1
symbolic,1
involves,1
specimen,1
installed,1
clientelae,1
magnanimity,1
porne,1
meanings,1
sostratos,1
philology,1
three,1
formulaic,1
hurt,1
reward,1
adding,1
frustrated,1
assaulted,1
worrying,1
welcomed,1
lateinischen,1
profession,1
accounted,1
dominated,1
victory,1
lady,1
logic,1
epigrams,1
admission,1
outraged,1
individual,1
pride,1
allowed,1
someone,1
characterized,1
levin,1
period,1
features,1
escaped,1
mask,1
sketching,1
meld,1
discriminations,1
anyone,1
conversation,1
unheard,1
dell,1
freeborn,1
provides,1
lose,1
counterplot,1
spliced,1
class,1
readers,1
enough,1
somehow,1
article,1
silly,1
disclosed,1
trying,1
meretriciam,1
study,1
painting,1
juncture,1
assures,1
niall,1
respectively,1
tactics,1
examine,1
silentio,1
danae,1
sentiments,1
rupture,1
corners,1
principate,1
pleads,1
kristine,1
patrona,1
implication,1
analyze,1
selfimportance,1
tusc,1
conquest,1
cordz,1
debonair,1
versus,1
invented,1
confesses,1
grating,1
adelphi,1
seduction,1
ambience,1
verbum,1
political,1
propose,1
attention,1
braggadocio,1
concluded,1
calamitas,1
entertains,1
decision,1
ws,1
discriminating,1
theophrast,1
inventors,1
carried,1
interpenetration,1
consists,1
asking,1
simpler,1
detach,1
undifferentiated,1
fraternal,1
ity,1
badian,1
informs,1
commentator,1
humiliated,1
today,1
belonged,1
continued,1
regular,1
recall,1
movements,1
roma,1
bold,1
crucial,1
foreign,1
criminal,1
elh,1
effects,1
dissolved,1
erotique,1
williams,1
rough,1
iwe,1
mutuis,1
dashed,1
attitude,1
bare,1
diniarchus,1
sympathy,1
independence,1
avenues,1
sensitive,1
army,1
un,1
insist,1
gratuituous,1
yale,1
bears,1
force,1
render,1
semiotic,1
lives,1
jachman,1
contribution,1
legitimacy,1
sannio,1
whereby,1
delicacy,1
paradigmatic,1
acquaintances,1
life,1
changes,1
citizenship,1
strabax,1
satisfaction,1
dans,1
paternal,1
objections,1
fall,1
united,1
surprising,1
schizophrenia,1
table,1
wives,1
endure,1
composed,1
supporting,1
mother,1
numquid,1
types,1
vestigial,1
humiliation,1
elder,1
erupts,1
unusual,1
empathy,1
problematic,1
interpretive,1
interpolated,1
inheres,1
greets,1
blurred,1
attachment,1
helios,1
stratagem,1
stable,1
poets,1
ovid,1
finessed,1
addressed,1
explicit,1
quantitative,1
catulle,1
obtabis,1
sostratus,1
acquired,1
unmask,1
reciprocal,1
lefivre,1
correlative,1
vanity,1
callousness,1
imitated,1
liked,1
thinking,1
proceed,1
constant,1
specification,1
precedence,1
girls,1
sens,1
corpore,1
impulse,1
preface,1
tensions,1
analogues,1
indictment,1
humane,1
comparison,1
facis,1
mercantile,1
gullibility,1
continues,1
extension,1
vainglorious,1
elicited,1
dubious,1
precise,1
falsehood,1
decorum,1
quotes,1
torment,1
narrowly,1
plea,1
exposes,1
offers,1
command,1
alternative,1
pectus,1
herescu,1
affords,1
plutarch,1
cover,1
quickly,1
covariation,1
berkeley,1
dimension,1
enters,1
postumously,1
solves,1
intellectual,1
partner,1
extant,1
inquires,1
introducing,1
evolved,1
dare,1
aberration,1
stereotyped,1
correspond,1
charakter,1
quarrels,1
narrating,1
fidos,1
oxymoron,1
nobility,1
abetted,1
expels,1
alethes,1
accommodate,1
style,1
attends,1
emergence,1
temper,1
indistinct,1
expostulations,1
speech,1
searched,1
alternatively,1
scortum,1
werbende,1
doubts,1
picks,1
speculation,1
avec,1
langage,1
procurer,1
exhausting,1
egged,1
fail,1
examining,1
identities,1
hostilities,1
u,1
pour,1
expenses,1
options,1
absolutely,1
instant,1
merely,1
hint,1
disharmony,1
zetemata,1
charged,1
esercitazioni,1
alazon,1
chemes,1
antinoop,1
knows,1
william,1
wit,1
ruse,1
disquisition,1
rests,1
avoidance,1
purchase,1
vary,1
automatically,1
josue,1
evocation,1
notable,1
investigation,1
cooks,1
bacchides,1
stability,1
offering,1
list,1
tow,1
trinkets,1
degradation,1
wastrel,1
etherealized,1
metaphor,1
suspicions,1
undeserving,1
statement,1
mere,1
warn,1
interval,1
leaving,1
extent,1
dream,1
transaction,1
meno,1
undo,1
extract,1
vehicle,1
brilliant,1
rapports,1
produce,1
noticed,1
rationality,1
motility,1
emphasis,1
marriages,1
presides,1
suspicion,1
scruples,1
signify,1
unmasked,1
agape,1
haps,1
canceled,1
demeaned,1
prior,1
bodies,1
inimicus,1
quits,1
arabic,1
amans,1
pain,1
attachments,1
peace,1
thereby,1
reported,1
bids,1
lingered,1
standoff,1
activated,1
press,1
szenen,1
inaugurated,1
unleash,1
ycs,1
buy,1
ring,1
impose,1
step,1
envisions,1
consilium,1
bona,1
flatterer,1
adapted,1
measure,1
bari,1
presupposes,1
arguments,1
connotation,1
salvaged,1
resourceful,1
allows,1
comprehend,1
deflects,1
think,1
despised,1
amens,1
syndrome,1
tapa,1
contrasts,1
ambiguously,1
girds,1
prepared,1
cp,1
come,1
unwilling,1
confounding,1
whereupon,1
devoted,1
laments,1
shown,1
until,1
impassioned,1
undercuts,1
inclusiveness,1
unable,1
perforce,1
background,1
argues,1
reveals,1
bartholomew,1
encouragement,1
similarity,1
eunuco,1
rationalization,1
abused,1
paradigm,1
opens,1
liaisons,1
interrogative,1
samuel,1
recovering,1
grant,1
charge,1
paphian,1
aware,1
iswolsky,1
harm,1
retiring,1
protesting,1
offer,1
although,1
humor,1
define,1
enabling,1
socially,1
haste,1
integument,1
inherent,1
opinions,1
posani,1
arbitrary,1
barnes,1
states,1
inflection,1
conquered,1
willingness,1
shameful,1
disguise,1
disrupt,1
contamination,1
hero,1
castrated,1
voluntary,1
presenting,1
perforated,1
shift,1
mushelv,1
postscript,1
terentiana,1
doubtless,1
siege,1
offered,1
coalesce,1
avaricious,1
boyish,1
formal,1
hans,1
substitute,1
assumed,1
raid,1
harlow,1
certainty,1
epigram,1
originalitd,1
themselves,1
cozen,1
rejection,1
commodity,1
ramus,1
chicago,1
loving,1
debate,1
hildesheim,1
vis,1
fears,1
exclusively,1
stroh,1
reaps,1
develop,1
gulf,1
fabricated,1
duration,1
pair,1
strong,1
grace,1
whenever,1
crucible,1
resist,1
charms,1
famous,1
assists,1
doing,1
dashes,1
signals,1
animum,1
draft,1
predicated,1
intorno,1
cited,1
evidently,1
customarily,1
interlaced,1
repays,1
buichner,1
