WORDCOUNTS,WEIGHT
the,337
of,173
v,165
a,129
and,96
to,84
in,51
s,48
was,45
by,45
that,45
as,43
partnership,40
firm,37
it,35
is,34
not,32
partner,30
be,30
he,27
his,26
an,26
one,24
contract,24
interest,23
from,21
into,21
payne,21
n,20
member,20
or,19
which,18
such,18
agent,18
c,17
but,16
said,16
members,16
all,16
id,15
principal,15
b,14
no,13
with,13
had,13
company,13
bank,13
elliott,13
this,13
would,13
for,12
partners,12
property,12
on,12
note,11
if,11
sale,11
appellee,11
made,11
so,11
bound,10
where,10
cannot,10
knowledge,10
co,10
part,10
should,10
at,9
party,9
law,9
business,9
upon,9
ill,9
acts,9
ratification,9
dissolution,8
they,8
authority,8
al,8
implied,8
love,8
blair,8
other,8
did,8
case,8
et,8
against,8
pay,8
third,8
common,7
are,7
could,7
new,7
there,7
money,7
were,7
have,7
assignment,7
agreement,7
admission,7
y,7
because,7
been,6
under,6
share,6
appellants,6
pick,6
capital,6
purchase,6
stock,6
has,6
president,6
r,6
unless,6
held,6
him,6
does,5
power,5
allen,5
make,5
benefits,5
then,5
same,5
w,5
must,5
name,5
court,5
vt,5
person,5
penn,5
see,5
extent,5
transaction,5
free,5
mass,5
receive,5
right,5
defendant,5
st,5
given,5
retiring,5
smith,5
cases,5
instruction,5
amount,5
plaintiff,5
notice,5
act,4
death,4
mortgage,4
their,4
payment,4
ves,4
nor,4
liens,4
title,4
acting,4
receiving,4
only,4
more,4
ins,4
consideration,4
p,4
incident,4
personal,4
i,4
them,4
ratify,4
however,4
pet,4
eq,4
agreed,4
some,4
received,4
place,4
due,4
express,4
after,4
thereof,4
distinct,4
can,4
than,4
appeal,3
may,3
will,3
accepting,3
mo,3
york,3
me,3
without,3
johns,3
consent,3
horan,3
hill,3
limited,3
wilson,3
formed,3
liability,3
parte,3
being,3
williams,3
davis,3
suit,3
fund,3
estate,3
union,3
j,3
nature,3
professed,3
cochran,3
time,3
john,3
how,3
debt,3
william,3
dissolved,3
iowa,3
execution,3
companies,3
day,3
payable,3
des,3
brought,3
introduced,3
deposit,3
became,3
its,3
giving,3
ratified,3
statute,3
ex,3
pr,3
tex,3
t,3
barb,3
states,3
association,3
massachusetts,3
paid,3
ind,3
joint,3
moines,3
coal,3
behalf,3
perfect,2
stark,2
what,2
perry,2
collateral,2
fairly,2
declared,2
sued,2
l,2
reasonable,2
taft,2
extend,2
statutes,2
e,2
adoption,2
judgment,2
certain,2
hold,2
assuming,2
creditors,2
copartnership,2
h,2
martin,2
security,2
canada,2
female,2
reasonably,2
corning,2
management,2
any,2
bind,2
sum,2
copartners,2
watson,2
breach,2
mich,2
partnerships,2
known,2
either,2
beyond,2
generally,2
md,2
executor,2
erroneous,2
coming,2
opinion,2
might,2
retained,2
action,2
each,2
organized,2
entered,2
ought,2
regard,2
vest,2
ratifying,2
fruits,2
judson,2
transferred,2
far,2
benefit,2
take,2
works,2
took,2
considered,2
represent,2
crawshay,2
cal,2
rep,2
though,2
f,2
within,2
ala,2
ch,2
form,2
maker,2
heisk,2
geo,2
mere,2
while,2
out,2
culver,2
line,2
liable,2
fourteen,2
bought,2
bland,2
swanston,2
taking,2
individual,2
timothy,2
undoubtedly,2
supreme,2
withdrawal,2
got,2
ignorant,2
went,2
confidence,2
sold,2
crans,2
ayer,2
evans,2
questions,2
nothing,2
trust,2
buying,2
foreclosure,2
chamberlin,2
cornwal,2
reject,2
afterward,2
presumption,2
lazier,2
thus,2
although,2
hunter,2
lie,2
off,2
voluntary,2
bell,2
marriage,2
burdens,2
clark,2
profits,2
mining,2
become,2
warranty,2
bennett,2
wife,2
ratifies,2
taylor,2
general,2
incoming,2
laws,2
braden,2
undisclosed,2
leeds,2
set,1
miller,1
van,1
entitled,1
void,1
enough,1
cummins,1
failed,1
operation,1
therefore,1
neely,1
now,1
complaint,1
christian,1
assigned,1
relationship,1
furnished,1
second,1
alleged,1
burbank,1
ann,1
breedlove,1
paige,1
whose,1
demand,1
deny,1
essential,1
m,1
wllere,1
dies,1
irregular,1
binds,1
manager,1
absence,1
taken,1
scholefield,1
caamberlin,1
george,1
ihinchcliff,1
gott,1
lerived,1
robertson,1
assert,1
later,1
indicated,1
usually,1
hlolbrook,1
rule,1
arising,1
williamson,1
husband,1
morrison,1
declaring,1
whitman,1
guaranteeing,1
till,1
commonlaw,1
foster,1
fauntleroy,1
she,1
possession,1
fifield,1
admin,1
curtis,1
resident,1
harris,1
copartner,1
bowring,1
ordinary,1
male,1
doctrine,1
managemnent,1
connection,1
wvalker,1
willi,1
who,1
gratt,1
innocently,1
ills,1
accepted,1
vilas,1
bronson,1
farwell,1
still,1
ewell,1
reynoldsv,1
bankruptcy,1
returned,1
bill,1
thereon,1
currency,1
proposition,1
railway,1
thirteen,1
wacters,1
whereby,1
southern,1
american,1
elementary,1
kingsley,1
judged,1
put,1
loss,1
llas,1
slcipp,1
moore,1
carrington,1
leaves,1
provisions,1
use,1
hi,1
talcott,1
buckner,1
white,1
mad,1
objections,1
about,1
binding,1
united,1
cars,1
rogers,1
dissent,1
unavailing,1
ames,1
supposed,1
authorize,1
hurlbert,1
personably,1
yet,1
selling,1
imoses,1
swept,1
elder,1
thomas,1
woodbury,1
reason,1
itself,1
widner,1
madison,1
injury,1
utterly,1
settled,1
godwin,1
rebutted,1
paying,1
favor,1
dayton,1
lhas,1
unfair,1
better,1
wolf,1
operates,1
lime,1
notwithstanding,1
ore,1
thornton,1
haywood,1
former,1
cause,1
march,1
consider,1
possibly,1
burrows,1
river,1
plimpton,1
deg,1
marshall,1
kelsey,1
kottwitz,1
remick,1
deposited,1
knox,1
unincorporated,1
ban,1
spaunhorst,1
brainard,1
expressed,1
before,1
collectively,1
atk,1
growing,1
mlerrick,1
litigation,1
lamed,1
conclusion,1
wright,1
several,1
southland,1
horwood,1
chew,1
wend,1
costs,1
these,1
founded,1
prot,1
bylow,1
wfestcottv,1
two,1
practically,1
russ,1
agents,1
wr,1
ticket,1
carroll,1
renton,1
sandford,1
lock,1
cast,1
potter,1
camp,1
way,1
tracy,1
independent,1
provision,1
satisfactory,1
mlilliken,1
knapp,1
jesse,1
promissory,1
minn,1
assignee,1
krupt,1
delectus,1
copeland,1
traub,1
salk,1
ihorton,1
also,1
encumbrance,1
skill,1
bayard,1
decedent,1
owning,1
hoyt,1
cover,1
give,1
troy,1
factory,1
evidence,1
fell,1
mon,1
acquired,1
twinship,1
others,1
miner,1
retirement,1
natural,1
over,1
appear,1
taintor,1
eichbaum,1
sm,1
lea,1
huxford,1
reece,1
many,1
england,1
forrestier,1
edens,1
lemoyne,1
seems,1
treasurer,1
chapman,1
shares,1
kock,1
efforts,1
boynton,1
came,1
fbrmed,1
sell,1
admit,1
pitts,1
washburn,1
retaining,1
asserts,1
alexander,1
ijarb,1
broadly,1
stevens,1
fargo,1
governed,1
skinner,1
duly,1
donaldson,1
railroad,1
appropriated,1
tyrrell,1
denio,1
burnand,1
webb,1
farmers,1
archibald,1
hianbury,1
relating,1
cowp,1
freeman,1
holder,1
years,1
follows,1
together,1
really,1
hiood,1
deem,1
clearly,1
link,1
rabone,1
powell,1
goods,1
carleton,1
receizers,1
mcc,1
hanna,1
borries,1
substantially,1
pollock,1
cush,1
resulting,1
identical,1
iron,1
prevail,1
deemed,1
ewing,1
sneed,1
griswold,1
raxy,1
nail,1
discussed,1
conklin,1
sistare,1
dev,1
wall,1
respects,1
westwood,1
term,1
burwell,1
hlis,1
rathbone,1
recover,1
state,1
attwood,1
stand,1
following,1
do,1
those,1
scam,1
knows,1
ceases,1
supervisors,1
equal,1
formation,1
johnson,1
rests,1
abb,1
dinsmore,1
parltners,1
semenza,1
beav,1
nominally,1
affirm,1
leonard,1
mlcnaughton,1
bristol,1
whether,1
majority,1
sanders,1
ad,1
contracted,1
real,1
wherein,1
suffered,1
concealed,1
buckingham,1
amendatory,1
lane,1
hare,1
politic,1
comst,1
maintain,1
blen,1
palmer,1
miorey,1
ascertaining,1
absolute,1
transact,1
required,1
shall,1
fox,1
unnecessary,1
enjoyed,1
compelled,1
percival,1
stepped,1
consisting,1
starr,1
misrepresented,1
billon,1
her,1
sought,1
retired,1
remedies,1
affair,1
prendergast,1
ferrero,1
vendor,1
remained,1
yield,1
hyde,1
imperial,1
nichols,1
goodburn,1
local,1
halst,1
having,1
vol,1
rock,1
ileydon,1
barstow,1
long,1
prior,1
inquired,1
through,1
crosbie,1
future,1
roberts,1
pouell,1
balance,1
sable,1
rob,1
extended,1
work,1
collins,1
knew,1
indiana,1
election,1
habershon,1
trial,1
own,1
reversed,1
presented,1
bear,1
bigelow,1
circumstances,1
riemsdyk,1
cage,1
claim,1
mairquandv,1
hunttngton,1
thereby,1
cl,1
tenney,1
regards,1
supervision,1
london,1
warden,1
mckelyh,1
guion,1
watts,1
dissolve,1
xxix,1
lield,1
buffumn,1
violett,1
loker,1
desirable,1
end,1
apply,1
object,1
buy,1
subject,1
blodgett,1
insolvent,1
merrick,1
heath,1
benedict,1
jewett,1
whole,1
chitwood,1
dissolutioni,1
largely,1
chappell,1
obtain,1
operated,1
gardner,1
northwest,1
indebted,1
cushing,1
bast,1
ight,1
diversity,1
mention,1
maintained,1
odiorne,1
exist,1
tward,1
regarding,1
iwaddington,1
heenderson,1
actual,1
pack,1
ends,1
recovery,1
correspondence,1
eden,1
like,1
engaged,1
eichelberger,1
continue,1
str,1
first,1
witson,1
come,1
addititional,1
proceeds,1
ilamilton,1
full,1
pearce,1
previous,1
away,1
married,1
we,1
de,1
california,1
endorsed,1
merchants,1
until,1
showing,1
reverse,1
manage,1
erpress,1
facts,1
grove,1
stead,1
proportionate,1
elwell,1
status,1
rendered,1
conn,1
wheat,1
horsfall,1
since,1
mutual,1
finding,1
simmons,1
hovil,1
wis,1
tvaterbury,1
andrews,1
slowcomb,1
mules,1
cunningham,1
g,1
jenness,1
lien,1
grant,1
charge,1
points,1
ottoman,1
rqffin,1
hun,1
authoritative,1
good,1
walworth,1
attorney,1
gratz,1
haseler,1
sues,1
menkens,1
buhlmeyer,1
davison,1
mlanf,1
price,1
d,1
kirk,1
inference,1
buford,1
mlundorff,1
carry,1
insisted,1
embodied,1
ramazotti,1
administrator,1
crawford,1
negotiable,1
newal,1
krider,1
koops,1
wickersham,1
liad,1
dudley,1
admitted,1
cohen,1
sent,1
you,1
ferguson,1
sawy,1
course,1
order,1
int,1
le,1
seeks,1
funds,1
nerot,1
obligatory,1
unauthorized,1
nelson,1
palmerston,1
loan,1
cutler,1
decided,1
involved,1
latter,1
mltdd,1
penii,1
exchange,1
small,1
pwilliams,1
castle,1
principals,1
mitchell,1
parker,1
chamberlain,1
mandeville,1
special,1
freed,1
june,1
cushman,1
subjects,1
findley,1
totally,1
body,1
brinsley,1
blurton,1
toledo,1
coleman,1
murray,1
county,1
poulter,1
convey,1
gibbes,1
usual,1
gordan,1
cranch,1
adams,1
chicago,1
effect,1
corporations,1
sansom,1
obnoxious,1
lindley,1
find,1
seagoo,1
died,1
when,1
heydon,1
east,1
drawn,1
element,1
even,1
gil,1
instance,1
bordman,1
seal,1
little,1
purpose,1
chaplain,1
look,1
sheriff,1
proper,1
ground,1
city,1
digest,1
story,1
clagett,1
inld,1
hatton,1
value,1
remanded,1
jones,1
delivered,1
hardly,1
asked,1
leg,1
acted,1
appellant,1
la,1
ma,1
trustees,1
hodson,1
unsatisfied,1
mcbride,1
brown,1
applies,1
aspinall,1
decision,1
baldwin,1
separate,1
hayner,1
