WORDCOUNTS,WEIGHT
the,88
to,57
of,55
i,54
and,52
a,42
in,37
you,35
hamilton,28
will,20
s,19
my,17
be,17
his,16
it,14
as,14
from,14
that,14
on,14
alexander,13
at,12
for,12
letter,12
is,11
h,11
would,11
your,10
have,10
by,9
more,9
her,9
him,9
an,9
schuyler,8
was,8
history,8
new,8
which,8
he,7
me,7
american,7
life,7
with,7
but,7
love,7
historical,7
elizabeth,7
students,7
this,7
v,7
lehrman,6
york,6
not,6
had,6
collection,6
gilder,6
much,6
am,6
society,6
if,5
one,5
too,5
w,5
only,5
all,5
information,5
keep,5
she,4
july,4
united,4
most,4
every,4
also,4
other,4
documents,4
man,4
written,4
add,4
magazine,4
personal,4
oah,4
states,4
than,4
f,3
now,3
betsey,3
page,3
way,3
l,3
who,3
deposit,3
make,3
told,3
their,3
about,3
brookhiser,3
us,3
or,3
into,3
then,3
two,3
t,3
ii,3
ask,3
j,3
are,3
ought,3
john,3
how,3
end,3
there,3
though,3
teacher,3
america,3
account,3
october,3
richard,3
upon,3
city,3
our,3
married,3
tell,3
maid,3
such,3
write,3
washington,3
author,3
young,3
should,3
may,2
girl,2
indeed,2
till,2
go,2
begin,2
whim,2
c,2
b,2
study,2
yet,2
ways,2
category,2
modern,2
any,2
k,2
just,2
detailing,2
already,2
being,2
www,2
long,2
business,2
m,2
give,2
know,2
paragraph,2
each,2
many,2
least,2
exhibition,2
believe,2
plan,2
display,2
teachers,2
pamphlet,2
february,2
last,2
mind,2
do,2
cal,2
staff,2
political,2
heaven,2
return,2
cannot,2
can,2
shall,2
andre,2
has,2
ste,2
public,2
institute,2
some,2
fl,2
work,2
middle,2
both,2
little,2
org,2
r,2
story,2
part,2
x,2
uniform,2
its,2
programs,2
place,2
lesson,2
september,2
think,2
goal,2
call,2
courtship,2
years,2
own,2
since,2
consult,2
made,2
wish,2
piece,2
old,2
family,2
document,2
educational,2
few,2
marriage,2
http,2
holds,2
intirely,2
when,2
y,2
st,2
given,2
using,2
gilderlehrman,2
major,2
trifle,1
survived,1
entitled,1
founding,1
ruminating,1
fifty,1
cluding,1
online,1
interesting,1
timeless,1
second,1
o,1
adultery,1
whose,1
peers,1
lovers,1
reflects,1
puny,1
prefer,1
no,1
hb,1
without,1
difficult,1
act,1
george,1
enacts,1
employ,1
later,1
figure,1
curator,1
economic,1
been,1
frcy,1
sentences,1
corruption,1
husband,1
happy,1
remain,1
tm,1
laugh,1
fear,1
scruple,1
fiance,1
tried,1
grievous,1
dash,1
jz,1
lhk,1
sf,1
congressman,1
principled,1
myself,1
opinion,1
e,1
luck,1
inchantress,1
army,1
najw,1
shortly,1
still,1
benedict,1
after,1
wake,1
charm,1
passing,1
they,1
similar,1
leave,1
distribute,1
direct,1
hero,1
acquaintances,1
seemingly,1
llg,1
why,1
landowner,1
spectacular,1
mobility,1
bosom,1
hi,1
enhance,1
fe,1
infidelity,1
effectually,1
mation,1
saturated,1
months,1
sco,1
get,1
approaches,1
soul,1
send,1
lives,1
mrs,1
easily,1
publica,1
intrude,1
faculties,1
problematic,1
case,1
genius,1
ardent,1
want,1
sex,1
attachment,1
praise,1
under,1
spirit,1
stray,1
classroom,1
seems,1
today,1
charitable,1
share,1
title,1
assimilation,1
home,1
foreshadows,1
jwpl,1
before,1
eliza,1
hib,1
accomplishments,1
teaching,1
receiving,1
hanging,1
firsthand,1
jersey,1
conclusion,1
si,1
flight,1
character,1
meade,1
these,1
hhm,1
insights,1
age,1
compel,1
show,1
sh,1
ever,1
heading,1
said,1
first,1
consistent,1
infl,1
known,1
follow,1
passion,1
else,1
beyond,1
politi,1
social,1
please,1
members,1
admit,1
letters,1
offers,1
here,1
injustice,1
ibepi,1
feeble,1
srj,1
publicity,1
chernow,1
bright,1
important,1
military,1
vf,1
toward,1
again,1
might,1
others,1
drawing,1
death,1
board,1
appear,1
continental,1
orphan,1
copy,1
obscene,1
worked,1
arms,1
oskscc,1
image,1
added,1
ei,1
opening,1
headquarters,1
expressed,1
efforts,1
speaks,1
words,1
advance,1
verily,1
different,1
remembered,1
reprinted,1
based,1
monopolized,1
d,1
idea,1
seem,1
allow,1
did,1
down,1
tember,1
indies,1
ardently,1
sleep,1
metamorphosed,1
desire,1
entering,1
wealthy,1
reasons,1
p,1
returns,1
relating,1
pretty,1
time,1
out,1
lover,1
break,1
glc,1
shared,1
hear,1
promised,1
reunion,1
procedure,1
impatient,1
everything,1
benefit,1
brilliance,1
handler,1
z,1
take,1
prevail,1
vlfc,1
octo,1
favorite,1
sep,1
hufl,1
u,1
living,1
inspires,1
historian,1
barrs,1
dearer,1
further,1
spotted,1
reproach,1
consulting,1
those,1
memory,1
drop,1
ron,1
none,1
ber,1
day,1
showered,1
manner,1
biographies,1
twice,1
what,1
enjoyment,1
empire,1
whether,1
habit,1
list,1
british,1
meet,1
donated,1
paying,1
sweetnesses,1
post,1
particular,1
yh,1
fortune,1
comer,1
libido,1
refute,1
however,1
maintain,1
hoped,1
lest,1
map,1
signature,1
asunder,1
weaken,1
find,1
dream,1
task,1
secretly,1
partial,1
delicious,1
affair,1
homestretch,1
discuss,1
mean,1
transcription,1
yy,1
representations,1
hk,1
well,1
yield,1
benediction,1
another,1
imagine,1
clings,1
soldier,1
virginia,1
implies,1
future,1
private,1
understanding,1
upward,1
greatest,1
open,1
oil,1
categories,1
illustrate,1
composing,1
father,1
hblv,1
martha,1
lfei,1
illegitimate,1
possible,1
hints,1
schuylers,1
competent,1
heart,1
derness,1
west,1
taking,1
ladies,1
peggy,1
reality,1
wedding,1
dread,1
knowledge,1
prospect,1
secret,1
sidelight,1
november,1
comment,1
easy,1
keeps,1
promises,1
himself,1
thoughts,1
endeavour,1
awaits,1
ten,1
unhappy,1
tis,1
vafa,1
lovely,1
whole,1
trumbull,1
lengthens,1
station,1
causes,1
families,1
sy,1
people,1
succeed,1
writing,1
harrison,1
regarding,1
yourself,1
thus,1
pair,1
come,1
were,1
check,1
intrudes,1
histori,1
obliged,1
showing,1
talented,1
spirited,1
bi,1
caresses,1
received,1
miss,1
banish,1
mores,1
welcomed,1
achieved,1
language,1
sanctifies,1
charge,1
blackmail,1
nuptial,1
picture,1
recipient,1
objection,1
premature,1
held,1
moment,1
adopted,1
harrisons,1
pleasing,1
sure,1
darling,1
tory,1
qualifications,1
land,1
adams,1
hard,1
ny,1
allegiance,1
so,1
general,1
respects,1
col,1
asymmetrical,1
arena,1
learning,1
affairs,1
order,1
taste,1
off,1
earlier,1
thing,1
bliss,1
provides,1
ct,1
latter,1
increased,1
jl,1
postscript,1
troubles,1
spent,1
favored,1
engross,1
feeling,1
rr,1
enough,1
exemplifies,1
feelings,1
infor,1
withdraw,1
tions,1
ill,1
eyes,1
painting,1
often,1
portrait,1
become,1
uneasiness,1
successful,1
ijf,1
statesman,1
mr,1
jokes,1
single,1
witnessed,1
truly,1
philip,1
publications,1
enjoyed,1
like,1
semantic,1
sincerely,1
up,1
hartford,1
looks,1
even,1
necessity,1
sept,1
astonishing,1
spite,1
dear,1
period,1
figures,1
principal,1
tlhis,1
correspondence,1
strong,1
among,1
we,1
hltt,1
colonel,1
recent,1
charms,1
arnold,1
asked,1
generation,1
daughter,1
vain,1
propriety,1
delayed,1
mistaken,1
close,1
wrapt,1
