WORDCOUNTS,WEIGHT
the,384
of,240
in,158
s,99
and,85
to,82
a,81
as,53
was,52
de,50
by,50
that,49
this,42
painting,41
is,41
le,39
art,35
la,34
it,30
for,30
on,30
l,29
with,28
n,27
be,26
love,25
perrault,22
first,22
his,22
which,22
her,21
brun,20
corinthian,20
maid,20
du,19
et,19
an,19
edition,18
from,18
cupid,17
i,17
have,17
had,16
not,16
version,16
en,15
frontispiece,15
pope,15
paris,15
rosenblum,15
origin,14
legend,14
he,14
story,14
print,14
at,13
poem,13
drawing,13
also,13
see,13
gribelin,13
she,13
d,13
charles,13
sandrart,12
century,12
levitine,12
been,12
who,12
qu,12
des,12
one,11
graphica,11
ce,11
dufresnoy,11
arte,11
invention,10
peinture,10
qui,10
il,10
hand,10
would,10
arts,10
sur,10
junius,10
there,9
fig,9
plus,9
image,9
its,9
time,9
translation,9
shadow,9
are,9
wall,9
later,8
latin,8
taught,8
girl,8
ed,8
known,8
engraving,8
history,7
such,7
may,7
les,7
however,7
pliny,7
london,7
will,7
elle,7
or,7
published,7
more,7
john,7
eighteenth,7
university,7
alexander,7
son,7
press,7
early,7
fut,6
before,6
sources,6
written,6
vol,6
point,6
himself,6
que,6
young,6
iconography,6
mur,6
though,6
y,6
second,6
oxford,6
these,6
amour,6
appeared,6
un,6
face,6
any,6
subject,6
guiding,6
sa,5
does,5
english,5
england,5
editions,5
graham,5
shepherd,5
robert,5
beaux,5
lover,5
illustration,5
teacher,5
too,5
w,5
my,5
could,5
p,5
out,5
well,5
but,5
two,5
only,5
volume,5
lamp,5
fact,5
new,5
nicolas,5
made,5
were,5
david,5
we,5
origine,5
lines,5
bulletin,5
pour,5
while,5
role,5
between,5
should,5
now,4
runciman,4
bosse,4
tailpiece,4
trace,4
title,4
being,4
piles,4
book,4
date,4
est,4
cabinet,4
dr,4
some,4
treatise,4
cette,4
clay,4
nor,4
main,4
earlier,4
most,4
important,4
found,4
une,4
pommier,4
work,4
visage,4
identified,4
above,4
about,4
lampe,4
ne,4
same,4
luy,4
another,4
simon,4
discovered,4
so,4
amore,4
von,4
me,4
lovers,4
george,4
figure,4
seen,4
visual,4
dans,4
berger,4
detail,4
potter,4
did,4
outline,4
representation,4
shown,4
c,4
they,3
cast,3
j,3
allan,3
oval,3
available,3
tradition,3
great,3
has,3
discuss,3
representations,3
account,3
cited,3
dryden,3
letter,3
dessein,3
sherburn,3
since,3
moment,3
chez,3
elements,3
chauveau,3
entretiens,3
german,3
arm,3
nationale,3
literary,3
painters,3
fresnoy,3
came,3
based,3
cochin,3
engraver,3
engraved,3
produced,3
andre,3
enough,3
because,3
lxxxi,3
r,3
used,3
sculpture,3
sydney,3
beginnings,3
cruel,3
small,3
several,3
june,3
bergere,3
und,3
avoir,3
rome,3
sous,3
petit,3
lintot,3
inspiration,3
shepherdess,3
ancient,3
lll,3
illustrated,3
picture,3
french,3
other,3
again,3
added,3
idea,3
our,3
clarendon,3
man,3
peintres,3
seventeenth,3
doit,3
number,3
pigler,3
original,3
able,3
lantern,3
father,3
examples,3
dating,3
publication,3
him,3
after,3
poetic,3
jouin,3
mr,3
quelque,3
fils,3
joachim,3
iconographic,3
elder,3
earliest,3
darragon,3
veterum,3
grand,3
mortimer,3
text,3
know,3
natural,3
par,3
pictura,3
emblems,3
ses,3
both,3
ofpainting,3
became,3
inventions,3
copies,3
evidence,3
close,3
daughter,3
ca,3
bernard,2
o,2
antoine,2
common,2
way,2
rev,2
tres,2
separated,2
trans,2
designed,2
maney,2
library,2
drawings,2
collection,2
position,2
into,2
dibutades,2
holding,2
haskell,2
princeton,2
arms,2
charmant,2
else,2
either,2
voir,2
australia,2
long,2
statuary,2
ii,2
give,2
taken,2
plinth,2
allow,2
all,2
avec,2
together,2
subsequent,2
help,2
feature,2
fait,2
henry,2
opposite,2
within,2
case,2
unejeune,2
connell,2
histoire,2
chants,2
zur,2
possible,2
fl,2
tracing,2
say,2
classics,2
mais,2
paphos,2
roger,2
development,2
sunderland,2
charming,2
reproduced,2
maron,2
perspective,2
pierre,2
six,2
even,2
than,2
sighs,2
savage,2
interesting,2
geneva,2
whose,2
essential,2
no,2
muecke,2
ex,2
direct,2
dialogue,2
study,2
illustrations,2
allegorical,2
space,2
droz,2
romantic,2
beau,2
dated,2
bermingham,2
vies,2
teutsche,2
dibutade,2
anglois,2
artistic,2
ces,2
bibliotheque,2
iuvenis,2
photo,2
amsterdam,2
sr,2
late,2
akademie,2
aux,2
cannot,2
otherwise,2
scene,2
shape,2
addenda,2
jervas,2
goldstein,2
part,2
example,2
secret,2
tale,2
own,2
t,2
eine,2
working,2
poeme,2
capta,2
involved,2
research,2
when,2
argilla,2
correspondence,2
notes,2
faber,2
society,2
gaspard,2
f,2
matter,2
absence,2
short,2
sans,2
return,2
eminent,2
dessin,2
allen,2
still,2
make,2
vie,2
depicted,2
elaboration,2
reference,2
makes,2
god,2
us,2
neither,2
beams,2
effet,2
included,2
ils,2
teaching,2
wright,2
already,2
coeur,2
department,2
brief,2
libri,2
mentions,2
mark,2
trois,2
many,2
shows,2
larger,2
do,2
eut,2
leeds,2
model,2
less,2
irwin,2
ingenieux,2
ingenious,2
oil,2
fehl,2
previously,2
herself,2
louis,2
significant,2
pleasure,2
rare,2
mierre,2
ibid,2
prints,2
trade,2
celui,2
clue,2
revised,2
depiction,2
played,2
article,2
probably,2
macmillan,2
shaftesbury,2
wille,2
widely,2
today,2
trait,2
life,2
tableaux,2
table,2
sheila,2
supporting,2
itself,2
premier,2
aldrich,2
pl,2
contained,2
following,2
contre,2
maitre,2
der,2
dughet,2
nuremberg,2
paper,2
walpole,2
printed,2
gives,2
very,2
conduire,2
passage,2
works,2
beginning,2
abraham,2
excellens,2
forma,2
noticed,2
treatises,2
emphasis,2
presented,2
relation,2
eius,2
explication,2
mention,2
au,2
gesture,2
frances,2
francois,2
youth,2
cambridge,2
frame,2
lord,2
foxon,2
attributes,2
rudiments,2
specific,2
fdlibien,2
grace,2
portrait,2
plaisir,2
fir,1
cinq,1
horror,1
go,1
ille,1
handsome,1
currently,1
rate,1
doubts,1
page,1
autres,1
if,1
concerned,1
indicated,1
commentary,1
generous,1
revue,1
bras,1
edouard,1
unjeune,1
prolonging,1
pale,1
everyone,1
grievous,1
envieux,1
sicyon,1
extend,1
jane,1
gibelin,1
mysteries,1
thrown,1
tourniires,1
swiftly,1
flammarion,1
introduction,1
voulut,1
gem,1
kiinste,1
manuscript,1
ceuvre,1
swallow,1
scottish,1
extraordinairement,1
becoming,1
gargon,1
iliad,1
instructions,1
fate,1
pariete,1
essays,1
rogers,1
likely,1
schools,1
captivant,1
vous,1
true,1
enl,1
lors,1
larmes,1
oktober,1
easily,1
plafond,1
modern,1
wonderful,1
tomes,1
fixed,1
presents,1
turns,1
similitudines,1
biographical,1
rosemary,1
nice,1
munificenza,1
source,1
academia,1
contexts,1
henryjouin,1
round,1
said,1
painful,1
reprinted,1
mesmes,1
douter,1
wrong,1
boisclair,1
extr,1
traiti,1
car,1
ay,1
sad,1
feeling,1
might,1
humans,1
beautiful,1
restoit,1
seems,1
nature,1
departure,1
baignbe,1
bild,1
delineation,1
reach,1
shaped,1
copy,1
goodbye,1
connut,1
sicyonius,1
elegiac,1
accompanied,1
precieux,1
desire,1
graia,1
thank,1
byjames,1
fully,1
follows,1
mie,1
link,1
terrae,1
labeled,1
unto,1
last,1
rosemann,1
infinitely,1
limning,1
emphasized,1
greatly,1
keith,1
those,1
confused,1
ad,1
traits,1
british,1
spachent,1
proceed,1
rewriting,1
kunstgeschichte,1
peintre,1
dissemination,1
forthcoming,1
amorous,1
putto,1
inconnu,1
courtesy,1
historians,1
plancher,1
translations,1
settecento,1
naturel,1
right,1
march,1
avenir,1
commencement,1
e,1
marked,1
politics,1
advenisse,1
sixteenth,1
solely,1
richard,1
cliche,1
contes,1
epistle,1
combination,1
except,1
isle,1
far,1
deplore,1
aretin,1
daylight,1
copie,1
beneath,1
sweet,1
hazard,1
autre,1
puissant,1
thus,1
chapters,1
selfsame,1
includes,1
vti,1
dependence,1
hateful,1
proceeded,1
mine,1
immediate,1
illustrates,1
demanded,1
g,1
author,1
divine,1
interest,1
forgotten,1
stands,1
raises,1
lilllllllll,1
inspiring,1
bibliographer,1
comprised,1
frontispieces,1
dis,1
auswahl,1
mistakes,1
times,1
ombre,1
imprimerie,1
inspirational,1
nouveaux,1
gal,1
mechanique,1
dates,1
vfi,1
appas,1
despair,1
unskillfull,1
compare,1
find,1
torch,1
legere,1
deceased,1
spite,1
details,1
envisage,1
lejay,1
kunstverlag,1
witnesseth,1
francese,1
overestimated,1
recognized,1
likeness,1
without,1
subjected,1
gloire,1
how,1
basic,1
influential,1
hac,1
corinth,1
patronage,1
doctrine,1
knew,1
didactic,1
ills,1
active,1
goes,1
opportunity,1
pervasiveness,1
tel,1
retour,1
publisher,1
similar,1
importance,1
grew,1
lamented,1
certain,1
their,1
derived,1
suadente,1
contributions,1
assuming,1
typum,1
lucernam,1
andjoseph,1
figurae,1
summarized,1
arreste,1
precious,1
guides,1
support,1
means,1
abbatue,1
georgiana,1
lives,1
circulated,1
praise,1
latter,1
ombrage,1
fille,1
grounds,1
promptement,1
linked,1
proved,1
underlines,1
just,1
air,1
pseudoclassic,1
instrument,1
mahlerey,1
frequently,1
ecce,1
estampes,1
profile,1
cet,1
conqueror,1
yea,1
oi,1
powerful,1
surface,1
follow,1
derby,1
depart,1
plates,1
filibien,1
requires,1
mclaverty,1
back,1
guidance,1
dominant,1
m,1
suggested,1
brownell,1
cut,1
appear,1
whereas,1
ou,1
closely,1
remembered,1
encyclopedic,1
transmission,1
andor,1
appearance,1
hands,1
treatments,1
foreground,1
peine,1
wrongly,1
changed,1
iconographie,1
allegorized,1
rudolf,1
intermediary,1
franciscus,1
icelle,1
libien,1
eu,1
italiana,1
figulus,1
avoit,1
academic,1
further,1
voit,1
donner,1
furthermore,1
traced,1
understood,1
preceda,1
peregre,1
fisher,1
appears,1
inventor,1
fashionable,1
vasari,1
doesn,1
marqut,1
xiv,1
explain,1
chery,1
prayer,1
gods,1
depictions,1
plaire,1
possibility,1
memory,1
deutscher,1
fecit,1
lodovico,1
basis,1
solle,1
crushed,1
don,1
byj,1
correctly,1
island,1
marquoit,1
inferred,1
abroad,1
faire,1
paraphrase,1
appeals,1
hardned,1
crit,1
distinguish,1
heart,1
conjectured,1
future,1
unless,1
brought,1
queje,1
classicism,1
knowledge,1
guldan,1
ten,1
artem,1
surprise,1
sentant,1
whole,1
gave,1
fit,1
encor,1
festgabe,1
faint,1
people,1
seated,1
actually,1
announcing,1
hovers,1
dog,1
aimoit,1
believes,1
frobergius,1
blaev,1
liberale,1
preparation,1
tears,1
linksjunius,1
custome,1
interpreted,1
regions,1
earth,1
depicting,1
change,1
least,1
unpag,1
correct,1
estranger,1
fautes,1
bignamini,1
useful,1
heinz,1
reponses,1
suggest,1
appended,1
dictionary,1
ofart,1
poet,1
order,1
contrast,1
destiny,1
sharp,1
night,1
event,1
around,1
acadi,1
toutefois,1
sufficient,1
marquer,1
wider,1
concerns,1
munich,1
priere,1
executed,1
australian,1
leers,1
moins,1
essentially,1
modernes,1
albers,1
satirical,1
antiquit,1
always,1
fairweather,1
up,1
lui,1
universities,1
faisant,1
filling,1
describes,1
notice,1
plausible,1
beauty,1
boutades,1
provided,1
preliminary,1
academies,1
am,1
rest,1
argonaut,1
apprit,1
butades,1
bau,1
soleil,1
uncommon,1
highlights,1
situation,1
drawne,1
ventured,1
dieux,1
separation,1
wrote,1
happy,1
melbourne,1
service,1
touche,1
tempted,1
wings,1
cloud,1
dressed,1
abbreviate,1
onward,1
classic,1
hubert,1
gift,1
prove,1
leon,1
bon,1
july,1
humains,1
expanded,1
charm,1
standing,1
boy,1
retelling,1
neat,1
ziegler,1
reception,1
elmsley,1
single,1
burlington,1
omits,1
guide,1
ubiquity,1
artes,1
artegraphica,1
fois,1
criticism,1
yet,1
floods,1
interpretation,1
examined,1
dessiner,1
encore,1
happened,1
abrig,1
discussions,1
seeing,1
under,1
chronology,1
outre,1
alberti,1
home,1
light,1
lieux,1
culture,1
curiosith,1
apres,1
floor,1
si,1
al,1
afin,1
cooke,1
reprint,1
chacun,1
friend,1
double,1
chose,1
barockthemen,1
hodgkinsonne,1
sont,1
starting,1
allegria,1
fire,1
name,1
depictura,1
suit,1
accompanies,1
academy,1
pointed,1
put,1
tiny,1
missing,1
diagraphicam,1
aisle,1
artists,1
georgian,1
turner,1
preserve,1
pieds,1
designing,1
complementing,1
vainqueur,1
suivant,1
educated,1
barrell,1
classical,1
foreigner,1
associates,1
quelques,1
omitted,1
end,1
contemporary,1
doubt,1
corinthi,1
identical,1
fashion,1
disegno,1
imperfect,1
habit,1
filiae,1
divin,1
saison,1
doigts,1
forms,1
men,1
aussi,1
magistro,1
fits,1
zeichenkunst,1
painter,1
sibastien,1
estre,1
discussing,1
ancients,1
drs,1
anciens,1
seroit,1
pasle,1
renaissance,1
coloquio,1
council,1
material,1
parfait,1
perhaps,1
project,1
hamilton,1
faudroit,1
prendre,1
eiusdem,1
hovering,1
flickering,1
realize,1
casting,1
personification,1
remained,1
triste,1
analyzed,1
begrudging,1
scachent,1
blanc,1
discussion,1
inventrix,1
comprise,1
explanation,1
upon,1
accompanying,1
helps,1
inscription,1
opera,1
primus,1
composition,1
enormous,1
lumieres,1
profil,1
sofipirs,1
circumscripsit,1
irondelle,1
medium,1
ratione,1
vint,1
skeptical,1
edelinck,1
use,1
reusing,1
lettres,1
largely,1
desespoir,1
oppose,1
virtually,1
lamplight,1
traitez,1
incognito,1
nothing,1
annongoit,1
crook,1
california,1
theories,1
described,1
pattern,1
versions,1
rejected,1
dolce,1
clear,1
three,1
visualization,1
atteindre,1
se,1
invenit,1
points,1
luca,1
essay,1
erfindung,1
faces,1
interpret,1
heureux,1
barbin,1
philipp,1
like,1
ny,1
belongs,1
features,1
collected,1
ernst,1
raina,1
filled,1
alors,1
profering,1
inscribed,1
greatjourney,1
facing,1
behind,1
include,1
classicizing,1
elaborate,1
parallel,1
diese,1
feet,1
reads,1
crayon,1
stand,1
respectively,1
ann,1
effect,1
directs,1
translate,1
prevost,1
greece,1
damisch,1
widepread,1
attracted,1
morris,1
saw,1
gallimard,1
quarterly,1
doux,1
propose,1
attention,1
quibus,1
brown,1
motif,1
translator,1
separate,1
rarity,1
fingere,1
compendium,1
carried,1
nuit,1
verzeichnissen,1
recueil,1
pictorial,1
christian,1
relationship,1
beitriige,1
commentator,1
transformations,1
note,1
nobilissimaeartispictoriae,1
provide,1
recall,1
five,1
france,1
prose,1
borrowing,1
referred,1
directions,1
huisman,1
originated,1
indicate,1
remembrance,1
why,1
inspired,1
existed,1
ing,1
roma,1
centuries,1
llll,1
appergoit,1
rider,1
faut,1
duncan,1
eloignat,1
curious,1
thinking,1
destinbe,1
reprisent,1
naples,1
urinating,1
must,1
concernans,1
gravies,1
extensive,1
theme,1
supported,1
facie,1
rotterdam,1
besides,1
appealing,1
drew,1
fust,1
ont,1
rhod,1
haben,1
abeunte,1
rigueur,1
onjunius,1
berkeley,1
songeant,1
nouvelle,1
continental,1
extant,1
folger,1
each,1
rear,1
country,1
readily,1
imparfait,1
crites,1
connection,1
setting,1
seem,1
best,1
argue,1
half,1
surprised,1
ouvrages,1
sellers,1
foundation,1
fresnay,1
clearly,1
erfunden,1
ilaria,1
frilleuse,1
vivoit,1
clerc,1
franciscusjunius,1
happiness,1
puisqu,1
living,1
glory,1
hint,1
bien,1
inpressa,1
prosecute,1
according,1
unlikely,1
depicts,1
them,1
whether,1
terms,1
stedfast,1
pater,1
making,1
involvement,1
particular,1
quote,1
quae,1
interpreter,1
seconde,1
writes,1
theory,1
benoit,1
leaving,1
problem,1
loved,1
evenement,1
anglaise,1
destin,1
odieux,1
shakespeare,1
almost,1
episode,1
suggests,1
dedication,1
sofipirant,1
problbme,1
ascertain,1
size,1
soit,1
edlen,1
popular,1
portraits,1
incertaine,1
comparaison,1
ill,1
given,1
introduced,1
jahrhunderts,1
altogether,1
merveilleux,1
wording,1
trouva,1
november,1
beloved,1
sl,1
die,1
lies,1
horreur,1
beaut,1
appartient,1
poincon,1
lineis,1
budapest,1
milles,1
remarks,1
relates,1
minerva,1
come,1
eric,1
unmentioned,1
whereupon,1
until,1
spring,1
argument,1
editor,1
disseminating,1
miltenburger,1
opere,1
similarity,1
cruelle,1
zum,1
grant,1
aware,1
documentation,1
pleasing,1
although,1
touches,1
define,1
personne,1
faux,1
magerus,1
writer,1
variously,1
interwined,1
colleagues,1
defined,1
auroit,1
presenting,1
mainz,1
typology,1
umbram,1
captivating,1
cupids,1
summary,1
enclosed,1
admitting,1
modeling,1
carl,1
pioneering,1
assumed,1
posture,1
francina,1
nutt,1
clarify,1
printmaker,1
chicago,1
sits,1
amant,1
celuy,1
little,1
much,1
battista,1
charmes,1
among,1
ends,1
here,1
recent,1
charms,1
building,1
showed,1
hans,1
occur,1
boulle,1
hypothesis,1
